run_id,asof,ticker,pattern,pattern_state,final_score,trend,geometry,compression,sr_quality,volume,readiness,risk,market,liquidity,comp_trend,comp_geometry,comp_compression,comp_sr,comp_volume,comp_readiness,comp_risk,comp_market,comp_liquidity,veto_triggered,veto_reasons,price,trigger,invalid_below,measured_move_target,features_json,note,ret_1h,ret_eod,ret_1d,ret_3d,ret_5d,max_dd_5d,max_fav_5d,touched_invalid_5d,post_hoc_tag
20260515T180739Z-ad8508,2026-05-15T18:07:39.795834+00:00,RBRK,double_bottom,setup,62.1,87.1,65.2,68.1,43.9,29.2,57.5,50.3,84.0,94.0,13.06,16.31,5.45,6.14,3.79,4.6,3.02,5.04,4.7,False,,64.27,63.9,58.4302,68.48,"{""trend"":{""T1_ema_stack"":{""value"":[true,true,false],""score"":66.66666666666666},""T2_ema50_slope"":{""value"":0.18691768432965097,""score"":81.15294738827517},""T3_high_proximity"":{""value"":1.0,""score"":99.99999999999997},""T4_rs_1m"":{""value"":0.17903482166406826,""score"":100},""T5_rs_3m"":{""value"":0.08892222494476765,""score"":94.46111247238383},""T6_adr_healthy"":{""value"":4.481246928791656,""score"":100.0},""_score"":87.07},""geometry"":{""sub_low_similarity"":19.4,""sub_bounce_quality"":67.4,""sub_separation_fit"":100.0,""sub_right_bottom_reaction"":72.9,""sub_base_context"":100.0,""_score"":65.23},""compression"":{""VC1_atr_ratio"":{""value"":0.49827115230347185,""score"":100},""VC2_range_contraction"":{""value"":0.7569510501465787,""score"":40.50815830890355},""VC3_range_pct_rank"":{""score"":55.833333333333336},""_score"":68.14},""sr_quality"":{""SR1_touches"":{""value"":2,""score"":25.0},""SR2_tightness"":{""value"":0.11020000000000252,""score"":92.36364266322153},""SR3_recency"":{""value"":269,""score"":0.0},""SR4_price_location"":{""score"":30.0},""SR5_reaction"":{""value"":2.3093397877084754,""score"":100},""_score"":43.85,""_levels_found"":3,""_target_level"":58.0502},""volume"":{""V1_rvol_day"":{""value"":0.44992834766471124,""score"":0},""V2_rvol_sameslot"":{""value"":1.1921071065186075,""score"":46.14047376790717,""status"":""ok""},""V3_breakout_bar"":{""value"":0.8221523019486118,""score"":21.476820129907452},""V4_base_dryup"":{""value"":0.772063540874143,""score"":72.7936459125857},""V5_bo_expansion"":{""value"":0.44992834766471135,""score"":0},""_score"":29.16},""readiness"":{""_distance_atr"":-0.128,""BR1_atr_distance"":{""score"":100.0},""BR2_compression"":{""score"":0},""BR3_retest"":{""score"":50.0},""BR4_bo_age"":{""score"":50.0},""_score"":57.5},""risk"":{""R1_stop_clarity"":{""score"":38.34091870902589},""R2_stop_distance_pct"":{""value"":9.086354442196978,""score"":72.84113894507556},""R3_stop_distance_atr"":{""value"":2.0233575124917396,""score"":100.0},""R4_rr_potential"":{""value"":0.7209150998321854,""score"":0.0},""_score"":50.27},""market"":{""M1_spy_regime"":{""score"":100.0},""M3_earnings_risk"":{""value"":null,""score"":80.0},""M4_vix"":{""value"":null,""score"":60.0},""_score"":84.0},""liquidity"":{""L1_price"":{""value"":64.27,""score"":100.0},""L2_dollar_vol"":{""value"":82634141.25750305,""score"":95.85797591097598},""L3_spread_proxy"":{""value"":0.04372179866189506,""score"":56.27820133810494},""L4_volume_zscore"":{""value"":-2.163192207228502,""score"":100.0},""_score"":93.97},""pattern_structure"":{""left_low"":59.32,""left_idx"":46,""right_low"":61.76,""right_idx"":76,""separation_bars"":30,""structural_low"":59.32,""current_price"":64.0701,""neckline_distance_pct"":-0.002654904549860199,""base_bars"":30},""pattern_geometry_features"":{""low_similarity_pct"":0.04030393128510072,""bounce_pct"":0.0772083614295347,""right_bottom_reaction"":0.7289719626168233,""atr_pct"":0.044907310675943},""_schema_version"":""1.0""}",,,,,,,,,,
20260515T180739Z-ad8508,2026-05-15T18:07:39.795834+00:00,INOD,double_bottom,candidate,61.94,92.2,95.9,3.1,47.3,3.9,59.6,40.9,84.0,90.0,13.83,23.96,0.25,6.62,0.51,4.77,2.46,5.04,4.5,False,,96.085,98.0,84.055,110.665,"{""trend"":{""T1_ema_stack"":{""value"":[true,true,true],""score"":100.0},""T2_ema50_slope"":{""value"":0.41008444986404347,""score"":100},""T3_high_proximity"":{""value"":0.925406915149764,""score"":62.703457574881995},""T4_rs_1m"":{""value"":1.1545658395430045,""score"":100},""T5_rs_3m"":{""value"":1.0753011647188597,""score"":100},""T6_adr_healthy"":{""value"":9.790377976327393,""score"":55.240550591815165},""_score"":92.17},""geometry"":{""sub_low_similarity"":95.0,""sub_bounce_quality"":100,""sub_separation_fit"":100.0,""sub_right_bottom_reaction"":82.4,""sub_base_context"":100.0,""_score"":95.86},""compression"":{""VC1_atr_ratio"":{""value"":1.7451786389715875,""score"":0},""VC2_range_contraction"":{""value"":2.192592551926384,""score"":0},""VC3_range_pct_rank"":{""score"":12.5},""_score"":3.12},""sr_quality"":{""SR1_touches"":{""value"":4,""score"":75.0},""SR2_tightness"":{""value"":2.3074282220688924,""score"":58.017481426476245},""SR3_recency"":{""value"":298,""score"":0.0},""SR4_price_location"":{""score"":30.0},""SR5_reaction"":{""value"":1.1494379697342438,""score"":57.47189848671219},""_score"":47.32,""_levels_found"":4,""_target_level"":64.725},""volume"":{""V1_rvol_day"":{""value"":0.5316359202257779,""score"":2.1090613483851923},""V2_rvol_sameslot"":{""value"":0.7615676644471768,""score"":17.437844296478456,""status"":""ok""},""V3_breakout_bar"":{""value"":0.48747582781635235,""score"":0},""V4_base_dryup"":{""value"":4.874054411426034,""score"":0},""V5_bo_expansion"":{""value"":0.5316359202257779,""score"":0},""_score"":3.91},""readiness"":{""_distance_atr"":0.174,""BR1_atr_distance"":{""score"":88.38583979928198},""BR2_compression"":{""score"":27.126213186884517},""BR3_retest"":{""score"":50.0},""BR4_bo_age"":{""score"":50.0},""_score"":59.64},""risk"":{""R1_stop_clarity"":{""score"":76.71057637975355},""R2_stop_distance_pct"":{""value"":12.520190456366754,""score"":0.0},""R3_stop_distance_atr"":{""value"":1.0944018608509842,""score"":79.72009304254921},""R4_rr_potential"":{""value"":1.21196755617715,""score"":10.598377808857496},""_score"":40.93},""market"":{""M1_spy_regime"":{""score"":100.0},""M3_earnings_risk"":{""value"":null,""score"":80.0},""M4_vix"":{""value"":null,""score"":60.0},""_score"":84.0},""liquidity"":{""L1_price"":{""value"":96.085,""score"":100.0},""L2_dollar_vol"":{""value"":144460713.7767394,""score"":100.0},""L3_spread_proxy"":{""value"":0.11458604360722283,""score"":0},""L4_volume_zscore"":{""value"":-0.2923829060132059,""score"":100.0},""_score"":90.0},""pattern_structure"":{""left_low"":85.335,""left_idx"":64,""right_low"":85.55,""right_idx"":76,""separation_bars"":12,""structural_low"":85.335,""current_price"":96.01,""neckline_distance_pct"":0.020727007603374595,""base_bars"":12},""pattern_geometry_features"":{""low_similarity_pct"":0.002516312139743142,""bounce_pct"":0.14841507001816379,""right_bottom_reaction"":0.8244503311258293,""atr_pct"":0.11440213055404815},""_schema_version"":""1.0""}",,,,,,,,,,
20260515T180739Z-ad8508,2026-05-15T18:07:39.795834+00:00,APPF,breakout_retest_hold,setup,57.79,12.0,93.8,56.9,45.9,22.4,73.2,57.8,84.0,81.4,1.68,20.65,3.41,6.43,2.91,13.18,2.89,4.2,2.44,False,,153.19,152.85,149.9949,155.53,"{""trend"":{""T1_ema_stack"":{""value"":[false,false,false],""score"":0.0},""T2_ema50_slope"":{""value"":-0.09302159451324371,""score"":34.49640091445938},""T3_high_proximity"":{""value"":0.8013286603546582,""score"":0.6643301773290866},""T4_rs_1m"":{""value"":-0.07136909902301469,""score"":0},""T5_rs_3m"":{""value"":-0.23062271554211078,""score"":0},""T6_adr_healthy"":{""value"":4.281254267705008,""score"":100.0},""_score"":12.0},""geometry"":{""sub_retest_depth"":100.0,""sub_retest_timing"":100.0,""sub_retest_freshness"":100.0,""sub_hold_quality"":79.5,""_score"":93.85},""compression"":{""VC1_atr_ratio"":{""value"":0.4907844743757034,""score"":100},""VC2_range_contraction"":{""value"":0.9288618847679143,""score"":11.856352538680948},""VC3_range_pct_rank"":{""score"":50.83333333333333},""_score"":56.86},""sr_quality"":{""SR1_touches"":{""value"":3,""score"":50.0},""SR2_tightness"":{""value"":1.5616871218866646,""score"":58.35725601501455},""SR3_recency"":{""value"":235,""score"":0.0},""SR4_price_location"":{""score"":28.742297321285083},""SR5_reaction"":{""value"":2.9865055944649375,""score"":100},""_score"":45.94,""_levels_found"":6,""_target_level"":161.62},""volume"":{""V1_rvol_day"":{""value"":0.32403314629822905,""score"":0},""V2_rvol_sameslot"":{""value"":0.6386229589023686,""score"":9.241530593491243,""status"":""ok""},""V3_breakout_bar"":{""value"":0.8252217665723992,""score"":21.681451104826614},""V4_base_dryup"":{""value"":0.7443869120166513,""score"":75.56130879833486},""V5_bo_expansion"":{""value"":0.3240331462982291,""score"":0},""_score"":22.38},""readiness"":{""_distance_atr"":-0.045,""BR1_atr_distance"":{""score"":100.0},""BR2_compression"":{""score"":0},""BR3_retest"":{""score"":91.06714844512717},""BR4_bo_age"":{""score"":100.0},""_score"":73.21},""risk"":{""R1_stop_clarity"":{""score"":59.59951226630539},""R2_stop_distance_pct"":{""value"":2.0857105555192876,""score"":100.0},""R3_stop_distance_atr"":{""value"":0.4259903582533443,""score"":46.29951791266722},""R4_rr_potential"":{""value"":0.7323714437732797,""score"":0.0},""_score"":57.8},""market"":{""M1_spy_regime"":{""score"":100.0},""M3_earnings_risk"":{""value"":null,""score"":80.0},""M4_vix"":{""value"":null,""score"":60.0},""_score"":84.0},""liquidity"":{""L1_price"":{""value"":153.19,""score"":100.0},""L2_dollar_vol"":{""value"":17591261.27506254,""score"":62.264848951731146},""L3_spread_proxy"":{""value"":0.03511848031855858,""score"":64.88151968144142},""L4_volume_zscore"":{""value"":-1.5062023138104548,""score"":100.0},""_score"":81.39},""pattern_structure"":{""level"":152.85,""level_idx"":68,""breakout_idx"":76,""bo_peak_idx"":76,""bo_peak_price"":155.3399,""retest_idx"":78,""retest_low"":151.51,""structural_low"":151.51,""current_price"":152.94,""neckline_distance_pct"":-0.0005884660651236001,""base_bars"":11,""bars_since_breakout"":3},""pattern_geometry_features"":{""retest_depth_atr"":0.5335963314740239,""bars_breakout_to_retest"":2.0,""bars_since_retest"":1.0,""current_above_level_atr"":0.03583855957661481,""bo_peak_excess_pct"":0.016289826627412535,""atr_pct"":0.04896144983354006},""_schema_version"":""1.0""}",,,,,,,,,,
20260515T180739Z-ad8508,2026-05-15T18:07:39.795834+00:00,NTSK,double_bottom,forming,57.42,51.5,78.3,55.6,66.6,5.8,45.1,50.9,84.0,78.0,7.72,19.58,4.45,9.33,0.75,3.61,3.06,5.04,3.9,False,,11.285,11.72,10.1061,13.18,"{""trend"":{""T1_ema_stack"":{""value"":[true,false,false],""score"":33.33333333333333},""T2_ema50_slope"":{""value"":-0.022487828818675434,""score"":46.25202853022076},""T3_high_proximity"":{""value"":0.918226200162734,""score"":59.113100081367},""T4_rs_1m"":{""value"":0.13962854118528623,""score"":100},""T5_rs_3m"":{""value"":-0.14014602133047616,""score"":0},""T6_adr_healthy"":{""value"":5.785554140480084,""score"":100.0},""_score"":51.45},""geometry"":{""sub_low_similarity"":86.3,""sub_bounce_quality"":100,""sub_separation_fit"":0.0,""sub_right_bottom_reaction"":82.9,""sub_base_context"":100.0,""_score"":78.33},""compression"":{""VC1_atr_ratio"":{""value"":0.5512751580869477,""score"":100},""VC2_range_contraction"":{""value"":1.0489223614157184,""score"":0},""VC3_range_pct_rank"":{""score"":62.5},""_score"":55.62},""sr_quality"":{""SR1_touches"":{""value"":3,""score"":50.0},""SR2_tightness"":{""value"":0.11897712198383131,""score"":62.88220281058399},""SR3_recency"":{""value"":51,""score"":65.0},""SR4_price_location"":{""score"":69.73018549747049},""SR5_reaction"":{""value"":3.3615224342904253,""score"":100},""_score"":66.61,""_levels_found"":4,""_target_level"":11.8833},""volume"":{""V1_rvol_day"":{""value"":0.3759530089554883,""score"":0},""V2_rvol_sameslot"":{""value"":0.7120432988139588,""score"":14.136219920930584,""status"":""ok""},""V3_breakout_bar"":{""value"":0.6766670400162521,""score"":11.77780266775014},""V4_base_dryup"":{""value"":1.7384540155334953,""score"":0},""V5_bo_expansion"":{""value"":0.3759530089554883,""score"":0},""_score"":5.77},""readiness"":{""_distance_atr"":0.679,""BR1_atr_distance"":{""score"":54.763735223005824},""BR2_compression"":{""score"":22.659672507190642},""BR3_retest"":{""score"":50.0},""BR4_bo_age"":{""score"":50.0},""_score"":45.07},""risk"":{""R1_stop_clarity"":{""score"":51.98716448841792},""R2_stop_distance_pct"":{""value"":10.446610544971206,""score"":38.83473637571986},""R3_stop_distance_atr"":{""value"":1.8389321567447723,""score"":100.0},""R4_rr_potential"":{""value"":1.6074306556959883,""score"":30.371532784799417},""_score"":50.92},""market"":{""M1_spy_regime"":{""score"":100.0},""M3_earnings_risk"":{""value"":null,""score"":80.0},""M4_vix"":{""value"":null,""score"":60.0},""_score"":84.0},""liquidity"":{""L1_price"":{""value"":11.285,""score"":100.0},""L2_dollar_vol"":{""value"":14430958.096148314,""score"":57.964758280445274},""L3_spread_proxy"":{""value"":0.05228178998670801,""score"":47.718210013291994},""L4_volume_zscore"":{""value"":-1.528958813228119,""score"":100.0},""_score"":77.96},""pattern_structure"":{""left_low"":10.3307,""left_idx"":22,""right_low"":10.26,""right_idx"":70,""separation_bars"":48,""structural_low"":10.26,""current_price"":11.215,""neckline_distance_pct"":0.045028979045920715,""base_bars"":48},""pattern_geometry_features"":{""low_similarity_pct"":0.006867177900702787,""bounce_pct"":0.14230019493177395,""right_bottom_reaction"":0.8285714285714274,""atr_pct"":0.056808025824419274},""_schema_version"":""1.0""}",,,,,,,,,,
20260515T180739Z-ad8508,2026-05-15T18:07:39.795834+00:00,APP,double_bottom,forming,56.3,74.8,54.7,41.1,53.5,31.8,50.5,44.2,84.0,94.8,11.22,13.68,3.29,7.49,4.14,4.04,2.65,5.04,4.74,False,,499.155,512.6899,443.5654,575.0596,"{""trend"":{""T1_ema_stack"":{""value"":[true,true,false],""score"":66.66666666666666},""T2_ema50_slope"":{""value"":0.09726666354429359,""score"":66.2111105907156},""T3_high_proximity"":{""value"":0.9650542311930862,""score"":82.52711559654308},""T4_rs_1m"":{""value"":0.012586760848811274,""score"":62.586760848811274},""T5_rs_3m"":{""value"":0.1888192654881926,""score"":100},""T6_adr_healthy"":{""value"":5.71943940275737,""score"":100.0},""_score"":74.81},""geometry"":{""sub_low_similarity"":16.1,""sub_bounce_quality"":100,""sub_separation_fit"":20.0,""sub_right_bottom_reaction"":46.0,""sub_base_context"":100.0,""_score"":54.73},""compression"":{""VC1_atr_ratio"":{""value"":0.7197825735248938,""score"":70.05435661877654},""VC2_range_contraction"":{""value"":1.2141745093885696,""score"":0},""VC3_range_pct_rank"":{""score"":52.5},""_score"":41.15},""sr_quality"":{""SR1_touches"":{""value"":3,""score"":50.0},""SR2_tightness"":{""value"":4.717515871962939,""score"":68.23634150087234},""SR3_recency"":{""value"":230,""score"":0.0},""SR4_price_location"":{""score"":53.07576558965891},""SR5_reaction"":{""value"":2.292293769768556,""score"":100},""_score"":53.5,""_levels_found"":6,""_target_level"":514.03},""volume"":{""V1_rvol_day"":{""value"":0.6704247774300888,""score"":11.361651828672585},""V2_rvol_sameslot"":{""value"":1.2243717390935303,""score"":48.291449272902014,""status"":""ok""},""V3_breakout_bar"":{""value"":0.6745755796445938,""score"":11.638371976306255},""V4_base_dryup"":{""value"":0.6503677773076538,""score"":84.96322226923462},""V5_bo_expansion"":{""value"":0.6704247774300888,""score"":0},""_score"":31.83},""readiness"":{""_distance_atr"":0.456,""BR1_atr_distance"":{""score"":69.62257587198073},""BR2_compression"":{""score"":20.807192192604703},""BR3_retest"":{""score"":50.0},""BR4_bo_age"":{""score"":50.0},""_score"":50.55},""risk"":{""R1_stop_clarity"":{""score"":54.51901773218497},""R2_stop_distance_pct"":{""value"":11.136741693461943,""score"":21.58145766345143},""R3_stop_distance_atr"":{""value"":1.871460757862133,""score"":100.0},""R4_rr_potential"":{""value"":1.3654459809687798,""score"":18.272299048438988},""_score"":44.21},""market"":{""M1_spy_regime"":{""score"":100.0},""M3_earnings_risk"":{""value"":null,""score"":80.0},""M4_vix"":{""value"":null,""score"":60.0},""_score"":84.0},""liquidity"":{""L1_price"":{""value"":499.155,""score"":100.0},""L2_dollar_vol"":{""value"":1532829497.5745707,""score"":100.0},""L3_spread_proxy"":{""value"":0.05218799771614024,""score"":47.81200228385976},""L4_volume_zscore"":{""value"":-0.6098973660002436,""score"":100.0},""_score"":94.78},""pattern_structure"":{""left_low"":469.62,""left_idx"":28,""right_low"":450.3202,""right_idx"":70,""separation_bars"":42,""structural_low"":450.3202,""current_price"":499.03,""neckline_distance_pct"":0.027372903432659346,""base_bars"":42},""pattern_geometry_features"":{""low_similarity_pct"":0.04195881427944991,""bounce_pct"":0.13850078233221597,""right_bottom_reaction"":0.4602670167014964,""atr_pct"":0.05950828328446503},""_schema_version"":""1.0""}",,,,,,,,,,
20260515T180739Z-ad8508,2026-05-15T18:07:39.795834+00:00,INOD,bull_flag,forming,55.36,92.2,78.0,3.1,47.3,3.9,24.3,58.8,84.0,90.0,12.9,23.4,0.28,4.73,0.55,2.19,1.76,5.04,4.5,False,,96.085,114.77,84.055,185.88,"{""trend"":{""T1_ema_stack"":{""value"":[true,true,true],""score"":100.0},""T2_ema50_slope"":{""value"":0.41008444986404347,""score"":100},""T3_high_proximity"":{""value"":0.925406915149764,""score"":62.703457574881995},""T4_rs_1m"":{""value"":1.1545658395430045,""score"":100},""T5_rs_3m"":{""value"":1.0753011647188597,""score"":100},""T6_adr_healthy"":{""value"":9.790377976327393,""score"":55.240550591815165},""_score"":92.17},""geometry"":{""sub_pole_impulse"":100.0,""sub_flag_tightness"":76.3,""sub_flag_shallowness"":68.5,""sub_flag_drift"":84.9,""sub_flag_duration"":25.0,""_score"":78.01},""compression"":{""VC1_atr_ratio"":{""value"":1.7451786389715875,""score"":0},""VC2_range_contraction"":{""value"":2.192592551926384,""score"":0},""VC3_range_pct_rank"":{""score"":12.5},""_score"":3.12},""sr_quality"":{""SR1_touches"":{""value"":4,""score"":75.0},""SR2_tightness"":{""value"":2.3074282220688924,""score"":58.017481426476245},""SR3_recency"":{""value"":298,""score"":0.0},""SR4_price_location"":{""score"":30.0},""SR5_reaction"":{""value"":1.1494379697342438,""score"":57.47189848671219},""_score"":47.32,""_levels_found"":4,""_target_level"":64.725},""volume"":{""V1_rvol_day"":{""value"":0.5316359202257779,""score"":2.1090613483851923},""V2_rvol_sameslot"":{""value"":0.7615676644471768,""score"":17.437844296478456,""status"":""ok""},""V3_breakout_bar"":{""value"":0.48747582781635235,""score"":0},""V4_base_dryup"":{""value"":2.8429816704264583,""score"":0},""V5_bo_expansion"":{""value"":0.5316359202257779,""score"":0},""_score"":3.91},""readiness"":{""_distance_atr"":1.7,""BR1_atr_distance"":{""score"":0},""BR2_compression"":{""score"":27.126213186884517},""BR3_retest"":{""score"":50.0},""BR4_bo_age"":{""score"":50.0},""_score"":24.28},""risk"":{""R1_stop_clarity"":{""score"":76.71057637975355},""R2_stop_distance_pct"":{""value"":12.520190456366754,""score"":0.0},""R3_stop_distance_atr"":{""value"":1.0944018608509842,""score"":79.72009304254921},""R4_rr_potential"":{""value"":7.4642405148784015,""score"":100.0},""_score"":58.81},""market"":{""M1_spy_regime"":{""score"":100.0},""M3_earnings_risk"":{""value"":null,""score"":80.0},""M4_vix"":{""value"":null,""score"":60.0},""_score"":84.0},""liquidity"":{""L1_price"":{""value"":96.085,""score"":100.0},""L2_dollar_vol"":{""value"":144460713.7767394,""score"":100.0},""L3_spread_proxy"":{""value"":0.11458604360722283,""score"":0},""L4_volume_zscore"":{""value"":-0.2923829060132059,""score"":100.0},""_score"":90.0},""pattern_structure"":{""pole_low"":43.66,""pole_low_idx"":12,""peak_price"":114.77,""peak_idx"":33,""pole_gain"":1.6287219422812644,""flag_bars"":26,""flag_low"":85.335,""flag_high"":111.96,""structural_low"":85.335,""current_price"":96.01,""neckline_distance_pct"":0.19539631288407447,""base_bars"":26},""pattern_geometry_features"":{""pole_gain"":1.6287219422812644,""pullback_pct"":0.25646946066045134,""flag_range_pct"":0.23198571055153785,""flag_drift_per_bar"":-0.003020704574042761,""atr_pct"":0.11440213055404815,""pole_atr_multiple"":14.236814772534249},""_schema_version"":""1.0""}",,,,,,,,,,
20260515T180739Z-ad8508,2026-05-15T18:07:39.795834+00:00,SNOW,double_bottom,setup,55.32,37.5,76.2,52.4,46.2,23.3,57.5,44.1,84.0,93.2,5.62,19.05,4.19,6.47,3.03,4.6,2.65,5.04,4.66,False,,158.475,157.0,142.3128,169.52,"{""trend"":{""T1_ema_stack"":{""value"":[true,false,false],""score"":33.33333333333333},""T2_ema50_slope"":{""value"":-0.3363952612792898,""score"":0},""T3_high_proximity"":{""value"":0.8667414132574929,""score"":33.37070662874642},""T4_rs_1m"":{""value"":0.0456162682250667,""score"":95.6162682250667},""T5_rs_3m"":{""value"":-0.21990640646159076,""score"":0},""T6_adr_healthy"":{""value"":4.612626985456351,""score"":100.0},""_score"":37.46},""geometry"":{""sub_low_similarity"":37.5,""sub_bounce_quality"":80.9,""sub_separation_fit"":100.0,""sub_right_bottom_reaction"":91.9,""sub_base_context"":100.0,""_score"":76.22},""compression"":{""VC1_atr_ratio"":{""value"":0.4102884525222288,""score"":100},""VC2_range_contraction"":{""value"":0.8339066746127305,""score"":27.682220897878253},""VC3_range_pct_rank"":{""score"":10.833333333333329},""_score"":52.4},""sr_quality"":{""SR1_touches"":{""value"":3,""score"":50.0},""SR2_tightness"":{""value"":0.13097921802926532,""score"":96.65043853080027},""SR3_recency"":{""value"":269,""score"":0.0},""SR4_price_location"":{""score"":6.968320418039786},""SR5_reaction"":{""value"":3.044066630437927,""score"":100},""_score"":46.24,""_levels_found"":6,""_target_level"":184.5867},""volume"":{""V1_rvol_day"":{""value"":0.7044105867917702,""score"":13.627372452784678},""V2_rvol_sameslot"":{""value"":1.2118582922348253,""score"":47.45721948232169,""status"":""ok""},""V3_breakout_bar"":{""value"":0.9263905317927662,""score"":28.426035452851078},""V4_base_dryup"":{""value"":1.2997713002513749,""score"":20.022869974862516},""V5_bo_expansion"":{""value"":0.70441058679177,""score"":0},""_score"":23.33},""readiness"":{""_distance_atr"":-0.189,""BR1_atr_distance"":{""score"":100.0},""BR2_compression"":{""score"":0},""BR3_retest"":{""score"":50.0},""BR4_bo_age"":{""score"":50.0},""_score"":57.5},""risk"":{""R1_stop_clarity"":{""score"":44.57769923143292},""R2_stop_distance_pct"":{""value"":10.198580217699961,""score"":45.035494557500975},""R3_stop_distance_atr"":{""value"":2.066598166947518,""score"":100.0},""R4_rr_potential"":{""value"":0.6833846877281563,""score"":0.0},""_score"":44.11},""market"":{""M1_spy_regime"":{""score"":100.0},""M3_earnings_risk"":{""value"":null,""score"":80.0},""M4_vix"":{""value"":null,""score"":60.0},""_score"":84.0},""liquidity"":{""L1_price"":{""value"":158.475,""score"":100.0},""L2_dollar_vol"":{""value"":753164447.480808,""score"":100.0},""L3_spread_proxy"":{""value"":0.06789714466004114,""score"":32.102855339958865},""L4_volume_zscore"":{""value"":-0.7858850726745604,""score"":100.0},""_score"":93.21},""pattern_structure"":{""left_low"":144.48,""left_idx"":46,""right_low"":149.07,""right_idx"":76,""separation_bars"":30,""structural_low"":144.48,""current_price"":159.1,""neckline_distance_pct"":-0.013199245757385257,""base_bars"":30},""pattern_geometry_features"":{""low_similarity_pct"":0.031272355646397576,""bounce_pct"":0.08665559246954603,""right_bottom_reaction"":0.9186633039092044,""atr_pct"":0.0493496044892164},""_schema_version"":""1.0""}",,,,,,,,,,
20260515T180739Z-ad8508,2026-05-15T18:07:39.795834+00:00,QBTS,double_bottom,forming,55.01,42.3,73.7,36.2,62.5,15.9,24.1,80.4,84.0,94.9,6.34,18.42,2.9,8.74,2.07,1.93,4.83,5.04,4.75,False,,20.64,24.78,19.897,29.36,"{""trend"":{""T1_ema_stack"":{""value"":[false,true,false],""score"":33.33333333333333},""T2_ema50_slope"":{""value"":0.39186891842509863,""score"":100},""T3_high_proximity"":{""value"":0.8589263420724095,""score"":29.463171036204717},""T4_rs_1m"":{""value"":-0.09924666698525975,""score"":0},""T5_rs_3m"":{""value"":-0.03994925064443411,""score"":30.025374677782946},""T6_adr_healthy"":{""value"":7.9794752905635615,""score"":100.0},""_score"":42.26},""geometry"":{""sub_low_similarity"":84.2,""sub_bounce_quality"":100,""sub_separation_fit"":0.0,""sub_right_bottom_reaction"":56.2,""sub_base_context"":100.0,""_score"":73.69},""compression"":{""VC1_atr_ratio"":{""value"":0.8604747617393018,""score"":34.88130956517455},""VC2_range_contraction"":{""value"":1.1282973351614172,""score"":0},""VC3_range_pct_rank"":{""score"":89.16666666666666},""_score"":36.24},""sr_quality"":{""SR1_touches"":{""value"":3,""score"":50.0},""SR2_tightness"":{""value"":0.15518731334172292,""score"":83.4695458335017},""SR3_recency"":{""value"":279,""score"":0.0},""SR4_price_location"":{""score"":79.73204126966927},""SR5_reaction"":{""value"":2.836628459184695,""score"":100},""_score"":62.45,""_levels_found"":5,""_target_level"":21.5129},""volume"":{""V1_rvol_day"":{""value"":0.5441685718075119,""score"":2.9445714538341257},""V2_rvol_sameslot"":{""value"":0.6670925593195363,""score"":11.13950395463575,""status"":""ok""},""V3_breakout_bar"":{""value"":0.46240984883839925,""score"":0},""V4_base_dryup"":{""value"":0.8455549261956476,""score"":65.44450738043523},""V5_bo_expansion"":{""value"":0.5441685718075119,""score"":0},""_score"":15.91},""readiness"":{""_distance_atr"":2.205,""BR1_atr_distance"":{""score"":0},""BR2_compression"":{""score"":26.560721541875743},""BR3_retest"":{""score"":50.0},""BR4_bo_age"":{""score"":50.0},""_score"":24.14},""risk"":{""R1_stop_clarity"":{""score"":67.72463222286886},""R2_stop_distance_pct"":{""value"":3.5998062015503978,""score"":100.0},""R3_stop_distance_atr"":{""value"":0.39571944320806,""score"":44.785972160403},""R4_rr_potential"":{""value"":11.736204576043038,""score"":100.0},""_score"":80.42},""market"":{""M1_spy_regime"":{""score"":100.0},""M3_earnings_risk"":{""value"":null,""score"":80.0},""M4_vix"":{""value"":null,""score"":60.0},""_score"":84.0},""liquidity"":{""L1_price"":{""value"":20.64,""score"":100.0},""L2_dollar_vol"":{""value"":308897401.38906,""score"":100.0},""L3_spread_proxy"":{""value"":0.05087209302325585,""score"":49.12790697674415},""L4_volume_zscore"":{""value"":-1.4100758930744013,""score"":100.0},""_score"":94.91},""pattern_structure"":{""left_low"":20.36,""left_idx"":28,""right_low"":20.2,""right_idx"":76,""separation_bars"":48,""structural_low"":20.2,""current_price"":20.66,""neckline_distance_pct"":0.19941916747337857,""base_bars"":48},""pattern_geometry_features"":{""low_similarity_pct"":0.00788954635108482,""bounce_pct"":0.22673267326732682,""right_bottom_reaction"":0.5619047619047614,""atr_pct"":0.09096864617940201},""_schema_version"":""1.0""}",,,,,,,,,,
20260515T180739Z-ad8508,2026-05-15T18:07:39.795834+00:00,HQY,double_bottom,forming,55.0,53.0,66.0,81.8,62.2,51.1,38.2,55.7,84.0,89.5,7.95,16.49,6.54,8.71,6.64,3.06,3.34,5.04,4.47,True,risk_unclear,82.55,84.98,79.7554,88.99,"{""trend"":{""T1_ema_stack"":{""value"":[true,true,false],""score"":66.66666666666666},""T2_ema50_slope"":{""value"":0.001159195672725962,""score"":50.19319927878766},""T3_high_proximity"":{""value"":0.9562145256573613,""score"":78.10726282868063},""T4_rs_1m"":{""value"":-0.08177811025543913,""score"":0},""T5_rs_3m"":{""value"":0.028089537161620992,""score"":64.0447685808105},""T6_adr_healthy"":{""value"":3.4278757799315054,""score"":100.0},""_score"":53.03},""geometry"":{""sub_low_similarity"":89.2,""sub_bounce_quality"":27.9,""sub_separation_fit"":0.0,""sub_right_bottom_reaction"":90.7,""sub_base_context"":100.0,""_score"":65.95},""compression"":{""VC1_atr_ratio"":{""value"":0.34995323735492134,""score"":100},""VC2_range_contraction"":{""value"":0.6766174971533119,""score"":53.89708380778136},""VC3_range_pct_rank"":{""score"":91.66666666666666},""_score"":81.78},""sr_quality"":{""SR1_touches"":{""value"":3,""score"":50.0},""SR2_tightness"":{""value"":0.46415394955648664,""score"":60.40317782319684},""SR3_recency"":{""value"":265,""score"":0.0},""SR4_price_location"":{""score"":92.57653752370658},""SR5_reaction"":{""value"":2.728061195472897,""score"":100},""_score"":62.2,""_levels_found"":8,""_target_level"":82.7783},""volume"":{""V1_rvol_day"":{""value"":0.5263918336711343,""score"":1.7594555780756194},""V2_rvol_sameslot"":{""value"":2.168429354711347,""score"":100,""status"":""ok""},""V3_breakout_bar"":{""value"":1.6596691912215649,""score"":77.311279414771},""V4_base_dryup"":{""value"":0.9294142314139741,""score"":57.05857685860259},""V5_bo_expansion"":{""value"":0.5263918336711343,""score"":0},""_score"":51.09},""readiness"":{""_distance_atr"":1.037,""BR1_atr_distance"":{""score"":30.899163965193466},""BR2_compression"":{""score"":33.36268517070864},""BR3_retest"":{""score"":50.0},""BR4_bo_age"":{""score"":50.0},""_score"":38.2},""risk"":{""R1_stop_clarity"":{""score"":0},""R2_stop_distance_pct"":{""value"":3.3852816474863734,""score"":100.0},""R3_stop_distance_atr"":{""value"":1.192010749018939,""score"":84.60053745094696},""R4_rr_potential"":{""value"":2.304485516451668,""score"":65.22427582258341},""_score"":55.73},""market"":{""M1_spy_regime"":{""score"":100.0},""M3_earnings_risk"":{""value"":null,""score"":80.0},""M4_vix"":{""value"":null,""score"":60.0},""_score"":84.0},""liquidity"":{""L1_price"":{""value"":82.55,""score"":100.0},""L2_dollar_vol"":{""value"":36665640.3009832,""score"":78.21296367939432},""L3_spread_proxy"":{""value"":0.017987886129618366,""score"":82.01211387038163},""L4_volume_zscore"":{""value"":-1.5697672301112622,""score"":100.0},""_score"":89.49},""pattern_structure"":{""left_low"":81.41,""left_idx"":22,""right_low"":80.97,""right_idx"":70,""separation_bars"":48,""structural_low"":80.97,""current_price"":82.685,""neckline_distance_pct"":0.027755941222712726,""base_bars"":48},""pattern_geometry_features"":{""low_similarity_pct"":0.005419386623968441,""bounce_pct"":0.04952451525256274,""right_bottom_reaction"":0.9074074074074125,""atr_pct"":0.028399757722592373},""_schema_version"":""1.0""}",,,,,,,,,,
20260515T180739Z-ad8508,2026-05-15T18:07:39.795834+00:00,HQY,vcp,absent,55.0,53.0,49.0,81.8,62.2,51.3,34.6,52.1,84.0,89.5,7.95,12.24,9.81,7.46,6.67,2.42,2.61,5.04,4.47,True,risk_unclear,82.55,85.3,78.1696,90.05,"{""trend"":{""T1_ema_stack"":{""value"":[true,true,false],""score"":66.66666666666666},""T2_ema50_slope"":{""value"":0.001159195672725962,""score"":50.19319927878766},""T3_high_proximity"":{""value"":0.9562145256573613,""score"":78.10726282868063},""T4_rs_1m"":{""value"":-0.08177811025543913,""score"":0},""T5_rs_3m"":{""value"":0.028089537161620992,""score"":64.0447685808105},""T6_adr_healthy"":{""value"":3.4278757799315054,""score"":100.0},""_score"":53.03},""geometry"":{""sub_contraction_count"":100.0,""sub_reduction_rate"":0,""sub_pivot_tightness"":43.4,""sub_volume_dryup"":45.3,""sub_base_depth"":6.5,""sub_base_duration"":100.0,""_score"":48.95},""compression"":{""VC1_atr_ratio"":{""value"":0.34995323735492134,""score"":100},""VC2_range_contraction"":{""value"":0.6766174971533119,""score"":53.89708380778136},""VC3_range_pct_rank"":{""score"":91.66666666666666},""_score"":81.78},""sr_quality"":{""SR1_touches"":{""value"":3,""score"":50.0},""SR2_tightness"":{""value"":0.46415394955648664,""score"":60.40317782319684},""SR3_recency"":{""value"":265,""score"":0.0},""SR4_price_location"":{""score"":92.57653752370658},""SR5_reaction"":{""value"":2.728061195472897,""score"":100},""_score"":62.2,""_levels_found"":8,""_target_level"":82.7783},""volume"":{""V1_rvol_day"":{""value"":0.5263918336711343,""score"":1.7594555780756194},""V2_rvol_sameslot"":{""value"":2.168429354711347,""score"":100,""status"":""ok""},""V3_breakout_bar"":{""value"":1.6596691912215649,""score"":77.311279414771},""V4_base_dryup"":{""value"":0.92036752678966,""score"":57.963247321034},""V5_bo_expansion"":{""value"":0.5263918336711343,""score"":0},""_score"":51.27},""readiness"":{""_distance_atr"":1.173,""BR1_atr_distance"":{""score"":21.799465392708882},""BR2_compression"":{""score"":33.36268517070864},""BR3_retest"":{""score"":50.0},""BR4_bo_age"":{""score"":50.0},""_score"":34.56},""risk"":{""R1_stop_clarity"":{""score"":0},""R2_stop_distance_pct"":{""value"":5.306359781950327,""score"":100.0},""R3_stop_distance_atr"":{""value"":1.8684524825115143,""score"":100.0},""R4_rr_potential"":{""value"":1.712172404346637,""score"":35.608620217331854},""_score"":52.12},""market"":{""M1_spy_regime"":{""score"":100.0},""M3_earnings_risk"":{""value"":null,""score"":80.0},""M4_vix"":{""value"":null,""score"":60.0},""_score"":84.0},""liquidity"":{""L1_price"":{""value"":82.55,""score"":100.0},""L2_dollar_vol"":{""value"":36665640.3009832,""score"":78.21296367939432},""L3_spread_proxy"":{""value"":0.017987886129618366,""score"":82.01211387038163},""L4_volume_zscore"":{""value"":-1.5697672301112622,""score"":100.0},""_score"":89.49},""pattern_structure"":{""n_contractions"":5,""contractions_pct"":[10.83,5.17,10.7,12.51,6.96],""descending_strict"":false,""final_low"":79.36,""final_pivot"":85.3,""structural_low"":79.36,""dry_up_ratio"":0.7737365715418194,""current_price"":82.55,""neckline_distance_pct"":0.03331314354936402,""base_bars"":39},""pattern_geometry_features"":{""contraction_count"":5.0,""first_contraction_pct"":0.10831054571394602,""last_contraction_pct"":0.06963657678780771,""dry_up_ratio"":0.7737365715418194,""near_monotone"":0.0,""base_depth_pct"":0.05647366543811675},""_schema_version"":""1.0""}",,,,,,,,,,
20260515T180739Z-ad8508,2026-05-15T18:07:39.795834+00:00,TTWO,bull_flag,forming,55.0,86.3,78.3,52.7,51.8,11.1,56.5,63.6,84.0,97.6,12.09,23.5,4.74,5.18,1.56,5.09,1.91,5.04,4.88,True,risk_unclear,245.36,246.2499,236.2473,273.4598,"{""trend"":{""T1_ema_stack"":{""value"":[true,true,false],""score"":66.66666666666666},""T2_ema50_slope"":{""value"":0.1397802811078499,""score"":73.29671351797498},""T3_high_proximity"":{""value"":1.0,""score"":99.99999999999997},""T4_rs_1m"":{""value"":0.08856274223503724,""score"":100},""T5_rs_3m"":{""value"":0.17763437323749942,""score"":100},""T6_adr_healthy"":{""value"":2.6808757702133765,""score"":100.0},""_score"":86.33},""geometry"":{""sub_pole_impulse"":84.7,""sub_flag_tightness"":65.2,""sub_flag_shallowness"":58.1,""sub_flag_drift"":100,""sub_flag_duration"":100.0,""_score"":78.33},""compression"":{""VC1_atr_ratio"":{""value"":0.5745729702919378,""score"":100},""VC2_range_contraction"":{""value"":1.0620168099505638,""score"":0},""VC3_range_pct_rank"":{""score"":50.83333333333333},""_score"":52.71},""sr_quality"":{""SR1_touches"":{""value"":3,""score"":50.0},""SR2_tightness"":{""value"":1.1453383779477533,""score"":67.02859256713695},""SR3_recency"":{""value"":299,""score"":0.0},""SR4_price_location"":{""score"":46.90164866401371},""SR5_reaction"":{""value"":3.3729332558813003,""score"":100},""_score"":51.78,""_levels_found"":6,""_target_level"":250.03},""volume"":{""V1_rvol_day"":{""value"":0.7058036000404446,""score"":13.720240002696308},""V2_rvol_sameslot"":{""value"":1.129993311891619,""score"":41.99955412610794,""status"":""ok""},""V3_breakout_bar"":{""value"":0.37933555589028645,""score"":0},""V4_base_dryup"":{""value"":1.515914297064533,""score"":0},""V5_bo_expansion"":{""value"":0.7058036000404447,""score"":0},""_score"":11.14},""readiness"":{""_distance_atr"":0.128,""BR1_atr_distance"":{""score"":91.46067338717295},""BR2_compression"":{""score"":9.856169754846933},""BR3_retest"":{""score"":50.0},""BR4_bo_age"":{""score"":50.0},""_score"":56.55},""risk"":{""R1_stop_clarity"":{""score"":0},""R2_stop_distance_pct"":{""value"":3.714001874796227,""score"":100.0},""R3_stop_distance_atr"":{""value"":1.3116548175336356,""score"":90.58274087668178},""R4_rr_potential"":{""value"":3.083595102426004,""score"":100.0},""_score"":63.59},""market"":{""M1_spy_regime"":{""score"":100.0},""M3_earnings_risk"":{""value"":null,""score"":80.0},""M4_vix"":{""value"":null,""score"":60.0},""_score"":84.0},""liquidity"":{""L1_price"":{""value"":245.36,""score"":100.0},""L2_dollar_vol"":{""value"":273623507.3970821,""score"":100.0},""L3_spread_proxy"":{""value"":0.024249673948483916,""score"":75.75032605151608},""L4_volume_zscore"":{""value"":-0.7690863793882138,""score"":100.0},""_score"":97.58},""pattern_structure"":{""pole_low"":219.04,""pole_low_idx"":37,""peak_price"":246.2499,""peak_idx"":51,""pole_gain"":0.1242234295105917,""flag_bars"":8,""flag_low"":239.845,""flag_high"":246.2399,""structural_low"":239.845,""current_price"":245.35,""neckline_distance_pct"":0.003667821479519064,""base_bars"":8},""pattern_geometry_features"":{""pole_gain"":0.1242234295105917,""pullback_pct"":0.02600975675523116,""flag_range_pct"":0.025969147601684332,""flag_drift_per_bar"":0.002695857230195876,""atr_pct"":0.028315390796031494,""pole_atr_multiple"":4.387134558919882},""_schema_version"":""1.0""}",,,,,,,,,,
20260515T180739Z-ad8508,2026-05-15T18:07:39.795834+00:00,CTRE,cup_with_handle,breakout_confirmed,55.0,67.2,70.6,48.3,39.6,23.6,41.6,48.7,84.0,83.7,9.41,21.18,3.86,4.75,3.06,3.33,2.43,4.2,4.19,True,risk_unclear,41.38,40.0,38.218,45.71,"{""trend"":{""T1_ema_stack"":{""value"":[true,true,true],""score"":100.0},""T2_ema50_slope"":{""value"":0.08674302620487677,""score"":64.45717103414613},""T3_high_proximity"":{""value"":0.9750235626767202,""score"":87.51178133836007},""T4_rs_1m"":{""value"":-0.010759536967848815,""score"":39.24046303215118},""T5_rs_3m"":{""value"":-0.05502148665253914,""score"":22.48925667373043},""T6_adr_healthy"":{""value"":2.451007002863992,""score"":100.0},""_score"":67.24},""geometry"":{""sub_cup_depth"":58.1,""sub_cup_duration"":100.0,""sub_rim_symmetry"":34.2,""sub_handle_shallowness"":75.0,""sub_handle_proportion"":83.3,""sub_u_shape"":92.0,""_score"":70.59},""compression"":{""VC1_atr_ratio"":{""value"":0.6856996379249571,""score"":78.57509051876072},""VC2_range_contraction"":{""value"":1.150742386899082,""score"":0},""VC3_range_pct_rank"":{""score"":67.5},""_score"":48.31},""sr_quality"":{""SR1_touches"":{""value"":2,""score"":25.0},""SR2_tightness"":{""value"":0.19000000000000128,""score"":63.76021798365101},""SR3_recency"":{""value"":268,""score"":0.0},""SR4_price_location"":{""score"":30.0},""SR5_reaction"":{""value"":3.3760217983651186,""score"":100},""_score"":39.56,""_levels_found"":5,""_target_level"":41.17},""volume"":{""V1_rvol_day"":{""value"":0.2271190590522329,""score"":0},""V2_rvol_sameslot"":{""value"":0.6621098123707237,""score"":10.807320824714918,""status"":""ok""},""V3_breakout_bar"":{""value"":0.5847683630901844,""score"":5.651224206012295},""V4_base_dryup"":{""value"":0.4496911992305512,""score"":100},""V5_bo_expansion"":{""value"":0.2271190590522329,""score"":0},""_score"":23.57},""readiness"":{""_distance_atr"":-1.316,""BR1_atr_distance"":{""score"":33.67847411444139},""BR2_compression"":{""score"":42.50604348022552},""BR3_retest"":{""score"":50.0},""BR4_bo_age"":{""score"":50.0},""_score"":41.6},""risk"":{""R1_stop_clarity"":{""score"":0},""R2_stop_distance_pct"":{""value"":7.641372643789285,""score"":100.0},""R3_stop_distance_atr"":{""value"":3.0155313351498667,""score"":100.0},""R4_rr_potential"":{""value"":1.3693864642631215,""score"":18.469323213156073},""_score"":48.69},""market"":{""M1_spy_regime"":{""score"":100.0},""M3_earnings_risk"":{""value"":null,""score"":80.0},""M4_vix"":{""value"":null,""score"":60.0},""_score"":84.0},""liquidity"":{""L1_price"":{""value"":41.38,""score"":100.0},""L2_dollar_vol"":{""value"":18543703.557899162,""score"":63.40982379929558},""L3_spread_proxy"":{""value"":0.016674722087965145,""score"":83.32527791203486},""L4_volume_zscore"":{""value"":-2.113557194618916,""score"":100.0},""_score"":83.7},""pattern_structure"":{""left_rim"":41.36,""left_rim_idx"":117,""cup_bottom"":35.65,""cup_bottom_idx"":140,""right_rim"":40.0,""right_rim_idx"":167,""handle_low"":38.8,""handle_bars"":12,""cup_bars"":50,""structural_low"":38.8,""current_price"":41.38,""neckline_distance_pct"":-0.033349444175930464,""base_bars"":62},""pattern_geometry_features"":{""cup_depth_pct"":0.1380560928433269,""rim_symmetry_pct"":0.032882011605415845,""handle_depth_pct"":0.030000000000000072,""handle_to_cup_ratio"":0.24,""cup_duration_bars"":50.0,""atr_pct"":0.025340053856245277,""u_shape_score"":0.46},""_schema_version"":""1.0""}",,,,,,,,,,
20260515T180739Z-ad8508,2026-05-15T18:07:39.795834+00:00,FROG,bull_flag,forming,54.87,96.5,63.7,14.6,41.4,11.5,38.2,75.6,84.0,88.7,13.51,19.11,1.32,4.14,1.61,3.44,2.27,5.04,4.43,False,,67.23,71.6499,61.0799,91.6798,"{""trend"":{""T1_ema_stack"":{""value"":[true,true,true],""score"":100.0},""T2_ema50_slope"":{""value"":0.3749590193651628,""score"":100},""T3_high_proximity"":{""value"":0.9529411764705883,""score"":76.47058823529413},""T4_rs_1m"":{""value"":0.48291100087624783,""score"":100},""T5_rs_3m"":{""value"":0.21162716658662784,""score"":100},""T6_adr_healthy"":{""value"":5.5156748284098205,""score"":100.0},""_score"":96.47},""geometry"":{""sub_pole_impulse"":100.0,""sub_flag_tightness"":50.7,""sub_flag_shallowness"":30.7,""sub_flag_drift"":91.0,""sub_flag_duration"":12.5,""_score"":63.71},""compression"":{""VC1_atr_ratio"":{""value"":0.9974036108313207,""score"":0.6490972921698313},""VC2_range_contraction"":{""value"":1.0945129795834603,""score"":0},""VC3_range_pct_rank"":{""score"":57.49999999999999},""_score"":14.63},""sr_quality"":{""SR1_touches"":{""value"":2,""score"":25.0},""SR2_tightness"":{""value"":1.024950000000004,""score"":51.04031608685546},""SR3_recency"":{""value"":323,""score"":0.0},""SR4_price_location"":{""score"":67.72249113894001},""SR5_reaction"":{""value"":1.2443412127581157,""score"":62.21706063790579},""_score"":41.42,""_levels_found"":6,""_target_level"":69.4049},""volume"":{""V1_rvol_day"":{""value"":0.26578777354593713,""score"":0},""V2_rvol_sameslot"":{""value"":0.5196223054151033,""score"":1.308153694340223,""status"":""ok""},""V3_breakout_bar"":{""value"":0.4412837290625344,""score"":0},""V4_base_dryup"":{""value"":0.9375299744959507,""score"":56.247002550404936},""V5_bo_expansion"":{""value"":0.2657877735459372,""score"":0},""_score"":11.51},""readiness"":{""_distance_atr"":1.056,""BR1_atr_distance"":{""score"":29.62358914167956},""BR2_compression"":{""score"":35.32258090480254},""BR3_retest"":{""score"":50.0},""BR4_bo_age"":{""score"":50.0},""_score"":38.18},""risk"":{""R1_stop_clarity"":{""score"":55.56871067680268},""R2_stop_distance_pct"":{""value"":9.147925033467207,""score"":71.30187416331984},""R3_stop_distance_atr"":{""value"":1.4688979951140293,""score"":98.44489975570147},""R4_rr_potential"":{""value"":3.9754802728388707,""score"":100.0},""_score"":75.61},""market"":{""M1_spy_regime"":{""score"":100.0},""M3_earnings_risk"":{""value"":null,""score"":80.0},""M4_vix"":{""value"":null,""score"":60.0},""_score"":84.0},""liquidity"":{""L1_price"":{""value"":67.23,""score"":100.0},""L2_dollar_vol"":{""value"":48081459.346062034,""score"":84.09888203492928},""L3_spread_proxy"":{""value"":0.04967425256581879,""score"":50.32574743418121},""L4_volume_zscore"":{""value"":-1.0716525154590404,""score"":100.0},""_score"":88.67},""pattern_structure"":{""pole_low"":51.62,""pole_low_idx"":14,""peak_price"":71.6499,""peak_idx"":32,""pole_gain"":0.3880259589306472,""flag_bars"":27,""flag_low"":62.01,""flag_high"":70.24,""structural_low"":62.01,""current_price"":66.61,""neckline_distance_pct"":0.07566281339138271,""base_bars"":27},""pattern_geometry_features"":{""pole_gain"":0.3880259589306472,""pullback_pct"":0.1345417090603058,""flag_range_pct"":0.11486408215503437,""flag_drift_per_bar"":-0.0018033093697408422,""atr_pct"":0.062277469667027914,""pole_atr_multiple"":6.230599300280869},""_schema_version"":""1.0""}",,,,,,,,,,
20260515T180739Z-ad8508,2026-05-15T18:07:39.795834+00:00,TTWO,vcp,breakout_confirmed,54.32,86.3,57.3,52.7,51.8,23.2,20.0,3.8,84.0,97.6,12.95,14.31,6.33,6.21,3.01,1.4,0.19,5.04,4.88,True,risk_unclear,245.36,221.22,203.3532,263.32,"{""trend"":{""T1_ema_stack"":{""value"":[true,true,false],""score"":66.66666666666666},""T2_ema50_slope"":{""value"":0.1397802811078499,""score"":73.29671351797498},""T3_high_proximity"":{""value"":1.0,""score"":99.99999999999997},""T4_rs_1m"":{""value"":0.08856274223503724,""score"":100},""T5_rs_3m"":{""value"":0.17763437323749942,""score"":100},""T6_adr_healthy"":{""value"":2.6808757702133765,""score"":100.0},""_score"":86.33},""geometry"":{""sub_contraction_count"":100.0,""sub_reduction_rate"":20.6,""sub_pivot_tightness"":47.4,""sub_volume_dryup"":0,""sub_base_depth"":100.0,""sub_base_duration"":100.0,""_score"":57.26},""compression"":{""VC1_atr_ratio"":{""value"":0.5745729702919378,""score"":100},""VC2_range_contraction"":{""value"":1.0620168099505638,""score"":0},""VC3_range_pct_rank"":{""score"":50.83333333333333},""_score"":52.71},""sr_quality"":{""SR1_touches"":{""value"":3,""score"":50.0},""SR2_tightness"":{""value"":1.1453383779477533,""score"":67.02859256713695},""SR3_recency"":{""value"":299,""score"":0.0},""SR4_price_location"":{""score"":46.90164866401371},""SR5_reaction"":{""value"":3.3729332558813003,""score"":100},""_score"":51.78,""_levels_found"":6,""_target_level"":250.03},""volume"":{""V1_rvol_day"":{""value"":0.7058036000404446,""score"":13.720240002696308},""V2_rvol_sameslot"":{""value"":1.129993311891619,""score"":41.99955412610794,""status"":""ok""},""V3_breakout_bar"":{""value"":0.37933555589028645,""score"":0},""V4_base_dryup"":{""value"":0.897843956150719,""score"":60.2156043849281},""V5_bo_expansion"":{""value"":0.7058036000404447,""score"":0},""_score"":23.19},""readiness"":{""_distance_atr"":-3.475,""BR1_atr_distance"":{""score"":0},""BR2_compression"":{""score"":9.856169754846933},""BR3_retest"":{""score"":50.0},""BR4_bo_age"":{""score"":50.0},""_score"":19.96},""risk"":{""R1_stop_clarity"":{""score"":10.852366485202339},""R2_stop_distance_pct"":{""value"":17.12045565699382,""score"":0.0},""R3_stop_distance_atr"":{""value"":6.046342704686708,""score"":0.0},""R4_rr_potential"":{""value"":0.42755033417248467,""score"":0.0},""_score"":3.8},""market"":{""M1_spy_regime"":{""score"":100.0},""M3_earnings_risk"":{""value"":null,""score"":80.0},""M4_vix"":{""value"":null,""score"":60.0},""_score"":84.0},""liquidity"":{""L1_price"":{""value"":245.36,""score"":100.0},""L2_dollar_vol"":{""value"":273623507.3970821,""score"":100.0},""L3_spread_proxy"":{""value"":0.024249673948483916,""score"":75.75032605151608},""L4_volume_zscore"":{""value"":-0.7690863793882138,""score"":100.0},""_score"":97.58},""pattern_structure"":{""n_contractions"":5,""contractions_pct"":[23.78,11.65,5.85,11.91,6.68],""descending_strict"":false,""final_low"":206.45,""final_pivot"":221.22,""structural_low"":206.45,""dry_up_ratio"":1.3340891511445356,""current_price"":245.36,""neckline_distance_pct"":-0.09838604499510928,""base_bars"":59},""pattern_geometry_features"":{""contraction_count"":5.0,""first_contraction_pct"":0.23777911888955952,""last_contraction_pct"":0.0667661151794594,""dry_up_ratio"":1.3340891511445356,""near_monotone"":0.0,""base_depth_pct"":0.16938241802454243},""_schema_version"":""1.0""}",,,,,,,,,,
20260515T180739Z-ad8508,2026-05-15T18:07:39.795834+00:00,MMYT,double_bottom,forming,54.27,10.4,60.1,63.4,57.5,61.4,46.2,60.2,84.0,84.8,1.56,15.03,5.07,8.05,7.98,3.69,3.61,5.04,4.24,False,,43.755,44.755,41.8625,47.01,"{""trend"":{""T1_ema_stack"":{""value"":[false,false,false],""score"":0.0},""T2_ema50_slope"":{""value"":-0.13827439648927847,""score"":26.95426725178692},""T3_high_proximity"":{""value"":0.7546567781993792,""score"":0},""T4_rs_1m"":{""value"":-0.14393441098078485,""score"":0},""T5_rs_3m"":{""value"":-0.3113962596259625,""score"":0},""T6_adr_healthy"":{""value"":3.719278279943565,""score"":100.0},""_score"":10.39},""geometry"":{""sub_low_similarity"":90.6,""sub_bounce_quality"":32.9,""sub_separation_fit"":100.0,""sub_right_bottom_reaction"":35.6,""sub_base_context"":30.0,""_score"":60.1},""compression"":{""VC1_atr_ratio"":{""value"":0.5267255243461075,""score"":100},""VC2_range_contraction"":{""value"":0.9055491286695971,""score"":15.741811888400479},""VC3_range_pct_rank"":{""score"":71.66666666666667},""_score"":63.43},""sr_quality"":{""SR1_touches"":{""value"":2,""score"":25.0},""SR2_tightness"":{""value"":0.07500000000000284,""score"":92.22654081066045},""SR3_recency"":{""value"":240,""score"":0.0},""SR4_price_location"":{""score"":84.76401998889511},""SR5_reaction"":{""value"":2.155839348510088,""score"":100},""_score"":57.52,""_levels_found"":5,""_target_level"":44.735},""volume"":{""V1_rvol_day"":{""value"":0.6372310645827544,""score"":9.14873763885029},""V2_rvol_sameslot"":{""value"":2.1991897660043453,""score"":100,""status"":""ok""},""V3_breakout_bar"":{""value"":1.792494424763789,""score"":86.1662949842526},""V4_base_dryup"":{""value"":0.6006622738216167,""score"":89.93377261783833},""V5_bo_expansion"":{""value"":0.6372310645827544,""score"":0},""_score"":61.36},""readiness"":{""_distance_atr"":0.518,""BR1_atr_distance"":{""score"":65.45129249182554},""BR2_compression"":{""score"":9.926918013500838},""BR3_retest"":{""score"":50.0},""BR4_bo_age"":{""score"":50.0},""_score"":46.16},""risk"":{""R1_stop_clarity"":{""score"":33.92559689061605},""R2_stop_distance_pct"":{""value"":4.325219974860028,""score"":100.0},""R3_stop_distance_atr"":{""value"":0.9807514343883054,""score"":74.03757171941527},""R4_rr_potential"":{""value"":1.719947159841476,""score"":35.997357992073795},""_score"":60.18},""market"":{""M1_spy_regime"":{""score"":100.0},""M3_earnings_risk"":{""value"":null,""score"":80.0},""M4_vix"":{""value"":null,""score"":60.0},""_score"":84.0},""liquidity"":{""L1_price"":{""value"":43.755,""score"":100.0},""L2_dollar_vol"":{""value"":24808238.779831424,""score"":69.72979666715547},""L3_spread_proxy"":{""value"":0.030625071420409173,""score"":69.37492857959083},""L4_volume_zscore"":{""value"":-1.33992976753743,""score"":100.0},""_score"":84.83},""pattern_structure"":{""left_low"":42.7,""left_idx"":64,""right_low"":42.5,""right_idx"":76,""separation_bars"":12,""structural_low"":42.5,""current_price"":43.515,""neckline_distance_pct"":0.0284959209468,""base_bars"":12},""pattern_geometry_features"":{""low_similarity_pct"":0.004694835680751241,""bounce_pct"":0.053058823529411825,""right_bottom_reaction"":0.35616438356164265,""atr_pct"":0.044101082325285285},""_schema_version"":""1.0""}",,,,,,,,,,
20260515T180739Z-ad8508,2026-05-15T18:07:39.795834+00:00,PCTY,double_bottom,forming,54.14,47.3,64.9,41.2,63.0,20.8,31.2,69.5,84.0,85.8,7.09,16.23,3.3,8.82,2.71,2.5,4.17,5.04,4.29,False,,109.88,114.95,101.7259,126.625,"{""trend"":{""T1_ema_stack"":{""value"":[true,false,false],""score"":33.33333333333333},""T2_ema50_slope"":{""value"":-0.12208900605422252,""score"":29.651832324296244},""T3_high_proximity"":{""value"":0.9149042464612823,""score"":57.45212323064114},""T4_rs_1m"":{""value"":0.033240996221959085,""score"":83.24099622195908},""T5_rs_3m"":{""value"":-0.06359317925631824,""score"":18.203410371840878},""T6_adr_healthy"":{""value"":4.2897045175263955,""score"":100.0},""_score"":47.26},""geometry"":{""sub_low_similarity"":50.4,""sub_bounce_quality"":100,""sub_separation_fit"":0.0,""sub_right_bottom_reaction"":65.3,""sub_base_context"":100.0,""_score"":64.91},""compression"":{""VC1_atr_ratio"":{""value"":0.6506133013850773,""score"":87.34667465373066},""VC2_range_contraction"":{""value"":1.0996395346404892,""score"":0},""VC3_range_pct_rank"":{""score"":25.0},""_score"":41.19},""sr_quality"":{""SR1_touches"":{""value"":3,""score"":50.0},""SR2_tightness"":{""value"":0.9205101242728889,""score"":64.24330560630489},""SR3_recency"":{""value"":233,""score"":0.0},""SR4_price_location"":{""score"":93.58621953454283},""SR5_reaction"":{""value"":2.3105963915370933,""score"":100},""_score"":63.03,""_levels_found"":5,""_target_level"":110.4633},""volume"":{""V1_rvol_day"":{""value"":0.3662700990471872,""score"":0},""V2_rvol_sameslot"":{""value"":0.9181335376210686,""score"":27.875569174737908,""status"":""ok""},""V3_breakout_bar"":{""value"":0.6774574059729188,""score"":11.83049373152792},""V4_base_dryup"":{""value"":0.8845933082288528,""score"":61.540669177114715},""V5_bo_expansion"":{""value"":0.3662700990471872,""score"":0},""_score"":20.84},""readiness"":{""_distance_atr"":0.985,""BR1_atr_distance"":{""score"":34.3529072283941},""BR2_compression"":{""score"":0},""BR3_retest"":{""score"":50.0},""BR4_bo_age"":{""score"":50.0},""_score"":31.24},""risk"":{""R1_stop_clarity"":{""score"":39.825116810760896},""R2_stop_distance_pct"":{""value"":7.420936476155801,""score"":100.0},""R3_stop_distance_atr"":{""value"":1.5837118353439932,""score"":100.0},""R4_rr_potential"":{""value"":2.0535618475311597,""score"":52.678092376557984},""_score"":69.47},""market"":{""M1_spy_regime"":{""score"":100.0},""M3_earnings_risk"":{""value"":null,""score"":80.0},""M4_vix"":{""value"":null,""score"":60.0},""_score"":84.0},""liquidity"":{""L1_price"":{""value"":109.88,""score"":100.0},""L2_dollar_vol"":{""value"":33063189.42417292,""score"":75.96723726290229},""L3_spread_proxy"":{""value"":0.04609574080815433,""score"":53.90425919184567},""L4_volume_zscore"":{""value"":-1.421085607982216,""score"":100.0},""_score"":85.78},""pattern_structure"":{""left_low"":105.87,""left_idx"":28,""right_low"":103.275,""right_idx"":75,""separation_bars"":47,""structural_low"":103.275,""current_price"":109.86,""neckline_distance_pct"":0.04633169488439836,""base_bars"":47},""pattern_geometry_features"":{""low_similarity_pct"":0.02481531951516889,""bounce_pct"":0.11304768821108686,""right_bottom_reaction"":0.6531791907514464,""atr_pct"":0.04685787092412504},""_schema_version"":""1.0""}",,,,,,,,,,
20260515T180739Z-ad8508,2026-05-15T18:07:39.795834+00:00,ZS,inverse_head_shoulders,setup,53.41,47.1,75.6,45.1,35.3,31.1,37.0,30.8,84.0,93.5,5.66,21.16,3.61,4.94,4.36,2.96,1.84,4.2,4.67,False,,162.44,158.0375,140.8845,173.045,"{""trend"":{""T1_ema_stack"":{""value"":[true,false,false],""score"":33.33333333333333},""T2_ema50_slope"":{""value"":-0.20390640060204923,""score"":16.01559989965846},""T3_high_proximity"":{""value"":0.9411901037140042,""score"":70.5950518570021},""T4_rs_1m"":{""value"":0.1509063020249206,""score"":100},""T5_rs_3m"":{""value"":-0.17524086912404946,""score"":0},""T6_adr_healthy"":{""value"":4.58183889434774,""score"":100.0},""_score"":47.13},""geometry"":{""sub_head_depth"":65.8,""sub_shoulder_price_sym"":62.8,""sub_shoulder_time_sym"":83.3,""sub_right_shoulder_reaction"":80.4,""sub_base_context"":100.0,""_score"":75.58},""compression"":{""VC1_atr_ratio"":{""value"":0.5918004647767189,""score"":100},""VC2_range_contraction"":{""value"":0.9654686197417491,""score"":5.755230043041811},""VC3_range_pct_rank"":{""score"":12.5},""_score"":45.14},""sr_quality"":{""SR1_touches"":{""value"":2,""score"":25.0},""SR2_tightness"":{""value"":0.644999999999996,""score"":83.46494540959975},""SR3_recency"":{""value"":272,""score"":0.0},""SR4_price_location"":{""score"":1.1736316770864466},""SR5_reaction"":{""value"":2.7558392272654477,""score"":100},""_score"":35.31,""_levels_found"":7,""_target_level"":166.945},""volume"":{""V1_rvol_day"":{""value"":0.7619410392614121,""score"":17.46273595076081},""V2_rvol_sameslot"":{""value"":1.5287180355035508,""score"":68.58120236690338,""status"":""ok""},""V3_breakout_bar"":{""value"":0.6585806825041658,""score"":10.57204550027772},""V4_base_dryup"":{""value"":0.934992031891013,""score"":56.5007968108987},""V5_bo_expansion"":{""value"":0.7619410392614121,""score"":0},""_score"":31.15},""readiness"":{""_distance_atr"":-0.564,""BR1_atr_distance"":{""score"":48.71386390166859},""BR2_compression"":{""score"":0},""BR3_retest"":{""score"":50.0},""BR4_bo_age"":{""score"":50.0},""_score"":36.99},""risk"":{""R1_stop_clarity"":{""score"":44.99979399848899},""R2_stop_distance_pct"":{""value"":13.269791923171637,""score"":0.0},""R3_stop_distance_atr"":{""value"":2.762949941632909,""score"":100.0},""R4_rr_potential"":{""value"":0.4919869452968964,""score"":0.0},""_score"":30.75},""market"":{""M1_spy_regime"":{""score"":100.0},""M3_earnings_risk"":{""value"":null,""score"":80.0},""M4_vix"":{""value"":null,""score"":60.0},""_score"":84.0},""liquidity"":{""L1_price"":{""value"":162.44,""score"":100.0},""L2_dollar_vol"":{""value"":324811121.52373403,""score"":100.0},""L3_spread_proxy"":{""value"":0.06531642452597873,""score"":34.68357547402127},""L4_volume_zscore"":{""value"":-0.775196357518309,""score"":100.0},""_score"":93.47},""pattern_structure"":{""left_shoulder"":147.66,""left_shoulder_idx"":73,""head"":143.03,""head_idx"":84,""right_shoulder"":152.12,""right_shoulder_idx"":96,""left_to_head_bars"":11,""head_to_right_bars"":12,""structural_low"":143.03,""current_price"":161.13,""neckline_distance_pct"":-0.019192577421957433,""base_bars"":23},""pattern_geometry_features"":{""head_depth_pct"":0.045766895723530494,""shoulder_price_asymmetry"":0.029755153779438312,""shoulder_time_asymmetry"":0.08333333333333333,""right_shoulder_reaction"":0.8043267230619877,""atr_pct"":0.048027623386217286},""_schema_version"":""1.0""}",,,,,,,,,,
20260515T180739Z-ad8508,2026-05-15T18:07:39.795834+00:00,TMC,double_bottom,forming,53.4,39.1,57.8,62.9,65.8,21.1,28.7,78.5,84.0,81.2,5.87,14.44,5.03,9.21,2.74,2.3,4.71,5.04,4.06,False,,5.54,6.175,5.0521,7.221,"{""trend"":{""T1_ema_stack"":{""value"":[true,false,false],""score"":33.33333333333333},""T2_ema50_slope"":{""value"":-0.0068921093580047625,""score"":48.85131510699921},""T3_high_proximity"":{""value"":0.8393939393939395,""score"":19.696969696969713},""T4_rs_1m"":{""value"":0.015288937176003436,""score"":65.28893717600343},""T5_rs_3m"":{""value"":-0.17957491315634022,""score"":0},""T6_adr_healthy"":{""value"":7.138488774564592,""score"":100.0},""_score"":39.12},""geometry"":{""sub_low_similarity"":32.5,""sub_bounce_quality"":100,""sub_separation_fit"":0.0,""sub_right_bottom_reaction"":53.5,""sub_base_context"":100.0,""_score"":57.77},""compression"":{""VC1_atr_ratio"":{""value"":0.599190563222408,""score"":100},""VC2_range_contraction"":{""value"":1.1250663719375131,""score"":0},""VC3_range_pct_rank"":{""score"":91.66666666666666},""_score"":62.92},""sr_quality"":{""SR1_touches"":{""value"":3,""score"":50.0},""SR2_tightness"":{""value"":0.03681787005729081,""score"":82.1343714953444},""SR3_recency"":{""value"":273,""score"":0.0},""SR4_price_location"":{""score"":93.83886255924175},""SR5_reaction"":{""value"":2.3332120224829445,""score"":100},""_score"":65.78,""_levels_found"":6,""_target_level"":5.5833},""volume"":{""V1_rvol_day"":{""value"":0.6645472861897611,""score"":10.969819079317407},""V2_rvol_sameslot"":{""value"":0.7094847839903857,""score"":13.965652266025716,""status"":""ok""},""V3_breakout_bar"":{""value"":0.470540404909308,""score"":0},""V4_base_dryup"":{""value"":0.6970009208438008,""score"":80.29990791561991},""V5_bo_expansion"":{""value"":0.6645472861897611,""score"":0},""_score"":21.05},""readiness"":{""_distance_atr"":1.541,""BR1_atr_distance"":{""score"":0},""BR2_compression"":{""score"":44.81512896615333},""BR3_retest"":{""score"":50.0},""BR4_bo_age"":{""score"":50.0},""_score"":28.7},""risk"":{""R1_stop_clarity"":{""score"":62.66779890127042},""R2_stop_distance_pct"":{""value"":8.807490974729246,""score"":79.81272563176884},""R3_stop_distance_atr"":{""value"":1.1838361956917323,""score"":84.19180978458661},""R4_rr_potential"":{""value"":3.4451310113027334,""score"":100.0},""_score"":78.51},""market"":{""M1_spy_regime"":{""score"":100.0},""M3_earnings_risk"":{""value"":null,""score"":80.0},""M4_vix"":{""value"":null,""score"":60.0},""_score"":84.0},""liquidity"":{""L1_price"":{""value"":5.54,""score"":97.77},""L2_dollar_vol"":{""value"":20429462.470686182,""score"":65.51284699269439},""L3_spread_proxy"":{""value"":0.04422382671480146,""score"":55.77617328519854},""L4_volume_zscore"":{""value"":-0.7690185244142342,""score"":100.0},""_score"":81.23},""pattern_structure"":{""left_low"":5.129,""left_idx"":24,""right_low"":5.305,""right_idx"":70,""separation_bars"":46,""structural_low"":5.129,""current_price"":5.535,""neckline_distance_pct"":0.11562782294489606,""base_bars"":46},""pattern_geometry_features"":{""low_similarity_pct"":0.0337358635230976,""bounce_pct"":0.20393838954961988,""right_bottom_reaction"":0.5352112676056343,""atr_pct"":0.07439788550799382},""_schema_version"":""1.0""}",,,,,,,,,,
20260515T180739Z-ad8508,2026-05-15T18:07:39.795834+00:00,RBRK,vcp,breakout_confirmed,53.28,87.1,43.6,68.1,43.9,27.8,20.0,22.5,84.0,94.0,13.06,10.91,8.18,5.26,3.61,1.4,1.13,5.04,4.7,False,,64.27,56.4999,49.1332,62.0435,"{""trend"":{""T1_ema_stack"":{""value"":[true,true,false],""score"":66.66666666666666},""T2_ema50_slope"":{""value"":0.18691768432965097,""score"":81.15294738827517},""T3_high_proximity"":{""value"":1.0,""score"":99.99999999999997},""T4_rs_1m"":{""value"":0.17903482166406826,""score"":100},""T5_rs_3m"":{""value"":0.08892222494476765,""score"":94.46111247238383},""T6_adr_healthy"":{""value"":4.481246928791656,""score"":100.0},""_score"":87.07},""geometry"":{""sub_contraction_count"":100.0,""sub_reduction_rate"":0,""sub_pivot_tightness"":0,""sub_volume_dryup"":24.2,""sub_base_depth"":50.0,""sub_base_duration"":100.0,""_score"":43.63},""compression"":{""VC1_atr_ratio"":{""value"":0.49827115230347185,""score"":100},""VC2_range_contraction"":{""value"":0.7569510501465787,""score"":40.50815830890355},""VC3_range_pct_rank"":{""score"":55.833333333333336},""_score"":68.14},""sr_quality"":{""SR1_touches"":{""value"":2,""score"":25.0},""SR2_tightness"":{""value"":0.11020000000000252,""score"":92.36364266322153},""SR3_recency"":{""value"":269,""score"":0.0},""SR4_price_location"":{""score"":30.0},""SR5_reaction"":{""value"":2.3093397877084754,""score"":100},""_score"":43.85,""_levels_found"":3,""_target_level"":58.0502},""volume"":{""V1_rvol_day"":{""value"":0.44992834766471124,""score"":0},""V2_rvol_sameslot"":{""value"":1.1921071065186075,""score"":46.14047376790717,""status"":""ok""},""V3_breakout_bar"":{""value"":0.8221523019486118,""score"":21.476820129907452},""V4_base_dryup"":{""value"":0.8407520502464011,""score"":65.92479497535989},""V5_bo_expansion"":{""value"":0.44992834766471135,""score"":0},""_score"":27.78},""readiness"":{""_distance_atr"":-2.692,""BR1_atr_distance"":{""score"":6.156751231850151},""BR2_compression"":{""score"":0},""BR3_retest"":{""score"":50.0},""BR4_bo_age"":{""score"":50.0},""_score"":19.96},""risk"":{""R1_stop_clarity"":{""score"":48.15169761450445},""R2_stop_distance_pct"":{""value"":23.551923136766764,""score"":0.0},""R3_stop_distance_atr"":{""value"":5.2445632531238635,""score"":37.77183734380682},""R4_rr_potential"":{""value"":-0.1470916515429496,""score"":0.0},""_score"":22.52},""market"":{""M1_spy_regime"":{""score"":100.0},""M3_earnings_risk"":{""value"":null,""score"":80.0},""M4_vix"":{""value"":null,""score"":60.0},""_score"":84.0},""liquidity"":{""L1_price"":{""value"":64.27,""score"":100.0},""L2_dollar_vol"":{""value"":82634141.25750305,""score"":95.85797591097598},""L3_spread_proxy"":{""value"":0.04372179866189506,""score"":56.27820133810494},""L4_volume_zscore"":{""value"":-2.163192207228502,""score"":100.0},""_score"":93.97},""pattern_structure"":{""n_contractions"":5,""contractions_pct"":[16.36,8.97,22.76,24.55,11.71],""descending_strict"":false,""final_low"":49.8814,""final_pivot"":56.4999,""structural_low"":49.8814,""dry_up_ratio"":0.8788823365411568,""current_price"":64.27,""neckline_distance_pct"":-0.12089777501166951,""base_bars"":43},""pattern_geometry_features"":{""contraction_count"":5.0,""first_contraction_pct"":0.16355435272891292,""last_contraction_pct"":0.11714180025097386,""dry_up_ratio"":0.8788823365411568,""near_monotone"":0.0,""base_depth_pct"":0.10001984663960303},""_schema_version"":""1.0""}",,,,,,,,,,
20260515T180739Z-ad8508,2026-05-15T18:07:39.795834+00:00,ZS,double_bottom,setup,52.63,47.1,66.8,45.1,35.3,32.1,57.5,30.5,84.0,93.5,7.07,16.69,3.61,4.94,4.17,4.6,1.83,5.04,4.67,False,,162.44,158.6099,142.9334,172.1098,"{""trend"":{""T1_ema_stack"":{""value"":[true,false,false],""score"":33.33333333333333},""T2_ema50_slope"":{""value"":-0.20390640060204923,""score"":16.01559989965846},""T3_high_proximity"":{""value"":0.9411901037140042,""score"":70.5950518570021},""T4_rs_1m"":{""value"":0.1509063020249206,""score"":100},""T5_rs_3m"":{""value"":-0.17524086912404946,""score"":0},""T6_adr_healthy"":{""value"":4.58183889434774,""score"":100.0},""_score"":47.13},""geometry"":{""sub_low_similarity"":5.7,""sub_bounce_quality"":90.0,""sub_separation_fit"":100.0,""sub_right_bottom_reaction"":80.4,""sub_base_context"":100.0,""_score"":66.77},""compression"":{""VC1_atr_ratio"":{""value"":0.5918004647767189,""score"":100},""VC2_range_contraction"":{""value"":0.9654686197417491,""score"":5.755230043041811},""VC3_range_pct_rank"":{""score"":12.5},""_score"":45.14},""sr_quality"":{""SR1_touches"":{""value"":2,""score"":25.0},""SR2_tightness"":{""value"":0.644999999999996,""score"":83.46494540959975},""SR3_recency"":{""value"":272,""score"":0.0},""SR4_price_location"":{""score"":1.1736316770864466},""SR5_reaction"":{""value"":2.7558392272654477,""score"":100},""_score"":35.31,""_levels_found"":7,""_target_level"":166.945},""volume"":{""V1_rvol_day"":{""value"":0.7619410392614121,""score"":17.46273595076081},""V2_rvol_sameslot"":{""value"":1.5287180355035508,""score"":68.58120236690338,""status"":""ok""},""V3_breakout_bar"":{""value"":0.6585806825041658,""score"":10.57204550027772},""V4_base_dryup"":{""value"":0.8875430245525969,""score"":61.24569754474031},""V5_bo_expansion"":{""value"":0.7619410392614121,""score"":0},""_score"":32.1},""readiness"":{""_distance_atr"":-0.491,""BR1_atr_distance"":{""score"":100.0},""BR2_compression"":{""score"":0},""BR3_retest"":{""score"":50.0},""BR4_bo_age"":{""score"":50.0},""_score"":57.5},""risk"":{""R1_stop_clarity"":{""score"":44.19995879969794},""R2_stop_distance_pct"":{""value"":12.008526225067705,""score"":0.0},""R3_stop_distance_atr"":{""value"":2.500337384696376,""score"":100.0},""R4_rr_potential"":{""value"":0.495718126895188,""score"":0.0},""_score"":30.47},""market"":{""M1_spy_regime"":{""score"":100.0},""M3_earnings_risk"":{""value"":null,""score"":80.0},""M4_vix"":{""value"":null,""score"":60.0},""_score"":84.0},""liquidity"":{""L1_price"":{""value"":162.44,""score"":100.0},""L2_dollar_vol"":{""value"":324811121.52373403,""score"":100.0},""L3_spread_proxy"":{""value"":0.06531642452597873,""score"":34.68357547402127},""L4_volume_zscore"":{""value"":-0.775196357518309,""score"":100.0},""_score"":93.47},""pattern_structure"":{""left_low"":145.11,""left_idx"":46,""right_low"":152.12,""right_idx"":76,""separation_bars"":30,""structural_low"":145.11,""current_price"":161.13,""neckline_distance_pct"":-0.015640166325327283,""base_bars"":30},""pattern_geometry_features"":{""low_similarity_pct"":0.04716885913265815,""bounce_pct"":0.09303218248225481,""right_bottom_reaction"":0.8043267230619877,""atr_pct"":0.048027623386217286},""_schema_version"":""1.0""}",,,,,,,,,,
20260515T180739Z-ad8508,2026-05-15T18:07:39.795834+00:00,CTRE,double_bottom,forming,52.34,67.2,62.1,48.3,39.6,8.6,49.8,50.2,84.0,83.7,10.09,15.52,3.86,5.54,1.11,3.99,3.01,5.04,4.19,True,risk_unclear,41.38,42.0999,39.7891,43.8048,"{""trend"":{""T1_ema_stack"":{""value"":[true,true,true],""score"":100.0},""T2_ema50_slope"":{""value"":0.08674302620487677,""score"":64.45717103414613},""T3_high_proximity"":{""value"":0.9750235626767202,""score"":87.51178133836007},""T4_rs_1m"":{""value"":-0.010759536967848815,""score"":39.24046303215118},""T5_rs_3m"":{""value"":-0.05502148665253914,""score"":22.48925667373043},""T6_adr_healthy"":{""value"":2.451007002863992,""score"":100.0},""_score"":67.24},""geometry"":{""sub_low_similarity"":52.3,""sub_bounce_quality"":17.4,""sub_separation_fit"":80.0,""sub_right_bottom_reaction"":72.7,""sub_base_context"":100.0,""_score"":62.07},""compression"":{""VC1_atr_ratio"":{""value"":0.6856996379249571,""score"":78.57509051876072},""VC2_range_contraction"":{""value"":1.150742386899082,""score"":0},""VC3_range_pct_rank"":{""score"":67.5},""_score"":48.31},""sr_quality"":{""SR1_touches"":{""value"":2,""score"":25.0},""SR2_tightness"":{""value"":0.19000000000000128,""score"":63.76021798365101},""SR3_recency"":{""value"":268,""score"":0.0},""SR4_price_location"":{""score"":30.0},""SR5_reaction"":{""value"":3.3760217983651186,""score"":100},""_score"":39.56,""_levels_found"":5,""_target_level"":41.17},""volume"":{""V1_rvol_day"":{""value"":0.2271190590522329,""score"":0},""V2_rvol_sameslot"":{""value"":0.6621098123707237,""score"":10.807320824714918,""status"":""ok""},""V3_breakout_bar"":{""value"":0.5847683630901844,""score"":5.651224206012295},""V4_base_dryup"":{""value"":1.2511650123523699,""score"":24.88349876476302},""V5_bo_expansion"":{""value"":0.2271190590522329,""score"":0},""_score"":8.55},""readiness"":{""_distance_atr"":0.687,""BR1_atr_distance"":{""score"":54.22979109900123},""BR2_compression"":{""score"":42.50604348022552},""BR3_retest"":{""score"":50.0},""BR4_bo_age"":{""score"":50.0},""_score"":49.82},""risk"":{""R1_stop_clarity"":{""score"":0},""R2_stop_distance_pct"":{""value"":3.844671338811016,""score"":100.0},""R3_stop_distance_atr"":{""value"":1.5172309264305148,""score"":100.0},""R4_rr_potential"":{""value"":1.52414475855241,""score"":26.207237927620497},""_score"":50.24},""market"":{""M1_spy_regime"":{""score"":100.0},""M3_earnings_risk"":{""value"":null,""score"":80.0},""M4_vix"":{""value"":null,""score"":60.0},""_score"":84.0},""liquidity"":{""L1_price"":{""value"":41.38,""score"":100.0},""L2_dollar_vol"":{""value"":18543703.557899162,""score"":63.40982379929558},""L3_spread_proxy"":{""value"":0.016674722087965145,""score"":83.32527791203486},""L4_volume_zscore"":{""value"":-2.113557194618916,""score"":100.0},""_score"":83.7},""pattern_structure"":{""left_low"":40.395,""left_idx"":58,""right_low"":41.37,""right_idx"":65,""separation_bars"":7,""structural_low"":40.395,""current_price"":41.43,""neckline_distance_pct"":0.016169442433019512,""base_bars"":7},""pattern_geometry_features"":{""low_similarity_pct"":0.02384883507613268,""bounce_pct"":0.042205718529520854,""right_bottom_reaction"":0.7272727272727214,""atr_pct"":0.025340053856245277},""_schema_version"":""1.0""}",,,,,,,,,,
20260515T180739Z-ad8508,2026-05-15T18:07:39.795834+00:00,MGNI,double_bottom,forming,52.03,44.1,70.7,38.8,41.4,24.4,25.6,78.4,84.0,77.8,6.62,17.67,3.1,5.79,3.17,2.04,4.71,5.04,3.89,False,,12.94,14.3199,12.1647,16.2898,"{""trend"":{""T1_ema_stack"":{""value"":[false,true,false],""score"":33.33333333333333},""T2_ema50_slope"":{""value"":0.10534081895269484,""score"":67.55680315878247},""T3_high_proximity"":{""value"":0.9138418079096045,""score"":56.920903954802206},""T4_rs_1m"":{""value"":-0.10967412177055136,""score"":0},""T5_rs_3m"":{""value"":0.01671997969027683,""score"":58.359989845138415},""T6_adr_healthy"":{""value"":5.081822736705233,""score"":100.0},""_score"":44.14},""geometry"":{""sub_low_similarity"":72.6,""sub_bounce_quality"":100,""sub_separation_fit"":60.0,""sub_right_bottom_reaction"":92.6,""sub_base_context"":30.0,""_score"":70.67},""compression"":{""VC1_atr_ratio"":{""value"":0.7245093746211791,""score"":68.8726563447052},""VC2_range_contraction"":{""value"":1.2145448605012683,""score"":0},""VC3_range_pct_rank"":{""score"":44.99999999999999},""_score"":38.8},""sr_quality"":{""SR1_touches"":{""value"":2,""score"":25.0},""SR2_tightness"":{""value"":0.10000000000000053,""score"":71.14056605718275},""SR3_recency"":{""value"":238,""score"":0.0},""SR4_price_location"":{""score"":32.84142623602698},""SR5_reaction"":{""value"":2.272680422996845,""score"":100},""_score"":41.38,""_levels_found"":7,""_target_level"":13.7},""volume"":{""V1_rvol_day"":{""value"":0.3834984888110979,""score"":0},""V2_rvol_sameslot"":{""value"":1.1679843662111782,""score"":44.53229108074521,""status"":""ok""},""V3_breakout_bar"":{""value"":0.7773708273671387,""score"":18.49138849114258},""V4_base_dryup"":{""value"":0.9586794342582472,""score"":54.13205657417528},""V5_bo_expansion"":{""value"":0.3834984888110979,""score"":0},""_score"":24.36},""readiness"":{""_distance_atr"":1.991,""BR1_atr_distance"":{""score"":0},""BR2_compression"":{""score"":32.210963813497884},""BR3_retest"":{""score"":50.0},""BR4_bo_age"":{""score"":50.0},""_score"":25.55},""risk"":{""R1_stop_clarity"":{""score"":46.53789862093136},""R2_stop_distance_pct"":{""value"":5.991112828438947,""score"":100.0},""R3_stop_distance_atr"":{""value"":1.118663808208447,""score"":80.93319041042236},""R4_rr_potential"":{""value"":4.320928732666883,""score"":100.0},""_score"":78.43},""market"":{""M1_spy_regime"":{""score"":100.0},""M3_earnings_risk"":{""value"":null,""score"":80.0},""M4_vix"":{""value"":null,""score"":60.0},""_score"":84.0},""liquidity"":{""L1_price"":{""value"":12.94,""score"":100.0},""L2_dollar_vol"":{""value"":13596409.07590346,""score"":56.671211137471154},""L3_spread_proxy"":{""value"":0.04829984544049459,""score"":51.70015455950541},""L4_volume_zscore"":{""value"":-1.3256680827780276,""score"":100.0},""_score"":77.84},""pattern_structure"":{""left_low"":12.5201,""left_idx"":40,""right_low"":12.35,""right_idx"":76,""separation_bars"":36,""structural_low"":12.35,""current_price"":12.905,""neckline_distance_pct"":0.1096396745447502,""base_bars"":36},""pattern_geometry_features"":{""low_similarity_pct"":0.013679076481397316,""bounce_pct"":0.159506072874494,""right_bottom_reaction"":0.9255319148936169,""atr_pct"":0.05355597262088762},""_schema_version"":""1.0""}",,,,,,,,,,
20260515T180739Z-ad8508,2026-05-15T18:07:39.795834+00:00,TTWO,double_bottom,breakout_confirmed,51.98,86.3,47.0,52.7,51.8,26.4,24.9,8.1,84.0,97.6,12.95,11.74,4.22,7.25,3.43,1.99,0.49,5.04,4.88,True,risk_unclear,245.36,228.79,208.4107,245.9955,"{""trend"":{""T1_ema_stack"":{""value"":[true,true,false],""score"":66.66666666666666},""T2_ema50_slope"":{""value"":0.1397802811078499,""score"":73.29671351797498},""T3_high_proximity"":{""value"":1.0,""score"":99.99999999999997},""T4_rs_1m"":{""value"":0.08856274223503724,""score"":100},""T5_rs_3m"":{""value"":0.17763437323749942,""score"":100},""T6_adr_healthy"":{""value"":2.6808757702133765,""score"":100.0},""_score"":86.33},""geometry"":{""sub_low_similarity"":6.3,""sub_bounce_quality"":73.3,""sub_separation_fit"":0.0,""sub_right_bottom_reaction"":69.4,""sub_base_context"":100.0,""_score"":46.96},""compression"":{""VC1_atr_ratio"":{""value"":0.5745729702919378,""score"":100},""VC2_range_contraction"":{""value"":1.0620168099505638,""score"":0},""VC3_range_pct_rank"":{""score"":50.83333333333333},""_score"":52.71},""sr_quality"":{""SR1_touches"":{""value"":3,""score"":50.0},""SR2_tightness"":{""value"":1.1453383779477533,""score"":67.02859256713695},""SR3_recency"":{""value"":299,""score"":0.0},""SR4_price_location"":{""score"":46.90164866401371},""SR5_reaction"":{""value"":3.3729332558813003,""score"":100},""_score"":51.78,""_levels_found"":6,""_target_level"":250.03},""volume"":{""V1_rvol_day"":{""value"":0.7058036000404446,""score"":13.720240002696308},""V2_rvol_sameslot"":{""value"":1.129993311891619,""score"":41.99955412610794,""status"":""ok""},""V3_breakout_bar"":{""value"":0.37933555589028645,""score"":0},""V4_base_dryup"":{""value"":0.739119141974584,""score"":76.0880858025416},""V5_bo_expansion"":{""value"":0.7058036000404447,""score"":0},""_score"":26.36},""readiness"":{""_distance_atr"":-2.385,""BR1_atr_distance"":{""score"":12.29914305836143},""BR2_compression"":{""score"":9.856169754846933},""BR3_retest"":{""score"":50.0},""BR4_bo_age"":{""score"":50.0},""_score"":24.88},""risk"":{""R1_stop_clarity"":{""score"":8.635226624308075},""R2_stop_distance_pct"":{""value"":15.059205860776009,""score"":0.0},""R3_stop_distance_atr"":{""value"":5.318381783692921,""score"":34.08091081535396},""R4_rr_potential"":{""value"":0.017199258415609424,""score"":0.0},""_score"":8.13},""market"":{""M1_spy_regime"":{""score"":100.0},""M3_earnings_risk"":{""value"":null,""score"":80.0},""M4_vix"":{""value"":null,""score"":60.0},""_score"":84.0},""liquidity"":{""L1_price"":{""value"":245.36,""score"":100.0},""L2_dollar_vol"":{""value"":273623507.3970821,""score"":100.0},""L3_spread_proxy"":{""value"":0.024249673948483916,""score"":75.75032605151608},""L4_volume_zscore"":{""value"":-0.7690863793882138,""score"":100.0},""_score"":97.58},""pattern_structure"":{""left_low"":211.5845,""left_idx"":16,""right_low"":221.73,""right_idx"":64,""separation_bars"":48,""structural_low"":211.5845,""current_price"":245.35,""neckline_distance_pct"":-0.06749541471367436,""base_bars"":48},""pattern_geometry_features"":{""low_similarity_pct"":0.04682741980709161,""bounce_pct"":0.08131739328731548,""right_bottom_reaction"":0.6942675159235678,""atr_pct"":0.028315390796031494},""_schema_version"":""1.0""}",,,,,,,,,,
20260515T180739Z-ad8508,2026-05-15T18:07:39.795834+00:00,RCAT,double_bottom,forming,51.73,13.3,66.4,67.3,57.5,9.6,51.8,79.3,84.0,90.1,2.0,16.59,5.39,8.05,1.25,4.15,4.76,5.04,4.5,False,,9.435,9.92,8.9733,10.73,"{""trend"":{""T1_ema_stack"":{""value"":[false,false,true],""score"":33.33333333333333},""T2_ema50_slope"":{""value"":-0.6926994959321859,""score"":0},""T3_high_proximity"":{""value"":0.555,""score"":0},""T4_rs_1m"":{""value"":-0.37017066623688466,""score"":0},""T5_rs_3m"":{""value"":-0.25944762286254996,""score"":0},""T6_adr_healthy"":{""value"":6.831110203627403,""score"":100.0},""_score"":13.33},""geometry"":{""sub_low_similarity"":76.0,""sub_bounce_quality"":84.2,""sub_separation_fit"":100.0,""sub_right_bottom_reaction"":38.3,""sub_base_context"":30.0,""_score"":66.38},""compression"":{""VC1_atr_ratio"":{""value"":0.34951080389071765,""score"":100},""VC2_range_contraction"":{""value"":0.9138372927794403,""score"":14.360451203426624},""VC3_range_pct_rank"":{""score"":89.16666666666666},""_score"":67.32},""sr_quality"":{""SR1_touches"":{""value"":3,""score"":50.0},""SR2_tightness"":{""value"":0.1143095213298817,""score"":72.0826652254144},""SR3_recency"":{""value"":236,""score"":0.0},""SR4_price_location"":{""score"":66.66666666666667},""SR5_reaction"":{""value"":3.0996324983136803,""score"":100},""_score"":57.48,""_levels_found"":6,""_target_level"":10.74},""volume"":{""V1_rvol_day"":{""value"":0.5449375562564276,""score"":2.995837083761839},""V2_rvol_sameslot"":{""value"":0.47706503503225156,""score"":0,""status"":""ok""},""V3_breakout_bar"":{""value"":0.2468749849665898,""score"":0},""V4_base_dryup"":{""value"":1.050735051074079,""score"":44.9264948925921},""V5_bo_expansion"":{""value"":0.5449375562564276,""score"":0},""_score"":9.58},""readiness"":{""_distance_atr"":0.592,""BR1_atr_distance"":{""score"":60.51682832088947},""BR2_compression"":{""score"":40.51672992085042},""BR3_retest"":{""score"":50.0},""BR4_bo_age"":{""score"":50.0},""_score"":51.84},""risk"":{""R1_stop_clarity"":{""score"":66.62654385597666},""R2_stop_distance_pct"":{""value"":4.892951775304722,""score"":100.0},""R3_stop_distance_atr"":{""value"":0.5637342125462294,""score"":53.18671062731146},""R4_rr_potential"":{""value"":2.8051554207733096,""score"":90.25777103866548},""_score"":79.35},""market"":{""M1_spy_regime"":{""score"":100.0},""M3_earnings_risk"":{""value"":null,""score"":80.0},""M4_vix"":{""value"":null,""score"":60.0},""_score"":84.0},""liquidity"":{""L1_price"":{""value"":9.435,""score"":99.7175},""L2_dollar_vol"":{""value"":57140919.728520304,""score"":87.8473613208929},""L3_spread_proxy"":{""value"":0.049803921568627355,""score"":50.19607843137265},""L4_volume_zscore"":{""value"":-0.7879308143984504,""score"":100.0},""_score"":90.09},""pattern_structure"":{""left_low"":9.11,""left_idx"":64,""right_low"":9.2201,""right_idx"":76,""separation_bars"":12,""structural_low"":9.11,""current_price"":9.38,""neckline_distance_pct"":0.05756929637526643,""base_bars"":12},""pattern_geometry_features"":{""low_similarity_pct"":0.012013027752167305,""bounce_pct"":0.08891328210757415,""right_bottom_reaction"":0.38284741434347797,""atr_pct"":0.08679536679536676},""_schema_version"":""1.0""}",,,,,,,,,,
20260515T180739Z-ad8508,2026-05-15T18:07:39.795834+00:00,AIR,base_on_base,forming,51.7,33.9,54.1,56.3,57.9,33.6,35.0,77.1,84.0,81.3,6.1,13.54,5.63,5.79,4.03,2.8,3.86,5.88,4.07,False,,104.22,121.59,97.6923,132.945,"{""trend"":{""T1_ema_stack"":{""value"":[false,true,true],""score"":66.66666666666666},""T2_ema50_slope"":{""value"":0.005673875734431631,""score"":50.945645955738605},""T3_high_proximity"":{""value"":0.8272085086117946,""score"":13.604254305897289},""T4_rs_1m"":{""value"":-0.17893501540314627,""score"":0},""T5_rs_3m"":{""value"":-0.166798773345205,""score"":0},""T6_adr_healthy"":{""value"":3.8930978827860994,""score"":100.0},""_score"":33.9},""geometry"":{""sub_shallower_second"":0,""sub_second_base_depth"":95.7,""sub_rim_advance"":100,""sub_dry_up"":0,""sub_second_base_duration"":100.0,""_score"":54.14},""compression"":{""VC1_atr_ratio"":{""value"":0.5540624872440866,""score"":100},""VC2_range_contraction"":{""value"":0.9559717062553712,""score"":7.338048957438134},""VC3_range_pct_rank"":{""score"":55.00000000000001},""_score"":56.32},""sr_quality"":{""SR1_touches"":{""value"":2,""score"":25.0},""SR2_tightness"":{""value"":0.40500000000000114,""score"":82.95249549007812},""SR3_recency"":{""value"":236,""score"":0.0},""SR4_price_location"":{""score"":91.87132480110691},""SR5_reaction"":{""value"":2.7907396271797955,""score"":100},""_score"":57.91,""_levels_found"":5,""_target_level"":104.455},""volume"":{""V1_rvol_day"":{""value"":0.4276660752429433,""score"":0},""V2_rvol_sameslot"":{""value"":1.28770222091802,""score"":52.513481394534665,""status"":""ok""},""V3_breakout_bar"":{""value"":1.1874020830624874,""score"":45.82680553749916},""V4_base_dryup"":{""value"":0.9169407445236593,""score"":58.305925547634075},""V5_bo_expansion"":{""value"":0.4276660752429433,""score"":0},""_score"":33.62},""readiness"":{""_distance_atr"":3.656,""BR1_atr_distance"":{""score"":0},""BR2_compression"":{""score"":70.2050980163557},""BR3_retest"":{""score"":50.0},""BR4_bo_age"":{""score"":50.0},""_score"":35.05},""risk"":{""R1_stop_clarity"":{""score"":37.37883343355368},""R2_stop_distance_pct"":{""value"":6.263385146804833,""score"":100.0},""R3_stop_distance_atr"":{""value"":1.373839446782921,""score"":93.69197233914605},""R4_rr_potential"":{""value"":4.40047796314169,""score"":100.0},""_score"":77.14},""market"":{""M1_spy_regime"":{""score"":100.0},""M3_earnings_risk"":{""value"":null,""score"":80.0},""M4_vix"":{""value"":null,""score"":60.0},""_score"":84.0},""liquidity"":{""L1_price"":{""value"":104.22,""score"":100.0},""L2_dollar_vol"":{""value"":16845675.93578358,""score"":61.324422090556794},""L3_spread_proxy"":{""value"":0.031999616196507326,""score"":68.00038380349267},""L4_volume_zscore"":{""value"":-2.074503624744225,""score"":100.0},""_score"":81.33},""pattern_structure"":{""first_base_low"":76.1,""first_base_top"":87.455,""first_base_bars"":58,""second_base_low"":99.18,""second_base_top"":121.59,""second_base_bars"":47,""structural_low"":99.18,""stacking_overlap_pct"":-0.13406894974558353,""current_price"":104.22,""neckline_distance_pct"":0.1666666666666667,""base_bars"":47},""pattern_geometry_features"":{""first_base_depth_pct"":0.12983820250414504,""second_base_depth_pct"":0.18430792005921537,""second_dry_up_ratio"":1.0362053099948179,""rim_advance_pct"":0.39031501915270717,""atr_pct"":0.045590372015242506},""_schema_version"":""1.0""}",,,,,,,,,,
20260515T180739Z-ad8508,2026-05-15T18:07:39.795834+00:00,HUBS,double_bottom,forming,51.7,5.0,78.5,31.0,66.8,23.7,48.4,48.6,84.0,91.8,0.75,19.62,2.48,9.35,3.08,3.87,2.92,5.04,4.59,False,,199.99,206.2052,177.7925,231.9104,"{""trend"":{""T1_ema_stack"":{""value"":[false,false,false],""score"":0.0},""T2_ema50_slope"":{""value"":-0.4563312492405143,""score"":0},""T3_high_proximity"":{""value"":0.6743660642028595,""score"":0},""T4_rs_1m"":{""value"":-0.1614578910235568,""score"":0},""T5_rs_3m"":{""value"":-0.2691275971968736,""score"":0},""T6_adr_healthy"":{""value"":5.797220315571936,""score"":100.0},""_score"":5.0},""geometry"":{""sub_low_similarity"":83.2,""sub_bounce_quality"":100,""sub_separation_fit"":100.0,""sub_right_bottom_reaction"":83.6,""sub_base_context"":30.0,""_score"":78.5},""compression"":{""VC1_atr_ratio"":{""value"":0.7340033970013418,""score"":66.49915074966457},""VC2_range_contraction"":{""value"":1.0561898577382367,""score"":0},""VC3_range_pct_rank"":{""score"":17.500000000000004},""_score"":30.97},""sr_quality"":{""SR1_touches"":{""value"":4,""score"":75.0},""SR2_tightness"":{""value"":3.79975883280768,""score"":58.14374314732803},""SR3_recency"":{""value"":235,""score"":0.0},""SR4_price_location"":{""score"":82.11564154292591},""SR5_reaction"":{""value"":2.429904416902187,""score"":100},""_score"":66.75,""_levels_found"":4,""_target_level"":210.8137},""volume"":{""V1_rvol_day"":{""value"":0.9696080912538009,""score"":31.307206083586724},""V2_rvol_sameslot"":{""value"":1.6124045541176804,""score"":74.16030360784535,""status"":""ok""},""V3_breakout_bar"":{""value"":0.5993420862183358,""score"":6.622805747889056},""V4_base_dryup"":{""value"":1.4509114936495644,""score"":4.908850635043564},""V5_bo_expansion"":{""value"":0.9696080912538009,""score"":0},""_score"":23.73},""readiness"":{""_distance_atr"":0.342,""BR1_atr_distance"":{""score"":77.17881414432625},""BR2_compression"":{""score"":0},""BR3_retest"":{""score"":50.0},""BR4_bo_age"":{""score"":50.0},""_score"":48.37},""risk"":{""R1_stop_clarity"":{""score"":70.1755241806038},""R2_stop_distance_pct"":{""value"":11.099304965248272,""score"":22.517375868793188},""R3_stop_distance_atr"":{""value"":1.2225831985245526,""score"":86.12915992622763},""R4_rr_potential"":{""value"":1.4380177947967088,""score"":21.90088973983544},""_score"":48.62},""market"":{""M1_spy_regime"":{""score"":100.0},""M3_earnings_risk"":{""value"":null,""score"":80.0},""M4_vix"":{""value"":null,""score"":60.0},""_score"":84.0},""liquidity"":{""L1_price"":{""value"":199.99,""score"":100.0},""L2_dollar_vol"":{""value"":361015848.1134096,""score"":100.0},""L3_spread_proxy"":{""value"":0.08200410020501027,""score"":17.995899794989725},""L4_volume_zscore"":{""value"":-0.043733402860469055,""score"":100.0},""_score"":91.8},""pattern_structure"":{""left_low"":180.5,""left_idx"":46,""right_low"":182.02,""right_idx"":74,""separation_bars"":28,""structural_low"":180.5,""current_price"":200.39,""neckline_distance_pct"":0.02901941214631471,""base_bars"":28},""pattern_geometry_features"":{""low_similarity_pct"":0.008385744234800896,""bounce_pct"":0.14241108033240993,""right_bottom_reaction"":0.8364055299539208,""atr_pct"":0.09078568214124995},""_schema_version"":""1.0""}",,,,,,,,,,
20260515T180739Z-ad8508,2026-05-15T18:07:39.795834+00:00,EBC,base_on_base,forming,51.63,30.1,66.7,64.2,52.4,23.6,23.4,65.0,84.0,81.0,5.41,16.68,6.42,5.24,2.83,1.87,3.25,5.88,4.05,True,risk_unclear,19.215,20.64,17.9999,23.335,"{""trend"":{""T1_ema_stack"":{""value"":[false,false,true],""score"":33.33333333333333},""T2_ema50_slope"":{""value"":6.025683726689402e-07,""score"":50.00010042806211},""T3_high_proximity"":{""value"":0.8895833333333333,""score"":44.79166666666662},""T4_rs_1m"":{""value"":-0.13143696282287465,""score"":0},""T5_rs_3m"":{""value"":-0.20009124651474863,""score"":0},""T6_adr_healthy"":{""value"":2.473483773255279,""score"":100.0},""_score"":30.05},""geometry"":{""sub_shallower_second"":35.7,""sub_second_base_depth"":100.0,""sub_rim_advance"":68.9,""sub_dry_up"":78.1,""sub_second_base_duration"":56.0,""_score"":66.72},""compression"":{""VC1_atr_ratio"":{""value"":0.3898060796645701,""score"":100},""VC2_range_contraction"":{""value"":0.9277719238690093,""score"":12.03801268849845},""VC3_range_pct_rank"":{""score"":80.0},""_score"":64.21},""sr_quality"":{""SR1_touches"":{""value"":3,""score"":50.0},""SR2_tightness"":{""value"":0.10870679218276404,""score"":52.1604686661314},""SR3_recency"":{""value"":239,""score"":0.0},""SR4_price_location"":{""score"":58.15061963775021},""SR5_reaction"":{""value"":2.4992796332678417,""score"":100},""_score"":52.36,""_levels_found"":5,""_target_level"":19.4345},""volume"":{""V1_rvol_day"":{""value"":0.3143295549021772,""score"":0},""V2_rvol_sameslot"":{""value"":0.9794953710803636,""score"":31.966358072024235,""status"":""ok""},""V3_breakout_bar"":{""value"":1.0848842151375726,""score"":38.992281009171506},""V4_base_dryup"":{""value"":1.126298239018479,""score"":37.3701760981521},""V5_bo_expansion"":{""value"":0.3143295549021772,""score"":0},""_score"":23.62},""readiness"":{""_distance_atr"":3.136,""BR1_atr_distance"":{""score"":0},""BR2_compression"":{""score"":23.437131272148175},""BR3_retest"":{""score"":50.0},""BR4_bo_age"":{""score"":50.0},""_score"":23.36},""risk"":{""R1_stop_clarity"":{""score"":0},""R2_stop_distance_pct"":{""value"":6.323757481134526,""score"":100.0},""R3_stop_distance_atr"":{""value"":2.673719449901763,""score"":100.0},""R4_rr_potential"":{""value"":3.3906395305774817,""score"":100.0},""_score"":65.0},""market"":{""M1_spy_regime"":{""score"":100.0},""M3_earnings_risk"":{""value"":null,""score"":80.0},""M4_vix"":{""value"":null,""score"":60.0},""_score"":84.0},""liquidity"":{""L1_price"":{""value"":19.215,""score"":100.0},""L2_dollar_vol"":{""value"":13554660.8737575,""score"":56.6044328184435},""L3_spread_proxy"":{""value"":0.015873015873015858,""score"":84.12698412698414},""L4_volume_zscore"":{""value"":-0.9960940927975261,""score"":100.0},""_score"":81.05},""pattern_structure"":{""first_base_low"":16.615,""first_base_top"":19.31,""first_base_bars"":36,""second_base_low"":18.274,""second_base_top"":20.64,""second_base_bars"":71,""structural_low"":18.274,""stacking_overlap_pct"":0.05365095805282226,""current_price"":19.215,""neckline_distance_pct"":0.07416081186572994,""base_bars"":71},""pattern_geometry_features"":{""first_base_depth_pct"":0.13956499223200416,""second_base_depth_pct"":0.11463178294573642,""second_dry_up_ratio"":0.6096314946051542,""rim_advance_pct"":0.06887622993267747,""atr_pct"":0.0236515371175793},""_schema_version"":""1.0""}",,,,,,,,,,
20260515T180739Z-ad8508,2026-05-15T18:07:39.795834+00:00,RBRK,ascending_triangle,setup,51.62,87.1,27.5,68.1,43.9,29.2,57.5,36.0,84.0,94.0,13.06,7.69,5.45,6.14,3.5,4.6,1.44,5.04,4.7,False,,64.27,63.62,57.1694,69.2,"{""trend"":{""T1_ema_stack"":{""value"":[true,true,false],""score"":66.66666666666666},""T2_ema50_slope"":{""value"":0.18691768432965097,""score"":81.15294738827517},""T3_high_proximity"":{""value"":1.0,""score"":99.99999999999997},""T4_rs_1m"":{""value"":0.17903482166406826,""score"":100},""T5_rs_3m"":{""value"":0.08892222494476765,""score"":94.46111247238383},""T6_adr_healthy"":{""value"":4.481246928791656,""score"":100.0},""_score"":87.07},""geometry"":{""sub_flat_top_quality"":33.3,""sub_hl_slope"":8.3,""sub_compression"":0,""sub_duration"":100.0,""_score"":27.48},""compression"":{""VC1_atr_ratio"":{""value"":0.49827115230347185,""score"":100},""VC2_range_contraction"":{""value"":0.7569510501465787,""score"":40.50815830890355},""VC3_range_pct_rank"":{""score"":55.833333333333336},""_score"":68.14},""sr_quality"":{""SR1_touches"":{""value"":2,""score"":25.0},""SR2_tightness"":{""value"":0.11020000000000252,""score"":92.36364266322153},""SR3_recency"":{""value"":269,""score"":0.0},""SR4_price_location"":{""score"":30.0},""SR5_reaction"":{""value"":2.3093397877084754,""score"":100},""_score"":43.85,""_levels_found"":3,""_target_level"":58.0502},""volume"":{""V1_rvol_day"":{""value"":0.44992834766471124,""score"":0},""V2_rvol_sameslot"":{""value"":1.1921071065186075,""score"":46.14047376790717,""status"":""ok""},""V3_breakout_bar"":{""value"":0.8221523019486118,""score"":21.476820129907452},""V4_base_dryup"":{""value"":0.772063540874143,""score"":72.7936459125857},""V5_bo_expansion"":{""value"":0.44992834766471135,""score"":0},""_score"":29.16},""readiness"":{""_distance_atr"":-0.225,""BR1_atr_distance"":{""score"":100.0},""BR2_compression"":{""score"":0},""BR3_retest"":{""score"":50.0},""BR4_bo_age"":{""score"":50.0},""_score"":57.5},""risk"":{""R1_stop_clarity"":{""score"":39.67139113067859},""R2_stop_distance_pct"":{""value"":11.048078419169132,""score"":23.79803952077171},""R3_stop_distance_atr"":{""value"":2.4601959576010914,""score"":100.0},""R4_rr_potential"":{""value"":0.6943075233078885,""score"":0.0},""_score"":36.02},""market"":{""M1_spy_regime"":{""score"":100.0},""M3_earnings_risk"":{""value"":null,""score"":80.0},""M4_vix"":{""value"":null,""score"":60.0},""_score"":84.0},""liquidity"":{""L1_price"":{""value"":64.27,""score"":100.0},""L2_dollar_vol"":{""value"":82634141.25750305,""score"":95.85797591097598},""L3_spread_proxy"":{""value"":0.04372179866189506,""score"":56.27820133810494},""L4_volume_zscore"":{""value"":-2.163192207228502,""score"":100.0},""_score"":93.97},""pattern_structure"":{""top"":63.62,""top_touches"":2,""low_slope_per_bar"":0.014445736434108434,""lowest_low"":58.04,""structural_low"":58.04,""current_price"":64.0701,""neckline_distance_pct"":-0.0070251178006589515,""base_bars"":30},""pattern_geometry_features"":{""top_touches"":2.0,""low_slope"":0.014445736434108434,""compression"":-0.1552885757817195,""atr_pct"":0.044907310675943},""_schema_version"":""1.0""}",,,,,,,,,,
20260515T180739Z-ad8508,2026-05-15T18:07:39.795834+00:00,APP,vcp,setup,51.6,74.8,36.2,41.1,53.5,31.2,62.7,34.8,84.0,94.8,11.22,9.06,4.94,6.42,4.05,4.39,1.74,5.04,4.74,False,,499.155,491.99,423.7962,496.74,"{""trend"":{""T1_ema_stack"":{""value"":[true,true,false],""score"":66.66666666666666},""T2_ema50_slope"":{""value"":0.09726666354429359,""score"":66.2111105907156},""T3_high_proximity"":{""value"":0.9650542311930862,""score"":82.52711559654308},""T4_rs_1m"":{""value"":0.012586760848811274,""score"":62.586760848811274},""T5_rs_3m"":{""value"":0.1888192654881926,""score"":100},""T6_adr_healthy"":{""value"":5.71943940275737,""score"":100.0},""_score"":74.81},""geometry"":{""sub_contraction_count"":100.0,""sub_reduction_rate"":4.9,""sub_pivot_tightness"":0,""sub_volume_dryup"":0,""sub_base_depth"":0.0,""sub_base_duration"":100.0,""_score"":36.23},""compression"":{""VC1_atr_ratio"":{""value"":0.7197825735248938,""score"":70.05435661877654},""VC2_range_contraction"":{""value"":1.2141745093885696,""score"":0},""VC3_range_pct_rank"":{""score"":52.5},""_score"":41.15},""sr_quality"":{""SR1_touches"":{""value"":3,""score"":50.0},""SR2_tightness"":{""value"":4.717515871962939,""score"":68.23634150087234},""SR3_recency"":{""value"":230,""score"":0.0},""SR4_price_location"":{""score"":53.07576558965891},""SR5_reaction"":{""value"":2.292293769768556,""score"":100},""_score"":53.5,""_levels_found"":6,""_target_level"":514.03},""volume"":{""V1_rvol_day"":{""value"":0.6704247774300888,""score"":11.361651828672585},""V2_rvol_sameslot"":{""value"":1.2243717390935303,""score"":48.291449272902014,""status"":""ok""},""V3_breakout_bar"":{""value"":0.6745755796445938,""score"":11.638371976306255},""V4_base_dryup"":{""value"":0.6836016175212588,""score"":81.63983824787412},""V5_bo_expansion"":{""value"":0.6704247774300888,""score"":0},""_score"":31.17},""readiness"":{""_distance_atr"":-0.241,""BR1_atr_distance"":{""score"":100.0},""BR2_compression"":{""score"":20.807192192604703},""BR3_retest"":{""score"":50.0},""BR4_bo_age"":{""score"":50.0},""_score"":62.7},""risk"":{""R1_stop_clarity"":{""score"":56.54604741087007},""R2_stop_distance_pct"":{""value"":15.097264376796785,""score"":0.0},""R3_stop_distance_atr"":{""value"":2.537002169030477,""score"":100.0},""R4_rr_potential"":{""value"":-0.03204670990429066,""score"":0.0},""_score"":34.79},""market"":{""M1_spy_regime"":{""score"":100.0},""M3_earnings_risk"":{""value"":null,""score"":80.0},""M4_vix"":{""value"":null,""score"":60.0},""_score"":84.0},""liquidity"":{""L1_price"":{""value"":499.155,""score"":100.0},""L2_dollar_vol"":{""value"":1532829497.5745707,""score"":100.0},""L3_spread_proxy"":{""value"":0.05218799771614024,""score"":47.81200228385976},""L4_volume_zscore"":{""value"":-0.6098973660002436,""score"":100.0},""_score"":94.78},""pattern_structure"":{""n_contractions"":5,""contractions_pct"":[15.71,20.06,22.49,18.88,12.55],""descending_strict"":false,""final_low"":430.25,""final_pivot"":491.99,""structural_low"":430.25,""dry_up_ratio"":1.501236215374031,""current_price"":499.155,""neckline_distance_pct"":-0.014354258697198193,""base_bars"":47},""pattern_geometry_features"":{""contraction_count"":5.0,""first_contraction_pct"":0.1570802298850575,""last_contraction_pct"":0.1254903554950304,""dry_up_ratio"":1.501236215374031,""near_monotone"":0.0,""base_depth_pct"":0.010919540229885057},""_schema_version"":""1.0""}",,,,,,,,,,
20260515T180739Z-ad8508,2026-05-15T18:07:39.795834+00:00,UEC,double_bottom,invalidated,51.54,40.3,59.5,56.1,67.7,20.0,28.4,33.9,84.0,94.4,6.05,14.87,4.49,9.48,2.61,2.27,2.03,5.04,4.72,False,,13.93,16.8281,14.2431,19.1962,"{""trend"":{""T1_ema_stack"":{""value"":[false,true,true],""score"":66.66666666666666},""T2_ema50_slope"":{""value"":0.15616503765316703,""score"":76.02750627552784},""T3_high_proximity"":{""value"":0.8457802064359442,""score"":22.89010321797208},""T4_rs_1m"":{""value"":-0.13948903832050918,""score"":0},""T5_rs_3m"":{""value"":-0.1917113799008766,""score"":0},""T6_adr_healthy"":{""value"":7.084081945398949,""score"":100.0},""_score"":40.31},""geometry"":{""sub_low_similarity"":99.3,""sub_bounce_quality"":100,""sub_separation_fit"":0.0,""sub_right_bottom_reaction"":24.5,""sub_base_context"":30.0,""_score"":59.46},""compression"":{""VC1_atr_ratio"":{""value"":0.6497637866987659,""score"":87.55905332530853},""VC2_range_contraction"":{""value"":1.0969101974566318,""score"":0},""VC3_range_pct_rank"":{""score"":84.16666666666667},""_score"":56.07},""sr_quality"":{""SR1_touches"":{""value"":7,""score"":100},""SR2_tightness"":{""value"":0.27257290206250423,""score"":53.71154016405799},""SR3_recency"":{""value"":251,""score"":0.0},""SR4_price_location"":{""score"":64.31247117027155},""SR5_reaction"":{""value"":1.8085274138767586,""score"":90.42637069383794},""_score"":67.7,""_levels_found"":6,""_target_level"":14.4329},""volume"":{""V1_rvol_day"":{""value"":0.7121686871651537,""score"":14.14457914434358},""V2_rvol_sameslot"":{""value"":0.7622219594293381,""score"":17.481463961955875,""status"":""ok""},""V3_breakout_bar"":{""value"":0.4914134243481842,""score"":0},""V4_base_dryup"":{""value"":0.814254801134361,""score"":68.5745198865639},""V5_bo_expansion"":{""value"":0.7121686871651537,""score"":0},""_score"":20.04},""readiness"":{""_distance_atr"":2.461,""BR1_atr_distance"":{""score"":0},""BR2_compression"":{""score"":43.40662224985594},""BR3_retest"":{""score"":50.0},""BR4_bo_age"":{""score"":50.0},""_score"":28.35},""risk"":{""R1_stop_clarity"":{""score"":63.16593886462869},""R2_stop_distance_pct"":{""value"":-2.247666905958366,""score"":0.0},""R3_stop_distance_atr"":{""value"":-0.2658539543910726,""score"":11.707302280446363},""R4_rr_potential"":{""value"":null,""score"":50.0},""_score"":33.86},""market"":{""M1_spy_regime"":{""score"":100.0},""M3_earnings_risk"":{""value"":null,""score"":80.0},""M4_vix"":{""value"":null,""score"":60.0},""_score"":84.0},""liquidity"":{""L1_price"":{""value"":13.93,""score"":100.0},""L2_dollar_vol"":{""value"":86784401.36042488,""score"":96.92208360221616},""L3_spread_proxy"":{""value"":0.0434314429289304,""score"":56.5685570710696},""L4_volume_zscore"":{""value"":-1.372115987654166,""score"":100.0},""_score"":94.43},""pattern_structure"":{""left_low"":14.465,""left_idx"":24,""right_low"":14.46,""right_idx"":70,""separation_bars"":46,""structural_low"":14.46,""current_price"":14.015,""neckline_distance_pct"":0.20072065643952897,""base_bars"":46},""pattern_geometry_features"":{""low_similarity_pct"":0.000345721694036232,""bounce_pct"":0.16376901798063612,""right_bottom_reaction"":0.24519230769230693,""atr_pct"":0.08454517485386115},""_schema_version"":""1.0""}",,,,,,,,,,
20260515T180739Z-ad8508,2026-05-15T18:07:39.795834+00:00,PCTY,vcp,forming,51.33,47.3,51.2,41.2,63.0,18.8,47.8,76.3,84.0,85.8,7.09,12.8,4.94,7.56,2.45,3.34,3.82,5.04,4.29,False,,109.88,111.76,100.6768,158.25,"{""trend"":{""T1_ema_stack"":{""value"":[true,false,false],""score"":33.33333333333333},""T2_ema50_slope"":{""value"":-0.12208900605422252,""score"":29.651832324296244},""T3_high_proximity"":{""value"":0.9149042464612823,""score"":57.45212323064114},""T4_rs_1m"":{""value"":0.033240996221959085,""score"":83.24099622195908},""T5_rs_3m"":{""value"":-0.06359317925631824,""score"":18.203410371840878},""T6_adr_healthy"":{""value"":4.2897045175263955,""score"":100.0},""_score"":47.26},""geometry"":{""sub_contraction_count"":100.0,""sub_reduction_rate"":17.4,""sub_pivot_tightness"":20.7,""sub_volume_dryup"":0,""sub_base_depth"":87.4,""sub_base_duration"":100.0,""_score"":51.2},""compression"":{""VC1_atr_ratio"":{""value"":0.6506133013850773,""score"":87.34667465373066},""VC2_range_contraction"":{""value"":1.0996395346404892,""score"":0},""VC3_range_pct_rank"":{""score"":25.0},""_score"":41.19},""sr_quality"":{""SR1_touches"":{""value"":3,""score"":50.0},""SR2_tightness"":{""value"":0.9205101242728889,""score"":64.24330560630489},""SR3_recency"":{""value"":233,""score"":0.0},""SR4_price_location"":{""score"":93.58621953454283},""SR5_reaction"":{""value"":2.3105963915370933,""score"":100},""_score"":63.03,""_levels_found"":5,""_target_level"":110.4633},""volume"":{""V1_rvol_day"":{""value"":0.3662700990471872,""score"":0},""V2_rvol_sameslot"":{""value"":0.9181335376210686,""score"":27.875569174737908,""status"":""ok""},""V3_breakout_bar"":{""value"":0.6774574059729188,""score"":11.83049373152792},""V4_base_dryup"":{""value"":0.985802411414995,""score"":51.4197588585005},""V5_bo_expansion"":{""value"":0.3662700990471872,""score"":0},""_score"":18.82},""readiness"":{""_distance_atr"":0.365,""BR1_atr_distance"":{""score"":75.65748828192909},""BR2_compression"":{""score"":0},""BR3_retest"":{""score"":50.0},""BR4_bo_age"":{""score"":50.0},""_score"":47.76},""risk"":{""R1_stop_clarity"":{""score"":40.44565663740364},""R2_stop_distance_pct"":{""value"":8.3756370586094,""score"":90.60907353476502},""R3_stop_distance_atr"":{""value"":1.7874557450917292,""score"":100.0},""R4_rr_potential"":{""value"":5.255809152301111,""score"":100.0},""_score"":76.34},""market"":{""M1_spy_regime"":{""score"":100.0},""M3_earnings_risk"":{""value"":null,""score"":80.0},""M4_vix"":{""value"":null,""score"":60.0},""_score"":84.0},""liquidity"":{""L1_price"":{""value"":109.88,""score"":100.0},""L2_dollar_vol"":{""value"":33063189.42417292,""score"":75.96723726290229},""L3_spread_proxy"":{""value"":0.04609574080815433,""score"":53.90425919184567},""L4_volume_zscore"":{""value"":-1.421085607982216,""score"":100.0},""_score"":85.78},""pattern_structure"":{""n_contractions"":5,""contractions_pct"":[31.81,8.57,15.24,7.86,8.55],""descending_strict"":false,""final_low"":102.21,""final_pivot"":111.76,""structural_low"":102.21,""dry_up_ratio"":1.195350807394356,""current_price"":109.88,""neckline_distance_pct"":0.017109574080815523,""base_bars"":72},""pattern_geometry_features"":{""contraction_count"":5.0,""first_contraction_pct"":0.31812373907195696,""last_contraction_pct"":0.08545096635647827,""dry_up_ratio"":1.195350807394356,""near_monotone"":0.0,""base_depth_pct"":0.31264290517821114},""_schema_version"":""1.0""}",,,,,,,,,,
20260515T180739Z-ad8508,2026-05-15T18:07:39.795834+00:00,CTRE,bull_flag,forming,51.2,67.2,60.1,48.3,39.6,14.7,28.1,54.9,84.0,83.7,9.41,18.02,4.35,3.96,2.05,2.53,1.65,5.04,4.19,True,risk_unclear,41.38,43.08,40.7396,46.78,"{""trend"":{""T1_ema_stack"":{""value"":[true,true,true],""score"":100.0},""T2_ema50_slope"":{""value"":0.08674302620487677,""score"":64.45717103414613},""T3_high_proximity"":{""value"":0.9750235626767202,""score"":87.51178133836007},""T4_rs_1m"":{""value"":-0.010759536967848815,""score"":39.24046303215118},""T5_rs_3m"":{""value"":-0.05502148665253914,""score"":22.48925667373043},""T6_adr_healthy"":{""value"":2.451007002863992,""score"":100.0},""_score"":67.24},""geometry"":{""sub_pole_impulse"":67.7,""sub_flag_tightness"":54.3,""sub_flag_shallowness"":15.0,""sub_flag_drift"":88.0,""sub_flag_duration"":100.0,""_score"":60.08},""compression"":{""VC1_atr_ratio"":{""value"":0.6856996379249571,""score"":78.57509051876072},""VC2_range_contraction"":{""value"":1.150742386899082,""score"":0},""VC3_range_pct_rank"":{""score"":67.5},""_score"":48.31},""sr_quality"":{""SR1_touches"":{""value"":2,""score"":25.0},""SR2_tightness"":{""value"":0.19000000000000128,""score"":63.76021798365101},""SR3_recency"":{""value"":268,""score"":0.0},""SR4_price_location"":{""score"":30.0},""SR5_reaction"":{""value"":3.3760217983651186,""score"":100},""_score"":39.56,""_levels_found"":5,""_target_level"":41.17},""volume"":{""V1_rvol_day"":{""value"":0.2271190590522329,""score"":0},""V2_rvol_sameslot"":{""value"":0.6621098123707237,""score"":10.807320824714918,""status"":""ok""},""V3_breakout_bar"":{""value"":0.5847683630901844,""score"":5.651224206012295},""V4_base_dryup"":{""value"":0.9452784181499594,""score"":55.47215818500406},""V5_bo_expansion"":{""value"":0.2271190590522329,""score"":0},""_score"":14.67},""readiness"":{""_distance_atr"":1.621,""BR1_atr_distance"":{""score"":0},""BR2_compression"":{""score"":42.50604348022552},""BR3_retest"":{""score"":50.0},""BR4_bo_age"":{""score"":50.0},""_score"":28.13},""risk"":{""R1_stop_clarity"":{""score"":0},""R2_stop_distance_pct"":{""value"":1.5476075398743516,""score"":88.6901884968588},""R3_stop_distance_atr"":{""value"":0.6107356948228941,""score"":55.53678474114471},""R4_rr_potential"":{""value"":8.432229856339685,""score"":100.0},""_score"":54.94},""market"":{""M1_spy_regime"":{""score"":100.0},""M3_earnings_risk"":{""value"":null,""score"":80.0},""M4_vix"":{""value"":null,""score"":60.0},""_score"":84.0},""liquidity"":{""L1_price"":{""value"":41.38,""score"":100.0},""L2_dollar_vol"":{""value"":18543703.557899162,""score"":63.40982379929558},""L3_spread_proxy"":{""value"":0.016674722087965145,""score"":83.32527791203486},""L4_volume_zscore"":{""value"":-2.113557194618916,""score"":100.0},""_score"":83.7},""pattern_structure"":{""pole_low"":39.38,""pole_low_idx"":25,""peak_price"":43.08,""peak_idx"":50,""pole_gain"":0.09395632300660223,""flag_bars"":9,""flag_low"":41.36,""flag_high"":42.47,""structural_low"":41.36,""current_price"":41.43,""neckline_distance_pct"":0.039826212889210684,""base_bars"":9},""pattern_geometry_features"":{""pole_gain"":0.09395632300660223,""pullback_pct"":0.03992571959145773,""flag_range_pct"":0.02576601671309191,""flag_drift_per_bar"":-0.0023996298978196363,""atr_pct"":0.025340053856245277,""pole_atr_multiple"":3.7078185997401056},""_schema_version"":""1.0""}",,,,,,,,,,
20260515T180739Z-ad8508,2026-05-15T18:07:39.795834+00:00,V,double_bottom,forming,50.78,57.5,52.5,59.6,40.0,16.2,48.8,45.3,84.0,98.4,8.62,13.11,4.77,5.59,2.1,3.9,2.72,5.04,4.92,True,risk_unclear,327.23,329.79,315.003,339.78,"{""trend"":{""T1_ema_stack"":{""value"":[true,true,false],""score"":66.66666666666666},""T2_ema50_slope"":{""value"":0.07560913276912944,""score"":62.601522128188236},""T3_high_proximity"":{""value"":0.9772143582392642,""score"":88.60717911963206},""T4_rs_1m"":{""value"":-0.019858758030882884,""score"":30.141241969117118},""T5_rs_3m"":{""value"":-0.047394612487229315,""score"":26.30269375638534},""T6_adr_healthy"":{""value"":1.7435206524358344,""score"":100.0},""_score"":57.45},""geometry"":{""sub_low_similarity"":65.3,""sub_bounce_quality"":1.8,""sub_separation_fit"":0.0,""sub_right_bottom_reaction"":83.3,""sub_base_context"":100.0,""_score"":52.45},""compression"":{""VC1_atr_ratio"":{""value"":0.5748896333095139,""score"":100},""VC2_range_contraction"":{""value"":0.9274951552695583,""score"":12.084140788406954},""VC3_range_pct_rank"":{""score"":61.66666666666667},""_score"":59.65},""sr_quality"":{""SR1_touches"":{""value"":2,""score"":25.0},""SR2_tightness"":{""value"":1.7399999999999807,""score"":55.38257246210959},""SR3_recency"":{""value"":293,""score"":0.0},""SR4_price_location"":{""score"":39.48753948753947},""SR5_reaction"":{""value"":1.9039333302806851,""score"":95.19666651403426},""_score"":39.96,""_levels_found"":7,""_target_level"":335.85},""volume"":{""V1_rvol_day"":{""value"":0.4646655195889519,""score"":0},""V2_rvol_sameslot"":{""value"":0.6886692737984723,""score"":12.57795158656482,""status"":""ok""},""V3_breakout_bar"":{""value"":0.5461469566557179,""score"":3.0764637770478593},""V4_base_dryup"":{""value"":0.8550435919553595,""score"":64.49564080446405},""V5_bo_expansion"":{""value"":0.46466551958895197,""score"":0},""_score"":16.18},""readiness"":{""_distance_atr"":0.328,""BR1_atr_distance"":{""score"":78.11865622662819},""BR2_compression"":{""score"":0},""BR3_retest"":{""score"":50.0},""BR4_bo_age"":{""score"":50.0},""_score"":48.75},""risk"":{""R1_stop_clarity"":{""score"":0},""R2_stop_distance_pct"":{""value"":3.7365156006478717,""score"":100.0},""R3_stop_distance_atr"":{""value"":1.5676358807637745,""score"":100.0},""R4_rr_potential"":{""value"":1.0264169461028854,""score"":1.3208473051442682},""_score"":45.26},""market"":{""M1_spy_regime"":{""score"":100.0},""M3_earnings_risk"":{""value"":null,""score"":80.0},""M4_vix"":{""value"":null,""score"":60.0},""_score"":84.0},""liquidity"":{""L1_price"":{""value"":327.23,""score"":100.0},""L2_dollar_vol"":{""value"":1114701154.8437462,""score"":100.0},""L3_spread_proxy"":{""value"":0.015799284906640638,""score"":84.20071509335936},""L4_volume_zscore"":{""value"":-1.4140223734867323,""score"":100.0},""_score"":98.42},""pattern_structure"":{""left_low"":325.4,""left_idx"":22,""right_low"":319.8,""right_idx"":68,""separation_bars"":46,""structural_low"":319.8,""current_price"":327.43,""neckline_distance_pct"":0.007207647436093252,""base_bars"":46},""pattern_geometry_features"":{""low_similarity_pct"":0.017358958462492143,""bounce_pct"":0.03123827392120078,""right_bottom_reaction"":0.8333333333333374,""atr_pct"":0.02383535390136253},""_schema_version"":""1.0""}",,,,,,,,,,
20260515T180739Z-ad8508,2026-05-15T18:07:39.795834+00:00,NTSK,vcp,setup,50.67,51.5,53.0,55.6,66.6,12.8,38.5,34.6,84.0,78.0,7.72,13.26,6.67,7.99,1.66,2.7,1.73,5.04,3.9,False,,11.285,10.595,9.2787,13.175,"{""trend"":{""T1_ema_stack"":{""value"":[true,false,false],""score"":33.33333333333333},""T2_ema50_slope"":{""value"":-0.022487828818675434,""score"":46.25202853022076},""T3_high_proximity"":{""value"":0.918226200162734,""score"":59.113100081367},""T4_rs_1m"":{""value"":0.13962854118528623,""score"":100},""T5_rs_3m"":{""value"":-0.14014602133047616,""score"":0},""T6_adr_healthy"":{""value"":5.785554140480084,""score"":100.0},""_score"":51.45},""geometry"":{""sub_contraction_count"":100.0,""sub_reduction_rate"":8.3,""sub_pivot_tightness"":0,""sub_volume_dryup"":39.8,""sub_base_depth"":100.0,""sub_base_duration"":100.0,""_score"":53.05},""compression"":{""VC1_atr_ratio"":{""value"":0.5512751580869477,""score"":100},""VC2_range_contraction"":{""value"":1.0489223614157184,""score"":0},""VC3_range_pct_rank"":{""score"":62.5},""_score"":55.62},""sr_quality"":{""SR1_touches"":{""value"":3,""score"":50.0},""SR2_tightness"":{""value"":0.11897712198383131,""score"":62.88220281058399},""SR3_recency"":{""value"":51,""score"":65.0},""SR4_price_location"":{""score"":69.73018549747049},""SR5_reaction"":{""value"":3.3615224342904253,""score"":100},""_score"":66.61,""_levels_found"":4,""_target_level"":11.8833},""volume"":{""V1_rvol_day"":{""value"":0.3759530089554883,""score"":0},""V2_rvol_sameslot"":{""value"":0.7120432988139588,""score"":14.136219920930584,""status"":""ok""},""V3_breakout_bar"":{""value"":0.6766670400162521,""score"":11.77780266775014},""V4_base_dryup"":{""value"":1.1512052099907355,""score"":34.87947900092645},""V5_bo_expansion"":{""value"":0.3759530089554883,""score"":0},""_score"":12.75},""readiness"":{""_distance_atr"":-1.076,""BR1_atr_distance"":{""score"":38.47377745094764},""BR2_compression"":{""score"":22.659672507190642},""BR3_retest"":{""score"":50.0},""BR4_bo_age"":{""score"":50.0},""_score"":38.55},""risk"":{""R1_stop_clarity"":{""score"":55.91803991041904},""R2_stop_distance_pct"":{""value"":17.77846699158174,""score"":0.0},""R3_stop_distance_atr"":{""value"":3.129569586968389,""score"":100.0},""R4_rr_potential"":{""value"":0.9420325973184474,""score"":0.0},""_score"":34.57},""market"":{""M1_spy_regime"":{""score"":100.0},""M3_earnings_risk"":{""value"":null,""score"":80.0},""M4_vix"":{""value"":null,""score"":60.0},""_score"":84.0},""liquidity"":{""L1_price"":{""value"":11.285,""score"":100.0},""L2_dollar_vol"":{""value"":14430958.096148314,""score"":57.964758280445274},""L3_spread_proxy"":{""value"":0.05228178998670801,""score"":47.718210013291994},""L4_volume_zscore"":{""value"":-1.528958813228119,""score"":100.0},""_score"":77.96},""pattern_structure"":{""n_contractions"":5,""contractions_pct"":[18.33,31.28,22.02,16.75,11.09],""descending_strict"":false,""final_low"":9.42,""final_pivot"":10.595,""structural_low"":9.42,""dry_up_ratio"":0.8011953043049546,""current_price"":11.285,""neckline_distance_pct"":-0.061143110323438145,""base_bars"":40},""pattern_geometry_features"":{""contraction_count"":5.0,""first_contraction_pct"":0.18333333333333326,""last_contraction_pct"":0.11090136857008029,""dry_up_ratio"":0.8011953043049546,""near_monotone"":0.0,""base_depth_pct"":0.215},""_schema_version"":""1.0""}",,,,,,,,,,
20260515T180739Z-ad8508,2026-05-15T18:07:39.795834+00:00,INTU,vcp,forming,50.31,20.3,56.9,53.3,59.1,31.4,26.5,75.2,84.0,96.3,3.04,14.21,6.39,7.1,4.09,1.86,3.76,5.04,4.82,False,,398.22,418.15,375.7874,519.85,"{""trend"":{""T1_ema_stack"":{""value"":[true,false,false],""score"":33.33333333333333},""T2_ema50_slope"":{""value"":-0.29271277635539067,""score"":1.214537274101552},""T3_high_proximity"":{""value"":0.8276077062160982,""score"":13.803853108049102},""T4_rs_1m"":{""value"":-0.02965462092167881,""score"":20.34537907832119},""T5_rs_3m"":{""value"":-0.09221735794010033,""score"":3.891321029949836},""T6_adr_healthy"":{""value"":3.5970176146896327,""score"":100.0},""_score"":20.3},""geometry"":{""sub_contraction_count"":100.0,""sub_reduction_rate"":0,""sub_pivot_tightness"":17.7,""sub_volume_dryup"":61.3,""sub_base_depth"":100.0,""sub_base_duration"":100.0,""_score"":56.85},""compression"":{""VC1_atr_ratio"":{""value"":0.5844383501057326,""score"":100},""VC2_range_contraction"":{""value"":0.9616939518489486,""score"":6.384341358508571},""VC3_range_pct_rank"":{""score"":44.166666666666664},""_score"":53.28},""sr_quality"":{""SR1_touches"":{""value"":4,""score"":75.0},""SR2_tightness"":{""value"":4.184770364294199,""score"":51.22647293260469},""SR3_recency"":{""value"":233,""score"":0.0},""SR4_price_location"":{""score"":55.83235928223619},""SR5_reaction"":{""value"":2.303100731310052,""score"":100},""_score"":59.14,""_levels_found"":7,""_target_level"":414.44},""volume"":{""V1_rvol_day"":{""value"":0.601560592360775,""score"":6.770706157384998},""V2_rvol_sameslot"":{""value"":1.1481517960892853,""score"":43.21011973928569,""status"":""ok""},""V3_breakout_bar"":{""value"":0.750761546757686,""score"":16.717436450512402},""V4_base_dryup"":{""value"":0.637201788104999,""score"":86.2798211895001},""V5_bo_expansion"":{""value"":0.6015605923607747,""score"":0},""_score"":31.43},""readiness"":{""_distance_atr"":1.161,""BR1_atr_distance"":{""score"":22.571904801349618},""BR2_compression"":{""score"":0},""BR3_retest"":{""score"":50.0},""BR4_bo_age"":{""score"":50.0},""_score"":26.53},""risk"":{""R1_stop_clarity"":{""score"":33.30247531532011},""R2_stop_distance_pct"":{""value"":5.63323037516951,""score"":100.0},""R3_stop_distance_atr"":{""value"":1.3072634418650355,""score"":90.36317209325178},""R4_rr_potential"":{""value"":5.422007654022139,""score"":100.0},""_score"":75.21},""market"":{""M1_spy_regime"":{""score"":100.0},""M3_earnings_risk"":{""value"":null,""score"":80.0},""M4_vix"":{""value"":null,""score"":60.0},""_score"":84.0},""liquidity"":{""L1_price"":{""value"":398.22,""score"":100.0},""L2_dollar_vol"":{""value"":592806101.8958884,""score"":100.0},""L3_spread_proxy"":{""value"":0.03697704786299022,""score"":63.02295213700978},""L4_volume_zscore"":{""value"":-1.6255655572735483,""score"":100.0},""_score"":96.3},""pattern_structure"":{""n_contractions"":5,""contractions_pct"":[11.22,13.75,21.64,10.75,8.76],""descending_strict"":false,""final_low"":381.51,""final_pivot"":418.15,""structural_low"":381.51,""dry_up_ratio"":0.693336691922784,""current_price"":398.22,""neckline_distance_pct"":0.050047712319823086,""base_bars"":42},""pattern_geometry_features"":{""contraction_count"":5.0,""first_contraction_pct"":0.11220794271641724,""last_contraction_pct"":0.0876240583522659,""dry_up_ratio"":0.693336691922784,""near_monotone"":0.0,""base_depth_pct"":0.2104674986030918},""_schema_version"":""1.0""}",,,,,,,,,,
20260515T180739Z-ad8508,2026-05-15T18:07:39.795834+00:00,MMYT,vcp,invalidated,50.29,10.4,57.5,63.4,57.5,57.2,20.0,34.5,84.0,84.8,1.56,14.38,7.61,6.9,7.44,1.4,1.73,5.04,4.24,False,,43.755,51.385,43.9901,70.23,"{""trend"":{""T1_ema_stack"":{""value"":[false,false,false],""score"":0.0},""T2_ema50_slope"":{""value"":-0.13827439648927847,""score"":26.95426725178692},""T3_high_proximity"":{""value"":0.7546567781993792,""score"":0},""T4_rs_1m"":{""value"":-0.14393441098078485,""score"":0},""T5_rs_3m"":{""value"":-0.3113962596259625,""score"":0},""T6_adr_healthy"":{""value"":3.719278279943565,""score"":100.0},""_score"":10.39},""geometry"":{""sub_contraction_count"":100.0,""sub_reduction_rate"":0,""sub_pivot_tightness"":0,""sub_volume_dryup"":83.4,""sub_base_depth"":100.0,""sub_base_duration"":100.0,""_score"":57.51},""compression"":{""VC1_atr_ratio"":{""value"":0.5267255243461075,""score"":100},""VC2_range_contraction"":{""value"":0.9055491286695971,""score"":15.741811888400479},""VC3_range_pct_rank"":{""score"":71.66666666666667},""_score"":63.43},""sr_quality"":{""SR1_touches"":{""value"":2,""score"":25.0},""SR2_tightness"":{""value"":0.07500000000000284,""score"":92.22654081066045},""SR3_recency"":{""value"":240,""score"":0.0},""SR4_price_location"":{""score"":84.76401998889511},""SR5_reaction"":{""value"":2.155839348510088,""score"":100},""_score"":57.52,""_levels_found"":5,""_target_level"":44.735},""volume"":{""V1_rvol_day"":{""value"":0.6372310645827544,""score"":9.14873763885029},""V2_rvol_sameslot"":{""value"":2.1991897660043453,""score"":100,""status"":""ok""},""V3_breakout_bar"":{""value"":1.792494424763789,""score"":86.1662949842526},""V4_base_dryup"":{""value"":0.8079839176075957,""score"":69.20160823924043},""V5_bo_expansion"":{""value"":0.6372310645827544,""score"":0},""_score"":57.21},""readiness"":{""_distance_atr"":3.954,""BR1_atr_distance"":{""score"":0},""BR2_compression"":{""score"":9.926918013500838},""BR3_retest"":{""score"":50.0},""BR4_bo_age"":{""score"":50.0},""_score"":19.98},""risk"":{""R1_stop_clarity"":{""score"":30.567462520821948},""R2_stop_distance_pct"":{""value"":-0.5373100217117944,""score"":36.56724945720514},""R3_stop_distance_atr"":{""value"":-0.12183601702757499,""score"":18.90819914862125},""R4_rr_potential"":{""value"":null,""score"":50.0},""_score"":34.51},""market"":{""M1_spy_regime"":{""score"":100.0},""M3_earnings_risk"":{""value"":null,""score"":80.0},""M4_vix"":{""value"":null,""score"":60.0},""_score"":84.0},""liquidity"":{""L1_price"":{""value"":43.755,""score"":100.0},""L2_dollar_vol"":{""value"":24808238.779831424,""score"":69.72979666715547},""L3_spread_proxy"":{""value"":0.030625071420409173,""score"":69.37492857959083},""L4_volume_zscore"":{""value"":-1.33992976753743,""score"":100.0},""_score"":84.83},""pattern_structure"":{""n_contractions"":5,""contractions_pct"":[14.97,17.15,31.5,10.82,13.09],""descending_strict"":false,""final_low"":44.66,""final_pivot"":51.385,""structural_low"":44.66,""dry_up_ratio"":0.5830363627460271,""current_price"":43.755,""neckline_distance_pct"":0.17438007084904572,""base_bars"":50},""pattern_geometry_features"":{""contraction_count"":5.0,""first_contraction_pct"":0.14967325407448237,""last_contraction_pct"":0.1308747689014304,""dry_up_ratio"":0.5830363627460271,""near_monotone"":0.0,""base_depth_pct"":0.2967482875364145},""_schema_version"":""1.0""}",,,,,,,,,,
20260515T180739Z-ad8508,2026-05-15T18:07:39.795834+00:00,EXE,ascending_triangle,forming,50.12,12.8,57.7,72.9,52.4,19.0,59.6,47.1,84.0,97.8,1.92,16.16,5.83,7.34,2.28,4.77,1.88,5.04,4.89,True,risk_unclear,97.05,98.18,93.0529,101.89,"{""trend"":{""T1_ema_stack"":{""value"":[false,false,false],""score"":0.0},""T2_ema50_slope"":{""value"":-0.18235815688486232,""score"":19.606973852522948},""T3_high_proximity"":{""value"":0.8519136235955056,""score"":25.956811797752778},""T4_rs_1m"":{""value"":-0.061538532838583127,""score"":0},""T5_rs_3m"":{""value"":-0.15653827468282622,""score"":0},""T6_adr_healthy"":{""value"":2.3405210495563646,""score"":100.0},""_score"":12.81},""geometry"":{""sub_flat_top_quality"":100,""sub_hl_slope"":3.4,""sub_compression"":46.7,""sub_duration"":100.0,""_score"":57.7},""compression"":{""VC1_atr_ratio"":{""value"":0.33023693444899366,""score"":100},""VC2_range_contraction"":{""value"":0.8534038996421436,""score"":24.43268339297607},""VC3_range_pct_rank"":{""score"":97.5},""_score"":72.93},""sr_quality"":{""SR1_touches"":{""value"":2,""score"":25.0},""SR2_tightness"":{""value"":0.125,""score"":90.22889511137664},""SR3_recency"":{""value"":285,""score"":0.0},""SR4_price_location"":{""score"":65.49636803874095},""SR5_reaction"":{""value"":5.272488197901166,""score"":100},""_score"":52.41,""_levels_found"":6,""_target_level"":98.475},""volume"":{""V1_rvol_day"":{""value"":0.3230016456211734,""score"":0},""V2_rvol_sameslot"":{""value"":0.5696163645804498,""score"":4.64109097202999,""status"":""ok""},""V3_breakout_bar"":{""value"":0.6265320241456416,""score"":8.435468276376106},""V4_base_dryup"":{""value"":0.7010558447678802,""score"":79.89441552321199},""V5_bo_expansion"":{""value"":0.32300164562117334,""score"":0},""_score"":19.02},""readiness"":{""_distance_atr"":0.442,""BR1_atr_distance"":{""score"":70.5564039356147},""BR2_compression"":{""score"":55.667861508291715},""BR3_retest"":{""score"":50.0},""BR4_bo_age"":{""score"":50.0},""_score"":59.64},""risk"":{""R1_stop_clarity"":{""score"":0},""R2_stop_distance_pct"":{""value"":4.118547140649151,""score"":100.0},""R3_stop_distance_atr"":{""value"":1.5622237918028798,""score"":100.0},""R4_rr_potential"":{""value"":1.210893033612293,""score"":10.544651680614647},""_score"":47.11},""market"":{""M1_spy_regime"":{""score"":100.0},""M3_earnings_risk"":{""value"":null,""score"":80.0},""M4_vix"":{""value"":null,""score"":60.0},""_score"":84.0},""liquidity"":{""L1_price"":{""value"":97.05,""score"":100.0},""L2_dollar_vol"":{""value"":88546669.64453475,""score"":97.35861157263406},""L3_spread_proxy"":{""value"":0.01179804224626477,""score"":88.20195775373523},""L4_volume_zscore"":{""value"":-1.9655195533568741,""score"":100.0},""_score"":97.76},""pattern_structure"":{""top"":98.18,""top_touches"":5,""low_slope_per_bar"":0.009727979274611323,""lowest_low"":94.47,""structural_low"":94.47,""current_price"":96.935,""neckline_distance_pct"":0.012843658121421618,""base_bars"":25},""pattern_geometry_features"":{""top_touches"":5.0,""low_slope"":0.009727979274611323,""compression"":0.23363881376970697,""atr_pct"":0.026363362037241503},""_schema_version"":""1.0""}",,,,,,,,,,
20260515T180739Z-ad8508,2026-05-15T18:07:39.795834+00:00,UEC,vcp,absent,49.81,40.3,42.3,56.1,67.7,19.4,28.4,81.7,84.0,94.4,6.05,10.57,6.73,8.12,2.52,1.98,4.08,5.04,4.72,False,,13.93,15.98,13.1694,17.79,"{""trend"":{""T1_ema_stack"":{""value"":[false,true,true],""score"":66.66666666666666},""T2_ema50_slope"":{""value"":0.15616503765316703,""score"":76.02750627552784},""T3_high_proximity"":{""value"":0.8457802064359442,""score"":22.89010321797208},""T4_rs_1m"":{""value"":-0.13948903832050918,""score"":0},""T5_rs_3m"":{""value"":-0.1917113799008766,""score"":0},""T6_adr_healthy"":{""value"":7.084081945398949,""score"":100.0},""_score"":40.31},""geometry"":{""sub_contraction_count"":100.0,""sub_reduction_rate"":1.4,""sub_pivot_tightness"":0,""sub_volume_dryup"":0,""sub_base_depth"":69.2,""sub_base_duration"":100.0,""_score"":42.27},""compression"":{""VC1_atr_ratio"":{""value"":0.6497637866987659,""score"":87.55905332530853},""VC2_range_contraction"":{""value"":1.0969101974566318,""score"":0},""VC3_range_pct_rank"":{""score"":84.16666666666667},""_score"":56.07},""sr_quality"":{""SR1_touches"":{""value"":7,""score"":100},""SR2_tightness"":{""value"":0.27257290206250423,""score"":53.71154016405799},""SR3_recency"":{""value"":251,""score"":0.0},""SR4_price_location"":{""score"":64.31247117027155},""SR5_reaction"":{""value"":1.8085274138767586,""score"":90.42637069383794},""_score"":67.7,""_levels_found"":6,""_target_level"":14.4329},""volume"":{""V1_rvol_day"":{""value"":0.7121686871651537,""score"":14.14457914434358},""V2_rvol_sameslot"":{""value"":0.7622219594293381,""score"":17.481463961955875,""status"":""ok""},""V3_breakout_bar"":{""value"":0.4914134243481842,""score"":0},""V4_base_dryup"":{""value"":0.8484228602514643,""score"":65.15771397485358},""V5_bo_expansion"":{""value"":0.7121686871651537,""score"":0},""_score"":19.36},""readiness"":{""_distance_atr"":1.741,""BR1_atr_distance"":{""score"":0},""BR2_compression"":{""score"":43.40662224985594},""BR3_retest"":{""score"":50.0},""BR4_bo_age"":{""score"":50.0},""_score"":28.35},""risk"":{""R1_stop_clarity"":{""score"":65.94250363901023},""R2_stop_distance_pct"":{""value"":5.459798994974877,""score"":100.0},""R3_stop_distance_atr"":{""value"":0.6457848131974772,""score"":57.28924065987386},""R4_rr_potential"":{""value"":5.075274472421271,""score"":100.0},""_score"":81.67},""market"":{""M1_spy_regime"":{""score"":100.0},""M3_earnings_risk"":{""value"":null,""score"":80.0},""M4_vix"":{""value"":null,""score"":60.0},""_score"":84.0},""liquidity"":{""L1_price"":{""value"":13.93,""score"":100.0},""L2_dollar_vol"":{""value"":86784401.36042488,""score"":96.92208360221616},""L3_spread_proxy"":{""value"":0.0434314429289304,""score"":56.5685570710696},""L4_volume_zscore"":{""value"":-1.372115987654166,""score"":100.0},""_score"":94.43},""pattern_structure"":{""n_contractions"":5,""contractions_pct"":[21.74,11.56,12.83,11.23,16.33],""descending_strict"":false,""final_low"":13.37,""final_pivot"":15.98,""structural_low"":13.37,""dry_up_ratio"":1.025806119464322,""current_price"":13.93,""neckline_distance_pct"":0.14716439339554924,""base_bars"":35},""pattern_geometry_features"":{""contraction_count"":5.0,""first_contraction_pct"":0.21739130434782603,""last_contraction_pct"":0.16332916145181484,""dry_up_ratio"":1.025806119464322,""near_monotone"":0.0,""base_depth_pct"":0.119235836627141},""_schema_version"":""1.0""}",,,,,,,,,,
20260515T180739Z-ad8508,2026-05-15T18:07:39.795834+00:00,TMC,breakout_retest_hold,breakout_confirmed,49.76,39.1,39.5,62.9,65.8,21.7,55.0,65.0,84.0,81.2,5.48,8.69,3.78,9.21,2.82,9.9,3.25,4.2,2.44,False,,5.54,5.33,5.2519,5.38,"{""trend"":{""T1_ema_stack"":{""value"":[true,false,false],""score"":33.33333333333333},""T2_ema50_slope"":{""value"":-0.0068921093580047625,""score"":48.85131510699921},""T3_high_proximity"":{""value"":0.8393939393939395,""score"":19.696969696969713},""T4_rs_1m"":{""value"":0.015288937176003436,""score"":65.28893717600343},""T5_rs_3m"":{""value"":-0.17957491315634022,""score"":0},""T6_adr_healthy"":{""value"":7.138488774564592,""score"":100.0},""_score"":39.12},""geometry"":{""sub_retest_depth"":84.2,""sub_retest_timing"":0.0,""sub_retest_freshness"":25.0,""sub_hold_quality"":30.8,""_score"":39.5},""compression"":{""VC1_atr_ratio"":{""value"":0.599190563222408,""score"":100},""VC2_range_contraction"":{""value"":1.1250663719375131,""score"":0},""VC3_range_pct_rank"":{""score"":91.66666666666666},""_score"":62.92},""sr_quality"":{""SR1_touches"":{""value"":3,""score"":50.0},""SR2_tightness"":{""value"":0.03681787005729081,""score"":82.1343714953444},""SR3_recency"":{""value"":273,""score"":0.0},""SR4_price_location"":{""score"":93.83886255924175},""SR5_reaction"":{""value"":2.3332120224829445,""score"":100},""_score"":65.78,""_levels_found"":6,""_target_level"":5.5833},""volume"":{""V1_rvol_day"":{""value"":0.6645472861897611,""score"":10.969819079317407},""V2_rvol_sameslot"":{""value"":0.7094847839903857,""score"":13.965652266025716,""status"":""ok""},""V3_breakout_bar"":{""value"":0.470540404909308,""score"":0},""V4_base_dryup"":{""value"":0.6658871154784255,""score"":83.41128845215745},""V5_bo_expansion"":{""value"":0.6645472861897611,""score"":0},""_score"":21.67},""readiness"":{""_distance_atr"":-0.51,""BR1_atr_distance"":{""score"":49.809888567318865},""BR2_compression"":{""score"":44.81512896615333},""BR3_retest"":{""score"":96.96722874027343},""BR4_bo_age"":{""score"":30.0},""_score"":55.02},""risk"":{""R1_stop_clarity"":{""score"":74.2578375474413},""R2_stop_distance_pct"":{""value"":5.199458483754515,""score"":100.0},""R3_stop_distance_atr"":{""value"":0.698871809091382,""score"":59.9435904545691},""R4_rr_potential"":{""value"":-0.555459121680261,""score"":0.0},""_score"":64.98},""market"":{""M1_spy_regime"":{""score"":100.0},""M3_earnings_risk"":{""value"":null,""score"":80.0},""M4_vix"":{""value"":null,""score"":60.0},""_score"":84.0},""liquidity"":{""L1_price"":{""value"":5.54,""score"":97.77},""L2_dollar_vol"":{""value"":20429462.470686182,""score"":65.51284699269439},""L3_spread_proxy"":{""value"":0.04422382671480146,""score"":55.77617328519854},""L4_volume_zscore"":{""value"":-0.7690185244142342,""score"":100.0},""_score"":81.23},""pattern_structure"":{""level"":5.33,""level_idx"":28,""breakout_idx"":34,""bo_peak_idx"":40,""bo_peak_price"":6.175,""retest_idx"":70,""retest_low"":5.305,""structural_low"":5.305,""current_price"":5.535,""neckline_distance_pct"":-0.03703703703703705,""base_bars"":51,""bars_since_breakout"":45},""pattern_geometry_features"":{""retest_depth_atr"":0.1894349426282774,""bars_breakout_to_retest"":36.0,""bars_since_retest"":9.0,""current_above_level_atr"":1.5533665295518533,""bo_peak_excess_pct"":0.1585365853658536,""atr_pct"":0.07439788550799382},""_schema_version"":""1.0""}",,,,,,,,,,
20260515T180739Z-ad8508,2026-05-15T18:07:39.795834+00:00,SNOW,vcp,setup,49.65,37.5,51.0,52.4,46.2,28.4,57.5,40.5,84.0,93.2,5.62,12.74,6.29,5.55,3.7,4.03,2.02,5.04,4.66,False,,158.475,156.7,132.2855,207.0,"{""trend"":{""T1_ema_stack"":{""value"":[true,false,false],""score"":33.33333333333333},""T2_ema50_slope"":{""value"":-0.3363952612792898,""score"":0},""T3_high_proximity"":{""value"":0.8667414132574929,""score"":33.37070662874642},""T4_rs_1m"":{""value"":0.0456162682250667,""score"":95.6162682250667},""T5_rs_3m"":{""value"":-0.21990640646159076,""score"":0},""T6_adr_healthy"":{""value"":4.612626985456351,""score"":100.0},""_score"":37.46},""geometry"":{""sub_contraction_count"":100.0,""sub_reduction_rate"":0,""sub_pivot_tightness"":0,""sub_volume_dryup"":39.8,""sub_base_depth"":100.0,""sub_base_duration"":100.0,""_score"":50.97},""compression"":{""VC1_atr_ratio"":{""value"":0.4102884525222288,""score"":100},""VC2_range_contraction"":{""value"":0.8339066746127305,""score"":27.682220897878253},""VC3_range_pct_rank"":{""score"":10.833333333333329},""_score"":52.4},""sr_quality"":{""SR1_touches"":{""value"":3,""score"":50.0},""SR2_tightness"":{""value"":0.13097921802926532,""score"":96.65043853080027},""SR3_recency"":{""value"":269,""score"":0.0},""SR4_price_location"":{""score"":6.968320418039786},""SR5_reaction"":{""value"":3.044066630437927,""score"":100},""_score"":46.24,""_levels_found"":6,""_target_level"":184.5867},""volume"":{""V1_rvol_day"":{""value"":0.7044105867917702,""score"":13.627372452784678},""V2_rvol_sameslot"":{""value"":1.2118582922348253,""score"":47.45721948232169,""status"":""ok""},""V3_breakout_bar"":{""value"":0.9263905317927662,""score"":28.426035452851078},""V4_base_dryup"":{""value"":1.0441425586224988,""score"":45.58574413775012},""V5_bo_expansion"":{""value"":0.70441058679177,""score"":0},""_score"":28.44},""readiness"":{""_distance_atr"":-0.227,""BR1_atr_distance"":{""score"":100.0},""BR2_compression"":{""score"":0},""BR3_retest"":{""score"":50.0},""BR4_bo_age"":{""score"":50.0},""_score"":57.5},""risk"":{""R1_stop_clarity"":{""score"":48.48273122080202},""R2_stop_distance_pct"":{""value"":16.525950465373075,""score"":0.0},""R3_stop_distance_atr"":{""value"":3.348750336790285,""score"":100.0},""R4_rr_potential"":{""value"":1.8528417877393617,""score"":42.64208938696809},""_score"":40.5},""market"":{""M1_spy_regime"":{""score"":100.0},""M3_earnings_risk"":{""value"":null,""score"":80.0},""M4_vix"":{""value"":null,""score"":60.0},""_score"":84.0},""liquidity"":{""L1_price"":{""value"":158.475,""score"":100.0},""L2_dollar_vol"":{""value"":753164447.480808,""score"":100.0},""L3_spread_proxy"":{""value"":0.06789714466004114,""score"":32.102855339958865},""L4_volume_zscore"":{""value"":-0.7858850726745604,""score"":100.0},""_score"":93.21},""pattern_structure"":{""n_contractions"":5,""contractions_pct"":[16.24,14.94,21.51,25.05,14.29],""descending_strict"":false,""final_low"":134.3,""final_pivot"":156.7,""structural_low"":134.3,""dry_up_ratio"":0.8008765746873889,""current_price"":158.475,""neckline_distance_pct"":-0.011200504811484498,""base_bars"":44},""pattern_geometry_features"":{""contraction_count"":5.0,""first_contraction_pct"":0.16237811484290354,""last_contraction_pct"":0.14294830887045296,""dry_up_ratio"":0.8008765746873889,""near_monotone"":0.0,""base_depth_pct"":0.2724810400866738},""_schema_version"":""1.0""}",,,,,,,,,,
20260515T180739Z-ad8508,2026-05-15T18:07:39.795834+00:00,NUAI,double_bottom,forming,49.63,36.2,67.5,63.5,49.6,0.5,28.8,68.9,84.0,75.2,5.44,16.87,5.08,6.95,0.06,2.3,4.13,5.04,3.76,False,,5.085,5.57,4.5753,6.495,"{""trend"":{""T1_ema_stack"":{""value"":[true,true,false],""score"":66.66666666666666},""T2_ema50_slope"":{""value"":-0.11078444479973931,""score"":31.535925866710112},""T3_high_proximity"":{""value"":0.850334448160535,""score"":25.167224080267502},""T4_rs_1m"":{""value"":-0.03727013632731224,""score"":12.729863672687756},""T5_rs_3m"":{""value"":-0.05572634092677564,""score"":22.13682953661218},""T6_adr_healthy"":{""value"":9.091709954133457,""score"":72.7072511466636},""_score"":36.25},""geometry"":{""sub_low_similarity"":1.3,""sub_bounce_quality"":100,""sub_separation_fit"":93.3,""sub_right_bottom_reaction"":87.3,""sub_base_context"":100.0,""_score"":67.48},""compression"":{""VC1_atr_ratio"":{""value"":0.4336123016140971,""score"":100},""VC2_range_contraction"":{""value"":0.9471385958012652,""score"":8.810234033122459},""VC3_range_pct_rank"":{""score"":81.66666666666667},""_score"":63.5},""sr_quality"":{""SR1_touches"":{""value"":3,""score"":50.0},""SR2_tightness"":{""value"":0.10178687974827086,""score"":54.833080301876635},""SR3_recency"":{""value"":75,""score"":25.0},""SR4_price_location"":{""score"":30.56281168368563},""SR5_reaction"":{""value"":2.827068145800316,""score"":100},""_score"":49.62,""_levels_found"":5,""_target_level"":5.4261},""volume"":{""V1_rvol_day"":{""value"":0.5335719589100952,""score"":2.238130594006349},""V2_rvol_sameslot"":{""value"":0.42444814364347094,""score"":0,""status"":""ok""},""V3_breakout_bar"":{""value"":0.2520115149490389,""score"":0},""V4_base_dryup"":{""value"":1.971060593883386,""score"":0},""V5_bo_expansion"":{""value"":0.5335719589100953,""score"":0},""_score"":0.45},""readiness"":{""_distance_atr"":1.076,""BR1_atr_distance"":{""score"":28.262017960908565},""BR2_compression"":{""score"":0},""BR3_retest"":{""score"":50.0},""BR4_bo_age"":{""score"":50.0},""_score"":28.8},""risk"":{""R1_stop_clarity"":{""score"":69.08240887480184},""R2_stop_distance_pct"":{""value"":10.023107177974445,""score"":49.422320550638865},""R3_stop_distance_atr"":{""value"":1.1308161648177508,""score"":81.54080824088754},""R4_rr_potential"":{""value"":2.7664688281748164,""score"":88.32344140874082},""_score"":68.9},""market"":{""M1_spy_regime"":{""score"":100.0},""M3_earnings_risk"":{""value"":null,""score"":80.0},""M4_vix"":{""value"":null,""score"":60.0},""_score"":84.0},""liquidity"":{""L1_price"":{""value"":5.085,""score"":97.5425},""L2_dollar_vol"":{""value"":15121242.186618283,""score"":58.97937346247466},""L3_spread_proxy"":{""value"":0.07767944936086538,""score"":22.320550639134623},""L4_volume_zscore"":{""value"":-1.187655424602468,""score"":100.0},""_score"":75.21},""pattern_structure"":{""left_low"":4.645,""left_idx"":45,""right_low"":4.88,""right_idx"":76,""separation_bars"":31,""structural_low"":4.645,""current_price"":5.065,""neckline_distance_pct"":0.09970384995064163,""base_bars"":31},""pattern_geometry_features"":{""low_similarity_pct"":0.04934383202099745,""bounce_pct"":0.19913885898815947,""right_bottom_reaction"":0.8734177215189857,""atr_pct"":0.08863604438825678},""_schema_version"":""1.0""}",,,,,,,,,,
20260515T180739Z-ad8508,2026-05-15T18:07:39.795834+00:00,MGNI,vcp,forming,49.07,44.1,56.6,38.8,41.4,24.3,40.2,75.4,84.0,77.8,6.62,14.15,4.66,4.97,3.16,2.81,3.77,5.04,3.89,False,,12.94,13.6,12.411,15.48,"{""trend"":{""T1_ema_stack"":{""value"":[false,true,false],""score"":33.33333333333333},""T2_ema50_slope"":{""value"":0.10534081895269484,""score"":67.55680315878247},""T3_high_proximity"":{""value"":0.9138418079096045,""score"":56.920903954802206},""T4_rs_1m"":{""value"":-0.10967412177055136,""score"":0},""T5_rs_3m"":{""value"":0.01671997969027683,""score"":58.359989845138415},""T6_adr_healthy"":{""value"":5.081822736705233,""score"":100.0},""_score"":44.14},""geometry"":{""sub_contraction_count"":100.0,""sub_reduction_rate"":31.8,""sub_pivot_tightness"":37.9,""sub_volume_dryup"":0,""sub_base_depth"":79.8,""sub_base_duration"":100.0,""_score"":56.62},""compression"":{""VC1_atr_ratio"":{""value"":0.7245093746211791,""score"":68.8726563447052},""VC2_range_contraction"":{""value"":1.2145448605012683,""score"":0},""VC3_range_pct_rank"":{""score"":44.99999999999999},""_score"":38.8},""sr_quality"":{""SR1_touches"":{""value"":2,""score"":25.0},""SR2_tightness"":{""value"":0.10000000000000053,""score"":71.14056605718275},""SR3_recency"":{""value"":238,""score"":0.0},""SR4_price_location"":{""score"":32.84142623602698},""SR5_reaction"":{""value"":2.272680422996845,""score"":100},""_score"":41.38,""_levels_found"":7,""_target_level"":13.7},""volume"":{""V1_rvol_day"":{""value"":0.3834984888110979,""score"":0},""V2_rvol_sameslot"":{""value"":1.1679843662111782,""score"":44.53229108074521,""status"":""ok""},""V3_breakout_bar"":{""value"":0.7773708273671387,""score"":18.49138849114258},""V4_base_dryup"":{""value"":0.9617161857833723,""score"":53.828381421662776},""V5_bo_expansion"":{""value"":0.3834984888110979,""score"":0},""_score"":24.29},""readiness"":{""_distance_atr"":0.952,""BR1_atr_distance"":{""score"":36.50924532580239},""BR2_compression"":{""score"":32.210963813497884},""BR3_retest"":{""score"":50.0},""BR4_bo_age"":{""score"":50.0},""_score"":40.16},""risk"":{""R1_stop_clarity"":{""score"":45.455669848075686},""R2_stop_distance_pct"":{""value"":4.088098918083462,""score"":100.0},""R3_stop_distance_atr"":{""value"":0.7633320277875119,""score"":63.1666013893756},""R4_rr_potential"":{""value"":4.801512287334596,""score"":100.0},""_score"":75.38},""market"":{""M1_spy_regime"":{""score"":100.0},""M3_earnings_risk"":{""value"":null,""score"":80.0},""M4_vix"":{""value"":null,""score"":60.0},""_score"":84.0},""liquidity"":{""L1_price"":{""value"":12.94,""score"":100.0},""L2_dollar_vol"":{""value"":13596409.07590346,""score"":56.671211137471154},""L3_spread_proxy"":{""value"":0.04829984544049459,""score"":51.70015455950541},""L4_volume_zscore"":{""value"":-1.3256680827780276,""score"":100.0},""_score"":77.84},""pattern_structure"":{""n_contractions"":5,""contractions_pct"":[18.47,12.88,9.66,13.08,7.35],""descending_strict"":false,""final_low"":12.6,""final_pivot"":13.6,""structural_low"":12.6,""dry_up_ratio"":1.6066248250095756,""current_price"":12.94,""neckline_distance_pct"":0.0510046367851623,""base_bars"":39},""pattern_geometry_features"":{""contraction_count"":5.0,""first_contraction_pct"":0.18473756906077352,""last_contraction_pct"":0.07352941176470588,""dry_up_ratio"":1.6066248250095756,""near_monotone"":0.0,""base_depth_pct"":0.12983425414364647},""_schema_version"":""1.0""}",,,,,,,,,,
20260515T180739Z-ad8508,2026-05-15T18:07:39.795834+00:00,SAIL,vcp,breakout_confirmed,48.83,36.7,50.0,44.6,58.2,38.8,32.4,41.8,84.0,80.9,5.51,12.49,5.35,6.98,5.04,2.27,2.09,5.04,4.04,False,,13.6,12.73,11.2093,17.775,"{""trend"":{""T1_ema_stack"":{""value"":[true,false,false],""score"":33.33333333333333},""T2_ema50_slope"":{""value"":-0.36476258811421874,""score"":0},""T3_high_proximity"":{""value"":0.8452454940957116,""score"":22.622747047855775},""T4_rs_1m"":{""value"":0.10503303701619027,""score"":100},""T5_rs_3m"":{""value"":-0.23499156950870959,""score"":0},""T6_adr_healthy"":{""value"":5.678836665921047,""score"":100.0},""_score"":36.73},""geometry"":{""sub_contraction_count"":100.0,""sub_reduction_rate"":22.8,""sub_pivot_tightness"":0,""sub_volume_dryup"":0,""sub_base_depth"":92.8,""sub_base_duration"":100.0,""_score"":49.98},""compression"":{""VC1_atr_ratio"":{""value"":0.51110947556079,""score"":100},""VC2_range_contraction"":{""value"":0.9745530905409621,""score"":4.241151576506323},""VC3_range_pct_rank"":{""score"":12.5},""_score"":44.61},""sr_quality"":{""SR1_touches"":{""value"":2,""score"":25.0},""SR2_tightness"":{""value"":0.09250000000000025,""score"":75.80072504391369},""SR3_recency"":{""value"":227,""score"":0.0},""SR4_price_location"":{""score"":97.28643216080414},""SR5_reaction"":{""value"":2.2367978472922956,""score"":100},""_score"":58.19,""_levels_found"":6,""_target_level"":13.6225},""volume"":{""V1_rvol_day"":{""value"":0.8066608661565648,""score"":20.44405774377099},""V2_rvol_sameslot"":{""value"":2.937150828979121,""score"":100,""status"":""ok""},""V3_breakout_bar"":{""value"":1.04086106534129,""score"":36.057404356085996},""V4_base_dryup"":{""value"":1.2155848657286679,""score"":28.441513427133216},""V5_bo_expansion"":{""value"":0.806660866156565,""score"":0},""_score"":38.79},""readiness"":{""_distance_atr"":-1.138,""BR1_atr_distance"":{""score"":37.23960085211349},""BR2_compression"":{""score"":0},""BR3_retest"":{""score"":50.0},""BR4_bo_age"":{""score"":50.0},""_score"":32.4},""risk"":{""R1_stop_clarity"":{""score"":55.34252718914676},""R2_stop_distance_pct"":{""value"":17.578676470588228,""score"":0.0},""R3_stop_distance_atr"":{""value"":3.127200358784615,""score"":100.0},""R4_rr_potential"":{""value"":1.7463504412933453,""score"":37.317522064667266},""_score"":41.83},""market"":{""M1_spy_regime"":{""score"":100.0},""M3_earnings_risk"":{""value"":null,""score"":80.0},""M4_vix"":{""value"":null,""score"":60.0},""_score"":84.0},""liquidity"":{""L1_price"":{""value"":13.6,""score"":100.0},""L2_dollar_vol"":{""value"":29260958.7189264,""score"":73.31442757189515},""L3_spread_proxy"":{""value"":0.08444852941176473,""score"":15.551470588235276},""L4_volume_zscore"":{""value"":-0.544297147183874,""score"":100.0},""_score"":80.88},""pattern_structure"":{""n_contractions"":5,""contractions_pct"":[22.01,28.26,23.87,11.21,10.6],""descending_strict"":false,""final_low"":11.38,""final_pivot"":12.73,""structural_low"":11.38,""dry_up_ratio"":1.0913928748320036,""current_price"":13.6,""neckline_distance_pct"":-0.06397058823529406,""base_bars"":56},""pattern_geometry_features"":{""contraction_count"":5.0,""first_contraction_pct"":0.22009132420091324,""last_contraction_pct"":0.10604870384917514,""dry_up_ratio"":1.0913928748320036,""near_monotone"":0.0,""base_depth_pct"":0.30715372907153726},""_schema_version"":""1.0""}",,,,,,,,,,
20260515T180739Z-ad8508,2026-05-15T18:07:39.795834+00:00,FRMI,bull_flag,forming,48.34,10.7,72.9,43.3,68.6,2.7,22.2,80.1,84.0,88.3,1.49,21.86,3.9,6.86,0.38,2.0,2.4,5.04,4.42,False,,6.7551,7.74,6.5207,10.505,"{""trend"":{""T1_ema_stack"":{""value"":[true,false,false],""score"":33.33333333333333},""T2_ema50_slope"":{""value"":-0.8705978162961481,""score"":0},""T3_high_proximity"":{""value"":0.5729516539440204,""score"":0},""T4_rs_1m"":{""value"":-0.0455958529870546,""score"":4.404147012945401},""T5_rs_3m"":{""value"":-0.4327906230856321,""score"":0},""T6_adr_healthy"":{""value"":10.85410028385612,""score"":28.647492903597005},""_score"":10.65},""geometry"":{""sub_pole_impulse"":100.0,""sub_flag_tightness"":56.6,""sub_flag_shallowness"":47.9,""sub_flag_drift"":60.9,""sub_flag_duration"":100.0,""_score"":72.86},""compression"":{""VC1_atr_ratio"":{""value"":0.7046098433034174,""score"":73.84753917414567},""VC2_range_contraction"":{""value"":1.1502105809262828,""score"":0},""VC3_range_pct_rank"":{""score"":55.00000000000001},""_score"":43.29},""sr_quality"":{""SR1_touches"":{""value"":3,""score"":50.0},""SR2_tightness"":{""value"":0.0984321537348894,""score"":67.33859138489639},""SR3_recency"":{""value"":57,""score"":55.00000000000001},""SR4_price_location"":{""score"":80.98267231420868},""SR5_reaction"":{""value"":4.131114903299203,""score"":100},""_score"":68.6,""_levels_found"":6,""_target_level"":7.1667},""volume"":{""V1_rvol_day"":{""value"":0.5204829447123778,""score"":1.3655296474918512},""V2_rvol_sameslot"":{""value"":0.6848018176425323,""score"":12.320121176168824,""status"":""ok""},""V3_breakout_bar"":{""value"":0.1975004246053346,""score"":0},""V4_base_dryup"":{""value"":1.5826394269893667,""score"":0},""V5_bo_expansion"":{""value"":0.5204829447123778,""score"":0},""_score"":2.74},""readiness"":{""_distance_atr"":1.634,""BR1_atr_distance"":{""score"":0},""BR2_compression"":{""score"":18.69999367237276},""BR3_retest"":{""score"":50.0},""BR4_bo_age"":{""score"":50.0},""_score"":22.17},""risk"":{""R1_stop_clarity"":{""score"":67.05062571103514},""R2_stop_distance_pct"":{""value"":3.469970836849195,""score"":100.0},""R3_stop_distance_atr"":{""value"":0.38888888888888873,""score"":44.44444444444444},""R4_rr_potential"":{""value"":15.99786689419796,""score"":100.0},""_score"":80.13},""market"":{""M1_spy_regime"":{""score"":100.0},""M3_earnings_risk"":{""value"":null,""score"":80.0},""M4_vix"":{""value"":null,""score"":60.0},""_score"":84.0},""liquidity"":{""L1_price"":{""value"":6.7551,""score"":98.37755},""L2_dollar_vol"":{""value"":74632646.13618208,""score"":93.64644200060255},""L3_spread_proxy"":{""value"":0.08734141611523144,""score"":12.65858388476856},""L4_volume_zscore"":{""value"":-0.6117661735124784,""score"":100.0},""_score"":88.32},""pattern_structure"":{""pole_low"":4.975,""pole_low_idx"":32,""peak_price"":7.74,""peak_idx"":52,""pole_gain"":0.555778894472362,""flag_bars"":7,""flag_low"":6.62,""flag_high"":7.74,""structural_low"":6.62,""current_price"":6.8875,""neckline_distance_pct"":0.12377495462794919,""base_bars"":7},""pattern_geometry_features"":{""pole_gain"":0.555778894472362,""pullback_pct"":0.144702842377261,""flag_range_pct"":0.144702842377261,""flag_drift_per_bar"":-0.007816956183562328,""atr_pct"":0.08922782151897933,""pole_atr_multiple"":6.228762341285495},""_schema_version"":""1.0""}",,,,,,,,,,
20260515T180739Z-ad8508,2026-05-15T18:07:39.795834+00:00,V,ascending_triangle,absent,48.26,57.5,41.0,59.6,40.0,16.1,51.4,45.0,84.0,98.4,8.62,11.47,4.77,5.59,1.93,4.11,1.8,5.04,4.92,True,risk_unclear,327.23,329.01,311.4176,341.86,"{""trend"":{""T1_ema_stack"":{""value"":[true,true,false],""score"":66.66666666666666},""T2_ema50_slope"":{""value"":0.07560913276912944,""score"":62.601522128188236},""T3_high_proximity"":{""value"":0.9772143582392642,""score"":88.60717911963206},""T4_rs_1m"":{""value"":-0.019858758030882884,""score"":30.141241969117118},""T5_rs_3m"":{""value"":-0.047394612487229315,""score"":26.30269375638534},""T6_adr_healthy"":{""value"":1.7435206524358344,""score"":100.0},""_score"":57.45},""geometry"":{""sub_flat_top_quality"":66.7,""sub_hl_slope"":1.5,""sub_compression"":22.1,""sub_duration"":100.0,""_score"":40.98},""compression"":{""VC1_atr_ratio"":{""value"":0.5748896333095139,""score"":100},""VC2_range_contraction"":{""value"":0.9274951552695583,""score"":12.084140788406954},""VC3_range_pct_rank"":{""score"":61.66666666666667},""_score"":59.65},""sr_quality"":{""SR1_touches"":{""value"":2,""score"":25.0},""SR2_tightness"":{""value"":1.7399999999999807,""score"":55.38257246210959},""SR3_recency"":{""value"":293,""score"":0.0},""SR4_price_location"":{""score"":39.48753948753947},""SR5_reaction"":{""value"":1.9039333302806851,""score"":95.19666651403426},""_score"":39.96,""_levels_found"":7,""_target_level"":335.85},""volume"":{""V1_rvol_day"":{""value"":0.4646655195889519,""score"":0},""V2_rvol_sameslot"":{""value"":0.6886692737984723,""score"":12.57795158656482,""status"":""ok""},""V3_breakout_bar"":{""value"":0.5461469566557179,""score"":3.0764637770478593},""V4_base_dryup"":{""value"":0.8593228349124362,""score"":64.06771650875638},""V5_bo_expansion"":{""value"":0.46466551958895197,""score"":0},""_score"":16.1},""readiness"":{""_distance_atr"":0.228,""BR1_atr_distance"":{""score"":84.78562815757766},""BR2_compression"":{""score"":0},""BR3_retest"":{""score"":50.0},""BR4_bo_age"":{""score"":50.0},""_score"":51.41},""risk"":{""R1_stop_clarity"":{""score"":0},""R2_stop_distance_pct"":{""value"":4.832197536900659,""score"":100.0},""R3_stop_distance_atr"":{""value"":2.0273235954027222,""score"":100.0},""R4_rr_potential"":{""value"":0.9252232425185244,""score"":0.0},""_score"":45.0},""market"":{""M1_spy_regime"":{""score"":100.0},""M3_earnings_risk"":{""value"":null,""score"":80.0},""M4_vix"":{""value"":null,""score"":60.0},""_score"":84.0},""liquidity"":{""L1_price"":{""value"":327.23,""score"":100.0},""L2_dollar_vol"":{""value"":1114701154.8437462,""score"":100.0},""L3_spread_proxy"":{""value"":0.015799284906640638,""score"":84.20071509335936},""L4_volume_zscore"":{""value"":-1.4140223734867323,""score"":100.0},""_score"":98.42},""pattern_structure"":{""top"":329.01,""top_touches"":3,""low_slope_per_bar"":0.014353999053477175,""lowest_low"":316.16,""structural_low"":316.16,""current_price"":327.43,""neckline_distance_pct"":0.004825458876706423,""base_bars"":38},""pattern_geometry_features"":{""top_touches"":3.0,""low_slope"":0.014353999053477175,""compression"":0.11060175053672894,""atr_pct"":0.02383535390136253},""_schema_version"":""1.0""}",,,,,,,,,,
20260515T180739Z-ad8508,2026-05-15T18:07:39.795834+00:00,AIR,double_bottom,invalidated,48.01,33.9,48.7,56.3,57.9,33.5,35.0,31.3,84.0,81.3,5.08,12.16,4.51,8.11,4.36,2.8,1.88,5.04,4.07,False,,104.22,121.59,105.2325,136.345,"{""trend"":{""T1_ema_stack"":{""value"":[false,true,true],""score"":66.66666666666666},""T2_ema50_slope"":{""value"":0.005673875734431631,""score"":50.945645955738605},""T3_high_proximity"":{""value"":0.8272085086117946,""score"":13.604254305897289},""T4_rs_1m"":{""value"":-0.17893501540314627,""score"":0},""T5_rs_3m"":{""value"":-0.166798773345205,""score"":0},""T6_adr_healthy"":{""value"":3.8930978827860994,""score"":100.0},""_score"":33.9},""geometry"":{""sub_low_similarity"":55.6,""sub_bounce_quality"":100,""sub_separation_fit"":0.0,""sub_right_bottom_reaction"":39.9,""sub_base_context"":30.0,""_score"":48.66},""compression"":{""VC1_atr_ratio"":{""value"":0.5540624872440866,""score"":100},""VC2_range_contraction"":{""value"":0.9559717062553712,""score"":7.338048957438134},""VC3_range_pct_rank"":{""score"":55.00000000000001},""_score"":56.32},""sr_quality"":{""SR1_touches"":{""value"":2,""score"":25.0},""SR2_tightness"":{""value"":0.40500000000000114,""score"":82.95249549007812},""SR3_recency"":{""value"":236,""score"":0.0},""SR4_price_location"":{""score"":91.87132480110691},""SR5_reaction"":{""value"":2.7907396271797955,""score"":100},""_score"":57.91,""_levels_found"":5,""_target_level"":104.455},""volume"":{""V1_rvol_day"":{""value"":0.4276660752429433,""score"":0},""V2_rvol_sameslot"":{""value"":1.28770222091802,""score"":52.513481394534665,""status"":""ok""},""V3_breakout_bar"":{""value"":1.1874020830624874,""score"":45.82680553749916},""V4_base_dryup"":{""value"":0.9206473120079529,""score"":57.93526879920471},""V5_bo_expansion"":{""value"":0.4276660752429433,""score"":0},""_score"":33.55},""readiness"":{""_distance_atr"":3.656,""BR1_atr_distance"":{""score"":0},""BR2_compression"":{""score"":70.2050980163557},""BR3_retest"":{""score"":50.0},""BR4_bo_age"":{""score"":50.0},""_score"":35.05},""risk"":{""R1_stop_clarity"":{""score"":32.54555021046305},""R2_stop_distance_pct"":{""value"":-0.971478602955282,""score"":25.71303492611795},""R3_stop_distance_atr"":{""value"":-0.21308854479855566,""score"":14.345572760072223},""R4_rr_potential"":{""value"":null,""score"":50.0},""_score"":31.26},""market"":{""M1_spy_regime"":{""score"":100.0},""M3_earnings_risk"":{""value"":null,""score"":80.0},""M4_vix"":{""value"":null,""score"":60.0},""_score"":84.0},""liquidity"":{""L1_price"":{""value"":104.22,""score"":100.0},""L2_dollar_vol"":{""value"":16845675.93578358,""score"":61.324422090556794},""L3_spread_proxy"":{""value"":0.031999616196507326,""score"":68.00038380349267},""L4_volume_zscore"":{""value"":-2.074503624744225,""score"":100.0},""_score"":81.33},""pattern_structure"":{""left_low"":109.235,""left_idx"":24,""right_low"":106.835,""right_idx"":72,""separation_bars"":48,""structural_low"":106.835,""current_price"":104.495,""neckline_distance_pct"":0.16359634432269485,""base_bars"":48},""pattern_geometry_features"":{""low_similarity_pct"":0.02221502290924243,""bounce_pct"":0.13811016988814537,""right_bottom_reaction"":0.39877300613496697,""atr_pct"":0.045590372015242506},""_schema_version"":""1.0""}",,,,,,,,,,
20260515T180739Z-ad8508,2026-05-15T18:07:39.795834+00:00,TMC,vcp,absent,47.96,39.1,35.0,62.9,65.8,18.6,50.0,57.6,84.0,81.2,5.87,8.75,7.55,7.89,2.42,3.5,2.88,5.04,4.06,False,,5.54,5.8299,4.7969,11.0099,"{""trend"":{""T1_ema_stack"":{""value"":[true,false,false],""score"":33.33333333333333},""T2_ema50_slope"":{""value"":-0.0068921093580047625,""score"":48.85131510699921},""T3_high_proximity"":{""value"":0.8393939393939395,""score"":19.696969696969713},""T4_rs_1m"":{""value"":0.015288937176003436,""score"":65.28893717600343},""T5_rs_3m"":{""value"":-0.17957491315634022,""score"":0},""T6_adr_healthy"":{""value"":7.138488774564592,""score"":100.0},""_score"":39.12},""geometry"":{""sub_contraction_count"":100.0,""sub_reduction_rate"":0,""sub_pivot_tightness"":0,""sub_volume_dryup"":0,""sub_base_depth"":0.0,""sub_base_duration"":100.0,""_score"":35.0},""compression"":{""VC1_atr_ratio"":{""value"":0.599190563222408,""score"":100},""VC2_range_contraction"":{""value"":1.1250663719375131,""score"":0},""VC3_range_pct_rank"":{""score"":91.66666666666666},""_score"":62.92},""sr_quality"":{""SR1_touches"":{""value"":3,""score"":50.0},""SR2_tightness"":{""value"":0.03681787005729081,""score"":82.1343714953444},""SR3_recency"":{""value"":273,""score"":0.0},""SR4_price_location"":{""score"":93.83886255924175},""SR5_reaction"":{""value"":2.3332120224829445,""score"":100},""_score"":65.78,""_levels_found"":6,""_target_level"":5.5833},""volume"":{""V1_rvol_day"":{""value"":0.6645472861897611,""score"":10.969819079317407},""V2_rvol_sameslot"":{""value"":0.7094847839903857,""score"":13.965652266025716,""status"":""ok""},""V3_breakout_bar"":{""value"":0.470540404909308,""score"":0},""V4_base_dryup"":{""value"":0.8194539326208465,""score"":68.05460673791535},""V5_bo_expansion"":{""value"":0.6645472861897611,""score"":0},""_score"":18.6},""readiness"":{""_distance_atr"":0.703,""BR1_atr_distance"":{""score"":53.10931262961483},""BR2_compression"":{""score"":44.81512896615333},""BR3_retest"":{""score"":50.0},""BR4_bo_age"":{""score"":50.0},""_score"":49.95},""risk"":{""R1_stop_clarity"":{""score"":64.55296951631618},""R2_stop_distance_pct"":{""value"":13.412454873646212,""score"":0.0},""R3_stop_distance_atr"":{""value"":1.8028005476318392,""score"":100.0},""R4_rr_potential"":{""value"":7.361415786286253,""score"":100.0},""_score"":57.59},""market"":{""M1_spy_regime"":{""score"":100.0},""M3_earnings_risk"":{""value"":null,""score"":80.0},""M4_vix"":{""value"":null,""score"":60.0},""_score"":84.0},""liquidity"":{""L1_price"":{""value"":5.54,""score"":97.77},""L2_dollar_vol"":{""value"":20429462.470686182,""score"":65.51284699269439},""L3_spread_proxy"":{""value"":0.04422382671480146,""score"":55.77617328519854},""L4_volume_zscore"":{""value"":-0.7690185244142342,""score"":100.0},""_score"":81.23},""pattern_structure"":{""n_contractions"":5,""contractions_pct"":[43.98,16.94,39.86,13.11,16.47],""descending_strict"":false,""final_low"":4.87,""final_pivot"":5.8299,""structural_low"":4.87,""dry_up_ratio"":1.4012949456879027,""current_price"":5.54,""neckline_distance_pct"":0.052328519855595716,""base_bars"":67},""pattern_geometry_features"":{""contraction_count"":5.0,""first_contraction_pct"":0.4398009950248757,""last_contraction_pct"":0.16465119470316816,""dry_up_ratio"":1.4012949456879027,""near_monotone"":0.0,""base_depth_pct"":0.5154228855721393},""_schema_version"":""1.0""}",,,,,,,,,,
20260515T180739Z-ad8508,2026-05-15T18:07:39.795834+00:00,ICE,vcp,forming,47.87,22.8,53.4,59.7,58.1,19.0,20.6,62.4,84.0,98.1,3.42,13.35,7.16,6.97,2.47,1.44,3.12,5.04,4.9,True,risk_unclear,154.6,161.3374,150.0687,176.2834,"{""trend"":{""T1_ema_stack"":{""value"":[false,false,false],""score"":0.0},""T2_ema50_slope"":{""value"":-0.0982175992716215,""score"":33.63040012139641},""T3_high_proximity"":{""value"":0.9213898325287562,""score"":60.694916264378065},""T4_rs_1m"":{""value"":-0.11423233627212959,""score"":0},""T5_rs_3m"":{""value"":-0.0740278330433517,""score"":12.986083478324147},""T6_adr_healthy"":{""value"":2.3256002241676668,""score"":100.0},""_score"":22.78},""geometry"":{""sub_contraction_count"":100.0,""sub_reduction_rate"":17.3,""sub_pivot_tightness"":63.3,""sub_volume_dryup"":4.3,""sub_base_depth"":39.3,""sub_base_duration"":100.0,""_score"":53.4},""compression"":{""VC1_atr_ratio"":{""value"":0.3888455815832759,""score"":100},""VC2_range_contraction"":{""value"":0.8836385554903666,""score"":19.393574084938898},""VC3_range_pct_rank"":{""score"":51.66666666666666},""_score"":59.7},""sr_quality"":{""SR1_touches"":{""value"":3,""score"":50.0},""SR2_tightness"":{""value"":0.27307915010528006,""score"":86.06121842771518},""SR3_recency"":{""value"":240,""score"":0.0},""SR4_price_location"":{""score"":72.43120624255424},""SR5_reaction"":{""value"":1.6055068115072855,""score"":80.27534057536427},""_score"":58.06,""_levels_found"":7,""_target_level"":155.3883},""volume"":{""V1_rvol_day"":{""value"":0.3022056431825708,""score"":0},""V2_rvol_sameslot"":{""value"":0.6074171267373513,""score"":7.161141782490084,""status"":""ok""},""V3_breakout_bar"":{""value"":0.6098680157605153,""score"":7.3245343840343535},""V4_base_dryup"":{""value"":0.713859583915993,""score"":78.6140416084007},""V5_bo_expansion"":{""value"":0.3022056431825708,""score"":0},""_score"":18.99},""readiness"":{""_distance_atr"":1.719,""BR1_atr_distance"":{""score"":0},""BR2_compression"":{""score"":12.33136362186014},""BR3_retest"":{""score"":50.0},""BR4_bo_age"":{""score"":50.0},""_score"":20.58},""risk"":{""R1_stop_clarity"":{""score"":0},""R2_stop_distance_pct"":{""value"":2.9309896507115076,""score"":100.0},""R3_stop_distance_atr"":{""value"":1.1564584901842456,""score"":82.82292450921229},""R4_rr_potential"":{""value"":4.785238705804734,""score"":100.0},""_score"":62.42},""market"":{""M1_spy_regime"":{""score"":100.0},""M3_earnings_risk"":{""value"":null,""score"":80.0},""M4_vix"":{""value"":null,""score"":60.0},""_score"":84.0},""liquidity"":{""L1_price"":{""value"":154.6,""score"":100.0},""L2_dollar_vol"":{""value"":140627335.7111074,""score"":100.0},""L3_spread_proxy"":{""value"":0.019177878395860284,""score"":80.82212160413971},""L4_volume_zscore"":{""value"":-2.0819213148124907,""score"":100.0},""_score"":98.08},""pattern_structure"":{""n_contractions"":5,""contractions_pct"":[8.16,6.44,6.19,6.38,5.57],""descending_strict"":false,""final_low"":152.354,""final_pivot"":161.3374,""structural_low"":152.354,""dry_up_ratio"":0.9783762514415206,""current_price"":154.6,""neckline_distance_pct"":0.04357956015523938,""base_bars"":43},""pattern_geometry_features"":{""contraction_count"":5.0,""first_contraction_pct"":0.0816497310221161,""last_contraction_pct"":0.05568082787995833,""dry_up_ratio"":0.9783762514415206,""near_monotone"":0.0,""base_depth_pct"":0.08933652121936639},""_schema_version"":""1.0""}",,,,,,,,,,
20260515T180739Z-ad8508,2026-05-15T18:07:39.795834+00:00,AIR,vcp,absent,47.86,33.9,41.1,56.3,57.9,32.9,35.0,58.8,84.0,81.3,5.08,10.29,6.76,6.95,4.28,2.45,2.94,5.04,4.07,False,,104.22,127.21,103.2871,140.35,"{""trend"":{""T1_ema_stack"":{""value"":[false,true,true],""score"":66.66666666666666},""T2_ema50_slope"":{""value"":0.005673875734431631,""score"":50.945645955738605},""T3_high_proximity"":{""value"":0.8272085086117946,""score"":13.604254305897289},""T4_rs_1m"":{""value"":-0.17893501540314627,""score"":0},""T5_rs_3m"":{""value"":-0.166798773345205,""score"":0},""T6_adr_healthy"":{""value"":3.8930978827860994,""score"":100.0},""_score"":33.9},""geometry"":{""sub_contraction_count"":100.0,""sub_reduction_rate"":0,""sub_pivot_tightness"":0,""sub_volume_dryup"":0,""sub_base_depth"":61.4,""sub_base_duration"":100.0,""_score"":41.14},""compression"":{""VC1_atr_ratio"":{""value"":0.5540624872440866,""score"":100},""VC2_range_contraction"":{""value"":0.9559717062553712,""score"":7.338048957438134},""VC3_range_pct_rank"":{""score"":55.00000000000001},""_score"":56.32},""sr_quality"":{""SR1_touches"":{""value"":2,""score"":25.0},""SR2_tightness"":{""value"":0.40500000000000114,""score"":82.95249549007812},""SR3_recency"":{""value"":236,""score"":0.0},""SR4_price_location"":{""score"":91.87132480110691},""SR5_reaction"":{""value"":2.7907396271797955,""score"":100},""_score"":57.91,""_levels_found"":5,""_target_level"":104.455},""volume"":{""V1_rvol_day"":{""value"":0.4276660752429433,""score"":0},""V2_rvol_sameslot"":{""value"":1.28770222091802,""score"":52.513481394534665,""status"":""ok""},""V3_breakout_bar"":{""value"":1.1874020830624874,""score"":45.82680553749916},""V4_base_dryup"":{""value"":0.9509781882660255,""score"":54.902181173397445},""V5_bo_expansion"":{""value"":0.4276660752429433,""score"":0},""_score"":32.94},""readiness"":{""_distance_atr"":4.839,""BR1_atr_distance"":{""score"":0},""BR2_compression"":{""score"":70.2050980163557},""BR3_retest"":{""score"":50.0},""BR4_bo_age"":{""score"":50.0},""_score"":35.05},""risk"":{""R1_stop_clarity"":{""score"":33.79254359591086},""R2_stop_distance_pct"":{""value"":0.8951256956438338,""score"":72.37814239109585},""R3_stop_distance_atr"":{""value"":0.1963409500901991,""score"":34.81704750450996},""R4_rr_potential"":{""value"":38.7286954657518,""score"":100.0},""_score"":58.76},""market"":{""M1_spy_regime"":{""score"":100.0},""M3_earnings_risk"":{""value"":null,""score"":80.0},""M4_vix"":{""value"":null,""score"":60.0},""_score"":84.0},""liquidity"":{""L1_price"":{""value"":104.22,""score"":100.0},""L2_dollar_vol"":{""value"":16845675.93578358,""score"":61.324422090556794},""L3_spread_proxy"":{""value"":0.031999616196507326,""score"":68.00038380349267},""L4_volume_zscore"":{""value"":-2.074503624744225,""score"":100.0},""_score"":81.33},""pattern_structure"":{""n_contractions"":5,""contractions_pct"":[5.38,15.77,8.44,16.84,17.57],""descending_strict"":false,""final_low"":104.86,""final_pivot"":127.21,""structural_low"":104.86,""dry_up_ratio"":1.0360017094812113,""current_price"":104.22,""neckline_distance_pct"":0.22059105737862209,""base_bars"":52},""pattern_geometry_features"":{""contraction_count"":5.0,""first_contraction_pct"":0.05381355932203385,""last_contraction_pct"":0.1756937347692791,""dry_up_ratio"":1.0360017094812113,""near_monotone"":0.0,""base_depth_pct"":0.11135593220338984},""_schema_version"":""1.0""}",,,,,,,,,,
20260515T180739Z-ad8508,2026-05-15T18:07:39.795834+00:00,EXE,vcp,forming,47.63,12.8,54.5,72.9,52.4,13.1,31.4,64.1,84.0,97.8,1.92,13.63,8.75,6.29,1.7,2.2,3.21,5.04,4.89,True,risk_unclear,97.05,114.81,93.5159,134.06,"{""trend"":{""T1_ema_stack"":{""value"":[false,false,false],""score"":0.0},""T2_ema50_slope"":{""value"":-0.18235815688486232,""score"":19.606973852522948},""T3_high_proximity"":{""value"":0.8519136235955056,""score"":25.956811797752778},""T4_rs_1m"":{""value"":-0.061538532838583127,""score"":0},""T5_rs_3m"":{""value"":-0.15653827468282622,""score"":0},""T6_adr_healthy"":{""value"":2.3405210495563646,""score"":100.0},""_score"":12.81},""geometry"":{""sub_contraction_count"":100.0,""sub_reduction_rate"":0,""sub_pivot_tightness"":0,""sub_volume_dryup"":63.6,""sub_base_depth"":100.0,""sub_base_duration"":100.0,""_score"":54.54},""compression"":{""VC1_atr_ratio"":{""value"":0.33023693444899366,""score"":100},""VC2_range_contraction"":{""value"":0.8534038996421436,""score"":24.43268339297607},""VC3_range_pct_rank"":{""score"":97.5},""_score"":72.93},""sr_quality"":{""SR1_touches"":{""value"":2,""score"":25.0},""SR2_tightness"":{""value"":0.125,""score"":90.22889511137664},""SR3_recency"":{""value"":285,""score"":0.0},""SR4_price_location"":{""score"":65.49636803874095},""SR5_reaction"":{""value"":5.272488197901166,""score"":100},""_score"":52.41,""_levels_found"":6,""_target_level"":98.475},""volume"":{""V1_rvol_day"":{""value"":0.3230016456211734,""score"":0},""V2_rvol_sameslot"":{""value"":0.5696163645804498,""score"":4.64109097202999,""status"":""ok""},""V3_breakout_bar"":{""value"":0.6265320241456416,""score"":8.435468276376106},""V4_base_dryup"":{""value"":0.9969054822406686,""score"":50.30945177593315},""V5_bo_expansion"":{""value"":0.32300164562117334,""score"":0},""_score"":13.1},""readiness"":{""_distance_atr"":6.941,""BR1_atr_distance"":{""score"":0},""BR2_compression"":{""score"":55.667861508291715},""BR3_retest"":{""score"":50.0},""BR4_bo_age"":{""score"":50.0},""_score"":31.42},""risk"":{""R1_stop_clarity"":{""score"":0},""R2_stop_distance_pct"":{""value"":3.6415249871200364,""score"":100.0},""R3_stop_distance_atr"":{""value"":1.38128247147535,""score"":94.0641235737675},""R4_rr_potential"":{""value"":10.472256019920222,""score"":100.0},""_score"":64.11},""market"":{""M1_spy_regime"":{""score"":100.0},""M3_earnings_risk"":{""value"":null,""score"":80.0},""M4_vix"":{""value"":null,""score"":60.0},""_score"":84.0},""liquidity"":{""L1_price"":{""value"":97.05,""score"":100.0},""L2_dollar_vol"":{""value"":88546669.64453475,""score"":97.35861157263406},""L3_spread_proxy"":{""value"":0.01179804224626477,""score"":88.20195775373523},""L4_volume_zscore"":{""value"":-1.9655195533568741,""score"":100.0},""_score"":97.76},""pattern_structure"":{""n_contractions"":5,""contractions_pct"":[7.43,10.43,6.54,5.8,17.31],""descending_strict"":false,""final_low"":94.94,""final_pivot"":114.81,""structural_low"":94.94,""dry_up_ratio"":0.6820319852503183,""current_price"":97.05,""neckline_distance_pct"":0.18299845440494597,""base_bars"":51},""pattern_geometry_features"":{""contraction_count"":5.0,""first_contraction_pct"":0.07425081005341977,""last_contraction_pct"":0.17306854803588542,""dry_up_ratio"":0.6820319852503183,""near_monotone"":0.0,""base_depth_pct"":0.16857868464839304},""_schema_version"":""1.0""}",,,,,,,,,,
