run_id,asof,ticker,pattern,pattern_state,final_score,trend,geometry,compression,sr_quality,volume,readiness,risk,market,liquidity,comp_trend,comp_geometry,comp_compression,comp_sr,comp_volume,comp_readiness,comp_risk,comp_market,comp_liquidity,veto_triggered,veto_reasons,price,trigger,invalid_below,measured_move_target,features_json,note,ret_1h,ret_eod,ret_1d,ret_3d,ret_5d,max_dd_5d,max_fav_5d,touched_invalid_5d,post_hoc_tag
20260519T210226Z-93bc42,2026-05-19T21:02:26.159542+00:00,PRCH,double_bottom,candidate,66.1,76.9,86.1,70.4,64.6,13.5,35.8,76.8,84.0,82.1,11.54,21.52,5.63,9.04,1.75,2.86,4.61,5.04,4.11,False,,9.77,10.79,9.5736,11.8606,"{""trend"":{""T1_ema_stack"":{""value"":[true,true,false],""score"":66.66666666666666},""T2_ema50_slope"":{""value"":0.7533990290746216,""score"":100},""T3_high_proximity"":{""value"":0.8661347517730497,""score"":33.06737588652481},""T4_rs_1m"":{""value"":0.1890218052751247,""score"":100},""T5_rs_3m"":{""value"":0.037329969252009265,""score"":68.66498462600464},""T6_adr_healthy"":{""value"":6.9830064022108855,""score"":100.0},""_score"":76.93},""geometry"":{""sub_low_similarity"":69.2,""sub_bounce_quality"":100,""sub_separation_fit"":100.0,""sub_right_bottom_reaction"":68.8,""sub_base_context"":100.0,""_score"":86.08},""compression"":{""VC1_atr_ratio"":{""value"":0.44593267297020256,""score"":100},""VC2_range_contraction"":{""value"":0.7435531032196696,""score"":42.7411494633884},""VC3_range_pct_rank"":{""score"":61.66666666666667},""_score"":70.38},""sr_quality"":{""SR1_touches"":{""value"":3,""score"":50.0},""SR2_tightness"":{""value"":0.10370899457402727,""score"":71.62710952970545},""SR3_recency"":{""value"":289,""score"":0.0},""SR4_price_location"":{""score"":95.3974714858976},""SR5_reaction"":{""value"":2.2547697679114647,""score"":100},""_score"":64.59,""_levels_found"":6,""_target_level"":9.8233},""volume"":{""V1_rvol_day"":{""value"":0.9041735043746457,""score"":26.944900291643048},""V2_rvol_sameslot"":{""value"":0.6430717096704444,""score"":9.538113978029623,""status"":""ok""},""V3_breakout_bar"":{""value"":0.8703866669611382,""score"":24.69244446407588},""V4_base_dryup"":{""value"":1.7600519144402889,""score"":0},""V5_bo_expansion"":{""value"":0.9041735043746457,""score"":0},""_score"":13.47},""readiness"":{""_distance_atr"":1.395,""BR1_atr_distance"":{""score"":6.982197643288458},""BR2_compression"":{""score"":62.07720424208948},""BR3_retest"":{""score"":50.0},""BR4_bo_age"":{""score"":50.0},""_score"":35.81},""risk"":{""R1_stop_clarity"":{""score"":60.11423993121347},""R2_stop_distance_pct"":{""value"":2.010143295803482,""score"":100.0},""R3_stop_distance_atr"":{""value"":0.26864498856819063,""score"":38.43224942840953},""R4_rr_potential"":{""value"":10.645090660977317,""score"":100.0},""_score"":76.8},""market"":{""M1_spy_regime"":{""score"":100.0},""M3_earnings_risk"":{""value"":null,""score"":80.0},""M4_vix"":{""value"":null,""score"":60.0},""_score"":84.0},""liquidity"":{""L1_price"":{""value"":9.77,""score"":99.885},""L2_dollar_vol"":{""value"":22585730.78465616,""score"":67.69170735857237},""L3_spread_proxy"":{""value"":0.04912998976458551,""score"":50.87001023541449},""L4_volume_zscore"":{""value"":-0.18682319070035752,""score"":100.0},""_score"":82.13},""pattern_structure"":{""left_low"":9.87,""left_idx"":50,""right_low"":9.7194,""right_idx"":68,""separation_bars"":18,""structural_low"":9.7194,""current_price"":9.675,""neckline_distance_pct"":0.11524547803617555,""base_bars"":18},""pattern_geometry_features"":{""low_similarity_pct"":0.015375662348004429,""bounce_pct"":0.11015083235590663,""right_bottom_reaction"":0.6881364562118115,""atr_pct"":0.0748252668518789},""_schema_version"":""1.0""}",,,,,,,,,,
20260519T210226Z-93bc42,2026-05-19T21:02:26.159542+00:00,RDVT,double_bottom,candidate,65.95,88.2,82.0,27.0,57.9,43.3,51.6,60.5,84.0,70.5,13.23,20.51,2.16,8.1,5.63,4.13,3.63,5.04,3.52,False,,50.1,51.29,45.5871,56.2987,"{""trend"":{""T1_ema_stack"":{""value"":[true,true,false],""score"":66.66666666666666},""T2_ema50_slope"":{""value"":0.1968571497375006,""score"":82.8095249562501},""T3_high_proximity"":{""value"":1.0,""score"":99.99999999999997},""T4_rs_1m"":{""value"":0.17193994399541945,""score"":100},""T5_rs_3m"":{""value"":0.11471213222537524,""score"":100},""T6_adr_healthy"":{""value"":6.064447917355813,""score"":100.0},""_score"":88.23},""geometry"":{""sub_low_similarity"":91.0,""sub_bounce_quality"":100,""sub_separation_fit"":20.0,""sub_right_bottom_reaction"":78.3,""sub_base_context"":100.0,""_score"":82.04},""compression"":{""VC1_atr_ratio"":{""value"":0.7406525456367741,""score"":64.83686359080649},""VC2_range_contraction"":{""value"":1.6243849011969747,""score"":0},""VC3_range_pct_rank"":{""score"":4.1666666666666625},""_score"":26.98},""sr_quality"":{""SR1_touches"":{""value"":2,""score"":25.0},""SR2_tightness"":{""value"":0.129999999999999,""score"":92.13929854037146},""SR3_recency"":{""value"":231,""score"":0.0},""SR4_price_location"":{""score"":88.60204023479794},""SR5_reaction"":{""value"":1.921094969798927,""score"":96.05474848994635},""_score"":57.88,""_levels_found"":6,""_target_level"":50.98},""volume"":{""V1_rvol_day"":{""value"":1.4171829124222621,""score"":61.14552749481747},""V2_rvol_sameslot"":{""value"":1.1898512058894124,""score"":45.99008039262749,""status"":""ok""},""V3_breakout_bar"":{""value"":0.9922816146880379,""score"":32.81877431253586},""V4_base_dryup"":{""value"":1.0246392824776271,""score"":47.536071752237284},""V5_bo_expansion"":{""value"":1.4171829124222621,""score"":27.812194161484143},""_score"":43.31},""readiness"":{""_distance_atr"":0.36,""BR1_atr_distance"":{""score"":76.01478272574866},""BR2_compression"":{""score"":14.702291939151607},""BR3_retest"":{""score"":50.0},""BR4_bo_age"":{""score"":50.0},""_score"":51.58},""risk"":{""R1_stop_clarity"":{""score"":58.02267510036414},""R2_stop_distance_pct"":{""value"":9.007823353293418,""score"":74.80441616766456},""R3_stop_distance_atr"":{""value"":1.3644120346475543,""score"":93.22060173237772},""R4_rr_potential"":{""value"":1.3735454399308455,""score"":18.677271996542277},""_score"":60.47},""market"":{""M1_spy_regime"":{""score"":100.0},""M3_earnings_risk"":{""value"":null,""score"":80.0},""M4_vix"":{""value"":null,""score"":60.0},""_score"":84.0},""liquidity"":{""L1_price"":{""value"":50.1,""score"":100.0},""L2_dollar_vol"":{""value"":10069597.1189454,""score"":50.150604746553505},""L3_spread_proxy"":{""value"":0.09600798403193603,""score"":3.992015968063967},""L4_volume_zscore"":{""value"":0.7387050537420032,""score"":100.0},""_score"":70.46},""pattern_structure"":{""left_low"":46.2813,""left_idx"":32,""right_low"":46.49,""right_idx"":74,""separation_bars"":42,""structural_low"":46.2813,""current_price"":50.09,""neckline_distance_pct"":0.023956877620283402,""base_bars"":42},""pattern_geometry_features"":{""low_similarity_pct"":0.004499236293983168,""bounce_pct"":0.10822297558625184,""right_bottom_reaction"":0.7833333333333334,""atr_pct"":0.06601981750784144},""_schema_version"":""1.0""}",,,,,,,,,,
20260519T210226Z-93bc42,2026-05-19T21:02:26.159542+00:00,SAIL,high_tight_pullback,candidate,64.29,42.9,89.0,50.4,38.8,36.2,48.5,73.3,84.0,92.9,5.14,31.15,5.04,3.1,5.08,4.37,0.73,5.04,4.64,False,,14.47,15.09,14.1347,18.86,"{""trend"":{""T1_ema_stack"":{""value"":[true,false,false],""score"":33.33333333333333},""T2_ema50_slope"":{""value"":-0.27586570259672877,""score"":4.022382900545203},""T3_high_proximity"":{""value"":0.9164027865737809,""score"":58.20139328689044},""T4_rs_1m"":{""value"":0.1537003463278388,""score"":100},""T5_rs_3m"":{""value"":-0.1698089513299098,""score"":0},""T6_adr_healthy"":{""value"":5.700183176819564,""score"":100.0},""_score"":42.87},""geometry"":{""sub_pole_impulse"":100.0,""sub_flag_tightness"":80.8,""sub_flag_shallowness"":70.6,""sub_flag_drift"":97.8,""sub_flag_duration"":100.0,""_score"":88.99},""compression"":{""VC1_atr_ratio"":{""value"":0.5813188554059971,""score"":100},""VC2_range_contraction"":{""value"":1.003888082229891,""score"":0},""VC3_range_pct_rank"":{""score"":41.666666666666664},""_score"":50.42},""sr_quality"":{""SR1_touches"":{""value"":2,""score"":25.0},""SR2_tightness"":{""value"":0.18395000000000117,""score"":54.65142897392072},""SR3_recency"":{""value"":244,""score"":0.0},""SR4_price_location"":{""score"":32.36524030474885},""SR5_reaction"":{""value"":4.759257954885628,""score"":100},""_score"":38.79,""_levels_found"":6,""_target_level"":16.2411},""volume"":{""V1_rvol_day"":{""value"":1.740658051560965,""score"":82.710536770731},""V2_rvol_sameslot"":{""value"":1.307842558674216,""score"":53.85617057828106,""status"":""ok""},""V3_breakout_bar"":{""value"":0.5915424830264903,""score"":6.1028322017660175},""V4_base_dryup"":{""value"":1.659535038786333,""score"":0},""V5_bo_expansion"":{""value"":1.740658051560965,""score"":49.37720343739767},""_score"":36.25},""readiness"":{""_distance_atr"":0.764,""BR1_atr_distance"":{""score"":49.051166012197264},""BR2_compression"":{""score"":45.51427087165102},""BR3_retest"":{""score"":50.0},""BR4_bo_age"":{""score"":50.0},""_score"":48.5},""risk"":{""R1_stop_clarity"":{""score"":46.935145890929334},""R2_stop_distance_pct"":{""value"":2.3168624740843264,""score"":100.0},""R3_stop_distance_atr"":{""value"":0.41324024018736266,""score"":45.662012009368134},""R4_rr_potential"":{""value"":13.094705443698649,""score"":100.0},""_score"":73.28},""market"":{""M1_spy_regime"":{""score"":100.0},""M3_earnings_risk"":{""value"":null,""score"":80.0},""M4_vix"":{""value"":null,""score"":60.0},""_score"":84.0},""liquidity"":{""L1_price"":{""value"":14.47,""score"":100.0},""L2_dollar_vol"":{""value"":79408002.29869206,""score"":94.99321352125732},""L3_spread_proxy"":{""value"":0.051140290255701465,""score"":48.859709744298534},""L4_volume_zscore"":{""value"":1.6390819682961848,""score"":100.0},""_score"":92.88},""pattern_structure"":{""pole_low"":11.32,""pole_low_idx"":30,""peak_price"":15.09,""peak_idx"":54,""pole_gain"":0.3330388692579505,""flag_bars"":5,""flag_low"":14.35,""flag_high"":14.93,""structural_low"":14.35,""current_price"":14.675,""neckline_distance_pct"":0.02827938671209534,""base_bars"":5},""pattern_geometry_features"":{""pole_gain"":0.3330388692579505,""pullback_pct"":0.04903909874088802,""flag_range_pct"":0.03843605036447979,""flag_drift_per_bar"":-0.0004429301533220913,""atr_pct"":0.05606575180175734,""pole_atr_multiple"":5.940148103882407},""_schema_version"":""1.0""}",,,,,,,,,,
20260519T210226Z-93bc42,2026-05-19T21:02:26.159542+00:00,RBRK,double_bottom,candidate,63.9,89.2,62.8,64.2,51.6,37.7,57.7,52.7,84.0,95.0,13.38,15.7,5.13,7.22,4.9,4.62,3.16,5.04,4.75,False,,64.33,65.39,58.4302,71.46,"{""trend"":{""T1_ema_stack"":{""value"":[true,true,false],""score"":66.66666666666666},""T2_ema50_slope"":{""value"":0.2487309615163616,""score"":91.45516025272693},""T3_high_proximity"":{""value"":0.989996922129886,""score"":94.99846106494297},""T4_rs_1m"":{""value"":0.16489759549694782,""score"":100},""T5_rs_3m"":{""value"":0.11362888586802677,""score"":100},""T6_adr_healthy"":{""value"":4.54031765991086,""score"":100.0},""_score"":89.21},""geometry"":{""sub_low_similarity"":4.2,""sub_bounce_quality"":100,""sub_separation_fit"":60.0,""sub_right_bottom_reaction"":83.5,""sub_base_context"":100.0,""_score"":62.79},""compression"":{""VC1_atr_ratio"":{""value"":0.4922471973287344,""score"":100},""VC2_range_contraction"":{""value"":0.757481304580606,""score"":40.419782569899},""VC3_range_pct_rank"":{""score"":40.0},""_score"":64.15},""sr_quality"":{""SR1_touches"":{""value"":3,""score"":50.0},""SR2_tightness"":{""value"":0.09010630758535743,""score"":94.0265207596546},""SR3_recency"":{""value"":227,""score"":0.0},""SR4_price_location"":{""score"":30.0},""SR5_reaction"":{""value"":2.20930337174421,""score"":100},""_score"":51.6,""_levels_found"":3,""_target_level"":58.0468},""volume"":{""V1_rvol_day"":{""value"":1.248855062846781,""score"":49.92367085645206},""V2_rvol_sameslot"":{""value"":0.9915969287097093,""score"":32.77312858064729,""status"":""ok""},""V3_breakout_bar"":{""value"":0.7667775790308736,""score"":17.785171935391574},""V4_base_dryup"":{""value"":0.7885838891925362,""score"":71.14161108074637},""V5_bo_expansion"":{""value"":1.248855062846781,""score"":16.590337523118727},""_score"":37.7},""readiness"":{""_distance_atr"":0.351,""BR1_atr_distance"":{""score"":76.57623103033801},""BR2_compression"":{""score"":38.425868742280585},""BR3_retest"":{""score"":50.0},""BR4_bo_age"":{""score"":50.0},""_score"":57.74},""risk"":{""R1_stop_clarity"":{""score"":41.011878407909755},""R2_stop_distance_pct"":{""value"":9.171148764184672,""score"":70.72128089538322},""R3_stop_distance_atr"":{""value"":1.955597436328465,""score"":100.0},""R4_rr_potential"":{""value"":1.2085155428997612,""score"":10.425777144988057},""_score"":52.66},""market"":{""M1_spy_regime"":{""score"":100.0},""M3_earnings_risk"":{""value"":null,""score"":80.0},""M4_vix"":{""value"":null,""score"":60.0},""_score"":84.0},""liquidity"":{""L1_price"":{""value"":64.33,""score"":100.0},""L2_dollar_vol"":{""value"":239924009.51756942,""score"":100.0},""L3_spread_proxy"":{""value"":0.05020985543292405,""score"":49.79014456707595},""L4_volume_zscore"":{""value"":1.2477594153626475,""score"":100.0},""_score"":94.98},""pattern_structure"":{""left_low"":59.32,""left_idx"":32,""right_low"":62.23,""right_idx"":68,""separation_bars"":36,""structural_low"":59.32,""current_price"":64.78,""neckline_distance_pct"":0.00941648656992898,""base_bars"":36},""pattern_geometry_features"":{""low_similarity_pct"":0.04788153023447136,""bounce_pct"":0.10232636547538773,""right_bottom_reaction"":0.835443037974685,""atr_pct"":0.04689691545823991},""_schema_version"":""1.0""}",,,,,,,,,,
20260519T210226Z-93bc42,2026-05-19T21:02:26.159542+00:00,RBRK,breakout_retest_hold,retest_hold,63.73,89.2,55.5,64.2,51.6,38.4,74.1,51.5,84.0,95.0,12.49,12.22,3.85,7.22,4.99,13.34,2.57,4.2,2.85,False,,64.33,63.62,63.4392,62.7,"{""trend"":{""T1_ema_stack"":{""value"":[true,true,false],""score"":66.66666666666666},""T2_ema50_slope"":{""value"":0.2487309615163616,""score"":91.45516025272693},""T3_high_proximity"":{""value"":0.989996922129886,""score"":94.99846106494297},""T4_rs_1m"":{""value"":0.16489759549694782,""score"":100},""T5_rs_3m"":{""value"":0.11362888586802677,""score"":100},""T6_adr_healthy"":{""value"":4.54031765991086,""score"":100.0},""_score"":89.21},""geometry"":{""sub_retest_depth"":5.1,""sub_retest_timing"":20.0,""sub_retest_freshness"":100.0,""sub_hold_quality"":100.0,""_score"":55.53},""compression"":{""VC1_atr_ratio"":{""value"":0.4922471973287344,""score"":100},""VC2_range_contraction"":{""value"":0.757481304580606,""score"":40.419782569899},""VC3_range_pct_rank"":{""score"":40.0},""_score"":64.15},""sr_quality"":{""SR1_touches"":{""value"":3,""score"":50.0},""SR2_tightness"":{""value"":0.09010630758535743,""score"":94.0265207596546},""SR3_recency"":{""value"":227,""score"":0.0},""SR4_price_location"":{""score"":30.0},""SR5_reaction"":{""value"":2.20930337174421,""score"":100},""_score"":51.6,""_levels_found"":3,""_target_level"":58.0468},""volume"":{""V1_rvol_day"":{""value"":1.248855062846781,""score"":49.92367085645206},""V2_rvol_sameslot"":{""value"":0.9915969287097093,""score"":32.77312858064729,""status"":""ok""},""V3_breakout_bar"":{""value"":0.7667775790308736,""score"":17.785171935391574},""V4_base_dryup"":{""value"":0.7555000751172618,""score"":74.44999248827382},""V5_bo_expansion"":{""value"":1.248855062846781,""score"":16.590337523118727},""_score"":38.36},""readiness"":{""_distance_atr"":-0.235,""BR1_atr_distance"":{""score"":100.0},""BR2_compression"":{""score"":38.425868742280585},""BR3_retest"":{""score"":100},""BR4_bo_age"":{""score"":30.0},""_score"":74.11},""risk"":{""R1_stop_clarity"":{""score"":57.51900616294525},""R2_stop_distance_pct"":{""value"":1.3847349603606385,""score"":84.61837400901597},""R3_stop_distance_atr"":{""value"":0.29527207638926645,""score"":39.76360381946332},""R4_rr_potential"":{""value"":-1.829815895823984,""score"":0.0},""_score"":51.48},""market"":{""M1_spy_regime"":{""score"":100.0},""M3_earnings_risk"":{""value"":null,""score"":80.0},""M4_vix"":{""value"":null,""score"":60.0},""_score"":84.0},""liquidity"":{""L1_price"":{""value"":64.33,""score"":100.0},""L2_dollar_vol"":{""value"":239924009.51756942,""score"":100.0},""L3_spread_proxy"":{""value"":0.05020985543292405,""score"":49.79014456707595},""L4_volume_zscore"":{""value"":1.2477594153626475,""score"":100.0},""_score"":94.98},""pattern_structure"":{""level"":63.62,""level_idx"":58,""breakout_idx"":65,""bo_peak_idx"":74,""bo_peak_price"":67.31,""retest_idx"":77,""retest_low"":64.08,""structural_low"":64.08,""current_price"":64.78,""neckline_distance_pct"":-0.01790676134609453,""base_bars"":21,""bars_since_breakout"":14},""pattern_geometry_features"":{""retest_depth_atr"":-0.36404131077483176,""bars_breakout_to_retest"":12.0,""bars_since_retest"":2.0,""current_above_level_atr"":0.9180172184756639,""bo_peak_excess_pct"":0.058000628733102876,""atr_pct"":0.04689691545823991},""_schema_version"":""1.0""}",,,,,,,,,,
20260519T210226Z-93bc42,2026-05-19T21:02:26.159542+00:00,ZS,high_tight_pullback,candidate,63.05,58.5,88.0,36.4,30.3,27.4,53.5,71.8,84.0,94.8,7.02,30.81,3.64,2.42,3.84,4.82,0.72,5.04,4.74,False,,175.25,182.9699,171.3407,222.9098,"{""trend"":{""T1_ema_stack"":{""value"":[true,false,false],""score"":33.33333333333333},""T2_ema50_slope"":{""value"":-0.10659628646316657,""score"":32.233952256138906},""T3_high_proximity"":{""value"":1.0,""score"":99.99999999999997},""T4_rs_1m"":{""value"":0.26478521230902996,""score"":100},""T5_rs_3m"":{""value"":-0.0509994617615408,""score"":24.5002691192296},""T6_adr_healthy"":{""value"":4.806750480977874,""score"":100.0},""_score"":58.46},""geometry"":{""sub_pole_impulse"":100.0,""sub_flag_tightness"":81.7,""sub_flag_shallowness"":64.7,""sub_flag_drift"":97.8,""sub_flag_duration"":100.0,""_score"":88.03},""compression"":{""VC1_atr_ratio"":{""value"":0.7066335530727477,""score"":73.34161173181309},""VC2_range_contraction"":{""value"":1.0966177958133814,""score"":0},""VC3_range_pct_rank"":{""score"":28.333333333333332},""_score"":36.42},""sr_quality"":{""SR1_touches"":{""value"":2,""score"":25.0},""SR2_tightness"":{""value"":2.2250000000000085,""score"":50.89748055997343},""SR3_recency"":{""value"":309,""score"":0.0},""SR4_price_location"":{""score"":17.83383951776981},""SR5_reaction"":{""value"":1.4240337522679372,""score"":71.20168761339686},""_score"":30.27,""_levels_found"":7,""_target_level"":224.015},""volume"":{""V1_rvol_day"":{""value"":1.4272422191287408,""score"":61.81614794191606},""V2_rvol_sameslot"":{""value"":1.2099772167285152,""score"":47.331814448567684,""status"":""ok""},""V3_breakout_bar"":{""value"":0.5791803556262823,""score"":5.27869037508549},""V4_base_dryup"":{""value"":1.673268987479759,""score"":0},""V5_bo_expansion"":{""value"":1.427242219128741,""score"":28.482814608582736},""_score"":27.42},""readiness"":{""_distance_atr"":0.852,""BR1_atr_distance"":{""score"":43.21100526965401},""BR2_compression"":{""score"":74.9349728000963},""BR3_retest"":{""score"":50.0},""BR4_bo_age"":{""score"":50.0},""_score"":53.52},""risk"":{""R1_stop_clarity"":{""score"":42.41764096679147},""R2_stop_distance_pct"":{""value"":2.230670470756071,""score"":100.0},""R3_stop_distance_atr"":{""value"":0.43135735757510973,""score"":46.567867878755486},""R4_rr_potential"":{""value"":12.1915456929078,""score"":100.0},""_score"":71.83},""market"":{""M1_spy_regime"":{""score"":100.0},""M3_earnings_risk"":{""value"":null,""score"":80.0},""M4_vix"":{""value"":null,""score"":60.0},""_score"":84.0},""liquidity"":{""L1_price"":{""value"":175.25,""score"":100.0},""L2_dollar_vol"":{""value"":754882923.3829521,""score"":100.0},""L3_spread_proxy"":{""value"":0.051468758915834564,""score"":48.53124108416544},""L4_volume_zscore"":{""value"":1.0950722789611862,""score"":100.0},""_score"":94.85},""pattern_structure"":{""pole_low"":143.03,""pole_low_idx"":30,""peak_price"":182.9699,""peak_idx"":54,""pole_gain"":0.2792414178843599,""flag_bars"":5,""flag_low"":173.95,""flag_high"":179.57,""structural_low"":173.95,""current_price"":175.9,""neckline_distance_pct"":0.04019272313814661,""base_bars"":5},""pattern_geometry_features"":{""pole_gain"":0.2792414178843599,""pullback_pct"":0.04929717948143387,""flag_range_pct"":0.03071543461520176,""flag_drift_per_bar"":-0.0004405912450255666,""atr_pct"":0.051712818422661476,""pole_atr_multiple"":5.399849136089465},""_schema_version"":""1.0""}",,,,,,,,,,
20260519T210226Z-93bc42,2026-05-19T21:02:26.159542+00:00,RDVT,breakout_retest_hold,setup,62.67,88.2,62.5,27.0,57.9,33.8,72.7,61.0,84.0,70.5,12.35,13.76,1.62,8.1,4.39,13.08,3.05,4.2,2.11,False,,50.1,48.5,48.8862,46.74,"{""trend"":{""T1_ema_stack"":{""value"":[true,true,false],""score"":66.66666666666666},""T2_ema50_slope"":{""value"":0.1968571497375006,""score"":82.8095249562501},""T3_high_proximity"":{""value"":1.0,""score"":99.99999999999997},""T4_rs_1m"":{""value"":0.17193994399541945,""score"":100},""T5_rs_3m"":{""value"":0.11471213222537524,""score"":100},""T6_adr_healthy"":{""value"":6.064447917355813,""score"":100.0},""_score"":88.23},""geometry"":{""sub_retest_depth"":0.0,""sub_retest_timing"":100.0,""sub_retest_freshness"":100.0,""sub_hold_quality"":75.1,""_score"":62.53},""compression"":{""VC1_atr_ratio"":{""value"":0.7406525456367741,""score"":64.83686359080649},""VC2_range_contraction"":{""value"":1.6243849011969747,""score"":0},""VC3_range_pct_rank"":{""score"":4.1666666666666625},""_score"":26.98},""sr_quality"":{""SR1_touches"":{""value"":2,""score"":25.0},""SR2_tightness"":{""value"":0.129999999999999,""score"":92.13929854037146},""SR3_recency"":{""value"":231,""score"":0.0},""SR4_price_location"":{""score"":88.60204023479794},""SR5_reaction"":{""value"":1.921094969798927,""score"":96.05474848994635},""_score"":57.88,""_levels_found"":6,""_target_level"":50.98},""volume"":{""V1_rvol_day"":{""value"":1.4171829124222621,""score"":61.14552749481747},""V2_rvol_sameslot"":{""value"":1.1898512058894124,""score"":45.99008039262749,""status"":""ok""},""V3_breakout_bar"":{""value"":0.9922816146880379,""score"":32.81877431253586},""V4_base_dryup"":{""value"":1.8913394016508427,""score"":0},""V5_bo_expansion"":{""value"":1.4171829124222621,""score"":27.812194161484143},""_score"":33.8},""readiness"":{""_distance_atr"":-0.484,""BR1_atr_distance"":{""score"":100.0},""BR2_compression"":{""score"":14.702291939151607},""BR3_retest"":{""score"":100},""BR4_bo_age"":{""score"":60},""_score"":72.68},""risk"":{""R1_stop_clarity"":{""score"":70.14142784027226},""R2_stop_distance_pct"":{""value"":2.422754491017962,""score"":100.0},""R3_stop_distance_atr"":{""value"":0.3669738242960459,""score"":43.348691214802294},""R4_rr_potential"":{""value"":-2.7681660899654053,""score"":0.0},""_score"":61.05},""market"":{""M1_spy_regime"":{""score"":100.0},""M3_earnings_risk"":{""value"":null,""score"":80.0},""M4_vix"":{""value"":null,""score"":60.0},""_score"":84.0},""liquidity"":{""L1_price"":{""value"":50.1,""score"":100.0},""L2_dollar_vol"":{""value"":10069597.1189454,""score"":50.150604746553505},""L3_spread_proxy"":{""value"":0.09600798403193603,""score"":3.992015968063967},""L4_volume_zscore"":{""value"":0.7387050537420032,""score"":100.0},""_score"":70.46},""pattern_structure"":{""level"":48.5,""level_idx"":68,""breakout_idx"":72,""bo_peak_idx"":75,""bo_peak_price"":51.3,""retest_idx"":76,""retest_low"":49.38,""structural_low"":49.38,""current_price"":50.09,""neckline_distance_pct"":-0.03174286284687569,""base_bars"":11,""bars_since_breakout"":7},""pattern_geometry_features"":{""retest_depth_atr"":-0.6637895269960855,""bars_breakout_to_retest"":4.0,""bars_since_retest"":3.0,""current_above_level_atr"":1.1993469862770172,""bo_peak_excess_pct"":0.05773195876288654,""atr_pct"":0.06601981750784144},""_schema_version"":""1.0""}",,,,,,,,,,
20260519T210226Z-93bc42,2026-05-19T21:02:26.159542+00:00,RBRK,high_tight_pullback,candidate,62.52,89.2,63.5,64.2,51.6,35.0,40.8,68.6,84.0,95.0,10.71,22.24,6.42,4.13,4.9,3.67,0.69,5.04,4.75,False,,64.33,67.31,63.1188,76.58,"{""trend"":{""T1_ema_stack"":{""value"":[true,true,false],""score"":66.66666666666666},""T2_ema50_slope"":{""value"":0.2487309615163616,""score"":91.45516025272693},""T3_high_proximity"":{""value"":0.989996922129886,""score"":94.99846106494297},""T4_rs_1m"":{""value"":0.16489759549694782,""score"":100},""T5_rs_3m"":{""value"":0.11362888586802677,""score"":100},""T6_adr_healthy"":{""value"":4.54031765991086,""score"":100.0},""_score"":89.21},""geometry"":{""sub_pole_impulse"":60.1,""sub_flag_tightness"":60.8,""sub_flag_shallowness"":39.9,""sub_flag_drift"":82.1,""sub_flag_duration"":100.0,""_score"":63.53},""compression"":{""VC1_atr_ratio"":{""value"":0.4922471973287344,""score"":100},""VC2_range_contraction"":{""value"":0.757481304580606,""score"":40.419782569899},""VC3_range_pct_rank"":{""score"":40.0},""_score"":64.15},""sr_quality"":{""SR1_touches"":{""value"":3,""score"":50.0},""SR2_tightness"":{""value"":0.09010630758535743,""score"":94.0265207596546},""SR3_recency"":{""value"":227,""score"":0.0},""SR4_price_location"":{""score"":30.0},""SR5_reaction"":{""value"":2.20930337174421,""score"":100},""_score"":51.6,""_levels_found"":3,""_target_level"":58.0468},""volume"":{""V1_rvol_day"":{""value"":1.248855062846781,""score"":49.92367085645206},""V2_rvol_sameslot"":{""value"":0.9915969287097093,""score"":32.77312858064729,""status"":""ok""},""V3_breakout_bar"":{""value"":0.7667775790308736,""score"":17.785171935391574},""V4_base_dryup"":{""value"":0.9253147926411812,""score"":57.46852073588188},""V5_bo_expansion"":{""value"":1.248855062846781,""score"":16.590337523118727},""_score"":34.97},""readiness"":{""_distance_atr"":0.988,""BR1_atr_distance"":{""score"":34.148272141893685},""BR2_compression"":{""score"":38.425868742280585},""BR3_retest"":{""score"":50.0},""BR4_bo_age"":{""score"":50.0},""_score"":40.77},""risk"":{""R1_stop_clarity"":{""score"":36.278509244417876},""R2_stop_distance_pct"":{""value"":1.8827918545002302,""score"":97.06979636250576},""R3_stop_distance_atr"":{""value"":0.4014745609819033,""score"":45.073728049095166},""R4_rr_potential"":{""value"":10.113936591809804,""score"":100.0},""_score"":68.58},""market"":{""M1_spy_regime"":{""score"":100.0},""M3_earnings_risk"":{""value"":null,""score"":80.0},""M4_vix"":{""value"":null,""score"":60.0},""_score"":84.0},""liquidity"":{""L1_price"":{""value"":64.33,""score"":100.0},""L2_dollar_vol"":{""value"":239924009.51756942,""score"":100.0},""L3_spread_proxy"":{""value"":0.05020985543292405,""score"":49.79014456707595},""L4_volume_zscore"":{""value"":1.2477594153626475,""score"":100.0},""_score"":94.98},""pattern_structure"":{""pole_low"":58.04,""pole_low_idx"":30,""peak_price"":67.31,""peak_idx"":54,""pole_gain"":0.15971743625086154,""flag_bars"":5,""flag_low"":64.08,""flag_high"":66.61,""structural_low"":64.08,""current_price"":64.78,""neckline_distance_pct"":0.03905526397036124,""base_bars"":5},""pattern_geometry_features"":{""pole_gain"":0.15971743625086154,""pullback_pct"":0.047986926162531626,""flag_range_pct"":0.03758728272173527,""flag_drift_per_bar"":-0.00358907070083361,""atr_pct"":0.04689691545823991,""pole_atr_multiple"":3.4057130344336706},""_schema_version"":""1.0""}",,,,,,,,,,
20260519T210226Z-93bc42,2026-05-19T21:02:26.159542+00:00,HQY,breakout_retest_hold,setup,62.3,54.9,70.0,57.6,77.7,43.8,53.4,50.6,84.0,95.3,7.69,15.4,3.45,10.87,5.69,9.61,2.53,4.2,2.86,False,,84.65,83.005,82.7343,81.875,"{""trend"":{""T1_ema_stack"":{""value"":[true,true,false],""score"":66.66666666666666},""T2_ema50_slope"":{""value"":0.0020346186911243064,""score"":50.339103115187385},""T3_high_proximity"":{""value"":0.9805397891810496,""score"":90.26989459052476},""T4_rs_1m"":{""value"":-0.05474918248618155,""score"":0},""T5_rs_3m"":{""value"":0.02865709190907162,""score"":64.32854595453581},""T6_adr_healthy"":{""value"":3.5375060729737915,""score"":100.0},""_score"":54.92},""geometry"":{""sub_retest_depth"":0.0,""sub_retest_timing"":100.0,""sub_retest_freshness"":100.0,""sub_hold_quality"":100.0,""_score"":70.0},""compression"":{""VC1_atr_ratio"":{""value"":0.4047865114917967,""score"":100},""VC2_range_contraction"":{""value"":0.7736170074454624,""score"":37.730498759089606},""VC3_range_pct_rank"":{""score"":17.500000000000004},""_score"":57.58},""sr_quality"":{""SR1_touches"":{""value"":5,""score"":100},""SR2_tightness"":{""value"":0.4624716207509379,""score"":61.985323435134006},""SR3_recency"":{""value"":230,""score"":0.0},""SR4_price_location"":{""score"":93.5054121565365},""SR5_reaction"":{""value"":2.7797133018433096,""score"":100},""_score"":77.67,""_levels_found"":8,""_target_level"":84.78},""volume"":{""V1_rvol_day"":{""value"":1.4119005815378387,""score"":60.79337210252258},""V2_rvol_sameslot"":{""value"":1.1387732560202732,""score"":42.58488373468488,""status"":""ok""},""V3_breakout_bar"":{""value"":0.9075129072288062,""score"":27.167527148587077},""V4_base_dryup"":{""value"":0.890647689303397,""score"":60.935231069660304},""V5_bo_expansion"":{""value"":1.4119005815378391,""score"":27.460038769189275},""_score"":43.77},""readiness"":{""_distance_atr"":-0.676,""BR1_atr_distance"":{""score"":46.47827452684228},""BR2_compression"":{""score"":41.16188527121128},""BR3_retest"":{""score"":100},""BR4_bo_age"":{""score"":30.0},""_score"":53.38},""risk"":{""R1_stop_clarity"":{""score"":31.306346638797095},""R2_stop_distance_pct"":{""value"":2.263083284111063,""score"":100.0},""R3_stop_distance_atr"":{""value"":0.787342537657395,""score"":64.36712688286975},""R4_rr_potential"":{""value"":-1.4485566633606428,""score"":0.0},""_score"":50.61},""market"":{""M1_spy_regime"":{""score"":100.0},""M3_earnings_risk"":{""value"":null,""score"":80.0},""M4_vix"":{""value"":null,""score"":60.0},""_score"":84.0},""liquidity"":{""L1_price"":{""value"":84.65,""score"":100.0},""L2_dollar_vol"":{""value"":104988733.87369491,""score"":100.0},""L3_spread_proxy"":{""value"":0.04737034849379801,""score"":52.62965150620199},""L4_volume_zscore"":{""value"":1.4536189206818548,""score"":100.0},""_score"":95.26},""pattern_structure"":{""level"":83.005,""level_idx"":62,""breakout_idx"":68,""bo_peak_idx"":74,""bo_peak_price"":84.9699,""retest_idx"":75,""retest_low"":83.57,""structural_low"":83.57,""current_price"":84.015,""neckline_distance_pct"":-0.012021662798309886,""base_bars"":17,""bars_since_breakout"":11},""pattern_geometry_features"":{""retest_depth_atr"":-0.5149806638107248,""bars_breakout_to_retest"":7.0,""bars_since_retest"":4.0,""current_above_level_atr"":0.9205849034492687,""bo_peak_excess_pct"":0.023672067947713996,""atr_pct"":0.02874331280060755},""_schema_version"":""1.0""}",,,,,,,,,,
20260519T210226Z-93bc42,2026-05-19T21:02:26.159542+00:00,INOD,double_bottom,candidate,62.04,86.1,95.0,4.4,44.1,7.3,40.9,84.1,84.0,90.9,12.91,23.75,0.35,6.18,0.95,3.28,5.04,5.04,4.54,False,,88.19,99.44,83.7349,113.87,"{""trend"":{""T1_ema_stack"":{""value"":[true,true,true],""score"":100.0},""T2_ema50_slope"":{""value"":0.6918433653947327,""score"":100},""T3_high_proximity"":{""value"":0.8493691611287681,""score"":24.68458056438405},""T4_rs_1m"":{""value"":0.8434924514260795,""score"":100},""T5_rs_3m"":{""value"":0.9091160669541312,""score"":100},""T6_adr_healthy"":{""value"":10.107861885670799,""score"":47.30345285823003},""_score"":86.07},""geometry"":{""sub_low_similarity"":92.4,""sub_bounce_quality"":100,""sub_separation_fit"":100.0,""sub_right_bottom_reaction"":81.8,""sub_base_context"":100.0,""_score"":94.99},""compression"":{""VC1_atr_ratio"":{""value"":1.8146385379071344,""score"":0},""VC2_range_contraction"":{""value"":2.10006804788808,""score"":0},""VC3_range_pct_rank"":{""score"":17.500000000000004},""_score"":4.38},""sr_quality"":{""SR1_touches"":{""value"":3,""score"":50.0},""SR2_tightness"":{""value"":0.8355038400071342,""score"":86.02524259437749},""SR3_recency"":{""value"":299,""score"":0.0},""SR4_price_location"":{""score"":30.0},""SR5_reaction"":{""value"":1.1602368442676103,""score"":58.01184221338052},""_score"":44.11,""_levels_found"":4,""_target_level"":65.99},""volume"":{""V1_rvol_day"":{""value"":0.5933650645744091,""score"":6.224337638293939},""V2_rvol_sameslot"":{""value"":0.7477977531199534,""score"":16.519850207996896,""status"":""ok""},""V3_breakout_bar"":{""value"":0.6677031868863292,""score"":11.180212459088617},""V4_base_dryup"":{""value"":2.8009316995468825,""score"":0},""V5_bo_expansion"":{""value"":0.5933650645744091,""score"":0},""_score"":7.34},""readiness"":{""_distance_atr"":0.941,""BR1_atr_distance"":{""score"":37.276960605427135},""BR2_compression"":{""score"":34.120717584259644},""BR3_retest"":{""score"":50.0},""BR4_bo_age"":{""score"":50.0},""_score"":40.94},""risk"":{""R1_stop_clarity"":{""score"":78.6716576842695},""R2_stop_distance_pct"":{""value"":5.0517632384623985,""score"":100.0},""R3_stop_distance_atr"":{""value"":0.3725873986116408,""score"":43.629369930582044},""R4_rr_potential"":{""value"":5.764115686340539,""score"":100.0},""_score"":84.08},""market"":{""M1_spy_regime"":{""score"":100.0},""M3_earnings_risk"":{""value"":null,""score"":80.0},""M4_vix"":{""value"":null,""score"":60.0},""_score"":84.0},""liquidity"":{""L1_price"":{""value"":88.19,""score"":100.0},""L2_dollar_vol"":{""value"":156560892.6213681,""score"":100.0},""L3_spread_proxy"":{""value"":0.09116679895679773,""score"":8.833201043202266},""L4_volume_zscore"":{""value"":-0.2718772563498938,""score"":100.0},""_score"":90.88},""pattern_structure"":{""left_low"":85.335,""left_idx"":50,""right_low"":85.01,""right_idx"":76,""separation_bars"":26,""structural_low"":85.01,""current_price"":87.0,""neckline_distance_pct"":0.1429885057471264,""base_bars"":26},""pattern_geometry_features"":{""low_similarity_pct"":0.003815785611552891,""bounce_pct"":0.16974473591342185,""right_bottom_reaction"":0.818452380952381,""atr_pct"":0.13558599290492926},""_schema_version"":""1.0""}",,,,,,,,,,
20260519T210226Z-93bc42,2026-05-19T21:02:26.159542+00:00,NTSK,double_bottom,candidate,61.29,64.2,78.3,59.2,67.6,10.3,59.7,39.9,84.0,86.8,9.63,19.58,4.73,9.46,1.34,4.78,2.39,5.04,4.34,False,,11.43,11.72,10.1061,13.18,"{""trend"":{""T1_ema_stack"":{""value"":[true,true,false],""score"":66.66666666666666},""T2_ema50_slope"":{""value"":0.03313677936413282,""score"":55.5227965606888},""T3_high_proximity"":{""value"":0.9300244100895037,""score"":65.01220504475181},""T4_rs_1m"":{""value"":0.09863959976134029,""score"":100},""T5_rs_3m"":{""value"":-0.07779832377253926,""score"":11.100838113730369},""T6_adr_healthy"":{""value"":5.71044511716947,""score"":100.0},""_score"":64.19},""geometry"":{""sub_low_similarity"":86.3,""sub_bounce_quality"":100,""sub_separation_fit"":0.0,""sub_right_bottom_reaction"":82.9,""sub_base_context"":100.0,""_score"":78.33},""compression"":{""VC1_atr_ratio"":{""value"":0.47928666806618314,""score"":100},""VC2_range_contraction"":{""value"":1.0524008780069194,""score"":0},""VC3_range_pct_rank"":{""score"":76.66666666666666},""_score"":59.17},""sr_quality"":{""SR1_touches"":{""value"":3,""score"":50.0},""SR2_tightness"":{""value"":0.11897712198383131,""score"":63.63184446078889},""SR3_recency"":{""value"":55,""score"":58.333333333333336},""SR4_price_location"":{""score"":77.06576728499157},""SR5_reaction"":{""value"":3.2936321655877117,""score"":100},""_score"":67.56,""_levels_found"":4,""_target_level"":11.8833},""volume"":{""V1_rvol_day"":{""value"":0.9277789875334321,""score"":28.518599168895477},""V2_rvol_sameslot"":{""value"":0.6293853395363611,""score"":8.625689302424073,""status"":""ok""},""V3_breakout_bar"":{""value"":0.6720563672324877,""score"":11.470424482165848},""V4_base_dryup"":{""value"":1.6382514727754312,""score"":0},""V5_bo_expansion"":{""value"":0.9277789875334321,""score"":0},""_score"":10.3},""readiness"":{""_distance_atr"":0.443,""BR1_atr_distance"":{""score"":70.45155984468865},""BR2_compression"":{""score"":56.13377883759685},""BR3_retest"":{""score"":50.0},""BR4_bo_age"":{""score"":50.0},""_score"":59.71},""risk"":{""R1_stop_clarity"":{""score"":52.95684544928544},""R2_stop_distance_pct"":{""value"":11.582677165354331,""score"":10.433070866141714},""R3_stop_distance_atr"":{""value"":2.023405858014651,""score"":100.0},""R4_rr_potential"":{""value"":1.3218521036332063,""score"":16.092605181660314},""_score"":39.88},""market"":{""M1_spy_regime"":{""score"":100.0},""M3_earnings_risk"":{""value"":null,""score"":80.0},""M4_vix"":{""value"":null,""score"":60.0},""_score"":84.0},""liquidity"":{""L1_price"":{""value"":11.43,""score"":100.0},""L2_dollar_vol"":{""value"":36762047.22495078,""score"":78.26998443078335},""L3_spread_proxy"":{""value"":0.04461942257217846,""score"":55.380577427821535},""L4_volume_zscore"":{""value"":-0.19597946557890014,""score"":100.0},""_score"":86.85},""pattern_structure"":{""left_low"":10.3307,""left_idx"":8,""right_low"":10.26,""right_idx"":56,""separation_bars"":48,""structural_low"":10.26,""current_price"":11.355,""neckline_distance_pct"":0.03214442976662265,""base_bars"":48},""pattern_geometry_features"":{""low_similarity_pct"":0.006867177900702787,""bounce_pct"":0.14230019493177395,""right_bottom_reaction"":0.8285714285714274,""atr_pct"":0.05724346956630421},""_schema_version"":""1.0""}",,,,,,,,,,
20260519T210226Z-93bc42,2026-05-19T21:02:26.159542+00:00,PCTY,breakout_retest_hold,setup,61.01,56.1,75.9,46.7,47.7,15.2,86.7,46.9,84.0,95.2,7.86,16.7,2.8,6.68,1.97,15.6,2.34,4.2,2.86,False,,113.22,113.08,112.2165,112.54,"{""trend"":{""T1_ema_stack"":{""value"":[true,false,false],""score"":33.33333333333333},""T2_ema50_slope"":{""value"":-0.08557041731281284,""score"":35.73826378119786},""T3_high_proximity"":{""value"":0.942714404662781,""score"":71.35720233139048},""T4_rs_1m"":{""value"":0.062442267425264486,""score"":100},""T5_rs_3m"":{""value"":-0.03373435038409833,""score"":33.13282480795083},""T6_adr_healthy"":{""value"":4.533744839849913,""score"":100.0},""_score"":56.15},""geometry"":{""sub_retest_depth"":36.4,""sub_retest_timing"":100.0,""sub_retest_freshness"":75.0,""sub_hold_quality"":100.0,""_score"":75.92},""compression"":{""VC1_atr_ratio"":{""value"":0.5763432016587893,""score"":100},""VC2_range_contraction"":{""value"":1.1591616963333111,""score"":0},""VC3_range_pct_rank"":{""score"":26.66666666666667},""_score"":46.67},""sr_quality"":{""SR1_touches"":{""value"":2,""score"":25.0},""SR2_tightness"":{""value"":0.5949999999999989,""score"":77.62328682487072},""SR3_recency"":{""value"":230,""score"":0.0},""SR4_price_location"":{""score"":54.24729419481802},""SR5_reaction"":{""value"":2.226379539141786,""score"":100},""_score"":47.71,""_levels_found"":5,""_target_level"":115.545},""volume"":{""V1_rvol_day"":{""value"":0.9873773651194424,""score"":32.49182434129616},""V2_rvol_sameslot"":{""value"":0.6587330860921097,""score"":10.582205739473977,""status"":""ok""},""V3_breakout_bar"":{""value"":0.8166930829650426,""score"":21.112872197669507},""V4_base_dryup"":{""value"":1.436693440094382,""score"":6.3306559905617945},""V5_bo_expansion"":{""value"":0.9873773651194424,""score"":0},""_score"":15.16},""readiness"":{""_distance_atr"":-0.026,""BR1_atr_distance"":{""score"":100.0},""BR2_compression"":{""score"":58.64452553990661},""BR3_retest"":{""score"":100},""BR4_bo_age"":{""score"":80},""_score"":86.66},""risk"":{""R1_stop_clarity"":{""score"":57.37142120334614},""R2_stop_distance_pct"":{""value"":0.886327503974565,""score"":72.15818759936413},""R3_stop_distance_atr"":{""value"":0.18869774513649024,""score"":34.43488725682451},""R4_rr_potential"":{""value"":-0.6776283009466776,""score"":0.0},""_score"":46.89},""market"":{""M1_spy_regime"":{""score"":100.0},""M3_earnings_risk"":{""value"":null,""score"":80.0},""M4_vix"":{""value"":null,""score"":60.0},""_score"":84.0},""liquidity"":{""L1_price"":{""value"":113.22,""score"":100.0},""L2_dollar_vol"":{""value"":98086625.19628038,""score"":99.58048961494237},""L3_spread_proxy"":{""value"":0.0462374138844727,""score"":53.7625861155273},""L4_volume_zscore"":{""value"":-0.03357183388006859,""score"":100.0},""_score"":95.21},""pattern_structure"":{""level"":113.08,""level_idx"":68,""breakout_idx"":74,""bo_peak_idx"":74,""bo_peak_price"":118.3,""retest_idx"":79,""retest_low"":113.35,""structural_low"":113.35,""current_price"":113.56,""neckline_distance_pct"":-0.004226840436773547,""base_bars"":11,""bars_since_breakout"":5},""pattern_geometry_features"":{""retest_depth_atr"":-0.1453013465360213,""bars_breakout_to_retest"":5.0,""bars_since_retest"":0.0,""current_above_level_atr"":0.2583135049529327,""bo_peak_excess_pct"":0.04616200919702864,""atr_pct"":0.04697075226486994},""_schema_version"":""1.0""}",,,,,,,,,,
20260519T210226Z-93bc42,2026-05-19T21:02:26.159542+00:00,ADSK,breakout_retest_hold,setup,60.7,40.2,79.8,53.7,55.7,27.9,74.4,47.5,84.0,96.7,5.63,17.55,3.22,7.79,3.63,13.4,2.38,4.2,2.9,False,,244.16,242.505,240.5799,241.495,"{""trend"":{""T1_ema_stack"":{""value"":[true,false,false],""score"":33.33333333333333},""T2_ema50_slope"":{""value"":-0.044035044417795544,""score"":42.66082593036741},""T3_high_proximity"":{""value"":0.9244282901711343,""score"":62.21414508556711},""T4_rs_1m"":{""value"":-0.03997691753164756,""score"":10.023082468352442},""T5_rs_3m"":{""value"":-0.006358691157941632,""score"":46.82065442102918},""T6_adr_healthy"":{""value"":3.151669842110858,""score"":100.0},""_score"":40.23},""geometry"":{""sub_retest_depth"":32.6,""sub_retest_timing"":100.0,""sub_retest_freshness"":100.0,""sub_hold_quality"":100.0,""_score"":79.78},""compression"":{""VC1_atr_ratio"":{""value"":0.5373662948327245,""score"":100},""VC2_range_contraction"":{""value"":0.9185241392808343,""score"":13.57931011986095},""VC3_range_pct_rank"":{""score"":35.83333333333333},""_score"":53.71},""sr_quality"":{""SR1_touches"":{""value"":2,""score"":25.0},""SR2_tightness"":{""value"":1.1599999999999966,""score"":72.07522837184317},""SR3_recency"":{""value"":252,""score"":0.0},""SR4_price_location"":{""score"":89.40366162359445},""SR5_reaction"":{""value"":3.7198925308973707,""score"":100},""_score"":55.66,""_levels_found"":5,""_target_level"":245.96},""volume"":{""V1_rvol_day"":{""value"":1.1010604197919824,""score"":40.07069465279883},""V2_rvol_sameslot"":{""value"":0.9150009939141847,""score"":27.66673292761231,""status"":""ok""},""V3_breakout_bar"":{""value"":0.8241695691151535,""score"":21.6113046076769},""V4_base_dryup"":{""value"":1.10296168878898,""score"":39.703831121102006},""V5_bo_expansion"":{""value"":1.1010604197919824,""score"":6.737361319465496},""_score"":27.9},""readiness"":{""_distance_atr"":-0.199,""BR1_atr_distance"":{""score"":100.0},""BR2_compression"":{""score"":21.70733643803824},""BR3_retest"":{""score"":100},""BR4_bo_age"":{""score"":60},""_score"":74.43},""risk"":{""R1_stop_clarity"":{""score"":41.500010746909986},""R2_stop_distance_pct"":{""value"":1.4662925950196657,""score"":86.65731487549164},""R3_stop_distance_atr"":{""value"":0.4309201504567458,""score"":46.546007522837286},""R4_rr_potential"":{""value"":-0.7443926147314266,""score"":0.0},""_score"":47.5},""market"":{""M1_spy_regime"":{""score"":100.0},""M3_earnings_risk"":{""value"":null,""score"":80.0},""M4_vix"":{""value"":null,""score"":60.0},""_score"":84.0},""liquidity"":{""L1_price"":{""value"":244.16,""score"":100.0},""L2_dollar_vol"":{""value"":483424353.56164545,""score"":100.0},""L3_spread_proxy"":{""value"":0.03337975098296202,""score"":66.62024901703799},""L4_volume_zscore"":{""value"":0.5831351250068759,""score"":100.0},""_score"":96.66},""pattern_structure"":{""level"":242.505,""level_idx"":68,""breakout_idx"":72,""bo_peak_idx"":74,""bo_peak_price"":251.16,""retest_idx"":78,""retest_low"":243.01,""structural_low"":243.01,""current_price"":243.685,""neckline_distance_pct"":-0.004842316925539146,""base_bars"":11,""bars_since_breakout"":7},""pattern_geometry_features"":{""retest_depth_atr"":-0.17187351859369862,""bars_breakout_to_retest"":6.0,""bars_since_retest"":1.0,""current_above_level_atr"":0.4016054493872621,""bo_peak_excess_pct"":0.03568998577348921,""atr_pct"":0.034027013901891015},""_schema_version"":""1.0""}",,,,,,,,,,
20260519T210226Z-93bc42,2026-05-19T21:02:26.159542+00:00,SNOW,high_tight_pullback,candidate,60.47,44.2,73.0,53.4,58.0,41.4,37.5,73.5,84.0,93.9,5.31,25.56,5.34,4.64,5.79,3.38,0.73,5.04,4.7,False,,169.55,176.98,164.2094,207.91,"{""trend"":{""T1_ema_stack"":{""value"":[true,false,false],""score"":33.33333333333333},""T2_ema50_slope"":{""value"":-0.2602225597070257,""score"":6.629573382162384},""T3_high_proximity"":{""value"":0.9273134981404507,""score"":63.65674907022534},""T4_rs_1m"":{""value"":0.09173841466619104,""score"":100},""T5_rs_3m"":{""value"":-0.10621071260628323,""score"":0},""T6_adr_healthy"":{""value"":4.77437121781615,""score"":100.0},""_score"":44.21},""geometry"":{""sub_pole_impulse"":76.6,""sub_flag_tightness"":64.0,""sub_flag_shallowness"":45.2,""sub_flag_drift"":100,""sub_flag_duration"":100.0,""_score"":73.02},""compression"":{""VC1_atr_ratio"":{""value"":0.4914622887882781,""score"":100},""VC2_range_contraction"":{""value"":0.8423261394207905,""score"":26.27897676320159},""VC3_range_pct_rank"":{""score"":16.666666666666664},""_score"":53.36},""sr_quality"":{""SR1_touches"":{""value"":4,""score"":75.0},""SR2_tightness"":{""value"":1.698315341743107,""score"":61.54223869178039},""SR3_recency"":{""value"":270,""score"":0.0},""SR4_price_location"":{""score"":44.863003873188944},""SR5_reaction"":{""value"":2.568186688987825,""score"":100},""_score"":57.95,""_levels_found"":6,""_target_level"":185.565},""volume"":{""V1_rvol_day"":{""value"":1.6502033079308829,""score"":76.68022052872553},""V2_rvol_sameslot"":{""value"":1.3235921176631105,""score"":54.906141177540704,""status"":""ok""},""V3_breakout_bar"":{""value"":0.5815072010733767,""score"":5.433813404891782},""V4_base_dryup"":{""value"":1.1410410217623086,""score"":35.89589782376915},""V5_bo_expansion"":{""value"":1.6502033079308829,""score"":43.34688719539219},""_score"":41.36},""readiness"":{""_distance_atr"":0.841,""BR1_atr_distance"":{""score"":43.91674315976491},""BR2_compression"":{""score"":9.882703418863178},""BR3_retest"":{""score"":50.0},""BR4_bo_age"":{""score"":50.0},""_score"":37.54},""risk"":{""R1_stop_clarity"":{""score"":43.373648902745074},""R2_stop_distance_pct"":{""value"":3.149896785608971,""score"":100.0},""R3_stop_distance_atr"":{""value"":0.6046858256604367,""score"":55.23429128302184},""R4_rr_potential"":{""value"":7.1826463070974285,""score"":100.0},""_score"":73.47},""market"":{""M1_spy_regime"":{""score"":100.0},""M3_earnings_risk"":{""value"":null,""score"":80.0},""M4_vix"":{""value"":null,""score"":60.0},""_score"":84.0},""liquidity"":{""L1_price"":{""value"":169.55,""score"":100.0},""L2_dollar_vol"":{""value"":2081318913.043318,""score"":100.0},""L3_spread_proxy"":{""value"":0.06057210262459441,""score"":39.42789737540559},""L4_volume_zscore"":{""value"":1.700820687115908,""score"":100.0},""_score"":93.94},""pattern_structure"":{""pole_low"":146.05,""pole_low_idx"":30,""peak_price"":176.98,""peak_idx"":54,""pole_gain"":0.21177678877096867,""flag_bars"":5,""flag_low"":166.71,""flag_high"":174.81,""structural_low"":166.71,""current_price"":170.095,""neckline_distance_pct"":0.040477380287486354,""base_bars"":5},""pattern_geometry_features"":{""pole_gain"":0.21177678877096867,""pullback_pct"":0.05802915583681762,""flag_range_pct"":0.0457678833766527,""flag_drift_per_bar"":0.0037537846497544053,""atr_pct"":0.05209146058895393,""pole_atr_multiple"":4.065479953462396},""_schema_version"":""1.0""}",,,,,,,,,,
20260519T210226Z-93bc42,2026-05-19T21:02:26.159542+00:00,NTSK,bull_flag,forming,59.84,64.2,60.4,59.2,67.6,25.4,60.9,74.6,84.0,86.8,8.99,18.11,5.33,6.76,3.55,5.48,2.24,5.04,4.34,False,,11.43,11.69,11.0862,13.12,"{""trend"":{""T1_ema_stack"":{""value"":[true,true,false],""score"":66.66666666666666},""T2_ema50_slope"":{""value"":0.03313677936413282,""score"":55.5227965606888},""T3_high_proximity"":{""value"":0.9300244100895037,""score"":65.01220504475181},""T4_rs_1m"":{""value"":0.09863959976134029,""score"":100},""T5_rs_3m"":{""value"":-0.07779832377253926,""score"":11.100838113730369},""T6_adr_healthy"":{""value"":5.71044511716947,""score"":100.0},""_score"":64.19},""geometry"":{""sub_pole_impulse"":35.9,""sub_flag_tightness"":64.2,""sub_flag_shallowness"":46.6,""sub_flag_drift"":94.9,""sub_flag_duration"":100.0,""_score"":60.38},""compression"":{""VC1_atr_ratio"":{""value"":0.47928666806618314,""score"":100},""VC2_range_contraction"":{""value"":1.0524008780069194,""score"":0},""VC3_range_pct_rank"":{""score"":76.66666666666666},""_score"":59.17},""sr_quality"":{""SR1_touches"":{""value"":3,""score"":50.0},""SR2_tightness"":{""value"":0.11897712198383131,""score"":63.63184446078889},""SR3_recency"":{""value"":55,""score"":58.333333333333336},""SR4_price_location"":{""score"":77.06576728499157},""SR5_reaction"":{""value"":3.2936321655877117,""score"":100},""_score"":67.56,""_levels_found"":4,""_target_level"":11.8833},""volume"":{""V1_rvol_day"":{""value"":0.9277789875334321,""score"":28.518599168895477},""V2_rvol_sameslot"":{""value"":0.6293853395363611,""score"":8.625689302424073,""status"":""ok""},""V3_breakout_bar"":{""value"":0.6720563672324877,""score"":11.470424482165848},""V4_base_dryup"":{""value"":0.7456873510428448,""score"":75.43126489571551},""V5_bo_expansion"":{""value"":0.9277789875334321,""score"":0},""_score"":25.38},""readiness"":{""_distance_atr"":0.397,""BR1_atr_distance"":{""score"":73.50829503316923},""BR2_compression"":{""score"":56.13377883759685},""BR3_retest"":{""score"":50.0},""BR4_bo_age"":{""score"":50.0},""_score"":60.94},""risk"":{""R1_stop_clarity"":{""score"":48.39466818047838},""R2_stop_distance_pct"":{""value"":3.00809273840769,""score"":100.0},""R3_stop_distance_atr"":{""value"":0.5254909880896481,""score"":51.27454940448241},""R4_rr_potential"":{""value"":4.915291209190736,""score"":100.0},""_score"":74.63},""market"":{""M1_spy_regime"":{""score"":100.0},""M3_earnings_risk"":{""value"":null,""score"":80.0},""M4_vix"":{""value"":null,""score"":60.0},""_score"":84.0},""liquidity"":{""L1_price"":{""value"":11.43,""score"":100.0},""L2_dollar_vol"":{""value"":36762047.22495078,""score"":78.26998443078335},""L3_spread_proxy"":{""value"":0.04461942257217846,""score"":55.380577427821535},""L4_volume_zscore"":{""value"":-0.19597946557890014,""score"":100.0},""_score"":86.85},""pattern_structure"":{""pole_low"":10.26,""pole_low_idx"":36,""peak_price"":11.69,""peak_idx"":54,""pole_gain"":0.1393762183235867,""flag_bars"":5,""flag_low"":11.255,""flag_high"":11.605,""structural_low"":11.255,""current_price"":11.355,""neckline_distance_pct"":0.029502421840598772,""base_bars"":5},""pattern_geometry_features"":{""pole_gain"":0.1393762183235867,""pullback_pct"":0.03721129170230956,""flag_range_pct"":0.029940119760479014,""flag_drift_per_bar"":-0.0010127697049758127,""atr_pct"":0.05724346956630421,""pole_atr_multiple"":2.4347968314909605},""_schema_version"":""1.0""}",,,,,,,,,,
20260519T210226Z-93bc42,2026-05-19T21:02:26.159542+00:00,RDVT,high_tight_pullback,forming,59.78,88.2,63.5,27.0,57.9,40.4,51.5,76.4,84.0,70.5,10.59,22.24,2.7,4.63,5.66,4.63,0.76,5.04,3.52,False,,50.1,51.3,48.6393,58.6184,"{""trend"":{""T1_ema_stack"":{""value"":[true,true,false],""score"":66.66666666666666},""T2_ema50_slope"":{""value"":0.1968571497375006,""score"":82.8095249562501},""T3_high_proximity"":{""value"":1.0,""score"":99.99999999999997},""T4_rs_1m"":{""value"":0.17193994399541945,""score"":100},""T5_rs_3m"":{""value"":0.11471213222537524,""score"":100},""T6_adr_healthy"":{""value"":6.064447917355813,""score"":100.0},""_score"":88.23},""geometry"":{""sub_pole_impulse"":38.0,""sub_flag_tightness"":64.6,""sub_flag_shallowness"":55.0,""sub_flag_drift"":100,""sub_flag_duration"":100.0,""_score"":63.55},""compression"":{""VC1_atr_ratio"":{""value"":0.7406525456367741,""score"":64.83686359080649},""VC2_range_contraction"":{""value"":1.6243849011969747,""score"":0},""VC3_range_pct_rank"":{""score"":4.1666666666666625},""_score"":26.98},""sr_quality"":{""SR1_touches"":{""value"":2,""score"":25.0},""SR2_tightness"":{""value"":0.129999999999999,""score"":92.13929854037146},""SR3_recency"":{""value"":231,""score"":0.0},""SR4_price_location"":{""score"":88.60204023479794},""SR5_reaction"":{""value"":1.921094969798927,""score"":96.05474848994635},""_score"":57.88,""_levels_found"":6,""_target_level"":50.98},""volume"":{""V1_rvol_day"":{""value"":1.4171829124222621,""score"":61.14552749481747},""V2_rvol_sameslot"":{""value"":1.1898512058894124,""score"":45.99008039262749,""status"":""ok""},""V3_breakout_bar"":{""value"":0.9922816146880379,""score"":32.81877431253586},""V4_base_dryup"":{""value"":1.1693977221125864,""score"":33.06022778874136},""V5_bo_expansion"":{""value"":1.4171829124222621,""score"":27.812194161484143},""_score"":40.42},""readiness"":{""_distance_atr"":0.363,""BR1_atr_distance"":{""score"":75.81322627806591},""BR2_compression"":{""score"":14.702291939151607},""BR3_retest"":{""score"":50.0},""BR4_bo_age"":{""score"":50.0},""_score"":51.5},""risk"":{""R1_stop_clarity"":{""score"":55.21214176040816},""R2_stop_distance_pct"":{""value"":2.9155688622754545,""score"":100.0},""R3_stop_distance_atr"":{""value"":0.44162025469536637,""score"":47.08101273476832},""R4_rr_potential"":{""value"":5.8317245156431685,""score"":100.0},""_score"":76.39},""market"":{""M1_spy_regime"":{""score"":100.0},""M3_earnings_risk"":{""value"":null,""score"":80.0},""M4_vix"":{""value"":null,""score"":60.0},""_score"":84.0},""liquidity"":{""L1_price"":{""value"":50.1,""score"":100.0},""L2_dollar_vol"":{""value"":10069597.1189454,""score"":50.150604746553505},""L3_spread_proxy"":{""value"":0.09600798403193603,""score"":3.992015968063967},""L4_volume_zscore"":{""value"":0.7387050537420032,""score"":100.0},""_score"":70.46},""pattern_structure"":{""pole_low"":43.9816,""pole_low_idx"":31,""peak_price"":51.3,""peak_idx"":55,""pole_gain"":0.1663968568674172,""flag_bars"":4,""flag_low"":49.38,""flag_high"":51.195,""structural_low"":49.38,""current_price"":50.09,""neckline_distance_pct"":0.024156518267119058,""base_bars"":4},""pattern_geometry_features"":{""pole_gain"":0.1663968568674172,""pullback_pct"":0.03742690058479522,""flag_range_pct"":0.03538011695906428,""flag_drift_per_bar"":0.0005889399081653724,""atr_pct"":0.06601981750784144,""pole_atr_multiple"":2.5204077070896713},""_schema_version"":""1.0""}",,,,,,,,,,
20260519T210226Z-93bc42,2026-05-19T21:02:26.159542+00:00,TTAN,breakout_retest_hold,setup,59.27,13.8,87.8,60.0,52.1,18.9,82.7,54.9,84.0,94.2,1.93,19.33,3.6,7.3,2.46,14.89,2.74,4.2,2.83,False,,62.45,62.18,61.5384,62.22,"{""trend"":{""T1_ema_stack"":{""value"":[true,false,false],""score"":33.33333333333333},""T2_ema50_slope"":{""value"":-0.334895192215244,""score"":0},""T3_high_proximity"":{""value"":0.7528631705846895,""score"":0},""T4_rs_1m"":{""value"":-0.09307412555980799,""score"":0},""T5_rs_3m"":{""value"":-0.09441014158726402,""score"":2.794929206367989},""T6_adr_healthy"":{""value"":5.429539949480531,""score"":100.0},""_score"":13.75},""geometry"":{""sub_retest_depth"":59.5,""sub_retest_timing"":100.0,""sub_retest_freshness"":100.0,""sub_hold_quality"":100.0,""_score"":87.85},""compression"":{""VC1_atr_ratio"":{""value"":0.5377264781349319,""score"":100},""VC2_range_contraction"":{""value"":0.9777067012415179,""score"":3.7155497930803456},""VC3_range_pct_rank"":{""score"":75.0},""_score"":60.05},""sr_quality"":{""SR1_touches"":{""value"":3,""score"":50.0},""SR2_tightness"":{""value"":0.36153392648546445,""score"":80.59748848725019},""SR3_recency"":{""value"":231,""score"":0.0},""SR4_price_location"":{""score"":40.12531749404544},""SR5_reaction"":{""value"":2.7669821531022847,""score"":100},""_score"":52.12,""_levels_found"":4,""_target_level"":68.5083},""volume"":{""V1_rvol_day"":{""value"":1.1465861884656918,""score"":43.10574589771279},""V2_rvol_sameslot"":{""value"":0.6945516618588545,""score"":12.970110790590303,""status"":""ok""},""V3_breakout_bar"":{""value"":0.5058243612583543,""score"":0.38829075055695217},""V4_base_dryup"":{""value"":1.1933697730703556,""score"":30.663022692964432},""V5_bo_expansion"":{""value"":1.146586188465692,""score"":9.772412564379469},""_score"":18.91},""readiness"":{""_distance_atr"":-0.072,""BR1_atr_distance"":{""score"":100.0},""BR2_compression"":{""score"":55.03236938840244},""BR3_retest"":{""score"":99.73166402802957},""BR4_bo_age"":{""score"":60},""_score"":82.7},""risk"":{""R1_stop_clarity"":{""score"":66.64047196464092},""R2_stop_distance_pct"":{""value"":1.459727782225792,""score"":86.49319455564479},""R3_stop_distance_atr"":{""value"":0.2446150720482105,""score"":37.23075360241053},""R4_rr_potential"":{""value"":-0.2523036419482175,""score"":0.0},""_score"":54.86},""market"":{""M1_spy_regime"":{""score"":100.0},""M3_earnings_risk"":{""value"":null,""score"":80.0},""M4_vix"":{""value"":null,""score"":60.0},""_score"":84.0},""liquidity"":{""L1_price"":{""value"":62.45,""score"":100.0},""L2_dollar_vol"":{""value"":79675863.6616912,""score"":95.06633898944968},""L3_spread_proxy"":{""value"":0.03810888710968785,""score"":61.89111289031215},""L4_volume_zscore"":{""value"":0.4781709556722649,""score"":100.0},""_score"":94.22},""pattern_structure"":{""level"":62.18,""level_idx"":68,""breakout_idx"":72,""bo_peak_idx"":74,""bo_peak_price"":64.5399,""retest_idx"":77,""retest_low"":62.16,""structural_low"":62.16,""current_price"":62.74,""neckline_distance_pct"":-0.008925725215173768,""base_bars"":11,""bars_since_breakout"":7},""pattern_geometry_features"":{""retest_depth_atr"":0.01632196236622075,""bars_breakout_to_retest"":5.0,""bars_since_retest"":2.0,""current_above_level_atr"":0.45701494625411143,""bo_peak_excess_pct"":0.03795271791572858,""atr_pct"":0.059674482443097296},""_schema_version"":""1.0""}",,,,,,,,,,
20260519T210226Z-93bc42,2026-05-19T21:02:26.159542+00:00,OMCL,vcp,breakout_confirmed,59.02,94.7,53.5,72.1,58.3,25.1,35.8,17.2,84.0,82.1,14.2,13.39,8.66,7.0,3.27,2.51,0.86,5.04,4.11,False,,43.82,39.145,34.9675,53.835,"{""trend"":{""T1_ema_stack"":{""value"":[true,true,true],""score"":100.0},""T2_ema50_slope"":{""value"":0.3697455181126957,""score"":100},""T3_high_proximity"":{""value"":0.962865304328719,""score"":81.43265216435947},""T4_rs_1m"":{""value"":0.12397028759202833,""score"":100},""T5_rs_3m"":{""value"":0.06581383805297891,""score"":82.90691902648945},""T6_adr_healthy"":{""value"":4.552049303396233,""score"":100.0},""_score"":94.65},""geometry"":{""sub_contraction_count"":100.0,""sub_reduction_rate"":0,""sub_pivot_tightness"":9.9,""sub_volume_dryup"":47.1,""sub_base_depth"":100.0,""sub_base_duration"":100.0,""_score"":53.55},""compression"":{""VC1_atr_ratio"":{""value"":0.27280194504049854,""score"":100},""VC2_range_contraction"":{""value"":0.6706337481910241,""score"":54.89437530149599},""VC3_range_pct_rank"":{""score"":51.66666666666666},""_score"":72.13},""sr_quality"":{""SR1_touches"":{""value"":4,""score"":75.0},""SR2_tightness"":{""value"":0.4343026018803011,""score"":46.26796549685428},""SR3_recency"":{""value"":231,""score"":0.0},""SR4_price_location"":{""score"":55.44973544973545},""SR5_reaction"":{""value"":2.163821100491787,""score"":100},""_score"":58.3,""_levels_found"":5,""_target_level"":44.8725},""volume"":{""V1_rvol_day"":{""value"":0.6367934260962695,""score"":9.119561739751303},""V2_rvol_sameslot"":{""value"":0.4638422786680314,""score"":0,""status"":""ok""},""V3_breakout_bar"":{""value"":1.1380027913633903,""score"":42.53351942422602},""V4_base_dryup"":{""value"":0.8656590302033478,""score"":63.43409697966522},""V5_bo_expansion"":{""value"":0.6367934260962695,""score"":0},""_score"":25.14},""readiness"":{""_distance_atr"":-2.892,""BR1_atr_distance"":{""score"":2.1607744888806835},""BR2_compression"":{""score"":69.90741882757263},""BR3_retest"":{""score"":50.0},""BR4_bo_age"":{""score"":50.0},""_score"":35.84},""risk"":{""R1_stop_clarity"":{""score"":34.11895703813693},""R2_stop_distance_pct"":{""value"":20.201962574167045,""score"":0.0},""R3_stop_distance_atr"":{""value"":5.4761683832853905,""score"":26.191580835730477},""R4_rr_potential"":{""value"":1.1313188364868683,""score"":6.565941824343414},""_score"":17.18},""market"":{""M1_spy_regime"":{""score"":100.0},""M3_earnings_risk"":{""value"":null,""score"":80.0},""M4_vix"":{""value"":null,""score"":60.0},""_score"":84.0},""liquidity"":{""L1_price"":{""value"":43.82,""score"":100.0},""L2_dollar_vol"":{""value"":19148360.33045768,""score"":64.10657956817735},""L3_spread_proxy"":{""value"":0.035143769968051096,""score"":64.85623003194891},""L4_volume_zscore"":{""value"":-0.5303703189103111,""score"":100.0},""_score"":82.13},""pattern_structure"":{""n_contractions"":5,""contractions_pct"":[29.51,6.17,20.17,10.86,9.31],""descending_strict"":false,""final_low"":35.5,""final_pivot"":39.145,""structural_low"":35.5,""dry_up_ratio"":0.7643584791855718,""current_price"":43.82,""neckline_distance_pct"":-0.1066864445458694,""base_bars"":55},""pattern_geometry_features"":{""contraction_count"":5.0,""first_contraction_pct"":0.29507870093644145,""last_contraction_pct"":0.09311534040107301,""dry_up_ratio"":0.7643584791855718,""near_monotone"":0.0,""base_depth_pct"":0.29268778641163573},""_schema_version"":""1.0""}",,,,,,,,,,
20260519T210226Z-93bc42,2026-05-19T21:02:26.159542+00:00,AGYS,double_bottom,breakout_confirmed,58.92,51.1,78.4,23.8,50.2,70.8,33.2,36.7,84.0,72.5,7.66,19.6,1.9,7.03,9.2,2.66,2.2,5.04,3.62,False,,78.94,73.585,64.4879,81.7,"{""trend"":{""T1_ema_stack"":{""value"":[true,false,false],""score"":33.33333333333333},""T2_ema50_slope"":{""value"":-0.2329215405635045,""score"":11.179743239415913},""T3_high_proximity"":{""value"":0.9866266716660417,""score"":93.31333583302082},""T4_rs_1m"":{""value"":0.12644759934086292,""score"":100},""T5_rs_3m"":{""value"":-0.07977826091673634,""score"":10.110869541631828},""T6_adr_healthy"":{""value"":5.619624296819954,""score"":100.0},""_score"":51.08},""geometry"":{""sub_low_similarity"":86.0,""sub_bounce_quality"":100,""sub_separation_fit"":0.0,""sub_right_bottom_reaction"":84.0,""sub_base_context"":100.0,""_score"":78.4},""compression"":{""VC1_atr_ratio"":{""value"":0.7621023928636034,""score"":59.47440178409915},""VC2_range_contraction"":{""value"":1.456591665916277,""score"":0},""VC3_range_pct_rank"":{""score"":0.0},""_score"":23.79},""sr_quality"":{""SR1_touches"":{""value"":2,""score"":25.0},""SR2_tightness"":{""value"":0.6649999999999991,""score"":74.33140336366147},""SR3_recency"":{""value"":275,""score"":0.0},""SR4_price_location"":{""score"":67.03591809331982},""SR5_reaction"":{""value"":1.9695340501792127,""score"":98.47670250896063},""_score"":50.18,""_levels_found"":7,""_target_level"":81.395},""volume"":{""V1_rvol_day"":{""value"":6.708073723505659,""score"":100},""V2_rvol_sameslot"":{""value"":4.875788704065003,""score"":100,""status"":""ok""},""V3_breakout_bar"":{""value"":0.7497334993438944,""score"":16.64889995625963},""V4_base_dryup"":{""value"":0.9203073165737792,""score"":57.96926834262208},""V5_bo_expansion"":{""value"":6.708073723505659,""score"":100},""_score"":70.76},""readiness"":{""_distance_atr"":-1.033,""BR1_atr_distance"":{""score"":39.33002481389577},""BR2_compression"":{""score"":0},""BR3_retest"":{""score"":50.0},""BR4_bo_age"":{""score"":50.0},""_score"":33.23},""risk"":{""R1_stop_clarity"":{""score"":62.093465674110796},""R2_stop_distance_pct"":{""value"":18.30763871294654,""score"":0.0},""R3_stop_distance_atr"":{""value"":2.7892018196856907,""score"":100.0},""R4_rr_potential"":{""value"":0.1909763666746234,""score"":0.0},""_score"":36.73},""market"":{""M1_spy_regime"":{""score"":100.0},""M3_earnings_risk"":{""value"":null,""score"":80.0},""M4_vix"":{""value"":null,""score"":60.0},""_score"":84.0},""liquidity"":{""L1_price"":{""value"":78.94,""score"":100.0},""L2_dollar_vol"":{""value"":216260619.67831898,""score"":100.0},""L3_spread_proxy"":{""value"":0.2292513301241449,""score"":0},""L4_volume_zscore"":{""value"":4.111801759283167,""score"":30.0},""_score"":72.5},""pattern_structure"":{""left_low"":65.47,""left_idx"":20,""right_low"":65.93,""right_idx"":68,""separation_bars"":48,""structural_low"":65.47,""current_price"":78.1925,""neckline_distance_pct"":-0.05892508872334306,""base_bars"":48},""pattern_geometry_features"":{""low_similarity_pct"":0.007001522070015341,""bounce_pct"":0.12394990071788597,""right_bottom_reaction"":0.8402948402948386,""atr_pct"":0.06563755474320461},""_schema_version"":""1.0""}",,,,,,,,,,
20260519T210226Z-93bc42,2026-05-19T21:02:26.159542+00:00,HNRG,double_bottom,forming,58.42,63.9,69.2,51.7,40.7,33.8,49.6,75.2,84.0,75.6,9.58,17.31,4.13,5.69,4.4,3.97,4.51,5.04,3.78,False,,18.01,18.81,17.139,20.22,"{""trend"":{""T1_ema_stack"":{""value"":[true,true,false],""score"":66.66666666666666},""T2_ema50_slope"":{""value"":0.11435335689219149,""score"":69.05889281536525},""T3_high_proximity"":{""value"":0.9118987341772152,""score"":55.949367088607595},""T4_rs_1m"":{""value"":0.14957944938540058,""score"":100},""T5_rs_3m"":{""value"":-0.10395916612516987,""score"":0},""T6_adr_healthy"":{""value"":6.299449765178379,""score"":100.0},""_score"":63.87},""geometry"":{""sub_low_similarity"":22.2,""sub_bounce_quality"":72.9,""sub_separation_fit"":86.7,""sub_right_bottom_reaction"":100,""sub_base_context"":100.0,""_score"":69.25},""compression"":{""VC1_atr_ratio"":{""value"":0.3191930798940286,""score"":100},""VC2_range_contraction"":{""value"":1.388672395342774,""score"":0},""VC3_range_pct_rank"":{""score"":46.666666666666664},""_score"":51.67},""sr_quality"":{""SR1_touches"":{""value"":2,""score"":25.0},""SR2_tightness"":{""value"":0.07000000000000028,""score"":89.41650377442029},""SR3_recency"":{""value"":321,""score"":0.0},""SR4_price_location"":{""score"":25.601750547046258},""SR5_reaction"":{""value"":1.7802952579457223,""score"":89.01476289728612},""_score"":40.67,""_levels_found"":6,""_target_level"":18.86},""volume"":{""V1_rvol_day"":{""value"":0.5601522087229771,""score"":4.010147248198473},""V2_rvol_sameslot"":{""value"":0.5947401866048561,""score"":6.316012440323737,""status"":""ok""},""V3_breakout_bar"":{""value"":1.3098047738220036,""score"":53.986984921466906},""V4_base_dryup"":{""value"":0.5866583654416226,""score"":91.33416345583774},""V5_bo_expansion"":{""value"":0.5601522087229771,""score"":0},""_score"":33.83},""readiness"":{""_distance_atr"":0.605,""BR1_atr_distance"":{""score"":59.68191914064904},""BR2_compression"":{""score"":32.88021105530146},""BR3_retest"":{""score"":50.0},""BR4_bo_age"":{""score"":50.0},""_score"":49.59},""risk"":{""R1_stop_clarity"":{""score"":60.538678358910225},""R2_stop_distance_pct"":{""value"":4.8362021099389345,""score"":100.0},""R3_stop_distance_atr"":{""value"":0.6584446580342793,""score"":57.92223290171397},""R4_rr_potential"":{""value"":2.5373134328358113,""score"":76.86567164179057},""_score"":75.25},""market"":{""M1_spy_regime"":{""score"":100.0},""M3_earnings_risk"":{""value"":null,""score"":80.0},""M4_vix"":{""value"":null,""score"":60.0},""_score"":84.0},""liquidity"":{""L1_price"":{""value"":18.01,""score"":100.0},""L2_dollar_vol"":{""value"":11521902.33089434,""score"":53.07620947347252},""L3_spread_proxy"":{""value"":0.056079955580233286,""score"":43.92004441976671},""L4_volume_zscore"":{""value"":-0.722420073217086,""score"":100.0},""_score"":75.62},""pattern_structure"":{""left_low"":18.09,""left_idx"":68,""right_low"":17.4,""right_idx"":76,""separation_bars"":8,""structural_low"":17.4,""current_price"":18.089,""neckline_distance_pct"":0.039858477527779324,""base_bars"":8},""pattern_geometry_features"":{""low_similarity_pct"":0.038884192730346656,""bounce_pct"":0.0810344827586207,""right_bottom_reaction"":1.0,""atr_pct"":0.07344887760767825},""_schema_version"":""1.0""}",,,,,,,,,,
20260519T210226Z-93bc42,2026-05-19T21:02:26.159542+00:00,APPF,breakout_retest_hold,setup,58.25,18.7,70.0,43.1,60.2,38.4,82.2,50.8,84.0,89.5,2.62,15.4,2.59,8.43,4.99,14.8,2.54,4.2,2.69,False,,159.82,158.16,157.8159,155.66,"{""trend"":{""T1_ema_stack"":{""value"":[false,false,false],""score"":0.0},""T2_ema50_slope"":{""value"":-0.10205915386588922,""score"":32.99014102235179},""T3_high_proximity"":{""value"":0.836009834179003,""score"":18.004917089501472},""T4_rs_1m"":{""value"":-0.028041224771157447,""score"":21.958775228842555},""T5_rs_3m"":{""value"":-0.16506375146246555,""score"":0},""T6_adr_healthy"":{""value"":4.450068460441466,""score"":100.0},""_score"":18.69},""geometry"":{""sub_retest_depth"":0.0,""sub_retest_timing"":100.0,""sub_retest_freshness"":100.0,""sub_hold_quality"":100.0,""_score"":70.0},""compression"":{""VC1_atr_ratio"":{""value"":0.482298866920547,""score"":100},""VC2_range_contraction"":{""value"":0.9998409207667105,""score"":0.026513205548250873},""VC3_range_pct_rank"":{""score"":12.5},""_score"":43.13},""sr_quality"":{""SR1_touches"":{""value"":3,""score"":50.0},""SR2_tightness"":{""value"":1.5616871218866646,""score"":60.0849157683084},""SR3_recency"":{""value"":236,""score"":0.0},""SR4_price_location"":{""score"":84.78483216824584},""SR5_reaction"":{""value"":2.862602483747633,""score"":100},""_score"":60.21,""_levels_found"":7,""_target_level"":161.62},""volume"":{""V1_rvol_day"":{""value"":0.9736860964809744,""score"":31.579073098731627},""V2_rvol_sameslot"":{""value"":0.82563542666174,""score"":21.709028444115997,""status"":""ok""},""V3_breakout_bar"":{""value"":1.2657426034659685,""score"":51.049506897731234},""V4_base_dryup"":{""value"":0.7525707320187865,""score"":74.74292679812135},""V5_bo_expansion"":{""value"":0.9736860964809744,""score"":0},""_score"":38.37},""readiness"":{""_distance_atr"":-0.212,""BR1_atr_distance"":{""score"":100.0},""BR2_compression"":{""score"":40.97831066735667},""BR3_retest"":{""score"":100},""BR4_bo_age"":{""score"":80},""_score"":82.24},""risk"":{""R1_stop_clarity"":{""score"":59.256476613017014},""R2_stop_distance_pct"":{""value"":1.2539732198723528,""score"":81.34933049680882},""R3_stop_distance_atr"":{""value"":0.25611346596779533,""score"":37.80567329838976},""R4_rr_potential"":{""value"":-2.075744723317204,""score"":0.0},""_score"":50.82},""market"":{""M1_spy_regime"":{""score"":100.0},""M3_earnings_risk"":{""value"":null,""score"":80.0},""M4_vix"":{""value"":null,""score"":60.0},""_score"":84.0},""liquidity"":{""L1_price"":{""value"":159.82,""score"":100.0},""L2_dollar_vol"":{""value"":56363628.14485765,""score"":87.54994705062438},""L3_spread_proxy"":{""value"":0.05493680390439245,""score"":45.06319609560755},""L4_volume_zscore"":{""value"":-0.06250744608159399,""score"":100.0},""_score"":89.53},""pattern_structure"":{""level"":158.16,""level_idx"":68,""breakout_idx"":74,""bo_peak_idx"":74,""bo_peak_price"":168.18,""retest_idx"":77,""retest_low"":159.41,""structural_low"":159.41,""current_price"":160.9725,""neckline_distance_pct"":-0.017471928434981132,""base_bars"":11,""bars_since_breakout"":5},""pattern_geometry_features"":{""retest_depth_atr"":-0.43373195365264305,""bars_breakout_to_retest"":3.0,""bars_since_retest"":2.0,""current_above_level_atr"":0.9758968957184468,""bo_peak_excess_pct"":0.06335356600910477,""atr_pct"":0.048961627813432974},""_schema_version"":""1.0""}",,,,,,,,,,
20260519T210226Z-93bc42,2026-05-19T21:02:26.159542+00:00,CLBT,high_tight_pullback,forming,57.62,28.1,81.3,36.5,57.1,19.8,53.7,58.9,84.0,87.2,3.37,28.44,3.65,4.57,2.77,4.83,0.59,5.04,4.36,False,,13.46,14.05,13.3861,16.555,"{""trend"":{""T1_ema_stack"":{""value"":[true,false,false],""score"":33.33333333333333},""T2_ema50_slope"":{""value"":-0.16123551124383736,""score"":23.127414792693774},""T3_high_proximity"":{""value"":0.8797385620915033,""score"":39.869281045751606},""T4_rs_1m"":{""value"":-0.02930989842358378,""score"":20.690101576416218},""T5_rs_3m"":{""value"":-0.11043583819669722,""score"":0},""T6_adr_healthy"":{""value"":4.746206257897813,""score"":100.0},""_score"":28.08},""geometry"":{""sub_pole_impulse"":75.9,""sub_flag_tightness"":80.9,""sub_flag_shallowness"":69.8,""sub_flag_drift"":95.4,""sub_flag_duration"":100.0,""_score"":81.27},""compression"":{""VC1_atr_ratio"":{""value"":0.720847070755688,""score"":69.788232311078},""VC2_range_contraction"":{""value"":1.1263662133460792,""score"":0},""VC3_range_pct_rank"":{""score"":34.166666666666664},""_score"":36.46},""sr_quality"":{""SR1_touches"":{""value"":4,""score"":75.0},""SR2_tightness"":{""value"":0.1868488694105479,""score"":48.36102312974544},""SR3_recency"":{""value"":234,""score"":0.0},""SR4_price_location"":{""score"":52.0270270270271},""SR5_reaction"":{""value"":1.917265800405529,""score"":95.86329002027645},""_score"":57.14,""_levels_found"":9,""_target_level"":13.815},""volume"":{""V1_rvol_day"":{""value"":1.1879392140809382,""score"":45.862614272062544},""V2_rvol_sameslot"":{""value"":0.9195927705645986,""score"":27.972851370973245,""status"":""ok""},""V3_breakout_bar"":{""value"":0.6865288428453802,""score"":12.435256189692012},""V4_base_dryup"":{""value"":2.5603234837893654,""score"":0},""V5_bo_expansion"":{""value"":1.187939214080938,""score"":12.529280938729196},""_score"":19.76},""readiness"":{""_distance_atr"":0.815,""BR1_atr_distance"":{""score"":45.64770189304256},""BR2_compression"":{""score"":71.81634035795506},""BR3_retest"":{""score"":50.0},""BR4_bo_age"":{""score"":50.0},""_score"":53.71},""risk"":{""R1_stop_clarity"":{""score"":43.66246117405086},""R2_stop_distance_pct"":{""value"":0.5486627043090785,""score"":63.71656760772696},""R3_stop_distance_atr"":{""value"":0.10204874275929446,""score"":30.10243713796472},""R4_rr_potential"":{""value"":41.90927555856352,""score"":100.0},""_score"":58.91},""market"":{""M1_spy_regime"":{""score"":100.0},""M3_earnings_risk"":{""value"":null,""score"":80.0},""M4_vix"":{""value"":null,""score"":60.0},""_score"":84.0},""liquidity"":{""L1_price"":{""value"":13.46,""score"":100.0},""L2_dollar_vol"":{""value"":38381362.87889401,""score"":79.20601959901687},""L3_spread_proxy"":{""value"":0.04457652303120367,""score"":55.42347696879633},""L4_volume_zscore"":{""value"":0.32487692026646736,""score"":100.0},""_score"":87.22},""pattern_structure"":{""pole_low"":11.545,""pole_low_idx"":36,""peak_price"":14.05,""peak_idx"":54,""pole_gain"":0.21697704634040718,""flag_bars"":5,""flag_low"":13.59,""flag_high"":13.94,""structural_low"":13.59,""current_price"":13.69,""neckline_distance_pct"":0.026296566837107467,""base_bars"":5},""pattern_geometry_features"":{""pole_gain"":0.21697704634040718,""pullback_pct"":0.03274021352313173,""flag_range_pct"":0.024911032028469723,""flag_drift_per_bar"":-0.0009130752373995838,""atr_pct"":0.05376476862661859,""pole_atr_multiple"":4.03567339510475},""_schema_version"":""1.0""}",,,,,,,,,,
20260519T210226Z-93bc42,2026-05-19T21:02:26.159542+00:00,SRAD,breakout_retest_hold,setup,57.56,5.0,91.8,72.3,45.6,27.9,69.9,59.8,84.0,85.5,0.7,20.18,4.34,6.39,3.62,12.57,2.99,4.2,2.56,False,,13.29,13.22,12.9344,13.53,"{""trend"":{""T1_ema_stack"":{""value"":[false,false,false],""score"":0.0},""T2_ema50_slope"":{""value"":-1.0073006970608887,""score"":0},""T3_high_proximity"":{""value"":0.674961909598781,""score"":0},""T4_rs_1m"":{""value"":-0.2719345776408095,""score"":0},""T5_rs_3m"":{""value"":-0.29600138763659234,""score"":0},""T6_adr_healthy"":{""value"":8.020938861984432,""score"":99.47652845038921},""_score"":4.97},""geometry"":{""sub_retest_depth"":100.0,""sub_retest_timing"":100.0,""sub_retest_freshness"":100.0,""sub_hold_quality"":72.5,""_score"":91.75},""compression"":{""VC1_atr_ratio"":{""value"":0.2966799879241464,""score"":100},""VC2_range_contraction"":{""value"":0.599947723761144,""score"":66.67537937314266},""VC3_range_pct_rank"":{""score"":35.83333333333333},""_score"":72.29},""sr_quality"":{""SR1_touches"":{""value"":2,""score"":25.0},""SR2_tightness"":{""value"":0.13004999999999978,""score"":64.16650265695736},""SR3_recency"":{""value"":231,""score"":0.0},""SR4_price_location"":{""score"":53.95780499649272},""SR5_reaction"":{""value"":4.367181657154103,""score"":100},""_score"":45.61,""_levels_found"":6,""_target_level"":14.5699},""volume"":{""V1_rvol_day"":{""value"":0.43239055839747836,""score"":0},""V2_rvol_sameslot"":{""value"":0.42416568224907814,""score"":0,""status"":""ok""},""V3_breakout_bar"":{""value"":0.9729941402143016,""score"":31.53294268095344},""V4_base_dryup"":{""value"":0.47492199301003474,""score"":100},""V5_bo_expansion"":{""value"":0.43239055839747836,""score"":0},""_score"":27.88},""readiness"":{""_distance_atr"":-0.096,""BR1_atr_distance"":{""score"":100.0},""BR2_compression"":{""score"":0},""BR3_retest"":{""score"":89.32296791970077},""BR4_bo_age"":{""score"":80},""_score"":69.86},""risk"":{""R1_stop_clarity"":{""score"":64.00118086990771},""R2_stop_distance_pct"":{""value"":2.6760722347629717,""score"":100.0},""R3_stop_distance_atr"":{""value"":0.48997244636882337,""score"":49.498622318441164},""R4_rr_potential"":{""value"":0.6748207507380979,""score"":0.0},""_score"":59.83},""market"":{""M1_spy_regime"":{""score"":100.0},""M3_earnings_risk"":{""value"":null,""score"":80.0},""M4_vix"":{""value"":null,""score"":60.0},""_score"":84.0},""liquidity"":{""L1_price"":{""value"":13.29,""score"":100.0},""L2_dollar_vol"":{""value"":33624726.79894251,""score"":76.33293821900837},""L3_spread_proxy"":{""value"":0.05041384499623777,""score"":49.58615500376223},""L4_volume_zscore"":{""value"":-0.5724974767880627,""score"":100.0},""_score"":85.49},""pattern_structure"":{""level"":13.22,""level_idx"":70,""breakout_idx"":74,""bo_peak_idx"":74,""bo_peak_price"":13.73,""retest_idx"":77,""retest_low"":13.065,""structural_low"":13.065,""current_price"":13.215,""neckline_distance_pct"":0.0003783579265986214,""base_bars"":9,""bars_since_breakout"":5},""pattern_geometry_features"":{""retest_depth_atr"":0.6164947867837197,""bars_breakout_to_retest"":3.0,""bars_since_retest"":2.0,""current_above_level_atr"":-0.019886928605929406,""bo_peak_excess_pct"":0.038577912254160344,""atr_pct"":0.054616790282704525},""_schema_version"":""1.0""}",,,,,,,,,,
20260519T210226Z-93bc42,2026-05-19T21:02:26.159542+00:00,NTSK,vcp,forming,57.42,64.2,58.0,59.2,67.6,16.3,59.7,48.2,84.0,86.8,9.63,14.49,7.1,8.11,2.12,4.18,2.41,5.04,4.34,False,,11.43,11.72,10.1061,14.28,"{""trend"":{""T1_ema_stack"":{""value"":[true,true,false],""score"":66.66666666666666},""T2_ema50_slope"":{""value"":0.03313677936413282,""score"":55.5227965606888},""T3_high_proximity"":{""value"":0.9300244100895037,""score"":65.01220504475181},""T4_rs_1m"":{""value"":0.09863959976134029,""score"":100},""T5_rs_3m"":{""value"":-0.07779832377253926,""score"":11.100838113730369},""T6_adr_healthy"":{""value"":5.71044511716947,""score"":100.0},""_score"":64.19},""geometry"":{""sub_contraction_count"":100.0,""sub_reduction_rate"":37.5,""sub_pivot_tightness"":0,""sub_volume_dryup"":23.9,""sub_base_depth"":100.0,""sub_base_duration"":100.0,""_score"":57.96},""compression"":{""VC1_atr_ratio"":{""value"":0.47928666806618314,""score"":100},""VC2_range_contraction"":{""value"":1.0524008780069194,""score"":0},""VC3_range_pct_rank"":{""score"":76.66666666666666},""_score"":59.17},""sr_quality"":{""SR1_touches"":{""value"":3,""score"":50.0},""SR2_tightness"":{""value"":0.11897712198383131,""score"":63.63184446078889},""SR3_recency"":{""value"":55,""score"":58.333333333333336},""SR4_price_location"":{""score"":77.06576728499157},""SR5_reaction"":{""value"":3.2936321655877117,""score"":100},""_score"":67.56,""_levels_found"":4,""_target_level"":11.8833},""volume"":{""V1_rvol_day"":{""value"":0.9277789875334321,""score"":28.518599168895477},""V2_rvol_sameslot"":{""value"":0.6293853395363611,""score"":8.625689302424073,""status"":""ok""},""V3_breakout_bar"":{""value"":0.6720563672324877,""score"":11.470424482165848},""V4_base_dryup"":{""value"":1.2001466757332666,""score"":29.985332426673338},""V5_bo_expansion"":{""value"":0.9277789875334321,""score"":0},""_score"":16.29},""readiness"":{""_distance_atr"":0.443,""BR1_atr_distance"":{""score"":70.45155984468865},""BR2_compression"":{""score"":56.13377883759685},""BR3_retest"":{""score"":50.0},""BR4_bo_age"":{""score"":50.0},""_score"":59.71},""risk"":{""R1_stop_clarity"":{""score"":52.95684544928544},""R2_stop_distance_pct"":{""value"":11.582677165354331,""score"":10.433070866141714},""R3_stop_distance_atr"":{""value"":2.023405858014651,""score"":100.0},""R4_rr_potential"":{""value"":2.1527305687740776,""score"":57.636528438703884},""_score"":48.19},""market"":{""M1_spy_regime"":{""score"":100.0},""M3_earnings_risk"":{""value"":null,""score"":80.0},""M4_vix"":{""value"":null,""score"":60.0},""_score"":84.0},""liquidity"":{""L1_price"":{""value"":11.43,""score"":100.0},""L2_dollar_vol"":{""value"":36762047.22495078,""score"":78.26998443078335},""L3_spread_proxy"":{""value"":0.04461942257217846,""score"":55.380577427821535},""L4_volume_zscore"":{""value"":-0.19597946557890014,""score"":100.0},""_score"":86.85},""pattern_structure"":{""n_contractions"":5,""contractions_pct"":[31.28,22.02,16.75,11.09,12.46],""descending_strict"":false,""final_low"":10.26,""final_pivot"":11.72,""structural_low"":10.26,""dry_up_ratio"":0.880642456538475,""current_price"":11.43,""neckline_distance_pct"":0.0253718285214349,""base_bars"":45},""pattern_geometry_features"":{""contraction_count"":5.0,""first_contraction_pct"":0.312792511700468,""last_contraction_pct"":0.1245733788395905,""dry_up_ratio"":0.880642456538475,""near_monotone"":0.0,""base_depth_pct"":0.19968798751950081},""_schema_version"":""1.0""}",,,,,,,,,,
20260519T210226Z-93bc42,2026-05-19T21:02:26.159542+00:00,HUBS,breakout_retest_hold,setup,57.32,5.0,91.1,30.9,70.5,25.0,64.0,63.2,84.0,90.2,0.7,20.05,1.85,9.87,3.25,11.52,3.16,4.2,2.71,False,,208.19,206.2052,203.2173,208.0756,"{""trend"":{""T1_ema_stack"":{""value"":[false,false,false],""score"":0.0},""T2_ema50_slope"":{""value"":-0.4815077968374013,""score"":0},""T3_high_proximity"":{""value"":0.7020164553547342,""score"":0},""T4_rs_1m"":{""value"":-0.1296425474458982,""score"":0},""T5_rs_3m"":{""value"":-0.23683138147878413,""score"":0},""T6_adr_healthy"":{""value"":6.058690384589024,""score"":100.0},""_score"":5.0},""geometry"":{""sub_retest_depth"":83.8,""sub_retest_timing"":80.0,""sub_retest_freshness"":100.0,""sub_hold_quality"":100.0,""_score"":91.14},""compression"":{""VC1_atr_ratio"":{""value"":0.7059414099438941,""score"":73.51464751402648},""VC2_range_contraction"":{""value"":1.114491626659129,""score"":0},""VC3_range_pct_rank"":{""score"":5.833333333333335},""_score"":30.86},""sr_quality"":{""SR1_touches"":{""value"":4,""score"":75.0},""SR2_tightness"":{""value"":3.79975883280768,""score"":60.40058713629129},""SR3_recency"":{""value"":236,""score"":0.0},""SR4_price_location"":{""score"":95.89846497872145},""SR5_reaction"":{""value"":2.298886605243979,""score"":100},""_score"":70.53,""_levels_found"":4,""_target_level"":210.8137},""volume"":{""V1_rvol_day"":{""value"":1.0930390267819912,""score"":39.53593511879941},""V2_rvol_sameslot"":{""value"":0.7126399939291189,""score"":14.175999595274593,""status"":""ok""},""V3_breakout_bar"":{""value"":0.5678040667177959,""score"":4.520271114519728},""V4_base_dryup"":{""value"":0.8889009337987271,""score"":61.10990662012728},""V5_bo_expansion"":{""value"":1.0930390267819912,""score"":6.2026017854660775},""_score"":25.02},""readiness"":{""_distance_atr"":-0.103,""BR1_atr_distance"":{""score"":100.0},""BR2_compression"":{""score"":0},""BR3_retest"":{""score"":97.56343938262687},""BR4_bo_age"":{""score"":30.0},""_score"":64.01},""risk"":{""R1_stop_clarity"":{""score"":78.60766475927298},""R2_stop_distance_pct"":{""value"":2.3885393150487553,""score"":100.0},""R3_stop_distance_atr"":{""value"":0.25911644529537314,""score"":37.955822264768656},""R4_rr_potential"":{""value"":-0.02300561063407122,""score"":0.0},""_score"":63.21},""market"":{""M1_spy_regime"":{""score"":100.0},""M3_earnings_risk"":{""value"":null,""score"":80.0},""M4_vix"":{""value"":null,""score"":60.0},""_score"":84.0},""liquidity"":{""L1_price"":{""value"":208.19,""score"":100.0},""L2_dollar_vol"":{""value"":451442920.8869717,""score"":100.0},""L3_spread_proxy"":{""value"":0.09755511792112975,""score"":2.4448820788702506},""L4_volume_zscore"":{""value"":0.14175989765052882,""score"":100.0},""_score"":90.24},""pattern_structure"":{""level"":206.2052,""level_idx"":38,""breakout_idx"":68,""bo_peak_idx"":74,""bo_peak_price"":225.58,""retest_idx"":77,""retest_low"":205.27,""structural_low"":205.27,""current_price"":209.01,""neckline_distance_pct"":-0.013419453614659587,""base_bars"":41,""bars_since_breakout"":11},""pattern_geometry_features"":{""retest_depth_atr"":0.18626434206126966,""bars_breakout_to_retest"":9.0,""bars_since_retest"":2.0,""current_above_level_atr"":0.5586336897064372,""bo_peak_excess_pct"":0.09395883323989901,""atr_pct"":0.09218015137271589},""_schema_version"":""1.0""}",,,,,,,,,,
20260519T210226Z-93bc42,2026-05-19T21:02:26.159542+00:00,CLBT,breakout_retest_hold,setup,56.76,28.1,70.0,36.5,57.1,20.9,87.0,41.0,84.0,87.2,3.93,15.4,2.19,8.0,2.72,15.65,2.05,4.2,2.62,False,,13.46,13.43,13.4541,13.11,"{""trend"":{""T1_ema_stack"":{""value"":[true,false,false],""score"":33.33333333333333},""T2_ema50_slope"":{""value"":-0.16123551124383736,""score"":23.127414792693774},""T3_high_proximity"":{""value"":0.8797385620915033,""score"":39.869281045751606},""T4_rs_1m"":{""value"":-0.02930989842358378,""score"":20.690101576416218},""T5_rs_3m"":{""value"":-0.11043583819669722,""score"":0},""T6_adr_healthy"":{""value"":4.746206257897813,""score"":100.0},""_score"":28.08},""geometry"":{""sub_retest_depth"":0.0,""sub_retest_timing"":100.0,""sub_retest_freshness"":100.0,""sub_hold_quality"":100.0,""_score"":70.0},""compression"":{""VC1_atr_ratio"":{""value"":0.720847070755688,""score"":69.788232311078},""VC2_range_contraction"":{""value"":1.1263662133460792,""score"":0},""VC3_range_pct_rank"":{""score"":34.166666666666664},""_score"":36.46},""sr_quality"":{""SR1_touches"":{""value"":4,""score"":75.0},""SR2_tightness"":{""value"":0.1868488694105479,""score"":48.36102312974544},""SR3_recency"":{""value"":234,""score"":0.0},""SR4_price_location"":{""score"":52.0270270270271},""SR5_reaction"":{""value"":1.917265800405529,""score"":95.86329002027645},""_score"":57.14,""_levels_found"":9,""_target_level"":13.815},""volume"":{""V1_rvol_day"":{""value"":1.1879392140809382,""score"":45.862614272062544},""V2_rvol_sameslot"":{""value"":0.9195927705645986,""score"":27.972851370973245,""status"":""ok""},""V3_breakout_bar"":{""value"":0.6865288428453802,""score"":12.435256189692012},""V4_base_dryup"":{""value"":1.4410093102124908,""score"":5.899068978750918},""V5_bo_expansion"":{""value"":1.187939214080938,""score"":12.529280938729196},""_score"":20.94},""readiness"":{""_distance_atr"":-0.041,""BR1_atr_distance"":{""score"":100.0},""BR2_compression"":{""score"":71.81634035795506},""BR3_retest"":{""score"":100},""BR4_bo_age"":{""score"":60},""_score"":86.95},""risk"":{""R1_stop_clarity"":{""score"":62.4416407827009},""R2_stop_distance_pct"":{""value"":0.043833580980686924,""score"":51.095839524517174},""R3_stop_distance_atr"":{""value"":0.008152844716044255,""score"":25.407642235802207},""R4_rr_potential"":{""value"":-59.322033898300695,""score"":0.0},""_score"":40.99},""market"":{""M1_spy_regime"":{""score"":100.0},""M3_earnings_risk"":{""value"":null,""score"":80.0},""M4_vix"":{""value"":null,""score"":60.0},""_score"":84.0},""liquidity"":{""L1_price"":{""value"":13.46,""score"":100.0},""L2_dollar_vol"":{""value"":38381362.87889401,""score"":79.20601959901687},""L3_spread_proxy"":{""value"":0.04457652303120367,""score"":55.42347696879633},""L4_volume_zscore"":{""value"":0.32487692026646736,""score"":100.0},""_score"":87.22},""pattern_structure"":{""level"":13.43,""level_idx"":68,""breakout_idx"":72,""bo_peak_idx"":74,""bo_peak_price"":14.05,""retest_idx"":76,""retest_low"":13.59,""structural_low"":13.59,""current_price"":13.69,""neckline_distance_pct"":-0.01899196493791087,""base_bars"":11,""bars_since_breakout"":7},""pattern_geometry_features"":{""retest_depth_atr"":-0.4983203933171681,""bars_breakout_to_retest"":4.0,""bars_since_retest"":3.0,""current_above_level_atr"":0.8097706391403968,""bo_peak_excess_pct"":0.04616530156366352,""atr_pct"":0.05376476862661859},""_schema_version"":""1.0""}",,,,,,,,,,
20260519T210226Z-93bc42,2026-05-19T21:02:26.159542+00:00,INTU,breakout_retest_hold,setup,56.64,21.0,59.9,42.3,61.3,50.5,73.5,52.0,84.0,93.5,2.94,13.19,2.54,8.58,6.57,13.22,2.6,4.2,2.8,False,,399.71,396.16,393.9309,392.66,"{""trend"":{""T1_ema_stack"":{""value"":[true,false,false],""score"":33.33333333333333},""T2_ema50_slope"":{""value"":-0.2793673002035841,""score"":3.438783299402651},""T3_high_proximity"":{""value"":0.8307043248747843,""score"":15.352162437392124},""T4_rs_1m"":{""value"":-0.04793625571238591,""score"":2.0637442876140852},""T5_rs_3m"":{""value"":-0.04309659857776471,""score"":28.451700711117645},""T6_adr_healthy"":{""value"":3.790291850506522,""score"":100.0},""_score"":21.0},""geometry"":{""sub_retest_depth"":19.8,""sub_retest_timing"":20.0,""sub_retest_freshness"":100.0,""sub_hold_quality"":100.0,""_score"":59.94},""compression"":{""VC1_atr_ratio"":{""value"":0.5181963046046716,""score"":100},""VC2_range_contraction"":{""value"":1.0125074474634836,""score"":0},""VC3_range_pct_rank"":{""score"":9.166666666666668},""_score"":42.29},""sr_quality"":{""SR1_touches"":{""value"":4,""score"":75.0},""SR2_tightness"":{""value"":4.184770364294199,""score"":55.08786090645721},""SR3_recency"":{""value"":234,""score"":0.0},""SR4_price_location"":{""score"":62.23657782449986},""SR5_reaction"":{""value"":2.1207648208034575,""score"":100},""_score"":61.32,""_levels_found"":6,""_target_level"":414.44},""volume"":{""V1_rvol_day"":{""value"":1.239310036572149,""score"":49.2873357714766},""V2_rvol_sameslot"":{""value"":1.2731571798130334,""score"":51.54381198753556,""status"":""ok""},""V3_breakout_bar"":{""value"":1.2017311476522279,""score"":46.78207651014852},""V4_base_dryup"":{""value"":0.6856985323262001,""score"":81.43014676737998},""V5_bo_expansion"":{""value"":1.239310036572149,""score"":15.954002438143267},""_score"":50.54},""readiness"":{""_distance_atr"":-0.19,""BR1_atr_distance"":{""score"":100.0},""BR2_compression"":{""score"":35.82977243534256},""BR3_retest"":{""score"":100},""BR4_bo_age"":{""score"":30.0},""_score"":73.46},""risk"":{""R1_stop_clarity"":{""score"":57.29517342410782},""R2_stop_distance_pct"":{""value"":1.445823221835824,""score"":86.14558054589561},""R3_stop_distance_atr"":{""value"":0.3101146782749067,""score"":40.50573391374533},""R4_rr_potential"":{""value"":-1.2199131352632744,""score"":0.0},""_score"":51.97},""market"":{""M1_spy_regime"":{""score"":100.0},""M3_earnings_risk"":{""value"":null,""score"":80.0},""M4_vix"":{""value"":null,""score"":60.0},""_score"":84.0},""liquidity"":{""L1_price"":{""value"":399.71,""score"":100.0},""L2_dollar_vol"":{""value"":1273059007.6603184,""score"":100.0},""L3_spread_proxy"":{""value"":0.06524730429561429,""score"":34.752695704385715},""L4_volume_zscore"":{""value"":1.0194793660658605,""score"":100.0},""_score"":93.48},""pattern_structure"":{""level"":396.16,""level_idx"":44,""breakout_idx"":65,""bo_peak_idx"":74,""bo_peak_price"":423.99,""retest_idx"":77,""retest_low"":397.91,""structural_low"":397.91,""current_price"":401.08,""neckline_distance_pct"":-0.01226687942555091,""base_bars"":35,""bars_since_breakout"":14},""pattern_geometry_features"":{""retest_depth_atr"":-0.2616210467191117,""bars_breakout_to_retest"":12.0,""bars_since_retest"":2.0,""current_above_level_atr"":0.7355288856331537,""bo_peak_excess_pct"":0.07024939418416797,""atr_pct"":0.04662221181785366},""_schema_version"":""1.0""}",,,,,,,,,,
20260519T210226Z-93bc42,2026-05-19T21:02:26.159542+00:00,PCTY,high_tight_pullback,forming,56.55,56.1,64.1,46.7,47.7,30.5,46.7,64.0,84.0,95.2,6.74,22.42,4.67,3.82,4.27,4.2,0.64,5.04,4.76,False,,113.22,118.3,111.6497,134.4099,"{""trend"":{""T1_ema_stack"":{""value"":[true,false,false],""score"":33.33333333333333},""T2_ema50_slope"":{""value"":-0.08557041731281284,""score"":35.73826378119786},""T3_high_proximity"":{""value"":0.942714404662781,""score"":71.35720233139048},""T4_rs_1m"":{""value"":0.062442267425264486,""score"":100},""T5_rs_3m"":{""value"":-0.03373435038409833,""score"":33.13282480795083},""T6_adr_healthy"":{""value"":4.533744839849913,""score"":100.0},""_score"":56.15},""geometry"":{""sub_pole_impulse"":58.9,""sub_flag_tightness"":62.1,""sub_flag_shallowness"":46.9,""sub_flag_drift"":76.6,""sub_flag_duration"":100.0,""_score"":64.06},""compression"":{""VC1_atr_ratio"":{""value"":0.5763432016587893,""score"":100},""VC2_range_contraction"":{""value"":1.1591616963333111,""score"":0},""VC3_range_pct_rank"":{""score"":26.66666666666667},""_score"":46.67},""sr_quality"":{""SR1_touches"":{""value"":2,""score"":25.0},""SR2_tightness"":{""value"":0.5949999999999989,""score"":77.62328682487072},""SR3_recency"":{""value"":230,""score"":0.0},""SR4_price_location"":{""score"":54.24729419481802},""SR5_reaction"":{""value"":2.226379539141786,""score"":100},""_score"":47.71,""_levels_found"":5,""_target_level"":115.545},""volume"":{""V1_rvol_day"":{""value"":0.9873773651194424,""score"":32.49182434129616},""V2_rvol_sameslot"":{""value"":0.6587330860921097,""score"":10.582205739473977,""status"":""ok""},""V3_breakout_bar"":{""value"":0.8166930829650426,""score"":21.112872197669507},""V4_base_dryup"":{""value"":0.6702605036554021,""score"":82.97394963445979},""V5_bo_expansion"":{""value"":0.9873773651194424,""score"":0},""_score"":30.49},""readiness"":{""_distance_atr"":0.955,""BR1_atr_distance"":{""score"":36.31725326069638},""BR2_compression"":{""score"":58.64452553990661},""BR3_retest"":{""score"":50.0},""BR4_bo_age"":{""score"":50.0},""_score"":46.69},""risk"":{""R1_stop_clarity"":{""score"":36.0571318050192},""R2_stop_distance_pct"":{""value"":1.3869016074898441,""score"":84.6725401872461},""R3_stop_distance_atr"":{""value"":0.2952691921281249,""score"":39.76345960640625},""R4_rr_potential"":{""value"":13.494602770259496,""score"":100.0},""_score"":63.99},""market"":{""M1_spy_regime"":{""score"":100.0},""M3_earnings_risk"":{""value"":null,""score"":80.0},""M4_vix"":{""value"":null,""score"":60.0},""_score"":84.0},""liquidity"":{""L1_price"":{""value"":113.22,""score"":100.0},""L2_dollar_vol"":{""value"":98086625.19628038,""score"":99.58048961494237},""L3_spread_proxy"":{""value"":0.0462374138844727,""score"":53.7625861155273},""L4_volume_zscore"":{""value"":-0.03357183388006859,""score"":100.0},""_score"":95.21},""pattern_structure"":{""pole_low"":102.1901,""pole_low_idx"":34,""peak_price"":118.3,""peak_idx"":54,""pole_gain"":0.15764638648949356,""flag_bars"":5,""flag_low"":113.35,""flag_high"":117.59,""structural_low"":113.35,""current_price"":113.56,""neckline_distance_pct"":0.041740049313138385,""base_bars"":5},""pattern_geometry_features"":{""pole_gain"":0.15764638648949356,""pullback_pct"":0.04184277261200341,""flag_range_pct"":0.03584108199492823,""flag_drift_per_bar"":-0.004684748150757409,""atr_pct"":0.04697075226486994,""pole_atr_multiple"":3.356267014854676},""_schema_version"":""1.0""}",,,,,,,,,,
20260519T210226Z-93bc42,2026-05-19T21:02:26.159542+00:00,PRCH,vcp,breakout_confirmed,56.44,76.9,49.4,70.4,64.6,17.1,43.1,39.4,84.0,82.1,11.54,12.35,8.45,7.75,2.23,3.02,1.97,5.04,4.11,False,,9.77,8.5,7.289,9.5932,"{""trend"":{""T1_ema_stack"":{""value"":[true,true,false],""score"":66.66666666666666},""T2_ema50_slope"":{""value"":0.7533990290746216,""score"":100},""T3_high_proximity"":{""value"":0.8661347517730497,""score"":33.06737588652481},""T4_rs_1m"":{""value"":0.1890218052751247,""score"":100},""T5_rs_3m"":{""value"":0.037329969252009265,""score"":68.66498462600464},""T6_adr_healthy"":{""value"":6.9830064022108855,""score"":100.0},""_score"":76.93},""geometry"":{""sub_contraction_count"":100.0,""sub_reduction_rate"":6.0,""sub_pivot_tightness"":0,""sub_volume_dryup"":33.4,""sub_base_depth"":78.7,""sub_base_duration"":100.0,""_score"":49.38},""compression"":{""VC1_atr_ratio"":{""value"":0.44593267297020256,""score"":100},""VC2_range_contraction"":{""value"":0.7435531032196696,""score"":42.7411494633884},""VC3_range_pct_rank"":{""score"":61.66666666666667},""_score"":70.38},""sr_quality"":{""SR1_touches"":{""value"":3,""score"":50.0},""SR2_tightness"":{""value"":0.10370899457402727,""score"":71.62710952970545},""SR3_recency"":{""value"":289,""score"":0.0},""SR4_price_location"":{""score"":95.3974714858976},""SR5_reaction"":{""value"":2.2547697679114647,""score"":100},""_score"":64.59,""_levels_found"":6,""_target_level"":9.8233},""volume"":{""V1_rvol_day"":{""value"":0.9041735043746457,""score"":26.944900291643048},""V2_rvol_sameslot"":{""value"":0.6430717096704444,""score"":9.538113978029623,""status"":""ok""},""V3_breakout_bar"":{""value"":0.8703866669611382,""score"":24.69244446407588},""V4_base_dryup"":{""value"":1.3175759572934804,""score"":18.24240427065196},""V5_bo_expansion"":{""value"":0.9041735043746457,""score"":0},""_score"":17.12},""readiness"":{""_distance_atr"":-1.737,""BR1_atr_distance"":{""score"":25.255115002051866},""BR2_compression"":{""score"":62.07720424208948},""BR3_retest"":{""score"":50.0},""BR4_bo_age"":{""score"":50.0},""_score"":43.12},""risk"":{""R1_stop_clarity"":{""score"":69.63242334825011},""R2_stop_distance_pct"":{""value"":25.394063459570106,""score"":0.0},""R3_stop_distance_atr"":{""value"":3.3937818771617843,""score"":100.0},""R4_rr_potential"":{""value"":-0.07126158806932695,""score"":0.0},""_score"":39.37},""market"":{""M1_spy_regime"":{""score"":100.0},""M3_earnings_risk"":{""value"":null,""score"":80.0},""M4_vix"":{""value"":null,""score"":60.0},""_score"":84.0},""liquidity"":{""L1_price"":{""value"":9.77,""score"":99.885},""L2_dollar_vol"":{""value"":22585730.78465616,""score"":67.69170735857237},""L3_spread_proxy"":{""value"":0.04912998976458551,""score"":50.87001023541449},""L4_volume_zscore"":{""value"":-0.18682319070035752,""score"":100.0},""_score"":82.13},""pattern_structure"":{""n_contractions"":5,""contractions_pct"":[16.64,12.62,12.66,17.4,12.94],""descending_strict"":false,""final_low"":7.4,""final_pivot"":8.5,""structural_low"":7.4,""dry_up_ratio"":0.8328570206835316,""current_price"":9.77,""neckline_distance_pct"":-0.12998976458546568,""base_bars"":34},""pattern_geometry_features"":{""contraction_count"":5.0,""first_contraction_pct"":0.16639193707907501,""last_contraction_pct"":0.1294117647058823,""dry_up_ratio"":0.8328570206835316,""near_monotone"":0.0,""base_depth_pct"":0.12871473649507836},""_schema_version"":""1.0""}",,,,,,,,,,
20260519T210226Z-93bc42,2026-05-19T21:02:26.159542+00:00,AGYS,bull_flag,forming,56.41,51.1,70.8,23.8,50.2,59.2,17.5,78.2,84.0,72.5,7.15,21.23,2.14,5.02,8.28,1.57,2.34,5.04,3.62,False,,78.94,94.77,75.5228,124.715,"{""trend"":{""T1_ema_stack"":{""value"":[true,false,false],""score"":33.33333333333333},""T2_ema50_slope"":{""value"":-0.2329215405635045,""score"":11.179743239415913},""T3_high_proximity"":{""value"":0.9866266716660417,""score"":93.31333583302082},""T4_rs_1m"":{""value"":0.12644759934086292,""score"":100},""T5_rs_3m"":{""value"":-0.07977826091673634,""score"":10.110869541631828},""T6_adr_healthy"":{""value"":5.619624296819954,""score"":100.0},""_score"":51.08},""geometry"":{""sub_pole_impulse"":100.0,""sub_flag_tightness"":49.3,""sub_flag_shallowness"":17.3,""sub_flag_drift"":100,""sub_flag_duration"":100.0,""_score"":70.78},""compression"":{""VC1_atr_ratio"":{""value"":0.7621023928636034,""score"":59.47440178409915},""VC2_range_contraction"":{""value"":1.456591665916277,""score"":0},""VC3_range_pct_rank"":{""score"":0.0},""_score"":23.79},""sr_quality"":{""SR1_touches"":{""value"":2,""score"":25.0},""SR2_tightness"":{""value"":0.6649999999999991,""score"":74.33140336366147},""SR3_recency"":{""value"":275,""score"":0.0},""SR4_price_location"":{""score"":67.03591809331982},""SR5_reaction"":{""value"":1.9695340501792127,""score"":98.47670250896063},""_score"":50.18,""_levels_found"":7,""_target_level"":81.395},""volume"":{""V1_rvol_day"":{""value"":6.708073723505659,""score"":100},""V2_rvol_sameslot"":{""value"":4.875788704065003,""score"":100,""status"":""ok""},""V3_breakout_bar"":{""value"":0.7497334993438944,""score"":16.64889995625963},""V4_base_dryup"":{""value"":2.8262945117310507,""score"":0},""V5_bo_expansion"":{""value"":6.708073723505659,""score"":100},""_score"":59.16},""readiness"":{""_distance_atr"":3.055,""BR1_atr_distance"":{""score"":0},""BR2_compression"":{""score"":0},""BR3_retest"":{""score"":50.0},""BR4_bo_age"":{""score"":50.0},""_score"":17.5},""risk"":{""R1_stop_clarity"":{""score"":55.60708850289507},""R2_stop_distance_pct"":{""value"":4.328849125918414,""score"":100.0},""R3_stop_distance_atr"":{""value"":0.6595079818031424,""score"":57.97539909015712},""R4_rr_potential"":{""value"":13.395495455554402,""score"":100.0},""_score"":78.16},""market"":{""M1_spy_regime"":{""score"":100.0},""M3_earnings_risk"":{""value"":null,""score"":80.0},""M4_vix"":{""value"":null,""score"":60.0},""_score"":84.0},""liquidity"":{""L1_price"":{""value"":78.94,""score"":100.0},""L2_dollar_vol"":{""value"":216260619.67831898,""score"":100.0},""L3_spread_proxy"":{""value"":0.2292513301241449,""score"":0},""L4_volume_zscore"":{""value"":4.111801759283167,""score"":30.0},""_score"":72.5},""pattern_structure"":{""pole_low"":64.825,""pole_low_idx"":31,""peak_price"":94.77,""peak_idx"":54,""pole_gain"":0.4619359814886231,""flag_bars"":5,""flag_low"":76.6729,""flag_high"":89.99,""structural_low"":76.6729,""current_price"":78.1925,""neckline_distance_pct"":0.21200882437573937,""base_bars"":5},""pattern_geometry_features"":{""pole_gain"":0.4619359814886231,""pullback_pct"":0.19095810910625724,""flag_range_pct"":0.14052020681650307,""flag_drift_per_bar"":0.0009623685136041601,""atr_pct"":0.06563755474320461,""pole_atr_multiple"":7.0376780990069845},""_schema_version"":""1.0""}",,,,,,,,,,
20260519T210226Z-93bc42,2026-05-19T21:02:26.159542+00:00,SNOW,double_bottom,setup,56.32,44.2,68.2,53.4,58.0,41.5,39.9,32.4,84.0,93.9,6.63,17.04,4.27,8.11,5.39,3.19,1.94,5.04,4.7,False,,169.55,165.06,145.9376,181.96,"{""trend"":{""T1_ema_stack"":{""value"":[true,false,false],""score"":33.33333333333333},""T2_ema50_slope"":{""value"":-0.2602225597070257,""score"":6.629573382162384},""T3_high_proximity"":{""value"":0.9273134981404507,""score"":63.65674907022534},""T4_rs_1m"":{""value"":0.09173841466619104,""score"":100},""T5_rs_3m"":{""value"":-0.10621071260628323,""score"":0},""T6_adr_healthy"":{""value"":4.77437121781615,""score"":100.0},""_score"":44.21},""geometry"":{""sub_low_similarity"":7.3,""sub_bounce_quality"":100,""sub_separation_fit"":100.0,""sub_right_bottom_reaction"":73.2,""sub_base_context"":100.0,""_score"":68.17},""compression"":{""VC1_atr_ratio"":{""value"":0.4914622887882781,""score"":100},""VC2_range_contraction"":{""value"":0.8423261394207905,""score"":26.27897676320159},""VC3_range_pct_rank"":{""score"":16.666666666666664},""_score"":53.36},""sr_quality"":{""SR1_touches"":{""value"":4,""score"":75.0},""SR2_tightness"":{""value"":1.698315341743107,""score"":61.54223869178039},""SR3_recency"":{""value"":270,""score"":0.0},""SR4_price_location"":{""score"":44.863003873188944},""SR5_reaction"":{""value"":2.568186688987825,""score"":100},""_score"":57.95,""_levels_found"":6,""_target_level"":185.565},""volume"":{""V1_rvol_day"":{""value"":1.6502033079308829,""score"":76.68022052872553},""V2_rvol_sameslot"":{""value"":1.3235921176631105,""score"":54.906141177540704,""status"":""ok""},""V3_breakout_bar"":{""value"":0.5815072010733767,""score"":5.433813404891782},""V4_base_dryup"":{""value"":1.1364768097271927,""score"":36.352319027280735},""V5_bo_expansion"":{""value"":1.6502033079308829,""score"":43.34688719539219},""_score"":41.45},""readiness"":{""_distance_atr"":-0.508,""BR1_atr_distance"":{""score"":49.8325508797043},""BR2_compression"":{""score"":9.882703418863178},""BR3_retest"":{""score"":50.0},""BR4_bo_age"":{""score"":50.0},""_score"":39.9},""risk"":{""R1_stop_clarity"":{""score"":49.674523552460926},""R2_stop_distance_pct"":{""value"":13.926511353583019,""score"":0.0},""R3_stop_distance_atr"":{""value"":2.673473002317035,""score"":100.0},""R4_rr_potential"":{""value"":0.5255713099896662,""score"":0.0},""_score"":32.39},""market"":{""M1_spy_regime"":{""score"":100.0},""M3_earnings_risk"":{""value"":null,""score"":80.0},""M4_vix"":{""value"":null,""score"":60.0},""_score"":84.0},""liquidity"":{""L1_price"":{""value"":169.55,""score"":100.0},""L2_dollar_vol"":{""value"":2081318913.043318,""score"":100.0},""L3_spread_proxy"":{""value"":0.06057210262459441,""score"":39.42789737540559},""L4_volume_zscore"":{""value"":1.700820687115908,""score"":100.0},""_score"":93.94},""pattern_structure"":{""left_low"":148.16,""left_idx"":43,""right_low"":155.19,""right_idx"":68,""separation_bars"":25,""structural_low"":148.16,""current_price"":170.095,""neckline_distance_pct"":-0.029601105264704997,""base_bars"":25},""pattern_geometry_features"":{""low_similarity_pct"":0.04634910169770892,""bounce_pct"":0.11406587473002164,""right_bottom_reaction"":0.7320162107396141,""atr_pct"":0.05209146058895393},""_schema_version"":""1.0""}",,,,,,,,,,
20260519T210226Z-93bc42,2026-05-19T21:02:26.159542+00:00,AMPL,breakout_retest_hold,setup,56.27,8.3,92.5,28.9,62.0,13.0,72.1,63.0,84.0,77.7,1.16,20.35,1.73,8.68,1.69,12.97,3.15,4.2,2.33,False,,6.36,6.335,6.1875,6.505,"{""trend"":{""T1_ema_stack"":{""value"":[false,false,false],""score"":0.0},""T2_ema50_slope"":{""value"":-0.20142126593703252,""score"":16.42978901049458},""T3_high_proximity"":{""value"":0.7910447761194032,""score"":0},""T4_rs_1m"":{""value"":-0.13698388692146835,""score"":0},""T5_rs_3m"":{""value"":-0.18333142501986066,""score"":0},""T6_adr_healthy"":{""value"":5.878544665869575,""score"":100.0},""_score"":8.29},""geometry"":{""sub_retest_depth"":100.0,""sub_retest_timing"":100.0,""sub_retest_freshness"":100.0,""sub_hold_quality"":75.0,""_score"":92.5},""compression"":{""VC1_atr_ratio"":{""value"":0.7776490279387147,""score"":55.58774301532132},""VC2_range_contraction"":{""value"":1.1460547493952802,""score"":0},""VC3_range_pct_rank"":{""score"":26.66666666666667},""_score"":28.9},""sr_quality"":{""SR1_touches"":{""value"":3,""score"":50.0},""SR2_tightness"":{""value"":0.06416125518306694,""score"":76.25227831955222},""SR3_recency"":{""value"":241,""score"":0.0},""SR4_price_location"":{""score"":92.37536656891501},""SR5_reaction"":{""value"":1.6655651024454725,""score"":83.27825512227362},""_score"":62.02,""_levels_found"":6,""_target_level"":6.425},""volume"":{""V1_rvol_day"":{""value"":1.0674653744643972,""score"":37.83102496429314},""V2_rvol_sameslot"":{""value"":0.7338547989678454,""score"":15.590319931189697,""status"":""ok""},""V3_breakout_bar"":{""value"":0.5984804709698778,""score"":6.565364731325185},""V4_base_dryup"":{""value"":1.6207675894932554,""score"":0},""V5_bo_expansion"":{""value"":1.067465374464397,""score"":4.497691630959796},""_score"":13.0},""readiness"":{""_distance_atr"":-0.046,""BR1_atr_distance"":{""score"":100.0},""BR2_compression"":{""score"":24.600964618422946},""BR3_retest"":{""score"":92.13483146067416},""BR4_bo_age"":{""score"":50},""_score"":72.08},""risk"":{""R1_stop_clarity"":{""score"":76.86715135492399},""R2_stop_distance_pct"":{""value"":2.712264150943401,""score"":100.0},""R3_stop_distance_atr"":{""value"":0.31923331130204957,""score"":40.96166556510248},""R4_rr_potential"":{""value"":0.8405797101449235,""score"":0.0},""_score"":63.05},""market"":{""M1_spy_regime"":{""score"":100.0},""M3_earnings_risk"":{""value"":null,""score"":80.0},""M4_vix"":{""value"":null,""score"":60.0},""_score"":84.0},""liquidity"":{""L1_price"":{""value"":6.36,""score"":98.18},""L2_dollar_vol"":{""value"":16791488.51217468,""score"":61.25445983361439},""L3_spread_proxy"":{""value"":0.06367924528301891,""score"":36.32075471698109},""L4_volume_zscore"":{""value"":0.10112947098325488,""score"":100.0},""_score"":77.68},""pattern_structure"":{""level"":6.335,""level_idx"":64,""breakout_idx"":71,""bo_peak_idx"":74,""bo_peak_price"":6.655,""retest_idx"":77,""retest_low"":6.25,""structural_low"":6.25,""current_price"":6.335,""neckline_distance_pct"":0.0,""base_bars"":15,""bars_since_breakout"":8},""pattern_geometry_features"":{""retest_depth_atr"":0.604060913705583,""bars_breakout_to_retest"":6.0,""bars_since_retest"":2.0,""current_above_level_atr"":0.0,""bo_peak_excess_pct"":0.050513022888713545,""atr_pct"":0.08496181491464508},""_schema_version"":""1.0""}",,,,,,,,,,
20260519T210226Z-93bc42,2026-05-19T21:02:26.159542+00:00,NOW,high_tight_pullback,forming,56.16,21.9,79.4,42.4,53.2,37.2,19.7,72.5,84.0,90.1,2.63,27.78,4.24,4.26,5.21,1.77,0.73,5.04,4.51,False,,101.83,110.83,99.2607,136.22,"{""trend"":{""T1_ema_stack"":{""value"":[true,false,false],""score"":33.33333333333333},""T2_ema50_slope"":{""value"":-0.4468888972325057,""score"":0},""T3_high_proximity"":{""value"":0.8189641306096187,""score"":9.482065304809328},""T4_rs_1m"":{""value"":-0.014129725778743385,""score"":35.870274221256615},""T5_rs_3m"":{""value"":-0.12459324976622277,""score"":0},""T6_adr_healthy"":{""value"":4.929378664090761,""score"":100.0},""_score"":21.93},""geometry"":{""sub_pole_impulse"":100.0,""sub_flag_tightness"":66.3,""sub_flag_shallowness"":38.9,""sub_flag_drift"":100,""sub_flag_duration"":100.0,""_score"":79.36},""compression"":{""VC1_atr_ratio"":{""value"":0.6028118592075383,""score"":99.29703519811541},""VC2_range_contraction"":{""value"":0.9581808156062673,""score"":6.969864065622112},""VC3_range_pct_rank"":{""score"":0.8333333333333304},""_score"":42.37},""sr_quality"":{""SR1_touches"":{""value"":3,""score"":50.0},""SR2_tightness"":{""value"":0.8493657764604252,""score"":68.1522951609016},""SR3_recency"":{""value"":243,""score"":0.0},""SR4_price_location"":{""score"":52.07037116498601},""SR5_reaction"":{""value"":3.429621822950772,""score"":100},""_score"":53.24,""_levels_found"":5,""_target_level"":105.5533},""volume"":{""V1_rvol_day"":{""value"":1.7577659856520331,""score"":83.85106571013554},""V2_rvol_sameslot"":{""value"":1.3804233663214611,""score"":58.694891088097414,""status"":""ok""},""V3_breakout_bar"":{""value"":0.5669677132910084,""score"":4.4645142194005585},""V4_base_dryup"":{""value"":1.5792485025918368,""score"":0},""V5_bo_expansion"":{""value"":1.7577659856520331,""score"":50.51773237680221},""_score"":37.2},""readiness"":{""_distance_atr"":1.687,""BR1_atr_distance"":{""score"":0},""BR2_compression"":{""score"":8.749322534562824},""BR3_retest"":{""score"":50.0},""BR4_bo_age"":{""score"":50.0},""_score"":19.69},""risk"":{""R1_stop_clarity"":{""score"":43.321831030239174},""R2_stop_distance_pct"":{""value"":2.523111558479814,""score"":100.0},""R3_stop_distance_atr"":{""value"":0.4816877290763016,""score"":49.08438645381508},""R4_rr_potential"":{""value"":13.385049417454574,""score"":100.0},""_score"":72.53},""market"":{""M1_spy_regime"":{""score"":100.0},""M3_earnings_risk"":{""value"":null,""score"":80.0},""M4_vix"":{""value"":null,""score"":60.0},""_score"":84.0},""liquidity"":{""L1_price"":{""value"":101.83,""score"":100.0},""L2_dollar_vol"":{""value"":5632023504.355396,""score"":100.0},""L3_spread_proxy"":{""value"":0.098769517823824,""score"":1.2304821761759968},""L4_volume_zscore"":{""value"":1.4919954621823723,""score"":100.0},""_score"":90.12},""pattern_structure"":{""pole_low"":85.44,""pole_low_idx"":36,""peak_price"":110.83,""peak_idx"":54,""pole_gain"":0.2971676029962547,""flag_bars"":5,""flag_low"":100.7723,""flag_high"":107.44,""structural_low"":100.7723,""current_price"":103.075,""neckline_distance_pct"":0.0752364782925054,""base_bars"":5},""pattern_geometry_features"":{""pole_gain"":0.2971676029962547,""pullback_pct"":0.09074889470360008,""flag_range_pct"":0.060161508616800474,""flag_drift_per_bar"":0.0006160562697063608,""atr_pct"":0.05238064841963499,""pole_atr_multiple"":5.673232614754362},""_schema_version"":""1.0""}",,,,,,,,,,
20260519T210226Z-93bc42,2026-05-19T21:02:26.159542+00:00,GENI,high_tight_pullback,forming,56.03,22.4,81.3,16.7,39.4,52.2,31.8,77.3,84.0,81.5,2.69,28.45,1.67,3.15,7.3,2.87,0.77,5.04,4.08,False,,5.01,5.45,4.8905,6.8883,"{""trend"":{""T1_ema_stack"":{""value"":[true,false,false],""score"":33.33333333333333},""T2_ema50_slope"":{""value"":-0.5950659063475507,""score"":0},""T3_high_proximity"":{""value"":0.7743431221020093,""score"":0},""T4_rs_1m"":{""value"":-0.0044247741363669935,""score"":45.57522586363301},""T5_rs_3m"":{""value"":-0.2713545962492133,""score"":0},""T6_adr_healthy"":{""value"":7.121777970089016,""score"":100.0},""_score"":22.45},""geometry"":{""sub_pole_impulse"":94.2,""sub_flag_tightness"":72.7,""sub_flag_shallowness"":50.4,""sub_flag_drift"":98.5,""sub_flag_duration"":100.0,""_score"":81.29},""compression"":{""VC1_atr_ratio"":{""value"":0.8493995968875621,""score"":37.65010077810948},""VC2_range_contraction"":{""value"":1.700910602612484,""score"":0},""VC3_range_pct_rank"":{""score"":6.666666666666665},""_score"":16.73},""sr_quality"":{""SR1_touches"":{""value"":3,""score"":50.0},""SR2_tightness"":{""value"":0.07494442385305695,""score"":60.19794643819289},""SR3_recency"":{""value"":269,""score"":0.0},""SR4_price_location"":{""score"":1.5748031496062638},""SR5_reaction"":{""value"":2.425300001264494,""score"":100},""_score"":39.42,""_levels_found"":6,""_target_level"":5.635},""volume"":{""V1_rvol_day"":{""value"":1.3150214835818994,""score"":54.33476557212663},""V2_rvol_sameslot"":{""value"":1.7453857702590696,""score"":83.02571801727132,""status"":""ok""},""V3_breakout_bar"":{""value"":0.9648465358699193,""score"":30.98976905799462},""V4_base_dryup"":{""value"":0.8102136245338724,""score"":68.97863754661276},""V5_bo_expansion"":{""value"":1.3150214835818996,""score"":21.001432238793306},""_score"":52.17},""readiness"":{""_distance_atr"":1.168,""BR1_atr_distance"":{""score"":22.10715324406},""BR2_compression"":{""score"":21.97413253650902},""BR3_retest"":{""score"":50.0},""BR4_bo_age"":{""score"":50.0},""_score"":31.84},""risk"":{""R1_stop_clarity"":{""score"":60.44725162171411},""R2_stop_distance_pct"":{""value"":2.384730538922147,""score"":100.0},""R3_stop_distance_atr"":{""value"":0.317258449982928,""score"":40.86292249914641},""R4_rr_potential"":{""value"":15.721280602636597,""score"":100.0},""_score"":77.29},""market"":{""M1_spy_regime"":{""score"":100.0},""M3_earnings_risk"":{""value"":null,""score"":80.0},""M4_vix"":{""value"":null,""score"":60.0},""_score"":84.0},""liquidity"":{""L1_price"":{""value"":5.01,""score"":97.505},""L2_dollar_vol"":{""value"":39168993.86940483,""score"":79.64712080029659},""L3_spread_proxy"":{""value"":0.09680638722554898,""score"":3.193612774451026},""L4_volume_zscore"":{""value"":0.5766482635612041,""score"":100.0},""_score"":81.55},""pattern_structure"":{""pole_low"":4.0117,""pole_low_idx"":42,""peak_price"":5.45,""peak_idx"":54,""pole_gain"":0.35852631054166556,""flag_bars"":5,""flag_low"":4.965,""flag_high"":5.285,""structural_low"":4.965,""current_price"":5.03,""neckline_distance_pct"":0.0834990059642147,""base_bars"":5},""pattern_geometry_features"":{""pole_gain"":0.35852631054166556,""pullback_pct"":0.08899082568807345,""flag_range_pct"":0.05871559633027528,""flag_drift_per_bar"":-0.0002982107355866111,""atr_pct"":0.07516680923866556,""pole_atr_multiple"":4.769742312771217},""_schema_version"":""1.0""}",,,,,,,,,,
20260519T210226Z-93bc42,2026-05-19T21:02:26.159542+00:00,RBRK,vcp,breakout_confirmed,55.57,89.2,41.3,64.2,51.6,37.1,30.3,24.9,84.0,95.0,13.38,10.31,7.7,6.19,4.83,2.12,1.24,5.04,4.75,False,,64.33,56.4999,49.1332,62.0435,"{""trend"":{""T1_ema_stack"":{""value"":[true,true,false],""score"":66.66666666666666},""T2_ema50_slope"":{""value"":0.2487309615163616,""score"":91.45516025272693},""T3_high_proximity"":{""value"":0.989996922129886,""score"":94.99846106494297},""T4_rs_1m"":{""value"":0.16489759549694782,""score"":100},""T5_rs_3m"":{""value"":0.11362888586802677,""score"":100},""T6_adr_healthy"":{""value"":4.54031765991086,""score"":100.0},""_score"":89.21},""geometry"":{""sub_contraction_count"":100.0,""sub_reduction_rate"":0,""sub_pivot_tightness"":0,""sub_volume_dryup"":8.4,""sub_base_depth"":50.0,""sub_base_duration"":100.0,""_score"":41.26},""compression"":{""VC1_atr_ratio"":{""value"":0.4922471973287344,""score"":100},""VC2_range_contraction"":{""value"":0.757481304580606,""score"":40.419782569899},""VC3_range_pct_rank"":{""score"":40.0},""_score"":64.15},""sr_quality"":{""SR1_touches"":{""value"":3,""score"":50.0},""SR2_tightness"":{""value"":0.09010630758535743,""score"":94.0265207596546},""SR3_recency"":{""value"":227,""score"":0.0},""SR4_price_location"":{""score"":30.0},""SR5_reaction"":{""value"":2.20930337174421,""score"":100},""_score"":51.6,""_levels_found"":3,""_target_level"":58.0468},""volume"":{""V1_rvol_day"":{""value"":1.248855062846781,""score"":49.92367085645206},""V2_rvol_sameslot"":{""value"":0.9915969287097093,""score"":32.77312858064729,""status"":""ok""},""V3_breakout_bar"":{""value"":0.7667775790308736,""score"":17.785171935391574},""V4_base_dryup"":{""value"":0.8162344802094423,""score"":68.37655197905576},""V5_bo_expansion"":{""value"":1.248855062846781,""score"":16.590337523118727},""_score"":37.15},""readiness"":{""_distance_atr"":-2.595,""BR1_atr_distance"":{""score"":8.091381110561315},""BR2_compression"":{""score"":38.425868742280585},""BR3_retest"":{""score"":50.0},""BR4_bo_age"":{""score"":50.0},""_score"":30.34},""risk"":{""R1_stop_clarity"":{""score"":50.39767214457703},""R2_stop_distance_pct"":{""value"":23.62322555572828,""score"":0.0},""R3_stop_distance_atr"":{""value"":5.037266379867552,""score"":48.13668100662238},""R4_rr_potential"":{""value"":-0.1504590993076778,""score"":0.0},""_score"":24.86},""market"":{""M1_spy_regime"":{""score"":100.0},""M3_earnings_risk"":{""value"":null,""score"":80.0},""M4_vix"":{""value"":null,""score"":60.0},""_score"":84.0},""liquidity"":{""L1_price"":{""value"":64.33,""score"":100.0},""L2_dollar_vol"":{""value"":239924009.51756942,""score"":100.0},""L3_spread_proxy"":{""value"":0.05020985543292405,""score"":49.79014456707595},""L4_volume_zscore"":{""value"":1.2477594153626475,""score"":100.0},""_score"":94.98},""pattern_structure"":{""n_contractions"":5,""contractions_pct"":[16.36,8.97,22.76,24.55,11.71],""descending_strict"":false,""final_low"":49.8814,""final_pivot"":56.4999,""structural_low"":49.8814,""dry_up_ratio"":0.9582303578544887,""current_price"":64.33,""neckline_distance_pct"":-0.12171770558060006,""base_bars"":43},""pattern_geometry_features"":{""contraction_count"":5.0,""first_contraction_pct"":0.16355435272891292,""last_contraction_pct"":0.11714180025097386,""dry_up_ratio"":0.9582303578544887,""near_monotone"":0.0,""base_depth_pct"":0.10001984663960303},""_schema_version"":""1.0""}",,,,,,,,,,
20260519T210226Z-93bc42,2026-05-19T21:02:26.159542+00:00,TTAN,high_tight_pullback,forming,55.2,13.8,73.2,60.0,52.1,15.8,56.3,73.4,84.0,94.2,1.65,25.62,6.0,4.17,2.21,5.07,0.73,5.04,4.71,False,,62.45,64.5399,61.2276,74.9098,"{""trend"":{""T1_ema_stack"":{""value"":[true,false,false],""score"":33.33333333333333},""T2_ema50_slope"":{""value"":-0.334895192215244,""score"":0},""T3_high_proximity"":{""value"":0.7528631705846895,""score"":0},""T4_rs_1m"":{""value"":-0.09307412555980799,""score"":0},""T5_rs_3m"":{""value"":-0.09441014158726402,""score"":2.794929206367989},""T6_adr_healthy"":{""value"":5.429539949480531,""score"":100.0},""_score"":13.75},""geometry"":{""sub_pole_impulse"":55.2,""sub_flag_tightness"":77.3,""sub_flag_shallowness"":61.5,""sub_flag_drift"":100,""sub_flag_duration"":100.0,""_score"":73.19},""compression"":{""VC1_atr_ratio"":{""value"":0.5377264781349319,""score"":100},""VC2_range_contraction"":{""value"":0.9777067012415179,""score"":3.7155497930803456},""VC3_range_pct_rank"":{""score"":75.0},""_score"":60.05},""sr_quality"":{""SR1_touches"":{""value"":3,""score"":50.0},""SR2_tightness"":{""value"":0.36153392648546445,""score"":80.59748848725019},""SR3_recency"":{""value"":231,""score"":0.0},""SR4_price_location"":{""score"":40.12531749404544},""SR5_reaction"":{""value"":2.7669821531022847,""score"":100},""_score"":52.12,""_levels_found"":4,""_target_level"":68.5083},""volume"":{""V1_rvol_day"":{""value"":1.1465861884656918,""score"":43.10574589771279},""V2_rvol_sameslot"":{""value"":0.6945516618588545,""score"":12.970110790590303,""status"":""ok""},""V3_breakout_bar"":{""value"":0.5058243612583543,""score"":0.38829075055695217},""V4_base_dryup"":{""value"":1.3511082150036853,""score"":14.88917849963147},""V5_bo_expansion"":{""value"":1.146586188465692,""score"":9.772412564379469},""_score"":15.76},""readiness"":{""_distance_atr"":0.561,""BR1_atr_distance"":{""score"":62.6136434786053},""BR2_compression"":{""score"":55.03236938840244},""BR3_retest"":{""score"":50.0},""BR4_bo_age"":{""score"":50.0},""_score"":56.3},""risk"":{""R1_stop_clarity"":{""score"":49.96070794696138},""R2_stop_distance_pct"":{""value"":1.9574059247398037,""score"":98.93514811849509},""R3_stop_distance_atr"":{""value"":0.3280138921366082,""score"":41.40069460683041},""R4_rr_potential"":{""value"":10.192899214659624,""score"":100.0},""_score"":73.38},""market"":{""M1_spy_regime"":{""score"":100.0},""M3_earnings_risk"":{""value"":null,""score"":80.0},""M4_vix"":{""value"":null,""score"":60.0},""_score"":84.0},""liquidity"":{""L1_price"":{""value"":62.45,""score"":100.0},""L2_dollar_vol"":{""value"":79675863.6616912,""score"":95.06633898944968},""L3_spread_proxy"":{""value"":0.03810888710968785,""score"":61.89111289031215},""L4_volume_zscore"":{""value"":0.4781709556722649,""score"":100.0},""_score"":94.22},""pattern_structure"":{""pole_low"":54.17,""pole_low_idx"":34,""peak_price"":64.5399,""peak_idx"":54,""pole_gain"":0.19143252722909362,""flag_bars"":5,""flag_low"":62.16,""flag_high"":63.84,""structural_low"":62.16,""current_price"":62.74,""neckline_distance_pct"":0.028688237169270017,""base_bars"":5},""pattern_geometry_features"":{""pole_gain"":0.19143252722909362,""pullback_pct"":0.03687486345655953,""flag_range_pct"":0.02603040909576877,""flag_drift_per_bar"":0.001255817660184728,""atr_pct"":0.059674482443097296,""pole_atr_multiple"":3.2079461671349128},""_schema_version"":""1.0""}",,,,,,,,,,
20260519T210226Z-93bc42,2026-05-19T21:02:26.159542+00:00,ZS,inverse_head_shoulders,breakout_confirmed,55.16,58.5,75.6,36.4,30.3,37.7,45.0,33.4,84.0,94.8,7.02,21.16,2.91,4.24,5.28,3.6,2.01,4.2,4.74,False,,175.25,158.0375,140.8845,173.045,"{""trend"":{""T1_ema_stack"":{""value"":[true,false,false],""score"":33.33333333333333},""T2_ema50_slope"":{""value"":-0.10659628646316657,""score"":32.233952256138906},""T3_high_proximity"":{""value"":1.0,""score"":99.99999999999997},""T4_rs_1m"":{""value"":0.26478521230902996,""score"":100},""T5_rs_3m"":{""value"":-0.0509994617615408,""score"":24.5002691192296},""T6_adr_healthy"":{""value"":4.806750480977874,""score"":100.0},""_score"":58.46},""geometry"":{""sub_head_depth"":65.8,""sub_shoulder_price_sym"":62.8,""sub_shoulder_time_sym"":83.3,""sub_right_shoulder_reaction"":80.4,""sub_base_context"":100.0,""_score"":75.58},""compression"":{""VC1_atr_ratio"":{""value"":0.7066335530727477,""score"":73.34161173181309},""VC2_range_contraction"":{""value"":1.0966177958133814,""score"":0},""VC3_range_pct_rank"":{""score"":28.333333333333332},""_score"":36.42},""sr_quality"":{""SR1_touches"":{""value"":2,""score"":25.0},""SR2_tightness"":{""value"":2.2250000000000085,""score"":50.89748055997343},""SR3_recency"":{""value"":309,""score"":0.0},""SR4_price_location"":{""score"":17.83383951776981},""SR5_reaction"":{""value"":1.4240337522679372,""score"":71.20168761339686},""_score"":30.27,""_levels_found"":7,""_target_level"":224.015},""volume"":{""V1_rvol_day"":{""value"":1.4272422191287408,""score"":61.81614794191606},""V2_rvol_sameslot"":{""value"":1.2099772167285152,""score"":47.331814448567684,""status"":""ok""},""V3_breakout_bar"":{""value"":0.5791803556262823,""score"":5.27869037508549},""V4_base_dryup"":{""value"":0.9872171729875492,""score"":51.27828270124508},""V5_bo_expansion"":{""value"":1.427242219128741,""score"":28.482814608582736},""_score"":37.68},""readiness"":{""_distance_atr"":-1.899,""BR1_atr_distance"":{""score"":22.014511646676205},""BR2_compression"":{""score"":74.9349728000963},""BR3_retest"":{""score"":50.0},""BR4_bo_age"":{""score"":50.0},""_score"":45.04},""risk"":{""R1_stop_clarity"":{""score"":52.65303355837971},""R2_stop_distance_pct"":{""value"":19.609386590584883,""score"":0.0},""R3_stop_distance_atr"":{""value"":3.791977925146641,""score"":100.0},""R4_rr_potential"":{""value"":-0.06416328027131936,""score"":0.0},""_score"":33.43},""market"":{""M1_spy_regime"":{""score"":100.0},""M3_earnings_risk"":{""value"":null,""score"":80.0},""M4_vix"":{""value"":null,""score"":60.0},""_score"":84.0},""liquidity"":{""L1_price"":{""value"":175.25,""score"":100.0},""L2_dollar_vol"":{""value"":754882923.3829521,""score"":100.0},""L3_spread_proxy"":{""value"":0.051468758915834564,""score"":48.53124108416544},""L4_volume_zscore"":{""value"":1.0950722789611862,""score"":100.0},""_score"":94.85},""pattern_structure"":{""left_shoulder"":147.66,""left_shoulder_idx"":59,""head"":143.03,""head_idx"":70,""right_shoulder"":152.12,""right_shoulder_idx"":82,""left_to_head_bars"":11,""head_to_right_bars"":12,""structural_low"":143.03,""current_price"":175.9,""neckline_distance_pct"":-0.10154917566799324,""base_bars"":23},""pattern_geometry_features"":{""head_depth_pct"":0.045766895723530494,""shoulder_price_asymmetry"":0.029755153779438312,""shoulder_time_asymmetry"":0.08333333333333333,""right_shoulder_reaction"":0.8043267230619877,""atr_pct"":0.051712818422661476},""_schema_version"":""1.0""}",,,,,,,,,,
20260519T210226Z-93bc42,2026-05-19T21:02:26.159542+00:00,WK,breakout_retest_hold,forming,55.07,5.0,79.1,38.6,60.3,13.1,84.8,48.7,84.0,86.4,0.7,17.4,2.32,8.45,1.7,15.27,2.44,4.2,2.59,False,,49.69,49.95,49.4307,49.99,"{""trend"":{""T1_ema_stack"":{""value"":[false,false,false],""score"":0.0},""T2_ema50_slope"":{""value"":-0.6241363245773661,""score"":0},""T3_high_proximity"":{""value"":0.7656394453004621,""score"":0},""T4_rs_1m"":{""value"":-0.16230935114720302,""score"":0},""T5_rs_3m"":{""value"":-0.21446413417545773,""score"":0},""T6_adr_healthy"":{""value"":5.1820583317002855,""score"":100.0},""_score"":5.0},""geometry"":{""sub_retest_depth"":60.4,""sub_retest_timing"":100.0,""sub_retest_freshness"":75.0,""sub_hold_quality"":86.6,""_score"":79.1},""compression"":{""VC1_atr_ratio"":{""value"":0.653457887043493,""score"":86.63552823912676},""VC2_range_contraction"":{""value"":1.3658789518161534,""score"":0},""VC3_range_pct_rank"":{""score"":15.833333333333332},""_score"":38.61},""sr_quality"":{""SR1_touches"":{""value"":3,""score"":50.0},""SR2_tightness"":{""value"":0.42297228698291517,""score"":73.08046151821772},""SR3_recency"":{""value"":236,""score"":0.0},""SR4_price_location"":{""score"":82.22748545854174},""SR5_reaction"":{""value"":1.8424862881834037,""score"":92.12431440917018},""_score"":60.34,""_levels_found"":7,""_target_level"":51.5517},""volume"":{""V1_rvol_day"":{""value"":0.5507133005644901,""score"":3.3808867042993387},""V2_rvol_sameslot"":{""value"":0.3745409320812108,""score"":0,""status"":""ok""},""V3_breakout_bar"":{""value"":0.7896118930799038,""score"":19.30745953866025},""V4_base_dryup"":{""value"":1.1212147948826539,""score"":37.878520511734614},""V5_bo_expansion"":{""value"":0.5507133005644902,""score"":0},""_score"":13.08},""readiness"":{""_distance_atr"":0.083,""BR1_atr_distance"":{""score"":94.48420915454584},""BR2_compression"":{""score"":60.459970920424375},""BR3_retest"":{""score"":99.6817812973776},""BR4_bo_age"":{""score"":80},""_score"":84.85},""risk"":{""R1_stop_clarity"":{""score"":68.22268035613229},""R2_stop_distance_pct"":{""value"":0.5218353793519744,""score"":63.04588448379936},""R3_stop_distance_atr"":{""value"":0.082514109589974,""score"":29.1257054794987},""R4_rr_potential"":{""value"":1.156961048978079,""score"":7.848052448903953},""_score"":48.73},""market"":{""M1_spy_regime"":{""score"":100.0},""M3_earnings_risk"":{""value"":null,""score"":80.0},""M4_vix"":{""value"":null,""score"":60.0},""_score"":84.0},""liquidity"":{""L1_price"":{""value"":49.69,""score"":100.0},""L2_dollar_vol"":{""value"":40952505.3311231,""score"":80.61402377637235},""L3_spread_proxy"":{""value"":0.05886496276916879,""score"":41.13503723083121},""L4_volume_zscore"":{""value"":-1.1509765966703729,""score"":100.0},""_score"":86.36},""pattern_structure"":{""level"":49.95,""level_idx"":68,""breakout_idx"":74,""bo_peak_idx"":74,""bo_peak_price"":52.5,""retest_idx"":79,""retest_low"":49.93,""structural_low"":49.93,""current_price"":50.03,""neckline_distance_pct"":-0.0015990405756545732,""base_bars"":11,""bars_since_breakout"":5},""pattern_geometry_features"":{""retest_depth_atr"":0.023121578212870794,""bars_breakout_to_retest"":5.0,""bars_since_retest"":0.0,""current_above_level_atr"":0.09248631285146675,""bo_peak_excess_pct"":0.05105105105105099,""atr_pct"":0.0632419572779806},""_schema_version"":""1.0""}",,,,,,,,,,
20260519T210226Z-93bc42,2026-05-19T21:02:26.159542+00:00,ADSK,bull_flag,forming,55.0,40.2,66.0,53.7,55.7,30.9,40.5,62.1,84.0,96.7,5.63,19.81,4.83,5.57,4.33,3.64,1.86,5.04,4.83,True,risk_unclear,244.16,251.16,239.3648,277.045,"{""trend"":{""T1_ema_stack"":{""value"":[true,false,false],""score"":33.33333333333333},""T2_ema50_slope"":{""value"":-0.044035044417795544,""score"":42.66082593036741},""T3_high_proximity"":{""value"":0.9244282901711343,""score"":62.21414508556711},""T4_rs_1m"":{""value"":-0.03997691753164756,""score"":10.023082468352442},""T5_rs_3m"":{""value"":-0.006358691157941632,""score"":46.82065442102918},""T6_adr_healthy"":{""value"":3.151669842110858,""score"":100.0},""_score"":40.23},""geometry"":{""sub_pole_impulse"":59.4,""sub_flag_tightness"":62.9,""sub_flag_shallowness"":43.5,""sub_flag_drift"":92.0,""sub_flag_duration"":100.0,""_score"":66.05},""compression"":{""VC1_atr_ratio"":{""value"":0.5373662948327245,""score"":100},""VC2_range_contraction"":{""value"":0.9185241392808343,""score"":13.57931011986095},""VC3_range_pct_rank"":{""score"":35.83333333333333},""_score"":53.71},""sr_quality"":{""SR1_touches"":{""value"":2,""score"":25.0},""SR2_tightness"":{""value"":1.1599999999999966,""score"":72.07522837184317},""SR3_recency"":{""value"":252,""score"":0.0},""SR4_price_location"":{""score"":89.40366162359445},""SR5_reaction"":{""value"":3.7198925308973707,""score"":100},""_score"":55.66,""_levels_found"":5,""_target_level"":245.96},""volume"":{""V1_rvol_day"":{""value"":1.1010604197919824,""score"":40.07069465279883},""V2_rvol_sameslot"":{""value"":0.9150009939141847,""score"":27.66673292761231,""status"":""ok""},""V3_breakout_bar"":{""value"":0.8241695691151535,""score"":21.6113046076769},""V4_base_dryup"":{""value"":0.9504190416914937,""score"":54.95809583085063},""V5_bo_expansion"":{""value"":1.1010604197919824,""score"":6.737361319465496},""_score"":30.95},""readiness"":{""_distance_atr"":0.843,""BR1_atr_distance"":{""score"":43.82948235715563},""BR2_compression"":{""score"":21.70733643803824},""BR3_retest"":{""score"":50.0},""BR4_bo_age"":{""score"":50.0},""_score"":40.46},""risk"":{""R1_stop_clarity"":{""score"":12.25001612036533},""R2_stop_distance_pct"":{""value"":1.963937581913502,""score"":99.09843954783754},""R3_stop_distance_atr"":{""value"":0.5771701235894692,""score"":53.85850617947345},""R4_rr_potential"":{""value"":6.857971074940287,""score"":100.0},""_score"":62.1},""market"":{""M1_spy_regime"":{""score"":100.0},""M3_earnings_risk"":{""value"":null,""score"":80.0},""M4_vix"":{""value"":null,""score"":60.0},""_score"":84.0},""liquidity"":{""L1_price"":{""value"":244.16,""score"":100.0},""L2_dollar_vol"":{""value"":483424353.56164545,""score"":100.0},""L3_spread_proxy"":{""value"":0.03337975098296202,""score"":66.62024901703799},""L4_volume_zscore"":{""value"":0.5831351250068759,""score"":100.0},""_score"":96.66},""pattern_structure"":{""pole_low"":225.275,""pole_low_idx"":31,""peak_price"":251.16,""peak_idx"":54,""pole_gain"":0.11490400621462653,""flag_bars"":5,""flag_low"":243.01,""flag_high"":249.44,""structural_low"":243.01,""current_price"":243.685,""neckline_distance_pct"":0.030674846625766847,""base_bars"":5},""pattern_geometry_features"":{""pole_gain"":0.11490400621462653,""pullback_pct"":0.03244943462334769,""flag_range_pct"":0.025601210383819108,""flag_drift_per_bar"":-0.0016045304388863926,""atr_pct"":0.034027013901891015,""pole_atr_multiple"":3.3768466003489324},""_schema_version"":""1.0""}",,,,,,,,,,
20260519T210226Z-93bc42,2026-05-19T21:02:26.159542+00:00,HQY,vcp,absent,55.0,54.9,45.2,57.6,77.7,41.7,64.1,45.6,84.0,95.3,8.24,11.31,6.91,9.32,5.42,4.48,2.28,5.04,4.76,True,risk_unclear,84.65,84.99,78.4946,89.66,"{""trend"":{""T1_ema_stack"":{""value"":[true,true,false],""score"":66.66666666666666},""T2_ema50_slope"":{""value"":0.0020346186911243064,""score"":50.339103115187385},""T3_high_proximity"":{""value"":0.9805397891810496,""score"":90.26989459052476},""T4_rs_1m"":{""value"":-0.05474918248618155,""score"":0},""T5_rs_3m"":{""value"":0.02865709190907162,""score"":64.32854595453581},""T6_adr_healthy"":{""value"":3.5375060729737915,""score"":100.0},""_score"":54.92},""geometry"":{""sub_contraction_count"":100.0,""sub_reduction_rate"":0,""sub_pivot_tightness"":53.7,""sub_volume_dryup"":10.9,""sub_base_depth"":5.4,""sub_base_duration"":100.0,""_score"":45.23},""compression"":{""VC1_atr_ratio"":{""value"":0.4047865114917967,""score"":100},""VC2_range_contraction"":{""value"":0.7736170074454624,""score"":37.730498759089606},""VC3_range_pct_rank"":{""score"":17.500000000000004},""_score"":57.58},""sr_quality"":{""SR1_touches"":{""value"":5,""score"":100},""SR2_tightness"":{""value"":0.4624716207509379,""score"":61.985323435134006},""SR3_recency"":{""value"":230,""score"":0.0},""SR4_price_location"":{""score"":93.5054121565365},""SR5_reaction"":{""value"":2.7797133018433096,""score"":100},""_score"":77.67,""_levels_found"":8,""_target_level"":84.78},""volume"":{""V1_rvol_day"":{""value"":1.4119005815378387,""score"":60.79337210252258},""V2_rvol_sameslot"":{""value"":1.1387732560202732,""score"":42.58488373468488,""status"":""ok""},""V3_breakout_bar"":{""value"":0.9075129072288062,""score"":27.167527148587077},""V4_base_dryup"":{""value"":0.9929551930324045,""score"":50.704480696759546},""V5_bo_expansion"":{""value"":1.4119005815378391,""score"":27.460038769189275},""_score"":41.73},""readiness"":{""_distance_atr"":0.14,""BR1_atr_distance"":{""score"":90.68412024139118},""BR2_compression"":{""score"":41.16188527121128},""BR3_retest"":{""score"":50.0},""BR4_bo_age"":{""score"":50.0},""_score"":64.06},""risk"":{""R1_stop_clarity"":{""score"":1.743498210704871},""R2_stop_distance_pct"":{""value"":7.271529828706452,""score"":100.0},""R3_stop_distance_atr"":{""value"":2.5298161973009434,""score"":100.0},""R4_rr_potential"":{""value"":0.8139260968100889,""score"":0.0},""_score"":45.61},""market"":{""M1_spy_regime"":{""score"":100.0},""M3_earnings_risk"":{""value"":null,""score"":80.0},""M4_vix"":{""value"":null,""score"":60.0},""_score"":84.0},""liquidity"":{""L1_price"":{""value"":84.65,""score"":100.0},""L2_dollar_vol"":{""value"":104988733.87369491,""score"":100.0},""L3_spread_proxy"":{""value"":0.04737034849379801,""score"":52.62965150620199},""L4_volume_zscore"":{""value"":1.4536189206818548,""score"":100.0},""_score"":95.26},""pattern_structure"":{""n_contractions"":5,""contractions_pct"":[5.17,10.7,12.51,6.96,6.24],""descending_strict"":false,""final_low"":79.69,""final_pivot"":84.99,""structural_low"":79.69,""dry_up_ratio"":0.9453758975595792,""current_price"":84.65,""neckline_distance_pct"":0.004016538688718123,""base_bars"":33},""pattern_geometry_features"":{""contraction_count"":5.0,""first_contraction_pct"":0.051683262209577994,""last_contraction_pct"":0.062360277679726996,""dry_up_ratio"":0.9453758975595792,""near_monotone"":0.0,""base_depth_pct"":0.055357989568515904},""_schema_version"":""1.0""}",,,,,,,,,,
20260519T210226Z-93bc42,2026-05-19T21:02:26.159542+00:00,CTRE,double_bottom,forming,55.0,73.5,58.6,38.0,39.5,59.4,38.2,55.2,84.0,90.4,11.02,14.65,3.04,5.53,7.72,3.06,3.31,5.04,4.52,True,risk_unclear,41.25,43.08,38.2279,47.35,"{""trend"":{""T1_ema_stack"":{""value"":[true,true,true],""score"":100.0},""T2_ema50_slope"":{""value"":0.1193719155326651,""score"":69.89531925544418},""T3_high_proximity"":{""value"":0.9719604147031103,""score"":85.98020735155515},""T4_rs_1m"":{""value"":0.011134163797000163,""score"":61.13416379700016},""T5_rs_3m"":{""value"":-0.04172803661218327,""score"":29.135981693908363},""T6_adr_healthy"":{""value"":2.4349596801110063,""score"":100.0},""_score"":73.47},""geometry"":{""sub_low_similarity"":12.8,""sub_bounce_quality"":100,""sub_separation_fit"":0.0,""sub_right_bottom_reaction"":98.3,""sub_base_context"":100.0,""_score"":58.59},""compression"":{""VC1_atr_ratio"":{""value"":0.7488596181991063,""score"":62.78509545022343},""VC2_range_contraction"":{""value"":1.2078136481425858,""score"":0},""VC3_range_pct_rank"":{""score"":51.66666666666666},""_score"":38.03},""sr_quality"":{""SR1_touches"":{""value"":2,""score"":25.0},""SR2_tightness"":{""value"":0.19000000000000128,""score"":63.119584055459065},""SR3_recency"":{""value"":269,""score"":0.0},""SR4_price_location"":{""score"":30.0},""SR5_reaction"":{""value"":3.4357019064124734,""score"":100},""_score"":39.47,""_levels_found"":5,""_target_level"":41.17},""volume"":{""V1_rvol_day"":{""value"":3.8617239730210713,""score"":100},""V2_rvol_sameslot"":{""value"":2.2362870697625112,""score"":100,""status"":""ok""},""V3_breakout_bar"":{""value"":0.7619778824916125,""score"":17.4651921661075},""V4_base_dryup"":{""value"":1.6472834602888133,""score"":0},""V5_bo_expansion"":{""value"":3.8617239730210713,""score"":100},""_score"":59.37},""readiness"":{""_distance_atr"":1.776,""BR1_atr_distance"":{""score"":0},""BR2_compression"":{""score"":82.9906233031124},""BR3_retest"":{""score"":50.0},""BR4_bo_age"":{""score"":50.0},""_score"":38.25},""risk"":{""R1_stop_clarity"":{""score"":0},""R2_stop_distance_pct"":{""value"":7.326424242424233,""score"":100.0},""R3_stop_distance_atr"":{""value"":2.933109185441934,""score"":100.0},""R4_rr_potential"":{""value"":2.018430587495658,""score"":50.92152937478289},""_score"":55.18},""market"":{""M1_spy_regime"":{""score"":100.0},""M3_earnings_risk"":{""value"":null,""score"":80.0},""M4_vix"":{""value"":null,""score"":60.0},""_score"":84.0},""liquidity"":{""L1_price"":{""value"":41.25,""score"":100.0},""L2_dollar_vol"":{""value"":373471575.66340876,""score"":100.0},""L3_spread_proxy"":{""value"":0.02060606060606064,""score"":79.39393939393936},""L4_volume_zscore"":{""value"":3.9215207670399317,""score"":70.0},""_score"":90.44},""pattern_structure"":{""left_low"":38.81,""left_idx"":26,""right_low"":40.54,""right_idx"":74,""separation_bars"":48,""structural_low"":38.81,""current_price"":41.215,""neckline_distance_pct"":0.04525051558898446,""base_bars"":48},""pattern_geometry_features"":{""low_similarity_pct"":0.04360428481411461,""bounce_pct"":0.11002318989951032,""right_bottom_reaction"":0.9826086956521651,""atr_pct"":0.02497835497835501},""_schema_version"":""1.0""}",,,,,,,,,,
20260519T210226Z-93bc42,2026-05-19T21:02:26.159542+00:00,TTWO,double_bottom,forming,55.0,86.2,58.1,50.8,50.1,41.2,44.2,54.2,84.0,97.4,12.93,14.54,4.07,7.02,5.35,3.54,3.25,5.04,4.87,True,risk_unclear,238.14,246.2499,218.6995,270.4698,"{""trend"":{""T1_ema_stack"":{""value"":[true,true,false],""score"":66.66666666666666},""T2_ema50_slope"":{""value"":0.17645268164291858,""score"":79.40878027381976},""T3_high_proximity"":{""value"":0.9822636528625639,""score"":91.13182643128192},""T4_rs_1m"":{""value"":0.06288949270906574,""score"":100},""T5_rs_3m"":{""value"":0.12677687757274025,""score"":100},""T6_adr_healthy"":{""value"":2.8277932851574086,""score"":100.0},""_score"":86.22},""geometry"":{""sub_low_similarity"":12.5,""sub_bounce_quality"":100,""sub_separation_fit"":13.3,""sub_right_bottom_reaction"":82.7,""sub_base_context"":100.0,""_score"":58.15},""compression"":{""VC1_atr_ratio"":{""value"":0.5298604178598841,""score"":100},""VC2_range_contraction"":{""value"":1.1191005069343338,""score"":0},""VC3_range_pct_rank"":{""score"":43.333333333333336},""_score"":50.83},""sr_quality"":{""SR1_touches"":{""value"":2,""score"":25.0},""SR2_tightness"":{""value"":0.9549999999999983,""score"":74.47362592883931},""SR3_recency"":{""value"":327,""score"":0.0},""SR4_price_location"":{""score"":84.590490415733},""SR5_reaction"":{""value"":1.3758849270293183,""score"":68.79424635146592},""_score"":50.14,""_levels_found"":6,""_target_level"":241.235},""volume"":{""V1_rvol_day"":{""value"":1.0307800442385577,""score"":35.38533628257052},""V2_rvol_sameslot"":{""value"":1.2200804430513754,""score"":48.005362870091695,""status"":""ok""},""V3_breakout_bar"":{""value"":0.9758526201691963,""score"":31.72350801127975},""V4_base_dryup"":{""value"":0.6878169036182786,""score"":81.21830963817214},""V5_bo_expansion"":{""value"":1.0307800442385577,""score"":2.052002949237182},""_score"":41.16},""readiness"":{""_distance_atr"":1.084,""BR1_atr_distance"":{""score"":27.74298740673413},""BR2_compression"":{""score"":62.570952407413436},""BR3_retest"":{""score"":50.0},""BR4_bo_age"":{""score"":50.0},""_score"":44.24},""risk"":{""R1_stop_clarity"":{""score"":10.97977746042136},""R2_stop_distance_pct"":{""value"":8.163454270597127,""score"":95.91364323507183},""R3_stop_distance_atr"":{""value"":2.5981371665533857,""score"":100.0},""R4_rr_potential"":{""value"":1.6630170597902816,""score"":33.15085298951408},""_score"":54.25},""market"":{""M1_spy_regime"":{""score"":100.0},""M3_earnings_risk"":{""value"":null,""score"":80.0},""M4_vix"":{""value"":null,""score"":60.0},""_score"":84.0},""liquidity"":{""L1_price"":{""value"":238.14,""score"":100.0},""L2_dollar_vol"":{""value"":417136010.12632453,""score"":100.0},""L3_spread_proxy"":{""value"":0.02628705803308974,""score"":73.71294196691025},""L4_volume_zscore"":{""value"":0.0862959487814219,""score"":100.0},""_score"":97.37},""pattern_structure"":{""left_low"":222.03,""left_idx"":25,""right_low"":231.96,""right_idx"":68,""separation_bars"":43,""structural_low"":222.03,""current_price"":239.2299,""neckline_distance_pct"":0.029344158067198166,""base_bars"":43},""pattern_geometry_features"":{""low_similarity_pct"":0.043745456948390965,""bounce_pct"":0.10908390758005673,""right_bottom_reaction"":0.8270404851313495,""atr_pct"":0.03142041296236308},""_schema_version"":""1.0""}",,,,,,,,,,
20260519T210226Z-93bc42,2026-05-19T21:02:26.159542+00:00,TTWO,bull_flag,forming,55.0,86.2,50.8,50.8,50.1,36.6,44.2,65.9,84.0,97.4,12.07,15.23,4.57,5.01,5.12,3.98,1.98,5.04,4.87,True,risk_unclear,238.14,246.2499,228.4806,273.4598,"{""trend"":{""T1_ema_stack"":{""value"":[true,true,false],""score"":66.66666666666666},""T2_ema50_slope"":{""value"":0.17645268164291858,""score"":79.40878027381976},""T3_high_proximity"":{""value"":0.9822636528625639,""score"":91.13182643128192},""T4_rs_1m"":{""value"":0.06288949270906574,""score"":100},""T5_rs_3m"":{""value"":0.12677687757274025,""score"":100},""T6_adr_healthy"":{""value"":2.8277932851574086,""score"":100.0},""_score"":86.22},""geometry"":{""sub_pole_impulse"":73.8,""sub_flag_tightness"":22.2,""sub_flag_shallowness"":6.6,""sub_flag_drift"":95.1,""sub_flag_duration"":75.0,""_score"":50.77},""compression"":{""VC1_atr_ratio"":{""value"":0.5298604178598841,""score"":100},""VC2_range_contraction"":{""value"":1.1191005069343338,""score"":0},""VC3_range_pct_rank"":{""score"":43.333333333333336},""_score"":50.83},""sr_quality"":{""SR1_touches"":{""value"":2,""score"":25.0},""SR2_tightness"":{""value"":0.9549999999999983,""score"":74.47362592883931},""SR3_recency"":{""value"":327,""score"":0.0},""SR4_price_location"":{""score"":84.590490415733},""SR5_reaction"":{""value"":1.3758849270293183,""score"":68.79424635146592},""_score"":50.14,""_levels_found"":6,""_target_level"":241.235},""volume"":{""V1_rvol_day"":{""value"":1.0307800442385577,""score"":35.38533628257052},""V2_rvol_sameslot"":{""value"":1.2200804430513754,""score"":48.005362870091695,""status"":""ok""},""V3_breakout_bar"":{""value"":0.9758526201691963,""score"":31.72350801127975},""V4_base_dryup"":{""value"":0.9156981292021392,""score"":58.43018707978608},""V5_bo_expansion"":{""value"":1.0307800442385577,""score"":2.052002949237182},""_score"":36.6},""readiness"":{""_distance_atr"":1.084,""BR1_atr_distance"":{""score"":27.74298740673413},""BR2_compression"":{""score"":62.570952407413436},""BR3_retest"":{""score"":50.0},""BR4_bo_age"":{""score"":50.0},""_score"":44.24},""risk"":{""R1_stop_clarity"":{""score"":6.998464980945968},""R2_stop_distance_pct"":{""value"":4.056185437137808,""score"":100.0},""R3_stop_distance_atr"":{""value"":1.2909395691254941,""score"":89.5469784562747},""R4_rr_potential"":{""value"":3.656521108971579,""score"":100.0},""_score"":65.88},""market"":{""M1_spy_regime"":{""score"":100.0},""M3_earnings_risk"":{""value"":null,""score"":80.0},""M4_vix"":{""value"":null,""score"":60.0},""_score"":84.0},""liquidity"":{""L1_price"":{""value"":238.14,""score"":100.0},""L2_dollar_vol"":{""value"":417136010.12632453,""score"":100.0},""L3_spread_proxy"":{""value"":0.02628705803308974,""score"":73.71294196691025},""L4_volume_zscore"":{""value"":0.0862959487814219,""score"":100.0},""_score"":97.37},""pattern_structure"":{""pole_low"":219.04,""pole_low_idx"":23,""peak_price"":246.2499,""peak_idx"":37,""pole_gain"":0.1242234295105917,""flag_bars"":22,""flag_low"":231.96,""flag_high"":246.2399,""structural_low"":231.96,""current_price"":239.2299,""neckline_distance_pct"":0.029344158067198166,""base_bars"":22},""pattern_geometry_features"":{""pole_gain"":0.1242234295105917,""pullback_pct"":0.05803007432693369,""flag_range_pct"":0.057989465173386864,""flag_drift_per_bar"":-0.0009894104190918298,""atr_pct"":0.03142041296236308,""pole_atr_multiple"":3.9535899690240437},""_schema_version"":""1.0""}",,,,,,,,,,
20260519T210226Z-93bc42,2026-05-19T21:02:26.159542+00:00,TTWO,vcp,breakout_confirmed,55.0,86.2,57.3,50.8,50.1,37.1,39.0,16.2,84.0,97.4,12.93,14.31,6.1,6.02,4.82,2.73,0.81,5.04,4.87,True,risk_unclear,238.14,221.22,203.3532,263.32,"{""trend"":{""T1_ema_stack"":{""value"":[true,true,false],""score"":66.66666666666666},""T2_ema50_slope"":{""value"":0.17645268164291858,""score"":79.40878027381976},""T3_high_proximity"":{""value"":0.9822636528625639,""score"":91.13182643128192},""T4_rs_1m"":{""value"":0.06288949270906574,""score"":100},""T5_rs_3m"":{""value"":0.12677687757274025,""score"":100},""T6_adr_healthy"":{""value"":2.8277932851574086,""score"":100.0},""_score"":86.22},""geometry"":{""sub_contraction_count"":100.0,""sub_reduction_rate"":20.6,""sub_pivot_tightness"":47.4,""sub_volume_dryup"":0,""sub_base_depth"":100.0,""sub_base_duration"":100.0,""_score"":57.26},""compression"":{""VC1_atr_ratio"":{""value"":0.5298604178598841,""score"":100},""VC2_range_contraction"":{""value"":1.1191005069343338,""score"":0},""VC3_range_pct_rank"":{""score"":43.333333333333336},""_score"":50.83},""sr_quality"":{""SR1_touches"":{""value"":2,""score"":25.0},""SR2_tightness"":{""value"":0.9549999999999983,""score"":74.47362592883931},""SR3_recency"":{""value"":327,""score"":0.0},""SR4_price_location"":{""score"":84.590490415733},""SR5_reaction"":{""value"":1.3758849270293183,""score"":68.79424635146592},""_score"":50.14,""_levels_found"":6,""_target_level"":241.235},""volume"":{""V1_rvol_day"":{""value"":1.0307800442385577,""score"":35.38533628257052},""V2_rvol_sameslot"":{""value"":1.2200804430513754,""score"":48.005362870091695,""status"":""ok""},""V3_breakout_bar"":{""value"":0.9758526201691963,""score"":31.72350801127975},""V4_base_dryup"":{""value"":0.8927544747836058,""score"":60.72455252163942},""V5_bo_expansion"":{""value"":1.0307800442385577,""score"":2.052002949237182},""_score"":37.06},""readiness"":{""_distance_atr"":-2.261,""BR1_atr_distance"":{""score"":14.774214734655573},""BR2_compression"":{""score"":62.570952407413436},""BR3_retest"":{""score"":50.0},""BR4_bo_age"":{""score"":50.0},""_score"":39.05},""risk"":{""R1_stop_clarity"":{""score"":17.22638858129072},""R2_stop_distance_pct"":{""value"":14.607688754514156,""score"":0.0},""R3_stop_distance_atr"":{""value"":4.649107817905502,""score"":67.54460910472488},""R4_rr_potential"":{""value"":0.7238388179407406,""score"":0.0},""_score"":16.16},""market"":{""M1_spy_regime"":{""score"":100.0},""M3_earnings_risk"":{""value"":null,""score"":80.0},""M4_vix"":{""value"":null,""score"":60.0},""_score"":84.0},""liquidity"":{""L1_price"":{""value"":238.14,""score"":100.0},""L2_dollar_vol"":{""value"":417136010.12632453,""score"":100.0},""L3_spread_proxy"":{""value"":0.02628705803308974,""score"":73.71294196691025},""L4_volume_zscore"":{""value"":0.0862959487814219,""score"":100.0},""_score"":97.37},""pattern_structure"":{""n_contractions"":5,""contractions_pct"":[23.78,11.65,5.85,11.91,6.68],""descending_strict"":false,""final_low"":206.45,""final_pivot"":221.22,""structural_low"":206.45,""dry_up_ratio"":1.4095582759031893,""current_price"":238.14,""neckline_distance_pct"":-0.07105064247921386,""base_bars"":59},""pattern_geometry_features"":{""contraction_count"":5.0,""first_contraction_pct"":0.23777911888955952,""last_contraction_pct"":0.0667661151794594,""dry_up_ratio"":1.4095582759031893,""near_monotone"":0.0,""base_depth_pct"":0.16938241802454243},""_schema_version"":""1.0""}",,,,,,,,,,
20260519T210226Z-93bc42,2026-05-19T21:02:26.159542+00:00,EXE,vcp,forming,55.0,42.1,55.8,64.8,52.2,48.9,43.5,60.4,84.0,97.8,6.32,13.94,7.78,6.27,6.35,3.04,3.02,5.04,4.89,True,risk_unclear,100.89,102.965,93.0529,120.775,"{""trend"":{""T1_ema_stack"":{""value"":[true,false,false],""score"":33.33333333333333},""T2_ema50_slope"":{""value"":-0.15888459571759475,""score"":23.51923404706754},""T3_high_proximity"":{""value"":0.8856214887640449,""score"":42.81074438202243},""T4_rs_1m"":{""value"":0.021482789095312205,""score"":71.4827890953122},""T5_rs_3m"":{""value"":-0.055359219715737984,""score"":22.320390142131007},""T6_adr_healthy"":{""value"":2.334358452894623,""score"":100.0},""_score"":42.1},""geometry"":{""sub_contraction_count"":100.0,""sub_reduction_rate"":0,""sub_pivot_tightness"":25.0,""sub_volume_dryup"":46.7,""sub_base_depth"":100.0,""sub_base_duration"":100.0,""_score"":55.76},""compression"":{""VC1_atr_ratio"":{""value"":0.33083813382942273,""score"":100},""VC2_range_contraction"":{""value"":0.902591848235697,""score"":16.23469196071716},""VC3_range_pct_rank"":{""score"":76.66666666666666},""_score"":64.85},""sr_quality"":{""SR1_touches"":{""value"":3,""score"":50.0},""SR2_tightness"":{""value"":0.3968696959400577,""score"":68.07245104476206},""SR3_recency"":{""value"":236,""score"":0.0},""SR4_price_location"":{""score"":48.02784222737829},""SR5_reaction"":{""value"":3.2688883844899213,""score"":100},""_score"":52.22,""_levels_found"":6,""_target_level"":103.5033},""volume"":{""V1_rvol_day"":{""value"":1.1158620982806777,""score"":41.05747321871185},""V2_rvol_sameslot"":{""value"":1.2257183750242453,""score"":48.38122500161635,""status"":""ok""},""V3_breakout_bar"":{""value"":1.4069268734330347,""score"":60.461791562202315},""V4_base_dryup"":{""value"":0.7646644523505569,""score"":73.53355476494431},""V5_bo_expansion"":{""value"":1.1158620982806777,""score"":7.7241398853785155},""_score"":48.87},""readiness"":{""_distance_atr"":0.835,""BR1_atr_distance"":{""score"":44.35649386532735},""BR2_compression"":{""score"":32.922550307275145},""BR3_retest"":{""score"":50.0},""BR4_bo_age"":{""score"":50.0},""_score"":43.47},""risk"":{""R1_stop_clarity"":{""score"":0},""R2_stop_distance_pct"":{""value"":7.767915551590847,""score"":100.0},""R3_stop_distance_atr"":{""value"":3.152392335561947,""score"":100.0},""R4_rr_potential"":{""value"":2.5373067672147034,""score"":76.86533836073517},""_score"":60.37},""market"":{""M1_spy_regime"":{""score"":100.0},""M3_earnings_risk"":{""value"":null,""score"":80.0},""M4_vix"":{""value"":null,""score"":60.0},""_score"":84.0},""liquidity"":{""L1_price"":{""value"":100.89,""score"":100.0},""L2_dollar_vol"":{""value"":314263180.63888407,""score"":100.0},""L3_spread_proxy"":{""value"":0.022499752205372148,""score"":77.50024779462785},""L4_volume_zscore"":{""value"":0.40855788668953585,""score"":100.0},""_score"":97.75},""pattern_structure"":{""n_contractions"":5,""contractions_pct"":[10.43,6.54,5.8,17.31,8.25],""descending_strict"":false,""final_low"":94.47,""final_pivot"":102.965,""structural_low"":94.47,""dry_up_ratio"":0.7665241593492311,""current_price"":100.89,""neckline_distance_pct"":0.020566954108434957,""base_bars"":67},""pattern_geometry_features"":{""contraction_count"":5.0,""first_contraction_pct"":0.10429283933024588,""last_contraction_pct"":0.08250376341475263,""dry_up_ratio"":0.7665241593492311,""near_monotone"":0.0,""base_depth_pct"":0.1586213038831493},""_schema_version"":""1.0""}",,,,,,,,,,
20260519T210226Z-93bc42,2026-05-19T21:02:26.159542+00:00,HQY,double_bottom,forming,55.0,54.9,54.2,57.6,77.7,42.8,64.2,45.1,84.0,95.3,8.24,13.55,4.61,10.87,5.56,5.13,2.7,5.04,4.76,True,risk_unclear,84.65,84.98,79.7456,89.0,"{""trend"":{""T1_ema_stack"":{""value"":[true,true,false],""score"":66.66666666666666},""T2_ema50_slope"":{""value"":0.0020346186911243064,""score"":50.339103115187385},""T3_high_proximity"":{""value"":0.9805397891810496,""score"":90.26989459052476},""T4_rs_1m"":{""value"":-0.05474918248618155,""score"":0},""T5_rs_3m"":{""value"":0.02865709190907162,""score"":64.32854595453581},""T6_adr_healthy"":{""value"":3.5375060729737915,""score"":100.0},""_score"":54.92},""geometry"":{""sub_low_similarity"":53.6,""sub_bounce_quality"":28.1,""sub_separation_fit"":0.0,""sub_right_bottom_reaction"":83.3,""sub_base_context"":100.0,""_score"":54.2},""compression"":{""VC1_atr_ratio"":{""value"":0.4047865114917967,""score"":100},""VC2_range_contraction"":{""value"":0.7736170074454624,""score"":37.730498759089606},""VC3_range_pct_rank"":{""score"":17.500000000000004},""_score"":57.58},""sr_quality"":{""SR1_touches"":{""value"":5,""score"":100},""SR2_tightness"":{""value"":0.4624716207509379,""score"":61.985323435134006},""SR3_recency"":{""value"":230,""score"":0.0},""SR4_price_location"":{""score"":93.5054121565365},""SR5_reaction"":{""value"":2.7797133018433096,""score"":100},""_score"":77.67,""_levels_found"":8,""_target_level"":84.78},""volume"":{""V1_rvol_day"":{""value"":1.4119005815378387,""score"":60.79337210252258},""V2_rvol_sameslot"":{""value"":1.1387732560202732,""score"":42.58488373468488,""status"":""ok""},""V3_breakout_bar"":{""value"":0.9075129072288062,""score"":27.167527148587077},""V4_base_dryup"":{""value"":0.9403105813220686,""score"":55.96894186779314},""V5_bo_expansion"":{""value"":1.4119005815378391,""score"":27.460038769189275},""_score"":42.78},""readiness"":{""_distance_atr"":0.136,""BR1_atr_distance"":{""score"":90.95811670487944},""BR2_compression"":{""score"":41.16188527121128},""BR3_retest"":{""score"":50.0},""BR4_bo_age"":{""score"":50.0},""_score"":64.17},""risk"":{""R1_stop_clarity"":{""score"":0.1776084218686549},""R2_stop_distance_pct"":{""value"":5.793738924985244,""score"":100.0},""R3_stop_distance_atr"":{""value"":2.0156823832995276,""score"":100.0},""R4_rr_potential"":{""value"":0.8869586493760705,""score"":0.0},""_score"":45.06},""market"":{""M1_spy_regime"":{""score"":100.0},""M3_earnings_risk"":{""value"":null,""score"":80.0},""M4_vix"":{""value"":null,""score"":60.0},""_score"":84.0},""liquidity"":{""L1_price"":{""value"":84.65,""score"":100.0},""L2_dollar_vol"":{""value"":104988733.87369491,""score"":100.0},""L3_spread_proxy"":{""value"":0.04737034849379801,""score"":52.62965150620199},""L4_volume_zscore"":{""value"":1.4536189206818548,""score"":100.0},""_score"":95.26},""pattern_structure"":{""left_low"":82.86,""left_idx"":27,""right_low"":80.96,""right_idx"":74,""separation_bars"":47,""structural_low"":80.96,""current_price"":84.015,""neckline_distance_pct"":0.011486044158781211,""base_bars"":47},""pattern_geometry_features"":{""low_similarity_pct"":0.023196190941277083,""bounce_pct"":0.04965415019762859,""right_bottom_reaction"":0.8329384772687602,""atr_pct"":0.02874331280060755},""_schema_version"":""1.0""}",,,,,,,,,,
20260519T210226Z-93bc42,2026-05-19T21:02:26.159542+00:00,V,double_bottom,forming,55.0,66.2,56.7,52.5,50.4,48.0,67.2,45.0,84.0,98.3,9.93,14.18,4.2,7.06,6.24,5.38,2.7,5.04,4.91,True,risk_unclear,329.91,330.63,313.23,343.26,"{""trend"":{""T1_ema_stack"":{""value"":[true,true,false],""score"":66.66666666666666},""T2_ema50_slope"":{""value"":0.08886297993726322,""score"":64.81049665621053},""T3_high_proximity"":{""value"":0.9852177029206236,""score"":92.60885146031178},""T4_rs_1m"":{""value"":0.015580621248612703,""score"":65.5806212486127},""T5_rs_3m"":{""value"":-0.03912217481309943,""score"":30.438912593450283},""T6_adr_healthy"":{""value"":1.7621831020970105,""score"":100.0},""_score"":66.2},""geometry"":{""sub_low_similarity"":64.0,""sub_bounce_quality"":13.9,""sub_separation_fit"":0.0,""sub_right_bottom_reaction"":98.1,""sub_base_context"":100.0,""_score"":56.7},""compression"":{""VC1_atr_ratio"":{""value"":0.5753122589485052,""score"":100},""VC2_range_contraction"":{""value"":1.0032457728380824,""score"":0},""VC3_range_pct_rank"":{""score"":50.0},""_score"":52.5},""sr_quality"":{""SR1_touches"":{""value"":3,""score"":50.0},""SR2_tightness"":{""value"":0.7586537784493997,""score"":75.48068817846925},""SR3_recency"":{""value"":237,""score"":0.0},""SR4_price_location"":{""score"":36.426694934783605},""SR5_reaction"":{""value"":2.791327600469399,""score"":100},""_score"":50.43,""_levels_found"":5,""_target_level"":343.0467},""volume"":{""V1_rvol_day"":{""value"":1.6574787978983083,""score"":77.16525319322055},""V2_rvol_sameslot"":{""value"":0.9464390522011029,""score"":29.76260348007353,""status"":""ok""},""V3_breakout_bar"":{""value"":0.9583970084372402,""score"":30.559800562482682},""V4_base_dryup"":{""value"":0.8796245563387194,""score"":62.03754436612806},""V5_bo_expansion"":{""value"":1.6574787978983083,""score"":43.83191985988722},""_score"":48.01},""readiness"":{""_distance_atr"":0.116,""BR1_atr_distance"":{""score"":92.24331967449677},""BR2_compression"":{""score"":51.40259378223446},""BR3_retest"":{""score"":50.0},""BR4_bo_age"":{""score"":50.0},""_score"":67.25},""risk"":{""R1_stop_clarity"":{""score"":0},""R2_stop_distance_pct"":{""value"":5.055924343002639,""score"":100.0},""R3_stop_distance_atr"":{""value"":2.695446413112481,""score"":100.0},""R4_rr_potential"":{""value"":0.8003597122302134,""score"":0.0},""_score"":45.0},""market"":{""M1_spy_regime"":{""score"":100.0},""M3_earnings_risk"":{""value"":null,""score"":80.0},""M4_vix"":{""value"":null,""score"":60.0},""_score"":84.0},""liquidity"":{""L1_price"":{""value"":329.91,""score"":100.0},""L2_dollar_vol"":{""value"":4241119417.8059516,""score"":100.0},""L3_spread_proxy"":{""value"":0.017216816707586936,""score"":82.78318329241307},""L4_volume_zscore"":{""value"":1.7573298139348716,""score"":100.0},""_score"":98.28},""pattern_structure"":{""left_low"":318.0,""left_idx"":23,""right_low"":323.77,""right_idx"":68,""separation_bars"":45,""structural_low"":318.0,""current_price"":330.11,""neckline_distance_pct"":0.0015752324982581012,""base_bars"":45},""pattern_geometry_features"":{""low_similarity_pct"":0.01798151985913951,""bounce_pct"":0.03971698113207546,""right_bottom_reaction"":0.9810495626822164,""atr_pct"":0.018757280124016527},""_schema_version"":""1.0""}",,,,,,,,,,
20260519T210226Z-93bc42,2026-05-19T21:02:26.159542+00:00,V,breakout_retest_hold,retest_hold,55.0,66.2,67.4,52.5,50.4,38.5,77.3,30.8,84.0,98.3,9.27,14.82,3.15,7.06,5.0,13.92,1.54,4.2,2.95,True,risk_unclear,329.91,329.01,326.4525,327.53,"{""trend"":{""T1_ema_stack"":{""value"":[true,true,false],""score"":66.66666666666666},""T2_ema50_slope"":{""value"":0.08886297993726322,""score"":64.81049665621053},""T3_high_proximity"":{""value"":0.9852177029206236,""score"":92.60885146031178},""T4_rs_1m"":{""value"":0.015580621248612703,""score"":65.5806212486127},""T5_rs_3m"":{""value"":-0.03912217481309943,""score"":30.438912593450283},""T6_adr_healthy"":{""value"":1.7621831020970105,""score"":100.0},""_score"":66.2},""geometry"":{""sub_retest_depth"":4.6,""sub_retest_timing"":80.0,""sub_retest_freshness"":100.0,""sub_hold_quality"":100.0,""_score"":67.38},""compression"":{""VC1_atr_ratio"":{""value"":0.5753122589485052,""score"":100},""VC2_range_contraction"":{""value"":1.0032457728380824,""score"":0},""VC3_range_pct_rank"":{""score"":50.0},""_score"":52.5},""sr_quality"":{""SR1_touches"":{""value"":3,""score"":50.0},""SR2_tightness"":{""value"":0.7586537784493997,""score"":75.48068817846925},""SR3_recency"":{""value"":237,""score"":0.0},""SR4_price_location"":{""score"":36.426694934783605},""SR5_reaction"":{""value"":2.791327600469399,""score"":100},""_score"":50.43,""_levels_found"":5,""_target_level"":343.0467},""volume"":{""V1_rvol_day"":{""value"":1.6574787978983083,""score"":77.16525319322055},""V2_rvol_sameslot"":{""value"":0.9464390522011029,""score"":29.76260348007353,""status"":""ok""},""V3_breakout_bar"":{""value"":0.9583970084372402,""score"":30.559800562482682},""V4_base_dryup"":{""value"":1.3560213348789378,""score"":14.39786651210622},""V5_bo_expansion"":{""value"":1.6574787978983083,""score"":43.83191985988722},""_score"":38.48},""readiness"":{""_distance_atr"":-0.145,""BR1_atr_distance"":{""score"":100.0},""BR2_compression"":{""score"":51.40259378223446},""BR3_retest"":{""score"":100},""BR4_bo_age"":{""score"":30.0},""_score"":77.35},""risk"":{""R1_stop_clarity"":{""score"":0},""R2_stop_distance_pct"":{""value"":1.0480130944803245,""score"":76.20032736200811},""R3_stop_distance_atr"":{""value"":0.558723379696433,""score"":52.93616898482165},""R4_rr_potential"":{""value"":-0.6883586406363054,""score"":0.0},""_score"":30.8},""market"":{""M1_spy_regime"":{""score"":100.0},""M3_earnings_risk"":{""value"":null,""score"":80.0},""M4_vix"":{""value"":null,""score"":60.0},""_score"":84.0},""liquidity"":{""L1_price"":{""value"":329.91,""score"":100.0},""L2_dollar_vol"":{""value"":4241119417.8059516,""score"":100.0},""L3_spread_proxy"":{""value"":0.017216816707586936,""score"":82.78318329241307},""L4_volume_zscore"":{""value"":1.7573298139348716,""score"":100.0},""_score"":98.28},""pattern_structure"":{""level"":329.01,""level_idx"":62,""breakout_idx"":68,""bo_peak_idx"":74,""bo_peak_price"":335.17,""retest_idx"":77,""retest_low"":329.75,""structural_low"":329.75,""current_price"":330.11,""neckline_distance_pct"":-0.0033322225924692457,""base_bars"":17,""bars_since_breakout"":11},""pattern_geometry_features"":{""retest_depth_atr"":-0.3680689525311874,""bars_breakout_to_retest"":9.0,""bars_since_retest"":2.0,""current_above_level_atr"":0.5471295240328508,""bo_peak_excess_pct"":0.018722835172183292,""atr_pct"":0.018757280124016527},""_schema_version"":""1.0""}",,,,,,,,,,
20260519T210226Z-93bc42,2026-05-19T21:02:26.159542+00:00,TTWO,ascending_triangle,forming,55.0,86.2,51.0,50.8,50.1,40.9,44.2,44.5,84.0,97.4,12.93,14.27,4.07,7.02,4.91,3.54,1.78,5.04,4.87,True,risk_unclear,238.14,246.2499,215.7544,273.4598,"{""trend"":{""T1_ema_stack"":{""value"":[true,true,false],""score"":66.66666666666666},""T2_ema50_slope"":{""value"":0.17645268164291858,""score"":79.40878027381976},""T3_high_proximity"":{""value"":0.9822636528625639,""score"":91.13182643128192},""T4_rs_1m"":{""value"":0.06288949270906574,""score"":100},""T5_rs_3m"":{""value"":0.12677687757274025,""score"":100},""T6_adr_healthy"":{""value"":2.8277932851574086,""score"":100.0},""_score"":86.22},""geometry"":{""sub_flat_top_quality"":66.7,""sub_hl_slope"":53.2,""sub_compression"":0,""sub_duration"":100.0,""_score"":50.97},""compression"":{""VC1_atr_ratio"":{""value"":0.5298604178598841,""score"":100},""VC2_range_contraction"":{""value"":1.1191005069343338,""score"":0},""VC3_range_pct_rank"":{""score"":43.333333333333336},""_score"":50.83},""sr_quality"":{""SR1_touches"":{""value"":2,""score"":25.0},""SR2_tightness"":{""value"":0.9549999999999983,""score"":74.47362592883931},""SR3_recency"":{""value"":327,""score"":0.0},""SR4_price_location"":{""score"":84.590490415733},""SR5_reaction"":{""value"":1.3758849270293183,""score"":68.79424635146592},""_score"":50.14,""_levels_found"":6,""_target_level"":241.235},""volume"":{""V1_rvol_day"":{""value"":1.0307800442385577,""score"":35.38533628257052},""V2_rvol_sameslot"":{""value"":1.2200804430513754,""score"":48.005362870091695,""status"":""ok""},""V3_breakout_bar"":{""value"":0.9758526201691963,""score"":31.72350801127975},""V4_base_dryup"":{""value"":0.6987329393970473,""score"":80.12670606029528},""V5_bo_expansion"":{""value"":1.0307800442385577,""score"":2.052002949237182},""_score"":40.94},""readiness"":{""_distance_atr"":1.084,""BR1_atr_distance"":{""score"":27.74298740673413},""BR2_compression"":{""score"":62.570952407413436},""BR3_retest"":{""score"":50.0},""BR4_bo_age"":{""score"":50.0},""_score"":44.24},""risk"":{""R1_stop_clarity"":{""score"":12.17858152020301},""R2_stop_distance_pct"":{""value"":9.400184765264136,""score"":64.99538086839661},""R3_stop_distance_atr"":{""value"":2.9917444995150575,""score"":100.0},""R4_rr_potential"":{""value"":1.5777910799799857,""score"":28.889553998999283},""_score"":44.54},""market"":{""M1_spy_regime"":{""score"":100.0},""M3_earnings_risk"":{""value"":null,""score"":80.0},""M4_vix"":{""value"":null,""score"":60.0},""_score"":84.0},""liquidity"":{""L1_price"":{""value"":238.14,""score"":100.0},""L2_dollar_vol"":{""value"":417136010.12632453,""score"":100.0},""L3_spread_proxy"":{""value"":0.02628705803308974,""score"":73.71294196691025},""L4_volume_zscore"":{""value"":0.0862959487814219,""score"":100.0},""_score"":97.37},""pattern_structure"":{""top"":246.2499,""top_touches"":3,""low_slope_per_bar"":0.34941475826971796,""lowest_low"":219.04,""structural_low"":219.04,""current_price"":239.2299,""neckline_distance_pct"":0.029344158067198166,""base_bars"":36},""pattern_geometry_features"":{""top_touches"":3.0,""low_slope"":0.34941475826971796,""compression"":-0.2602639690088071,""atr_pct"":0.03142041296236308},""_schema_version"":""1.0""}",,,,,,,,,,
20260519T210226Z-93bc42,2026-05-19T21:02:26.159542+00:00,EXE,ascending_triangle,breakout_confirmed,55.0,42.1,76.0,64.8,52.2,51.0,43.0,45.0,84.0,97.8,6.32,21.29,5.19,7.31,6.12,3.44,1.8,5.04,4.89,True,risk_unclear,100.89,98.815,94.8555,101.33,"{""trend"":{""T1_ema_stack"":{""value"":[true,false,false],""score"":33.33333333333333},""T2_ema50_slope"":{""value"":-0.15888459571759475,""score"":23.51923404706754},""T3_high_proximity"":{""value"":0.8856214887640449,""score"":42.81074438202243},""T4_rs_1m"":{""value"":0.021482789095312205,""score"":71.4827890953122},""T5_rs_3m"":{""value"":-0.055359219715737984,""score"":22.320390142131007},""T6_adr_healthy"":{""value"":2.334358452894623,""score"":100.0},""_score"":42.1},""geometry"":{""sub_flat_top_quality"":100,""sub_hl_slope"":50.4,""sub_compression"":63.7,""sub_duration"":100.0,""_score"":76.05},""compression"":{""VC1_atr_ratio"":{""value"":0.33083813382942273,""score"":100},""VC2_range_contraction"":{""value"":0.902591848235697,""score"":16.23469196071716},""VC3_range_pct_rank"":{""score"":76.66666666666666},""_score"":64.85},""sr_quality"":{""SR1_touches"":{""value"":3,""score"":50.0},""SR2_tightness"":{""value"":0.3968696959400577,""score"":68.07245104476206},""SR3_recency"":{""value"":236,""score"":0.0},""SR4_price_location"":{""score"":48.02784222737829},""SR5_reaction"":{""value"":3.2688883844899213,""score"":100},""_score"":52.22,""_levels_found"":6,""_target_level"":103.5033},""volume"":{""V1_rvol_day"":{""value"":1.1158620982806777,""score"":41.05747321871185},""V2_rvol_sameslot"":{""value"":1.2257183750242453,""score"":48.38122500161635,""status"":""ok""},""V3_breakout_bar"":{""value"":1.4069268734330347,""score"":60.461791562202315},""V4_base_dryup"":{""value"":0.6598614136121469,""score"":84.01385863878531},""V5_bo_expansion"":{""value"":1.1158620982806777,""score"":7.7241398853785155},""_score"":50.96},""readiness"":{""_distance_atr"":-0.835,""BR1_atr_distance"":{""score"":43.30694815959821},""BR2_compression"":{""score"":32.922550307275145},""BR3_retest"":{""score"":50.0},""BR4_bo_age"":{""score"":50.0},""_score"":43.05},""risk"":{""R1_stop_clarity"":{""score"":0},""R2_stop_distance_pct"":{""value"":5.9812667261373855,""score"":100.0},""R3_stop_distance_atr"":{""value"":2.4273306344796297,""score"":100.0},""R4_rr_potential"":{""value"":0.07291407738834985,""score"":0.0},""_score"":45.0},""market"":{""M1_spy_regime"":{""score"":100.0},""M3_earnings_risk"":{""value"":null,""score"":80.0},""M4_vix"":{""value"":null,""score"":60.0},""_score"":84.0},""liquidity"":{""L1_price"":{""value"":100.89,""score"":100.0},""L2_dollar_vol"":{""value"":314263180.63888407,""score"":100.0},""L3_spread_proxy"":{""value"":0.022499752205372148,""score"":77.50024779462785},""L4_volume_zscore"":{""value"":0.40855788668953585,""score"":100.0},""_score"":97.75},""pattern_structure"":{""top"":98.815,""top_touches"":4,""low_slope_per_bar"":0.14566878980891668,""lowest_low"":96.3,""structural_low"":96.3,""current_price"":100.72,""neckline_distance_pct"":-0.01891382049245434,""base_bars"":22},""pattern_geometry_features"":{""top_touches"":4.0,""low_slope"":0.14566878980891668,""compression"":0.31860885915375026,""atr_pct"":0.02464133497585774},""_schema_version"":""1.0""}",,,,,,,,,,
20260519T210226Z-93bc42,2026-05-19T21:02:26.159542+00:00,HQY,bull_flag,forming,55.0,54.9,60.9,57.6,77.7,35.7,64.3,54.9,84.0,95.3,7.69,18.28,5.18,7.77,5.0,5.79,1.65,5.04,4.76,True,risk_unclear,84.65,84.9699,82.3164,90.2498,"{""trend"":{""T1_ema_stack"":{""value"":[true,true,false],""score"":66.66666666666666},""T2_ema50_slope"":{""value"":0.0020346186911243064,""score"":50.339103115187385},""T3_high_proximity"":{""value"":0.9805397891810496,""score"":90.26989459052476},""T4_rs_1m"":{""value"":-0.05474918248618155,""score"":0},""T5_rs_3m"":{""value"":0.02865709190907162,""score"":64.32854595453581},""T6_adr_healthy"":{""value"":3.5375060729737915,""score"":100.0},""_score"":54.92},""geometry"":{""sub_pole_impulse"":32.6,""sub_flag_tightness"":65.7,""sub_flag_shallowness"":50.3,""sub_flag_drift"":97.8,""sub_flag_duration"":100.0,""_score"":60.94},""compression"":{""VC1_atr_ratio"":{""value"":0.4047865114917967,""score"":100},""VC2_range_contraction"":{""value"":0.7736170074454624,""score"":37.730498759089606},""VC3_range_pct_rank"":{""score"":17.500000000000004},""_score"":57.58},""sr_quality"":{""SR1_touches"":{""value"":5,""score"":100},""SR2_tightness"":{""value"":0.4624716207509379,""score"":61.985323435134006},""SR3_recency"":{""value"":230,""score"":0.0},""SR4_price_location"":{""score"":93.5054121565365},""SR5_reaction"":{""value"":2.7797133018433096,""score"":100},""_score"":77.67,""_levels_found"":8,""_target_level"":84.78},""volume"":{""V1_rvol_day"":{""value"":1.4119005815378387,""score"":60.79337210252258},""V2_rvol_sameslot"":{""value"":1.1387732560202732,""score"":42.58488373468488,""status"":""ok""},""V3_breakout_bar"":{""value"":0.9075129072288062,""score"":27.167527148587077},""V4_base_dryup"":{""value"":1.2950458129550668,""score"":20.495418704493318},""V5_bo_expansion"":{""value"":1.4119005815378391,""score"":27.460038769189275},""_score"":35.69},""readiness"":{""_distance_atr"":0.131,""BR1_atr_distance"":{""score"":91.23485313300306},""BR2_compression"":{""score"":41.16188527121128},""BR3_retest"":{""score"":50.0},""BR4_bo_age"":{""score"":50.0},""_score"":64.28},""risk"":{""R1_stop_clarity"":{""score"":0},""R2_stop_distance_pct"":{""value"":2.7567040756054535,""score"":100.0},""R3_stop_distance_atr"":{""value"":0.9590766710604022,""score"":72.9538335530201},""R4_rr_potential"":{""value"":2.399691457221807,""score"":69.98457286109034},""_score"":54.94},""market"":{""M1_spy_regime"":{""score"":100.0},""M3_earnings_risk"":{""value"":null,""score"":80.0},""M4_vix"":{""value"":null,""score"":60.0},""_score"":84.0},""liquidity"":{""L1_price"":{""value"":84.65,""score"":100.0},""L2_dollar_vol"":{""value"":104988733.87369491,""score"":100.0},""L3_spread_proxy"":{""value"":0.04737034849379801,""score"":52.62965150620199},""L4_volume_zscore"":{""value"":1.4536189206818548,""score"":100.0},""_score"":95.26},""pattern_structure"":{""pole_low"":79.69,""pole_low_idx"":30,""peak_price"":84.9699,""peak_idx"":54,""pole_gain"":0.06625549002384236,""flag_bars"":5,""flag_low"":83.57,""flag_high"":84.73,""structural_low"":83.57,""current_price"":84.015,""neckline_distance_pct"":0.011365827530798012,""base_bars"":5},""pattern_geometry_features"":{""pole_gain"":0.06625549002384236,""pullback_pct"":0.016475245940032912,""flag_range_pct"":0.013651893199827361,""flag_drift_per_bar"":-0.0004403975480570032,""atr_pct"":0.02874331280060755,""pole_atr_multiple"":2.3050749398114583},""_schema_version"":""1.0""}",,,,,,,,,,
20260519T210226Z-93bc42,2026-05-19T21:02:26.159542+00:00,OMCL,double_bottom,forming,55.0,94.7,58.2,72.1,58.3,24.5,55.5,59.1,84.0,82.1,14.2,14.54,5.77,8.16,3.19,4.44,3.54,5.04,4.11,True,risk_unclear,43.82,45.0,41.8231,47.54,"{""trend"":{""T1_ema_stack"":{""value"":[true,true,true],""score"":100.0},""T2_ema50_slope"":{""value"":0.3697455181126957,""score"":100},""T3_high_proximity"":{""value"":0.962865304328719,""score"":81.43265216435947},""T4_rs_1m"":{""value"":0.12397028759202833,""score"":100},""T5_rs_3m"":{""value"":0.06581383805297891,""score"":82.90691902648945},""T6_adr_healthy"":{""value"":4.552049303396233,""score"":100.0},""_score"":94.65},""geometry"":{""sub_low_similarity"":66.8,""sub_bounce_quality"":42.6,""sub_separation_fit"":0.0,""sub_right_bottom_reaction"":64.0,""sub_base_context"":100.0,""_score"":58.16},""compression"":{""VC1_atr_ratio"":{""value"":0.27280194504049854,""score"":100},""VC2_range_contraction"":{""value"":0.6706337481910241,""score"":54.89437530149599},""VC3_range_pct_rank"":{""score"":51.66666666666666},""_score"":72.13},""sr_quality"":{""SR1_touches"":{""value"":4,""score"":75.0},""SR2_tightness"":{""value"":0.4343026018803011,""score"":46.26796549685428},""SR3_recency"":{""value"":231,""score"":0.0},""SR4_price_location"":{""score"":55.44973544973545},""SR5_reaction"":{""value"":2.163821100491787,""score"":100},""_score"":58.3,""_levels_found"":5,""_target_level"":44.8725},""volume"":{""V1_rvol_day"":{""value"":0.6367934260962695,""score"":9.119561739751303},""V2_rvol_sameslot"":{""value"":0.4638422786680314,""score"":0,""status"":""ok""},""V3_breakout_bar"":{""value"":1.1380027913633903,""score"":42.53351942422602},""V4_base_dryup"":{""value"":0.8980882372926222,""score"":60.19117627073778},""V5_bo_expansion"":{""value"":0.6367934260962695,""score"":0},""_score"":24.5},""readiness"":{""_distance_atr"":0.73,""BR1_atr_distance"":{""score"":51.33669440062686},""BR2_compression"":{""score"":69.90741882757263},""BR3_retest"":{""score"":50.0},""BR4_bo_age"":{""score"":50.0},""_score"":55.51},""risk"":{""R1_stop_clarity"":{""score"":21.202561009557755},""R2_stop_distance_pct"":{""value"":4.5570515746234515,""score"":100.0},""R3_stop_distance_atr"":{""value"":1.2352850205684924,""score"":86.76425102842462},""R4_rr_potential"":{""value"":1.8628874755871627,""score"":43.14437377935813},""_score"":59.06},""market"":{""M1_spy_regime"":{""score"":100.0},""M3_earnings_risk"":{""value"":null,""score"":80.0},""M4_vix"":{""value"":null,""score"":60.0},""_score"":84.0},""liquidity"":{""L1_price"":{""value"":43.82,""score"":100.0},""L2_dollar_vol"":{""value"":19148360.33045768,""score"":64.10657956817735},""L3_spread_proxy"":{""value"":0.035143769968051096,""score"":64.85623003194891},""L4_volume_zscore"":{""value"":-0.5303703189103111,""score"":100.0},""_score"":82.13},""pattern_structure"":{""left_low"":43.17,""left_idx"":24,""right_low"":42.46,""right_idx"":74,""separation_bars"":50,""structural_low"":42.46,""current_price"":43.68,""neckline_distance_pct"":0.030219780219780227,""base_bars"":50},""pattern_geometry_features"":{""low_similarity_pct"":0.016582973257036105,""bounce_pct"":0.05982100800753648,""right_bottom_reaction"":0.6396396396396408,""atr_pct"":0.036890689183021456},""_schema_version"":""1.0""}",,,,,,,,,,
20260519T210226Z-93bc42,2026-05-19T21:02:26.159542+00:00,OMCL,cup_with_handle,forming,55.0,94.7,62.6,72.1,58.3,12.5,56.0,70.4,84.0,82.1,13.25,18.77,5.77,7.0,1.62,4.48,3.52,4.2,4.11,True,risk_unclear,43.82,44.97,41.8231,58.58,"{""trend"":{""T1_ema_stack"":{""value"":[true,true,true],""score"":100.0},""T2_ema50_slope"":{""value"":0.3697455181126957,""score"":100},""T3_high_proximity"":{""value"":0.962865304328719,""score"":81.43265216435947},""T4_rs_1m"":{""value"":0.12397028759202833,""score"":100},""T5_rs_3m"":{""value"":0.06581383805297891,""score"":82.90691902648945},""T6_adr_healthy"":{""value"":4.552049303396233,""score"":100.0},""_score"":94.65},""geometry"":{""sub_cup_depth"":80.0,""sub_cup_duration"":12.0,""sub_rim_symmetry"":82.8,""sub_handle_shallowness"":53.5,""sub_handle_proportion"":98.7,""sub_u_shape"":51.0,""_score"":62.58},""compression"":{""VC1_atr_ratio"":{""value"":0.27280194504049854,""score"":100},""VC2_range_contraction"":{""value"":0.6706337481910241,""score"":54.89437530149599},""VC3_range_pct_rank"":{""score"":51.66666666666666},""_score"":72.13},""sr_quality"":{""SR1_touches"":{""value"":4,""score"":75.0},""SR2_tightness"":{""value"":0.4343026018803011,""score"":46.26796549685428},""SR3_recency"":{""value"":231,""score"":0.0},""SR4_price_location"":{""score"":55.44973544973545},""SR5_reaction"":{""value"":2.163821100491787,""score"":100},""_score"":58.3,""_levels_found"":5,""_target_level"":44.8725},""volume"":{""V1_rvol_day"":{""value"":0.6367934260962695,""score"":9.119561739751303},""V2_rvol_sameslot"":{""value"":0.4638422786680314,""score"":0,""status"":""ok""},""V3_breakout_bar"":{""value"":1.1380027913633903,""score"":42.53351942422602},""V4_base_dryup"":{""value"":1.6733353392481578,""score"":0},""V5_bo_expansion"":{""value"":0.6367934260962695,""score"":0},""_score"":12.46},""readiness"":{""_distance_atr"":0.711,""BR1_atr_distance"":{""score"":52.573897085356734},""BR2_compression"":{""score"":69.90741882757263},""BR3_retest"":{""score"":50.0},""BR4_bo_age"":{""score"":50.0},""_score"":56.01},""risk"":{""R1_stop_clarity"":{""score"":21.202561009557755},""R2_stop_distance_pct"":{""value"":4.5570515746234515,""score"":100.0},""R3_stop_distance_atr"":{""value"":1.2352850205684924,""score"":86.76425102842462},""R4_rr_potential"":{""value"":7.391456757974873,""score"":100.0},""_score"":70.44},""market"":{""M1_spy_regime"":{""score"":100.0},""M3_earnings_risk"":{""value"":null,""score"":80.0},""M4_vix"":{""value"":null,""score"":60.0},""_score"":84.0},""liquidity"":{""L1_price"":{""value"":43.82,""score"":100.0},""L2_dollar_vol"":{""value"":19148360.33045768,""score"":64.10657956817735},""L3_spread_proxy"":{""value"":0.035143769968051096,""score"":64.85623003194891},""L4_volume_zscore"":{""value"":-0.5303703189103111,""score"":100.0},""_score"":82.13},""pattern_structure"":{""left_rim"":45.36,""left_rim_idx"":69,""cup_bottom"":31.75,""cup_bottom_idx"":145,""right_rim"":44.97,""right_rim_idx"":171,""handle_low"":42.46,""handle_bars"":8,""cup_bars"":102,""structural_low"":42.46,""current_price"":43.82,""neckline_distance_pct"":0.026243724326791385,""base_bars"":110},""pattern_geometry_features"":{""cup_depth_pct"":0.30004409171075835,""rim_symmetry_pct"":0.008597883597883611,""handle_depth_pct"":0.05581498776962415,""handle_to_cup_ratio"":0.0784313725490196,""cup_duration_bars"":102.0,""atr_pct"":0.036890689183021456,""u_shape_score"":0.2549019607843137},""_schema_version"":""1.0""}",,,,,,,,,,
20260519T210226Z-93bc42,2026-05-19T21:02:26.159542+00:00,CEPT,double_bottom,breakout_confirmed,55.0,91.6,60.6,11.3,44.4,53.9,61.2,37.5,84.0,80.2,13.74,15.16,0.9,6.21,7.01,4.9,2.25,5.04,4.01,True,risk_unclear,12.68,12.48,11.3768,13.41,"{""trend"":{""T1_ema_stack"":{""value"":[true,true,true],""score"":100.0},""T2_ema50_slope"":{""value"":0.17719792811099475,""score"":79.53298801849913},""T3_high_proximity"":{""value"":1.0,""score"":99.99999999999997},""T4_rs_1m"":{""value"":0.11326175297045005,""score"":100},""T5_rs_3m"":{""value"":0.042180575155912337,""score"":71.09028757795616},""T6_adr_healthy"":{""value"":3.375959968861871,""score"":100.0},""_score"":91.57},""geometry"":{""sub_low_similarity"":55.5,""sub_bounce_quality"":72.2,""sub_separation_fit"":0.0,""sub_right_bottom_reaction"":63.6,""sub_base_context"":100.0,""_score"":60.63},""compression"":{""VC1_atr_ratio"":{""value"":0.9077153554680839,""score"":23.07116113297902},""VC2_range_contraction"":{""value"":1.5253185430634109,""score"":0},""VC3_range_pct_rank"":{""score"":8.333333333333337},""_score"":11.31},""sr_quality"":{""SR1_touches"":{""value"":2,""score"":25.0},""SR2_tightness"":{""value"":0.009999999999999787,""score"":95.80606024294903},""SR3_recency"":{""value"":199,""score"":0.0},""SR4_price_location"":{""score"":30.0},""SR5_reaction"":{""value"":2.170258975779997,""score"":100},""_score"":44.37,""_levels_found"":3,""_target_level"":11.65},""volume"":{""V1_rvol_day"":{""value"":2.219619507173605,""score"":100},""V2_rvol_sameslot"":{""value"":1.5280284331068545,""score"":68.5352288737903,""status"":""ok""},""V3_breakout_bar"":{""value"":0.4988668601674226,""score"":0},""V4_base_dryup"":{""value"":1.100787086994041,""score"":39.9212913005959},""V5_bo_expansion"":{""value"":2.2196195071736056,""score"":81.30796714490704},""_score"":53.89},""readiness"":{""_distance_atr"":-0.419,""BR1_atr_distance"":{""score"":100.0},""BR2_compression"":{""score"":15.011886154624731},""BR3_retest"":{""score"":50.0},""BR4_bo_age"":{""score"":50.0},""_score"":61.25},""risk"":{""R1_stop_clarity"":{""score"":27.339993709090578},""R2_stop_distance_pct"":{""value"":10.277996845425855,""score"":43.050078864353615},""R3_stop_distance_atr"":{""value"":2.7328759941883947,""score"":100.0},""R4_rr_potential"":{""value"":0.5601381162478429,""score"":0.0},""_score"":37.48},""market"":{""M1_spy_regime"":{""score"":100.0},""M3_earnings_risk"":{""value"":null,""score"":80.0},""M4_vix"":{""value"":null,""score"":60.0},""_score"":84.0},""liquidity"":{""L1_price"":{""value"":12.68,""score"":100.0},""L2_dollar_vol"":{""value"":19435165.57399948,""score"":64.4294122433939},""L3_spread_proxy"":{""value"":0.055205047318612074,""score"":44.794952681387926},""L4_volume_zscore"":{""value"":1.9814770438050673,""score"":100.0},""_score"":80.25},""pattern_structure"":{""left_low"":11.55,""left_idx"":22,""right_low"":11.81,""right_idx"":70,""separation_bars"":48,""structural_low"":11.55,""current_price"":12.77,""neckline_distance_pct"":-0.02270947533281121,""base_bars"":48},""pattern_geometry_features"":{""low_similarity_pct"":0.02226027397260272,""bounce_pct"":0.08051948051948049,""right_bottom_reaction"":0.6363636363636422,""atr_pct"":0.0376087201442091},""_schema_version"":""1.0""}",,,,,,,,,,
20260519T210226Z-93bc42,2026-05-19T21:02:26.159542+00:00,CTRE,bull_flag,absent,55.0,73.5,46.5,38.0,39.5,78.1,38.2,63.3,84.0,90.4,10.29,13.94,3.42,3.95,10.93,3.44,1.9,5.04,4.52,True,risk_unclear,41.25,43.08,39.9319,46.78,"{""trend"":{""T1_ema_stack"":{""value"":[true,true,true],""score"":100.0},""T2_ema50_slope"":{""value"":0.1193719155326651,""score"":69.89531925544418},""T3_high_proximity"":{""value"":0.9719604147031103,""score"":85.98020735155515},""T4_rs_1m"":{""value"":0.011134163797000163,""score"":61.13416379700016},""T5_rs_3m"":{""value"":-0.04172803661218327,""score"":29.135981693908363},""T6_adr_healthy"":{""value"":2.4349596801110063,""score"":100.0},""_score"":73.47},""geometry"":{""sub_pole_impulse"":69.0,""sub_flag_tightness"":20.5,""sub_flag_shallowness"":0,""sub_flag_drift"":96.0,""sub_flag_duration"":62.5,""_score"":46.47},""compression"":{""VC1_atr_ratio"":{""value"":0.7488596181991063,""score"":62.78509545022343},""VC2_range_contraction"":{""value"":1.2078136481425858,""score"":0},""VC3_range_pct_rank"":{""score"":51.66666666666666},""_score"":38.03},""sr_quality"":{""SR1_touches"":{""value"":2,""score"":25.0},""SR2_tightness"":{""value"":0.19000000000000128,""score"":63.119584055459065},""SR3_recency"":{""value"":269,""score"":0.0},""SR4_price_location"":{""score"":30.0},""SR5_reaction"":{""value"":3.4357019064124734,""score"":100},""_score"":39.47,""_levels_found"":5,""_target_level"":41.17},""volume"":{""V1_rvol_day"":{""value"":3.8617239730210713,""score"":100},""V2_rvol_sameslot"":{""value"":2.2362870697625112,""score"":100,""status"":""ok""},""V3_breakout_bar"":{""value"":0.7619778824916125,""score"":17.4651921661075},""V4_base_dryup"":{""value"":0.5647244013459829,""score"":93.52755986540171},""V5_bo_expansion"":{""value"":3.8617239730210713,""score"":100},""_score"":78.07},""readiness"":{""_distance_atr"":1.776,""BR1_atr_distance"":{""score"":0},""BR2_compression"":{""score"":82.9906233031124},""BR3_retest"":{""score"":50.0},""BR4_bo_age"":{""score"":50.0},""_score"":38.25},""risk"":{""R1_stop_clarity"":{""score"":0},""R2_stop_distance_pct"":{""value"":3.1953939393939423,""score"":100.0},""R3_stop_distance_atr"":{""value"":1.2792651646447137,""score"":88.96325823223569},""R4_rr_potential"":{""value"":4.1954328199681274,""score"":100.0},""_score"":63.34},""market"":{""M1_spy_regime"":{""score"":100.0},""M3_earnings_risk"":{""value"":null,""score"":80.0},""M4_vix"":{""value"":null,""score"":60.0},""_score"":84.0},""liquidity"":{""L1_price"":{""value"":41.25,""score"":100.0},""L2_dollar_vol"":{""value"":373471575.66340876,""score"":100.0},""L3_spread_proxy"":{""value"":0.02060606060606064,""score"":79.39393939393936},""L4_volume_zscore"":{""value"":3.9215207670399317,""score"":70.0},""_score"":90.44},""pattern_structure"":{""pole_low"":39.38,""pole_low_idx"":11,""peak_price"":43.08,""peak_idx"":36,""pole_gain"":0.09395632300660223,""flag_bars"":23,""flag_low"":40.54,""flag_high"":42.47,""structural_low"":40.54,""current_price"":41.215,""neckline_distance_pct"":0.04525051558898446,""base_bars"":23},""pattern_geometry_features"":{""pole_gain"":0.09395632300660223,""pullback_pct"":0.058960074280408524,""flag_range_pct"":0.0448003714020427,""flag_drift_per_bar"":-0.0008090467465747825,""atr_pct"":0.02497835497835501,""pole_atr_multiple"":3.761509638565873},""_schema_version"":""1.0""}",,,,,,,,,,
20260519T210226Z-93bc42,2026-05-19T21:02:26.159542+00:00,CTRE,cup_with_handle,breakout_confirmed,55.0,73.5,67.3,38.0,39.5,67.5,52.5,49.7,84.0,90.4,10.29,20.18,3.04,4.74,8.77,4.2,2.49,4.2,4.52,True,risk_unclear,41.25,40.0,38.218,45.71,"{""trend"":{""T1_ema_stack"":{""value"":[true,true,true],""score"":100.0},""T2_ema50_slope"":{""value"":0.1193719155326651,""score"":69.89531925544418},""T3_high_proximity"":{""value"":0.9719604147031103,""score"":85.98020735155515},""T4_rs_1m"":{""value"":0.011134163797000163,""score"":61.13416379700016},""T5_rs_3m"":{""value"":-0.04172803661218327,""score"":29.135981693908363},""T6_adr_healthy"":{""value"":2.4349596801110063,""score"":100.0},""_score"":73.47},""geometry"":{""sub_cup_depth"":58.1,""sub_cup_duration"":100.0,""sub_rim_symmetry"":34.2,""sub_handle_shallowness"":75.0,""sub_handle_proportion"":50.0,""sub_u_shape"":92.0,""_score"":67.26},""compression"":{""VC1_atr_ratio"":{""value"":0.7488596181991063,""score"":62.78509545022343},""VC2_range_contraction"":{""value"":1.2078136481425858,""score"":0},""VC3_range_pct_rank"":{""score"":51.66666666666666},""_score"":38.03},""sr_quality"":{""SR1_touches"":{""value"":2,""score"":25.0},""SR2_tightness"":{""value"":0.19000000000000128,""score"":63.119584055459065},""SR3_recency"":{""value"":269,""score"":0.0},""SR4_price_location"":{""score"":30.0},""SR5_reaction"":{""value"":3.4357019064124734,""score"":100},""_score"":39.47,""_levels_found"":5,""_target_level"":41.17},""volume"":{""V1_rvol_day"":{""value"":3.8617239730210713,""score"":100},""V2_rvol_sameslot"":{""value"":2.2362870697625112,""score"":100,""status"":""ok""},""V3_breakout_bar"":{""value"":0.7619778824916125,""score"":17.4651921661075},""V4_base_dryup"":{""value"":1.0959878785033392,""score"":40.40121214966608},""V5_bo_expansion"":{""value"":3.8617239730210713,""score"":100},""_score"":67.45},""readiness"":{""_distance_atr"":-1.213,""BR1_atr_distance"":{""score"":35.73656845753902},""BR2_compression"":{""score"":82.9906233031124},""BR3_retest"":{""score"":50.0},""BR4_bo_age"":{""score"":50.0},""_score"":52.54},""risk"":{""R1_stop_clarity"":{""score"":0},""R2_stop_distance_pct"":{""value"":7.3503030303030386,""score"":100.0},""R3_stop_distance_atr"":{""value"":2.942668977469671,""score"":100.0},""R4_rr_potential"":{""value"":1.4709762532981516,""score"":23.54881266490758},""_score"":49.71},""market"":{""M1_spy_regime"":{""score"":100.0},""M3_earnings_risk"":{""value"":null,""score"":80.0},""M4_vix"":{""value"":null,""score"":60.0},""_score"":84.0},""liquidity"":{""L1_price"":{""value"":41.25,""score"":100.0},""L2_dollar_vol"":{""value"":373471575.66340876,""score"":100.0},""L3_spread_proxy"":{""value"":0.02060606060606064,""score"":79.39393939393936},""L4_volume_zscore"":{""value"":3.9215207670399317,""score"":70.0},""_score"":90.44},""pattern_structure"":{""left_rim"":41.36,""left_rim_idx"":115,""cup_bottom"":35.65,""cup_bottom_idx"":138,""right_rim"":40.0,""right_rim_idx"":165,""handle_low"":38.8,""handle_bars"":14,""cup_bars"":50,""structural_low"":38.8,""current_price"":41.25,""neckline_distance_pct"":-0.030303030303030304,""base_bars"":64},""pattern_geometry_features"":{""cup_depth_pct"":0.1380560928433269,""rim_symmetry_pct"":0.032882011605415845,""handle_depth_pct"":0.030000000000000072,""handle_to_cup_ratio"":0.28,""cup_duration_bars"":50.0,""atr_pct"":0.02497835497835501,""u_shape_score"":0.46},""_schema_version"":""1.0""}",,,,,,,,,,
20260519T210226Z-93bc42,2026-05-19T21:02:26.159542+00:00,SNOW,breakout_retest_hold,setup,54.95,44.2,56.4,53.4,58.0,40.4,54.4,59.4,84.0,93.9,6.19,12.42,3.2,8.11,5.25,9.79,2.97,4.2,2.82,False,,169.55,165.06,165.0429,161.76,"{""trend"":{""T1_ema_stack"":{""value"":[true,false,false],""score"":33.33333333333333},""T2_ema50_slope"":{""value"":-0.2602225597070257,""score"":6.629573382162384},""T3_high_proximity"":{""value"":0.9273134981404507,""score"":63.65674907022534},""T4_rs_1m"":{""value"":0.09173841466619104,""score"":100},""T5_rs_3m"":{""value"":-0.10621071260628323,""score"":0},""T6_adr_healthy"":{""value"":4.77437121781615,""score"":100.0},""_score"":44.21},""geometry"":{""sub_retest_depth"":0.0,""sub_retest_timing"":100.0,""sub_retest_freshness"":100.0,""sub_hold_quality"":54.8,""_score"":56.44},""compression"":{""VC1_atr_ratio"":{""value"":0.4914622887882781,""score"":100},""VC2_range_contraction"":{""value"":0.8423261394207905,""score"":26.27897676320159},""VC3_range_pct_rank"":{""score"":16.666666666666664},""_score"":53.36},""sr_quality"":{""SR1_touches"":{""value"":4,""score"":75.0},""SR2_tightness"":{""value"":1.698315341743107,""score"":61.54223869178039},""SR3_recency"":{""value"":270,""score"":0.0},""SR4_price_location"":{""score"":44.863003873188944},""SR5_reaction"":{""value"":2.568186688987825,""score"":100},""_score"":57.95,""_levels_found"":6,""_target_level"":185.565},""volume"":{""V1_rvol_day"":{""value"":1.6502033079308829,""score"":76.68022052872553},""V2_rvol_sameslot"":{""value"":1.3235921176631105,""score"":54.906141177540704,""status"":""ok""},""V3_breakout_bar"":{""value"":0.5815072010733767,""score"":5.433813404891782},""V4_base_dryup"":{""value"":1.1906771782552978,""score"":30.932282174470217},""V5_bo_expansion"":{""value"":1.6502033079308829,""score"":43.34688719539219},""_score"":40.36},""readiness"":{""_distance_atr"":-0.508,""BR1_atr_distance"":{""score"":49.8325508797043},""BR2_compression"":{""score"":9.882703418863178},""BR3_retest"":{""score"":100},""BR4_bo_age"":{""score"":80},""_score"":54.4},""risk"":{""R1_stop_clarity"":{""score"":62.249099268496714},""R2_stop_distance_pct"":{""value"":2.658271896195817,""score"":100.0},""R3_stop_distance_atr"":{""value"":0.5103085738316786,""score"":50.51542869158393},""R4_rr_potential"":{""value"":-1.728384105078655,""score"":0.0},""_score"":59.36},""market"":{""M1_spy_regime"":{""score"":100.0},""M3_earnings_risk"":{""value"":null,""score"":80.0},""M4_vix"":{""value"":null,""score"":60.0},""_score"":84.0},""liquidity"":{""L1_price"":{""value"":169.55,""score"":100.0},""L2_dollar_vol"":{""value"":2081318913.043318,""score"":100.0},""L3_spread_proxy"":{""value"":0.06057210262459441,""score"":39.42789737540559},""L4_volume_zscore"":{""value"":1.700820687115908,""score"":100.0},""_score"":93.94},""pattern_structure"":{""level"":165.06,""level_idx"":68,""breakout_idx"":74,""bo_peak_idx"":74,""bo_peak_price"":176.98,""retest_idx"":76,""retest_low"":166.71,""structural_low"":166.71,""current_price"":170.095,""neckline_distance_pct"":-0.029601105264704997,""base_bars"":11,""bars_since_breakout"":5},""pattern_geometry_features"":{""retest_depth_atr"":-0.44609837724473606,""bars_breakout_to_retest"":2.0,""bars_since_retest"":3.0,""current_above_level_atr"":1.3612759572286284,""bo_peak_excess_pct"":0.07221616381921718,""atr_pct"":0.05209146058895393},""_schema_version"":""1.0""}",,,,,,,,,,
20260519T210226Z-93bc42,2026-05-19T21:02:26.159542+00:00,ADSK,double_bottom,forming,54.74,40.2,65.3,53.7,55.7,33.4,27.7,64.5,84.0,96.7,6.03,16.32,4.3,7.79,4.34,2.22,3.87,5.04,4.83,True,risk_unclear,244.16,255.135,231.1302,275.62,"{""trend"":{""T1_ema_stack"":{""value"":[true,false,false],""score"":33.33333333333333},""T2_ema50_slope"":{""value"":-0.044035044417795544,""score"":42.66082593036741},""T3_high_proximity"":{""value"":0.9244282901711343,""score"":62.21414508556711},""T4_rs_1m"":{""value"":-0.03997691753164756,""score"":10.023082468352442},""T5_rs_3m"":{""value"":-0.006358691157941632,""score"":46.82065442102918},""T6_adr_healthy"":{""value"":3.151669842110858,""score"":100.0},""_score"":40.23},""geometry"":{""sub_low_similarity"":54.9,""sub_bounce_quality"":81.9,""sub_separation_fit"":0.0,""sub_right_bottom_reaction"":82.9,""sub_base_context"":100.0,""_score"":65.28},""compression"":{""VC1_atr_ratio"":{""value"":0.5373662948327245,""score"":100},""VC2_range_contraction"":{""value"":0.9185241392808343,""score"":13.57931011986095},""VC3_range_pct_rank"":{""score"":35.83333333333333},""_score"":53.71},""sr_quality"":{""SR1_touches"":{""value"":2,""score"":25.0},""SR2_tightness"":{""value"":1.1599999999999966,""score"":72.07522837184317},""SR3_recency"":{""value"":252,""score"":0.0},""SR4_price_location"":{""score"":89.40366162359445},""SR5_reaction"":{""value"":3.7198925308973707,""score"":100},""_score"":55.66,""_levels_found"":5,""_target_level"":245.96},""volume"":{""V1_rvol_day"":{""value"":1.1010604197919824,""score"":40.07069465279883},""V2_rvol_sameslot"":{""value"":0.9150009939141847,""score"":27.66673292761231,""status"":""ok""},""V3_breakout_bar"":{""value"":0.8241695691151535,""score"":21.6113046076769},""V4_base_dryup"":{""value"":0.8299191662531072,""score"":67.00808337468928},""V5_bo_expansion"":{""value"":1.1010604197919824,""score"":6.737361319465496},""_score"":33.36},""readiness"":{""_distance_atr"":1.321,""BR1_atr_distance"":{""score"":11.932652695683316},""BR2_compression"":{""score"":21.70733643803824},""BR3_retest"":{""score"":50.0},""BR4_bo_age"":{""score"":50.0},""_score"":27.7},""risk"":{""R1_stop_clarity"":{""score"":15.26878022568468},""R2_stop_distance_pct"":{""value"":5.336562090432507,""score"":100.0},""R3_stop_distance_atr"":{""value"":1.5683310048361112,""score"":100.0},""R4_rr_potential"":{""value"":2.414474567815959,""score"":70.72372839079794},""_score"":64.49},""market"":{""M1_spy_regime"":{""score"":100.0},""M3_earnings_risk"":{""value"":null,""score"":80.0},""M4_vix"":{""value"":null,""score"":60.0},""_score"":84.0},""liquidity"":{""L1_price"":{""value"":244.16,""score"":100.0},""L2_dollar_vol"":{""value"":483424353.56164545,""score"":100.0},""L3_spread_proxy"":{""value"":0.03337975098296202,""score"":66.62024901703799},""L4_volume_zscore"":{""value"":0.5831351250068759,""score"":100.0},""_score"":96.66},""pattern_structure"":{""left_low"":240.0,""left_idx"":20,""right_low"":234.65,""right_idx"":68,""separation_bars"":48,""structural_low"":234.65,""current_price"":243.685,""neckline_distance_pct"":0.04698688881137529,""base_bars"":48},""pattern_geometry_features"":{""low_similarity_pct"":0.022542926366796563,""bounce_pct"":0.08730023439164707,""right_bottom_reaction"":0.8287714831317631,""atr_pct"":0.034027013901891015},""_schema_version"":""1.0""}",,,,,,,,,,
20260519T210226Z-93bc42,2026-05-19T21:02:26.159542+00:00,APP,double_bottom,forming,54.7,59.7,54.7,31.5,59.4,28.6,36.6,81.1,84.0,93.6,8.96,13.68,2.52,8.32,3.71,2.92,4.87,5.04,4.68,False,,476.9,512.6899,443.5654,575.0596,"{""trend"":{""T1_ema_stack"":{""value"":[true,true,false],""score"":66.66666666666666},""T2_ema50_slope"":{""value"":0.11639116015459032,""score"":69.39852669243172},""T3_high_proximity"":{""value"":0.9220269512595943,""score"":61.01347562979714},""T4_rs_1m"":{""value"":-0.06392674256506392,""score"":0},""T5_rs_3m"":{""value"":0.11018180764165142,""score"":100},""T6_adr_healthy"":{""value"":5.883958764267012,""score"":100.0},""_score"":59.7},""geometry"":{""sub_low_similarity"":16.1,""sub_bounce_quality"":100,""sub_separation_fit"":20.0,""sub_right_bottom_reaction"":46.0,""sub_base_context"":100.0,""_score"":54.73},""compression"":{""VC1_atr_ratio"":{""value"":0.7641253279978905,""score"":58.96866800052738},""VC2_range_contraction"":{""value"":1.3450028276032717,""score"":0},""VC3_range_pct_rank"":{""score"":31.666666666666664},""_score"":31.5},""sr_quality"":{""SR1_touches"":{""value"":3,""score"":50.0},""SR2_tightness"":{""value"":7.756145950148183,""score"":50.5532764476867},""SR3_recency"":{""value"":243,""score"":0.0},""SR4_price_location"":{""score"":87.34191969228974},""SR5_reaction"":{""value"":3.0805868128462044,""score"":100},""_score"":59.42,""_levels_found"":6,""_target_level"":482.33},""volume"":{""V1_rvol_day"":{""value"":0.7010431270985485,""score"":13.402875139903237},""V2_rvol_sameslot"":{""value"":0.80203371995113,""score"":20.135581330075336,""status"":""ok""},""V3_breakout_bar"":{""value"":0.8116187753883278,""score"":20.774585025888523},""V4_base_dryup"":{""value"":0.6666623914958979,""score"":83.33376085041021},""V5_bo_expansion"":{""value"":0.7010431270985487,""score"":0},""_score"":28.57},""readiness"":{""_distance_atr"":1.141,""BR1_atr_distance"":{""score"":23.944473512168912},""BR2_compression"":{""score"":37.93044035764594},""BR3_retest"":{""score"":50.0},""BR4_bo_age"":{""score"":50.0},""_score"":36.56},""risk"":{""R1_stop_clarity"":{""score"":56.93700470077483},""R2_stop_distance_pct"":{""value"":6.989851750891164,""score"":100.0},""R3_stop_distance_atr"":{""value"":1.0625682586824068,""score"":78.12841293412033},""R4_rr_potential"":{""value"":2.9446758372973596,""score"":97.23379186486798},""_score"":81.09},""market"":{""M1_spy_regime"":{""score"":100.0},""M3_earnings_risk"":{""value"":null,""score"":80.0},""M4_vix"":{""value"":null,""score"":60.0},""_score"":84.0},""liquidity"":{""L1_price"":{""value"":476.9,""score"":100.0},""L2_dollar_vol"":{""value"":1571492011.160754,""score"":100.0},""L3_spread_proxy"":{""value"":0.06416439505137339,""score"":35.83560494862661},""L4_volume_zscore"":{""value"":-0.5713058243328027,""score"":100.0},""_score"":93.58},""pattern_structure"":{""left_low"":469.62,""left_idx"":14,""right_low"":450.3202,""right_idx"":56,""separation_bars"":42,""structural_low"":450.3202,""current_price"":473.61,""neckline_distance_pct"":0.0825149384514684,""base_bars"":42},""pattern_geometry_features"":{""low_similarity_pct"":0.04195881427944991,""bounce_pct"":0.13850078233221597,""right_bottom_reaction"":0.4602670167014964,""atr_pct"":0.06578261390528112},""_schema_version"":""1.0""}",,,,,,,,,,
20260519T210226Z-93bc42,2026-05-19T21:02:26.159542+00:00,MGNI,inverse_head_shoulders,forming,54.54,56.9,65.4,40.2,51.6,20.2,49.4,61.1,84.0,86.6,6.83,18.3,3.21,7.22,2.83,3.95,3.67,4.2,4.33,False,,13.39,13.93,12.1647,15.51,"{""trend"":{""T1_ema_stack"":{""value"":[true,true,false],""score"":66.66666666666666},""T2_ema50_slope"":{""value"":0.0985610126023548,""score"":66.4268354337258},""T3_high_proximity"":{""value"":0.9456214689265537,""score"":72.81073446327684},""T4_rs_1m"":{""value"":-0.07886040023865959,""score"":0},""T5_rs_3m"":{""value"":0.04670803644717747,""score"":73.35401822358874},""T6_adr_healthy"":{""value"":5.059786733106714,""score"":100.0},""_score"":56.88},""geometry"":{""sub_head_depth"":82.1,""sub_shoulder_price_sym"":90.0,""sub_shoulder_time_sym"":15.8,""sub_right_shoulder_reaction"":22.9,""sub_base_context"":100.0,""_score"":65.37},""compression"":{""VC1_atr_ratio"":{""value"":0.762781355081078,""score"":59.30466122973049},""VC2_range_contraction"":{""value"":1.316583340623013,""score"":0},""VC3_range_pct_rank"":{""score"":65.83333333333333},""_score"":40.18},""sr_quality"":{""SR1_touches"":{""value"":2,""score"":25.0},""SR2_tightness"":{""value"":0.10000000000000053,""score"":72.90628477429954},""SR3_recency"":{""value"":239,""score"":0.0},""SR4_price_location"":{""score"":72.60637122785322},""SR5_reaction"":{""value"":2.133630074023899,""score"":100},""_score"":51.59,""_levels_found"":7,""_target_level"":13.7},""volume"":{""V1_rvol_day"":{""value"":0.9088542620950317,""score"":27.25695080633545},""V2_rvol_sameslot"":{""value"":0.7074434711426106,""score"":13.829564742840708,""status"":""ok""},""V3_breakout_bar"":{""value"":0.7702863223596111,""score"":18.019088157307408},""V4_base_dryup"":{""value"":1.1250516511097457,""score"":37.49483488902543},""V5_bo_expansion"":{""value"":0.9088542620950317,""score"":0},""_score"":20.22},""readiness"":{""_distance_atr"":0.732,""BR1_atr_distance"":{""score"":51.2313125937395},""BR2_compression"":{""score"":45.48956977735306},""BR3_retest"":{""score"":50.0},""BR4_bo_age"":{""score"":50.0},""_score"":49.36},""risk"":{""R1_stop_clarity"":{""score"":49.80889254439018},""R2_stop_distance_pct"":{""value"":9.150485436893211,""score"":71.23786407766973},""R3_stop_distance_atr"":{""value"":1.6598287290144669,""score"":100.0},""R4_rr_potential"":{""value"":1.730259130789633,""score"":36.51295653948164},""_score"":61.11},""market"":{""M1_spy_regime"":{""score"":100.0},""M3_earnings_risk"":{""value"":null,""score"":80.0},""M4_vix"":{""value"":null,""score"":60.0},""_score"":84.0},""liquidity"":{""L1_price"":{""value"":13.39,""score"":100.0},""L2_dollar_vol"":{""value"":34116050.1929533,""score"":76.64793723453292},""L3_spread_proxy"":{""value"":0.04069454817027634,""score"":59.30545182972366},""L4_volume_zscore"":{""value"":-0.21814041558511446,""score"":100.0},""_score"":86.59},""pattern_structure"":{""left_shoulder"":13.22,""left_shoulder_idx"":63,""head"":12.35,""head_idx"":82,""right_shoulder"":13.115,""right_shoulder_idx"":93,""left_to_head_bars"":19,""head_to_right_bars"":11,""structural_low"":12.35,""current_price"":13.305,""neckline_distance_pct"":0.04697482149567832,""base_bars"":30},""pattern_geometry_features"":{""head_depth_pct"":0.06208467818492506,""shoulder_price_asymmetry"":0.00797417884943994,""shoulder_time_asymmetry"":0.42105263157894735,""right_shoulder_reaction"":0.2285714285714251,""atr_pct"":0.055129094206764116},""_schema_version"":""1.0""}",,,,,,,,,,
20260519T210226Z-93bc42,2026-05-19T21:02:26.159542+00:00,CLBT,double_bottom,setup,54.33,28.1,74.5,36.5,57.1,20.4,75.5,41.4,84.0,87.2,4.21,18.64,2.92,8.0,2.65,6.04,2.48,5.04,4.36,False,,13.46,13.43,12.0071,14.67,"{""trend"":{""T1_ema_stack"":{""value"":[true,false,false],""score"":33.33333333333333},""T2_ema50_slope"":{""value"":-0.16123551124383736,""score"":23.127414792693774},""T3_high_proximity"":{""value"":0.8797385620915033,""score"":39.869281045751606},""T4_rs_1m"":{""value"":-0.02930989842358378,""score"":20.690101576416218},""T5_rs_3m"":{""value"":-0.11043583819669722,""score"":0},""T6_adr_healthy"":{""value"":4.746206257897813,""score"":100.0},""_score"":28.08},""geometry"":{""sub_low_similarity"":65.7,""sub_bounce_quality"":100,""sub_separation_fit"":100.0,""sub_right_bottom_reaction"":92.2,""sub_base_context"":30.0,""_score"":74.54},""compression"":{""VC1_atr_ratio"":{""value"":0.720847070755688,""score"":69.788232311078},""VC2_range_contraction"":{""value"":1.1263662133460792,""score"":0},""VC3_range_pct_rank"":{""score"":34.166666666666664},""_score"":36.46},""sr_quality"":{""SR1_touches"":{""value"":4,""score"":75.0},""SR2_tightness"":{""value"":0.1868488694105479,""score"":48.36102312974544},""SR3_recency"":{""value"":234,""score"":0.0},""SR4_price_location"":{""score"":52.0270270270271},""SR5_reaction"":{""value"":1.917265800405529,""score"":95.86329002027645},""_score"":57.14,""_levels_found"":9,""_target_level"":13.815},""volume"":{""V1_rvol_day"":{""value"":1.1879392140809382,""score"":45.862614272062544},""V2_rvol_sameslot"":{""value"":0.9195927705645986,""score"":27.972851370973245,""status"":""ok""},""V3_breakout_bar"":{""value"":0.6865288428453802,""score"":12.435256189692012},""V4_base_dryup"":{""value"":1.4695283777759947,""score"":3.04716222240053},""V5_bo_expansion"":{""value"":1.187939214080938,""score"":12.529280938729196},""_score"":20.36},""readiness"":{""_distance_atr"":-0.041,""BR1_atr_distance"":{""score"":100.0},""BR2_compression"":{""score"":71.81634035795506},""BR3_retest"":{""score"":50.0},""BR4_bo_age"":{""score"":50.0},""_score"":75.45},""risk"":{""R1_stop_clarity"":{""score"":49.466181141404164},""R2_stop_distance_pct"":{""value"":10.793833580980694,""score"":30.154160475482648},""R3_stop_distance_atr"":{""value"":2.0076034653735566,""score"":100.0},""R4_rr_potential"":{""value"":0.8328457858691523,""score"":0.0},""_score"":41.36},""market"":{""M1_spy_regime"":{""score"":100.0},""M3_earnings_risk"":{""value"":null,""score"":80.0},""M4_vix"":{""value"":null,""score"":60.0},""_score"":84.0},""liquidity"":{""L1_price"":{""value"":13.46,""score"":100.0},""L2_dollar_vol"":{""value"":38381362.87889401,""score"":79.20601959901687},""L3_spread_proxy"":{""value"":0.04457652303120367,""score"":55.42347696879633},""L4_volume_zscore"":{""value"":0.32487692026646736,""score"":100.0},""_score"":87.22},""pattern_structure"":{""left_low"":12.19,""left_idx"":51,""right_low"":12.4008,""right_idx"":68,""separation_bars"":17,""structural_low"":12.19,""current_price"":13.69,""neckline_distance_pct"":-0.01899196493791087,""base_bars"":17},""pattern_geometry_features"":{""low_similarity_pct"":0.017144623192413486,""bounce_pct"":0.10172272354388845,""right_bottom_reaction"":0.9222697240575203,""atr_pct"":0.05376476862661859},""_schema_version"":""1.0""}",,,,,,,,,,
20260519T210226Z-93bc42,2026-05-19T21:02:26.159542+00:00,STEP,double_bottom,forming,54.32,37.2,60.2,72.1,50.5,38.7,33.9,61.5,84.0,87.6,5.58,15.06,5.77,7.06,5.03,2.71,3.69,5.04,4.38,True,risk_unclear,52.52,57.01,51.7371,61.495,"{""trend"":{""T1_ema_stack"":{""value"":[false,true,false],""score"":33.33333333333333},""T2_ema50_slope"":{""value"":0.11720245770627705,""score"":69.53374295104618},""T3_high_proximity"":{""value"":0.9326940152725981,""score"":66.34700763629903},""T4_rs_1m"":{""value"":-0.08314974034018241,""score"":0},""T5_rs_3m"":{""value"":-0.14545311960863216,""score"":0},""T6_adr_healthy"":{""value"":4.2942686907668195,""score"":100.0},""_score"":37.19},""geometry"":{""sub_low_similarity"":94.1,""sub_bounce_quality"":79.1,""sub_separation_fit"":0.0,""sub_right_bottom_reaction"":67.9,""sub_base_context"":30.0,""_score"":60.23},""compression"":{""VC1_atr_ratio"":{""value"":0.354160136096372,""score"":100},""VC2_range_contraction"":{""value"":0.7852584270363243,""score"":35.79026216061262},""VC3_range_pct_rank"":{""score"":78.33333333333333},""_score"":72.11},""sr_quality"":{""SR1_touches"":{""value"":3,""score"":50.0},""SR2_tightness"":{""value"":0.34292856398964466,""score"":67.33735932745965},""SR3_recency"":{""value"":229,""score"":0.0},""SR4_price_location"":{""score"":41.45447137909966},""SR5_reaction"":{""value"":3.5947501204750947,""score"":100},""_score"":50.46,""_levels_found"":6,""_target_level"":57.31},""volume"":{""V1_rvol_day"":{""value"":0.8078270882955184,""score"":20.521805886367893},""V2_rvol_sameslot"":{""value"":0.7107566904146297,""score"":14.050446027641982,""status"":""ok""},""V3_breakout_bar"":{""value"":1.425381211020258,""score"":61.69208073468386},""V4_base_dryup"":{""value"":0.6823986526940218,""score"":81.76013473059783},""V5_bo_expansion"":{""value"":0.8078270882955183,""score"":0},""_score"":38.69},""readiness"":{""_distance_atr"":2.138,""BR1_atr_distance"":{""score"":0},""BR2_compression"":{""score"":65.72524569311756},""BR3_retest"":{""score"":50.0},""BR4_bo_age"":{""score"":50.0},""_score"":33.93},""risk"":{""R1_stop_clarity"":{""score"":24.95790458372315},""R2_stop_distance_pct"":{""value"":1.4906226199543111,""score"":87.26556549885778},""R3_stop_distance_atr"":{""value"":0.37282932222127924,""score"":43.64146611106396},""R4_rr_potential"":{""value"":11.464154558518214,""score"":100.0},""_score"":61.46},""market"":{""M1_spy_regime"":{""score"":100.0},""M3_earnings_risk"":{""value"":null,""score"":80.0},""M4_vix"":{""value"":null,""score"":60.0},""_score"":84.0},""liquidity"":{""L1_price"":{""value"":52.52,""score"":100.0},""L2_dollar_vol"":{""value"":32897413.0571216,""score"":75.85808739113111},""L3_spread_proxy"":{""value"":0.02703731911652707,""score"":72.96268088347293},""L4_volume_zscore"":{""value"":-0.4715083313566559,""score"":100.0},""_score"":87.64},""pattern_structure"":{""left_low"":52.68,""left_idx"":26,""right_low"":52.525,""right_idx"":74,""separation_bars"":48,""structural_low"":52.525,""current_price"":52.89,""neckline_distance_pct"":0.07789752316127807,""base_bars"":48},""pattern_geometry_features"":{""low_similarity_pct"":0.0029466280119766386,""bounce_pct"":0.08538791051880057,""right_bottom_reaction"":0.6789667896678959,""atr_pct"":0.039981367642258736},""_schema_version"":""1.0""}",,,,,,,,,,
20260519T210226Z-93bc42,2026-05-19T21:02:26.159542+00:00,SAIL,double_bottom,setup,54.2,42.9,64.9,50.4,38.8,37.5,68.9,33.5,84.0,92.9,6.43,16.23,4.03,5.43,4.87,5.51,2.01,5.04,4.64,False,,14.47,14.27,12.5504,15.7985,"{""trend"":{""T1_ema_stack"":{""value"":[true,false,false],""score"":33.33333333333333},""T2_ema50_slope"":{""value"":-0.27586570259672877,""score"":4.022382900545203},""T3_high_proximity"":{""value"":0.9164027865737809,""score"":58.20139328689044},""T4_rs_1m"":{""value"":0.1537003463278388,""score"":100},""T5_rs_3m"":{""value"":-0.1698089513299098,""score"":0},""T6_adr_healthy"":{""value"":5.700183176819564,""score"":100.0},""_score"":42.87},""geometry"":{""sub_low_similarity"":5.2,""sub_bounce_quality"":100,""sub_separation_fit"":73.3,""sub_right_bottom_reaction"":82.4,""sub_base_context"":100.0,""_score"":64.91},""compression"":{""VC1_atr_ratio"":{""value"":0.5813188554059971,""score"":100},""VC2_range_contraction"":{""value"":1.003888082229891,""score"":0},""VC3_range_pct_rank"":{""score"":41.666666666666664},""_score"":50.42},""sr_quality"":{""SR1_touches"":{""value"":2,""score"":25.0},""SR2_tightness"":{""value"":0.18395000000000117,""score"":54.65142897392072},""SR3_recency"":{""value"":244,""score"":0.0},""SR4_price_location"":{""score"":32.36524030474885},""SR5_reaction"":{""value"":4.759257954885628,""score"":100},""_score"":38.79,""_levels_found"":6,""_target_level"":16.2411},""volume"":{""V1_rvol_day"":{""value"":1.740658051560965,""score"":82.710536770731},""V2_rvol_sameslot"":{""value"":1.307842558674216,""score"":53.85617057828106,""status"":""ok""},""V3_breakout_bar"":{""value"":0.5915424830264903,""score"":6.1028322017660175},""V4_base_dryup"":{""value"":1.438838037073256,""score"":6.116196292674388},""V5_bo_expansion"":{""value"":1.740658051560965,""score"":49.37720343739767},""_score"":37.47},""readiness"":{""_distance_atr"":-0.247,""BR1_atr_distance"":{""score"":100.0},""BR2_compression"":{""score"":45.51427087165102},""BR3_retest"":{""score"":50.0},""BR4_bo_age"":{""score"":50.0},""_score"":68.88},""risk"":{""R1_stop_clarity"":{""score"":52.883216820158715},""R2_stop_distance_pct"":{""value"":13.266223220456123,""score"":0.0},""R3_stop_distance_atr"":{""value"":2.3661901952842985,""score"":100.0},""R4_rr_potential"":{""value"":0.6920631530418078,""score"":0.0},""_score"":33.51},""market"":{""M1_spy_regime"":{""score"":100.0},""M3_earnings_risk"":{""value"":null,""score"":80.0},""M4_vix"":{""value"":null,""score"":60.0},""_score"":84.0},""liquidity"":{""L1_price"":{""value"":14.47,""score"":100.0},""L2_dollar_vol"":{""value"":79408002.29869206,""score"":94.99321352125732},""L3_spread_proxy"":{""value"":0.051140290255701465,""score"":48.859709744298534},""L4_volume_zscore"":{""value"":1.6390819682961848,""score"":100.0},""_score"":92.88},""pattern_structure"":{""left_low"":12.7415,""left_idx"":62,""right_low"":13.36,""right_idx"":68,""separation_bars"":6,""structural_low"":12.7415,""current_price"":14.675,""neckline_distance_pct"":-0.027597955706984745,""base_bars"":6},""pattern_geometry_features"":{""low_similarity_pct"":0.04739191234220249,""bounce_pct"":0.11996232782639402,""right_bottom_reaction"":0.824175824175824,""atr_pct"":0.05606575180175734},""_schema_version"":""1.0""}",,,,,,,,,,
20260519T210226Z-93bc42,2026-05-19T21:02:26.159542+00:00,FRMI,breakout_retest_hold,retest_hold,53.98,30.2,45.0,37.2,59.1,30.1,87.7,55.5,84.0,89.6,4.22,9.9,2.23,8.27,3.91,15.78,2.78,4.2,2.69,False,,5.87,5.76,5.8113,5.54,"{""trend"":{""T1_ema_stack"":{""value"":[true,false,false],""score"":33.33333333333333},""T2_ema50_slope"":{""value"":-0.8614228211154022,""score"":0},""T3_high_proximity"":{""value"":0.4978795589482613,""score"":0},""T4_rs_1m"":{""value"":0.05174806536980592,""score"":100},""T5_rs_3m"":{""value"":-0.44198854474940374,""score"":0},""T6_adr_healthy"":{""value"":10.526945117852346,""score"":36.826372053691344},""_score"":30.17},""geometry"":{""sub_retest_depth"":0.0,""sub_retest_timing"":0.0,""sub_retest_freshness"":75.0,""sub_hold_quality"":100.0,""_score"":45.0},""compression"":{""VC1_atr_ratio"":{""value"":0.732142495848049,""score"":66.96437603798773},""VC2_range_contraction"":{""value"":1.238529555119752,""score"":0},""VC3_range_pct_rank"":{""score"":41.666666666666664},""_score"":37.2},""sr_quality"":{""SR1_touches"":{""value"":3,""score"":50.0},""SR2_tightness"":{""value"":0.0984321537348894,""score"":69.26841982787258},""SR3_recency"":{""value"":61,""score"":48.333333333333336},""SR4_price_location"":{""score"":45.746164574616444},""SR5_reaction"":{""value"":3.8870242966894515,""score"":100},""_score"":59.08,""_levels_found"":6,""_target_level"":7.1667},""volume"":{""V1_rvol_day"":{""value"":1.032324430592165,""score"":35.488295372811},""V2_rvol_sameslot"":{""value"":1.2998732937195983,""score"":53.32488624797321,""status"":""ok""},""V3_breakout_bar"":{""value"":1.2191577237901605,""score"":47.94384825267737},""V4_base_dryup"":{""value"":1.8126030490839429,""score"":0},""V5_bo_expansion"":{""value"":1.0323244305921653,""score"":2.1549620394776854},""_score"":30.07},""readiness"":{""_distance_atr"":-0.172,""BR1_atr_distance"":{""score"":100.0},""BR2_compression"":{""score"":92.69449707644655},""BR3_retest"":{""score"":100},""BR4_bo_age"":{""score"":30.0},""_score"":87.67},""risk"":{""R1_stop_clarity"":{""score"":81.67322680998629},""R2_stop_distance_pct"":{""value"":0.9999999999999996,""score"":74.99999999999999},""R3_stop_distance_atr"":{""value"":0.09163386595006855,""score"":29.58169329750343},""R4_rr_potential"":{""value"":-5.6218057921635625,""score"":0.0},""_score"":55.52},""market"":{""M1_spy_regime"":{""score"":100.0},""M3_earnings_risk"":{""value"":null,""score"":80.0},""M4_vix"":{""value"":null,""score"":60.0},""_score"":84.0},""liquidity"":{""L1_price"":{""value"":5.87,""score"":97.935},""L2_dollar_vol"":{""value"":112994050.62171465,""score"":100.0},""L3_spread_proxy"":{""value"":0.09880749574105623,""score"":1.1925042589437709},""L4_volume_zscore"":{""value"":0.04552555991874338,""score"":100.0},""_score"":89.6},""pattern_structure"":{""level"":5.76,""level_idx"":51,""breakout_idx"":55,""bo_peak_idx"":58,""bo_peak_price"":7.74,""retest_idx"":79,""retest_low"":5.87,""structural_low"":5.87,""current_price"":5.905,""neckline_distance_pct"":-0.024555461473327767,""base_bars"":28,""bars_since_breakout"":24},""pattern_geometry_features"":{""retest_depth_atr"":-0.49722329846312946,""bars_breakout_to_retest"":24.0,""bars_since_retest"":0.0,""current_above_level_atr"":0.655430711610489,""bo_peak_excess_pct"":0.3437500000000001,""atr_pct"":0.10912995862740325},""_schema_version"":""1.0""}",,,,,,,,,,
20260519T210226Z-93bc42,2026-05-19T21:02:26.159542+00:00,MGNI,vcp,forming,53.89,56.9,56.6,40.2,51.6,22.5,61.3,72.1,84.0,86.6,8.53,14.15,4.82,6.19,2.93,4.29,3.61,5.04,4.33,False,,13.39,13.6,12.411,15.48,"{""trend"":{""T1_ema_stack"":{""value"":[true,true,false],""score"":66.66666666666666},""T2_ema50_slope"":{""value"":0.0985610126023548,""score"":66.4268354337258},""T3_high_proximity"":{""value"":0.9456214689265537,""score"":72.81073446327684},""T4_rs_1m"":{""value"":-0.07886040023865959,""score"":0},""T5_rs_3m"":{""value"":0.04670803644717747,""score"":73.35401822358874},""T6_adr_healthy"":{""value"":5.059786733106714,""score"":100.0},""_score"":56.88},""geometry"":{""sub_contraction_count"":100.0,""sub_reduction_rate"":31.8,""sub_pivot_tightness"":37.9,""sub_volume_dryup"":0,""sub_base_depth"":79.8,""sub_base_duration"":100.0,""_score"":56.62},""compression"":{""VC1_atr_ratio"":{""value"":0.762781355081078,""score"":59.30466122973049},""VC2_range_contraction"":{""value"":1.316583340623013,""score"":0},""VC3_range_pct_rank"":{""score"":65.83333333333333},""_score"":40.18},""sr_quality"":{""SR1_touches"":{""value"":2,""score"":25.0},""SR2_tightness"":{""value"":0.10000000000000053,""score"":72.90628477429954},""SR3_recency"":{""value"":239,""score"":0.0},""SR4_price_location"":{""score"":72.60637122785322},""SR5_reaction"":{""value"":2.133630074023899,""score"":100},""_score"":51.59,""_levels_found"":7,""_target_level"":13.7},""volume"":{""V1_rvol_day"":{""value"":0.9088542620950317,""score"":27.25695080633545},""V2_rvol_sameslot"":{""value"":0.7074434711426106,""score"":13.829564742840708,""status"":""ok""},""V3_breakout_bar"":{""value"":0.7702863223596111,""score"":18.019088157307408},""V4_base_dryup"":{""value"":1.0093829056600128,""score"":49.06170943399872},""V5_bo_expansion"":{""value"":0.9088542620950317,""score"":0},""_score"":22.53},""readiness"":{""_distance_atr"":0.284,""BR1_atr_distance"":{""score"":81.03439934200986},""BR2_compression"":{""score"":45.48956977735306},""BR3_retest"":{""score"":50.0},""BR4_bo_age"":{""score"":50.0},""_score"":61.29},""risk"":{""R1_stop_clarity"":{""score"":48.792878223426385},""R2_stop_distance_pct"":{""value"":7.311426437640037,""score"":100.0},""R3_stop_distance_atr"":{""value"":1.326237360298032,""score"":91.31186801490159},""R4_rr_potential"":{""value"":2.134831460674155,""score"":56.74157303370775},""_score"":72.12},""market"":{""M1_spy_regime"":{""score"":100.0},""M3_earnings_risk"":{""value"":null,""score"":80.0},""M4_vix"":{""value"":null,""score"":60.0},""_score"":84.0},""liquidity"":{""L1_price"":{""value"":13.39,""score"":100.0},""L2_dollar_vol"":{""value"":34116050.1929533,""score"":76.64793723453292},""L3_spread_proxy"":{""value"":0.04069454817027634,""score"":59.30545182972366},""L4_volume_zscore"":{""value"":-0.21814041558511446,""score"":100.0},""_score"":86.59},""pattern_structure"":{""n_contractions"":5,""contractions_pct"":[18.47,12.88,9.66,13.08,7.35],""descending_strict"":false,""final_low"":12.6,""final_pivot"":13.6,""structural_low"":12.6,""dry_up_ratio"":1.6786977947130588,""current_price"":13.39,""neckline_distance_pct"":0.01568334578043309,""base_bars"":39},""pattern_geometry_features"":{""contraction_count"":5.0,""first_contraction_pct"":0.18473756906077352,""last_contraction_pct"":0.07352941176470588,""dry_up_ratio"":1.6786977947130588,""near_monotone"":0.0,""base_depth_pct"":0.12983425414364647},""_schema_version"":""1.0""}",,,,,,,,,,
20260519T210226Z-93bc42,2026-05-19T21:02:26.159542+00:00,HQY,ascending_triangle,absent,53.75,54.9,29.7,57.6,77.7,41.5,64.3,45.1,84.0,95.3,8.24,8.31,4.61,10.87,4.98,5.14,1.8,5.04,4.76,True,risk_unclear,84.65,84.9699,79.7456,88.9798,"{""trend"":{""T1_ema_stack"":{""value"":[true,true,false],""score"":66.66666666666666},""T2_ema50_slope"":{""value"":0.0020346186911243064,""score"":50.339103115187385},""T3_high_proximity"":{""value"":0.9805397891810496,""score"":90.26989459052476},""T4_rs_1m"":{""value"":-0.05474918248618155,""score"":0},""T5_rs_3m"":{""value"":0.02865709190907162,""score"":64.32854595453581},""T6_adr_healthy"":{""value"":3.5375060729737915,""score"":100.0},""_score"":54.92},""geometry"":{""sub_flat_top_quality"":33.3,""sub_hl_slope"":15.6,""sub_compression"":0,""sub_duration"":100.0,""_score"":29.67},""compression"":{""VC1_atr_ratio"":{""value"":0.4047865114917967,""score"":100},""VC2_range_contraction"":{""value"":0.7736170074454624,""score"":37.730498759089606},""VC3_range_pct_rank"":{""score"":17.500000000000004},""_score"":57.58},""sr_quality"":{""SR1_touches"":{""value"":5,""score"":100},""SR2_tightness"":{""value"":0.4624716207509379,""score"":61.985323435134006},""SR3_recency"":{""value"":230,""score"":0.0},""SR4_price_location"":{""score"":93.5054121565365},""SR5_reaction"":{""value"":2.7797133018433096,""score"":100},""_score"":77.67,""_levels_found"":8,""_target_level"":84.78},""volume"":{""V1_rvol_day"":{""value"":1.4119005815378387,""score"":60.79337210252258},""V2_rvol_sameslot"":{""value"":1.1387732560202732,""score"":42.58488373468488,""status"":""ok""},""V3_breakout_bar"":{""value"":0.9075129072288062,""score"":27.167527148587077},""V4_base_dryup"":{""value"":1.004827307847429,""score"":49.5172692152571},""V5_bo_expansion"":{""value"":1.4119005815378391,""score"":27.460038769189275},""_score"":41.49},""readiness"":{""_distance_atr"":0.131,""BR1_atr_distance"":{""score"":91.23485313300306},""BR2_compression"":{""score"":41.16188527121128},""BR3_retest"":{""score"":50.0},""BR4_bo_age"":{""score"":50.0},""_score"":64.28},""risk"":{""R1_stop_clarity"":{""score"":0.1776084218686549},""R2_stop_distance_pct"":{""value"":5.793738924985244,""score"":100.0},""R3_stop_distance_atr"":{""value"":2.0156823832995276,""score"":100.0},""R4_rr_potential"":{""value"":0.8828398988663206,""score"":0.0},""_score"":45.06},""market"":{""M1_spy_regime"":{""score"":100.0},""M3_earnings_risk"":{""value"":null,""score"":80.0},""M4_vix"":{""value"":null,""score"":60.0},""_score"":84.0},""liquidity"":{""L1_price"":{""value"":84.65,""score"":100.0},""L2_dollar_vol"":{""value"":104988733.87369491,""score"":100.0},""L3_spread_proxy"":{""value"":0.04737034849379801,""score"":52.62965150620199},""L4_volume_zscore"":{""value"":1.4536189206818548,""score"":100.0},""_score"":95.26},""pattern_structure"":{""top"":84.9699,""top_touches"":2,""low_slope_per_bar"":0.037774927953890425,""lowest_low"":80.96,""structural_low"":80.96,""current_price"":84.015,""neckline_distance_pct"":0.011365827530798012,""base_bars"":30},""pattern_geometry_features"":{""top_touches"":2.0,""low_slope"":0.037774927953890425,""compression"":-0.214493308551176,""atr_pct"":0.02874331280060755},""_schema_version"":""1.0""}",,,,,,,,,,
20260519T210226Z-93bc42,2026-05-19T21:02:26.159542+00:00,GENI,double_bottom,retest_hold,53.7,22.4,81.5,16.7,39.4,51.2,63.0,38.2,84.0,81.5,3.37,20.36,1.34,5.52,6.66,5.04,2.29,5.04,4.08,False,,5.01,4.99,4.1518,5.765,"{""trend"":{""T1_ema_stack"":{""value"":[true,false,false],""score"":33.33333333333333},""T2_ema50_slope"":{""value"":-0.5950659063475507,""score"":0},""T3_high_proximity"":{""value"":0.7743431221020093,""score"":0},""T4_rs_1m"":{""value"":-0.0044247741363669935,""score"":45.57522586363301},""T5_rs_3m"":{""value"":-0.2713545962492133,""score"":0},""T6_adr_healthy"":{""value"":7.121777970089016,""score"":100.0},""_score"":22.45},""geometry"":{""sub_low_similarity"":88.2,""sub_bounce_quality"":100,""sub_separation_fit"":0.0,""sub_right_bottom_reaction"":100,""sub_base_context"":100.0,""_score"":81.46},""compression"":{""VC1_atr_ratio"":{""value"":0.8493995968875621,""score"":37.65010077810948},""VC2_range_contraction"":{""value"":1.700910602612484,""score"":0},""VC3_range_pct_rank"":{""score"":6.666666666666665},""_score"":16.73},""sr_quality"":{""SR1_touches"":{""value"":3,""score"":50.0},""SR2_tightness"":{""value"":0.07494442385305695,""score"":60.19794643819289},""SR3_recency"":{""value"":269,""score"":0.0},""SR4_price_location"":{""score"":1.5748031496062638},""SR5_reaction"":{""value"":2.425300001264494,""score"":100},""_score"":39.42,""_levels_found"":6,""_target_level"":5.635},""volume"":{""V1_rvol_day"":{""value"":1.3150214835818994,""score"":54.33476557212663},""V2_rvol_sameslot"":{""value"":1.7453857702590696,""score"":83.02571801727132,""status"":""ok""},""V3_breakout_bar"":{""value"":0.9648465358699193,""score"":30.98976905799462},""V4_base_dryup"":{""value"":0.8582126176978868,""score"":64.17873823021131},""V5_bo_expansion"":{""value"":1.3150214835818996,""score"":21.001432238793306},""_score"":51.21},""readiness"":{""_distance_atr"":-0.053,""BR1_atr_distance"":{""score"":100.0},""BR2_compression"":{""score"":21.97413253650902},""BR3_retest"":{""score"":50.0},""BR4_bo_age"":{""score"":50.0},""_score"":62.99},""risk"":{""R1_stop_clarity"":{""score"":66.4219870262888},""R2_stop_distance_pct"":{""value"":17.130239520958085,""score"":0.0},""R3_stop_distance_atr"":{""value"":2.2789632411517005,""score"":100.0},""R4_rr_potential"":{""value"":0.8797226834454843,""score"":0.0},""_score"":38.25},""market"":{""M1_spy_regime"":{""score"":100.0},""M3_earnings_risk"":{""value"":null,""score"":80.0},""M4_vix"":{""value"":null,""score"":60.0},""_score"":84.0},""liquidity"":{""L1_price"":{""value"":5.01,""score"":97.505},""L2_dollar_vol"":{""value"":39168993.86940483,""score"":79.64712080029659},""L3_spread_proxy"":{""value"":0.09680638722554898,""score"":3.193612774451026},""L4_volume_zscore"":{""value"":0.5766482635612041,""score"":100.0},""_score"":81.55},""pattern_structure"":{""left_low"":4.24,""left_idx"":20,""right_low"":4.215,""right_idx"":68,""separation_bars"":48,""structural_low"":4.215,""current_price"":5.03,""neckline_distance_pct"":-0.00795228628230617,""base_bars"":48},""pattern_geometry_features"":{""low_similarity_pct"":0.005913660555884177,""bounce_pct"":0.18386714116251493,""right_bottom_reaction"":1.0,""atr_pct"":0.07516680923866556},""_schema_version"":""1.0""}",,,,,,,,,,
20260519T210226Z-93bc42,2026-05-19T21:02:26.159542+00:00,PCTY,double_bottom,forming,53.68,56.1,57.2,46.7,47.7,25.7,63.5,38.5,84.0,95.2,8.42,14.31,3.73,6.68,3.34,5.08,2.31,5.04,4.76,False,,113.22,114.95,100.7163,127.65,"{""trend"":{""T1_ema_stack"":{""value"":[true,false,false],""score"":33.33333333333333},""T2_ema50_slope"":{""value"":-0.08557041731281284,""score"":35.73826378119786},""T3_high_proximity"":{""value"":0.942714404662781,""score"":71.35720233139048},""T4_rs_1m"":{""value"":0.062442267425264486,""score"":100},""T5_rs_3m"":{""value"":-0.03373435038409833,""score"":33.13282480795083},""T6_adr_healthy"":{""value"":4.533744839849913,""score"":100.0},""_score"":56.15},""geometry"":{""sub_low_similarity"":17.6,""sub_bounce_quality"":100,""sub_separation_fit"":0.0,""sub_right_bottom_reaction"":79.8,""sub_base_context"":100.0,""_score"":57.25},""compression"":{""VC1_atr_ratio"":{""value"":0.5763432016587893,""score"":100},""VC2_range_contraction"":{""value"":1.1591616963333111,""score"":0},""VC3_range_pct_rank"":{""score"":26.66666666666667},""_score"":46.67},""sr_quality"":{""SR1_touches"":{""value"":2,""score"":25.0},""SR2_tightness"":{""value"":0.5949999999999989,""score"":77.62328682487072},""SR3_recency"":{""value"":230,""score"":0.0},""SR4_price_location"":{""score"":54.24729419481802},""SR5_reaction"":{""value"":2.226379539141786,""score"":100},""_score"":47.71,""_levels_found"":5,""_target_level"":115.545},""volume"":{""V1_rvol_day"":{""value"":0.9873773651194424,""score"":32.49182434129616},""V2_rvol_sameslot"":{""value"":0.6587330860921097,""score"":10.582205739473977,""status"":""ok""},""V3_breakout_bar"":{""value"":0.8166930829650426,""score"":21.112872197669507},""V4_base_dryup"":{""value"":0.9104880449506945,""score"":58.95119550493055},""V5_bo_expansion"":{""value"":0.9873773651194424,""score"":0},""_score"":25.68},""readiness"":{""_distance_atr"":0.325,""BR1_atr_distance"":{""score"":78.31276538208749},""BR2_compression"":{""score"":58.64452553990661},""BR3_retest"":{""score"":50.0},""BR4_bo_age"":{""score"":50.0},""_score"":63.49},""risk"":{""R1_stop_clarity"":{""score"":42.3188507019251},""R2_stop_distance_pct"":{""value"":11.043764352587878,""score"":23.90589118530304},""R3_stop_distance_atr"":{""value"":2.351200229945574,""score"":100.0},""R4_rr_potential"":{""value"":1.1540537838648415,""score"":7.702689193242074},""_score"":38.52},""market"":{""M1_spy_regime"":{""score"":100.0},""M3_earnings_risk"":{""value"":null,""score"":80.0},""M4_vix"":{""value"":null,""score"":60.0},""_score"":84.0},""liquidity"":{""L1_price"":{""value"":113.22,""score"":100.0},""L2_dollar_vol"":{""value"":98086625.19628038,""score"":99.58048961494237},""L3_spread_proxy"":{""value"":0.0462374138844727,""score"":53.7625861155273},""L4_volume_zscore"":{""value"":-0.03357183388006859,""score"":100.0},""_score"":95.21},""pattern_structure"":{""left_low"":102.25,""left_idx"":20,""right_low"":106.55,""right_idx"":68,""separation_bars"":48,""structural_low"":102.25,""current_price"":113.56,""neckline_distance_pct"":0.012240225431489966,""base_bars"":48},""pattern_geometry_features"":{""low_similarity_pct"":0.041187739463601505,""bounce_pct"":0.12420537897310516,""right_bottom_reaction"":0.7978560490045953,""atr_pct"":0.04697075226486994},""_schema_version"":""1.0""}",,,,,,,,,,
20260519T210226Z-93bc42,2026-05-19T21:02:26.159542+00:00,AGYS,breakout_retest_hold,breakout_confirmed,53.46,51.1,48.6,23.8,50.2,69.7,47.7,62.8,84.0,72.5,7.15,10.69,1.43,7.03,9.06,8.59,3.14,4.2,2.17,False,,78.94,73.585,75.9062,67.4092,"{""trend"":{""T1_ema_stack"":{""value"":[true,false,false],""score"":33.33333333333333},""T2_ema50_slope"":{""value"":-0.2329215405635045,""score"":11.179743239415913},""T3_high_proximity"":{""value"":0.9866266716660417,""score"":93.31333583302082},""T4_rs_1m"":{""value"":0.12644759934086292,""score"":100},""T5_rs_3m"":{""value"":-0.07977826091673634,""score"":10.110869541631828},""T6_adr_healthy"":{""value"":5.619624296819954,""score"":100.0},""_score"":51.08},""geometry"":{""sub_retest_depth"":0.0,""sub_retest_timing"":100.0,""sub_retest_freshness"":100.0,""sub_hold_quality"":28.7,""_score"":48.61},""compression"":{""VC1_atr_ratio"":{""value"":0.7621023928636034,""score"":59.47440178409915},""VC2_range_contraction"":{""value"":1.456591665916277,""score"":0},""VC3_range_pct_rank"":{""score"":0.0},""_score"":23.79},""sr_quality"":{""SR1_touches"":{""value"":2,""score"":25.0},""SR2_tightness"":{""value"":0.6649999999999991,""score"":74.33140336366147},""SR3_recency"":{""value"":275,""score"":0.0},""SR4_price_location"":{""score"":67.03591809331982},""SR5_reaction"":{""value"":1.9695340501792127,""score"":98.47670250896063},""_score"":50.18,""_levels_found"":7,""_target_level"":81.395},""volume"":{""V1_rvol_day"":{""value"":6.708073723505659,""score"":100},""V2_rvol_sameslot"":{""value"":4.875788704065003,""score"":100,""status"":""ok""},""V3_breakout_bar"":{""value"":0.7497334993438944,""score"":16.64889995625963},""V4_base_dryup"":{""value"":0.9734049713713175,""score"":52.659502862868244},""V5_bo_expansion"":{""value"":6.708073723505659,""score"":100},""_score"":69.69},""readiness"":{""_distance_atr"":-1.033,""BR1_atr_distance"":{""score"":39.33002481389577},""BR2_compression"":{""score"":0},""BR3_retest"":{""score"":100},""BR4_bo_age"":{""score"":80},""_score"":47.73},""risk"":{""R1_stop_clarity"":{""score"":70.40472566859671},""R2_stop_distance_pct"":{""value"":3.843208766151504,""score"":100.0},""R3_stop_distance_atr"":{""value"":0.5855197959746341,""score"":54.27598979873171},""R4_rr_potential"":{""value"":-3.800741571130088,""score"":0.0},""_score"":62.78},""market"":{""M1_spy_regime"":{""score"":100.0},""M3_earnings_risk"":{""value"":null,""score"":80.0},""M4_vix"":{""value"":null,""score"":60.0},""_score"":84.0},""liquidity"":{""L1_price"":{""value"":78.94,""score"":100.0},""L2_dollar_vol"":{""value"":216260619.67831898,""score"":100.0},""L3_spread_proxy"":{""value"":0.2292513301241449,""score"":0},""L4_volume_zscore"":{""value"":4.111801759283167,""score"":30.0},""_score"":72.5},""pattern_structure"":{""level"":73.585,""level_idx"":28,""breakout_idx"":74,""bo_peak_idx"":74,""bo_peak_price"":94.77,""retest_idx"":76,""retest_low"":76.6729,""structural_low"":76.6729,""current_price"":78.1925,""neckline_distance_pct"":-0.05892508872334306,""base_bars"":51,""bars_since_breakout"":5},""pattern_geometry_features"":{""retest_depth_atr"":-1.0524360525553436,""bars_breakout_to_retest"":2.0,""bars_since_retest"":3.0,""current_above_level_atr"":1.5703549700925352,""bo_peak_excess_pct"":0.28789834884827076,""atr_pct"":0.06563755474320461},""_schema_version"":""1.0""}",,,,,,,,,,
20260519T210226Z-93bc42,2026-05-19T21:02:26.159542+00:00,EBC,base_on_base,forming,53.3,29.9,66.7,70.2,52.4,26.8,27.7,65.0,84.0,88.7,5.37,16.68,7.02,5.24,3.21,2.22,3.25,5.88,4.43,True,risk_unclear,19.22,20.64,17.9999,23.335,"{""trend"":{""T1_ema_stack"":{""value"":[false,false,true],""score"":33.33333333333333},""T2_ema50_slope"":{""value"":-0.02307504476185765,""score"":46.15415920635706},""T3_high_proximity"":{""value"":0.8972922502334266,""score"":48.64612511671329},""T4_rs_1m"":{""value"":-0.1187415229309412,""score"":0},""T5_rs_3m"":{""value"":-0.16931256280375906,""score"":0},""T6_adr_healthy"":{""value"":2.351051984060095,""score"":100.0},""_score"":29.86},""geometry"":{""sub_shallower_second"":35.7,""sub_second_base_depth"":100.0,""sub_rim_advance"":68.9,""sub_dry_up"":78.1,""sub_second_base_duration"":56.0,""_score"":66.72},""compression"":{""VC1_atr_ratio"":{""value"":0.3837719298245603,""score"":100},""VC2_range_contraction"":{""value"":0.8248659761772633,""score"":29.189003970456117},""VC3_range_pct_rank"":{""score"":80.0},""_score"":70.22},""sr_quality"":{""SR1_touches"":{""value"":3,""score"":50.0},""SR2_tightness"":{""value"":0.10870679218276404,""score"":50.499427856279276},""SR3_recency"":{""value"":240,""score"":0.0},""SR4_price_location"":{""score"":59.10390848427052},""SR5_reaction"":{""value"":2.586057353499208,""score"":100},""_score"":52.35,""_levels_found"":5,""_target_level"":19.4345},""volume"":{""V1_rvol_day"":{""value"":0.8021348689996136,""score"":20.14232459997424},""V2_rvol_sameslot"":{""value"":0.6850702635279772,""score"":12.33801756853181,""status"":""ok""},""V3_breakout_bar"":{""value"":1.2010627749085987,""score"":46.73751832723991},""V4_base_dryup"":{""value"":1.0712984102335588,""score"":42.87015897664412},""V5_bo_expansion"":{""value"":0.8021348689996136,""score"":0},""_score"":26.75},""readiness"":{""_distance_atr"":3.233,""BR1_atr_distance"":{""score"":0},""BR2_compression"":{""score"":40.947709019386046},""BR3_retest"":{""score"":50.0},""BR4_bo_age"":{""score"":50.0},""_score"":27.74},""risk"":{""R1_stop_clarity"":{""score"":0},""R2_stop_distance_pct"":{""value"":6.348126951092603,""score"":100.0},""R3_stop_distance_atr"":{""value"":2.777937876077402,""score"":100.0},""R4_rr_potential"":{""value"":3.3726467285736597,""score"":100.0},""_score"":65.0},""market"":{""M1_spy_regime"":{""score"":100.0},""M3_earnings_risk"":{""value"":null,""score"":80.0},""M4_vix"":{""value"":null,""score"":60.0},""_score"":84.0},""liquidity"":{""L1_price"":{""value"":19.22,""score"":100.0},""L2_dollar_vol"":{""value"":32421417.54154636,""score"":75.54159996580503},""L3_spread_proxy"":{""value"":0.015608740894901182,""score"":84.39125910509881},""L4_volume_zscore"":{""value"":-0.29184933729636714,""score"":100.0},""_score"":88.66},""pattern_structure"":{""first_base_low"":16.615,""first_base_top"":19.31,""first_base_bars"":36,""second_base_low"":18.274,""second_base_top"":20.64,""second_base_bars"":71,""structural_low"":18.274,""stacking_overlap_pct"":0.05365095805282226,""current_price"":19.22,""neckline_distance_pct"":0.07388137356919884,""base_bars"":71},""pattern_geometry_features"":{""first_base_depth_pct"":0.13956499223200416,""second_base_depth_pct"":0.11463178294573642,""second_dry_up_ratio"":0.6096314946051542,""rim_advance_pct"":0.06887622993267747,""atr_pct"":0.022851939943511267},""_schema_version"":""1.0""}",,,,,,,,,,
20260519T210226Z-93bc42,2026-05-19T21:02:26.159542+00:00,V,cup_with_handle,absent,53.2,66.2,44.9,52.5,50.4,41.9,30.4,64.3,84.0,98.3,9.27,13.47,4.2,6.05,5.45,2.43,3.22,4.2,4.91,True,risk_unclear,329.91,341.98,311.4176,384.15,"{""trend"":{""T1_ema_stack"":{""value"":[true,true,false],""score"":66.66666666666666},""T2_ema50_slope"":{""value"":0.08886297993726322,""score"":64.81049665621053},""T3_high_proximity"":{""value"":0.9852177029206236,""score"":92.60885146031178},""T4_rs_1m"":{""value"":0.015580621248612703,""score"":65.5806212486127},""T5_rs_3m"":{""value"":-0.03912217481309943,""score"":30.438912593450283},""T6_adr_healthy"":{""value"":1.7621831020970105,""score"":100.0},""_score"":66.2},""geometry"":{""sub_cup_depth"":45.5,""sub_cup_duration"":0.0,""sub_rim_symmetry"":64.8,""sub_handle_shallowness"":37.1,""sub_handle_proportion"":100.0,""sub_u_shape"":36.2,""_score"":44.91},""compression"":{""VC1_atr_ratio"":{""value"":0.5753122589485052,""score"":100},""VC2_range_contraction"":{""value"":1.0032457728380824,""score"":0},""VC3_range_pct_rank"":{""score"":50.0},""_score"":52.5},""sr_quality"":{""SR1_touches"":{""value"":3,""score"":50.0},""SR2_tightness"":{""value"":0.7586537784493997,""score"":75.48068817846925},""SR3_recency"":{""value"":237,""score"":0.0},""SR4_price_location"":{""score"":36.426694934783605},""SR5_reaction"":{""value"":2.791327600469399,""score"":100},""_score"":50.43,""_levels_found"":5,""_target_level"":343.0467},""volume"":{""V1_rvol_day"":{""value"":1.6574787978983083,""score"":77.16525319322055},""V2_rvol_sameslot"":{""value"":0.9464390522011029,""score"":29.76260348007353,""status"":""ok""},""V3_breakout_bar"":{""value"":0.9583970084372402,""score"":30.559800562482682},""V4_base_dryup"":{""value"":1.1840302956875164,""score"":31.596970431248366},""V5_bo_expansion"":{""value"":1.6574787978983083,""score"":43.83191985988722},""_score"":41.92},""readiness"":{""_distance_atr"":1.95,""BR1_atr_distance"":{""score"":0},""BR2_compression"":{""score"":51.40259378223446},""BR3_retest"":{""score"":50.0},""BR4_bo_age"":{""score"":50.0},""_score"":30.35},""risk"":{""R1_stop_clarity"":{""score"":0},""R2_stop_distance_pct"":{""value"":5.605286290200366,""score"":100.0},""R3_stop_distance_atr"":{""value"":2.9883257344029563,""score"":100.0},""R4_rr_potential"":{""value"":2.933096839782825,""score"":96.65484198914125},""_score"":64.33},""market"":{""M1_spy_regime"":{""score"":100.0},""M3_earnings_risk"":{""value"":null,""score"":80.0},""M4_vix"":{""value"":null,""score"":60.0},""_score"":84.0},""liquidity"":{""L1_price"":{""value"":329.91,""score"":100.0},""L2_dollar_vol"":{""value"":4241119417.8059516,""score"":100.0},""L3_spread_proxy"":{""value"":0.017216816707586936,""score"":82.78318329241307},""L4_volume_zscore"":{""value"":1.7573298139348716,""score"":100.0},""_score"":98.28},""pattern_structure"":{""left_rim"":336.06,""left_rim_idx"":60,""cup_bottom"":293.89,""cup_bottom_idx"":146,""right_rim"":341.98,""right_rim_idx"":165,""handle_low"":316.16,""handle_bars"":14,""cup_bars"":105,""structural_low"":316.16,""current_price"":329.91,""neckline_distance_pct"":0.03658573550362218,""base_bars"":119},""pattern_geometry_features"":{""cup_depth_pct"":0.1254835446051301,""rim_symmetry_pct"":0.017615901922275832,""handle_depth_pct"":0.07550149131528157,""handle_to_cup_ratio"":0.13333333333333333,""cup_duration_bars"":105.0,""atr_pct"":0.018757280124016527,""u_shape_score"":0.18095238095238095},""_schema_version"":""1.0""}",,,,,,,,,,
20260519T210226Z-93bc42,2026-05-19T21:02:26.159542+00:00,WAY,double_bottom,setup,53.2,5.0,69.9,47.4,56.8,43.8,59.3,54.4,84.0,89.7,0.75,17.48,3.79,7.95,5.69,4.74,3.26,5.04,4.49,False,,19.6,19.26,17.7497,20.5,"{""trend"":{""T1_ema_stack"":{""value"":[false,false,false],""score"":0.0},""T2_ema50_slope"":{""value"":-0.6376539587394522,""score"":0},""T3_high_proximity"":{""value"":0.727812848124768,""score"":0},""T4_rs_1m"":{""value"":-0.3014814089566358,""score"":0},""T5_rs_3m"":{""value"":-0.2977754346272028,""score"":0},""T6_adr_healthy"":{""value"":5.2930245998992556,""score"":100.0},""_score"":5.0},""geometry"":{""sub_low_similarity"":81.2,""sub_bounce_quality"":55.4,""sub_separation_fit"":100.0,""sub_right_bottom_reaction"":89.8,""sub_base_context"":30.0,""_score"":69.91},""compression"":{""VC1_atr_ratio"":{""value"":0.6191157012061232,""score"":95.22107469846918},""VC2_range_contraction"":{""value"":0.9081743200055652,""score"":15.304279999072467},""VC3_range_pct_rank"":{""score"":15.833333333333332},""_score"":47.4},""sr_quality"":{""SR1_touches"":{""value"":3,""score"":50.0},""SR2_tightness"":{""value"":0.22547480765905803,""score"":68.10033492603431},""SR3_recency"":{""value"":230,""score"":0.0},""SR4_price_location"":{""score"":66.43440738513775},""SR5_reaction"":{""value"":3.3506643558636635,""score"":100},""_score"":56.82,""_levels_found"":6,""_target_level"":21.1817},""volume"":{""V1_rvol_day"":{""value"":1.0895454334965815,""score"":39.3030288997721},""V2_rvol_sameslot"":{""value"":1.0386298106518146,""score"":35.908654043454305,""status"":""ok""},""V3_breakout_bar"":{""value"":1.3500684927957225,""score"":56.67123285304817},""V4_base_dryup"":{""value"":0.8155317498836399,""score"":68.44682501163601},""V5_bo_expansion"":{""value"":1.0895454334965815,""score"":5.969695566438768},""_score"":43.79},""readiness"":{""_distance_atr"":-0.241,""BR1_atr_distance"":{""score"":100.0},""BR2_compression"":{""score"":7.194194520021051},""BR3_retest"":{""score"":50.0},""BR4_bo_age"":{""score"":50.0},""_score"":59.3},""risk"":{""R1_stop_clarity"":{""score"":61.75856824532255},""R2_stop_distance_pct"":{""value"":9.440306122448982,""score"":63.99234693877545},""R3_stop_distance_atr"":{""value"":1.3088812648109511,""score"":90.44406324054755},""R4_rr_potential"":{""value"":0.4864076095768263,""score"":0.0},""_score"":54.38},""market"":{""M1_spy_regime"":{""score"":100.0},""M3_earnings_risk"":{""value"":null,""score"":80.0},""M4_vix"":{""value"":null,""score"":60.0},""_score"":84.0},""liquidity"":{""L1_price"":{""value"":19.6,""score"":100.0},""L2_dollar_vol"":{""value"":60189740.3331644,""score"":88.97612348612896},""L3_spread_proxy"":{""value"":0.05892857142857148,""score"":41.07142857142852},""L4_volume_zscore"":{""value"":0.17286843040429908,""score"":100.0},""_score"":89.7},""pattern_structure"":{""left_low"":18.19,""left_idx"":56,""right_low"":18.02,""right_idx"":68,""separation_bars"":12,""structural_low"":18.02,""current_price"":19.725,""neckline_distance_pct"":-0.023574144486692008,""base_bars"":12},""pattern_geometry_features"":{""low_similarity_pct"":0.009389671361502441,""bounce_pct"":0.06881243063263053,""right_bottom_reaction"":0.8977272727272728,""atr_pct"":0.07212499999999998},""_schema_version"":""1.0""}",,,,,,,,,,
20260519T210226Z-93bc42,2026-05-19T21:02:26.159542+00:00,CTRE,vcp,breakout_confirmed,53.15,73.5,45.2,38.0,39.5,59.4,53.2,10.4,84.0,90.4,11.02,11.3,4.56,4.74,7.72,3.73,0.52,5.04,4.52,True,risk_unclear,41.25,40.09,36.3563,44.54,"{""trend"":{""T1_ema_stack"":{""value"":[true,true,true],""score"":100.0},""T2_ema50_slope"":{""value"":0.1193719155326651,""score"":69.89531925544418},""T3_high_proximity"":{""value"":0.9719604147031103,""score"":85.98020735155515},""T4_rs_1m"":{""value"":0.011134163797000163,""score"":61.13416379700016},""T5_rs_3m"":{""value"":-0.04172803661218327,""score"":29.135981693908363},""T6_adr_healthy"":{""value"":2.4349596801110063,""score"":100.0},""_score"":73.47},""geometry"":{""sub_contraction_count"":100.0,""sub_reduction_rate"":0,""sub_pivot_tightness"":29.6,""sub_volume_dryup"":0,""sub_base_depth"":57.6,""sub_base_duration"":100.0,""_score"":45.2},""compression"":{""VC1_atr_ratio"":{""value"":0.7488596181991063,""score"":62.78509545022343},""VC2_range_contraction"":{""value"":1.2078136481425858,""score"":0},""VC3_range_pct_rank"":{""score"":51.66666666666666},""_score"":38.03},""sr_quality"":{""SR1_touches"":{""value"":2,""score"":25.0},""SR2_tightness"":{""value"":0.19000000000000128,""score"":63.119584055459065},""SR3_recency"":{""value"":269,""score"":0.0},""SR4_price_location"":{""score"":30.0},""SR5_reaction"":{""value"":3.4357019064124734,""score"":100},""_score"":39.47,""_levels_found"":5,""_target_level"":41.17},""volume"":{""V1_rvol_day"":{""value"":3.8617239730210713,""score"":100},""V2_rvol_sameslot"":{""value"":2.2362870697625112,""score"":100,""status"":""ok""},""V3_breakout_bar"":{""value"":0.7619778824916125,""score"":17.4651921661075},""V4_base_dryup"":{""value"":1.6736860852628728,""score"":0},""V5_bo_expansion"":{""value"":3.8617239730210713,""score"":100},""_score"":59.37},""readiness"":{""_distance_atr"":-1.126,""BR1_atr_distance"":{""score"":37.48353552859628},""BR2_compression"":{""score"":82.9906233031124},""BR3_retest"":{""score"":50.0},""BR4_bo_age"":{""score"":50.0},""_score"":53.24},""risk"":{""R1_stop_clarity"":{""score"":0},""R2_stop_distance_pct"":{""value"":11.863393939393942,""score"":3.4151515151514378},""R3_stop_distance_atr"":{""value"":4.7494696707105675,""score"":62.52651646447163},""R4_rr_potential"":{""value"":0.6722998171099294,""score"":0.0},""_score"":10.4},""market"":{""M1_spy_regime"":{""score"":100.0},""M3_earnings_risk"":{""value"":null,""score"":80.0},""M4_vix"":{""value"":null,""score"":60.0},""_score"":84.0},""liquidity"":{""L1_price"":{""value"":41.25,""score"":100.0},""L2_dollar_vol"":{""value"":373471575.66340876,""score"":100.0},""L3_spread_proxy"":{""value"":0.02060606060606064,""score"":79.39393939393936},""L4_volume_zscore"":{""value"":3.9215207670399317,""score"":70.0},""_score"":90.44},""pattern_structure"":{""n_contractions"":5,""contractions_pct"":[4.23,7.5,13.01,3.81,7.93],""descending_strict"":false,""final_low"":36.91,""final_pivot"":40.09,""structural_low"":36.91,""dry_up_ratio"":1.4613782722993447,""current_price"":41.25,""neckline_distance_pct"":-0.02812121212121204,""base_bars"":45},""pattern_geometry_features"":{""contraction_count"":5.0,""first_contraction_pct"":0.04231141199226306,""last_contraction_pct"":0.0793215265652284,""dry_up_ratio"":1.4613782722993447,""near_monotone"":0.0,""base_depth_pct"":0.10759187620889755},""_schema_version"":""1.0""}",,,,,,,,,,
20260519T210226Z-93bc42,2026-05-19T21:02:26.159542+00:00,V,vcp,absent,52.99,66.2,40.2,52.5,50.4,48.0,30.4,46.7,84.0,98.3,9.93,10.06,6.3,6.05,6.23,2.12,2.34,5.04,4.91,True,risk_unclear,329.91,341.98,311.4176,351.59,"{""trend"":{""T1_ema_stack"":{""value"":[true,true,false],""score"":66.66666666666666},""T2_ema50_slope"":{""value"":0.08886297993726322,""score"":64.81049665621053},""T3_high_proximity"":{""value"":0.9852177029206236,""score"":92.60885146031178},""T4_rs_1m"":{""value"":0.015580621248612703,""score"":65.5806212486127},""T5_rs_3m"":{""value"":-0.03912217481309943,""score"":30.438912593450283},""T6_adr_healthy"":{""value"":1.7621831020970105,""score"":100.0},""_score"":66.2},""geometry"":{""sub_contraction_count"":100.0,""sub_reduction_rate"":0,""sub_pivot_tightness"":35.0,""sub_volume_dryup"":0,""sub_base_depth"":0.0,""sub_base_duration"":100.0,""_score"":40.25},""compression"":{""VC1_atr_ratio"":{""value"":0.5753122589485052,""score"":100},""VC2_range_contraction"":{""value"":1.0032457728380824,""score"":0},""VC3_range_pct_rank"":{""score"":50.0},""_score"":52.5},""sr_quality"":{""SR1_touches"":{""value"":3,""score"":50.0},""SR2_tightness"":{""value"":0.7586537784493997,""score"":75.48068817846925},""SR3_recency"":{""value"":237,""score"":0.0},""SR4_price_location"":{""score"":36.426694934783605},""SR5_reaction"":{""value"":2.791327600469399,""score"":100},""_score"":50.43,""_levels_found"":5,""_target_level"":343.0467},""volume"":{""V1_rvol_day"":{""value"":1.6574787978983083,""score"":77.16525319322055},""V2_rvol_sameslot"":{""value"":0.9464390522011029,""score"":29.76260348007353,""status"":""ok""},""V3_breakout_bar"":{""value"":0.9583970084372402,""score"":30.559800562482682},""V4_base_dryup"":{""value"":0.8819055326491531,""score"":61.80944673508469},""V5_bo_expansion"":{""value"":1.6574787978983083,""score"":43.83191985988722},""_score"":47.96},""readiness"":{""_distance_atr"":1.95,""BR1_atr_distance"":{""score"":0},""BR2_compression"":{""score"":51.40259378223446},""BR3_retest"":{""score"":50.0},""BR4_bo_age"":{""score"":50.0},""_score"":30.35},""risk"":{""R1_stop_clarity"":{""score"":0},""R2_stop_distance_pct"":{""value"":5.605286290200366,""score"":100.0},""R3_stop_distance_atr"":{""value"":2.9883257344029563,""score"":100.0},""R4_rr_potential"":{""value"":1.1723735156064066,""score"":8.618675780320329},""_score"":46.72},""market"":{""M1_spy_regime"":{""score"":100.0},""M3_earnings_risk"":{""value"":null,""score"":80.0},""M4_vix"":{""value"":null,""score"":60.0},""_score"":84.0},""liquidity"":{""L1_price"":{""value"":329.91,""score"":100.0},""L2_dollar_vol"":{""value"":4241119417.8059516,""score"":100.0},""L3_spread_proxy"":{""value"":0.017216816707586936,""score"":82.78318329241307},""L4_volume_zscore"":{""value"":1.7573298139348716,""score"":100.0},""_score"":98.28},""pattern_structure"":{""n_contractions"":5,""contractions_pct"":[6.06,5.01,2.81,4.68,7.55],""descending_strict"":false,""final_low"":316.16,""final_pivot"":341.98,""structural_low"":316.16,""dry_up_ratio"":1.0521538102598729,""current_price"":329.91,""neckline_distance_pct"":0.03658573550362218,""base_bars"":46},""pattern_geometry_features"":{""contraction_count"":5.0,""first_contraction_pct"":0.06062866439512533,""last_contraction_pct"":0.07550149131528157,""dry_up_ratio"":1.0521538102598729,""near_monotone"":0.0,""base_depth_pct"":0.029499340025171003},""_schema_version"":""1.0""}",,,,,,,,,,
20260519T210226Z-93bc42,2026-05-19T21:02:26.159542+00:00,MGNI,bull_flag,forming,52.93,56.9,53.0,40.2,51.6,27.8,53.9,73.2,84.0,86.6,7.96,15.88,3.62,5.16,3.89,4.85,2.2,5.04,4.33,False,,13.39,13.805,13.0612,15.26,"{""trend"":{""T1_ema_stack"":{""value"":[true,true,false],""score"":66.66666666666666},""T2_ema50_slope"":{""value"":0.0985610126023548,""score"":66.4268354337258},""T3_high_proximity"":{""value"":0.9456214689265537,""score"":72.81073446327684},""T4_rs_1m"":{""value"":-0.07886040023865959,""score"":0},""T5_rs_3m"":{""value"":0.04670803644717747,""score"":73.35401822358874},""T6_adr_healthy"":{""value"":5.059786733106714,""score"":100.0},""_score"":56.88},""geometry"":{""sub_pole_impulse"":28.4,""sub_flag_tightness"":59.0,""sub_flag_shallowness"":33.0,""sub_flag_drift"":87.2,""sub_flag_duration"":100.0,""_score"":52.95},""compression"":{""VC1_atr_ratio"":{""value"":0.762781355081078,""score"":59.30466122973049},""VC2_range_contraction"":{""value"":1.316583340623013,""score"":0},""VC3_range_pct_rank"":{""score"":65.83333333333333},""_score"":40.18},""sr_quality"":{""SR1_touches"":{""value"":2,""score"":25.0},""SR2_tightness"":{""value"":0.10000000000000053,""score"":72.90628477429954},""SR3_recency"":{""value"":239,""score"":0.0},""SR4_price_location"":{""score"":72.60637122785322},""SR5_reaction"":{""value"":2.133630074023899,""score"":100},""_score"":51.59,""_levels_found"":7,""_target_level"":13.7},""volume"":{""V1_rvol_day"":{""value"":0.9088542620950317,""score"":27.25695080633545},""V2_rvol_sameslot"":{""value"":0.7074434711426106,""score"":13.829564742840708,""status"":""ok""},""V3_breakout_bar"":{""value"":0.7702863223596111,""score"":18.019088157307408},""V4_base_dryup"":{""value"":0.7480016714074983,""score"":75.19983285925017},""V5_bo_expansion"":{""value"":0.9088542620950317,""score"":0},""_score"":27.76},""readiness"":{""_distance_atr"":0.562,""BR1_atr_distance"":{""score"":62.520360604447966},""BR2_compression"":{""score"":45.48956977735306},""BR3_retest"":{""score"":50.0},""BR4_bo_age"":{""score"":50.0},""_score"":53.88},""risk"":{""R1_stop_clarity"":{""score"":46.11019401035372},""R2_stop_distance_pct"":{""value"":2.4555750560119556,""score"":100.0},""R3_stop_distance_atr"":{""value"":0.4454227103391563,""score"":47.27113551695782},""R4_rr_potential"":{""value"":5.687321986061482,""score"":100.0},""_score"":73.23},""market"":{""M1_spy_regime"":{""score"":100.0},""M3_earnings_risk"":{""value"":null,""score"":80.0},""M4_vix"":{""value"":null,""score"":60.0},""_score"":84.0},""liquidity"":{""L1_price"":{""value"":13.39,""score"":100.0},""L2_dollar_vol"":{""value"":34116050.1929533,""score"":76.64793723453292},""L3_spread_proxy"":{""value"":0.04069454817027634,""score"":59.30545182972366},""L4_volume_zscore"":{""value"":-0.21814041558511446,""score"":100.0},""_score"":86.59},""pattern_structure"":{""pole_low"":12.35,""pole_low_idx"":42,""peak_price"":13.805,""peak_idx"":54,""pole_gain"":0.11781376518218624,""flag_bars"":5,""flag_low"":13.2601,""flag_high"":13.66,""structural_low"":13.2601,""current_price"":13.305,""neckline_distance_pct"":0.03757985719654265,""base_bars"":5},""pattern_geometry_features"":{""pole_gain"":0.11781376518218624,""pullback_pct"":0.039471206084751916,""flag_range_pct"":0.0289677653024267,""flag_drift_per_bar"":-0.0025546786922211024,""atr_pct"":0.055129094206764116,""pole_atr_multiple"":2.13705243805241},""_schema_version"":""1.0""}",,,,,,,,,,
20260519T210226Z-93bc42,2026-05-19T21:02:26.159542+00:00,ZS,double_bottom,breakout_confirmed,52.78,58.5,66.8,36.4,30.3,36.6,45.5,33.2,84.0,94.8,8.77,16.69,2.91,4.24,4.75,3.64,1.99,5.04,4.74,False,,175.25,158.6099,142.9334,172.1098,"{""trend"":{""T1_ema_stack"":{""value"":[true,false,false],""score"":33.33333333333333},""T2_ema50_slope"":{""value"":-0.10659628646316657,""score"":32.233952256138906},""T3_high_proximity"":{""value"":1.0,""score"":99.99999999999997},""T4_rs_1m"":{""value"":0.26478521230902996,""score"":100},""T5_rs_3m"":{""value"":-0.0509994617615408,""score"":24.5002691192296},""T6_adr_healthy"":{""value"":4.806750480977874,""score"":100.0},""_score"":58.46},""geometry"":{""sub_low_similarity"":5.7,""sub_bounce_quality"":90.0,""sub_separation_fit"":100.0,""sub_right_bottom_reaction"":80.4,""sub_base_context"":100.0,""_score"":66.77},""compression"":{""VC1_atr_ratio"":{""value"":0.7066335530727477,""score"":73.34161173181309},""VC2_range_contraction"":{""value"":1.0966177958133814,""score"":0},""VC3_range_pct_rank"":{""score"":28.333333333333332},""_score"":36.42},""sr_quality"":{""SR1_touches"":{""value"":2,""score"":25.0},""SR2_tightness"":{""value"":2.2250000000000085,""score"":50.89748055997343},""SR3_recency"":{""value"":309,""score"":0.0},""SR4_price_location"":{""score"":17.83383951776981},""SR5_reaction"":{""value"":1.4240337522679372,""score"":71.20168761339686},""_score"":30.27,""_levels_found"":7,""_target_level"":224.015},""volume"":{""V1_rvol_day"":{""value"":1.4272422191287408,""score"":61.81614794191606},""V2_rvol_sameslot"":{""value"":1.2099772167285152,""score"":47.331814448567684,""status"":""ok""},""V3_breakout_bar"":{""value"":0.5791803556262823,""score"":5.27869037508549},""V4_base_dryup"":{""value"":1.0424118854672848,""score"":45.75881145327152},""V5_bo_expansion"":{""value"":1.427242219128741,""score"":28.482814608582736},""_score"":36.57},""readiness"":{""_distance_atr"":-1.836,""BR1_atr_distance"":{""score"":23.27771533779854},""BR2_compression"":{""score"":74.9349728000963},""BR3_retest"":{""score"":50.0},""BR4_bo_age"":{""score"":50.0},""_score"":45.54},""risk"":{""R1_stop_clarity"":{""score"":51.96449485881654},""R2_stop_distance_pct"":{""value"":18.440313837375168,""score"":0.0},""R3_stop_distance_atr"":{""value"":3.56590771878995,""score"":100.0},""R4_rr_potential"":{""value"":-0.09716972520357137,""score"":0.0},""_score"":33.19},""market"":{""M1_spy_regime"":{""score"":100.0},""M3_earnings_risk"":{""value"":null,""score"":80.0},""M4_vix"":{""value"":null,""score"":60.0},""_score"":84.0},""liquidity"":{""L1_price"":{""value"":175.25,""score"":100.0},""L2_dollar_vol"":{""value"":754882923.3829521,""score"":100.0},""L3_spread_proxy"":{""value"":0.051468758915834564,""score"":48.53124108416544},""L4_volume_zscore"":{""value"":1.0950722789611862,""score"":100.0},""_score"":94.85},""pattern_structure"":{""left_low"":145.11,""left_idx"":32,""right_low"":152.12,""right_idx"":62,""separation_bars"":30,""structural_low"":145.11,""current_price"":175.9,""neckline_distance_pct"":-0.09829505400795904,""base_bars"":30},""pattern_geometry_features"":{""low_similarity_pct"":0.04716885913265815,""bounce_pct"":0.09303218248225481,""right_bottom_reaction"":0.8043267230619877,""atr_pct"":0.051712818422661476},""_schema_version"":""1.0""}",,,,,,,,,,
20260519T210226Z-93bc42,2026-05-19T21:02:26.159542+00:00,INTU,double_bottom,forming,52.63,21.0,53.8,42.3,61.3,50.3,49.2,64.6,84.0,93.5,3.15,13.45,3.38,8.58,6.53,3.93,3.88,5.04,4.67,False,,399.71,411.8,375.7874,442.09,"{""trend"":{""T1_ema_stack"":{""value"":[true,false,false],""score"":33.33333333333333},""T2_ema50_slope"":{""value"":-0.2793673002035841,""score"":3.438783299402651},""T3_high_proximity"":{""value"":0.8307043248747843,""score"":15.352162437392124},""T4_rs_1m"":{""value"":-0.04793625571238591,""score"":2.0637442876140852},""T5_rs_3m"":{""value"":-0.04309659857776471,""score"":28.451700711117645},""T6_adr_healthy"":{""value"":3.790291850506522,""score"":100.0},""_score"":21.0},""geometry"":{""sub_low_similarity"":68.7,""sub_bounce_quality"":70.6,""sub_separation_fit"":0.0,""sub_right_bottom_reaction"":87.2,""sub_base_context"":30.0,""_score"":53.81},""compression"":{""VC1_atr_ratio"":{""value"":0.5181963046046716,""score"":100},""VC2_range_contraction"":{""value"":1.0125074474634836,""score"":0},""VC3_range_pct_rank"":{""score"":9.166666666666668},""_score"":42.29},""sr_quality"":{""SR1_touches"":{""value"":4,""score"":75.0},""SR2_tightness"":{""value"":4.184770364294199,""score"":55.08786090645721},""SR3_recency"":{""value"":234,""score"":0.0},""SR4_price_location"":{""score"":62.23657782449986},""SR5_reaction"":{""value"":2.1207648208034575,""score"":100},""_score"":61.32,""_levels_found"":6,""_target_level"":414.44},""volume"":{""V1_rvol_day"":{""value"":1.239310036572149,""score"":49.2873357714766},""V2_rvol_sameslot"":{""value"":1.2731571798130334,""score"":51.54381198753556,""status"":""ok""},""V3_breakout_bar"":{""value"":1.2017311476522279,""score"":46.78207651014852},""V4_base_dryup"":{""value"":0.6997897919015711,""score"":80.0210208098429},""V5_bo_expansion"":{""value"":1.239310036572149,""score"":15.954002438143267},""_score"":50.26},""readiness"":{""_distance_atr"":0.649,""BR1_atr_distance"":{""score"":56.74890022848252},""BR2_compression"":{""score"":35.82977243534256},""BR3_retest"":{""score"":50.0},""BR4_bo_age"":{""score"":50.0},""_score"":49.16},""risk"":{""R1_stop_clarity"":{""score"":38.582901710304384},""R2_stop_distance_pct"":{""value"":5.985001626178974,""score"":100.0},""R3_stop_distance_atr"":{""value"":1.283723228224676,""score"":89.1861614112338},""R4_rr_potential"":{""value"":1.7715428683695198,""score"":38.57714341847599},""_score"":64.6},""market"":{""M1_spy_regime"":{""score"":100.0},""M3_earnings_risk"":{""value"":null,""score"":80.0},""M4_vix"":{""value"":null,""score"":60.0},""_score"":84.0},""liquidity"":{""L1_price"":{""value"":399.71,""score"":100.0},""L2_dollar_vol"":{""value"":1273059007.6603184,""score"":100.0},""L3_spread_proxy"":{""value"":0.06524730429561429,""score"":34.752695704385715},""L4_volume_zscore"":{""value"":1.0194793660658605,""score"":100.0},""_score"":93.48},""pattern_structure"":{""left_low"":381.51,""left_idx"":20,""right_low"":387.52,""right_idx"":68,""separation_bars"":48,""structural_low"":381.51,""current_price"":401.08,""neckline_distance_pct"":0.026727834845916097,""base_bars"":48},""pattern_geometry_features"":{""low_similarity_pct"":0.01563007945073662,""bounce_pct"":0.0793950355167624,""right_bottom_reaction"":0.8715415019762863,""atr_pct"":0.04662221181785366},""_schema_version"":""1.0""}",,,,,,,,,,
20260519T210226Z-93bc42,2026-05-19T21:02:26.159542+00:00,ICE,ascending_triangle,forming,52.31,22.3,61.3,61.0,53.5,42.4,26.5,57.5,84.0,97.8,3.35,17.15,4.88,7.5,5.08,2.12,2.3,5.04,4.89,True,risk_unclear,154.11,158.9025,151.3354,164.165,"{""trend"":{""T1_ema_stack"":{""value"":[false,false,false],""score"":0.0},""T2_ema50_slope"":{""value"":-0.10013062441536984,""score"":33.31156259743836},""T3_high_proximity"":{""value"":0.9184695154657609,""score"":59.23475773288045},""T4_rs_1m"":{""value"":-0.0757596771027581,""score"":0},""T5_rs_3m"":{""value"":-0.07608450817554313,""score"":11.957745912228432},""T6_adr_healthy"":{""value"":2.3479796117440492,""score"":100.0},""_score"":22.34},""geometry"":{""sub_flat_top_quality"":100,""sub_hl_slope"":2.2,""sub_compression"":62.4,""sub_duration"":100.0,""_score"":61.26},""compression"":{""VC1_atr_ratio"":{""value"":0.4137224517318308,""score"":100},""VC2_range_contraction"":{""value"":0.8151090412971131,""score"":30.815159783814476},""VC3_range_pct_rank"":{""score"":40.833333333333336},""_score"":60.99},""sr_quality"":{""SR1_touches"":{""value"":3,""score"":50.0},""SR2_tightness"":{""value"":0.27307915010528006,""score"":86.24179955817408},""SR3_recency"":{""value"":241,""score"":0.0},""SR4_price_location"":{""score"":54.924511780159435},""SR5_reaction"":{""value"":1.584706985247152,""score"":79.2353492623576},""_score"":53.55,""_levels_found"":7,""_target_level"":155.3883},""volume"":{""V1_rvol_day"":{""value"":1.1176625518171188,""score"":41.17750345447459},""V2_rvol_sameslot"":{""value"":1.174209034564706,""score"":44.9472689709804,""status"":""ok""},""V3_breakout_bar"":{""value"":1.175559116651795,""score"":45.03727444345299},""V4_base_dryup"":{""value"":0.8655838371403984,""score"":63.44161628596016},""V5_bo_expansion"":{""value"":1.117662551817119,""score"":7.8441701211412695},""_score"":42.35},""readiness"":{""_distance_atr"":1.207,""BR1_atr_distance"":{""score"":19.515183794356318},""BR2_compression"":{""score"":4.687872991343656},""BR3_retest"":{""score"":50.0},""BR4_bo_age"":{""score"":50.0},""_score"":26.48},""risk"":{""R1_stop_clarity"":{""score"":0},""R2_stop_distance_pct"":{""value"":1.8004023100382978,""score"":95.01005775095744},""R3_stop_distance_atr"":{""value"":0.6989457622666075,""score"":59.94728811333038},""R4_rr_potential"":{""value"":3.6239457939882977,""score"":100.0},""_score"":57.5},""market"":{""M1_spy_regime"":{""score"":100.0},""M3_earnings_risk"":{""value"":null,""score"":80.0},""M4_vix"":{""value"":null,""score"":60.0},""_score"":84.0},""liquidity"":{""L1_price"":{""value"":154.11,""score"":100.0},""L2_dollar_vol"":{""value"":537181866.7027504,""score"":100.0},""L3_spread_proxy"":{""value"":0.021478164947115526,""score"":78.52183505288447},""L4_volume_zscore"":{""value"":0.4052943426432709,""score"":100.0},""_score"":97.85},""pattern_structure"":{""top"":158.9025,""top_touches"":4,""low_slope_per_bar"":0.010177872062664016,""lowest_low"":153.64,""structural_low"":153.64,""current_price"":155.09,""neckline_distance_pct"":0.02458250048359017,""base_bars"":30},""pattern_geometry_features"":{""top_touches"":4.0,""low_slope"":0.010177872062664016,""compression"":0.31206748059423883,""atr_pct"":0.025758827182810043},""_schema_version"":""1.0""}",,,,,,,,,,
20260519T210226Z-93bc42,2026-05-19T21:02:26.159542+00:00,ICE,vcp,forming,52.22,22.3,57.7,61.0,53.5,45.2,26.5,60.8,84.0,97.8,3.35,14.41,7.32,6.43,5.88,1.85,3.04,5.04,4.89,True,risk_unclear,154.11,158.9025,150.3799,169.1025,"{""trend"":{""T1_ema_stack"":{""value"":[false,false,false],""score"":0.0},""T2_ema50_slope"":{""value"":-0.10013062441536984,""score"":33.31156259743836},""T3_high_proximity"":{""value"":0.9184695154657609,""score"":59.23475773288045},""T4_rs_1m"":{""value"":-0.0757596771027581,""score"":0},""T5_rs_3m"":{""value"":-0.07608450817554313,""score"":11.957745912228432},""T6_adr_healthy"":{""value"":2.3479796117440492,""score"":100.0},""_score"":22.34},""geometry"":{""sub_contraction_count"":100.0,""sub_reduction_rate"":21.6,""sub_pivot_tightness"":86.9,""sub_volume_dryup"":19.8,""sub_base_depth"":12.6,""sub_base_duration"":100.0,""_score"":57.66},""compression"":{""VC1_atr_ratio"":{""value"":0.4137224517318308,""score"":100},""VC2_range_contraction"":{""value"":0.8151090412971131,""score"":30.815159783814476},""VC3_range_pct_rank"":{""score"":40.833333333333336},""_score"":60.99},""sr_quality"":{""SR1_touches"":{""value"":3,""score"":50.0},""SR2_tightness"":{""value"":0.27307915010528006,""score"":86.24179955817408},""SR3_recency"":{""value"":241,""score"":0.0},""SR4_price_location"":{""score"":54.924511780159435},""SR5_reaction"":{""value"":1.584706985247152,""score"":79.2353492623576},""_score"":53.55,""_levels_found"":7,""_target_level"":155.3883},""volume"":{""V1_rvol_day"":{""value"":1.1176625518171188,""score"":41.17750345447459},""V2_rvol_sameslot"":{""value"":1.174209034564706,""score"":44.9472689709804,""status"":""ok""},""V3_breakout_bar"":{""value"":1.175559116651795,""score"":45.03727444345299},""V4_base_dryup"":{""value"":0.7217195450724818,""score"":77.82804549275181},""V5_bo_expansion"":{""value"":1.117662551817119,""score"":7.8441701211412695},""_score"":45.23},""readiness"":{""_distance_atr"":1.207,""BR1_atr_distance"":{""score"":19.515183794356318},""BR2_compression"":{""score"":4.687872991343656},""BR3_retest"":{""score"":50.0},""BR4_bo_age"":{""score"":50.0},""_score"":26.48},""risk"":{""R1_stop_clarity"":{""score"":0},""R2_stop_distance_pct"":{""value"":2.4203815456492332,""score"":100.0},""R3_stop_distance_atr"":{""value"":0.9396318894768846,""score"":71.98159447384423},""R4_rr_potential"":{""value"":4.019383118188729,""score"":100.0},""_score"":60.8},""market"":{""M1_spy_regime"":{""score"":100.0},""M3_earnings_risk"":{""value"":null,""score"":80.0},""M4_vix"":{""value"":null,""score"":60.0},""_score"":84.0},""liquidity"":{""L1_price"":{""value"":154.11,""score"":100.0},""L2_dollar_vol"":{""value"":537181866.7027504,""score"":100.0},""L3_spread_proxy"":{""value"":0.021478164947115526,""score"":78.52183505288447},""L4_volume_zscore"":{""value"":0.4052943426432709,""score"":100.0},""_score"":97.85},""pattern_structure"":{""n_contractions"":5,""contractions_pct"":[6.44,6.19,6.38,5.57,3.92],""descending_strict"":false,""final_low"":152.67,""final_pivot"":158.9025,""structural_low"":152.67,""dry_up_ratio"":0.9011685270076957,""current_price"":154.11,""neckline_distance_pct"":0.031097917072221072,""base_bars"":40},""pattern_geometry_features"":{""contraction_count"":5.0,""first_contraction_pct"":0.06440719592312893,""last_contraction_pct"":0.03922216453485638,""dry_up_ratio"":0.9011685270076957,""near_monotone"":0.0,""base_depth_pct"":0.06262663473936278},""_schema_version"":""1.0""}",,,,,,,,,,
20260519T210226Z-93bc42,2026-05-19T21:02:26.159542+00:00,AIR,base_on_base,forming,52.09,22.9,54.1,51.0,60.7,65.2,18.3,71.1,84.0,90.7,4.12,13.54,5.1,6.07,7.83,1.47,3.56,5.88,4.54,False,,100.89,121.59,97.6923,132.945,"{""trend"":{""T1_ema_stack"":{""value"":[false,false,true],""score"":33.33333333333333},""T2_ema50_slope"":{""value"":-0.015248823753986354,""score"":47.458529374335605},""T3_high_proximity"":{""value"":0.8007778395110724,""score"":0.38891975553617675},""T4_rs_1m"":{""value"":-0.20811835594205275,""score"":0},""T5_rs_3m"":{""value"":-0.18898920685736764,""score"":0},""T6_adr_healthy"":{""value"":3.794383209289249,""score"":100.0},""_score"":22.88},""geometry"":{""sub_shallower_second"":0,""sub_second_base_depth"":95.7,""sub_rim_advance"":100,""sub_dry_up"":0,""sub_second_base_duration"":100.0,""_score"":54.14},""compression"":{""VC1_atr_ratio"":{""value"":0.43461153102000993,""score"":100},""VC2_range_contraction"":{""value"":1.011956439404971,""score"":0},""VC3_range_pct_rank"":{""score"":44.166666666666664},""_score"":51.04},""sr_quality"":{""SR1_touches"":{""value"":5,""score"":100},""SR2_tightness"":{""value"":0.9743018012915706,""score"":57.16433450182541},""SR3_recency"":{""value"":237,""score"":0.0},""SR4_price_location"":{""score"":28.399311531841587},""SR5_reaction"":{""value"":2.393327921389686,""score"":100},""_score"":60.67,""_levels_found"":5,""_target_level"":103.386},""volume"":{""V1_rvol_day"":{""value"":1.290215128324193,""score"":52.681008554946196},""V2_rvol_sameslot"":{""value"":1.679498081518914,""score"":78.63320543459426,""status"":""ok""},""V3_breakout_bar"":{""value"":1.9870314158655233,""score"":99.13542772436821},""V4_base_dryup"":{""value"":0.9359011493784356,""score"":56.40988506215644},""V5_bo_expansion"":{""value"":1.2902151283241927,""score"":19.347675221612846},""_score"":65.23},""readiness"":{""_distance_atr"":4.55,""BR1_atr_distance"":{""score"":0},""BR2_compression"":{""score"":3.3321675660122896},""BR3_retest"":{""score"":50.0},""BR4_bo_age"":{""score"":50.0},""_score"":18.33},""risk"":{""R1_stop_clarity"":{""score"":34.59252617909961},""R2_stop_distance_pct"":{""value"":3.169491525423726,""score"":100.0},""R3_stop_distance_atr"":{""value"":0.7029423910636973,""score"":60.14711955318486},""R4_rr_potential"":{""value"":10.024392532132476,""score"":100.0},""_score"":71.13},""market"":{""M1_spy_regime"":{""score"":100.0},""M3_earnings_risk"":{""value"":null,""score"":80.0},""M4_vix"":{""value"":null,""score"":60.0},""_score"":84.0},""liquidity"":{""L1_price"":{""value"":100.89,""score"":100.0},""L2_dollar_vol"":{""value"":51663633.77392722,""score"":85.65924745584552},""L3_spread_proxy"":{""value"":0.03548419070274555,""score"":64.51580929725445},""L4_volume_zscore"":{""value"":1.2208796093050869,""score"":100.0},""_score"":90.72},""pattern_structure"":{""first_base_low"":76.1,""first_base_top"":87.455,""first_base_bars"":58,""second_base_low"":99.18,""second_base_top"":121.59,""second_base_bars"":47,""structural_low"":99.18,""stacking_overlap_pct"":-0.13406894974558353,""current_price"":100.89,""neckline_distance_pct"":0.2051739518287244,""base_bars"":47},""pattern_geometry_features"":{""first_base_depth_pct"":0.12983820250414504,""second_base_depth_pct"":0.18430792005921537,""second_dry_up_ratio"":1.0362053099948179,""rim_advance_pct"":0.39031501915270717,""atr_pct"":0.04508892287215215},""_schema_version"":""1.0""}",,,,,,,,,,
20260519T210226Z-93bc42,2026-05-19T21:02:26.159542+00:00,INTU,vcp,forming,52.03,21.0,53.8,42.3,61.3,51.0,40.1,76.9,84.0,93.5,3.15,13.45,5.07,7.36,6.63,2.8,3.84,5.04,4.67,False,,399.71,418.15,375.7874,519.85,"{""trend"":{""T1_ema_stack"":{""value"":[true,false,false],""score"":33.33333333333333},""T2_ema50_slope"":{""value"":-0.2793673002035841,""score"":3.438783299402651},""T3_high_proximity"":{""value"":0.8307043248747843,""score"":15.352162437392124},""T4_rs_1m"":{""value"":-0.04793625571238591,""score"":2.0637442876140852},""T5_rs_3m"":{""value"":-0.04309659857776471,""score"":28.451700711117645},""T6_adr_healthy"":{""value"":3.790291850506522,""score"":100.0},""_score"":21.0},""geometry"":{""sub_contraction_count"":100.0,""sub_reduction_rate"":0,""sub_pivot_tightness"":17.7,""sub_volume_dryup"":41.0,""sub_base_depth"":100.0,""sub_base_duration"":100.0,""_score"":53.8},""compression"":{""VC1_atr_ratio"":{""value"":0.5181963046046716,""score"":100},""VC2_range_contraction"":{""value"":1.0125074474634836,""score"":0},""VC3_range_pct_rank"":{""score"":9.166666666666668},""_score"":42.29},""sr_quality"":{""SR1_touches"":{""value"":4,""score"":75.0},""SR2_tightness"":{""value"":4.184770364294199,""score"":55.08786090645721},""SR3_recency"":{""value"":234,""score"":0.0},""SR4_price_location"":{""score"":62.23657782449986},""SR5_reaction"":{""value"":2.1207648208034575,""score"":100},""_score"":61.32,""_levels_found"":6,""_target_level"":414.44},""volume"":{""V1_rvol_day"":{""value"":1.239310036572149,""score"":49.2873357714766},""V2_rvol_sameslot"":{""value"":1.2731571798130334,""score"":51.54381198753556,""status"":""ok""},""V3_breakout_bar"":{""value"":1.2017311476522279,""score"":46.78207651014852},""V4_base_dryup"":{""value"":0.6624137539913677,""score"":83.75862460086323},""V5_bo_expansion"":{""value"":1.239310036572149,""score"":15.954002438143267},""_score"":51.01},""readiness"":{""_distance_atr"":0.99,""BR1_atr_distance"":{""score"":34.03223492251611},""BR2_compression"":{""score"":35.82977243534256},""BR3_retest"":{""score"":50.0},""BR4_bo_age"":{""score"":50.0},""_score"":40.07},""risk"":{""R1_stop_clarity"":{""score"":38.582901710304384},""R2_stop_distance_pct"":{""value"":5.985001626178974,""score"":100.0},""R3_stop_distance_atr"":{""value"":1.283723228224676,""score"":89.1861614112338},""R4_rr_potential"":{""value"":5.0220188816874405,""score"":100.0},""_score"":76.88},""market"":{""M1_spy_regime"":{""score"":100.0},""M3_earnings_risk"":{""value"":null,""score"":80.0},""M4_vix"":{""value"":null,""score"":60.0},""_score"":84.0},""liquidity"":{""L1_price"":{""value"":399.71,""score"":100.0},""L2_dollar_vol"":{""value"":1273059007.6603184,""score"":100.0},""L3_spread_proxy"":{""value"":0.06524730429561429,""score"":34.752695704385715},""L4_volume_zscore"":{""value"":1.0194793660658605,""score"":100.0},""_score"":93.48},""pattern_structure"":{""n_contractions"":5,""contractions_pct"":[11.22,13.75,21.64,10.75,8.76],""descending_strict"":false,""final_low"":381.51,""final_pivot"":418.15,""structural_low"":381.51,""dry_up_ratio"":0.7947684051937449,""current_price"":399.71,""neckline_distance_pct"":0.04613344674889294,""base_bars"":42},""pattern_geometry_features"":{""contraction_count"":5.0,""first_contraction_pct"":0.11220794271641724,""last_contraction_pct"":0.0876240583522659,""dry_up_ratio"":0.7947684051937449,""near_monotone"":0.0,""base_depth_pct"":0.2104674986030918},""_schema_version"":""1.0""}",,,,,,,,,,
20260519T210226Z-93bc42,2026-05-19T21:02:26.159542+00:00,RDVT,vcp,breakout_failed,51.79,88.2,35.0,27.0,57.9,41.5,55.1,36.0,84.0,70.5,13.23,8.75,3.24,6.95,5.4,3.86,1.8,5.04,3.52,False,,50.1,50.85,43.3219,50.8684,"{""trend"":{""T1_ema_stack"":{""value"":[true,true,false],""score"":66.66666666666666},""T2_ema50_slope"":{""value"":0.1968571497375006,""score"":82.8095249562501},""T3_high_proximity"":{""value"":1.0,""score"":99.99999999999997},""T4_rs_1m"":{""value"":0.17193994399541945,""score"":100},""T5_rs_3m"":{""value"":0.11471213222537524,""score"":100},""T6_adr_healthy"":{""value"":6.064447917355813,""score"":100.0},""_score"":88.23},""geometry"":{""sub_contraction_count"":100.0,""sub_reduction_rate"":0,""sub_pivot_tightness"":0,""sub_volume_dryup"":0,""sub_base_depth"":0.0,""sub_base_duration"":100.0,""_score"":35.0},""compression"":{""VC1_atr_ratio"":{""value"":0.7406525456367741,""score"":64.83686359080649},""VC2_range_contraction"":{""value"":1.6243849011969747,""score"":0},""VC3_range_pct_rank"":{""score"":4.1666666666666625},""_score"":26.98},""sr_quality"":{""SR1_touches"":{""value"":2,""score"":25.0},""SR2_tightness"":{""value"":0.129999999999999,""score"":92.13929854037146},""SR3_recency"":{""value"":231,""score"":0.0},""SR4_price_location"":{""score"":88.60204023479794},""SR5_reaction"":{""value"":1.921094969798927,""score"":96.05474848994635},""_score"":57.88,""_levels_found"":6,""_target_level"":50.98},""volume"":{""V1_rvol_day"":{""value"":1.4171829124222621,""score"":61.14552749481747},""V2_rvol_sameslot"":{""value"":1.1898512058894124,""score"":45.99008039262749,""status"":""ok""},""V3_breakout_bar"":{""value"":0.9922816146880379,""score"":32.81877431253586},""V4_base_dryup"":{""value"":1.1141429084062429,""score"":38.58570915937571},""V5_bo_expansion"":{""value"":1.4171829124222621,""score"":27.812194161484143},""_score"":41.52},""readiness"":{""_distance_atr"":0.227,""BR1_atr_distance"":{""score"":84.88326642379114},""BR2_compression"":{""score"":14.702291939151607},""BR3_retest"":{""score"":50.0},""BR4_bo_age"":{""score"":50.0},""_score"":55.13},""risk"":{""R1_stop_clarity"":{""score"":60.10851223267693},""R2_stop_distance_pct"":{""value"":13.52918962075848,""score"":0.0},""R3_stop_distance_atr"":{""value"":2.049261893090141,""score"":100.0},""R4_rr_potential"":{""value"":0.1133647009113436,""score"":0.0},""_score"":36.04},""market"":{""M1_spy_regime"":{""score"":100.0},""M3_earnings_risk"":{""value"":null,""score"":80.0},""M4_vix"":{""value"":null,""score"":60.0},""_score"":84.0},""liquidity"":{""L1_price"":{""value"":50.1,""score"":100.0},""L2_dollar_vol"":{""value"":10069597.1189454,""score"":50.150604746553505},""L3_spread_proxy"":{""value"":0.09600798403193603,""score"":3.992015968063967},""L4_volume_zscore"":{""value"":0.7387050537420032,""score"":100.0},""_score"":70.46},""pattern_structure"":{""n_contractions"":5,""contractions_pct"":[9.59,28.21,11.38,16.72,13.51],""descending_strict"":false,""final_low"":43.9816,""final_pivot"":50.85,""structural_low"":43.9816,""dry_up_ratio"":2.0635084741908587,""current_price"":50.1,""neckline_distance_pct"":0.014970059880239521,""base_bars"":57},""pattern_geometry_features"":{""contraction_count"":5.0,""first_contraction_pct"":0.09590909090909089,""last_contraction_pct"":0.13507177974434614,""dry_up_ratio"":2.0635084741908587,""near_monotone"":0.0,""base_depth_pct"":0.0004181818181818125},""_schema_version"":""1.0""}",,,,,,,,,,
20260519T210226Z-93bc42,2026-05-19T21:02:26.159542+00:00,QTWO,breakout_retest_hold,retest_hold,51.79,16.2,60.3,50.2,45.2,39.3,66.8,56.7,84.0,91.5,2.27,13.26,3.01,6.33,5.11,12.02,2.84,4.2,2.75,False,,47.23,46.67,46.3914,46.29,"{""trend"":{""T1_ema_stack"":{""value"":[false,false,false],""score"":0.0},""T2_ema50_slope"":{""value"":-0.14807006602513179,""score"":25.321655662478033},""T3_high_proximity"":{""value"":0.8823089856155426,""score"":41.154492807771284},""T4_rs_1m"":{""value"":-0.148673615932296,""score"":0},""T5_rs_3m"":{""value"":-0.16658373372926705,""score"":0},""T6_adr_healthy"":{""value"":4.799700269370303,""score"":100.0},""_score"":16.24},""geometry"":{""sub_retest_depth"":24.3,""sub_retest_timing"":40.0,""sub_retest_freshness"":75.0,""sub_hold_quality"":100.0,""_score"":60.29},""compression"":{""VC1_atr_ratio"":{""value"":0.4847591273594267,""score"":100},""VC2_range_contraction"":{""value"":1.016784624842996,""score"":0},""VC3_range_pct_rank"":{""score"":40.833333333333336},""_score"":50.21},""sr_quality"":{""SR1_touches"":{""value"":3,""score"":50.0},""SR2_tightness"":{""value"":0.12970050972229244,""score"":89.87700432359657},""SR3_recency"":{""value"":252,""score"":0.0},""SR4_price_location"":{""score"":6.939090208172797},""SR5_reaction"":{""value"":2.159355793179466,""score"":100},""_score"":45.22,""_levels_found"":7,""_target_level"":51.2533},""volume"":{""V1_rvol_day"":{""value"":1.1425682433359305,""score"":42.83788288906204},""V2_rvol_sameslot"":{""value"":1.4204850655416807,""score"":61.36567103611205,""status"":""ok""},""V3_breakout_bar"":{""value"":1.5243973115650706,""score"":68.29315410433804},""V4_base_dryup"":{""value"":1.6609021665255121,""score"":0},""V5_bo_expansion"":{""value"":1.1425682433359303,""score"":9.504549555728687},""_score"":39.34},""readiness"":{""_distance_atr"":-0.219,""BR1_atr_distance"":{""score"":100.0},""BR2_compression"":{""score"":9.022388974197955},""BR3_retest"":{""score"":100},""BR4_bo_age"":{""score"":30.0},""_score"":66.76},""risk"":{""R1_stop_clarity"":{""score"":63.426236457208354},""R2_stop_distance_pct"":{""value"":1.775566377302561,""score"":94.38915943256403},""R3_stop_distance_atr"":{""value"":0.32725947617354806,""score"":41.3629738086774},""R4_rr_potential"":{""value"":-1.1209158120677214,""score"":0.0},""_score"":56.72},""market"":{""M1_spy_regime"":{""score"":100.0},""M3_earnings_risk"":{""value"":null,""score"":80.0},""M4_vix"":{""value"":null,""score"":60.0},""_score"":84.0},""liquidity"":{""L1_price"":{""value"":47.23,""score"":100.0},""L2_dollar_vol"":{""value"":59246471.44024907,""score"":88.63312450232495},""L3_spread_proxy"":{""value"":0.03938168536946856,""score"":60.618314630531444},""L4_volume_zscore"":{""value"":0.257477342864791,""score"":100.0},""_score"":91.52},""pattern_structure"":{""level"":46.67,""level_idx"":62,""breakout_idx"":68,""bo_peak_idx"":74,""bo_peak_price"":48.429997,""retest_idx"":79,""retest_low"":46.86,""structural_low"":46.86,""current_price"":46.97,""neckline_distance_pct"":-0.0063870555673833755,""base_bars"":17,""bars_since_breakout"":11},""pattern_geometry_features"":{""retest_depth_atr"":-0.23010386594390703,""bars_breakout_to_retest"":11.0,""bars_since_retest"":0.0,""current_above_level_atr"":0.3633218935956436,""bo_peak_excess_pct"":0.03771152774801796,""atr_pct"":0.054255613865279356},""_schema_version"":""1.0""}",,,,,,,,,,
20260519T210226Z-93bc42,2026-05-19T21:02:26.159542+00:00,FROG,vcp,absent,51.77,100.0,35.0,14.4,31.9,54.0,55.9,34.8,84.0,95.1,15.0,8.75,1.72,3.83,7.01,3.91,1.74,5.04,4.75,False,,70.63,72.06,61.0799,61.895,"{""trend"":{""T1_ema_stack"":{""value"":[true,true,true],""score"":100.0},""T2_ema50_slope"":{""value"":0.48717945751520714,""score"":100},""T3_high_proximity"":{""value"":1.0,""score"":99.99999999999997},""T4_rs_1m"":{""value"":0.5149744172704334,""score"":100},""T5_rs_3m"":{""value"":0.41438657036862225,""score"":100},""T6_adr_healthy"":{""value"":5.594040209847904,""score"":100.0},""_score"":100.0},""geometry"":{""sub_contraction_count"":100.0,""sub_reduction_rate"":0,""sub_pivot_tightness"":0,""sub_volume_dryup"":0,""sub_base_depth"":0.0,""sub_base_duration"":100.0,""_score"":35.0},""compression"":{""VC1_atr_ratio"":{""value"":1.021777479402161,""score"":0},""VC2_range_contraction"":{""value"":1.0792251436856737,""score"":0},""VC3_range_pct_rank"":{""score"":57.49999999999999},""_score"":14.37},""sr_quality"":{""SR1_touches"":{""value"":2,""score"":25.0},""SR2_tightness"":{""value"":1.024950000000004,""score"":52.23435931833258},""SR3_recency"":{""value"":324,""score"":0.0},""SR4_price_location"":{""score"":30.0},""SR5_reaction"":{""value"":1.2139938517461923,""score"":60.69969258730962},""_score"":31.94,""_levels_found"":7,""_target_level"":69.4049},""volume"":{""V1_rvol_day"":{""value"":0.9548474490527568,""score"":30.323163270183784},""V2_rvol_sameslot"":{""value"":1.5316030119303445,""score"":68.77353412868963,""status"":""ok""},""V3_breakout_bar"":{""value"":1.9707077480273707,""score"":98.04718320182472},""V4_base_dryup"":{""value"":1.0184761146483754,""score"":48.15238853516246},""V5_bo_expansion"":{""value"":0.954847449052757,""score"":0},""_score"":53.96},""readiness"":{""_distance_atr"":0.333,""BR1_atr_distance"":{""score"":77.78595177820561},""BR2_compression"":{""score"":29.18100493418191},""BR3_retest"":{""score"":50.0},""BR4_bo_age"":{""score"":50.0},""_score"":55.91},""risk"":{""R1_stop_clarity"":{""score"":56.65231408356245},""R2_stop_distance_pct"":{""value"":13.52137901741469,""score"":0.0},""R3_stop_distance_atr"":{""value"":2.2253233492171525,""score"":100.0},""R4_rr_potential"":{""value"":-0.91464531970702,""score"":0.0},""_score"":34.83},""market"":{""M1_spy_regime"":{""score"":100.0},""M3_earnings_risk"":{""value"":null,""score"":80.0},""M4_vix"":{""value"":null,""score"":60.0},""_score"":84.0},""liquidity"":{""L1_price"":{""value"":70.63,""score"":100.0},""L2_dollar_vol"":{""value"":189668569.73738945,""score"":100.0},""L3_spread_proxy"":{""value"":0.04899192977488325,""score"":51.00807022511675},""L4_volume_zscore"":{""value"":-0.07191685684300854,""score"":100.0},""_score"":95.1},""pattern_structure"":{""n_contractions"":5,""contractions_pct"":[34.32,4.24,20.96,9.72,13.95],""descending_strict"":false,""final_low"":62.01,""final_pivot"":72.06,""structural_low"":62.01,""dry_up_ratio"":1.4872218874485619,""current_price"":70.63,""neckline_distance_pct"":0.020246354240407858,""base_bars"":58},""pattern_geometry_features"":{""contraction_count"":5.0,""first_contraction_pct"":0.3432346417205131,""last_contraction_pct"":0.13946711074104917,""dry_up_ratio"":1.4872218874485619,""near_monotone"":0.0,""base_depth_pct"":-0.19606519432925062},""_schema_version"":""1.0""}",,,,,,,,,,
20260519T210226Z-93bc42,2026-05-19T21:02:26.159542+00:00,CEPT,vcp,breakout_confirmed,51.36,91.6,37.0,11.3,44.4,53.9,61.2,26.8,84.0,80.2,13.74,9.26,1.36,5.32,7.01,4.29,1.34,5.04,4.01,True,risk_unclear,12.68,12.49,11.1896,12.77,"{""trend"":{""T1_ema_stack"":{""value"":[true,true,true],""score"":100.0},""T2_ema50_slope"":{""value"":0.17719792811099475,""score"":79.53298801849913},""T3_high_proximity"":{""value"":1.0,""score"":99.99999999999997},""T4_rs_1m"":{""value"":0.11326175297045005,""score"":100},""T5_rs_3m"":{""value"":0.042180575155912337,""score"":71.09028757795616},""T6_adr_healthy"":{""value"":3.375959968861871,""score"":100.0},""_score"":91.57},""geometry"":{""sub_contraction_count"":100.0,""sub_reduction_rate"":0,""sub_pivot_tightness"":13.6,""sub_volume_dryup"":0,""sub_base_depth"":0.0,""sub_base_duration"":100.0,""_score"":37.04},""compression"":{""VC1_atr_ratio"":{""value"":0.9077153554680839,""score"":23.07116113297902},""VC2_range_contraction"":{""value"":1.5253185430634109,""score"":0},""VC3_range_pct_rank"":{""score"":8.333333333333337},""_score"":11.31},""sr_quality"":{""SR1_touches"":{""value"":2,""score"":25.0},""SR2_tightness"":{""value"":0.009999999999999787,""score"":95.80606024294903},""SR3_recency"":{""value"":199,""score"":0.0},""SR4_price_location"":{""score"":30.0},""SR5_reaction"":{""value"":2.170258975779997,""score"":100},""_score"":44.37,""_levels_found"":3,""_target_level"":11.65},""volume"":{""V1_rvol_day"":{""value"":2.219619507173605,""score"":100},""V2_rvol_sameslot"":{""value"":1.5280284331068545,""score"":68.5352288737903,""status"":""ok""},""V3_breakout_bar"":{""value"":0.4988668601674226,""score"":0},""V4_base_dryup"":{""value"":1.100787086994041,""score"":39.9212913005959},""V5_bo_expansion"":{""value"":2.2196195071736056,""score"":81.30796714490704},""_score"":53.89},""readiness"":{""_distance_atr"":-0.398,""BR1_atr_distance"":{""score"":100.0},""BR2_compression"":{""score"":15.011886154624731},""BR3_retest"":{""score"":50.0},""BR4_bo_age"":{""score"":50.0},""_score"":61.25},""risk"":{""R1_stop_clarity"":{""score"":28.535266539849573},""R2_stop_distance_pct"":{""value"":11.753943217665624,""score"":6.151419558359406},""R3_stop_distance_atr"":{""value"":3.1253239069544536,""score"":100.0},""R4_rr_potential"":{""value"":0.06038647342995274,""score"":0.0},""_score"":26.83},""market"":{""M1_spy_regime"":{""score"":100.0},""M3_earnings_risk"":{""value"":null,""score"":80.0},""M4_vix"":{""value"":null,""score"":60.0},""_score"":84.0},""liquidity"":{""L1_price"":{""value"":12.68,""score"":100.0},""L2_dollar_vol"":{""value"":19435165.57399948,""score"":64.4294122433939},""L3_spread_proxy"":{""value"":0.055205047318612074,""score"":44.794952681387926},""L4_volume_zscore"":{""value"":1.9814770438050673,""score"":100.0},""_score"":80.25},""pattern_structure"":{""n_contractions"":5,""contractions_pct"":[5.84,5.59,5.18,2.53,9.05],""descending_strict"":false,""final_low"":11.36,""final_pivot"":12.49,""structural_low"":11.36,""dry_up_ratio"":1.1421475400541987,""current_price"":12.68,""neckline_distance_pct"":-0.0149842271293375,""base_bars"":48},""pattern_geometry_features"":{""contraction_count"":5.0,""first_contraction_pct"":0.05841924398625427,""last_contraction_pct"":0.09047237790232192,""dry_up_ratio"":1.1421475400541987,""near_monotone"":0.0,""base_depth_pct"":0.02405498281786951},""_schema_version"":""1.0""}",,,,,,,,,,
20260519T210226Z-93bc42,2026-05-19T21:02:26.159542+00:00,MMYT,double_bottom,invalidated,51.36,9.4,60.1,40.0,49.3,90.5,21.5,36.9,84.0,81.8,1.41,15.03,3.2,6.9,11.76,1.72,2.22,5.04,4.09,False,,41.46,44.755,41.8625,47.01,"{""trend"":{""T1_ema_stack"":{""value"":[false,false,false],""score"":0.0},""T2_ema50_slope"":{""value"":-0.16703568850792078,""score"":22.1607185820132},""T3_high_proximity"":{""value"":0.7150741635046568,""score"":0},""T4_rs_1m"":{""value"":-0.19990714615846628,""score"":0},""T5_rs_3m"":{""value"":-0.3436659793008541,""score"":0},""T6_adr_healthy"":{""value"":4.416461312056038,""score"":100.0},""_score"":9.43},""geometry"":{""sub_low_similarity"":90.6,""sub_bounce_quality"":32.9,""sub_separation_fit"":100.0,""sub_right_bottom_reaction"":35.6,""sub_base_context"":30.0,""_score"":60.1},""compression"":{""VC1_atr_ratio"":{""value"":0.6023545851257451,""score"":99.41135371856372},""VC2_range_contraction"":{""value"":1.272163020243019,""score"":0},""VC3_range_pct_rank"":{""score"":0.8333333333333304},""_score"":39.97},""sr_quality"":{""SR1_touches"":{""value"":2,""score"":25.0},""SR2_tightness"":{""value"":0.07500000000000284,""score"":93.84795664274182},""SR3_recency"":{""value"":241,""score"":0.0},""SR4_price_location"":{""score"":59.70411600996047},""SR5_reaction"":{""value"":1.7061666910795386,""score"":85.30833455397693},""_score"":49.3,""_levels_found"":4,""_target_level"":44.735},""volume"":{""V1_rvol_day"":{""value"":2.227854722437129,""score"":100},""V2_rvol_sameslot"":{""value"":3.47350088718224,""score"":100,""status"":""ok""},""V3_breakout_bar"":{""value"":2.231401416486728,""score"":100},""V4_base_dryup"":{""value"":0.8415105805313216,""score"":65.84894194686785},""V5_bo_expansion"":{""value"":2.227854722437129,""score"":81.8569814958086},""_score"":90.45},""readiness"":{""_distance_atr"":1.351,""BR1_atr_distance"":{""score"":9.90674283482248},""BR2_compression"":{""score"":0},""BR3_retest"":{""score"":50.0},""BR4_bo_age"":{""score"":50.0},""_score"":21.46},""risk"":{""R1_stop_clarity"":{""score"":47.70763146330723},""R2_stop_distance_pct"":{""value"":-0.9708152436082883,""score"":25.729618909792794},""R3_stop_distance_atr"":{""value"":-0.16507983008642002,""score"":16.746008495679},""R4_rr_potential"":{""value"":null,""score"":50.0},""_score"":36.93},""market"":{""M1_spy_regime"":{""score"":100.0},""M3_earnings_risk"":{""value"":null,""score"":80.0},""M4_vix"":{""value"":null,""score"":60.0},""_score"":84.0},""liquidity"":{""L1_price"":{""value"":41.46,""score"":100.0},""L2_dollar_vol"":{""value"":91833261.91057482,""score"":98.15000053491963},""L3_spread_proxy"":{""value"":0.15508924264351182,""score"":0},""L4_volume_zscore"":{""value"":3.2094780566850654,""score"":70.0},""_score"":81.76},""pattern_structure"":{""left_low"":42.7,""left_idx"":50,""right_low"":42.5,""right_idx"":62,""separation_bars"":12,""structural_low"":42.5,""current_price"":41.05,""neckline_distance_pct"":0.09025578562728394,""base_bars"":12},""pattern_geometry_features"":{""low_similarity_pct"":0.004694835680751241,""bounce_pct"":0.053058823529411825,""right_bottom_reaction"":0.35616438356164265,""atr_pct"":0.05880883467714148},""_schema_version"":""1.0""}",,,,,,,,,,
20260519T210226Z-93bc42,2026-05-19T21:02:26.159542+00:00,STEP,vcp,absent,51.26,37.2,44.1,72.1,50.5,41.4,33.9,55.3,84.0,87.6,5.58,11.03,8.65,6.06,5.38,2.38,2.76,5.04,4.38,True,risk_unclear,52.52,57.79,48.7329,56.145,"{""trend"":{""T1_ema_stack"":{""value"":[false,true,false],""score"":33.33333333333333},""T2_ema50_slope"":{""value"":0.11720245770627705,""score"":69.53374295104618},""T3_high_proximity"":{""value"":0.9326940152725981,""score"":66.34700763629903},""T4_rs_1m"":{""value"":-0.08314974034018241,""score"":0},""T5_rs_3m"":{""value"":-0.14545311960863216,""score"":0},""T6_adr_healthy"":{""value"":4.2942686907668195,""score"":100.0},""_score"":37.19},""geometry"":{""sub_contraction_count"":100.0,""sub_reduction_rate"":0,""sub_pivot_tightness"":0,""sub_volume_dryup"":60.9,""sub_base_depth"":0.0,""sub_base_duration"":100.0,""_score"":44.13},""compression"":{""VC1_atr_ratio"":{""value"":0.354160136096372,""score"":100},""VC2_range_contraction"":{""value"":0.7852584270363243,""score"":35.79026216061262},""VC3_range_pct_rank"":{""score"":78.33333333333333},""_score"":72.11},""sr_quality"":{""SR1_touches"":{""value"":3,""score"":50.0},""SR2_tightness"":{""value"":0.34292856398964466,""score"":67.33735932745965},""SR3_recency"":{""value"":229,""score"":0.0},""SR4_price_location"":{""score"":41.45447137909966},""SR5_reaction"":{""value"":3.5947501204750947,""score"":100},""_score"":50.46,""_levels_found"":6,""_target_level"":57.31},""volume"":{""V1_rvol_day"":{""value"":0.8078270882955184,""score"":20.521805886367893},""V2_rvol_sameslot"":{""value"":0.7107566904146297,""score"":14.050446027641982,""status"":""ok""},""V3_breakout_bar"":{""value"":1.425381211020258,""score"":61.69208073468386},""V4_base_dryup"":{""value"":0.5492096634730037,""score"":95.07903365269964},""V5_bo_expansion"":{""value"":0.8078270882955183,""score"":0},""_score"":41.35},""readiness"":{""_distance_atr"":2.51,""BR1_atr_distance"":{""score"":0},""BR2_compression"":{""score"":65.72524569311756},""BR3_retest"":{""score"":50.0},""BR4_bo_age"":{""score"":50.0},""_score"":33.93},""risk"":{""R1_stop_clarity"":{""score"":29.315417977719065},""R2_stop_distance_pct"":{""value"":7.210824447829404,""score"":100.0},""R3_stop_distance_atr"":{""value"":1.8035462199166608,""score"":100.0},""R4_rr_potential"":{""value"":0.9571904809056976,""score"":0.0},""_score"":55.26},""market"":{""M1_spy_regime"":{""score"":100.0},""M3_earnings_risk"":{""value"":null,""score"":80.0},""M4_vix"":{""value"":null,""score"":60.0},""_score"":84.0},""liquidity"":{""L1_price"":{""value"":52.52,""score"":100.0},""L2_dollar_vol"":{""value"":32897413.0571216,""score"":75.85808739113111},""L3_spread_proxy"":{""value"":0.02703731911652707,""score"":72.96268088347293},""L4_volume_zscore"":{""value"":-0.4715083313566559,""score"":100.0},""_score"":87.64},""pattern_structure"":{""n_contractions"":5,""contractions_pct"":[9.9,9.28,7.96,12.26,14.39],""descending_strict"":false,""final_low"":49.475,""final_pivot"":57.79,""structural_low"":49.475,""dry_up_ratio"":0.6953249807579709,""current_price"":52.52,""neckline_distance_pct"":0.10034272658035026,""base_bars"":37},""pattern_geometry_features"":{""contraction_count"":5.0,""first_contraction_pct"":0.0989964457453481,""last_contraction_pct"":0.1438830247447655,""dry_up_ratio"":0.6953249807579709,""near_monotone"":0.0,""base_depth_pct"":-0.03439264060213262},""_schema_version"":""1.0""}",,,,,,,,,,
20260519T210226Z-93bc42,2026-05-19T21:02:26.159542+00:00,ALKT,double_bottom,forming,50.96,21.9,63.7,52.4,55.5,30.9,25.8,75.0,84.0,83.6,3.28,15.93,4.19,7.77,4.02,2.06,4.5,5.04,4.18,False,,16.76,18.16,16.154,19.92,"{""trend"":{""T1_ema_stack"":{""value"":[false,false,false],""score"":0.0},""T2_ema50_slope"":{""value"":-0.08893757088935128,""score"":35.17707151844145},""T3_high_proximity"":{""value"":0.9025309639203016,""score"":51.265481960150794},""T4_rs_1m"":{""value"":-0.091063619554555,""score"":0},""T5_rs_3m"":{""value"":-0.07150624926710836,""score"":14.24687536644582},""T6_adr_healthy"":{""value"":5.153066875282955,""score"":100.0},""_score"":21.86},""geometry"":{""sub_low_similarity"":87.8,""sub_bounce_quality"":100,""sub_separation_fit"":0.0,""sub_right_bottom_reaction"":75.7,""sub_base_context"":30.0,""_score"":63.7},""compression"":{""VC1_atr_ratio"":{""value"":0.41929683029438647,""score"":100},""VC2_range_contraction"":{""value"":0.9837798741879834,""score"":2.703354302002766},""VC3_range_pct_rank"":{""score"":45.833333333333336},""_score"":52.4},""sr_quality"":{""SR1_touches"":{""value"":3,""score"":50.0},""SR2_tightness"":{""value"":0.04109071265707855,""score"":91.0690392125953},""SR3_recency"":{""value"":252,""score"":0.0},""SR4_price_location"":{""score"":47.25140953357267},""SR5_reaction"":{""value"":2.6326207442596994,""score"":100},""_score"":55.47,""_levels_found"":6,""_target_level"":17.5833},""volume"":{""V1_rvol_day"":{""value"":0.8039554963664347,""score"":20.263699757762314},""V2_rvol_sameslot"":{""value"":0.7899044547535812,""score"":19.326963650238746,""status"":""ok""},""V3_breakout_bar"":{""value"":0.9727907573080965,""score"":31.519383820539765},""V4_base_dryup"":{""value"":0.7446869935675199,""score"":75.53130064324802},""V5_bo_expansion"":{""value"":0.8039554963664347,""score"":0},""_score"":30.9},""readiness"":{""_distance_atr"":1.521,""BR1_atr_distance"":{""score"":0},""BR2_compression"":{""score"":33.140330131638066},""BR3_retest"":{""score"":50.0},""BR4_bo_age"":{""score"":50.0},""_score"":25.79},""risk"":{""R1_stop_clarity"":{""score"":46.532532252806405},""R2_stop_distance_pct"":{""value"":3.615751789976143,""score"":100.0},""R3_stop_distance_atr"":{""value"":0.6585627124959265,""score"":57.928135624796326},""R4_rr_potential"":{""value"":5.214521452145201,""score"":100.0},""_score"":74.98},""market"":{""M1_spy_regime"":{""score"":100.0},""M3_earnings_risk"":{""value"":null,""score"":80.0},""M4_vix"":{""value"":null,""score"":60.0},""_score"":84.0},""liquidity"":{""L1_price"":{""value"":16.76,""score"":100.0},""L2_dollar_vol"":{""value"":26091571.166323483,""score"":70.82501159839816},""L3_spread_proxy"":{""value"":0.04773269689737474,""score"":52.267303102625256},""L4_volume_zscore"":{""value"":-0.6223241815094822,""score"":100.0},""_score"":83.56},""pattern_structure"":{""left_low"":16.4,""left_idx"":20,""right_low"":16.5,""right_idx"":68,""separation_bars"":48,""structural_low"":16.4,""current_price"":16.695,""neckline_distance_pct"":0.08775082359988019,""base_bars"":48},""pattern_geometry_features"":{""low_similarity_pct"":0.006079027355623187,""bounce_pct"":0.10731707317073182,""right_bottom_reaction"":0.7572254335260142,""atr_pct"":0.0549036822366178},""_schema_version"":""1.0""}",,,,,,,,,,
20260519T210226Z-93bc42,2026-05-19T21:02:26.159542+00:00,INTU,high_tight_pullback,forming,50.9,21.0,59.7,42.3,61.3,36.5,31.7,69.0,84.0,93.5,2.52,20.88,4.23,4.91,5.1,2.85,0.69,5.04,4.67,False,,399.71,423.99,391.9413,481.6752,"{""trend"":{""T1_ema_stack"":{""value"":[true,false,false],""score"":33.33333333333333},""T2_ema50_slope"":{""value"":-0.2793673002035841,""score"":3.438783299402651},""T3_high_proximity"":{""value"":0.8307043248747843,""score"":15.352162437392124},""T4_rs_1m"":{""value"":-0.04793625571238591,""score"":2.0637442876140852},""T5_rs_3m"":{""value"":-0.04309659857776471,""score"":28.451700711117645},""T6_adr_healthy"":{""value"":3.790291850506522,""score"":100.0},""_score"":21.0},""geometry"":{""sub_pole_impulse"":59.4,""sub_flag_tightness"":59.0,""sub_flag_shallowness"":21.9,""sub_flag_drift"":84.7,""sub_flag_duration"":100.0,""_score"":59.66},""compression"":{""VC1_atr_ratio"":{""value"":0.5181963046046716,""score"":100},""VC2_range_contraction"":{""value"":1.0125074474634836,""score"":0},""VC3_range_pct_rank"":{""score"":9.166666666666668},""_score"":42.29},""sr_quality"":{""SR1_touches"":{""value"":4,""score"":75.0},""SR2_tightness"":{""value"":4.184770364294199,""score"":55.08786090645721},""SR3_recency"":{""value"":234,""score"":0.0},""SR4_price_location"":{""score"":62.23657782449986},""SR5_reaction"":{""value"":2.1207648208034575,""score"":100},""_score"":61.32,""_levels_found"":6,""_target_level"":414.44},""volume"":{""V1_rvol_day"":{""value"":1.239310036572149,""score"":49.2873357714766},""V2_rvol_sameslot"":{""value"":1.2731571798130334,""score"":51.54381198753556,""status"":""ok""},""V3_breakout_bar"":{""value"":1.2017311476522279,""score"":46.78207651014852},""V4_base_dryup"":{""value"":1.3904723679729662,""score"":10.95276320270338},""V5_bo_expansion"":{""value"":1.239310036572149,""score"":15.954002438143267},""_score"":36.45},""readiness"":{""_distance_atr"":1.303,""BR1_atr_distance"":{""score"":13.140057696241286},""BR2_compression"":{""score"":35.82977243534256},""BR3_retest"":{""score"":50.0},""BR4_bo_age"":{""score"":50.0},""_score"":31.71},""risk"":{""R1_stop_clarity"":{""score"":35.94276013616174},""R2_stop_distance_pct"":{""value"":1.9435715894023116,""score"":98.58928973505779},""R3_stop_distance_atr"":{""value"":0.4168767447146371,""score"":45.843837235731854},""R4_rr_potential"":{""value"":10.550764933418323,""score"":100.0},""_score"":69.03},""market"":{""M1_spy_regime"":{""score"":100.0},""M3_earnings_risk"":{""value"":null,""score"":80.0},""M4_vix"":{""value"":null,""score"":60.0},""_score"":84.0},""liquidity"":{""L1_price"":{""value"":399.71,""score"":100.0},""L2_dollar_vol"":{""value"":1273059007.6603184,""score"":100.0},""L3_spread_proxy"":{""value"":0.06524730429561429,""score"":34.752695704385715},""L4_volume_zscore"":{""value"":1.0194793660658605,""score"":100.0},""_score"":93.48},""pattern_structure"":{""pole_low"":366.3048,""pole_low_idx"":36,""peak_price"":423.99,""peak_idx"":54,""pole_gain"":0.15747868987793776,""flag_bars"":5,""flag_low"":397.91,""flag_high"":414.34,""structural_low"":397.91,""current_price"":401.08,""neckline_distance_pct"":0.057120773910441874,""base_bars"":5},""pattern_geometry_features"":{""pole_gain"":0.15747868987793776,""pullback_pct"":0.06151088469067663,""flag_range_pct"":0.03875091393664933,""flag_drift_per_bar"":-0.0030567467836842338,""atr_pct"":0.04662221181785366,""pole_atr_multiple"":3.377761022861476},""_schema_version"":""1.0""}",,,,,,,,,,
20260519T210226Z-93bc42,2026-05-19T21:02:26.159542+00:00,CLBT,inverse_head_shoulders,breakout_confirmed,50.89,28.1,66.9,36.5,57.1,20.9,54.9,33.2,84.0,87.2,3.37,18.72,2.92,8.0,2.93,4.39,1.99,4.2,4.36,False,,13.46,13.045,11.3718,14.545,"{""trend"":{""T1_ema_stack"":{""value"":[true,false,false],""score"":33.33333333333333},""T2_ema50_slope"":{""value"":-0.16123551124383736,""score"":23.127414792693774},""T3_high_proximity"":{""value"":0.8797385620915033,""score"":39.869281045751606},""T4_rs_1m"":{""value"":-0.02930989842358378,""score"":20.690101576416218},""T5_rs_3m"":{""value"":-0.11043583819669722,""score"":0},""T6_adr_healthy"":{""value"":4.746206257897813,""score"":100.0},""_score"":28.08},""geometry"":{""sub_head_depth"":85.9,""sub_shoulder_price_sym"":65.6,""sub_shoulder_time_sym"":66.7,""sub_right_shoulder_reaction"":77.5,""sub_base_context"":30.0,""_score"":66.87},""compression"":{""VC1_atr_ratio"":{""value"":0.720847070755688,""score"":69.788232311078},""VC2_range_contraction"":{""value"":1.1263662133460792,""score"":0},""VC3_range_pct_rank"":{""score"":34.166666666666664},""_score"":36.46},""sr_quality"":{""SR1_touches"":{""value"":4,""score"":75.0},""SR2_tightness"":{""value"":0.1868488694105479,""score"":48.36102312974544},""SR3_recency"":{""value"":234,""score"":0.0},""SR4_price_location"":{""score"":52.0270270270271},""SR5_reaction"":{""value"":1.917265800405529,""score"":95.86329002027645},""_score"":57.14,""_levels_found"":9,""_target_level"":13.815},""volume"":{""V1_rvol_day"":{""value"":1.1879392140809382,""score"":45.862614272062544},""V2_rvol_sameslot"":{""value"":0.9195927705645986,""score"":27.972851370973245,""status"":""ok""},""V3_breakout_bar"":{""value"":0.6865288428453802,""score"":12.435256189692012},""V4_base_dryup"":{""value"":1.4410093102124908,""score"":5.899068978750918},""V5_bo_expansion"":{""value"":1.187939214080938,""score"":12.529280938729196},""_score"":20.94},""readiness"":{""_distance_atr"":-0.573,""BR1_atr_distance"":{""score"":48.53074387404031},""BR2_compression"":{""score"":71.81634035795506},""BR3_retest"":{""score"":50.0},""BR4_bo_age"":{""score"":50.0},""_score"":54.87},""risk"":{""R1_stop_clarity"":{""score"":52.14003784064889},""R2_stop_distance_pct"":{""value"":15.513930163447261,""score"":0.0},""R3_stop_distance_atr"":{""value"":2.8855197482922703,""score"":100.0},""R4_rr_potential"":{""value"":0.5195924671064438,""score"":0.0},""_score"":33.25},""market"":{""M1_spy_regime"":{""score"":100.0},""M3_earnings_risk"":{""value"":null,""score"":80.0},""M4_vix"":{""value"":null,""score"":60.0},""_score"":84.0},""liquidity"":{""L1_price"":{""value"":13.46,""score"":100.0},""L2_dollar_vol"":{""value"":38381362.87889401,""score"":79.20601959901687},""L3_spread_proxy"":{""value"":0.04457652303120367,""score"":55.42347696879633},""L4_volume_zscore"":{""value"":0.32487692026646736,""score"":100.0},""_score"":87.22},""pattern_structure"":{""left_shoulder"":12.19,""left_shoulder_idx"":71,""head"":11.545,""head_idx"":76,""right_shoulder"":12.53,""right_shoulder_idx"":82,""left_to_head_bars"":5,""head_to_right_bars"":6,""structural_low"":11.545,""current_price"":13.69,""neckline_distance_pct"":-0.04711468224981735,""base_bars"":11},""pattern_geometry_features"":{""head_depth_pct"":0.06593851132686081,""shoulder_price_asymmetry"":0.02750809061488672,""shoulder_time_asymmetry"":0.16666666666666666,""right_shoulder_reaction"":0.7751937984496108,""atr_pct"":0.05376476862661859},""_schema_version"":""1.0""}",,,,,,,,,,
20260519T210226Z-93bc42,2026-05-19T21:02:26.159542+00:00,GDYN,breakout_retest_hold,retest_hold,50.82,59.5,45.0,43.5,43.3,11.5,73.9,54.4,84.0,73.6,8.33,9.9,2.61,6.06,1.49,13.3,2.72,4.2,2.21,False,,6.48,6.38,6.4053,6.2,"{""trend"":{""T1_ema_stack"":{""value"":[true,true,false],""score"":66.66666666666666},""T2_ema50_slope"":{""value"":0.01003340502688474,""score"":51.67223417114746},""T3_high_proximity"":{""value"":0.9,""score"":49.999999999999986},""T4_rs_1m"":{""value"":0.07051307611433888,""score"":100},""T5_rs_3m"":{""value"":-0.14341101117187016,""score"":0},""T6_adr_healthy"":{""value"":6.703214107480328,""score"":100.0},""_score"":59.5},""geometry"":{""sub_retest_depth"":0.0,""sub_retest_timing"":0.0,""sub_retest_freshness"":75.0,""sub_hold_quality"":100.0,""_score"":45.0},""compression"":{""VC1_atr_ratio"":{""value"":0.48873925948483143,""score"":100},""VC2_range_contraction"":{""value"":1.2907738517868215,""score"":0},""VC3_range_pct_rank"":{""score"":14.166666666666671},""_score"":43.54},""sr_quality"":{""SR1_touches"":{""value"":2,""score"":25.0},""SR2_tightness"":{""value"":0.0674999999999999,""score"":72.75243642235169},""SR3_recency"":{""value"":231,""score"":0.0},""SR4_price_location"":{""score"":39.40548780487806},""SR5_reaction"":{""value"":2.149530015570036,""score"":100},""_score"":43.26,""_levels_found"":5,""_target_level"":7.1425},""volume"":{""V1_rvol_day"":{""value"":0.7858965256161491,""score"":19.059768374409938},""V2_rvol_sameslot"":{""value"":0.6421288318886292,""score"":9.47525545924195,""status"":""ok""},""V3_breakout_bar"":{""value"":0.8461446497204608,""score"":23.07630998136405},""V4_base_dryup"":{""value"":1.5119350291868567,""score"":0},""V5_bo_expansion"":{""value"":0.7858965256161491,""score"":0},""_score"":11.48},""readiness"":{""_distance_atr"":-0.202,""BR1_atr_distance"":{""score"":100.0},""BR2_compression"":{""score"":37.523557789506874},""BR3_retest"":{""score"":100},""BR4_bo_age"":{""score"":30.0},""_score"":73.88},""risk"":{""R1_stop_clarity"":{""score"":73.88270572631329},""R2_stop_distance_pct"":{""value"":1.1527777777777912,""score"":78.81944444444477},""R3_stop_distance_atr"":{""value"":0.1507698517963226,""score"":32.53849258981612},""R4_rr_potential"":{""value"":-3.748326639892864,""score"":0.0},""_score"":54.39},""market"":{""M1_spy_regime"":{""score"":100.0},""M3_earnings_risk"":{""value"":null,""score"":80.0},""M4_vix"":{""value"":null,""score"":60.0},""_score"":84.0},""liquidity"":{""L1_price"":{""value"":6.48,""score"":98.24000000000001},""L2_dollar_vol"":{""value"":12092559.60306024,""score"":54.12591183306961},""L3_spread_proxy"":{""value"":0.0763888888888889,""score"":23.6111111111111},""L4_volume_zscore"":{""value"":-0.27307749388595476,""score"":100.0},""_score"":73.57},""pattern_structure"":{""level"":6.38,""level_idx"":56,""breakout_idx"":61,""bo_peak_idx"":74,""bo_peak_price"":6.96,""retest_idx"":79,""retest_low"":6.47,""structural_low"":6.47,""current_price"":6.509,""neckline_distance_pct"":-0.01981871255185135,""base_bars"":23,""bars_since_breakout"":18},""pattern_geometry_features"":{""retest_depth_atr"":-0.585746827204685,""bars_breakout_to_retest"":18.0,""bars_since_retest"":0.0,""current_above_level_atr"":0.8395704523267192,""bo_peak_excess_pct"":0.09090909090909093,""atr_pct"":0.0764594356261023},""_schema_version"":""1.0""}",,,,,,,,,,
20260519T210226Z-93bc42,2026-05-19T21:02:26.159542+00:00,NIC,double_bottom,forming,50.69,24.9,60.1,63.2,66.5,15.5,35.8,60.9,84.0,79.8,3.74,15.02,5.05,9.31,2.02,2.86,3.66,5.04,3.99,True,risk_unclear,139.63,145.03,136.1565,151.83,"{""trend"":{""T1_ema_stack"":{""value"":[false,false,true],""score"":33.33333333333333},""T2_ema50_slope"":{""value"":-0.09889440814940446,""score"":33.51759864176592},""T3_high_proximity"":{""value"":0.8652785523951168,""score"":32.63927619755835},""T4_rs_1m"":{""value"":-0.1389032748064749,""score"":0},""T5_rs_3m"":{""value"":-0.15948360307508114,""score"":0},""T6_adr_healthy"":{""value"":2.700544673002233,""score"":100.0},""_score"":24.93},""geometry"":{""sub_low_similarity"":62.0,""sub_bounce_quality"":27.4,""sub_separation_fit"":100.0,""sub_right_bottom_reaction"":100,""sub_base_context"":30.0,""_score"":60.08},""compression"":{""VC1_atr_ratio"":{""value"":0.49731807383830057,""score"":100},""VC2_range_contraction"":{""value"":0.88873778096408,""score"":18.54370317265334},""VC3_range_pct_rank"":{""score"":66.66666666666667},""_score"":63.16},""sr_quality"":{""SR1_touches"":{""value"":4,""score"":75.0},""SR2_tightness"":{""value"":0.5179949324076392,""score"":71.42935747452694},""SR3_recency"":{""value"":236,""score"":0.0},""SR4_price_location"":{""score"":73.25612775756468},""SR5_reaction"":{""value"":2.5318428678082623,""score"":100},""_score"":66.53,""_levels_found"":3,""_target_level"":142.8625},""volume"":{""V1_rvol_day"":{""value"":0.5677528459169263,""score"":4.516856394461755},""V2_rvol_sameslot"":{""value"":0.5323346007405372,""score"":2.155640049369145,""status"":""ok""},""V3_breakout_bar"":{""value"":0.3878612813729536,""score"":0},""V4_base_dryup"":{""value"":0.790270671677845,""score"":70.97293283221549},""V5_bo_expansion"":{""value"":0.5677528459169263,""score"":0},""_score"":15.53},""readiness"":{""_distance_atr"":1.489,""BR1_atr_distance"":{""score"":0.7188037403797551},""BR2_compression"":{""score"":71.9545862119682},""BR3_retest"":{""score"":50.0},""BR4_bo_age"":{""score"":50.0},""_score"":35.78},""risk"":{""R1_stop_clarity"":{""score"":0},""R2_stop_distance_pct"":{""value"":2.48761011244003,""score"":100.0},""R3_stop_distance_atr"":{""value"":0.9579118642999416,""score"":72.89559321499708},""R4_rr_potential"":{""value"":3.5123580302005117,""score"":100.0},""_score"":60.93},""market"":{""M1_spy_regime"":{""score"":100.0},""M3_earnings_risk"":{""value"":null,""score"":80.0},""M4_vix"":{""value"":null,""score"":60.0},""_score"":84.0},""liquidity"":{""L1_price"":{""value"":139.63,""score"":100.0},""L2_dollar_vol"":{""value"":12475834.83011045,""score"":54.80348082090147},""L3_spread_proxy"":{""value"":0.021485354150254245,""score"":78.51464584974576},""L4_volume_zscore"":{""value"":-0.7908750699952706,""score"":100.0},""_score"":79.77},""pattern_structure"":{""left_low"":140.885,""left_idx"":45,""right_low"":138.23,""right_idx"":74,""separation_bars"":29,""structural_low"":138.23,""current_price"":140.05,""neckline_distance_pct"":0.03555872902534801,""base_bars"":29},""pattern_geometry_features"":{""low_similarity_pct"":0.019024416459165583,""bounce_pct"":0.049193373363235274,""right_bottom_reaction"":1.0,""atr_pct"":0.025969091783386754},""_schema_version"":""1.0""}",,,,,,,,,,
20260519T210226Z-93bc42,2026-05-19T21:02:26.159542+00:00,EXE,double_bottom,breakout_confirmed,50.68,42.1,39.6,64.8,52.2,45.4,43.0,45.0,84.0,97.8,6.32,9.89,5.19,7.31,5.9,3.44,2.7,5.04,4.89,True,risk_unclear,100.89,98.815,93.6144,102.59,"{""trend"":{""T1_ema_stack"":{""value"":[true,false,false],""score"":33.33333333333333},""T2_ema50_slope"":{""value"":-0.15888459571759475,""score"":23.51923404706754},""T3_high_proximity"":{""value"":0.8856214887640449,""score"":42.81074438202243},""T4_rs_1m"":{""value"":0.021482789095312205,""score"":71.4827890953122},""T5_rs_3m"":{""value"":-0.055359219715737984,""score"":22.320390142131007},""T6_adr_healthy"":{""value"":2.334358452894623,""score"":100.0},""_score"":42.1},""geometry"":{""sub_low_similarity"":43.0,""sub_bounce_quality"":13.9,""sub_separation_fit"":0.0,""sub_right_bottom_reaction"":25.9,""sub_base_context"":100.0,""_score"":39.56},""compression"":{""VC1_atr_ratio"":{""value"":0.33083813382942273,""score"":100},""VC2_range_contraction"":{""value"":0.902591848235697,""score"":16.23469196071716},""VC3_range_pct_rank"":{""score"":76.66666666666666},""_score"":64.85},""sr_quality"":{""SR1_touches"":{""value"":3,""score"":50.0},""SR2_tightness"":{""value"":0.3968696959400577,""score"":68.07245104476206},""SR3_recency"":{""value"":236,""score"":0.0},""SR4_price_location"":{""score"":48.02784222737829},""SR5_reaction"":{""value"":3.2688883844899213,""score"":100},""_score"":52.22,""_levels_found"":6,""_target_level"":103.5033},""volume"":{""V1_rvol_day"":{""value"":1.1158620982806777,""score"":41.05747321871185},""V2_rvol_sameslot"":{""value"":1.2257183750242453,""score"":48.38122500161635,""status"":""ok""},""V3_breakout_bar"":{""value"":1.4069268734330347,""score"":60.461791562202315},""V4_base_dryup"":{""value"":0.9384891315341228,""score"":56.15108684658772},""V5_bo_expansion"":{""value"":1.1158620982806777,""score"":7.7241398853785155},""_score"":45.39},""readiness"":{""_distance_atr"":-0.835,""BR1_atr_distance"":{""score"":43.30694815959821},""BR2_compression"":{""score"":32.922550307275145},""BR3_retest"":{""score"":50.0},""BR4_bo_age"":{""score"":50.0},""_score"":43.05},""risk"":{""R1_stop_clarity"":{""score"":0},""R2_stop_distance_pct"":{""value"":7.211418376449595,""score"":100.0},""R3_stop_distance_atr"":{""value"":2.9265534450608937,""score"":100.0},""R4_rr_potential"":{""value"":0.233657705206442,""score"":0.0},""_score"":45.0},""market"":{""M1_spy_regime"":{""score"":100.0},""M3_earnings_risk"":{""value"":null,""score"":80.0},""M4_vix"":{""value"":null,""score"":60.0},""_score"":84.0},""liquidity"":{""L1_price"":{""value"":100.89,""score"":100.0},""L2_dollar_vol"":{""value"":314263180.63888407,""score"":100.0},""L3_spread_proxy"":{""value"":0.022499752205372148,""score"":77.50024779462785},""L4_volume_zscore"":{""value"":0.40855788668953585,""score"":100.0},""_score"":97.75},""pattern_structure"":{""left_low"":95.04,""left_idx"":26,""right_low"":97.79,""right_idx"":73,""separation_bars"":47,""structural_low"":95.04,""current_price"":100.72,""neckline_distance_pct"":-0.01891382049245434,""base_bars"":47},""pattern_geometry_features"":{""low_similarity_pct"":0.028522532800912718,""bounce_pct"":0.03972011784511775,""right_bottom_reaction"":0.25862068965516877,""atr_pct"":0.02464133497585774},""_schema_version"":""1.0""}",,,,,,,,,,
20260519T210226Z-93bc42,2026-05-19T21:02:26.159542+00:00,APPF,high_tight_pullback,forming,50.68,18.7,59.6,43.1,60.2,33.7,39.2,68.2,84.0,89.5,2.24,20.86,4.31,4.82,4.71,3.53,0.68,5.04,4.48,False,,159.82,168.18,157.0188,191.22,"{""trend"":{""T1_ema_stack"":{""value"":[false,false,false],""score"":0.0},""T2_ema50_slope"":{""value"":-0.10205915386588922,""score"":32.99014102235179},""T3_high_proximity"":{""value"":0.836009834179003,""score"":18.004917089501472},""T4_rs_1m"":{""value"":-0.028041224771157447,""score"":21.958775228842555},""T5_rs_3m"":{""value"":-0.16506375146246555,""score"":0},""T6_adr_healthy"":{""value"":4.450068460441466,""score"":100.0},""_score"":18.69},""geometry"":{""sub_pole_impulse"":56.1,""sub_flag_tightness"":52.1,""sub_flag_shallowness"":34.3,""sub_flag_drift"":85.9,""sub_flag_duration"":100.0,""_score"":59.6},""compression"":{""VC1_atr_ratio"":{""value"":0.482298866920547,""score"":100},""VC2_range_contraction"":{""value"":0.9998409207667105,""score"":0.026513205548250873},""VC3_range_pct_rank"":{""score"":12.5},""_score"":43.13},""sr_quality"":{""SR1_touches"":{""value"":3,""score"":50.0},""SR2_tightness"":{""value"":1.5616871218866646,""score"":60.0849157683084},""SR3_recency"":{""value"":236,""score"":0.0},""SR4_price_location"":{""score"":84.78483216824584},""SR5_reaction"":{""value"":2.862602483747633,""score"":100},""_score"":60.21,""_levels_found"":7,""_target_level"":161.62},""volume"":{""V1_rvol_day"":{""value"":0.9736860964809744,""score"":31.579073098731627},""V2_rvol_sameslot"":{""value"":0.82563542666174,""score"":21.709028444115997,""status"":""ok""},""V3_breakout_bar"":{""value"":1.2657426034659685,""score"":51.049506897731234},""V4_base_dryup"":{""value"":0.9877805428977631,""score"":51.22194571022369},""V5_bo_expansion"":{""value"":0.9736860964809744,""score"":0},""_score"":33.66},""readiness"":{""_distance_atr"":1.068,""BR1_atr_distance"":{""score"":28.775723916279006},""BR2_compression"":{""score"":40.97831066735667},""BR3_retest"":{""score"":50.0},""BR4_bo_age"":{""score"":50.0},""_score"":39.25},""risk"":{""R1_stop_clarity"":{""score"":38.88471491952515},""R2_stop_distance_pct"":{""value"":1.7526905268427027,""score"":93.81726317106757},""R3_stop_distance_atr"":{""value"":0.3579722744352546,""score"":42.898613721762736},""R4_rr_potential"":{""value"":11.20968173785765,""score"":100.0},""_score"":68.19},""market"":{""M1_spy_regime"":{""score"":100.0},""M3_earnings_risk"":{""value"":null,""score"":80.0},""M4_vix"":{""value"":null,""score"":60.0},""_score"":84.0},""liquidity"":{""L1_price"":{""value"":159.82,""score"":100.0},""L2_dollar_vol"":{""value"":56363628.14485765,""score"":87.54994705062438},""L3_spread_proxy"":{""value"":0.05493680390439245,""score"":45.06319609560755},""L4_volume_zscore"":{""value"":-0.06250744608159399,""score"":100.0},""_score"":89.53},""pattern_structure"":{""pole_low"":145.14,""pole_low_idx"":31,""peak_price"":168.18,""peak_idx"":54,""pole_gain"":0.15874328234807789,""flag_bars"":5,""flag_low"":159.41,""flag_high"":167.08,""structural_low"":159.41,""current_price"":160.9725,""neckline_distance_pct"":0.04477472860271171,""base_bars"":5},""pattern_geometry_features"":{""pole_gain"":0.15874328234807789,""pullback_pct"":0.05214650969199673,""flag_range_pct"":0.045605898442145416,""flag_drift_per_bar"":-0.002811039152650419,""atr_pct"":0.048961627813432974,""pole_atr_multiple"":3.242197807494577},""_schema_version"":""1.0""}",,,,,,,,,,
20260519T210226Z-93bc42,2026-05-19T21:02:26.159542+00:00,SNOW,vcp,setup,50.64,44.2,46.2,53.4,58.0,42.1,32.3,32.4,84.0,93.9,6.63,11.56,6.4,6.95,5.47,2.26,1.62,5.04,4.7,False,,169.55,156.7,132.2855,207.0,"{""trend"":{""T1_ema_stack"":{""value"":[true,false,false],""score"":33.33333333333333},""T2_ema50_slope"":{""value"":-0.2602225597070257,""score"":6.629573382162384},""T3_high_proximity"":{""value"":0.9273134981404507,""score"":63.65674907022534},""T4_rs_1m"":{""value"":0.09173841466619104,""score"":100},""T5_rs_3m"":{""value"":-0.10621071260628323,""score"":0},""T6_adr_healthy"":{""value"":4.77437121781615,""score"":100.0},""_score"":44.21},""geometry"":{""sub_contraction_count"":100.0,""sub_reduction_rate"":0,""sub_pivot_tightness"":0,""sub_volume_dryup"":8.3,""sub_base_depth"":100.0,""sub_base_duration"":100.0,""_score"":46.25},""compression"":{""VC1_atr_ratio"":{""value"":0.4914622887882781,""score"":100},""VC2_range_contraction"":{""value"":0.8423261394207905,""score"":26.27897676320159},""VC3_range_pct_rank"":{""score"":16.666666666666664},""_score"":53.36},""sr_quality"":{""SR1_touches"":{""value"":4,""score"":75.0},""SR2_tightness"":{""value"":1.698315341743107,""score"":61.54223869178039},""SR3_recency"":{""value"":270,""score"":0.0},""SR4_price_location"":{""score"":44.863003873188944},""SR5_reaction"":{""value"":2.568186688987825,""score"":100},""_score"":57.95,""_levels_found"":6,""_target_level"":185.565},""volume"":{""V1_rvol_day"":{""value"":1.6502033079308829,""score"":76.68022052872553},""V2_rvol_sameslot"":{""value"":1.3235921176631105,""score"":54.906141177540704,""status"":""ok""},""V3_breakout_bar"":{""value"":0.5815072010733767,""score"":5.433813404891782},""V4_base_dryup"":{""value"":1.105053088118007,""score"":39.494691188199305},""V5_bo_expansion"":{""value"":1.6502033079308829,""score"":43.34688719539219},""_score"":42.08},""readiness"":{""_distance_atr"":-1.455,""BR1_atr_distance"":{""score"":30.90162111452123},""BR2_compression"":{""score"":9.882703418863178},""BR3_retest"":{""score"":50.0},""BR4_bo_age"":{""score"":50.0},""_score"":32.33},""risk"":{""R1_stop_clarity"":{""score"":54.38234687564449},""R2_stop_distance_pct"":{""value"":21.978472427012676,""score"":0.0},""R3_stop_distance_atr"":{""value"":4.219208326762342,""score"":89.03958366188292},""R4_rr_potential"":{""value"":1.00497792805485,""score"":0.24889640274250446},""_score"":32.44},""market"":{""M1_spy_regime"":{""score"":100.0},""M3_earnings_risk"":{""value"":null,""score"":80.0},""M4_vix"":{""value"":null,""score"":60.0},""_score"":84.0},""liquidity"":{""L1_price"":{""value"":169.55,""score"":100.0},""L2_dollar_vol"":{""value"":2081318913.043318,""score"":100.0},""L3_spread_proxy"":{""value"":0.06057210262459441,""score"":39.42789737540559},""L4_volume_zscore"":{""value"":1.700820687115908,""score"":100.0},""_score"":93.94},""pattern_structure"":{""n_contractions"":5,""contractions_pct"":[16.24,14.94,21.51,25.05,14.29],""descending_strict"":false,""final_low"":134.3,""final_pivot"":156.7,""structural_low"":134.3,""dry_up_ratio"":0.9587441707164414,""current_price"":169.55,""neckline_distance_pct"":-0.07578885284576833,""base_bars"":44},""pattern_geometry_features"":{""contraction_count"":5.0,""first_contraction_pct"":0.16237811484290354,""last_contraction_pct"":0.14294830887045296,""dry_up_ratio"":0.9587441707164414,""near_monotone"":0.0,""base_depth_pct"":0.2724810400866738},""_schema_version"":""1.0""}",,,,,,,,,,
20260519T210226Z-93bc42,2026-05-19T21:02:26.159542+00:00,WK,high_tight_pullback,forming,50.63,5.0,69.7,38.6,60.3,18.1,48.8,66.0,84.0,86.4,0.6,24.4,3.86,4.83,2.53,4.39,0.66,5.04,4.32,False,,49.69,52.5,49.181,61.66,"{""trend"":{""T1_ema_stack"":{""value"":[false,false,false],""score"":0.0},""T2_ema50_slope"":{""value"":-0.6241363245773661,""score"":0},""T3_high_proximity"":{""value"":0.7656394453004621,""score"":0},""T4_rs_1m"":{""value"":-0.16230935114720302,""score"":0},""T5_rs_3m"":{""value"":-0.21446413417545773,""score"":0},""T6_adr_healthy"":{""value"":5.1820583317002855,""score"":100.0},""_score"":5.0},""geometry"":{""sub_pole_impulse"":58.5,""sub_flag_tightness"":71.3,""sub_flag_shallowness"":53.7,""sub_flag_drift"":90.7,""sub_flag_duration"":100.0,""_score"":69.72},""compression"":{""VC1_atr_ratio"":{""value"":0.653457887043493,""score"":86.63552823912676},""VC2_range_contraction"":{""value"":1.3658789518161534,""score"":0},""VC3_range_pct_rank"":{""score"":15.833333333333332},""_score"":38.61},""sr_quality"":{""SR1_touches"":{""value"":3,""score"":50.0},""SR2_tightness"":{""value"":0.42297228698291517,""score"":73.08046151821772},""SR3_recency"":{""value"":236,""score"":0.0},""SR4_price_location"":{""score"":82.22748545854174},""SR5_reaction"":{""value"":1.8424862881834037,""score"":92.12431440917018},""_score"":60.34,""_levels_found"":7,""_target_level"":51.5517},""volume"":{""V1_rvol_day"":{""value"":0.5507133005644901,""score"":3.3808867042993387},""V2_rvol_sameslot"":{""value"":0.3745409320812108,""score"":0,""status"":""ok""},""V3_breakout_bar"":{""value"":0.7896118930799038,""score"":19.30745953866025},""V4_base_dryup"":{""value"":0.8699034453738549,""score"":63.00965546261451},""V5_bo_expansion"":{""value"":0.5507133005644902,""score"":0},""_score"":18.1},""readiness"":{""_distance_atr"":0.894,""BR1_atr_distance"":{""score"":40.38702970874647},""BR2_compression"":{""score"":60.459970920424375},""BR3_retest"":{""score"":50.0},""BR4_bo_age"":{""score"":50.0},""_score"":48.77},""risk"":{""R1_stop_clarity"":{""score"":52.33402053419822},""R2_stop_distance_pct"":{""value"":1.0242503521835353,""score"":75.60625880458838},""R3_stop_distance_atr"":{""value"":0.1619574086996444,""score"":33.09787043498223},""R4_rr_potential"":{""value"":23.519009725906336,""score"":100.0},""_score"":65.96},""market"":{""M1_spy_regime"":{""score"":100.0},""M3_earnings_risk"":{""value"":null,""score"":80.0},""M4_vix"":{""value"":null,""score"":60.0},""_score"":84.0},""liquidity"":{""L1_price"":{""value"":49.69,""score"":100.0},""L2_dollar_vol"":{""value"":40952505.3311231,""score"":80.61402377637235},""L3_spread_proxy"":{""value"":0.05886496276916879,""score"":41.13503723083121},""L4_volume_zscore"":{""value"":-1.1509765966703729,""score"":100.0},""_score"":86.36},""pattern_structure"":{""pole_low"":43.34,""pole_low_idx"":35,""peak_price"":52.5,""peak_idx"":54,""pole_gain"":0.2113520996769727,""flag_bars"":5,""flag_low"":49.93,""flag_high"":51.84,""structural_low"":49.93,""current_price"":50.03,""neckline_distance_pct"":0.04937037777333597,""base_bars"":5},""pattern_geometry_features"":{""pole_gain"":0.2113520996769727,""pullback_pct"":0.048952380952380956,""flag_range_pct"":0.03638095238095245,""flag_drift_per_bar"":-0.0018588846691984728,""atr_pct"":0.0632419572779806,""pole_atr_multiple"":3.3419601285895157},""_schema_version"":""1.0""}",,,,,,,,,,
20260519T210226Z-93bc42,2026-05-19T21:02:26.159542+00:00,WK,double_bottom,forming,50.58,5.0,75.5,38.6,60.3,5.5,70.4,62.1,84.0,86.4,0.75,18.86,3.09,8.45,0.72,5.63,3.73,5.04,4.32,False,,49.69,49.95,45.9405,53.2599,"{""trend"":{""T1_ema_stack"":{""value"":[false,false,false],""score"":0.0},""T2_ema50_slope"":{""value"":-0.6241363245773661,""score"":0},""T3_high_proximity"":{""value"":0.7656394453004621,""score"":0},""T4_rs_1m"":{""value"":-0.16230935114720302,""score"":0},""T5_rs_3m"":{""value"":-0.21446413417545773,""score"":0},""T6_adr_healthy"":{""value"":5.1820583317002855,""score"":100.0},""_score"":5.0},""geometry"":{""sub_low_similarity"":96.6,""sub_bounce_quality"":58.5,""sub_separation_fit"":100.0,""sub_right_bottom_reaction"":91.8,""sub_base_context"":30.0,""_score"":75.45},""compression"":{""VC1_atr_ratio"":{""value"":0.653457887043493,""score"":86.63552823912676},""VC2_range_contraction"":{""value"":1.3658789518161534,""score"":0},""VC3_range_pct_rank"":{""score"":15.833333333333332},""_score"":38.61},""sr_quality"":{""SR1_touches"":{""value"":3,""score"":50.0},""SR2_tightness"":{""value"":0.42297228698291517,""score"":73.08046151821772},""SR3_recency"":{""value"":236,""score"":0.0},""SR4_price_location"":{""score"":82.22748545854174},""SR5_reaction"":{""value"":1.8424862881834037,""score"":92.12431440917018},""_score"":60.34,""_levels_found"":7,""_target_level"":51.5517},""volume"":{""V1_rvol_day"":{""value"":0.5507133005644901,""score"":3.3808867042993387},""V2_rvol_sameslot"":{""value"":0.3745409320812108,""score"":0,""status"":""ok""},""V3_breakout_bar"":{""value"":0.7896118930799038,""score"":19.30745953866025},""V4_base_dryup"":{""value"":1.905084271133178,""score"":0},""V5_bo_expansion"":{""value"":0.5507133005644902,""score"":0},""_score"":5.5},""readiness"":{""_distance_atr"":0.083,""BR1_atr_distance"":{""score"":94.48420915454584},""BR2_compression"":{""score"":60.459970920424375},""BR3_retest"":{""score"":50.0},""BR4_bo_age"":{""score"":50.0},""_score"":70.41},""risk"":{""R1_stop_clarity"":{""score"":55.474743663470065},""R2_stop_distance_pct"":{""value"":7.545786878647617,""score"":100.0},""R3_stop_distance_atr"":{""value"":1.193161502810554,""score"":84.6580751405277},""R4_rr_potential"":{""value"":0.952099899146596,""score"":0.0},""_score"":62.11},""market"":{""M1_spy_regime"":{""score"":100.0},""M3_earnings_risk"":{""value"":null,""score"":80.0},""M4_vix"":{""value"":null,""score"":60.0},""_score"":84.0},""liquidity"":{""L1_price"":{""value"":49.69,""score"":100.0},""L2_dollar_vol"":{""value"":40952505.3311231,""score"":80.61402377637235},""L3_spread_proxy"":{""value"":0.05886496276916879,""score"":41.13503723083121},""L4_volume_zscore"":{""value"":-1.1509765966703729,""score"":100.0},""_score"":86.36},""pattern_structure"":{""left_low"":46.72,""left_idx"":43,""right_low"":46.6401,""right_idx"":68,""separation_bars"":25,""structural_low"":46.6401,""current_price"":50.03,""neckline_distance_pct"":-0.0015990405756545732,""base_bars"":25},""pattern_geometry_features"":{""low_similarity_pct"":0.0017116519798072644,""bounce_pct"":0.0709668289733514,""right_bottom_reaction"":0.918426538566119,""atr_pct"":0.0632419572779806},""_schema_version"":""1.0""}",,,,,,,,,,
20260519T210226Z-93bc42,2026-05-19T21:02:26.159542+00:00,TRMB,double_bottom,forming,50.52,5.0,63.6,43.8,51.0,52.1,36.2,62.0,84.0,96.0,0.75,15.9,3.5,7.14,6.77,2.9,3.72,5.04,4.8,True,risk_unclear,54.56,56.389,53.7785,58.1805,"{""trend"":{""T1_ema_stack"":{""value"":[false,false,false],""score"":0.0},""T2_ema50_slope"":{""value"":-0.29919038749198207,""score"":0.13493541800298203},""T3_high_proximity"":{""value"":0.7743400510928187,""score"":0},""T4_rs_1m"":{""value"":-0.2502530004442095,""score"":0},""T5_rs_3m"":{""value"":-0.2537015934038662,""score"":0},""T6_adr_healthy"":{""value"":3.261571658158317,""score"":100.0},""_score"":5.03},""geometry"":{""sub_low_similarity"":97.3,""sub_bounce_quality"":4.0,""sub_separation_fit"":100.0,""sub_right_bottom_reaction"":84.1,""sub_base_context"":30.0,""_score"":63.6},""compression"":{""VC1_atr_ratio"":{""value"":0.5666611500222,""score"":100},""VC2_range_contraction"":{""value"":1.8467894848441393,""score"":0},""VC3_range_pct_rank"":{""score"":15.000000000000002},""_score"":43.75},""sr_quality"":{""SR1_touches"":{""value"":5,""score"":100},""SR2_tightness"":{""value"":0.6897957390416353,""score"":39.78437954193339},""SR3_recency"":{""value"":253,""score"":0.0},""SR4_price_location"":{""score"":0},""SR5_reaction"":{""value"":2.101614954856089,""score"":100},""_score"":50.97,""_levels_found"":6,""_target_level"":64.296},""volume"":{""V1_rvol_day"":{""value"":1.5786717861873583,""score"":71.91145241249055},""V2_rvol_sameslot"":{""value"":1.5419349734448482,""score"":69.46233156298987,""status"":""ok""},""V3_breakout_bar"":{""value"":1.2162807765747248,""score"":47.75205177164832},""V4_base_dryup"":{""value"":1.1960722850998677,""score"":30.39277149001323},""V5_bo_expansion"":{""value"":1.5786717861873583,""score"":38.57811907915722},""_score"":52.08},""readiness"":{""_distance_atr"":0.798,""BR1_atr_distance"":{""score"":46.779235463327836},""BR2_compression"":{""score"":0},""BR3_retest"":{""score"":50.0},""BR4_bo_age"":{""score"":50.0},""_score"":36.21},""risk"":{""R1_stop_clarity"":{""score"":28.508785603831214},""R2_stop_distance_pct"":{""value"":1.4322993035190679,""score"":85.80748258797671},""R3_stop_distance_atr"":{""value"":0.3410882862772499,""score"":42.054414313862495},""R4_rr_potential"":{""value"":4.632979829486368,""score"":100.0},""_score"":62.03},""market"":{""M1_spy_regime"":{""score"":100.0},""M3_earnings_risk"":{""value"":null,""score"":80.0},""M4_vix"":{""value"":null,""score"":60.0},""_score"":84.0},""liquidity"":{""L1_price"":{""value"":54.56,""score"":100.0},""L2_dollar_vol"":{""value"":197406681.2568752,""score"":100.0},""L3_spread_proxy"":{""value"":0.03995601173020527,""score"":60.04398826979473},""L4_volume_zscore"":{""value"":1.4417874647439892,""score"":100.0},""_score"":96.0},""pattern_structure"":{""left_low"":54.5975,""left_idx"":52,""right_low"":54.67,""right_idx"":74,""separation_bars"":22,""structural_low"":54.5975,""current_price"":54.39,""neckline_distance_pct"":0.03675307961022251,""base_bars"":22},""pattern_geometry_features"":{""low_similarity_pct"":0.0013270185553802387,""bounce_pct"":0.032812857731581234,""right_bottom_reaction"":0.8406050029086675,""atr_pct"":0.04199204021784668},""_schema_version"":""1.0""}",,,,,,,,,,
20260519T210226Z-93bc42,2026-05-19T21:02:26.159542+00:00,FRMI,bull_flag,forming,50.52,30.2,54.5,37.2,59.1,37.3,40.7,76.4,84.0,89.6,4.22,16.34,3.35,5.91,5.22,3.66,2.29,5.04,4.48,False,,5.87,7.74,5.782,10.505,"{""trend"":{""T1_ema_stack"":{""value"":[true,false,false],""score"":33.33333333333333},""T2_ema50_slope"":{""value"":-0.8614228211154022,""score"":0},""T3_high_proximity"":{""value"":0.4978795589482613,""score"":0},""T4_rs_1m"":{""value"":0.05174806536980592,""score"":100},""T5_rs_3m"":{""value"":-0.44198854474940374,""score"":0},""T6_adr_healthy"":{""value"":10.526945117852346,""score"":36.826372053691344},""_score"":30.17},""geometry"":{""sub_pole_impulse"":100.0,""sub_flag_tightness"":27.5,""sub_flag_shallowness"":13.1,""sub_flag_drift"":41.6,""sub_flag_duration"":87.5,""_score"":54.48},""compression"":{""VC1_atr_ratio"":{""value"":0.732142495848049,""score"":66.96437603798773},""VC2_range_contraction"":{""value"":1.238529555119752,""score"":0},""VC3_range_pct_rank"":{""score"":41.666666666666664},""_score"":37.2},""sr_quality"":{""SR1_touches"":{""value"":3,""score"":50.0},""SR2_tightness"":{""value"":0.0984321537348894,""score"":69.26841982787258},""SR3_recency"":{""value"":61,""score"":48.333333333333336},""SR4_price_location"":{""score"":45.746164574616444},""SR5_reaction"":{""value"":3.8870242966894515,""score"":100},""_score"":59.08,""_levels_found"":6,""_target_level"":7.1667},""volume"":{""V1_rvol_day"":{""value"":1.032324430592165,""score"":35.488295372811},""V2_rvol_sameslot"":{""value"":1.2998732937195983,""score"":53.32488624797321,""status"":""ok""},""V3_breakout_bar"":{""value"":1.2191577237901605,""score"":47.94384825267737},""V4_base_dryup"":{""value"":1.1390636037995985,""score"":36.09363962004015},""V5_bo_expansion"":{""value"":1.0323244305921653,""score"":2.1549620394776854},""_score"":37.29},""readiness"":{""_distance_atr"":2.919,""BR1_atr_distance"":{""score"":0},""BR2_compression"":{""score"":92.69449707644655},""BR3_retest"":{""score"":50.0},""BR4_bo_age"":{""score"":50.0},""_score"":40.67},""risk"":{""R1_stop_clarity"":{""score"":72.50984021497943},""R2_stop_distance_pct"":{""value"":1.4999999999999993,""score"":87.49999999999997},""R3_stop_distance_atr"":{""value"":0.1374507989251028,""score"":31.87253994625514},""R4_rr_potential"":{""value"":52.64054514480412,""score"":100.0},""_score"":76.41},""market"":{""M1_spy_regime"":{""score"":100.0},""M3_earnings_risk"":{""value"":null,""score"":80.0},""M4_vix"":{""value"":null,""score"":60.0},""_score"":84.0},""liquidity"":{""L1_price"":{""value"":5.87,""score"":97.935},""L2_dollar_vol"":{""value"":112994050.62171465,""score"":100.0},""L3_spread_proxy"":{""value"":0.09880749574105623,""score"":1.1925042589437709},""L4_volume_zscore"":{""value"":0.04552555991874338,""score"":100.0},""_score"":89.6},""pattern_structure"":{""pole_low"":4.975,""pole_low_idx"":18,""peak_price"":7.74,""peak_idx"":38,""pole_gain"":0.555778894472362,""flag_bars"":21,""flag_low"":5.87,""flag_high"":7.74,""structural_low"":5.87,""current_price"":5.905,""neckline_distance_pct"":0.3107535986452159,""base_bars"":21},""pattern_geometry_features"":{""pole_gain"":0.555778894472362,""pullback_pct"":0.24160206718346253,""flag_range_pct"":0.24160206718346253,""flag_drift_per_bar"":-0.01167397209056819,""atr_pct"":0.10912995862740325,""pole_atr_multiple"":5.092816871395772},""_schema_version"":""1.0""}",,,,,,,,,,
20260519T210226Z-93bc42,2026-05-19T21:02:26.159542+00:00,MGNI,double_bottom,absent,50.29,56.9,45.6,40.2,51.6,23.7,35.3,77.5,84.0,86.6,8.53,11.4,3.21,7.22,3.08,2.82,4.65,5.04,4.33,False,,13.39,14.3199,12.3323,16.1197,"{""trend"":{""T1_ema_stack"":{""value"":[true,true,false],""score"":66.66666666666666},""T2_ema50_slope"":{""value"":0.0985610126023548,""score"":66.4268354337258},""T3_high_proximity"":{""value"":0.9456214689265537,""score"":72.81073446327684},""T4_rs_1m"":{""value"":-0.07886040023865959,""score"":0},""T5_rs_3m"":{""value"":0.04670803644717747,""score"":73.35401822358874},""T6_adr_healthy"":{""value"":5.059786733106714,""score"":100.0},""_score"":56.88},""geometry"":{""sub_low_similarity"":7.2,""sub_bounce_quality"":100,""sub_separation_fit"":0.0,""sub_right_bottom_reaction"":22.9,""sub_base_context"":100.0,""_score"":45.59},""compression"":{""VC1_atr_ratio"":{""value"":0.762781355081078,""score"":59.30466122973049},""VC2_range_contraction"":{""value"":1.316583340623013,""score"":0},""VC3_range_pct_rank"":{""score"":65.83333333333333},""_score"":40.18},""sr_quality"":{""SR1_touches"":{""value"":2,""score"":25.0},""SR2_tightness"":{""value"":0.10000000000000053,""score"":72.90628477429954},""SR3_recency"":{""value"":239,""score"":0.0},""SR4_price_location"":{""score"":72.60637122785322},""SR5_reaction"":{""value"":2.133630074023899,""score"":100},""_score"":51.59,""_levels_found"":7,""_target_level"":13.7},""volume"":{""V1_rvol_day"":{""value"":0.9088542620950317,""score"":27.25695080633545},""V2_rvol_sameslot"":{""value"":0.7074434711426106,""score"":13.829564742840708,""status"":""ok""},""V3_breakout_bar"":{""value"":0.7702863223596111,""score"":18.019088157307408},""V4_base_dryup"":{""value"":0.950056763750314,""score"":54.9943236249686},""V5_bo_expansion"":{""value"":0.9088542620950317,""score"":0},""_score"":23.72},""readiness"":{""_distance_atr"":1.26,""BR1_atr_distance"":{""score"":16.018514038737592},""BR2_compression"":{""score"":45.48956977735306},""BR3_retest"":{""score"":50.0},""BR4_bo_age"":{""score"":50.0},""_score"":35.28},""risk"":{""R1_stop_clarity"":{""score"":49.117596400406185},""R2_stop_distance_pct"":{""value"":7.899189693801359,""score"":100.0},""R3_stop_distance_atr"":{""value"":1.4328531617398061,""score"":96.64265808699031},""R4_rr_potential"":{""value"":2.580784843360812,""score"":79.03924216804059},""_score"":77.5},""market"":{""M1_spy_regime"":{""score"":100.0},""M3_earnings_risk"":{""value"":null,""score"":80.0},""M4_vix"":{""value"":null,""score"":60.0},""_score"":84.0},""liquidity"":{""L1_price"":{""value"":13.39,""score"":100.0},""L2_dollar_vol"":{""value"":34116050.1929533,""score"":76.64793723453292},""L3_spread_proxy"":{""value"":0.04069454817027634,""score"":59.30545182972366},""L4_volume_zscore"":{""value"":-0.21814041558511446,""score"":100.0},""_score"":86.59},""pattern_structure"":{""left_low"":12.5201,""left_idx"":26,""right_low"":13.115,""right_idx"":73,""separation_bars"":47,""structural_low"":12.5201,""current_price"":13.305,""neckline_distance_pct"":0.07627959413754234,""base_bars"":47},""pattern_geometry_features"":{""low_similarity_pct"":0.046412926027204954,""bounce_pct"":0.1437528454245574,""right_bottom_reaction"":0.2285714285714251,""atr_pct"":0.055129094206764116},""_schema_version"":""1.0""}",,,,,,,,,,
20260519T210226Z-93bc42,2026-05-19T21:02:26.159542+00:00,PRGS,high_tight_pullback,forming,50.26,13.3,64.5,46.7,65.7,16.8,46.2,71.8,84.0,77.7,1.6,22.58,4.67,5.26,2.35,4.16,0.72,5.04,3.89,False,,28.99,30.16,28.2597,34.365,"{""trend"":{""T1_ema_stack"":{""value"":[true,false,false],""score"":33.33333333333333},""T2_ema50_slope"":{""value"":-0.43990949682215924,""score"":0},""T3_high_proximity"":{""value"":0.6887621762889047,""score"":0},""T4_rs_1m"":{""value"":-0.10968233054334864,""score"":0},""T5_rs_3m"":{""value"":-0.25957489197132777,""score"":0},""T6_adr_healthy"":{""value"":4.76259775335872,""score"":100.0},""_score"":13.33},""geometry"":{""sub_pole_impulse"":55.5,""sub_flag_tightness"":67.6,""sub_flag_shallowness"":39.8,""sub_flag_drift"":86.7,""sub_flag_duration"":100.0,""_score"":64.52},""compression"":{""VC1_atr_ratio"":{""value"":0.5534583461586016,""score"":100},""VC2_range_contraction"":{""value"":1.101972511433946,""score"":0},""VC3_range_pct_rank"":{""score"":26.66666666666667},""_score"":46.67},""sr_quality"":{""SR1_touches"":{""value"":4,""score"":75.0},""SR2_tightness"":{""value"":0.2675233634656977,""score"":63.29711950649208},""SR3_recency"":{""value"":230,""score"":0.0},""SR4_price_location"":{""score"":74.96617050067661},""SR5_reaction"":{""value"":2.640147190686416,""score"":100},""_score"":65.74,""_levels_found"":4,""_target_level"":29.8225},""volume"":{""V1_rvol_day"":{""value"":0.6439431847600469,""score"":9.596212317336457},""V2_rvol_sameslot"":{""value"":0.5820447042072344,""score"":5.469646947148962,""status"":""ok""},""V3_breakout_bar"":{""value"":0.8301722814651961,""score"":22.01148543101307},""V4_base_dryup"":{""value"":1.0872382809436814,""score"":41.27617190563186},""V5_bo_expansion"":{""value"":0.6439431847600469,""score"":0},""_score"":16.77},""readiness"":{""_distance_atr"":0.803,""BR1_atr_distance"":{""score"":46.49393156907028},""BR2_compression"":{""score"":40.48788191699515},""BR3_retest"":{""score"":50.0},""BR4_bo_age"":{""score"":50.0},""_score"":46.22},""risk"":{""R1_stop_clarity"":{""score"":40.95811141217792},""R2_stop_distance_pct"":{""value"":2.5193170058640835,""score"":100.0},""R3_stop_distance_atr"":{""value"":0.5010020138272994,""score"":50.050100691364975},""R4_rr_potential"":{""value"":7.359485178339179,""score"":100.0},""_score"":71.84},""market"":{""M1_spy_regime"":{""score"":100.0},""M3_earnings_risk"":{""value"":null,""score"":80.0},""M4_vix"":{""value"":null,""score"":60.0},""_score"":84.0},""liquidity"":{""L1_price"":{""value"":28.99,""score"":100.0},""L2_dollar_vol"":{""value"":13826580.05644331,""score"":57.035738628435425},""L3_spread_proxy"":{""value"":0.05070714039323901,""score"":49.29285960676099},""L4_volume_zscore"":{""value"":-0.8021806284604003,""score"":100.0},""_score"":77.74},""pattern_structure"":{""pole_low"":25.955,""pole_low_idx"":30,""peak_price"":30.16,""peak_idx"":54,""pole_gain"":0.16201117318435762,""flag_bars"":5,""flag_low"":28.69,""flag_high"":29.64,""structural_low"":28.69,""current_price"":28.8,""neckline_distance_pct"":0.0472222222222222,""base_bars"":5},""pattern_geometry_features"":{""pole_gain"":0.16201117318435762,""pullback_pct"":0.04874005305039784,""flag_range_pct"":0.031498673740053024,""flag_drift_per_bar"":-0.002656250000000121,""atr_pct"":0.050285566451485735,""pole_atr_multiple"":3.2218225748866125},""_schema_version"":""1.0""}",,,,,,,,,,
20260519T210226Z-93bc42,2026-05-19T21:02:26.159542+00:00,INOD,inverse_head_shoulders,forming,50.12,86.1,53.4,4.4,44.1,7.3,44.1,83.7,84.0,90.9,10.33,14.94,0.35,6.18,1.03,3.53,5.02,4.2,4.54,False,,88.19,98.0,84.2668,110.45,"{""trend"":{""T1_ema_stack"":{""value"":[true,true,true],""score"":100.0},""T2_ema50_slope"":{""value"":0.6918433653947327,""score"":100},""T3_high_proximity"":{""value"":0.8493691611287681,""score"":24.68458056438405},""T4_rs_1m"":{""value"":0.8434924514260795,""score"":100},""T5_rs_3m"":{""value"":0.9091160669541312,""score"":100},""T6_adr_healthy"":{""value"":10.107861885670799,""score"":47.30345285823003},""_score"":86.07},""geometry"":{""sub_head_depth"":64.1,""sub_shoulder_price_sym"":16.2,""sub_shoulder_time_sym"":100,""sub_right_shoulder_reaction"":28.4,""sub_base_context"":100.0,""_score"":53.36},""compression"":{""VC1_atr_ratio"":{""value"":1.8146385379071344,""score"":0},""VC2_range_contraction"":{""value"":2.10006804788808,""score"":0},""VC3_range_pct_rank"":{""score"":17.500000000000004},""_score"":4.38},""sr_quality"":{""SR1_touches"":{""value"":3,""score"":50.0},""SR2_tightness"":{""value"":0.8355038400071342,""score"":86.02524259437749},""SR3_recency"":{""value"":299,""score"":0.0},""SR4_price_location"":{""score"":30.0},""SR5_reaction"":{""value"":1.1602368442676103,""score"":58.01184221338052},""_score"":44.11,""_levels_found"":4,""_target_level"":65.99},""volume"":{""V1_rvol_day"":{""value"":0.5933650645744091,""score"":6.224337638293939},""V2_rvol_sameslot"":{""value"":0.7477977531199534,""score"":16.519850207996896,""status"":""ok""},""V3_breakout_bar"":{""value"":0.6677031868863292,""score"":11.180212459088617},""V4_base_dryup"":{""value"":5.093420288858317,""score"":0},""V5_bo_expansion"":{""value"":0.5933650645744091,""score"":0},""_score"":7.34},""readiness"":{""_distance_atr"":0.82,""BR1_atr_distance"":{""score"":45.30550964793245},""BR2_compression"":{""score"":34.120717584259644},""BR3_retest"":{""score"":50.0},""BR4_bo_age"":{""score"":50.0},""_score"":44.15},""risk"":{""R1_stop_clarity"":{""score"":78.53617591917725},""R2_stop_distance_pct"":{""value"":4.448633631931053,""score"":100.0},""R3_stop_distance_atr"":{""value"":0.3281042190730103,""score"":41.40521095365052},""R4_rr_potential"":{""value"":5.673867329382534,""score"":100.0},""_score"":83.7},""market"":{""M1_spy_regime"":{""score"":100.0},""M3_earnings_risk"":{""value"":null,""score"":80.0},""M4_vix"":{""value"":null,""score"":60.0},""_score"":84.0},""liquidity"":{""L1_price"":{""value"":88.19,""score"":100.0},""L2_dollar_vol"":{""value"":156560892.6213681,""score"":100.0},""L3_spread_proxy"":{""value"":0.09116679895679773,""score"":8.833201043202266},""L4_volume_zscore"":{""value"":-0.2718772563498938,""score"":100.0},""_score"":90.88},""pattern_structure"":{""left_shoulder"":86.5,""left_shoulder_idx"":76,""head"":85.55,""head_idx"":82,""right_shoulder"":92.5,""right_shoulder_idx"":88,""left_to_head_bars"":6,""head_to_right_bars"":6,""structural_low"":85.55,""current_price"":87.0,""neckline_distance_pct"":0.12643678160919541,""base_bars"":12},""pattern_geometry_features"":{""head_depth_pct"":0.04413407821229053,""shoulder_price_asymmetry"":0.0670391061452514,""shoulder_time_asymmetry"":0.0,""right_shoulder_reaction"":0.2844812680115274,""atr_pct"":0.13558599290492926},""_schema_version"":""1.0""}",,,,,,,,,,
20260519T210226Z-93bc42,2026-05-19T21:02:26.159542+00:00,APPF,double_bottom,forming,50.08,18.7,51.2,43.1,60.2,33.5,64.2,59.5,84.0,89.5,2.8,12.81,3.45,8.43,4.36,5.14,3.57,5.04,4.48,False,,159.82,160.845,148.4297,171.0,"{""trend"":{""T1_ema_stack"":{""value"":[false,false,false],""score"":0.0},""T2_ema50_slope"":{""value"":-0.10205915386588922,""score"":32.99014102235179},""T3_high_proximity"":{""value"":0.836009834179003,""score"":18.004917089501472},""T4_rs_1m"":{""value"":-0.028041224771157447,""score"":21.958775228842555},""T5_rs_3m"":{""value"":-0.16506375146246555,""score"":0},""T6_adr_healthy"":{""value"":4.450068460441466,""score"":100.0},""_score"":18.69},""geometry"":{""sub_low_similarity"":18.1,""sub_bounce_quality"":53.4,""sub_separation_fit"":100.0,""sub_right_bottom_reaction"":94.3,""sub_base_context"":30.0,""_score"":51.25},""compression"":{""VC1_atr_ratio"":{""value"":0.482298866920547,""score"":100},""VC2_range_contraction"":{""value"":0.9998409207667105,""score"":0.026513205548250873},""VC3_range_pct_rank"":{""score"":12.5},""_score"":43.13},""sr_quality"":{""SR1_touches"":{""value"":3,""score"":50.0},""SR2_tightness"":{""value"":1.5616871218866646,""score"":60.0849157683084},""SR3_recency"":{""value"":236,""score"":0.0},""SR4_price_location"":{""score"":84.78483216824584},""SR5_reaction"":{""value"":2.862602483747633,""score"":100},""_score"":60.21,""_levels_found"":7,""_target_level"":161.62},""volume"":{""V1_rvol_day"":{""value"":0.9736860964809744,""score"":31.579073098731627},""V2_rvol_sameslot"":{""value"":0.82563542666174,""score"":21.709028444115997,""status"":""ok""},""V3_breakout_bar"":{""value"":1.2657426034659685,""score"":51.049506897731234},""V4_base_dryup"":{""value"":0.9952673287062641,""score"":50.47326712937359},""V5_bo_expansion"":{""value"":0.9736860964809744,""score"":0},""_score"":33.51},""readiness"":{""_distance_atr"":0.131,""BR1_atr_distance"":{""score"":91.26735849451981},""BR2_compression"":{""score"":40.97831066735667},""BR3_retest"":{""score"":50.0},""BR4_bo_age"":{""score"":50.0},""_score"":64.25},""risk"":{""R1_stop_clarity"":{""score"":42.22782567733099},""R2_stop_distance_pct"":{""value"":7.126986609936169,""score"":100.0},""R3_stop_distance_atr"":{""value"":1.4556269732479825,""score"":97.78134866239913},""R4_rr_potential"":{""value"":0.9815326131330488,""score"":0.0},""_score"":59.45},""market"":{""M1_spy_regime"":{""score"":100.0},""M3_earnings_risk"":{""value"":null,""score"":80.0},""M4_vix"":{""value"":null,""score"":60.0},""_score"":84.0},""liquidity"":{""L1_price"":{""value"":159.82,""score"":100.0},""L2_dollar_vol"":{""value"":56363628.14485765,""score"":87.54994705062438},""L3_spread_proxy"":{""value"":0.05493680390439245,""score"":45.06319609560755},""L4_volume_zscore"":{""value"":-0.06250744608159399,""score"":100.0},""_score"":89.53},""pattern_structure"":{""left_low"":156.9875,""left_idx"":43,""right_low"":150.69,""right_idx"":67,""separation_bars"":24,""structural_low"":150.69,""current_price"":160.9725,""neckline_distance_pct"":-0.0007920607557191304,""base_bars"":24},""pattern_geometry_features"":{""low_similarity_pct"":0.0409357200315266,""bounce_pct"":0.06739000597252638,""right_bottom_reaction"":0.9428571428571405,""atr_pct"":0.048961627813432974},""_schema_version"":""1.0""}",,,,,,,,,,
20260519T210226Z-93bc42,2026-05-19T21:02:26.159542+00:00,GDYN,ascending_triangle,forming,49.88,59.5,57.0,43.5,43.3,16.1,35.7,49.1,84.0,73.6,8.92,15.95,3.48,6.06,1.94,2.85,1.96,5.04,3.68,False,,6.48,7.06,5.4914,8.545,"{""trend"":{""T1_ema_stack"":{""value"":[true,true,false],""score"":66.66666666666666},""T2_ema50_slope"":{""value"":0.01003340502688474,""score"":51.67223417114746},""T3_high_proximity"":{""value"":0.9,""score"":49.999999999999986},""T4_rs_1m"":{""value"":0.07051307611433888,""score"":100},""T5_rs_3m"":{""value"":-0.14341101117187016,""score"":0},""T6_adr_healthy"":{""value"":6.703214107480328,""score"":100.0},""_score"":59.5},""geometry"":{""sub_flat_top_quality"":33.3,""sub_hl_slope"":98.9,""sub_compression"":9.2,""sub_duration"":100.0,""_score"":56.96},""compression"":{""VC1_atr_ratio"":{""value"":0.48873925948483143,""score"":100},""VC2_range_contraction"":{""value"":1.2907738517868215,""score"":0},""VC3_range_pct_rank"":{""score"":14.166666666666671},""_score"":43.54},""sr_quality"":{""SR1_touches"":{""value"":2,""score"":25.0},""SR2_tightness"":{""value"":0.0674999999999999,""score"":72.75243642235169},""SR3_recency"":{""value"":231,""score"":0.0},""SR4_price_location"":{""score"":39.40548780487806},""SR5_reaction"":{""value"":2.149530015570036,""score"":100},""_score"":43.26,""_levels_found"":5,""_target_level"":7.1425},""volume"":{""V1_rvol_day"":{""value"":0.7858965256161491,""score"":19.059768374409938},""V2_rvol_sameslot"":{""value"":0.6421288318886292,""score"":9.47525545924195,""status"":""ok""},""V3_breakout_bar"":{""value"":0.8461446497204608,""score"":23.07630998136405},""V4_base_dryup"":{""value"":1.2667557235176548,""score"":23.32442764823452},""V5_bo_expansion"":{""value"":0.7858965256161491,""score"":0},""_score"":16.14},""readiness"":{""_distance_atr"":1.171,""BR1_atr_distance"":{""score"":21.95759567883448},""BR2_compression"":{""score"":37.523557789506874},""BR3_retest"":{""score"":50.0},""BR4_bo_age"":{""score"":50.0},""_score"":35.66},""risk"":{""R1_stop_clarity"":{""score"":66.24329623435767},""R2_stop_distance_pct"":{""value"":15.256558641975317,""score"":0.0},""R3_stop_distance_atr"":{""value"":1.9953794475520454,""score"":100.0},""R4_rr_potential"":{""value"":2.0887596409154088,""score"":54.43798204577044},""_score"":49.07},""market"":{""M1_spy_regime"":{""score"":100.0},""M3_earnings_risk"":{""value"":null,""score"":80.0},""M4_vix"":{""value"":null,""score"":60.0},""_score"":84.0},""liquidity"":{""L1_price"":{""value"":6.48,""score"":98.24000000000001},""L2_dollar_vol"":{""value"":12092559.60306024,""score"":54.12591183306961},""L3_spread_proxy"":{""value"":0.0763888888888889,""score"":23.6111111111111},""L4_volume_zscore"":{""value"":-0.27307749388595476,""score"":100.0},""_score"":73.57},""pattern_structure"":{""top"":7.06,""top_touches"":2,""low_slope_per_bar"":0.016535277177825734,""lowest_low"":5.575,""structural_low"":5.575,""current_price"":6.509,""neckline_distance_pct"":0.08465202027961273,""base_bars"":47},""pattern_geometry_features"":{""top_touches"":2.0,""low_slope"":0.016535277177825734,""compression"":0.046135189286090394,""atr_pct"":0.0764594356261023},""_schema_version"":""1.0""}",,,,,,,,,,
20260519T210226Z-93bc42,2026-05-19T21:02:26.159542+00:00,AGYS,vcp,breakout_confirmed,49.82,51.1,45.0,23.8,50.2,70.8,33.2,36.9,84.0,72.5,7.66,11.25,2.85,6.02,9.2,2.33,1.84,5.04,3.62,False,,78.94,73.585,63.8526,90.82,"{""trend"":{""T1_ema_stack"":{""value"":[true,false,false],""score"":33.33333333333333},""T2_ema50_slope"":{""value"":-0.2329215405635045,""score"":11.179743239415913},""T3_high_proximity"":{""value"":0.9866266716660417,""score"":93.31333583302082},""T4_rs_1m"":{""value"":0.12644759934086292,""score"":100},""T5_rs_3m"":{""value"":-0.07977826091673634,""score"":10.110869541631828},""T6_adr_healthy"":{""value"":5.619624296819954,""score"":100.0},""_score"":51.08},""geometry"":{""sub_contraction_count"":100.0,""sub_reduction_rate"":0,""sub_pivot_tightness"":0,""sub_volume_dryup"":0,""sub_base_depth"":100.0,""sub_base_duration"":100.0,""_score"":45.0},""compression"":{""VC1_atr_ratio"":{""value"":0.7621023928636034,""score"":59.47440178409915},""VC2_range_contraction"":{""value"":1.456591665916277,""score"":0},""VC3_range_pct_rank"":{""score"":0.0},""_score"":23.79},""sr_quality"":{""SR1_touches"":{""value"":2,""score"":25.0},""SR2_tightness"":{""value"":0.6649999999999991,""score"":74.33140336366147},""SR3_recency"":{""value"":275,""score"":0.0},""SR4_price_location"":{""score"":67.03591809331982},""SR5_reaction"":{""value"":1.9695340501792127,""score"":98.47670250896063},""_score"":50.18,""_levels_found"":7,""_target_level"":81.395},""volume"":{""V1_rvol_day"":{""value"":6.708073723505659,""score"":100},""V2_rvol_sameslot"":{""value"":4.875788704065003,""score"":100,""status"":""ok""},""V3_breakout_bar"":{""value"":0.7497334993438944,""score"":16.64889995625963},""V4_base_dryup"":{""value"":0.9203073165737792,""score"":57.96926834262208},""V5_bo_expansion"":{""value"":6.708073723505659,""score"":100},""_score"":70.76},""readiness"":{""_distance_atr"":-1.033,""BR1_atr_distance"":{""score"":39.33002481389577},""BR2_compression"":{""score"":0},""BR3_retest"":{""score"":50.0},""BR4_bo_age"":{""score"":50.0},""_score"":33.23},""risk"":{""R1_stop_clarity"":{""score"":62.466914805624505},""R2_stop_distance_pct"":{""value"":19.11245882949075,""score"":0.0},""R3_stop_distance_atr"":{""value"":2.911817617866004,""score"":100.0},""R4_rr_potential"":{""value"":0.7874133174259936,""score"":0.0},""_score"":36.86},""market"":{""M1_spy_regime"":{""score"":100.0},""M3_earnings_risk"":{""value"":null,""score"":80.0},""M4_vix"":{""value"":null,""score"":60.0},""_score"":84.0},""liquidity"":{""L1_price"":{""value"":78.94,""score"":100.0},""L2_dollar_vol"":{""value"":216260619.67831898,""score"":100.0},""L3_spread_proxy"":{""value"":0.2292513301241449,""score"":0},""L4_volume_zscore"":{""value"":4.111801759283167,""score"":30.0},""_score"":72.5},""pattern_structure"":{""n_contractions"":5,""contractions_pct"":[18.24,7.43,11.32,9.02,11.9],""descending_strict"":false,""final_low"":64.825,""final_pivot"":73.585,""structural_low"":64.825,""dry_up_ratio"":2.048789754026247,""current_price"":78.94,""neckline_distance_pct"":-0.06783633139092987,""base_bars"":48},""pattern_geometry_features"":{""contraction_count"":5.0,""first_contraction_pct"":0.18242749207896658,""last_contraction_pct"":0.11904600122307524,""dry_up_ratio"":2.048789754026247,""near_monotone"":0.0,""base_depth_pct"":0.21002924689251765},""_schema_version"":""1.0""}",,,,,,,,,,
20260519T210226Z-93bc42,2026-05-19T21:02:26.159542+00:00,AXON,double_bottom,forming,49.65,5.0,61.6,49.0,67.6,13.2,48.7,78.4,84.0,94.9,0.75,15.41,3.92,9.47,1.71,3.9,4.7,5.04,4.74,False,,392.34,414.5,373.5021,449.81,"{""trend"":{""T1_ema_stack"":{""value"":[false,false,false],""score"":0.0},""T2_ema50_slope"":{""value"":-0.41418693314745336,""score"":0},""T3_high_proximity"":{""value"":0.6775112676785991,""score"":0},""T4_rs_1m"":{""value"":-0.0635490335867358,""score"":0},""T5_rs_3m"":{""value"":-0.1569612496435261,""score"":0},""T6_adr_healthy"":{""value"":5.698979730878922,""score"":100.0},""_score"":5.0},""geometry"":{""sub_low_similarity"":36.2,""sub_bounce_quality"":90.2,""sub_separation_fit"":100.0,""sub_right_bottom_reaction"":78.3,""sub_base_context"":30.0,""_score"":61.65},""compression"":{""VC1_atr_ratio"":{""value"":0.5708670246818437,""score"":100},""VC2_range_contraction"":{""value"":1.337878780262946,""score"":0},""VC3_range_pct_rank"":{""score"":35.83333333333333},""_score"":48.96},""sr_quality"":{""SR1_touches"":{""value"":5,""score"":100},""SR2_tightness"":{""value"":3.271657638812473,""score"":73.53940709118812},""SR3_recency"":{""value"":235,""score"":0.0},""SR4_price_location"":{""score"":46.40911507534137},""SR5_reaction"":{""value"":2.6470487239434846,""score"":100},""_score"":67.63,""_levels_found"":4,""_target_level"":414.6621},""volume"":{""V1_rvol_day"":{""value"":0.6531301224425011,""score"":10.208674829500076},""V2_rvol_sameslot"":{""value"":0.5685275401330938,""score"":4.568502675539587,""status"":""ok""},""V3_breakout_bar"":{""value"":0.7799483262618855,""score"":18.663221750792367},""V4_base_dryup"":{""value"":1.2214148954451813,""score"":27.858510455481863},""V5_bo_expansion"":{""value"":0.653130122442501,""score"":0},""_score"":13.19},""readiness"":{""_distance_atr"":0.896,""BR1_atr_distance"":{""score"":40.25793612967933},""BR2_compression"":{""score"":60.525496225456074},""BR3_retest"":{""score"":50.0},""BR4_bo_age"":{""score"":50.0},""_score"":48.73},""risk"":{""R1_stop_clarity"":{""score"":53.99766724032429},""R2_stop_distance_pct"":{""value"":4.8014094917673455,""score"":100.0},""R3_stop_distance_atr"":{""value"":0.7617861267235012,""score"":63.08930633617506},""R4_rr_potential"":{""value"":3.050772779271521,""score"":100.0},""_score"":78.36},""market"":{""M1_spy_regime"":{""score"":100.0},""M3_earnings_risk"":{""value"":null,""score"":80.0},""M4_vix"":{""value"":null,""score"":60.0},""_score"":84.0},""liquidity"":{""L1_price"":{""value"":392.34,""score"":100.0},""L2_dollar_vol"":{""value"":303971189.0179528,""score"":100.0},""L3_spread_proxy"":{""value"":0.051052658408523154,""score"":48.94734159147685},""L4_volume_zscore"":{""value"":-0.8062649355364658,""score"":100.0},""_score"":94.89},""pattern_structure"":{""left_low"":379.19,""left_idx"":41,""right_low"":391.48,""right_idx"":68,""separation_bars"":27,""structural_low"":379.19,""current_price"":390.61,""neckline_distance_pct"":0.06116074857274516,""base_bars"":27},""pattern_geometry_features"":{""low_similarity_pct"":0.03189432571658432,""bounce_pct"":0.09311954429177985,""right_bottom_reaction"":0.782797567332754,""atr_pct"":0.06302831363467547},""_schema_version"":""1.0""}",,,,,,,,,,
20260519T210226Z-93bc42,2026-05-19T21:02:26.159542+00:00,NOW,double_bottom,setup,49.58,21.9,62.4,42.4,53.2,42.8,34.3,33.2,84.0,90.1,3.29,15.6,3.39,7.45,5.57,2.74,1.99,5.04,4.51,False,,101.83,95.56,84.1584,105.68,"{""trend"":{""T1_ema_stack"":{""value"":[true,false,false],""score"":33.33333333333333},""T2_ema50_slope"":{""value"":-0.4468888972325057,""score"":0},""T3_high_proximity"":{""value"":0.8189641306096187,""score"":9.482065304809328},""T4_rs_1m"":{""value"":-0.014129725778743385,""score"":35.870274221256615},""T5_rs_3m"":{""value"":-0.12459324976622277,""score"":0},""T6_adr_healthy"":{""value"":4.929378664090761,""score"":100.0},""_score"":21.93},""geometry"":{""sub_low_similarity"":15.2,""sub_bounce_quality"":100,""sub_separation_fit"":20.0,""sub_right_bottom_reaction"":99.0,""sub_base_context"":100.0,""_score"":62.41},""compression"":{""VC1_atr_ratio"":{""value"":0.6028118592075383,""score"":99.29703519811541},""VC2_range_contraction"":{""value"":0.9581808156062673,""score"":6.969864065622112},""VC3_range_pct_rank"":{""score"":0.8333333333333304},""_score"":42.37},""sr_quality"":{""SR1_touches"":{""value"":3,""score"":50.0},""SR2_tightness"":{""value"":0.8493657764604252,""score"":68.1522951609016},""SR3_recency"":{""value"":243,""score"":0.0},""SR4_price_location"":{""score"":52.07037116498601},""SR5_reaction"":{""value"":3.429621822950772,""score"":100},""_score"":53.24,""_levels_found"":5,""_target_level"":105.5533},""volume"":{""V1_rvol_day"":{""value"":1.7577659856520331,""score"":83.85106571013554},""V2_rvol_sameslot"":{""value"":1.3804233663214611,""score"":58.694891088097414,""status"":""ok""},""V3_breakout_bar"":{""value"":0.5669677132910084,""score"":4.4645142194005585},""V4_base_dryup"":{""value"":1.2188279560270816,""score"":28.117204397291843},""V5_bo_expansion"":{""value"":1.7577659856520331,""score"":50.51773237680221},""_score"":42.83},""readiness"":{""_distance_atr"":-1.175,""BR1_atr_distance"":{""score"":36.49009238713412},""BR2_compression"":{""score"":8.749322534562824},""BR3_retest"":{""score"":50.0},""BR4_bo_age"":{""score"":50.0},""_score"":34.28},""risk"":{""R1_stop_clarity"":{""score"":51.94529888891728},""R2_stop_distance_pct"":{""value"":17.3540214082294,""score"":0.0},""R3_stop_distance_atr"":{""value"":3.313059676008938,""score"":100.0},""R4_rr_potential"":{""value"":0.21786369089386412,""score"":0.0},""_score"":33.18},""market"":{""M1_spy_regime"":{""score"":100.0},""M3_earnings_risk"":{""value"":null,""score"":80.0},""M4_vix"":{""value"":null,""score"":60.0},""_score"":84.0},""liquidity"":{""L1_price"":{""value"":101.83,""score"":100.0},""L2_dollar_vol"":{""value"":5632023504.355396,""score"":100.0},""L3_spread_proxy"":{""value"":0.098769517823824,""score"":1.2304821761759968},""L4_volume_zscore"":{""value"":1.4919954621823723,""score"":100.0},""_score"":90.12},""pattern_structure"":{""left_low"":89.14,""left_idx"":14,""right_low"":85.44,""right_idx"":56,""separation_bars"":42,""structural_low"":85.44,""current_price"":103.075,""neckline_distance_pct"":-0.07290807664322096,""base_bars"":42},""pattern_geometry_features"":{""low_similarity_pct"":0.04238744415167835,""bounce_pct"":0.11844569288389518,""right_bottom_reaction"":0.9900564971751403,""atr_pct"":0.05238064841963499},""_schema_version"":""1.0""}",,,,,,,,,,
20260519T210226Z-93bc42,2026-05-19T21:02:26.159542+00:00,MA,breakout_retest_hold,forming,49.43,23.5,60.8,43.8,53.3,20.9,60.5,39.0,84.0,97.1,3.29,13.37,2.63,7.46,2.72,10.89,1.95,4.2,2.91,True,risk_unclear,499.7,500.7399,493.515,505.2197,"{""trend"":{""T1_ema_stack"":{""value"":[false,false,false],""score"":0.0},""T2_ema50_slope"":{""value"":-0.0804484534831855,""score"":36.59192441946908},""T3_high_proximity"":{""value"":0.9492600824452423,""score"":74.63004122262113},""T4_rs_1m"":{""value"":-0.06809648158690595,""score"":0},""T5_rs_3m"":{""value"":-0.12268793183444948,""score"":0},""T6_adr_healthy"":{""value"":2.1720891809450493,""score"":100.0},""_score"":23.51},""geometry"":{""sub_retest_depth"":100.0,""sub_retest_timing"":0.0,""sub_retest_freshness"":75.0,""sub_hold_quality"":52.6,""_score"":60.78},""compression"":{""VC1_atr_ratio"":{""value"":0.4920020095052263,""score"":100},""VC2_range_contraction"":{""value"":0.9948323880187291,""score"":0.8612686635451524},""VC3_range_pct_rank"":{""score"":14.166666666666671},""_score"":43.84},""sr_quality"":{""SR1_touches"":{""value"":3,""score"":50.0},""SR2_tightness"":{""value"":1.7563519642207965,""score"":72.05762414775315},""SR3_recency"":{""value"":228,""score"":0.0},""SR4_price_location"":{""score"":60.36087805999294},""SR5_reaction"":{""value"":1.6488690552625602,""score"":82.44345276312801},""_score"":53.27,""_levels_found"":6,""_target_level"":505.4483},""volume"":{""V1_rvol_day"":{""value"":0.8440606156647981,""score"":22.937374377653207},""V2_rvol_sameslot"":{""value"":0.5918160261631121,""score"":6.121068410874142,""status"":""ok""},""V3_breakout_bar"":{""value"":0.7842189458537645,""score"":18.947929723584302},""V4_base_dryup"":{""value"":0.9810535678517677,""score"":51.89464321482323},""V5_bo_expansion"":{""value"":0.8440606156647982,""score"":0},""_score"":20.93},""readiness"":{""_distance_atr"":0.083,""BR1_atr_distance"":{""score"":94.48529732068017},""BR2_compression"":{""score"":0},""BR3_retest"":{""score"":91.09117521054297},""BR4_bo_age"":{""score"":30.0},""_score"":60.51},""risk"":{""R1_stop_clarity"":{""score"":20.692010222878082},""R2_stop_distance_pct"":{""value"":1.2377426455873528,""score"":80.94356613968382},""R3_stop_distance_atr"":{""value"":0.49199590448495273,""score"":49.599795224247636},""R4_rr_potential"":{""value"":0.8924333063864093,""score"":0.0},""_score"":38.97},""market"":{""M1_spy_regime"":{""score"":100.0},""M3_earnings_risk"":{""value"":null,""score"":80.0},""M4_vix"":{""value"":null,""score"":60.0},""_score"":84.0},""liquidity"":{""L1_price"":{""value"":499.7,""score"":100.0},""L2_dollar_vol"":{""value"":1607148563.537542,""score"":100.0},""L3_spread_proxy"":{""value"":0.02881729037422449,""score"":71.18270962577552},""L4_volume_zscore"":{""value"":-0.5589516817278573,""score"":100.0},""_score"":97.12},""pattern_structure"":{""level"":500.7399,""level_idx"":21,""breakout_idx"":28,""bo_peak_idx"":74,""bo_peak_price"":512.9,""retest_idx"":79,""retest_low"":498.5,""structural_low"":498.5,""current_price"":500.04,""neckline_distance_pct"":0.001399688024957917,""base_bars"":58,""bars_since_breakout"":51},""pattern_geometry_features"":{""retest_depth_atr"":0.5734416630550615,""bars_breakout_to_retest"":51.0,""bars_since_retest"":0.0,""current_above_level_atr"":-0.1791829188679034,""bo_peak_excess_pct"":0.024284264145916872,""atr_pct"":0.025157580262443184},""_schema_version"":""1.0""}",,,,,,,,,,
20260519T210226Z-93bc42,2026-05-19T21:02:26.159542+00:00,QTWO,double_bottom,forming,49.31,16.2,56.5,50.2,45.2,39.3,47.4,64.8,84.0,91.5,2.44,14.12,4.02,6.33,5.11,3.79,3.89,5.04,4.58,False,,47.23,48.42,44.2561,51.91,"{""trend"":{""T1_ema_stack"":{""value"":[false,false,false],""score"":0.0},""T2_ema50_slope"":{""value"":-0.14807006602513179,""score"":25.321655662478033},""T3_high_proximity"":{""value"":0.8823089856155426,""score"":41.154492807771284},""T4_rs_1m"":{""value"":-0.148673615932296,""score"":0},""T5_rs_3m"":{""value"":-0.16658373372926705,""score"":0},""T6_adr_healthy"":{""value"":4.799700269370303,""score"":100.0},""_score"":16.24},""geometry"":{""sub_low_similarity"":32.0,""sub_bounce_quality"":68.1,""sub_separation_fit"":100.0,""sub_right_bottom_reaction"":81.7,""sub_base_context"":30.0,""_score"":56.48},""compression"":{""VC1_atr_ratio"":{""value"":0.4847591273594267,""score"":100},""VC2_range_contraction"":{""value"":1.016784624842996,""score"":0},""VC3_range_pct_rank"":{""score"":40.833333333333336},""_score"":50.21},""sr_quality"":{""SR1_touches"":{""value"":3,""score"":50.0},""SR2_tightness"":{""value"":0.12970050972229244,""score"":89.87700432359657},""SR3_recency"":{""value"":252,""score"":0.0},""SR4_price_location"":{""score"":6.939090208172797},""SR5_reaction"":{""value"":2.159355793179466,""score"":100},""_score"":45.22,""_levels_found"":7,""_target_level"":51.2533},""volume"":{""V1_rvol_day"":{""value"":1.1425682433359305,""score"":42.83788288906204},""V2_rvol_sameslot"":{""value"":1.4204850655416807,""score"":61.36567103611205,""status"":""ok""},""V3_breakout_bar"":{""value"":1.5243973115650706,""score"":68.29315410433804},""V4_base_dryup"":{""value"":1.5676084907421888,""score"":0},""V5_bo_expansion"":{""value"":1.1425682433359303,""score"":9.504549555728687},""_score"":39.34},""readiness"":{""_distance_atr"":0.464,""BR1_atr_distance"":{""score"":69.040561519475},""BR2_compression"":{""score"":9.022388974197955},""BR3_retest"":{""score"":50.0},""BR4_bo_age"":{""score"":50.0},""_score"":47.37},""risk"":{""R1_stop_clarity"":{""score"":47.3988733681941},""R2_stop_distance_pct"":{""value"":6.296739360575895,""score"":100.0},""R3_stop_distance_atr"":{""value"":1.1605691857456737,""score"":83.02845928728368},""R4_rr_potential"":{""value"":1.5736646547521023,""score"":28.683232737605113},""_score"":64.78},""market"":{""M1_spy_regime"":{""score"":100.0},""M3_earnings_risk"":{""value"":null,""score"":80.0},""M4_vix"":{""value"":null,""score"":60.0},""_score"":84.0},""liquidity"":{""L1_price"":{""value"":47.23,""score"":100.0},""L2_dollar_vol"":{""value"":59246471.44024907,""score"":88.63312450232495},""L3_spread_proxy"":{""value"":0.03938168536946856,""score"":60.618314630531444},""L4_volume_zscore"":{""value"":0.257477342864791,""score"":100.0},""_score"":91.52},""pattern_structure"":{""left_low"":46.485,""left_idx"":43,""right_low"":44.93,""right_idx"":68,""separation_bars"":25,""structural_low"":44.93,""current_price"":46.97,""neckline_distance_pct"":0.03087076857568667,""base_bars"":25},""pattern_geometry_features"":{""low_similarity_pct"":0.034020674943936985,""bounce_pct"":0.07767638548853777,""right_bottom_reaction"":0.8173515981735164,""atr_pct"":0.054255613865279356},""_schema_version"":""1.0""}",,,,,,,,,,
20260519T210226Z-93bc42,2026-05-19T21:02:26.159542+00:00,FRMI,vcp,retest_hold,49.24,30.2,44.0,37.2,59.1,30.1,80.7,61.9,84.0,89.6,4.53,10.99,4.46,7.09,3.91,5.65,3.09,5.04,4.48,False,,5.87,5.76,4.9004,12.835,"{""trend"":{""T1_ema_stack"":{""value"":[true,false,false],""score"":33.33333333333333},""T2_ema50_slope"":{""value"":-0.8614228211154022,""score"":0},""T3_high_proximity"":{""value"":0.4978795589482613,""score"":0},""T4_rs_1m"":{""value"":0.05174806536980592,""score"":100},""T5_rs_3m"":{""value"":-0.44198854474940374,""score"":0},""T6_adr_healthy"":{""value"":10.526945117852346,""score"":36.826372053691344},""_score"":30.17},""geometry"":{""sub_contraction_count"":100.0,""sub_reduction_rate"":35.9,""sub_pivot_tightness"":0,""sub_volume_dryup"":0,""sub_base_depth"":0.0,""sub_base_duration"":100.0,""_score"":43.98},""compression"":{""VC1_atr_ratio"":{""value"":0.732142495848049,""score"":66.96437603798773},""VC2_range_contraction"":{""value"":1.238529555119752,""score"":0},""VC3_range_pct_rank"":{""score"":41.666666666666664},""_score"":37.2},""sr_quality"":{""SR1_touches"":{""value"":3,""score"":50.0},""SR2_tightness"":{""value"":0.0984321537348894,""score"":69.26841982787258},""SR3_recency"":{""value"":61,""score"":48.333333333333336},""SR4_price_location"":{""score"":45.746164574616444},""SR5_reaction"":{""value"":3.8870242966894515,""score"":100},""_score"":59.08,""_levels_found"":6,""_target_level"":7.1667},""volume"":{""V1_rvol_day"":{""value"":1.032324430592165,""score"":35.488295372811},""V2_rvol_sameslot"":{""value"":1.2998732937195983,""score"":53.32488624797321,""status"":""ok""},""V3_breakout_bar"":{""value"":1.2191577237901605,""score"":47.94384825267737},""V4_base_dryup"":{""value"":2.289096181620097,""score"":0},""V5_bo_expansion"":{""value"":1.0323244305921653,""score"":2.1549620394776854},""_score"":30.07},""readiness"":{""_distance_atr"":-0.172,""BR1_atr_distance"":{""score"":100.0},""BR2_compression"":{""score"":92.69449707644655},""BR3_retest"":{""score"":50.0},""BR4_bo_age"":{""score"":50.0},""_score"":80.67},""risk"":{""R1_stop_clarity"":{""score"":76.70127002887945},""R2_stop_distance_pct"":{""value"":16.518313458262362,""score"":0.0},""R3_stop_distance_atr"":{""value"":1.513636921155627,""score"":100.0},""R4_rr_potential"":{""value"":7.183189377336595,""score"":100.0},""_score"":61.85},""market"":{""M1_spy_regime"":{""score"":100.0},""M3_earnings_risk"":{""value"":null,""score"":80.0},""M4_vix"":{""value"":null,""score"":60.0},""_score"":84.0},""liquidity"":{""L1_price"":{""value"":5.87,""score"":97.935},""L2_dollar_vol"":{""value"":112994050.62171465,""score"":100.0},""L3_spread_proxy"":{""value"":0.09880749574105623,""score"":1.1925042589437709},""L4_volume_zscore"":{""value"":0.04552555991874338,""score"":100.0},""_score"":89.6},""pattern_structure"":{""n_contractions"":5,""contractions_pct"":[36.89,47.33,28.55,22.7,13.63],""descending_strict"":false,""final_low"":4.975,""final_pivot"":5.76,""structural_low"":4.975,""dry_up_ratio"":1.020451428246194,""current_price"":5.87,""neckline_distance_pct"":-0.018739352640545198,""base_bars"":52},""pattern_geometry_features"":{""contraction_count"":5.0,""first_contraction_pct"":0.36887966804979255,""last_contraction_pct"":0.13628472222222227,""dry_up_ratio"":1.020451428246194,""near_monotone"":0.0,""base_depth_pct"":0.5871369294605809},""_schema_version"":""1.0""}",,,,,,,,,,
20260519T210226Z-93bc42,2026-05-19T21:02:26.159542+00:00,SAIL,vcp,breakout_confirmed,48.95,42.9,50.0,50.4,38.8,41.3,35.7,35.3,84.0,92.9,6.43,12.49,6.05,4.65,5.37,2.5,1.76,5.04,4.64,False,,14.47,12.73,11.2093,17.775,"{""trend"":{""T1_ema_stack"":{""value"":[true,false,false],""score"":33.33333333333333},""T2_ema50_slope"":{""value"":-0.27586570259672877,""score"":4.022382900545203},""T3_high_proximity"":{""value"":0.9164027865737809,""score"":58.20139328689044},""T4_rs_1m"":{""value"":0.1537003463278388,""score"":100},""T5_rs_3m"":{""value"":-0.1698089513299098,""score"":0},""T6_adr_healthy"":{""value"":5.700183176819564,""score"":100.0},""_score"":42.87},""geometry"":{""sub_contraction_count"":100.0,""sub_reduction_rate"":22.8,""sub_pivot_tightness"":0,""sub_volume_dryup"":0,""sub_base_depth"":92.8,""sub_base_duration"":100.0,""_score"":49.98},""compression"":{""VC1_atr_ratio"":{""value"":0.5813188554059971,""score"":100},""VC2_range_contraction"":{""value"":1.003888082229891,""score"":0},""VC3_range_pct_rank"":{""score"":41.666666666666664},""_score"":50.42},""sr_quality"":{""SR1_touches"":{""value"":2,""score"":25.0},""SR2_tightness"":{""value"":0.18395000000000117,""score"":54.65142897392072},""SR3_recency"":{""value"":244,""score"":0.0},""SR4_price_location"":{""score"":32.36524030474885},""SR5_reaction"":{""value"":4.759257954885628,""score"":100},""_score"":38.79,""_levels_found"":6,""_target_level"":16.2411},""volume"":{""V1_rvol_day"":{""value"":1.740658051560965,""score"":82.710536770731},""V2_rvol_sameslot"":{""value"":1.307842558674216,""score"":53.85617057828106,""status"":""ok""},""V3_breakout_bar"":{""value"":0.5915424830264903,""score"":6.1028322017660175},""V4_base_dryup"":{""value"":1.2469306808540594,""score"":25.30693191459406},""V5_bo_expansion"":{""value"":1.740658051560965,""score"":49.37720343739767},""_score"":41.31},""readiness"":{""_distance_atr"":-2.145,""BR1_atr_distance"":{""score"":17.104368803817643},""BR2_compression"":{""score"":45.51427087165102},""BR3_retest"":{""score"":50.0},""BR4_bo_age"":{""score"":50.0},""_score"":35.72},""risk"":{""R1_stop_clarity"":{""score"":57.91790663684868},""R2_stop_distance_pct"":{""value"":22.53420870767104,""score"":0.0},""R3_stop_distance_atr"":{""value"":4.019246685097465,""score"":99.03766574512676},""R4_rr_potential"":{""value"":1.0135860398074028,""score"":0.6793019903701403},""_score"":35.26},""market"":{""M1_spy_regime"":{""score"":100.0},""M3_earnings_risk"":{""value"":null,""score"":80.0},""M4_vix"":{""value"":null,""score"":60.0},""_score"":84.0},""liquidity"":{""L1_price"":{""value"":14.47,""score"":100.0},""L2_dollar_vol"":{""value"":79408002.29869206,""score"":94.99321352125732},""L3_spread_proxy"":{""value"":0.051140290255701465,""score"":48.859709744298534},""L4_volume_zscore"":{""value"":1.6390819682961848,""score"":100.0},""_score"":92.88},""pattern_structure"":{""n_contractions"":5,""contractions_pct"":[22.01,28.26,23.87,11.21,10.6],""descending_strict"":false,""final_low"":11.38,""final_pivot"":12.73,""structural_low"":11.38,""dry_up_ratio"":1.376595481645485,""current_price"":14.47,""neckline_distance_pct"":-0.12024879060124397,""base_bars"":56},""pattern_geometry_features"":{""contraction_count"":5.0,""first_contraction_pct"":0.22009132420091324,""last_contraction_pct"":0.10604870384917514,""dry_up_ratio"":1.376595481645485,""near_monotone"":0.0,""base_depth_pct"":0.30715372907153726},""_schema_version"":""1.0""}",,,,,,,,,,
20260519T210226Z-93bc42,2026-05-19T21:02:26.159542+00:00,HNRG,vcp,breakout_confirmed,48.92,63.9,48.8,51.7,40.7,15.6,42.4,44.8,84.0,75.6,9.58,12.21,6.2,4.88,2.02,2.97,2.24,5.04,3.78,False,,18.01,16.8,14.8932,23.23,"{""trend"":{""T1_ema_stack"":{""value"":[true,true,false],""score"":66.66666666666666},""T2_ema50_slope"":{""value"":0.11435335689219149,""score"":69.05889281536525},""T3_high_proximity"":{""value"":0.9118987341772152,""score"":55.949367088607595},""T4_rs_1m"":{""value"":0.14957944938540058,""score"":100},""T5_rs_3m"":{""value"":-0.10395916612516987,""score"":0},""T6_adr_healthy"":{""value"":6.299449765178379,""score"":100.0},""_score"":63.87},""geometry"":{""sub_contraction_count"":100.0,""sub_reduction_rate"":15.3,""sub_pivot_tightness"":0,""sub_volume_dryup"":0,""sub_base_depth"":100.0,""sub_base_duration"":100.0,""_score"":48.83},""compression"":{""VC1_atr_ratio"":{""value"":0.3191930798940286,""score"":100},""VC2_range_contraction"":{""value"":1.388672395342774,""score"":0},""VC3_range_pct_rank"":{""score"":46.666666666666664},""_score"":51.67},""sr_quality"":{""SR1_touches"":{""value"":2,""score"":25.0},""SR2_tightness"":{""value"":0.07000000000000028,""score"":89.41650377442029},""SR3_recency"":{""value"":321,""score"":0.0},""SR4_price_location"":{""score"":25.601750547046258},""SR5_reaction"":{""value"":1.7802952579457223,""score"":89.01476289728612},""_score"":40.67,""_levels_found"":6,""_target_level"":18.86},""volume"":{""V1_rvol_day"":{""value"":0.5601522087229771,""score"":4.010147248198473},""V2_rvol_sameslot"":{""value"":0.5947401866048561,""score"":6.316012440323737,""status"":""ok""},""V3_breakout_bar"":{""value"":1.3098047738220036,""score"":53.986984921466906},""V4_base_dryup"":{""value"":1.9204424615695632,""score"":0},""V5_bo_expansion"":{""value"":0.5601522087229771,""score"":0},""_score"":15.56},""readiness"":{""_distance_atr"":-0.915,""BR1_atr_distance"":{""score"":41.70567081006942},""BR2_compression"":{""score"":32.88021105530146},""BR3_retest"":{""score"":50.0},""BR4_bo_age"":{""score"":50.0},""_score"":42.4},""risk"":{""R1_stop_clarity"":{""score"":65.70947222912176},""R2_stop_distance_pct"":{""value"":17.30594114380901,""score"":0.0},""R3_stop_distance_atr"":{""value"":2.3561886454204806,""score"":100.0},""R4_rr_potential"":{""value"":1.674794661190964,""score"":33.73973305954821},""_score"":44.75},""market"":{""M1_spy_regime"":{""score"":100.0},""M3_earnings_risk"":{""value"":null,""score"":80.0},""M4_vix"":{""value"":null,""score"":60.0},""_score"":84.0},""liquidity"":{""L1_price"":{""value"":18.01,""score"":100.0},""L2_dollar_vol"":{""value"":11521902.33089434,""score"":53.07620947347252},""L3_spread_proxy"":{""value"":0.056079955580233286,""score"":43.92004441976671},""L4_volume_zscore"":{""value"":-0.722420073217086,""score"":100.0},""_score"":75.62},""pattern_structure"":{""n_contractions"":5,""contractions_pct"":[18.47,23.57,25.56,11.16,10.0],""descending_strict"":false,""final_low"":15.12,""final_pivot"":16.8,""structural_low"":15.12,""dry_up_ratio"":1.3665686317146788,""current_price"":18.01,""neckline_distance_pct"":-0.06718489727928932,""base_bars"":54},""pattern_geometry_features"":{""contraction_count"":5.0,""first_contraction_pct"":0.18468677494199537,""last_contraction_pct"":0.10000000000000009,""dry_up_ratio"":1.3665686317146788,""near_monotone"":0.0,""base_depth_pct"":0.29837587006960564},""_schema_version"":""1.0""}",,,,,,,,,,
20260519T210226Z-93bc42,2026-05-19T21:02:26.159542+00:00,IE,base_on_base,invalidated,48.89,19.5,65.2,47.2,73.6,25.8,30.6,32.0,84.0,79.7,3.51,16.3,4.72,7.36,3.1,2.45,1.6,5.88,3.99,False,,11.61,15.2967,11.9776,16.4367,"{""trend"":{""T1_ema_stack"":{""value"":[false,false,true],""score"":33.33333333333333},""T2_ema50_slope"":{""value"":-0.11521715600182243,""score"":30.797140666362928},""T3_high_proximity"":{""value"":0.6753926701570679,""score"":0},""T4_rs_1m"":{""value"":-0.2809030067549505,""score"":0},""T5_rs_3m"":{""value"":-0.323939160814269,""score"":0},""T6_adr_healthy"":{""value"":6.2079194147608066,""score"":100.0},""_score"":19.49},""geometry"":{""sub_shallower_second"":0,""sub_second_base_depth"":74.9,""sub_rim_advance"":100,""sub_dry_up"":100,""sub_second_base_duration"":68.0,""_score"":65.18},""compression"":{""VC1_atr_ratio"":{""value"":0.6737829616058402,""score"":81.55425959853996},""VC2_range_contraction"":{""value"":1.2089392818389149,""score"":0},""VC3_range_pct_rank"":{""score"":58.33333333333333},""_score"":47.21},""sr_quality"":{""SR1_touches"":{""value"":5,""score"":100},""SR2_tightness"":{""value"":0.19679522351927137,""score"":57.61561870868801},""SR3_recency"":{""value"":237,""score"":0.0},""SR4_price_location"":{""score"":79.81847131308311},""SR5_reaction"":{""value"":2.108824909427954,""score"":100},""_score"":73.6,""_levels_found"":5,""_target_level"":12.2347},""volume"":{""V1_rvol_day"":{""value"":0.8151684673148669,""score"":21.011231154324463},""V2_rvol_sameslot"":{""value"":0.7623277846533913,""score"":17.488518976892756,""status"":""ok""},""V3_breakout_bar"":{""value"":0.974935342224705,""score"":31.66235614831367},""V4_base_dryup"":{""value"":0.9908589937283456,""score"":50.91410062716544},""V5_bo_expansion"":{""value"":0.8151684673148669,""score"":0},""_score"":25.8},""readiness"":{""_distance_atr"":3.97,""BR1_atr_distance"":{""score"":0},""BR2_compression"":{""score"":52.29060880647914},""BR3_retest"":{""score"":50.0},""BR4_bo_age"":{""score"":50.0},""_score"":30.57},""risk"":{""R1_stop_clarity"":{""score"":60.71596144822983},""R2_stop_distance_pct"":{""value"":-3.166236003445317,""score"":0.0},""R3_stop_distance_atr"":{""value"":-0.39585560777496737,""score"":5.2072196112516345},""R4_rr_potential"":{""value"":null,""score"":50.0},""_score"":32.03},""market"":{""M1_spy_regime"":{""score"":100.0},""M3_earnings_risk"":{""value"":null,""score"":80.0},""M4_vix"":{""value"":null,""score"":60.0},""_score"":84.0},""liquidity"":{""L1_price"":{""value"":11.61,""score"":100.0},""L2_dollar_vol"":{""value"":18105090.03588897,""score"":62.89003444437489},""L3_spread_proxy"":{""value"":0.054263565891472784,""score"":45.73643410852721},""L4_volume_zscore"":{""value"":-0.6326876530023572,""score"":100.0},""_score"":79.73},""pattern_structure"":{""first_base_low"":10.78,""first_base_top"":11.92,""first_base_bars"":20,""second_base_low"":12.16,""second_base_top"":15.2967,""second_base_bars"":17,""structural_low"":12.16,""stacking_overlap_pct"":-0.020134228187919483,""current_price"":11.61,""neckline_distance_pct"":0.3175452196382429,""base_bars"":17},""pattern_geometry_features"":{""first_base_depth_pct"":0.09563758389261749,""second_base_depth_pct"":0.20505729994051,""second_dry_up_ratio"":0.3975986347054073,""rim_advance_pct"":0.2832802013422818,""atr_pct"":0.07998461917066568},""_schema_version"":""1.0""}",,,,,,,,,,
20260519T210226Z-93bc42,2026-05-19T21:02:26.159542+00:00,AIR,double_bottom,absent,48.84,22.9,36.4,51.0,60.7,59.3,27.9,70.3,84.0,90.7,3.43,9.1,4.08,8.49,7.71,2.23,4.22,5.04,4.54,False,,100.89,106.0813,98.1257,112.5426,"{""trend"":{""T1_ema_stack"":{""value"":[false,false,true],""score"":33.33333333333333},""T2_ema50_slope"":{""value"":-0.015248823753986354,""score"":47.458529374335605},""T3_high_proximity"":{""value"":0.8007778395110724,""score"":0.38891975553617675},""T4_rs_1m"":{""value"":-0.20811835594205275,""score"":0},""T5_rs_3m"":{""value"":-0.18898920685736764,""score"":0},""T6_adr_healthy"":{""value"":3.794383209289249,""score"":100.0},""_score"":22.88},""geometry"":{""sub_low_similarity"":21.9,""sub_bounce_quality"":49.8,""sub_separation_fit"":80.0,""sub_right_bottom_reaction"":12.4,""sub_base_context"":30.0,""_score"":36.39},""compression"":{""VC1_atr_ratio"":{""value"":0.43461153102000993,""score"":100},""VC2_range_contraction"":{""value"":1.011956439404971,""score"":0},""VC3_range_pct_rank"":{""score"":44.166666666666664},""_score"":51.04},""sr_quality"":{""SR1_touches"":{""value"":5,""score"":100},""SR2_tightness"":{""value"":0.9743018012915706,""score"":57.16433450182541},""SR3_recency"":{""value"":237,""score"":0.0},""SR4_price_location"":{""score"":28.399311531841587},""SR5_reaction"":{""value"":2.393327921389686,""score"":100},""_score"":60.67,""_levels_found"":5,""_target_level"":103.386},""volume"":{""V1_rvol_day"":{""value"":1.290215128324193,""score"":52.681008554946196},""V2_rvol_sameslot"":{""value"":1.679498081518914,""score"":78.63320543459426,""status"":""ok""},""V3_breakout_bar"":{""value"":1.9870314158655233,""score"":99.13542772436821},""V4_base_dryup"":{""value"":1.2316251767550304,""score"":26.83748232449696},""V5_bo_expansion"":{""value"":1.2902151283241927,""score"":19.347675221612846},""_score"":59.32},""readiness"":{""_distance_atr"":1.141,""BR1_atr_distance"":{""score"":23.920633898761125},""BR2_compression"":{""score"":3.3321675660122896},""BR3_retest"":{""score"":50.0},""BR4_bo_age"":{""score"":50.0},""_score"":27.9},""risk"":{""R1_stop_clarity"":{""score"":34.30235388144726},""R2_stop_distance_pct"":{""value"":2.739914758648024,""score"":100.0},""R3_stop_distance_atr"":{""value"":0.6076691533343884,""score"":55.383457666719416},""R4_rr_potential"":{""value"":4.215389067756766,""score"":100.0},""_score"":70.31},""market"":{""M1_spy_regime"":{""score"":100.0},""M3_earnings_risk"":{""value"":null,""score"":80.0},""M4_vix"":{""value"":null,""score"":60.0},""_score"":84.0},""liquidity"":{""L1_price"":{""value"":100.89,""score"":100.0},""L2_dollar_vol"":{""value"":51663633.77392722,""score"":85.65924745584552},""L3_spread_proxy"":{""value"":0.03548419070274555,""score"":64.51580929725445},""L4_volume_zscore"":{""value"":1.2208796093050869,""score"":100.0},""_score"":90.72},""pattern_structure"":{""left_low"":103.59,""left_idx"":68,""right_low"":99.62,""right_idx"":75,""separation_bars"":7,""structural_low"":99.62,""current_price"":100.79,""neckline_distance_pct"":0.05249826371663848,""base_bars"":7},""pattern_geometry_features"":{""low_similarity_pct"":0.03907288027164016,""bounce_pct"":0.06485946597068856,""right_bottom_reaction"":0.12403100775193611,""atr_pct"":0.04508892287215215},""_schema_version"":""1.0""}",,,,,,,,,,
20260519T210226Z-93bc42,2026-05-19T21:02:26.159542+00:00,HUBS,high_tight_pullback,forming,48.74,5.0,63.0,30.9,70.5,28.7,33.3,79.9,84.0,90.2,0.6,22.04,3.09,5.64,4.02,3.0,0.8,5.04,4.51,False,,208.19,225.58,202.191,277.91,"{""trend"":{""T1_ema_stack"":{""value"":[false,false,false],""score"":0.0},""T2_ema50_slope"":{""value"":-0.4815077968374013,""score"":0},""T3_high_proximity"":{""value"":0.7020164553547342,""score"":0},""T4_rs_1m"":{""value"":-0.1296425474458982,""score"":0},""T5_rs_3m"":{""value"":-0.23683138147878413,""score"":0},""T6_adr_healthy"":{""value"":6.058690384589024,""score"":100.0},""_score"":5.0},""geometry"":{""sub_pole_impulse"":56.9,""sub_flag_tightness"":59.6,""sub_flag_shallowness"":40.4,""sub_flag_drift"":86.1,""sub_flag_duration"":100.0,""_score"":62.96},""compression"":{""VC1_atr_ratio"":{""value"":0.7059414099438941,""score"":73.51464751402648},""VC2_range_contraction"":{""value"":1.114491626659129,""score"":0},""VC3_range_pct_rank"":{""score"":5.833333333333335},""_score"":30.86},""sr_quality"":{""SR1_touches"":{""value"":4,""score"":75.0},""SR2_tightness"":{""value"":3.79975883280768,""score"":60.40058713629129},""SR3_recency"":{""value"":236,""score"":0.0},""SR4_price_location"":{""score"":95.89846497872145},""SR5_reaction"":{""value"":2.298886605243979,""score"":100},""_score"":70.53,""_levels_found"":4,""_target_level"":210.8137},""volume"":{""V1_rvol_day"":{""value"":1.0930390267819912,""score"":39.53593511879941},""V2_rvol_sameslot"":{""value"":0.7126399939291189,""score"":14.175999595274593,""status"":""ok""},""V3_breakout_bar"":{""value"":0.5678040667177959,""score"":4.520271114519728},""V4_base_dryup"":{""value"":0.703717754906695,""score"":79.62822450933051},""V5_bo_expansion"":{""value"":1.0930390267819912,""score"":6.2026017854660775},""_score"":28.73},""readiness"":{""_distance_atr"":0.906,""BR1_atr_distance"":{""score"":39.58969327613383},""BR2_compression"":{""score"":0},""BR3_retest"":{""score"":50.0},""BR4_bo_age"":{""score"":50.0},""_score"":33.34},""risk"":{""R1_stop_clarity"":{""score"":67.91149713890977},""R2_stop_distance_pct"":{""value"":2.8815264902252666,""score"":100.0},""R3_stop_distance_atr"":{""value"":0.31259728339718923,""score"":40.62986416985947},""R4_rr_potential"":{""value"":11.621840124686447,""score"":100.0},""_score"":79.86},""market"":{""M1_spy_regime"":{""score"":100.0},""M3_earnings_risk"":{""value"":null,""score"":80.0},""M4_vix"":{""value"":null,""score"":60.0},""_score"":84.0},""liquidity"":{""L1_price"":{""value"":208.19,""score"":100.0},""L2_dollar_vol"":{""value"":451442920.8869717,""score"":100.0},""L3_spread_proxy"":{""value"":0.09755511792112975,""score"":2.4448820788702506},""L4_volume_zscore"":{""value"":0.14175989765052882,""score"":100.0},""_score"":90.24},""pattern_structure"":{""pole_low"":173.25,""pole_low_idx"":30,""peak_price"":225.58,""peak_idx"":54,""pole_gain"":0.3020490620490621,""flag_bars"":5,""flag_low"":205.27,""flag_high"":221.79,""structural_low"":205.27,""current_price"":209.01,""neckline_distance_pct"":0.07927850342088906,""base_bars"":5},""pattern_geometry_features"":{""pole_gain"":0.3020490620490621,""pullback_pct"":0.09003457753346929,""flag_range_pct"":0.07323344268108867,""flag_drift_per_bar"":-0.0027702023826612233,""atr_pct"":0.09218015137271589,""pole_atr_multiple"":3.2767256025407727},""_schema_version"":""1.0""}",,,,,,,,,,
20260519T210226Z-93bc42,2026-05-19T21:02:26.159542+00:00,MMYT,vcp,invalidated,48.63,9.4,52.0,40.0,49.3,91.2,17.5,25.8,84.0,81.8,1.41,12.99,4.8,5.92,11.86,1.23,1.29,5.04,4.09,False,,41.46,51.385,43.9901,70.23,"{""trend"":{""T1_ema_stack"":{""value"":[false,false,false],""score"":0.0},""T2_ema50_slope"":{""value"":-0.16703568850792078,""score"":22.1607185820132},""T3_high_proximity"":{""value"":0.7150741635046568,""score"":0},""T4_rs_1m"":{""value"":-0.19990714615846628,""score"":0},""T5_rs_3m"":{""value"":-0.3436659793008541,""score"":0},""T6_adr_healthy"":{""value"":4.416461312056038,""score"":100.0},""_score"":9.43},""geometry"":{""sub_contraction_count"":100.0,""sub_reduction_rate"":0,""sub_pivot_tightness"":0,""sub_volume_dryup"":46.5,""sub_base_depth"":100.0,""sub_base_duration"":100.0,""_score"":51.98},""compression"":{""VC1_atr_ratio"":{""value"":0.6023545851257451,""score"":99.41135371856372},""VC2_range_contraction"":{""value"":1.272163020243019,""score"":0},""VC3_range_pct_rank"":{""score"":0.8333333333333304},""_score"":39.97},""sr_quality"":{""SR1_touches"":{""value"":2,""score"":25.0},""SR2_tightness"":{""value"":0.07500000000000284,""score"":93.84795664274182},""SR3_recency"":{""value"":241,""score"":0.0},""SR4_price_location"":{""score"":59.70411600996047},""SR5_reaction"":{""value"":1.7061666910795386,""score"":85.30833455397693},""_score"":49.3,""_levels_found"":4,""_target_level"":44.735},""volume"":{""V1_rvol_day"":{""value"":2.227854722437129,""score"":100},""V2_rvol_sameslot"":{""value"":3.47350088718224,""score"":100,""status"":""ok""},""V3_breakout_bar"":{""value"":2.231401416486728,""score"":100},""V4_base_dryup"":{""value"":0.8012073653418854,""score"":69.87926346581146},""V5_bo_expansion"":{""value"":2.227854722437129,""score"":81.8569814958086},""_score"":91.25},""readiness"":{""_distance_atr"":4.071,""BR1_atr_distance"":{""score"":0},""BR2_compression"":{""score"":0},""BR3_retest"":{""score"":50.0},""BR4_bo_age"":{""score"":50.0},""_score"":17.5},""risk"":{""R1_stop_clarity"":{""score"":45.049948732972155},""R2_stop_distance_pct"":{""value"":-6.102508441871677,""score"":0.0},""R3_stop_distance_atr"":{""value"":-1.0376856598798876,""score"":0.0},""R4_rr_potential"":{""value"":null,""score"":50.0},""_score"":25.77},""market"":{""M1_spy_regime"":{""score"":100.0},""M3_earnings_risk"":{""value"":null,""score"":80.0},""M4_vix"":{""value"":null,""score"":60.0},""_score"":84.0},""liquidity"":{""L1_price"":{""value"":41.46,""score"":100.0},""L2_dollar_vol"":{""value"":91833261.91057482,""score"":98.15000053491963},""L3_spread_proxy"":{""value"":0.15508924264351182,""score"":0},""L4_volume_zscore"":{""value"":3.2094780566850654,""score"":70.0},""_score"":81.76},""pattern_structure"":{""n_contractions"":5,""contractions_pct"":[14.97,17.15,31.5,10.82,13.09],""descending_strict"":false,""final_low"":44.66,""final_pivot"":51.385,""structural_low"":44.66,""dry_up_ratio"":0.7676638216379194,""current_price"":41.46,""neckline_distance_pct"":0.23938736131210797,""base_bars"":50},""pattern_geometry_features"":{""contraction_count"":5.0,""first_contraction_pct"":0.14967325407448237,""last_contraction_pct"":0.1308747689014304,""dry_up_ratio"":0.7676638216379194,""near_monotone"":0.0,""base_depth_pct"":0.2967482875364145},""_schema_version"":""1.0""}",,,,,,,,,,
20260519T210226Z-93bc42,2026-05-19T21:02:26.159542+00:00,KVYO,breakout_retest_hold,setup,48.54,5.0,49.6,52.9,51.1,24.3,75.4,56.6,84.0,94.8,0.7,10.91,3.18,7.15,3.16,13.57,2.83,4.2,2.84,False,,14.7,14.58,14.5332,14.38,"{""trend"":{""T1_ema_stack"":{""value"":[false,false,false],""score"":0.0},""T2_ema50_slope"":{""value"":-0.4329785848421314,""score"":0},""T3_high_proximity"":{""value"":0.6300900128589799,""score"":0},""T4_rs_1m"":{""value"":-0.30248737645287416,""score"":0},""T5_rs_3m"":{""value"":-0.2623195888729837,""score"":0},""T6_adr_healthy"":{""value"":5.912559801607903,""score"":100.0},""_score"":5.0},""geometry"":{""sub_retest_depth"":15.3,""sub_retest_timing"":0.0,""sub_retest_freshness"":75.0,""sub_hold_quality"":100.0,""_score"":49.59},""compression"":{""VC1_atr_ratio"":{""value"":0.23651979947405113,""score"":100},""VC2_range_contraction"":{""value"":1.1679214403115343,""score"":0},""VC3_range_pct_rank"":{""score"":51.66666666666666},""_score"":52.92},""sr_quality"":{""SR1_touches"":{""value"":2,""score"":25.0},""SR2_tightness"":{""value"":0.3200000000000012,""score"":59.9451033335865},""SR3_recency"":{""value"":249,""score"":0.0},""SR4_price_location"":{""score"":78.40790726576151},""SR5_reaction"":{""value"":2.2702990258970996,""score"":100},""_score"":51.09,""_levels_found"":8,""_target_level"":15.85},""volume"":{""V1_rvol_day"":{""value"":1.0370751913197263,""score"":35.805012754648416},""V2_rvol_sameslot"":{""value"":0.8089722334128743,""score"":20.598148894191617,""status"":""ok""},""V3_breakout_bar"":{""value"":1.2582716805391758,""score"":50.55144536927839},""V4_base_dryup"":{""value"":2.1574990537573866,""score"":0},""V5_bo_expansion"":{""value"":1.0370751913197263,""score"":2.4716794213150832},""_score"":24.29},""readiness"":{""_distance_atr"":-0.075,""BR1_atr_distance"":{""score"":100.0},""BR2_compression"":{""score"":43.55970689866723},""BR3_retest"":{""score"":100},""BR4_bo_age"":{""score"":30.0},""_score"":75.39},""risk"":{""R1_stop_clarity"":{""score"":81.62481615428278},""R2_stop_distance_pct"":{""value"":1.1346938775510225,""score"":78.36734693877557},""R3_stop_distance_atr"":{""value"":0.10439307443683997,""score"":30.219653721842},""R4_rr_potential"":{""value"":-1.9184652278177337,""score"":0.0},""_score"":56.61},""market"":{""M1_spy_regime"":{""score"":100.0},""M3_earnings_risk"":{""value"":null,""score"":80.0},""M4_vix"":{""value"":null,""score"":60.0},""_score"":84.0},""liquidity"":{""L1_price"":{""value"":14.7,""score"":100.0},""L2_dollar_vol"":{""value"":118429877.2581456,""score"":100.0},""L3_spread_proxy"":{""value"":0.052380952380952354,""score"":47.61904761904765},""L4_volume_zscore"":{""value"":0.061369743149880716,""score"":100.0},""_score"":94.76},""pattern_structure"":{""level"":14.58,""level_idx"":54,""breakout_idx"":64,""bo_peak_idx"":74,""bo_peak_price"":15.45,""retest_idx"":79,""retest_low"":14.68,""structural_low"":14.68,""current_price"":14.805,""neckline_distance_pct"":-0.015197568389057727,""base_bars"":25,""bars_since_breakout"":15},""pattern_geometry_features"":{""retest_depth_atr"":-0.292844144162988,""bars_breakout_to_retest"":15.0,""bars_since_retest"":0.0,""current_above_level_atr"":0.6588993243667243,""bo_peak_excess_pct"":0.05967078189300406,""atr_pct"":0.10869436345966957},""_schema_version"":""1.0""}",,,,,,,,,,
20260519T210226Z-93bc42,2026-05-19T21:02:26.159542+00:00,ZS,vcp,breakout_confirmed,48.52,58.5,50.8,36.4,30.3,36.2,41.0,33.4,84.0,94.8,8.77,12.71,4.37,3.63,4.71,2.87,1.67,5.04,4.74,False,,175.25,153.46,140.8845,176.73,"{""trend"":{""T1_ema_stack"":{""value"":[true,false,false],""score"":33.33333333333333},""T2_ema50_slope"":{""value"":-0.10659628646316657,""score"":32.233952256138906},""T3_high_proximity"":{""value"":1.0,""score"":99.99999999999997},""T4_rs_1m"":{""value"":0.26478521230902996,""score"":100},""T5_rs_3m"":{""value"":-0.0509994617615408,""score"":24.5002691192296},""T6_adr_healthy"":{""value"":4.806750480977874,""score"":100.0},""_score"":58.46},""geometry"":{""sub_contraction_count"":100.0,""sub_reduction_rate"":0,""sub_pivot_tightness"":45.7,""sub_volume_dryup"":0,""sub_base_depth"":89.9,""sub_base_duration"":100.0,""_score"":50.84},""compression"":{""VC1_atr_ratio"":{""value"":0.7066335530727477,""score"":73.34161173181309},""VC2_range_contraction"":{""value"":1.0966177958133814,""score"":0},""VC3_range_pct_rank"":{""score"":28.333333333333332},""_score"":36.42},""sr_quality"":{""SR1_touches"":{""value"":2,""score"":25.0},""SR2_tightness"":{""value"":2.2250000000000085,""score"":50.89748055997343},""SR3_recency"":{""value"":309,""score"":0.0},""SR4_price_location"":{""score"":17.83383951776981},""SR5_reaction"":{""value"":1.4240337522679372,""score"":71.20168761339686},""_score"":30.27,""_levels_found"":7,""_target_level"":224.015},""volume"":{""V1_rvol_day"":{""value"":1.4272422191287408,""score"":61.81614794191606},""V2_rvol_sameslot"":{""value"":1.2099772167285152,""score"":47.331814448567684,""status"":""ok""},""V3_breakout_bar"":{""value"":0.5791803556262823,""score"":5.27869037508549},""V4_base_dryup"":{""value"":1.0584097966942747,""score"":44.15902033057253},""V5_bo_expansion"":{""value"":1.427242219128741,""score"":28.482814608582736},""_score"":36.25},""readiness"":{""_distance_atr"":-2.404,""BR1_atr_distance"":{""score"":11.91263377086856},""BR2_compression"":{""score"":74.9349728000963},""BR3_retest"":{""score"":50.0},""BR4_bo_age"":{""score"":50.0},""_score"":41.0},""risk"":{""R1_stop_clarity"":{""score"":52.65303355837971},""R2_stop_distance_pct"":{""value"":19.609386590584883,""score"":0.0},""R3_stop_distance_atr"":{""value"":3.791977925146641,""score"":100.0},""R4_rr_potential"":{""value"":0.04306651011408312,""score"":0.0},""_score"":33.43},""market"":{""M1_spy_regime"":{""score"":100.0},""M3_earnings_risk"":{""value"":null,""score"":80.0},""M4_vix"":{""value"":null,""score"":60.0},""_score"":84.0},""liquidity"":{""L1_price"":{""value"":175.25,""score"":100.0},""L2_dollar_vol"":{""value"":754882923.3829521,""score"":100.0},""L3_spread_proxy"":{""value"":0.051468758915834564,""score"":48.53124108416544},""L4_volume_zscore"":{""value"":1.0950722789611862,""score"":100.0},""_score"":94.85},""pattern_structure"":{""n_contractions"":5,""contractions_pct"":[9.6,20.94,23.84,9.93,6.8],""descending_strict"":false,""final_low"":143.03,""final_pivot"":153.46,""structural_low"":143.03,""dry_up_ratio"":1.2715153000582595,""current_price"":175.25,""neckline_distance_pct"":-0.12433666191155487,""base_bars"":46},""pattern_geometry_features"":{""contraction_count"":5.0,""first_contraction_pct"":0.09603126879134094,""last_contraction_pct"":0.06796559364003653,""dry_up_ratio"":1.2715153000582595,""near_monotone"":0.0,""base_depth_pct"":0.1399278412507517},""_schema_version"":""1.0""}",,,,,,,,,,
20260519T210226Z-93bc42,2026-05-19T21:02:26.159542+00:00,QTWO,vcp,absent,48.29,16.2,49.3,50.2,45.2,54.2,19.8,80.6,84.0,91.5,2.44,12.32,6.03,5.43,7.05,1.38,4.03,5.04,4.58,False,,47.23,53.98,43.7882,62.525,"{""trend"":{""T1_ema_stack"":{""value"":[false,false,false],""score"":0.0},""T2_ema50_slope"":{""value"":-0.14807006602513179,""score"":25.321655662478033},""T3_high_proximity"":{""value"":0.8823089856155426,""score"":41.154492807771284},""T4_rs_1m"":{""value"":-0.148673615932296,""score"":0},""T5_rs_3m"":{""value"":-0.16658373372926705,""score"":0},""T6_adr_healthy"":{""value"":4.799700269370303,""score"":100.0},""_score"":16.24},""geometry"":{""sub_contraction_count"":100.0,""sub_reduction_rate"":0,""sub_pivot_tightness"":0,""sub_volume_dryup"":28.5,""sub_base_depth"":100.0,""sub_base_duration"":100.0,""_score"":49.27},""compression"":{""VC1_atr_ratio"":{""value"":0.4847591273594267,""score"":100},""VC2_range_contraction"":{""value"":1.016784624842996,""score"":0},""VC3_range_pct_rank"":{""score"":40.833333333333336},""_score"":50.21},""sr_quality"":{""SR1_touches"":{""value"":3,""score"":50.0},""SR2_tightness"":{""value"":0.12970050972229244,""score"":89.87700432359657},""SR3_recency"":{""value"":252,""score"":0.0},""SR4_price_location"":{""score"":6.939090208172797},""SR5_reaction"":{""value"":2.159355793179466,""score"":100},""_score"":45.22,""_levels_found"":7,""_target_level"":51.2533},""volume"":{""V1_rvol_day"":{""value"":1.1425682433359305,""score"":42.83788288906204},""V2_rvol_sameslot"":{""value"":1.4204850655416807,""score"":61.36567103611205,""status"":""ok""},""V3_breakout_bar"":{""value"":1.5243973115650706,""score"":68.29315410433804},""V4_base_dryup"":{""value"":0.7545407353611815,""score"":74.54592646388186},""V5_bo_expansion"":{""value"":1.1425682433359303,""score"":9.504549555728687},""_score"":54.25},""readiness"":{""_distance_atr"":2.634,""BR1_atr_distance"":{""score"":0},""BR2_compression"":{""score"":9.022388974197955},""BR3_retest"":{""score"":50.0},""BR4_bo_age"":{""score"":50.0},""_score"":19.76},""risk"":{""R1_stop_clarity"":{""score"":47.95497252577457},""R2_stop_distance_pct"":{""value"":7.287370315477454,""score"":100.0},""R3_stop_distance_atr"":{""value"":1.3431550758180575,""score"":92.15775379090287},""R4_rr_potential"":{""value"":4.443863357375809,""score"":100.0},""_score"":80.61},""market"":{""M1_spy_regime"":{""score"":100.0},""M3_earnings_risk"":{""value"":null,""score"":80.0},""M4_vix"":{""value"":null,""score"":60.0},""_score"":84.0},""liquidity"":{""L1_price"":{""value"":47.23,""score"":100.0},""L2_dollar_vol"":{""value"":59246471.44024907,""score"":88.63312450232495},""L3_spread_proxy"":{""value"":0.03938168536946856,""score"":60.618314630531444},""L4_volume_zscore"":{""value"":0.257477342864791,""score"":100.0},""_score"":91.52},""pattern_structure"":{""n_contractions"":5,""contractions_pct"":[9.81,13.05,12.39,13.74,17.65],""descending_strict"":false,""final_low"":44.455,""final_pivot"":53.98,""structural_low"":44.455,""dry_up_ratio"":0.8576334829636886,""current_price"":47.23,""neckline_distance_pct"":0.1429176370950667,""base_bars"":46},""pattern_geometry_features"":{""contraction_count"":5.0,""first_contraction_pct"":0.09811320754716986,""last_contraction_pct"":0.17645424231196738,""dry_up_ratio"":0.8576334829636886,""near_monotone"":0.0,""base_depth_pct"":0.16122641509433966},""_schema_version"":""1.0""}",,,,,,,,,,
20260519T210226Z-93bc42,2026-05-19T21:02:26.159542+00:00,NIC,vcp,invalidated,48.25,24.9,57.5,63.2,66.5,15.6,35.5,20.5,84.0,79.8,3.74,14.38,7.58,7.98,2.03,2.48,1.03,5.04,3.99,True,risk_unclear,139.63,150.9299,140.7368,171.1599,"{""trend"":{""T1_ema_stack"":{""value"":[false,false,true],""score"":33.33333333333333},""T2_ema50_slope"":{""value"":-0.09889440814940446,""score"":33.51759864176592},""T3_high_proximity"":{""value"":0.8652785523951168,""score"":32.63927619755835},""T4_rs_1m"":{""value"":-0.1389032748064749,""score"":0},""T5_rs_3m"":{""value"":-0.15948360307508114,""score"":0},""T6_adr_healthy"":{""value"":2.700544673002233,""score"":100.0},""_score"":24.93},""geometry"":{""sub_contraction_count"":100.0,""sub_reduction_rate"":0,""sub_pivot_tightness"":66.7,""sub_volume_dryup"":34.0,""sub_base_depth"":74.0,""sub_base_duration"":100.0,""_score"":57.51},""compression"":{""VC1_atr_ratio"":{""value"":0.49731807383830057,""score"":100},""VC2_range_contraction"":{""value"":0.88873778096408,""score"":18.54370317265334},""VC3_range_pct_rank"":{""score"":66.66666666666667},""_score"":63.16},""sr_quality"":{""SR1_touches"":{""value"":4,""score"":75.0},""SR2_tightness"":{""value"":0.5179949324076392,""score"":71.42935747452694},""SR3_recency"":{""value"":236,""score"":0.0},""SR4_price_location"":{""score"":73.25612775756468},""SR5_reaction"":{""value"":2.5318428678082623,""score"":100},""_score"":66.53,""_levels_found"":3,""_target_level"":142.8625},""volume"":{""V1_rvol_day"":{""value"":0.5677528459169263,""score"":4.516856394461755},""V2_rvol_sameslot"":{""value"":0.5323346007405372,""score"":2.155640049369145,""status"":""ok""},""V3_breakout_bar"":{""value"":0.3878612813729536,""score"":0},""V4_base_dryup"":{""value"":0.7868909823837793,""score"":71.31090176162206},""V5_bo_expansion"":{""value"":0.5677528459169263,""score"":0},""_score"":15.6},""readiness"":{""_distance_atr"":3.116,""BR1_atr_distance"":{""score"":0},""BR2_compression"":{""score"":71.9545862119682},""BR3_retest"":{""score"":50.0},""BR4_bo_age"":{""score"":50.0},""_score"":35.49},""risk"":{""R1_stop_clarity"":{""score"":0},""R2_stop_distance_pct"":{""value"":-0.7926663324500414,""score"":30.183341688748968},""R3_stop_distance_atr"":{""value"":-0.30523452227818565,""score"":9.73827388609072},""R4_rr_potential"":{""value"":null,""score"":50.0},""_score"":20.52},""market"":{""M1_spy_regime"":{""score"":100.0},""M3_earnings_risk"":{""value"":null,""score"":80.0},""M4_vix"":{""value"":null,""score"":60.0},""_score"":84.0},""liquidity"":{""L1_price"":{""value"":139.63,""score"":100.0},""L2_dollar_vol"":{""value"":12475834.83011045,""score"":54.80348082090147},""L3_spread_proxy"":{""value"":0.021485354150254245,""score"":78.51464584974576},""L4_volume_zscore"":{""value"":-0.7908750699952706,""score"":100.0},""_score"":79.77},""pattern_structure"":{""n_contractions"":5,""contractions_pct"":[12.71,9.2,4.01,11.5,5.33],""descending_strict"":false,""final_low"":142.88,""final_pivot"":150.9299,""structural_low"":142.88,""dry_up_ratio"":0.8299121000431958,""current_price"":139.63,""neckline_distance_pct"":0.08092745112081937,""base_bars"":44},""pattern_geometry_features"":{""contraction_count"":5.0,""first_contraction_pct"":0.12709214640426716,""last_contraction_pct"":0.053335356347549476,""dry_up_ratio"":0.8299121000431958,""near_monotone"":0.0,""base_depth_pct"":0.12402673042731908},""_schema_version"":""1.0""}",,,,,,,,,,
20260519T210226Z-93bc42,2026-05-19T21:02:26.159542+00:00,APP,vcp,absent,48.23,59.7,36.2,31.5,59.4,28.4,54.2,42.1,84.0,93.6,8.96,9.06,3.78,7.13,3.69,3.79,2.1,5.04,4.68,False,,476.9,491.99,423.7962,496.74,"{""trend"":{""T1_ema_stack"":{""value"":[true,true,false],""score"":66.66666666666666},""T2_ema50_slope"":{""value"":0.11639116015459032,""score"":69.39852669243172},""T3_high_proximity"":{""value"":0.9220269512595943,""score"":61.01347562979714},""T4_rs_1m"":{""value"":-0.06392674256506392,""score"":0},""T5_rs_3m"":{""value"":0.11018180764165142,""score"":100},""T6_adr_healthy"":{""value"":5.883958764267012,""score"":100.0},""_score"":59.7},""geometry"":{""sub_contraction_count"":100.0,""sub_reduction_rate"":4.9,""sub_pivot_tightness"":0,""sub_volume_dryup"":0,""sub_base_depth"":0.0,""sub_base_duration"":100.0,""_score"":36.23},""compression"":{""VC1_atr_ratio"":{""value"":0.7641253279978905,""score"":58.96866800052738},""VC2_range_contraction"":{""value"":1.3450028276032717,""score"":0},""VC3_range_pct_rank"":{""score"":31.666666666666664},""_score"":31.5},""sr_quality"":{""SR1_touches"":{""value"":3,""score"":50.0},""SR2_tightness"":{""value"":7.756145950148183,""score"":50.5532764476867},""SR3_recency"":{""value"":243,""score"":0.0},""SR4_price_location"":{""score"":87.34191969228974},""SR5_reaction"":{""value"":3.0805868128462044,""score"":100},""_score"":59.42,""_levels_found"":6,""_target_level"":482.33},""volume"":{""V1_rvol_day"":{""value"":0.7010431270985485,""score"":13.402875139903237},""V2_rvol_sameslot"":{""value"":0.80203371995113,""score"":20.135581330075336,""status"":""ok""},""V3_breakout_bar"":{""value"":0.8116187753883278,""score"":20.774585025888523},""V4_base_dryup"":{""value"":0.6745466313678103,""score"":82.54533686321896},""V5_bo_expansion"":{""value"":0.7010431270985487,""score"":0},""_score"":28.41},""readiness"":{""_distance_atr"":0.481,""BR1_atr_distance"":{""score"":67.93291138837007},""BR2_compression"":{""score"":37.93044035764594},""BR3_retest"":{""score"":50.0},""BR4_bo_age"":{""score"":50.0},""_score"":54.16},""risk"":{""R1_stop_clarity"":{""score"":58.85626776793109},""R2_stop_distance_pct"":{""value"":11.135196057873767,""score"":21.62009855315583},""R3_stop_distance_atr"":{""value"":1.6927262990654461,""score"":100.0},""R4_rr_potential"":{""value"":0.3736082668361469,""score"":0.0},""_score"":42.09},""market"":{""M1_spy_regime"":{""score"":100.0},""M3_earnings_risk"":{""value"":null,""score"":80.0},""M4_vix"":{""value"":null,""score"":60.0},""_score"":84.0},""liquidity"":{""L1_price"":{""value"":476.9,""score"":100.0},""L2_dollar_vol"":{""value"":1571492011.160754,""score"":100.0},""L3_spread_proxy"":{""value"":0.06416439505137339,""score"":35.83560494862661},""L4_volume_zscore"":{""value"":-0.5713058243328027,""score"":100.0},""_score"":93.58},""pattern_structure"":{""n_contractions"":5,""contractions_pct"":[15.71,20.06,22.49,18.88,12.55],""descending_strict"":false,""final_low"":430.25,""final_pivot"":491.99,""structural_low"":430.25,""dry_up_ratio"":1.5793795675737479,""current_price"":476.9,""neckline_distance_pct"":0.03164185363807933,""base_bars"":47},""pattern_geometry_features"":{""contraction_count"":5.0,""first_contraction_pct"":0.1570802298850575,""last_contraction_pct"":0.1254903554950304,""dry_up_ratio"":1.5793795675737479,""near_monotone"":0.0,""base_depth_pct"":0.010919540229885057},""_schema_version"":""1.0""}",,,,,,,,,,
20260519T210226Z-93bc42,2026-05-19T21:02:26.159542+00:00,EBC,vcp,absent,48.16,29.9,46.0,70.2,52.4,26.8,27.7,51.4,84.0,88.7,4.48,11.51,8.43,6.28,3.48,1.94,2.57,5.04,4.43,True,risk_unclear,19.22,21.49,18.9942,22.1615,"{""trend"":{""T1_ema_stack"":{""value"":[false,false,true],""score"":33.33333333333333},""T2_ema50_slope"":{""value"":-0.02307504476185765,""score"":46.15415920635706},""T3_high_proximity"":{""value"":0.8972922502334266,""score"":48.64612511671329},""T4_rs_1m"":{""value"":-0.1187415229309412,""score"":0},""T5_rs_3m"":{""value"":-0.16931256280375906,""score"":0},""T6_adr_healthy"":{""value"":2.351051984060095,""score"":100.0},""_score"":29.86},""geometry"":{""sub_contraction_count"":100.0,""sub_reduction_rate"":0,""sub_pivot_tightness"":0,""sub_volume_dryup"":73.5,""sub_base_depth"":0.0,""sub_base_duration"":100.0,""_score"":46.02},""compression"":{""VC1_atr_ratio"":{""value"":0.3837719298245603,""score"":100},""VC2_range_contraction"":{""value"":0.8248659761772633,""score"":29.189003970456117},""VC3_range_pct_rank"":{""score"":80.0},""_score"":70.22},""sr_quality"":{""SR1_touches"":{""value"":3,""score"":50.0},""SR2_tightness"":{""value"":0.10870679218276404,""score"":50.499427856279276},""SR3_recency"":{""value"":240,""score"":0.0},""SR4_price_location"":{""score"":59.10390848427052},""SR5_reaction"":{""value"":2.586057353499208,""score"":100},""_score"":52.35,""_levels_found"":5,""_target_level"":19.4345},""volume"":{""V1_rvol_day"":{""value"":0.8021348689996136,""score"":20.14232459997424},""V2_rvol_sameslot"":{""value"":0.6850702635279772,""score"":12.33801756853181,""status"":""ok""},""V3_breakout_bar"":{""value"":1.2010627749085987,""score"":46.73751832723991},""V4_base_dryup"":{""value"":1.0712984102335588,""score"":42.87015897664412},""V5_bo_expansion"":{""value"":0.8021348689996136,""score"":0},""_score"":26.75},""readiness"":{""_distance_atr"":5.168,""BR1_atr_distance"":{""score"":0},""BR2_compression"":{""score"":40.947709019386046},""BR3_retest"":{""score"":50.0},""BR4_bo_age"":{""score"":50.0},""_score"":27.74},""risk"":{""R1_stop_clarity"":{""score"":0},""R2_stop_distance_pct"":{""value"":1.1745707596253836,""score"":79.36426899063459},""R3_stop_distance_atr"":{""value"":0.5139917059684462,""score"":50.69958529842231},""R4_rr_potential"":{""value"":13.029756038139178,""score"":100.0},""_score"":51.41},""market"":{""M1_spy_regime"":{""score"":100.0},""M3_earnings_risk"":{""value"":null,""score"":80.0},""M4_vix"":{""value"":null,""score"":60.0},""_score"":84.0},""liquidity"":{""L1_price"":{""value"":19.22,""score"":100.0},""L2_dollar_vol"":{""value"":32421417.54154636,""score"":75.54159996580503},""L3_spread_proxy"":{""value"":0.015608740894901182,""score"":84.39125910509881},""L4_volume_zscore"":{""value"":-0.29184933729636714,""score"":100.0},""_score"":88.66},""pattern_structure"":{""n_contractions"":5,""contractions_pct"":[5.74,4.71,13.75,6.22,10.27],""descending_strict"":false,""final_low"":19.2835,""final_pivot"":21.49,""structural_low"":19.2835,""dry_up_ratio"":0.6327012579132371,""current_price"":19.22,""neckline_distance_pct"":0.11810613943808532,""base_bars"":73},""pattern_geometry_features"":{""contraction_count"":5.0,""first_contraction_pct"":0.05737910298170883,""last_contraction_pct"":0.1026756630991158,""dry_up_ratio"":0.6327012579132371,""near_monotone"":0.0,""base_depth_pct"":0.03365071410674008},""_schema_version"":""1.0""}",,,,,,,,,,
20260519T210226Z-93bc42,2026-05-19T21:02:26.159542+00:00,NTES,double_bottom,forming,48.12,25.4,52.2,48.4,54.5,24.3,38.1,62.6,84.0,95.6,3.81,13.04,3.87,7.62,3.16,3.05,3.75,5.04,4.78,True,risk_unclear,114.49,120.72,111.2262,128.52,"{""trend"":{""T1_ema_stack"":{""value"":[false,false,false],""score"":0.0},""T2_ema50_slope"":{""value"":-0.038089141624922135,""score"":43.65180972917965},""T3_high_proximity"":{""value"":0.9551977306858,""score"":77.5988653429},""T4_rs_1m"":{""value"":-0.06675839049812526,""score"":0},""T5_rs_3m"":{""value"":-0.11257086460275723,""score"":0},""T6_adr_healthy"":{""value"":1.9239510335905528,""score"":100.0},""_score"":25.37},""geometry"":{""sub_low_similarity"":56.0,""sub_bounce_quality"":55.8,""sub_separation_fit"":46.7,""sub_right_bottom_reaction"":74.6,""sub_base_context"":30.0,""_score"":52.16},""compression"":{""VC1_atr_ratio"":{""value"":0.6348428990554452,""score"":91.28927523613869},""VC2_range_contraction"":{""value"":1.1728714913308451,""score"":0},""VC3_range_pct_rank"":{""score"":47.5},""_score"":48.39},""sr_quality"":{""SR1_touches"":{""value"":2,""score"":25.0},""SR2_tightness"":{""value"":0.23000000000000398,""score"":83.43621399176926},""SR3_recency"":{""value"":252,""score"":0.0},""SR4_price_location"":{""score"":91.17067402443826},""SR5_reaction"":{""value"":1.5537551440329231,""score"":77.68775720164615},""_score"":54.46,""_levels_found"":6,""_target_level"":115.05},""volume"":{""V1_rvol_day"":{""value"":0.8215381043899681,""score"":21.43587362599787},""V2_rvol_sameslot"":{""value"":0.6171101376103584,""score"":7.807342507357225,""status"":""ok""},""V3_breakout_bar"":{""value"":0.6263086062995846,""score"":8.420573753305643},""V4_base_dryup"":{""value"":0.6825504200064183,""score"":81.74495799935818},""V5_bo_expansion"":{""value"":0.8215381043899679,""score"":0},""_score"":24.3},""readiness"":{""_distance_atr"":2.243,""BR1_atr_distance"":{""score"":0},""BR2_compression"":{""score"":82.47532842829185},""BR3_retest"":{""score"":50.0},""BR4_bo_age"":{""score"":50.0},""_score"":38.12},""risk"":{""R1_stop_clarity"":{""score"":0},""R2_stop_distance_pct"":{""value"":2.850729321338099,""score"":100.0},""R3_stop_distance_atr"":{""value"":1.1752366255143991,""score"":83.76183127571996},""R4_rr_potential"":{""value"":4.2986702616582,""score"":100.0},""_score"":62.56},""market"":{""M1_spy_regime"":{""score"":100.0},""M3_earnings_risk"":{""value"":null,""score"":80.0},""M4_vix"":{""value"":null,""score"":60.0},""_score"":84.0},""liquidity"":{""L1_price"":{""value"":114.49,""score"":100.0},""L2_dollar_vol"":{""value"":73013281.16887888,""score"":93.17009328939912},""L3_spread_proxy"":{""value"":0.017032055201327653,""score"":82.96794479867235},""L4_volume_zscore"":{""value"":-0.6101732815318567,""score"":100.0},""_score"":95.56},""pattern_structure"":{""left_low"":115.43,""left_idx"":35,""right_low"":112.92,""right_idx"":73,""separation_bars"":38,""structural_low"":112.92,""current_price"":114.385,""neckline_distance_pct"":0.05538313590068622,""base_bars"":38},""pattern_geometry_features"":{""low_similarity_pct"":0.021983796803153096,""bounce_pct"":0.06907545164718382,""right_bottom_reaction"":0.7460317460317496,""atr_pct"":0.024256641253758916},""_schema_version"":""1.0""}",,,,,,,,,,
20260519T210226Z-93bc42,2026-05-19T21:02:26.159542+00:00,APPF,inverse_head_shoulders,absent,47.99,18.7,44.0,43.1,60.2,37.5,64.2,41.4,84.0,89.5,2.24,12.32,3.45,8.43,5.25,5.14,2.49,4.2,4.48,False,,159.82,160.845,142.9629,176.55,"{""trend"":{""T1_ema_stack"":{""value"":[false,false,false],""score"":0.0},""T2_ema50_slope"":{""value"":-0.10205915386588922,""score"":32.99014102235179},""T3_high_proximity"":{""value"":0.836009834179003,""score"":18.004917089501472},""T4_rs_1m"":{""value"":-0.028041224771157447,""score"":21.958775228842555},""T5_rs_3m"":{""value"":-0.16506375146246555,""score"":0},""T6_adr_healthy"":{""value"":4.450068460441466,""score"":100.0},""_score"":18.69},""geometry"":{""sub_head_depth"":62.5,""sub_shoulder_price_sym"":10.8,""sub_shoulder_time_sym"":25.0,""sub_right_shoulder_reaction"":100,""sub_base_context"":30.0,""_score"":43.99},""compression"":{""VC1_atr_ratio"":{""value"":0.482298866920547,""score"":100},""VC2_range_contraction"":{""value"":0.9998409207667105,""score"":0.026513205548250873},""VC3_range_pct_rank"":{""score"":12.5},""_score"":43.13},""sr_quality"":{""SR1_touches"":{""value"":3,""score"":50.0},""SR2_tightness"":{""value"":1.5616871218866646,""score"":60.0849157683084},""SR3_recency"":{""value"":236,""score"":0.0},""SR4_price_location"":{""score"":84.78483216824584},""SR5_reaction"":{""value"":2.862602483747633,""score"":100},""_score"":60.21,""_levels_found"":7,""_target_level"":161.62},""volume"":{""V1_rvol_day"":{""value"":0.9736860964809744,""score"":31.579073098731627},""V2_rvol_sameslot"":{""value"":0.82563542666174,""score"":21.709028444115997,""status"":""ok""},""V3_breakout_bar"":{""value"":1.2657426034659685,""score"":51.049506897731234},""V4_base_dryup"":{""value"":0.7967474352805645,""score"":70.32525647194356},""V5_bo_expansion"":{""value"":0.9736860964809744,""score"":0},""_score"":37.49},""readiness"":{""_distance_atr"":0.131,""BR1_atr_distance"":{""score"":91.26735849451981},""BR2_compression"":{""score"":40.97831066735667},""BR3_retest"":{""score"":50.0},""BR4_bo_age"":{""score"":50.0},""_score"":64.25},""risk"":{""R1_stop_clarity"":{""score"":44.35560832708071},""R2_stop_distance_pct"":{""value"":10.547553497684897,""score"":36.31116255787759},""R3_stop_distance_atr"":{""value"":2.154248943249207,""score"":100.0},""R4_rr_potential"":{""value"":0.992460150322417,""score"":0.0},""_score"":41.42},""market"":{""M1_spy_regime"":{""score"":100.0},""M3_earnings_risk"":{""value"":null,""score"":80.0},""M4_vix"":{""value"":null,""score"":60.0},""_score"":84.0},""liquidity"":{""L1_price"":{""value"":159.82,""score"":100.0},""L2_dollar_vol"":{""value"":56363628.14485765,""score"":87.54994705062438},""L3_spread_proxy"":{""value"":0.05493680390439245,""score"":45.06319609560755},""L4_volume_zscore"":{""value"":-0.06250744608159399,""score"":100.0},""_score"":89.53},""pattern_structure"":{""left_shoulder"":156.9875,""left_shoulder_idx"":63,""head"":145.14,""head_idx"":71,""right_shoulder"":146.17,""right_shoulder_idx"":76,""left_to_head_bars"":8,""head_to_right_bars"":5,""structural_low"":145.14,""current_price"":160.9725,""neckline_distance_pct"":-0.0007920607557191304,""base_bars"":13},""pattern_geometry_features"":{""head_depth_pct"":0.042477919893125035,""shoulder_price_asymmetry"":0.07136554431277486,""shoulder_time_asymmetry"":0.375,""right_shoulder_reaction"":1.0,""atr_pct"":0.048961627813432974},""_schema_version"":""1.0""}",,,,,,,,,,
20260519T210226Z-93bc42,2026-05-19T21:02:26.159542+00:00,WAY,breakout_retest_hold,setup,47.99,5.0,35.0,47.4,56.8,43.8,73.8,58.5,84.0,89.7,0.7,7.7,2.84,7.95,5.69,13.28,2.92,4.2,2.69,False,,19.6,18.9,19.2704,17.77,"{""trend"":{""T1_ema_stack"":{""value"":[false,false,false],""score"":0.0},""T2_ema50_slope"":{""value"":-0.6376539587394522,""score"":0},""T3_high_proximity"":{""value"":0.727812848124768,""score"":0},""T4_rs_1m"":{""value"":-0.3014814089566358,""score"":0},""T5_rs_3m"":{""value"":-0.2977754346272028,""score"":0},""T6_adr_healthy"":{""value"":5.2930245998992556,""score"":100.0},""_score"":5.0},""geometry"":{""sub_retest_depth"":0.0,""sub_retest_timing"":100.0,""sub_retest_freshness"":75.0,""sub_hold_quality"":0.0,""_score"":35.0},""compression"":{""VC1_atr_ratio"":{""value"":0.6191157012061232,""score"":95.22107469846918},""VC2_range_contraction"":{""value"":0.9081743200055652,""score"":15.304279999072467},""VC3_range_pct_rank"":{""score"":15.833333333333332},""_score"":47.4},""sr_quality"":{""SR1_touches"":{""value"":3,""score"":50.0},""SR2_tightness"":{""value"":0.22547480765905803,""score"":68.10033492603431},""SR3_recency"":{""value"":230,""score"":0.0},""SR4_price_location"":{""score"":66.43440738513775},""SR5_reaction"":{""value"":3.3506643558636635,""score"":100},""_score"":56.82,""_levels_found"":6,""_target_level"":21.1817},""volume"":{""V1_rvol_day"":{""value"":1.0895454334965815,""score"":39.3030288997721},""V2_rvol_sameslot"":{""value"":1.0386298106518146,""score"":35.908654043454305,""status"":""ok""},""V3_breakout_bar"":{""value"":1.3500684927957225,""score"":56.67123285304817},""V4_base_dryup"":{""value"":0.8164998179029741,""score"":68.3500182097026},""V5_bo_expansion"":{""value"":1.0895454334965815,""score"":5.969695566438768},""_score"":43.78},""readiness"":{""_distance_atr"":-0.495,""BR1_atr_distance"":{""score"":100.0},""BR2_compression"":{""score"":7.194194520021051},""BR3_retest"":{""score"":100},""BR4_bo_age"":{""score"":80},""_score"":73.8},""risk"":{""R1_stop_clarity"":{""score"":72.4613588936442},""R2_stop_distance_pct"":{""value"":1.681887755102045,""score"":92.04719387755112},""R3_stop_distance_atr"":{""value"":0.233190676617268,""score"":36.6595338308634},""R4_rr_potential"":{""value"":-5.55134233277719,""score"":0.0},""_score"":58.47},""market"":{""M1_spy_regime"":{""score"":100.0},""M3_earnings_risk"":{""value"":null,""score"":80.0},""M4_vix"":{""value"":null,""score"":60.0},""_score"":84.0},""liquidity"":{""L1_price"":{""value"":19.6,""score"":100.0},""L2_dollar_vol"":{""value"":60189740.3331644,""score"":88.97612348612896},""L3_spread_proxy"":{""value"":0.05892857142857148,""score"":41.07142857142852},""L4_volume_zscore"":{""value"":0.17286843040429908,""score"":100.0},""_score"":89.7},""pattern_structure"":{""level"":18.9,""level_idx"":68,""breakout_idx"":74,""bo_peak_idx"":74,""bo_peak_price"":20.39,""retest_idx"":79,""retest_low"":19.465,""structural_low"":19.465,""current_price"":19.725,""neckline_distance_pct"":-0.04182509505703436,""base_bars"":11,""bars_since_breakout"":5},""pattern_geometry_features"":{""retest_depth_atr"":-1.4460694698354688,""bars_breakout_to_retest"":5.0,""bars_since_retest"":0.0,""current_above_level_atr"":2.1115173674588728,""bo_peak_excess_pct"":0.07883597883597895,""atr_pct"":0.07212499999999998},""_schema_version"":""1.0""}",,,,,,,,,,
20260519T210226Z-93bc42,2026-05-19T21:02:26.159542+00:00,PCTY,vcp,absent,47.97,56.1,37.0,46.7,47.7,22.2,63.5,36.6,84.0,95.2,8.42,9.26,5.6,5.73,2.89,4.44,1.83,5.04,4.76,False,,113.22,114.95,100.6572,122.6749,"{""trend"":{""T1_ema_stack"":{""value"":[true,false,false],""score"":33.33333333333333},""T2_ema50_slope"":{""value"":-0.08557041731281284,""score"":35.73826378119786},""T3_high_proximity"":{""value"":0.942714404662781,""score"":71.35720233139048},""T4_rs_1m"":{""value"":0.062442267425264486,""score"":100},""T5_rs_3m"":{""value"":-0.03373435038409833,""score"":33.13282480795083},""T6_adr_healthy"":{""value"":4.533744839849913,""score"":100.0},""_score"":56.15},""geometry"":{""sub_contraction_count"":100.0,""sub_reduction_rate"":0,""sub_pivot_tightness"":0,""sub_volume_dryup"":0,""sub_base_depth"":20.3,""sub_base_duration"":100.0,""_score"":37.03},""compression"":{""VC1_atr_ratio"":{""value"":0.5763432016587893,""score"":100},""VC2_range_contraction"":{""value"":1.1591616963333111,""score"":0},""VC3_range_pct_rank"":{""score"":26.66666666666667},""_score"":46.67},""sr_quality"":{""SR1_touches"":{""value"":2,""score"":25.0},""SR2_tightness"":{""value"":0.5949999999999989,""score"":77.62328682487072},""SR3_recency"":{""value"":230,""score"":0.0},""SR4_price_location"":{""score"":54.24729419481802},""SR5_reaction"":{""value"":2.226379539141786,""score"":100},""_score"":47.71,""_levels_found"":5,""_target_level"":115.545},""volume"":{""V1_rvol_day"":{""value"":0.9873773651194424,""score"":32.49182434129616},""V2_rvol_sameslot"":{""value"":0.6587330860921097,""score"":10.582205739473977,""status"":""ok""},""V3_breakout_bar"":{""value"":0.8166930829650426,""score"":21.112872197669507},""V4_base_dryup"":{""value"":1.083608570009589,""score"":41.6391429990411},""V5_bo_expansion"":{""value"":0.9873773651194424,""score"":0},""_score"":22.22},""readiness"":{""_distance_atr"":0.325,""BR1_atr_distance"":{""score"":78.31276538208749},""BR2_compression"":{""score"":58.64452553990661},""BR3_retest"":{""score"":50.0},""BR4_bo_age"":{""score"":50.0},""_score"":63.49},""risk"":{""R1_stop_clarity"":{""score"":42.35264141921529},""R2_stop_distance_pct"":{""value"":11.095876611906027,""score"":22.603084702349328},""R3_stop_distance_atr"":{""value"":2.362294848789293,""score"":100.0},""R4_rr_potential"":{""value"":0.7526137884682353,""score"":0.0},""_score"":36.6},""market"":{""M1_spy_regime"":{""score"":100.0},""M3_earnings_risk"":{""value"":null,""score"":80.0},""M4_vix"":{""value"":null,""score"":60.0},""_score"":84.0},""liquidity"":{""L1_price"":{""value"":113.22,""score"":100.0},""L2_dollar_vol"":{""value"":98086625.19628038,""score"":99.58048961494237},""L3_spread_proxy"":{""value"":0.0462374138844727,""score"":53.7625861155273},""L4_volume_zscore"":{""value"":-0.03357183388006859,""score"":100.0},""_score"":95.21},""pattern_structure"":{""n_contractions"":5,""contractions_pct"":[8.57,15.24,7.86,8.55,11.1],""descending_strict"":false,""final_low"":102.1901,""final_pivot"":114.95,""structural_low"":102.1901,""dry_up_ratio"":1.3363797560940303,""current_price"":113.22,""neckline_distance_pct"":0.015279985868221197,""base_bars"":59},""pattern_geometry_features"":{""contraction_count"":5.0,""first_contraction_pct"":0.08565709866715195,""last_contraction_pct"":0.11100391474554155,""dry_up_ratio"":1.3363797560940303,""near_monotone"":0.0,""base_depth_pct"":0.07028067142792162},""_schema_version"":""1.0""}",,,,,,,,,,
20260519T210226Z-93bc42,2026-05-19T21:02:26.159542+00:00,QTWO,bull_flag,absent,47.86,16.2,46.9,50.2,45.2,46.0,47.3,72.7,84.0,91.5,2.27,14.06,4.52,4.52,6.44,4.25,2.18,5.04,4.58,False,,47.23,48.43,46.1571,52.405,"{""trend"":{""T1_ema_stack"":{""value"":[false,false,false],""score"":0.0},""T2_ema50_slope"":{""value"":-0.14807006602513179,""score"":25.321655662478033},""T3_high_proximity"":{""value"":0.8823089856155426,""score"":41.154492807771284},""T4_rs_1m"":{""value"":-0.148673615932296,""score"":0},""T5_rs_3m"":{""value"":-0.16658373372926705,""score"":0},""T6_adr_healthy"":{""value"":4.799700269370303,""score"":100.0},""_score"":16.24},""geometry"":{""sub_pole_impulse"":16.2,""sub_flag_tightness"":49.6,""sub_flag_shallowness"":27.5,""sub_flag_drift"":94.0,""sub_flag_duration"":100.0,""_score"":46.86},""compression"":{""VC1_atr_ratio"":{""value"":0.4847591273594267,""score"":100},""VC2_range_contraction"":{""value"":1.016784624842996,""score"":0},""VC3_range_pct_rank"":{""score"":40.833333333333336},""_score"":50.21},""sr_quality"":{""SR1_touches"":{""value"":3,""score"":50.0},""SR2_tightness"":{""value"":0.12970050972229244,""score"":89.87700432359657},""SR3_recency"":{""value"":252,""score"":0.0},""SR4_price_location"":{""score"":6.939090208172797},""SR5_reaction"":{""value"":2.159355793179466,""score"":100},""_score"":45.22,""_levels_found"":7,""_target_level"":51.2533},""volume"":{""V1_rvol_day"":{""value"":1.1425682433359305,""score"":42.83788288906204},""V2_rvol_sameslot"":{""value"":1.4204850655416807,""score"":61.36567103611205,""status"":""ok""},""V3_breakout_bar"":{""value"":1.5243973115650706,""score"":68.29315410433804},""V4_base_dryup"":{""value"":1.1669705478535155,""score"":33.302945214648446},""V5_bo_expansion"":{""value"":1.1425682433359303,""score"":9.504549555728687},""_score"":46.0},""readiness"":{""_distance_atr"":0.468,""BR1_atr_distance"":{""score"":68.78047621990378},""BR2_compression"":{""score"":9.022388974197955},""BR3_retest"":{""score"":50.0},""BR4_bo_age"":{""score"":50.0},""_score"":47.27},""risk"":{""R1_stop_clarity"":{""score"":45.139354685812805},""R2_stop_distance_pct"":{""value"":2.2716493753969873,""score"":100.0},""R3_stop_distance_atr"":{""value"":0.4186938850305258,""score"":45.93469425152629},""R4_rr_potential"":{""value"":4.823370304781451,""score"":100.0},""_score"":72.69},""market"":{""M1_spy_regime"":{""score"":100.0},""M3_earnings_risk"":{""value"":null,""score"":80.0},""M4_vix"":{""value"":null,""score"":60.0},""_score"":84.0},""liquidity"":{""L1_price"":{""value"":47.23,""score"":100.0},""L2_dollar_vol"":{""value"":59246471.44024907,""score"":88.63312450232495},""L3_spread_proxy"":{""value"":0.03938168536946856,""score"":60.618314630531444},""L4_volume_zscore"":{""value"":0.257477342864791,""score"":100.0},""_score"":91.52},""pattern_structure"":{""pole_low"":44.455,""pole_low_idx"":36,""peak_price"":48.429997,""peak_idx"":54,""pole_gain"":0.0894161961534136,""flag_bars"":5,""flag_low"":46.86,""flag_high"":48.17,""structural_low"":46.86,""current_price"":46.97,""neckline_distance_pct"":0.031083606557377078,""base_bars"":5},""pattern_geometry_features"":{""pole_gain"":0.0894161961534136,""pullback_pct"":0.03241786283819098,""flag_range_pct"":0.0270493512522828,""flag_drift_per_bar"":-0.0011922503725783997,""atr_pct"":0.054255613865279356,""pole_atr_multiple"":1.6480542709449484},""_schema_version"":""1.0""}",,,,,,,,,,
20260519T210226Z-93bc42,2026-05-19T21:02:26.159542+00:00,KVYO,high_tight_pullback,absent,47.72,5.0,45.7,52.9,51.1,43.9,55.9,77.5,84.0,94.8,0.6,16.01,5.29,4.09,6.15,5.03,0.77,5.04,4.74,False,,14.7,15.45,14.4598,17.37,"{""trend"":{""T1_ema_stack"":{""value"":[false,false,false],""score"":0.0},""T2_ema50_slope"":{""value"":-0.4329785848421314,""score"":0},""T3_high_proximity"":{""value"":0.6300900128589799,""score"":0},""T4_rs_1m"":{""value"":-0.30248737645287416,""score"":0},""T5_rs_3m"":{""value"":-0.2623195888729837,""score"":0},""T6_adr_healthy"":{""value"":5.912559801607903,""score"":100.0},""_score"":5.0},""geometry"":{""sub_pole_impulse"":7.6,""sub_flag_tightness"":57.4,""sub_flag_shallowness"":29.8,""sub_flag_drift"":87.7,""sub_flag_duration"":100.0,""_score"":45.74},""compression"":{""VC1_atr_ratio"":{""value"":0.23651979947405113,""score"":100},""VC2_range_contraction"":{""value"":1.1679214403115343,""score"":0},""VC3_range_pct_rank"":{""score"":51.66666666666666},""_score"":52.92},""sr_quality"":{""SR1_touches"":{""value"":2,""score"":25.0},""SR2_tightness"":{""value"":0.3200000000000012,""score"":59.9451033335865},""SR3_recency"":{""value"":249,""score"":0.0},""SR4_price_location"":{""score"":78.40790726576151},""SR5_reaction"":{""value"":2.2702990258970996,""score"":100},""_score"":51.09,""_levels_found"":8,""_target_level"":15.85},""volume"":{""V1_rvol_day"":{""value"":1.0370751913197263,""score"":35.805012754648416},""V2_rvol_sameslot"":{""value"":0.8089722334128743,""score"":20.598148894191617,""status"":""ok""},""V3_breakout_bar"":{""value"":1.2582716805391758,""score"":50.55144536927839},""V4_base_dryup"":{""value"":0.5174342708894792,""score"":98.25657291105207},""V5_bo_expansion"":{""value"":1.0370751913197263,""score"":2.4716794213150832},""_score"":43.94},""readiness"":{""_distance_atr"":0.469,""BR1_atr_distance"":{""score"":68.70711197936457},""BR2_compression"":{""score"":43.55970689866723},""BR3_retest"":{""score"":50.0},""BR4_bo_age"":{""score"":50.0},""_score"":55.87},""risk"":{""R1_stop_clarity"":{""score"":72.4372242314243},""R2_stop_distance_pct"":{""value"":1.6340136054421754,""score"":90.85034013605438},""R3_stop_distance_atr"":{""value"":0.15033103405113246,""score"":32.516551702556626},""R4_rr_potential"":{""value"":11.115736885928397,""score"":100.0},""_score"":77.49},""market"":{""M1_spy_regime"":{""score"":100.0},""M3_earnings_risk"":{""value"":null,""score"":80.0},""M4_vix"":{""value"":null,""score"":60.0},""_score"":84.0},""liquidity"":{""L1_price"":{""value"":14.7,""score"":100.0},""L2_dollar_vol"":{""value"":118429877.2581456,""score"":100.0},""L3_spread_proxy"":{""value"":0.052380952380952354,""score"":47.61904761904765},""L4_volume_zscore"":{""value"":0.061369743149880716,""score"":100.0},""_score"":94.76},""pattern_structure"":{""pole_low"":13.53,""pole_low_idx"":30,""peak_price"":15.45,""peak_idx"":54,""pole_gain"":0.1419068736141907,""flag_bars"":5,""flag_low"":14.68,""flag_high"":15.24,""structural_low"":14.68,""current_price"":14.805,""neckline_distance_pct"":0.04356636271529886,""base_bars"":5},""pattern_geometry_features"":{""pole_gain"":0.1419068736141907,""pullback_pct"":0.04983818770226535,""flag_range_pct"":0.03624595469255667,""flag_drift_per_bar"":-0.002465383316447328,""atr_pct"":0.10869436345966957,""pole_atr_multiple"":1.305558716177996},""_schema_version"":""1.0""}",,,,,,,,,,
20260519T210226Z-93bc42,2026-05-19T21:02:26.159542+00:00,VSEC,vcp,absent,47.72,13.3,47.1,42.9,71.2,45.8,17.5,67.0,84.0,93.6,2.0,11.78,5.15,8.54,5.96,1.23,3.35,5.04,4.68,False,,158.66,232.61,157.1961,291.265,"{""trend"":{""T1_ema_stack"":{""value"":[false,false,true],""score"":33.33333333333333},""T2_ema50_slope"":{""value"":-0.356203731456604,""score"":0},""T3_high_proximity"":{""value"":0.6965493019580297,""score"":0},""T4_rs_1m"":{""value"":-0.33041536555412077,""score"":0},""T5_rs_3m"":{""value"":-0.3395198522066747,""score"":0},""T6_adr_healthy"":{""value"":5.776636375375715,""score"":100.0},""_score"":13.33},""geometry"":{""sub_contraction_count"":100.0,""sub_reduction_rate"":0,""sub_pivot_tightness"":0,""sub_volume_dryup"":14.2,""sub_base_depth"":100.0,""sub_base_duration"":100.0,""_score"":47.13},""compression"":{""VC1_atr_ratio"":{""value"":0.4899074545840526,""score"":100},""VC2_range_contraction"":{""value"":1.013368537985976,""score"":0},""VC3_range_pct_rank"":{""score"":11.66666666666667},""_score"":42.92},""sr_quality"":{""SR1_touches"":{""value"":4,""score"":75.0},""SR2_tightness"":{""value"":1.6742386329314036,""score"":70.80099476104832},""SR3_recency"":{""value"":237,""score"":0.0},""SR4_price_location"":{""score"":92.16500393338103},""SR5_reaction"":{""value"":2.6482897111098236,""score"":100},""_score"":71.16,""_levels_found"":6,""_target_level"":161.655},""volume"":{""V1_rvol_day"":{""value"":1.3938695538141412,""score"":59.59130358760941},""V2_rvol_sameslot"":{""value"":1.2328980059792058,""score"":48.85986706528039,""status"":""ok""},""V3_breakout_bar"":{""value"":1.0234748244126344,""score"":34.89832162750896},""V4_base_dryup"":{""value"":0.9254527797154928,""score"":57.454722028450725},""V5_bo_expansion"":{""value"":1.3938695538141408,""score"":26.257970254276053},""_score"":45.84},""readiness"":{""_distance_atr"":6.449,""BR1_atr_distance"":{""score"":0},""BR2_compression"":{""score"":0},""BR3_retest"":{""score"":50.0},""BR4_bo_age"":{""score"":50.0},""_score"":17.5},""risk"":{""R1_stop_clarity"":{""score"":58.25085067540144},""R2_stop_distance_pct"":{""value"":0.9226333039203378,""score"":73.06583259800846},""R3_stop_distance_atr"":{""value"":0.12764895928903974,""score"":31.382447964451988},""R4_rr_potential"":{""value"":90.58646719267635,""score"":100.0},""_score"":67.01},""market"":{""M1_spy_regime"":{""score"":100.0},""M3_earnings_risk"":{""value"":null,""score"":80.0},""M4_vix"":{""value"":null,""score"":60.0},""_score"":84.0},""liquidity"":{""L1_price"":{""value"":158.66,""score"":100.0},""L2_dollar_vol"":{""value"":115838530.81313913,""score"":100.0},""L3_spread_proxy"":{""value"":0.06431992940879859,""score"":35.680070591201414},""L4_volume_zscore"":{""value"":1.0611005001809315,""score"":100.0},""_score"":93.57},""pattern_structure"":{""n_contractions"":5,""contractions_pct"":[6.56,17.11,10.31,26.65,31.39],""descending_strict"":false,""final_low"":159.59,""final_pivot"":232.61,""structural_low"":159.59,""dry_up_ratio"":0.9290133101674666,""current_price"":158.66,""neckline_distance_pct"":0.4660910122274046,""base_bars"":67},""pattern_geometry_features"":{""contraction_count"":5.0,""first_contraction_pct"":0.06556484684643407,""last_contraction_pct"":0.31391599673272863,""dry_up_ratio"":0.9290133101674666,""near_monotone"":0.0,""base_depth_pct"":0.2687575889482004},""_schema_version"":""1.0""}",,,,,,,,,,
20260519T210226Z-93bc42,2026-05-19T21:02:26.159542+00:00,TTWO,breakout_retest_hold,breakout_confirmed,47.68,86.2,4.0,50.8,50.1,38.6,54.1,55.6,84.0,97.4,12.07,0.88,3.05,7.02,5.02,9.75,2.78,4.2,2.92,False,,238.14,228.79,229.6404,222.45,"{""trend"":{""T1_ema_stack"":{""value"":[true,true,false],""score"":66.66666666666666},""T2_ema50_slope"":{""value"":0.17645268164291858,""score"":79.40878027381976},""T3_high_proximity"":{""value"":0.9822636528625639,""score"":91.13182643128192},""T4_rs_1m"":{""value"":0.06288949270906574,""score"":100},""T5_rs_3m"":{""value"":0.12677687757274025,""score"":100},""T6_adr_healthy"":{""value"":2.8277932851574086,""score"":100.0},""_score"":86.22},""geometry"":{""sub_retest_depth"":0.0,""sub_retest_timing"":20.0,""sub_retest_freshness"":0.0,""sub_hold_quality"":0.0,""_score"":4.0},""compression"":{""VC1_atr_ratio"":{""value"":0.5298604178598841,""score"":100},""VC2_range_contraction"":{""value"":1.1191005069343338,""score"":0},""VC3_range_pct_rank"":{""score"":43.333333333333336},""_score"":50.83},""sr_quality"":{""SR1_touches"":{""value"":2,""score"":25.0},""SR2_tightness"":{""value"":0.9549999999999983,""score"":74.47362592883931},""SR3_recency"":{""value"":327,""score"":0.0},""SR4_price_location"":{""score"":84.590490415733},""SR5_reaction"":{""value"":1.3758849270293183,""score"":68.79424635146592},""_score"":50.14,""_levels_found"":6,""_target_level"":241.235},""volume"":{""V1_rvol_day"":{""value"":1.0307800442385577,""score"":35.38533628257052},""V2_rvol_sameslot"":{""value"":1.2200804430513754,""score"":48.005362870091695,""status"":""ok""},""V3_breakout_bar"":{""value"":0.9758526201691963,""score"":31.72350801127975},""V4_base_dryup"":{""value"":0.8161601767837502,""score"":68.38398232162498},""V5_bo_expansion"":{""value"":1.0307800442385577,""score"":2.052002949237182},""_score"":38.59},""readiness"":{""_distance_atr"":-1.25,""BR1_atr_distance"":{""score"":35.00820967902065},""BR2_compression"":{""score"":62.570952407413436},""BR3_retest"":{""score"":100},""BR4_bo_age"":{""score"":30.0},""_score"":54.15},""risk"":{""R1_stop_clarity"":{""score"":37.99897665396372},""R2_stop_distance_pct"":{""value"":3.569160997732421,""score"":100.0},""R3_stop_distance_atr"":{""value"":1.1359370107604054,""score"":81.79685053802027},""R4_rr_potential"":{""value"":-1.845969222081045,""score"":0.0},""_score"":55.57},""market"":{""M1_spy_regime"":{""score"":100.0},""M3_earnings_risk"":{""value"":null,""score"":80.0},""M4_vix"":{""value"":null,""score"":60.0},""_score"":84.0},""liquidity"":{""L1_price"":{""value"":238.14,""score"":100.0},""L2_dollar_vol"":{""value"":417136010.12632453,""score"":100.0},""L3_spread_proxy"":{""value"":0.02628705803308974,""score"":73.71294196691025},""L4_volume_zscore"":{""value"":0.0862959487814219,""score"":100.0},""_score"":97.37},""pattern_structure"":{""level"":228.79,""level_idx"":46,""breakout_idx"":56,""bo_peak_idx"":57,""bo_peak_price"":246.2499,""retest_idx"":68,""retest_low"":231.96,""structural_low"":231.96,""current_price"":239.2299,""neckline_distance_pct"":-0.04363961193813982,""base_bars"":33,""bars_since_breakout"":23},""pattern_geometry_features"":{""retest_depth_atr"":-1.1268506833976206,""bars_breakout_to_retest"":12.0,""bars_since_retest"":11.0,""current_above_level_atr"":3.7111067664362003,""bo_peak_excess_pct"":0.07631408715415886,""atr_pct"":0.03142041296236308},""_schema_version"":""1.0""}",,,,,,,,,,
20260519T210226Z-93bc42,2026-05-19T21:02:26.159542+00:00,CNR,vcp,absent,47.59,14.6,49.0,64.8,66.8,17.1,26.4,75.1,84.0,90.1,2.19,12.24,7.78,8.02,2.22,1.85,3.75,5.04,4.51,False,,83.83,90.54,79.3713,105.66,"{""trend"":{""T1_ema_stack"":{""value"":[false,false,true],""score"":33.33333333333333},""T2_ema50_slope"":{""value"":-0.26268746210751065,""score"":6.218756315414893},""T3_high_proximity"":{""value"":0.7403514969531042,""score"":0},""T4_rs_1m"":{""value"":-0.05298290182893728,""score"":0},""T5_rs_3m"":{""value"":-0.12679166379263074,""score"":0},""T6_adr_healthy"":{""value"":3.858217713522373,""score"":100.0},""_score"":14.58},""geometry"":{""sub_contraction_count"":100.0,""sub_reduction_rate"":0,""sub_pivot_tightness"":0,""sub_volume_dryup"":26.4,""sub_base_depth"":100.0,""sub_base_duration"":100.0,""_score"":48.96},""compression"":{""VC1_atr_ratio"":{""value"":0.32019403471334157,""score"":100},""VC2_range_contraction"":{""value"":0.9817194327585658,""score"":3.0467612069057055},""VC3_range_pct_rank"":{""score"":95.0},""_score"":64.82},""sr_quality"":{""SR1_touches"":{""value"":9,""score"":100},""SR2_tightness"":{""value"":0.9984964004584088,""score"":46.63810201203318},""SR3_recency"":{""value"":225,""score"":0.0},""SR4_price_location"":{""score"":59.316733537880765},""SR5_reaction"":{""value"":2.2864377556798305,""score"":100},""_score"":66.82,""_levels_found"":5,""_target_level"":85.3622},""volume"":{""V1_rvol_day"":{""value"":0.6795680807334918,""score"":11.97120538223279},""V2_rvol_sameslot"":{""value"":0.5552999324994807,""score"":3.6866621666320487,""status"":""ok""},""V3_breakout_bar"":{""value"":1.0445361998771774,""score"":36.30241332514516},""V4_base_dryup"":{""value"":1.2577309799915608,""score"":24.22690200084392},""V5_bo_expansion"":{""value"":0.6795680807334918,""score"":0},""_score"":17.05},""readiness"":{""_distance_atr"":1.793,""BR1_atr_distance"":{""score"":0},""BR2_compression"":{""score"":35.70487384874584},""BR3_retest"":{""score"":50.0},""BR4_bo_age"":{""score"":50.0},""_score"":26.43},""risk"":{""R1_stop_clarity"":{""score"":35.404347909071404},""R2_stop_distance_pct"":{""value"":5.318740307765725,""score"":100.0},""R3_stop_distance_atr"":{""value"":1.191414883667668,""score"":84.5707441833834},""R4_rr_potential"":{""value"":4.896045932670953,""score"":100.0},""_score"":75.08},""market"":{""M1_spy_regime"":{""score"":100.0},""M3_earnings_risk"":{""value"":null,""score"":80.0},""M4_vix"":{""value"":null,""score"":60.0},""_score"":84.0},""liquidity"":{""L1_price"":{""value"":83.83,""score"":100.0},""L2_dollar_vol"":{""value"":42631340.073298246,""score"":81.48644922359706},""L3_spread_proxy"":{""value"":0.024692830728855936,""score"":75.30716927114406},""L4_volume_zscore"":{""value"":-1.3591785373248013,""score"":100.0},""_score"":90.13},""pattern_structure"":{""n_contractions"":5,""contractions_pct"":[11.02,21.91,7.59,9.49,11.0],""descending_strict"":false,""final_low"":80.58,""final_pivot"":90.54,""structural_low"":80.58,""dry_up_ratio"":0.8682145878162095,""current_price"":83.83,""neckline_distance_pct"":0.08004294405344159,""base_bars"":50},""pattern_geometry_features"":{""contraction_count"":5.0,""first_contraction_pct"":0.11024033437826539,""last_contraction_pct"":0.11000662690523534,""dry_up_ratio"":0.8682145878162095,""near_monotone"":0.0,""base_depth_pct"":0.15799373040752354},""_schema_version"":""1.0""}",,,,,,,,,,
20260519T210226Z-93bc42,2026-05-19T21:02:26.159542+00:00,SRAD,high_tight_pullback,forming,47.5,5.0,54.7,72.3,45.6,22.2,41.3,74.2,84.0,85.5,0.6,19.14,7.23,3.65,3.11,3.72,0.74,5.04,4.27,False,,13.29,13.73,12.869,15.44,"{""trend"":{""T1_ema_stack"":{""value"":[false,false,false],""score"":0.0},""T2_ema50_slope"":{""value"":-1.0073006970608887,""score"":0},""T3_high_proximity"":{""value"":0.674961909598781,""score"":0},""T4_rs_1m"":{""value"":-0.2719345776408095,""score"":0},""T5_rs_3m"":{""value"":-0.29600138763659234,""score"":0},""T6_adr_healthy"":{""value"":8.020938861984432,""score"":99.47652845038921},""_score"":4.97},""geometry"":{""sub_pole_impulse"":40.1,""sub_flag_tightness"":45.4,""sub_flag_shallowness"":31.9,""sub_flag_drift"":99.6,""sub_flag_duration"":100.0,""_score"":54.7},""compression"":{""VC1_atr_ratio"":{""value"":0.2966799879241464,""score"":100},""VC2_range_contraction"":{""value"":0.599947723761144,""score"":66.67537937314266},""VC3_range_pct_rank"":{""score"":35.83333333333333},""_score"":72.29},""sr_quality"":{""SR1_touches"":{""value"":2,""score"":25.0},""SR2_tightness"":{""value"":0.13004999999999978,""score"":64.16650265695736},""SR3_recency"":{""value"":231,""score"":0.0},""SR4_price_location"":{""score"":53.95780499649272},""SR5_reaction"":{""value"":4.367181657154103,""score"":100},""_score"":45.61,""_levels_found"":6,""_target_level"":14.5699},""volume"":{""V1_rvol_day"":{""value"":0.43239055839747836,""score"":0},""V2_rvol_sameslot"":{""value"":0.42416568224907814,""score"":0,""status"":""ok""},""V3_breakout_bar"":{""value"":0.9729941402143016,""score"":31.53294268095344},""V4_base_dryup"":{""value"":0.7854003032999058,""score"":71.45996967000941},""V5_bo_expansion"":{""value"":0.43239055839747836,""score"":0},""_score"":22.18},""readiness"":{""_distance_atr"":0.606,""BR1_atr_distance"":{""score"":59.58800761005041},""BR2_compression"":{""score"":0},""BR3_retest"":{""score"":50.0},""BR4_bo_age"":{""score"":50.0},""_score"":41.34},""risk"":{""R1_stop_clarity"":{""score"":46.00177130486108},""R2_stop_distance_pct"":{""value"":3.167607223476301,""score"":100.0},""R3_stop_distance_atr"":{""value"":0.5799694941940565,""score"":53.998474709702826},""R4_rr_potential"":{""value"":5.107191638458342,""score"":100.0},""_score"":74.2},""market"":{""M1_spy_regime"":{""score"":100.0},""M3_earnings_risk"":{""value"":null,""score"":80.0},""M4_vix"":{""value"":null,""score"":60.0},""_score"":84.0},""liquidity"":{""L1_price"":{""value"":13.29,""score"":100.0},""L2_dollar_vol"":{""value"":33624726.79894251,""score"":76.33293821900837},""L3_spread_proxy"":{""value"":0.05041384499623777,""score"":49.58615500376223},""L4_volume_zscore"":{""value"":-0.5724974767880627,""score"":100.0},""_score"":85.49},""pattern_structure"":{""pole_low"":12.02,""pole_low_idx"":30,""peak_price"":13.73,""peak_idx"":54,""pole_gain"":0.1422628951747089,""flag_bars"":5,""flag_low"":13.065,""flag_high"":13.705,""structural_low"":13.065,""current_price"":13.215,""neckline_distance_pct"":0.038970866439651954,""base_bars"":5},""pattern_geometry_features"":{""pole_gain"":0.1422628951747089,""pullback_pct"":0.04843408594319016,""flag_range_pct"":0.04661325564457396,""flag_drift_per_bar"":-7.567158531978244e-05,""atr_pct"":0.054616790282704525,""pole_atr_multiple"":2.604746533773502},""_schema_version"":""1.0""}",,,,,,,,,,
20260519T210226Z-93bc42,2026-05-19T21:02:26.159542+00:00,VSEC,double_bottom,invalidated,47.47,13.3,52.4,42.9,71.2,46.2,17.5,30.7,84.0,93.6,2.0,13.1,3.43,9.96,6.01,1.4,1.84,5.04,4.68,False,,158.66,185.0,163.0323,204.485,"{""trend"":{""T1_ema_stack"":{""value"":[false,false,true],""score"":33.33333333333333},""T2_ema50_slope"":{""value"":-0.356203731456604,""score"":0},""T3_high_proximity"":{""value"":0.6965493019580297,""score"":0},""T4_rs_1m"":{""value"":-0.33041536555412077,""score"":0},""T5_rs_3m"":{""value"":-0.3395198522066747,""score"":0},""T6_adr_healthy"":{""value"":5.776636375375715,""score"":100.0},""_score"":13.33},""geometry"":{""sub_low_similarity"":14.8,""sub_bounce_quality"":100,""sub_separation_fit"":100.0,""sub_right_bottom_reaction"":46.5,""sub_base_context"":30.0,""_score"":52.41},""compression"":{""VC1_atr_ratio"":{""value"":0.4899074545840526,""score"":100},""VC2_range_contraction"":{""value"":1.013368537985976,""score"":0},""VC3_range_pct_rank"":{""score"":11.66666666666667},""_score"":42.92},""sr_quality"":{""SR1_touches"":{""value"":4,""score"":75.0},""SR2_tightness"":{""value"":1.6742386329314036,""score"":70.80099476104832},""SR3_recency"":{""value"":237,""score"":0.0},""SR4_price_location"":{""score"":92.16500393338103},""SR5_reaction"":{""value"":2.6482897111098236,""score"":100},""_score"":71.16,""_levels_found"":6,""_target_level"":161.655},""volume"":{""V1_rvol_day"":{""value"":1.3938695538141412,""score"":59.59130358760941},""V2_rvol_sameslot"":{""value"":1.2328980059792058,""score"":48.85986706528039,""status"":""ok""},""V3_breakout_bar"":{""value"":1.0234748244126344,""score"":34.89832162750896},""V4_base_dryup"":{""value"":0.9070577621229877,""score"":59.29422378770123},""V5_bo_expansion"":{""value"":1.3938695538141408,""score"":26.257970254276053},""_score"":46.21},""readiness"":{""_distance_atr"":2.297,""BR1_atr_distance"":{""score"":0},""BR2_compression"":{""score"":0},""BR3_retest"":{""score"":50.0},""BR4_bo_age"":{""score"":50.0},""_score"":17.5},""risk"":{""R1_stop_clarity"":{""score"":56.700855627164266},""R2_stop_distance_pct"":{""value"":-2.7557512920710967,""score"":0.0},""R3_stop_distance_atr"":{""value"":-0.3812660815489862,""score"":5.936695922550683},""R4_rr_potential"":{""value"":null,""score"":50.0},""_score"":30.74},""market"":{""M1_spy_regime"":{""score"":100.0},""M3_earnings_risk"":{""value"":null,""score"":80.0},""M4_vix"":{""value"":null,""score"":60.0},""_score"":84.0},""liquidity"":{""L1_price"":{""value"":158.66,""score"":100.0},""L2_dollar_vol"":{""value"":115838530.81313913,""score"":100.0},""L3_spread_proxy"":{""value"":0.06431992940879859,""score"":35.680070591201414},""L4_volume_zscore"":{""value"":1.0611005001809315,""score"":100.0},""_score"":93.57},""pattern_structure"":{""left_low"":172.72,""left_idx"":51,""right_low"":165.515,""right_idx"":70,""separation_bars"":19,""structural_low"":165.515,""current_price"":159.14,""neckline_distance_pct"":0.16249842905617706,""base_bars"":19},""pattern_geometry_features"":{""low_similarity_pct"":0.04260351530740469,""bounce_pct"":0.11772346917197846,""right_bottom_reaction"":0.46545768566494655,""atr_pct"":0.07227895229691522},""_schema_version"":""1.0""}",,,,,,,,,,
20260519T210226Z-93bc42,2026-05-19T21:02:26.159542+00:00,AIR,vcp,invalidated,47.46,22.9,41.1,51.0,60.7,64.9,18.3,20.8,84.0,90.7,3.43,10.29,6.12,7.28,8.44,1.28,1.04,5.04,4.54,False,,100.89,127.21,103.2871,140.35,"{""trend"":{""T1_ema_stack"":{""value"":[false,false,true],""score"":33.33333333333333},""T2_ema50_slope"":{""value"":-0.015248823753986354,""score"":47.458529374335605},""T3_high_proximity"":{""value"":0.8007778395110724,""score"":0.38891975553617675},""T4_rs_1m"":{""value"":-0.20811835594205275,""score"":0},""T5_rs_3m"":{""value"":-0.18898920685736764,""score"":0},""T6_adr_healthy"":{""value"":3.794383209289249,""score"":100.0},""_score"":22.88},""geometry"":{""sub_contraction_count"":100.0,""sub_reduction_rate"":0,""sub_pivot_tightness"":0,""sub_volume_dryup"":0,""sub_base_depth"":61.4,""sub_base_duration"":100.0,""_score"":41.14},""compression"":{""VC1_atr_ratio"":{""value"":0.43461153102000993,""score"":100},""VC2_range_contraction"":{""value"":1.011956439404971,""score"":0},""VC3_range_pct_rank"":{""score"":44.166666666666664},""_score"":51.04},""sr_quality"":{""SR1_touches"":{""value"":5,""score"":100},""SR2_tightness"":{""value"":0.9743018012915706,""score"":57.16433450182541},""SR3_recency"":{""value"":237,""score"":0.0},""SR4_price_location"":{""score"":28.399311531841587},""SR5_reaction"":{""value"":2.393327921389686,""score"":100},""_score"":60.67,""_levels_found"":5,""_target_level"":103.386},""volume"":{""V1_rvol_day"":{""value"":1.290215128324193,""score"":52.681008554946196},""V2_rvol_sameslot"":{""value"":1.679498081518914,""score"":78.63320543459426,""status"":""ok""},""V3_breakout_bar"":{""value"":1.9870314158655233,""score"":99.13542772436821},""V4_base_dryup"":{""value"":0.9515984684021597,""score"":54.84015315978403},""V5_bo_expansion"":{""value"":1.2902151283241927,""score"":19.347675221612846},""_score"":64.92},""readiness"":{""_distance_atr"":5.786,""BR1_atr_distance"":{""score"":0},""BR2_compression"":{""score"":3.3321675660122896},""BR3_retest"":{""score"":50.0},""BR4_bo_age"":{""score"":50.0},""_score"":18.33},""risk"":{""R1_stop_clarity"":{""score"":30.84666560940093},""R2_stop_distance_pct"":{""value"":-2.3759540093170726,""score"":0.0},""R3_stop_distance_atr"":{""value"":-0.5269484959873617,""score"":0.0},""R4_rr_potential"":{""value"":null,""score"":50.0},""_score"":20.8},""market"":{""M1_spy_regime"":{""score"":100.0},""M3_earnings_risk"":{""value"":null,""score"":80.0},""M4_vix"":{""value"":null,""score"":60.0},""_score"":84.0},""liquidity"":{""L1_price"":{""value"":100.89,""score"":100.0},""L2_dollar_vol"":{""value"":51663633.77392722,""score"":85.65924745584552},""L3_spread_proxy"":{""value"":0.03548419070274555,""score"":64.51580929725445},""L4_volume_zscore"":{""value"":1.2208796093050869,""score"":100.0},""_score"":90.72},""pattern_structure"":{""n_contractions"":5,""contractions_pct"":[5.38,15.77,8.44,16.84,17.57],""descending_strict"":false,""final_low"":104.86,""final_pivot"":127.21,""structural_low"":104.86,""dry_up_ratio"":1.2347652167083922,""current_price"":100.89,""neckline_distance_pct"":0.2608781841609673,""base_bars"":52},""pattern_geometry_features"":{""contraction_count"":5.0,""first_contraction_pct"":0.05381355932203385,""last_contraction_pct"":0.1756937347692791,""dry_up_ratio"":1.2347652167083922,""near_monotone"":0.0,""base_depth_pct"":0.11135593220338984},""_schema_version"":""1.0""}",,,,,,,,,,
20260519T210226Z-93bc42,2026-05-19T21:02:26.159542+00:00,EPRT,vcp,forming,47.38,28.1,50.7,67.2,38.5,23.1,28.9,60.5,84.0,94.1,4.22,12.67,8.07,4.63,3.01,2.03,3.02,5.04,4.7,True,risk_unclear,31.17,33.6,30.5251,32.9,"{""trend"":{""T1_ema_stack"":{""value"":[false,false,true],""score"":33.33333333333333},""T2_ema50_slope"":{""value"":-0.08377984680981063,""score"":36.0366921983649},""T3_high_proximity"":{""value"":0.9011274934952298,""score"":50.56374674761488},""T4_rs_1m"":{""value"":-0.09925293563119497,""score"":0},""T5_rs_3m"":{""value"":-0.10500528451374636,""score"":0},""T6_adr_healthy"":{""value"":1.8933028637133087,""score"":100.0},""_score"":28.13},""geometry"":{""sub_contraction_count"":100.0,""sub_reduction_rate"":0,""sub_pivot_tightness"":31.9,""sub_volume_dryup"":72.6,""sub_base_depth"":0.0,""sub_base_duration"":100.0,""_score"":50.67},""compression"":{""VC1_atr_ratio"":{""value"":0.41657843935527455,""score"":100},""VC2_range_contraction"":{""value"":0.7976235322082555,""score"":33.72941129862408},""VC3_range_pct_rank"":{""score"":61.66666666666667},""_score"":67.22},""sr_quality"":{""SR1_touches"":{""value"":2,""score"":25.0},""SR2_tightness"":{""value"":0.005000000000002558,""score"":97.95769511305512},""SR3_recency"":{""value"":251,""score"":0.0},""SR4_price_location"":{""score"":5.4171180931743645},""SR5_reaction"":{""value"":2.706053975200579,""score"":100},""_score"":38.55,""_levels_found"":4,""_target_level"":32.625},""volume"":{""V1_rvol_day"":{""value"":0.9579417342010256,""score"":30.529448946735037},""V2_rvol_sameslot"":{""value"":0.34513259320559936,""score"":0,""status"":""ok""},""V3_breakout_bar"":{""value"":0.8403264631040983,""score"":22.688430873606556},""V4_base_dryup"":{""value"":0.9320028874074882,""score"":56.79971125925118},""V5_bo_expansion"":{""value"":0.9579417342010258,""score"":0},""_score"":23.14},""readiness"":{""_distance_atr"":4.963,""BR1_atr_distance"":{""score"":0},""BR2_compression"":{""score"":45.778328134611414},""BR3_retest"":{""score"":50.0},""BR4_bo_age"":{""score"":50.0},""_score"":28.94},""risk"":{""R1_stop_clarity"":{""score"":0},""R2_stop_distance_pct"":{""value"":2.0688161693936644,""score"":100.0},""R3_stop_distance_atr"":{""value"":1.3169803063457424,""score"":90.84901531728711},""R4_rr_potential"":{""value"":2.6827944483212995,""score"":84.13972241606498},""_score"":60.46},""market"":{""M1_spy_regime"":{""score"":100.0},""M3_earnings_risk"":{""value"":null,""score"":80.0},""M4_vix"":{""value"":null,""score"":60.0},""_score"":84.0},""liquidity"":{""L1_price"":{""value"":31.17,""score"":100.0},""L2_dollar_vol"":{""value"":60406745.58562606,""score"":89.05427193688178},""L3_spread_proxy"":{""value"":0.015559833172922663,""score"":84.44016682707733},""L4_volume_zscore"":{""value"":-0.0730263218050657,""score"":100.0},""_score"":94.07},""pattern_structure"":{""n_contractions"":5,""contractions_pct"":[2.94,6.09,4.78,13.3,7.77],""descending_strict"":false,""final_low"":30.99,""final_pivot"":33.6,""structural_low"":30.99,""dry_up_ratio"":0.6369456098671785,""current_price"":31.17,""neckline_distance_pct"":0.07795957651588065,""base_bars"":76},""pattern_geometry_features"":{""contraction_count"":5.0,""first_contraction_pct"":0.029382634532849145,""last_contraction_pct"":0.07767857142857151,""dry_up_ratio"":0.6369456098671785,""near_monotone"":0.0,""base_depth_pct"":-0.02310993727302738},""_schema_version"":""1.0""}",,,,,,,,,,
20260519T210226Z-93bc42,2026-05-19T21:02:26.159542+00:00,GENI,breakout_retest_hold,setup,47.3,22.4,55.0,16.7,39.4,51.5,50.8,60.6,84.0,81.5,3.14,12.11,1.0,5.52,6.7,9.15,3.03,4.2,2.45,False,,5.01,4.79,4.9154,4.44,"{""trend"":{""T1_ema_stack"":{""value"":[true,false,false],""score"":33.33333333333333},""T2_ema50_slope"":{""value"":-0.5950659063475507,""score"":0},""T3_high_proximity"":{""value"":0.7743431221020093,""score"":0},""T4_rs_1m"":{""value"":-0.0044247741363669935,""score"":45.57522586363301},""T5_rs_3m"":{""value"":-0.2713545962492133,""score"":0},""T6_adr_healthy"":{""value"":7.121777970089016,""score"":100.0},""_score"":22.45},""geometry"":{""sub_retest_depth"":0.0,""sub_retest_timing"":100.0,""sub_retest_freshness"":100.0,""sub_hold_quality"":50.1,""_score"":55.03},""compression"":{""VC1_atr_ratio"":{""value"":0.8493995968875621,""score"":37.65010077810948},""VC2_range_contraction"":{""value"":1.700910602612484,""score"":0},""VC3_range_pct_rank"":{""score"":6.666666666666665},""_score"":16.73},""sr_quality"":{""SR1_touches"":{""value"":3,""score"":50.0},""SR2_tightness"":{""value"":0.07494442385305695,""score"":60.19794643819289},""SR3_recency"":{""value"":269,""score"":0.0},""SR4_price_location"":{""score"":1.5748031496062638},""SR5_reaction"":{""value"":2.425300001264494,""score"":100},""_score"":39.42,""_levels_found"":6,""_target_level"":5.635},""volume"":{""V1_rvol_day"":{""value"":1.3150214835818994,""score"":54.33476557212663},""V2_rvol_sameslot"":{""value"":1.7453857702590696,""score"":83.02571801727132,""status"":""ok""},""V3_breakout_bar"":{""value"":0.9648465358699193,""score"":30.98976905799462},""V4_base_dryup"":{""value"":0.8407919931892673,""score"":65.92080068107327},""V5_bo_expansion"":{""value"":1.3150214835818996,""score"":21.001432238793306},""_score"":51.55},""readiness"":{""_distance_atr"":-0.584,""BR1_atr_distance"":{""score"":48.31607298660902},""BR2_compression"":{""score"":21.97413253650902},""BR3_retest"":{""score"":100},""BR4_bo_age"":{""score"":40},""_score"":50.82},""risk"":{""R1_stop_clarity"":{""score"":73.63150108114274},""R2_stop_distance_pct"":{""value"":1.8892215568862212,""score"":97.23053892215553},""R3_stop_distance_atr"":{""value"":0.25133720268578486,""score"":37.56686013428925},""R4_rr_potential"":{""value"":-6.022187004754373,""score"":0.0},""_score"":60.58},""market"":{""M1_spy_regime"":{""score"":100.0},""M3_earnings_risk"":{""value"":null,""score"":80.0},""M4_vix"":{""value"":null,""score"":60.0},""_score"":84.0},""liquidity"":{""L1_price"":{""value"":5.01,""score"":97.505},""L2_dollar_vol"":{""value"":39168993.86940483,""score"":79.64712080029659},""L3_spread_proxy"":{""value"":0.09680638722554898,""score"":3.193612774451026},""L4_volume_zscore"":{""value"":0.5766482635612041,""score"":100.0},""_score"":81.55},""pattern_structure"":{""level"":4.79,""level_idx"":45,""breakout_idx"":70,""bo_peak_idx"":74,""bo_peak_price"":5.45,""retest_idx"":77,""retest_low"":4.965,""structural_low"":4.965,""current_price"":5.03,""neckline_distance_pct"":-0.04771371769383702,""base_bars"":34,""bars_since_breakout"":9},""pattern_geometry_features"":{""retest_depth_atr"":-1.0202381943866072,""bars_breakout_to_retest"":7.0,""bars_since_retest"":2.0,""current_above_level_atr"":1.3991838094444926,""bo_peak_excess_pct"":0.1377870563674322,""atr_pct"":0.07516680923866556},""_schema_version"":""1.0""}",,,,,,,,,,
20260519T210226Z-93bc42,2026-05-19T21:02:26.159542+00:00,PRCH,bull_flag,absent,46.87,76.9,22.4,70.4,64.6,13.5,35.8,78.2,84.0,82.1,10.77,6.71,6.33,6.46,1.89,3.22,2.35,5.04,4.11,False,,9.77,10.79,9.456,11.71,"{""trend"":{""T1_ema_stack"":{""value"":[true,true,false],""score"":66.66666666666666},""T2_ema50_slope"":{""value"":0.7533990290746216,""score"":100},""T3_high_proximity"":{""value"":0.8661347517730497,""score"":33.06737588652481},""T4_rs_1m"":{""value"":0.1890218052751247,""score"":100},""T5_rs_3m"":{""value"":0.037329969252009265,""score"":68.66498462600464},""T6_adr_healthy"":{""value"":6.9830064022108855,""score"":100.0},""_score"":76.93},""geometry"":{""sub_pole_impulse"":6.1,""sub_flag_tightness"":0,""sub_flag_shallowness"":0,""sub_flag_drift"":78.5,""sub_flag_duration"":87.5,""_score"":22.36},""compression"":{""VC1_atr_ratio"":{""value"":0.44593267297020256,""score"":100},""VC2_range_contraction"":{""value"":0.7435531032196696,""score"":42.7411494633884},""VC3_range_pct_rank"":{""score"":61.66666666666667},""_score"":70.38},""sr_quality"":{""SR1_touches"":{""value"":3,""score"":50.0},""SR2_tightness"":{""value"":0.10370899457402727,""score"":71.62710952970545},""SR3_recency"":{""value"":289,""score"":0.0},""SR4_price_location"":{""score"":95.3974714858976},""SR5_reaction"":{""value"":2.2547697679114647,""score"":100},""_score"":64.59,""_levels_found"":6,""_target_level"":9.8233},""volume"":{""V1_rvol_day"":{""value"":0.9041735043746457,""score"":26.944900291643048},""V2_rvol_sameslot"":{""value"":0.6430717096704444,""score"":9.538113978029623,""status"":""ok""},""V3_breakout_bar"":{""value"":0.8703866669611382,""score"":24.69244446407588},""V4_base_dryup"":{""value"":1.9576052801726969,""score"":0},""V5_bo_expansion"":{""value"":0.9041735043746457,""score"":0},""_score"":13.47},""readiness"":{""_distance_atr"":1.395,""BR1_atr_distance"":{""score"":6.982197643288458},""BR2_compression"":{""score"":62.07720424208948},""BR3_retest"":{""score"":50.0},""BR4_bo_age"":{""score"":50.0},""_score"":35.81},""risk"":{""R1_stop_clarity"":{""score"":60.60422488421624},""R2_stop_distance_pct"":{""value"":3.2139201637666335,""score"":100.0},""R3_stop_distance_atr"":{""value"":0.4295233814706977,""score"":46.47616907353489},""R4_rr_potential"":{""value"":6.178343949044583,""score"":100.0},""_score"":78.18},""market"":{""M1_spy_regime"":{""score"":100.0},""M3_earnings_risk"":{""value"":null,""score"":80.0},""M4_vix"":{""value"":null,""score"":60.0},""_score"":84.0},""liquidity"":{""L1_price"":{""value"":9.77,""score"":99.885},""L2_dollar_vol"":{""value"":22585730.78465616,""score"":67.69170735857237},""L3_spread_proxy"":{""value"":0.04912998976458551,""score"":50.87001023541449},""L4_volume_zscore"":{""value"":-0.18682319070035752,""score"":100.0},""_score"":82.13},""pattern_structure"":{""pole_low"":9.87,""pole_low_idx"":30,""peak_price"":10.79,""peak_idx"":38,""pole_gain"":0.09321175278622088,""flag_bars"":21,""flag_low"":9.6,""flag_high"":10.79,""structural_low"":9.6,""current_price"":9.675,""neckline_distance_pct"":0.11524547803617555,""base_bars"":21},""pattern_geometry_features"":{""pole_gain"":0.09321175278622088,""pullback_pct"":0.11028730305838735,""flag_range_pct"":0.11028730305838735,""flag_drift_per_bar"":-0.004307527098224749,""atr_pct"":0.0748252668518789,""pole_atr_multiple"":1.24572563129964},""_schema_version"":""1.0""}",,,,,,,,,,
20260519T210226Z-93bc42,2026-05-19T21:02:26.159542+00:00,APP,ascending_triangle,absent,46.85,59.7,30.8,31.5,59.4,22.5,34.3,81.8,84.0,93.6,8.96,8.62,2.52,8.32,2.7,2.74,3.27,5.04,4.68,False,,476.9,515.39,440.3787,583.695,"{""trend"":{""T1_ema_stack"":{""value"":[true,true,false],""score"":66.66666666666666},""T2_ema50_slope"":{""value"":0.11639116015459032,""score"":69.39852669243172},""T3_high_proximity"":{""value"":0.9220269512595943,""score"":61.01347562979714},""T4_rs_1m"":{""value"":-0.06392674256506392,""score"":0},""T5_rs_3m"":{""value"":0.11018180764165142,""score"":100},""T6_adr_healthy"":{""value"":5.883958764267012,""score"":100.0},""_score"":59.7},""geometry"":{""sub_flat_top_quality"":33.3,""sub_hl_slope"":16.7,""sub_compression"":3.2,""sub_duration"":100.0,""_score"":30.8},""compression"":{""VC1_atr_ratio"":{""value"":0.7641253279978905,""score"":58.96866800052738},""VC2_range_contraction"":{""value"":1.3450028276032717,""score"":0},""VC3_range_pct_rank"":{""score"":31.666666666666664},""_score"":31.5},""sr_quality"":{""SR1_touches"":{""value"":3,""score"":50.0},""SR2_tightness"":{""value"":7.756145950148183,""score"":50.5532764476867},""SR3_recency"":{""value"":243,""score"":0.0},""SR4_price_location"":{""score"":87.34191969228974},""SR5_reaction"":{""value"":3.0805868128462044,""score"":100},""_score"":59.42,""_levels_found"":6,""_target_level"":482.33},""volume"":{""V1_rvol_day"":{""value"":0.7010431270985485,""score"":13.402875139903237},""V2_rvol_sameslot"":{""value"":0.80203371995113,""score"":20.135581330075336,""status"":""ok""},""V3_breakout_bar"":{""value"":0.8116187753883278,""score"":20.774585025888523},""V4_base_dryup"":{""value"":0.9696042474178962,""score"":53.039575258210384},""V5_bo_expansion"":{""value"":0.7010431270985487,""score"":0},""_score"":22.51},""readiness"":{""_distance_atr"":1.227,""BR1_atr_distance"":{""score"":18.20661095681686},""BR2_compression"":{""score"":37.93044035764594},""BR3_retest"":{""score"":50.0},""BR4_bo_age"":{""score"":50.0},""_score"":34.27},""risk"":{""R1_stop_clarity"":{""score"":57.246378791459605},""R2_stop_distance_pct"":{""value"":7.65805724470539,""score"":100.0},""R3_stop_distance_atr"":{""value"":1.1641460851239587,""score"":83.20730425619793},""R4_rr_potential"":{""value"":2.924185971053857,""score"":96.20929855269284},""_score"":81.76},""market"":{""M1_spy_regime"":{""score"":100.0},""M3_earnings_risk"":{""value"":null,""score"":80.0},""M4_vix"":{""value"":null,""score"":60.0},""_score"":84.0},""liquidity"":{""L1_price"":{""value"":476.9,""score"":100.0},""L2_dollar_vol"":{""value"":1571492011.160754,""score"":100.0},""L3_spread_proxy"":{""value"":0.06416439505137339,""score"":35.83560494862661},""L4_volume_zscore"":{""value"":-0.5713058243328027,""score"":100.0},""_score"":93.58},""pattern_structure"":{""top"":515.39,""top_touches"":2,""low_slope_per_bar"":0.22464886731391417,""lowest_low"":447.085,""structural_low"":447.085,""current_price"":473.61,""neckline_distance_pct"":0.08821604273558407,""base_bars"":30},""pattern_geometry_features"":{""top_touches"":2.0,""low_slope"":0.22464886731391417,""compression"":0.016196189949663653,""atr_pct"":0.06578261390528112},""_schema_version"":""1.0""}",,,,,,,,,,
20260519T210226Z-93bc42,2026-05-19T21:02:26.159542+00:00,MIR,double_bottom,absent,46.81,11.0,47.9,52.3,51.5,41.0,30.2,72.0,84.0,93.8,1.65,11.97,4.18,7.21,5.34,2.42,4.32,5.04,4.69,False,,18.37,19.29,17.3261,20.99,"{""trend"":{""T1_ema_stack"":{""value"":[false,false,false],""score"":0.0},""T2_ema50_slope"":{""value"":-0.1750438353616598,""score"":20.826027439723365},""T3_high_proximity"":{""value"":0.8245062836624776,""score"":12.253141831238768},""T4_rs_1m"":{""value"":-0.09660731607193218,""score"":0},""T5_rs_3m"":{""value"":-0.2127150404758995,""score"":0},""T6_adr_healthy"":{""value"":4.703130334085452,""score"":100.0},""_score"":11.0},""geometry"":{""sub_low_similarity"":11.6,""sub_bounce_quality"":95.2,""sub_separation_fit"":60.0,""sub_right_bottom_reaction"":69.0,""sub_base_context"":30.0,""_score"":47.87},""compression"":{""VC1_atr_ratio"":{""value"":0.506737820305511,""score"":100},""VC2_range_contraction"":{""value"":0.9461660083400298,""score"":8.97233194332836},""VC3_range_pct_rank"":{""score"":36.66666666666667},""_score"":52.31},""sr_quality"":{""SR1_touches"":{""value"":3,""score"":50.0},""SR2_tightness"":{""value"":0.2672955958401779,""score"":40.58070068733789},""SR3_recency"":{""value"":226,""score"":0.0},""SR4_price_location"":{""score"":61.51440499196037},""SR5_reaction"":{""value"":2.0124089967211,""score"":100},""_score"":51.47,""_levels_found"":7,""_target_level"":19.2396},""volume"":{""V1_rvol_day"":{""value"":1.1107606300432689,""score"":40.71737533621793},""V2_rvol_sameslot"":{""value"":0.9899217309915652,""score"":32.661448732771014,""status"":""ok""},""V3_breakout_bar"":{""value"":1.322271300985887,""score"":54.818086732392466},""V4_base_dryup"":{""value"":0.9225149662408931,""score"":57.74850337591069},""V5_bo_expansion"":{""value"":1.110760630043269,""score"":7.384042002884605},""_score"":41.04},""readiness"":{""_distance_atr"":1.023,""BR1_atr_distance"":{""score"":31.828587004559893},""BR2_compression"":{""score"":0},""BR3_retest"":{""score"":50.0},""BR4_bo_age"":{""score"":50.0},""_score"":30.23},""risk"":{""R1_stop_clarity"":{""score"":41.34665004723802},""R2_stop_distance_pct"":{""value"":5.682362547632023,""score"":100.0},""R3_stop_distance_atr"":{""value"":1.1602292845971272,""score"":83.01146422985636},""R4_rr_potential"":{""value"":2.509939167504901,""score"":75.49695837524506},""_score"":72.02},""market"":{""M1_spy_regime"":{""score"":100.0},""M3_earnings_risk"":{""value"":null,""score"":80.0},""M4_vix"":{""value"":null,""score"":60.0},""_score"":84.0},""liquidity"":{""L1_price"":{""value"":18.37,""score"":100.0},""L2_dollar_vol"":{""value"":81102548.53691001,""score"":95.45172507685047},""L3_spread_proxy"":{""value"":0.04354926510615137,""score"":56.45073489384863},""L4_volume_zscore"":{""value"":0.25030633454934154,""score"":100.0},""_score"":93.83},""pattern_structure"":{""left_low"":18.385,""left_idx"":39,""right_low"":17.59,""right_idx"":75,""separation_bars"":36,""structural_low"":17.59,""current_price"":18.22,""neckline_distance_pct"":0.05872667398463229,""base_bars"":36},""pattern_geometry_features"":{""low_similarity_pct"":0.04419735927727598,""bounce_pct"":0.09664582148948263,""right_bottom_reaction"":0.6896551724137927,""atr_pct"":0.048976203437281284},""_schema_version"":""1.0""}",,,,,,,,,,
20260519T210226Z-93bc42,2026-05-19T21:02:26.159542+00:00,KVYO,double_bottom,forming,46.8,5.0,50.8,52.9,51.1,24.3,51.0,82.6,84.0,94.8,0.75,12.69,4.23,7.15,3.16,4.08,4.96,5.04,4.74,False,,14.7,15.74,14.0166,17.25,"{""trend"":{""T1_ema_stack"":{""value"":[false,false,false],""score"":0.0},""T2_ema50_slope"":{""value"":-0.4329785848421314,""score"":0},""T3_high_proximity"":{""value"":0.6300900128589799,""score"":0},""T4_rs_1m"":{""value"":-0.30248737645287416,""score"":0},""T5_rs_3m"":{""value"":-0.2623195888729837,""score"":0},""T6_adr_healthy"":{""value"":5.912559801607903,""score"":100.0},""_score"":5.0},""geometry"":{""sub_low_similarity"":1.3,""sub_bounce_quality"":100,""sub_separation_fit"":86.7,""sub_right_bottom_reaction"":75.8,""sub_base_context"":30.0,""_score"":50.77},""compression"":{""VC1_atr_ratio"":{""value"":0.23651979947405113,""score"":100},""VC2_range_contraction"":{""value"":1.1679214403115343,""score"":0},""VC3_range_pct_rank"":{""score"":51.66666666666666},""_score"":52.92},""sr_quality"":{""SR1_touches"":{""value"":2,""score"":25.0},""SR2_tightness"":{""value"":0.3200000000000012,""score"":59.9451033335865},""SR3_recency"":{""value"":249,""score"":0.0},""SR4_price_location"":{""score"":78.40790726576151},""SR5_reaction"":{""value"":2.2702990258970996,""score"":100},""_score"":51.09,""_levels_found"":8,""_target_level"":15.85},""volume"":{""V1_rvol_day"":{""value"":1.0370751913197263,""score"":35.805012754648416},""V2_rvol_sameslot"":{""value"":0.8089722334128743,""score"":20.598148894191617,""status"":""ok""},""V3_breakout_bar"":{""value"":1.2582716805391758,""score"":50.55144536927839},""V4_base_dryup"":{""value"":1.6262309168627211,""score"":0},""V5_bo_expansion"":{""value"":1.0370751913197263,""score"":2.4716794213150832},""_score"":24.29},""readiness"":{""_distance_atr"":0.651,""BR1_atr_distance"":{""score"":56.60719527805217},""BR2_compression"":{""score"":43.55970689866723},""BR3_retest"":{""score"":50.0},""BR4_bo_age"":{""score"":50.0},""_score"":51.03},""risk"":{""R1_stop_clarity"":{""score"":73.28213220798148},""R2_stop_distance_pct"":{""value"":4.6493197278911484,""score"":100.0},""R3_stop_distance_atr"":{""value"":0.4277424863540649,""score"":46.38712431770324},""R4_rr_potential"":{""value"":3.7310703050698737,""score"":100.0},""_score"":82.61},""market"":{""M1_spy_regime"":{""score"":100.0},""M3_earnings_risk"":{""value"":null,""score"":80.0},""M4_vix"":{""value"":null,""score"":60.0},""_score"":84.0},""liquidity"":{""L1_price"":{""value"":14.7,""score"":100.0},""L2_dollar_vol"":{""value"":118429877.2581456,""score"":100.0},""L3_spread_proxy"":{""value"":0.052380952380952354,""score"":47.61904761904765},""L4_volume_zscore"":{""value"":0.061369743149880716,""score"":100.0},""_score"":94.76},""pattern_structure"":{""left_low"":14.95,""left_idx"":36,""right_low"":14.23,""right_idx"":68,""separation_bars"":32,""structural_low"":14.23,""current_price"":14.805,""neckline_distance_pct"":0.06315433975008447,""base_bars"":32},""pattern_geometry_features"":{""low_similarity_pct"":0.049348869088416646,""bounce_pct"":0.10611384399156709,""right_bottom_reaction"":0.7577319587628869,""atr_pct"":0.10869436345966957},""_schema_version"":""1.0""}",,,,,,,,,,
20260519T210226Z-93bc42,2026-05-19T21:02:26.159542+00:00,WK,inverse_head_shoulders,setup,46.73,5.0,62.0,38.6,60.3,5.5,72.6,35.5,84.0,86.4,0.6,17.37,3.09,8.45,0.77,5.81,2.13,4.2,4.32,False,,49.69,49.0,42.6899,54.66,"{""trend"":{""T1_ema_stack"":{""value"":[false,false,false],""score"":0.0},""T2_ema50_slope"":{""value"":-0.6241363245773661,""score"":0},""T3_high_proximity"":{""value"":0.7656394453004621,""score"":0},""T4_rs_1m"":{""value"":-0.16230935114720302,""score"":0},""T5_rs_3m"":{""value"":-0.21446413417545773,""score"":0},""T6_adr_healthy"":{""value"":5.1820583317002855,""score"":100.0},""_score"":5.0},""geometry"":{""sub_head_depth"":79.3,""sub_shoulder_price_sym"":64.7,""sub_shoulder_time_sym"":16.7,""sub_right_shoulder_reaction"":98.7,""sub_base_context"":30.0,""_score"":62.02},""compression"":{""VC1_atr_ratio"":{""value"":0.653457887043493,""score"":86.63552823912676},""VC2_range_contraction"":{""value"":1.3658789518161534,""score"":0},""VC3_range_pct_rank"":{""score"":15.833333333333332},""_score"":38.61},""sr_quality"":{""SR1_touches"":{""value"":3,""score"":50.0},""SR2_tightness"":{""value"":0.42297228698291517,""score"":73.08046151821772},""SR3_recency"":{""value"":236,""score"":0.0},""SR4_price_location"":{""score"":82.22748545854174},""SR5_reaction"":{""value"":1.8424862881834037,""score"":92.12431440917018},""_score"":60.34,""_levels_found"":7,""_target_level"":51.5517},""volume"":{""V1_rvol_day"":{""value"":0.5507133005644901,""score"":3.3808867042993387},""V2_rvol_sameslot"":{""value"":0.3745409320812108,""score"":0,""status"":""ok""},""V3_breakout_bar"":{""value"":0.7896118930799038,""score"":19.30745953866025},""V4_base_dryup"":{""value"":1.7943407406113787,""score"":0},""V5_bo_expansion"":{""value"":0.5507133005644902,""score"":0},""_score"":5.5},""readiness"":{""_distance_atr"":-0.22,""BR1_atr_distance"":{""score"":100.0},""BR2_compression"":{""score"":60.459970920424375},""BR3_retest"":{""score"":50.0},""BR4_bo_age"":{""score"":50.0},""_score"":72.61},""risk"":{""R1_stop_clarity"":{""score"":58.62520428504199},""R2_stop_distance_pct"":{""value"":14.087542765143885,""score"":0.0},""R3_stop_distance_atr"":{""value"":2.2275627402267077,""score"":100.0},""R4_rr_potential"":{""value"":0.7099898572877532,""score"":0.0},""_score"":35.52},""market"":{""M1_spy_regime"":{""score"":100.0},""M3_earnings_risk"":{""value"":null,""score"":80.0},""M4_vix"":{""value"":null,""score"":60.0},""_score"":84.0},""liquidity"":{""L1_price"":{""value"":49.69,""score"":100.0},""L2_dollar_vol"":{""value"":40952505.3311231,""score"":80.61402377637235},""L3_spread_proxy"":{""value"":0.05886496276916879,""score"":41.13503723083121},""L4_volume_zscore"":{""value"":-1.1509765966703729,""score"":100.0},""_score"":86.36},""pattern_structure"":{""left_shoulder"":46.72,""left_shoulder_idx"":63,""head"":43.34,""head_idx"":75,""right_shoulder"":45.42,""right_shoulder_idx"":82,""left_to_head_bars"":12,""head_to_right_bars"":7,""structural_low"":43.34,""current_price"":50.03,""neckline_distance_pct"":-0.02058764741155309,""base_bars"":19},""pattern_geometry_features"":{""head_depth_pct"":0.05925765140004335,""shoulder_price_asymmetry"":0.02821792923811585,""shoulder_time_asymmetry"":0.4166666666666667,""right_shoulder_reaction"":0.9870967741935509,""atr_pct"":0.0632419572779806},""_schema_version"":""1.0""}",,,,,,,,,,
20260519T210226Z-93bc42,2026-05-19T21:02:26.159542+00:00,GDYN,vcp,absent,46.71,59.5,40.4,43.5,43.3,17.1,34.9,77.7,84.0,73.6,8.92,10.1,5.22,5.19,2.23,2.44,3.88,5.04,3.68,False,,6.48,7.075,5.9543,7.775,"{""trend"":{""T1_ema_stack"":{""value"":[true,true,false],""score"":66.66666666666666},""T2_ema50_slope"":{""value"":0.01003340502688474,""score"":51.67223417114746},""T3_high_proximity"":{""value"":0.9,""score"":49.999999999999986},""T4_rs_1m"":{""value"":0.07051307611433888,""score"":100},""T5_rs_3m"":{""value"":-0.14341101117187016,""score"":0},""T6_adr_healthy"":{""value"":6.703214107480328,""score"":100.0},""_score"":59.5},""geometry"":{""sub_contraction_count"":100.0,""sub_reduction_rate"":0,""sub_pivot_tightness"":0,""sub_volume_dryup"":0,""sub_base_depth"":53.8,""sub_base_duration"":100.0,""_score"":40.38},""compression"":{""VC1_atr_ratio"":{""value"":0.48873925948483143,""score"":100},""VC2_range_contraction"":{""value"":1.2907738517868215,""score"":0},""VC3_range_pct_rank"":{""score"":14.166666666666671},""_score"":43.54},""sr_quality"":{""SR1_touches"":{""value"":2,""score"":25.0},""SR2_tightness"":{""value"":0.0674999999999999,""score"":72.75243642235169},""SR3_recency"":{""value"":231,""score"":0.0},""SR4_price_location"":{""score"":39.40548780487806},""SR5_reaction"":{""value"":2.149530015570036,""score"":100},""_score"":43.26,""_levels_found"":5,""_target_level"":7.1425},""volume"":{""V1_rvol_day"":{""value"":0.7858965256161491,""score"":19.059768374409938},""V2_rvol_sameslot"":{""value"":0.6421288318886292,""score"":9.47525545924195,""status"":""ok""},""V3_breakout_bar"":{""value"":0.8461446497204608,""score"":23.07630998136405},""V4_base_dryup"":{""value"":1.2166606286934383,""score"":28.333937130656167},""V5_bo_expansion"":{""value"":0.7858965256161491,""score"":0},""_score"":17.14},""readiness"":{""_distance_atr"":1.201,""BR1_atr_distance"":{""score"":19.93925763604564},""BR2_compression"":{""score"":37.523557789506874},""BR3_retest"":{""score"":50.0},""BR4_bo_age"":{""score"":50.0},""_score"":34.86},""risk"":{""R1_stop_clarity"":{""score"":63.3974395940257},""R2_stop_distance_pct"":{""value"":8.112268518518526,""score"":97.19328703703684},""R3_stop_distance_atr"":{""value"":1.0609898506429858,""score"":78.04949253214929},""R4_rr_potential"":{""value"":2.463499310410422,""score"":73.1749655205211},""_score"":77.69},""market"":{""M1_spy_regime"":{""score"":100.0},""M3_earnings_risk"":{""value"":null,""score"":80.0},""M4_vix"":{""value"":null,""score"":60.0},""_score"":84.0},""liquidity"":{""L1_price"":{""value"":6.48,""score"":98.24000000000001},""L2_dollar_vol"":{""value"":12092559.60306024,""score"":54.12591183306961},""L3_spread_proxy"":{""value"":0.0763888888888889,""score"":23.6111111111111},""L4_volume_zscore"":{""value"":-0.27307749388595476,""score"":100.0},""_score"":73.57},""pattern_structure"":{""n_contractions"":5,""contractions_pct"":[18.75,6.8,14.3,12.92,14.56],""descending_strict"":false,""final_low"":6.045,""final_pivot"":7.075,""structural_low"":6.045,""dry_up_ratio"":2.392109525368705,""current_price"":6.48,""neckline_distance_pct"":0.09182098765432094,""base_bars"":43},""pattern_geometry_features"":{""contraction_count"":5.0,""first_contraction_pct"":0.1875463306152705,""last_contraction_pct"":0.14558303886925797,""dry_up_ratio"":2.392109525368705,""near_monotone"":0.0,""base_depth_pct"":0.1037805782060786},""_schema_version"":""1.0""}",,,,,,,,,,
20260519T210226Z-93bc42,2026-05-19T21:02:26.159542+00:00,MA,double_bottom,forming,46.71,23.5,52.2,43.8,53.3,22.6,43.5,47.5,84.0,97.1,3.53,13.06,3.51,7.46,2.94,3.48,2.85,5.04,4.86,True,risk_unclear,499.7,506.31,482.3841,522.89,"{""trend"":{""T1_ema_stack"":{""value"":[false,false,false],""score"":0.0},""T2_ema50_slope"":{""value"":-0.0804484534831855,""score"":36.59192441946908},""T3_high_proximity"":{""value"":0.9492600824452423,""score"":74.63004122262113},""T4_rs_1m"":{""value"":-0.06809648158690595,""score"":0},""T5_rs_3m"":{""value"":-0.12268793183444948,""score"":0},""T6_adr_healthy"":{""value"":2.1720891809450493,""score"":100.0},""_score"":23.51},""geometry"":{""sub_low_similarity"":95.0,""sub_bounce_quality"":5.5,""sub_separation_fit"":13.3,""sub_right_bottom_reaction"":97.6,""sub_base_context"":30.0,""_score"":52.23},""compression"":{""VC1_atr_ratio"":{""value"":0.4920020095052263,""score"":100},""VC2_range_contraction"":{""value"":0.9948323880187291,""score"":0.8612686635451524},""VC3_range_pct_rank"":{""score"":14.166666666666671},""_score"":43.84},""sr_quality"":{""SR1_touches"":{""value"":3,""score"":50.0},""SR2_tightness"":{""value"":1.7563519642207965,""score"":72.05762414775315},""SR3_recency"":{""value"":228,""score"":0.0},""SR4_price_location"":{""score"":60.36087805999294},""SR5_reaction"":{""value"":1.6488690552625602,""score"":82.44345276312801},""_score"":53.27,""_levels_found"":6,""_target_level"":505.4483},""volume"":{""V1_rvol_day"":{""value"":0.8440606156647981,""score"":22.937374377653207},""V2_rvol_sameslot"":{""value"":0.5918160261631121,""score"":6.121068410874142,""status"":""ok""},""V3_breakout_bar"":{""value"":0.7842189458537645,""score"":18.947929723584302},""V4_base_dryup"":{""value"":0.8958364768387983,""score"":60.41635231612017},""V5_bo_expansion"":{""value"":0.8440606156647982,""score"":0},""_score"":22.63},""readiness"":{""_distance_atr"":0.526,""BR1_atr_distance"":{""score"":64.94645186046301},""BR2_compression"":{""score"":0},""BR3_retest"":{""score"":50.0},""BR4_bo_age"":{""score"":50.0},""_score"":43.48},""risk"":{""R1_stop_clarity"":{""score"":0},""R2_stop_distance_pct"":{""value"":3.4652691614968956,""score"":100.0},""R3_stop_distance_atr"":{""value"":1.3774254619670505,""score"":93.87127309835253},""R4_rr_potential"":{""value"":1.339227706247709,""score"":16.961385312385445},""_score"":47.47},""market"":{""M1_spy_regime"":{""score"":100.0},""M3_earnings_risk"":{""value"":null,""score"":80.0},""M4_vix"":{""value"":null,""score"":60.0},""_score"":84.0},""liquidity"":{""L1_price"":{""value"":499.7,""score"":100.0},""L2_dollar_vol"":{""value"":1607148563.537542,""score"":100.0},""L3_spread_proxy"":{""value"":0.02881729037422449,""score"":71.18270962577552},""L4_volume_zscore"":{""value"":-0.5589516817278573,""score"":100.0},""_score"":97.12},""pattern_structure"":{""left_low"":489.73,""left_idx"":25,""right_low"":490.95,""right_idx"":68,""separation_bars"":43,""structural_low"":489.73,""current_price"":500.04,""neckline_distance_pct"":0.012538996880249544,""base_bars"":43},""pattern_geometry_features"":{""low_similarity_pct"":0.0024880695027939192,""bounce_pct"":0.03385538970453104,""right_bottom_reaction"":0.9759562841530026,""atr_pct"":0.025157580262443184},""_schema_version"":""1.0""}",,,,,,,,,,
20260519T210226Z-93bc42,2026-05-19T21:02:26.159542+00:00,AMPL,double_bottom,forming,46.66,8.3,59.9,28.9,62.0,14.9,57.0,67.3,84.0,77.7,1.24,14.96,2.31,8.68,1.94,4.56,4.04,5.04,3.88,False,,6.36,6.495,5.91,6.99,"{""trend"":{""T1_ema_stack"":{""value"":[false,false,false],""score"":0.0},""T2_ema50_slope"":{""value"":-0.20142126593703252,""score"":16.42978901049458},""T3_high_proximity"":{""value"":0.7910447761194032,""score"":0},""T4_rs_1m"":{""value"":-0.13698388692146835,""score"":0},""T5_rs_3m"":{""value"":-0.18333142501986066,""score"":0},""T6_adr_healthy"":{""value"":5.878544665869575,""score"":100.0},""_score"":8.29},""geometry"":{""sub_low_similarity"":39.3,""sub_bounce_quality"":75.0,""sub_separation_fit"":100.0,""sub_right_bottom_reaction"":80.4,""sub_base_context"":30.0,""_score"":59.85},""compression"":{""VC1_atr_ratio"":{""value"":0.7776490279387147,""score"":55.58774301532132},""VC2_range_contraction"":{""value"":1.1460547493952802,""score"":0},""VC3_range_pct_rank"":{""score"":26.66666666666667},""_score"":28.9},""sr_quality"":{""SR1_touches"":{""value"":3,""score"":50.0},""SR2_tightness"":{""value"":0.06416125518306694,""score"":76.25227831955222},""SR3_recency"":{""value"":241,""score"":0.0},""SR4_price_location"":{""score"":92.37536656891501},""SR5_reaction"":{""value"":1.6655651024454725,""score"":83.27825512227362},""_score"":62.02,""_levels_found"":6,""_target_level"":6.425},""volume"":{""V1_rvol_day"":{""value"":1.0674653744643972,""score"":37.83102496429314},""V2_rvol_sameslot"":{""value"":0.7338547989678454,""score"":15.590319931189697,""status"":""ok""},""V3_breakout_bar"":{""value"":0.5984804709698778,""score"":6.565364731325185},""V4_base_dryup"":{""value"":1.4047000083155115,""score"":9.529999168448853},""V5_bo_expansion"":{""value"":1.067465374464397,""score"":4.497691630959796},""_score"":14.91},""readiness"":{""_distance_atr"":0.25,""BR1_atr_distance"":{""score"":83.3443489755453},""BR2_compression"":{""score"":24.600964618422946},""BR3_retest"":{""score"":50.0},""BR4_bo_age"":{""score"":50.0},""_score"":56.99},""risk"":{""R1_stop_clarity"":{""score"":66.6886979510906},""R2_stop_distance_pct"":{""value"":7.07547169811321,""score"":100.0},""R3_stop_distance_atr"":{""value"":0.8327825512227368,""score"":66.63912756113683},""R4_rr_potential"":{""value"":1.3999999999999992,""score"":19.99999999999996},""_score"":67.34},""market"":{""M1_spy_regime"":{""score"":100.0},""M3_earnings_risk"":{""value"":null,""score"":80.0},""M4_vix"":{""value"":null,""score"":60.0},""_score"":84.0},""liquidity"":{""L1_price"":{""value"":6.36,""score"":98.18},""L2_dollar_vol"":{""value"":16791488.51217468,""score"":61.25445983361439},""L3_spread_proxy"":{""value"":0.06367924528301891,""score"":36.32075471698109},""L4_volume_zscore"":{""value"":0.10112947098325488,""score"":100.0},""_score"":77.68},""pattern_structure"":{""left_low"":6.185,""left_idx"":43,""right_low"":6.0,""right_idx"":68,""separation_bars"":25,""structural_low"":6.0,""current_price"":6.335,""neckline_distance_pct"":0.025256511444356772,""base_bars"":25},""pattern_geometry_features"":{""low_similarity_pct"":0.03036520311858837,""bounce_pct"":0.08250000000000002,""right_bottom_reaction"":0.8043478260869567,""atr_pct"":0.08496181491464508},""_schema_version"":""1.0""}",,,,,,,,,,
20260519T210226Z-93bc42,2026-05-19T21:02:26.159542+00:00,PEGA,double_bottom,forming,46.6,5.0,52.3,55.6,53.3,31.6,39.0,71.0,84.0,87.0,0.75,13.08,4.45,7.46,4.1,3.12,4.26,5.04,4.35,False,,33.5,35.05,32.7414,36.86,"{""trend"":{""T1_ema_stack"":{""value"":[false,false,false],""score"":0.0},""T2_ema50_slope"":{""value"":-0.696219381464778,""score"":0},""T3_high_proximity"":{""value"":0.7082452431289641,""score"":0},""T4_rs_1m"":{""value"":-0.2704487890188292,""score"":0},""T5_rs_3m"":{""value"":-0.31934911067308525,""score"":0},""T6_adr_healthy"":{""value"":5.123831314936585,""score"":100.0},""_score"":5.0},""geometry"":{""sub_low_similarity"":54.5,""sub_bounce_quality"":34.9,""sub_separation_fit"":100.0,""sub_right_bottom_reaction"":53.2,""sub_base_context"":30.0,""_score"":52.31},""compression"":{""VC1_atr_ratio"":{""value"":0.35246774141458237,""score"":100},""VC2_range_contraction"":{""value"":0.7857409146285285,""score"":35.70984756191192},""VC3_range_pct_rank"":{""score"":12.5},""_score"":55.62},""sr_quality"":{""SR1_touches"":{""value"":2,""score"":25.0},""SR2_tightness"":{""value"":0.2375000000000007,""score"":71.06808788340214},""SR3_recency"":{""value"":237,""score"":0.0},""SR4_price_location"":{""score"":80.40243637154657},""SR5_reaction"":{""value"":2.1790298020448113,""score"":100},""_score"":53.26,""_levels_found"":6,""_target_level"":34.5725},""volume"":{""V1_rvol_day"":{""value"":0.6481069329808488,""score"":9.873795532056583},""V2_rvol_sameslot"":{""value"":0.6308487890864449,""score"":8.723252605762994,""status"":""ok""},""V3_breakout_bar"":{""value"":1.2529108639062634,""score"":50.1940575937509},""V4_base_dryup"":{""value"":0.7359715797973231,""score"":76.40284202026768},""V5_bo_expansion"":{""value"":0.6481069329808488,""score"":0},""_score"":31.55},""readiness"":{""_distance_atr"":0.944,""BR1_atr_distance"":{""score"":37.06040171126111},""BR2_compression"":{""score"":26.71886431525744},""BR3_retest"":{""score"":50.0},""BR4_bo_age"":{""score"":50.0},""_score"":39.0},""risk"":{""R1_stop_clarity"":{""score"":39.26125734174424},""R2_stop_distance_pct"":{""value"":2.2644776119403023,""score"":100.0},""R3_stop_distance_atr"":{""value"":0.4620578638242338,""score"":48.10289319121169},""R4_rr_potential"":{""value"":4.429211705773776,""score"":100.0},""_score"":70.96},""market"":{""M1_spy_regime"":{""score"":100.0},""M3_earnings_risk"":{""value"":null,""score"":80.0},""M4_vix"":{""value"":null,""score"":60.0},""_score"":84.0},""liquidity"":{""L1_price"":{""value"":33.5,""score"":100.0},""L2_dollar_vol"":{""value"":51084357.5281115,""score"":85.41439678831759},""L3_spread_proxy"":{""value"":0.07149253731343293,""score"":28.507462686567067},""L4_volume_zscore"":{""value"":-0.7674481066249624,""score"":100.0},""_score"":87.02},""pattern_structure"":{""left_low"":34.005,""left_idx"":43,""right_low"":33.24,""right_idx"":60,""separation_bars"":17,""structural_low"":33.24,""current_price"":33.415,""neckline_distance_pct"":0.048930121203052464,""base_bars"":17},""pattern_geometry_features"":{""low_similarity_pct"":0.022752621012714715,""bounce_pct"":0.0544524669073404,""right_bottom_reaction"":0.5322580645161346,""atr_pct"":0.0490085287846482},""_schema_version"":""1.0""}",,,,,,,,,,
20260519T210226Z-93bc42,2026-05-19T21:02:26.159542+00:00,GDYN,high_tight_pullback,absent,46.59,59.5,40.5,43.5,43.3,30.8,41.0,74.0,84.0,73.6,7.14,14.17,4.35,3.46,4.31,3.69,0.74,5.04,3.68,False,,6.48,6.96,6.3729,7.875,"{""trend"":{""T1_ema_stack"":{""value"":[true,true,false],""score"":66.66666666666666},""T2_ema50_slope"":{""value"":0.01003340502688474,""score"":51.67223417114746},""T3_high_proximity"":{""value"":0.9,""score"":49.999999999999986},""T4_rs_1m"":{""value"":0.07051307611433888,""score"":100},""T5_rs_3m"":{""value"":-0.14341101117187016,""score"":0},""T6_adr_healthy"":{""value"":6.703214107480328,""score"":100.0},""_score"":59.5},""geometry"":{""sub_pole_impulse"":24.5,""sub_flag_tightness"":43.0,""sub_flag_shallowness"":7.0,""sub_flag_drift"":73.3,""sub_flag_duration"":100.0,""_score"":40.49},""compression"":{""VC1_atr_ratio"":{""value"":0.48873925948483143,""score"":100},""VC2_range_contraction"":{""value"":1.2907738517868215,""score"":0},""VC3_range_pct_rank"":{""score"":14.166666666666671},""_score"":43.54},""sr_quality"":{""SR1_touches"":{""value"":2,""score"":25.0},""SR2_tightness"":{""value"":0.0674999999999999,""score"":72.75243642235169},""SR3_recency"":{""value"":231,""score"":0.0},""SR4_price_location"":{""score"":39.40548780487806},""SR5_reaction"":{""value"":2.149530015570036,""score"":100},""_score"":43.26,""_levels_found"":5,""_target_level"":7.1425},""volume"":{""V1_rvol_day"":{""value"":0.7858965256161491,""score"":19.059768374409938},""V2_rvol_sameslot"":{""value"":0.6421288318886292,""score"":9.47525545924195,""status"":""ok""},""V3_breakout_bar"":{""value"":0.8461446497204608,""score"":23.07630998136405},""V4_base_dryup"":{""value"":0.5349460328117229,""score"":96.50539671882771},""V5_bo_expansion"":{""value"":0.7858965256161491,""score"":0},""_score"":30.78},""readiness"":{""_distance_atr"":0.969,""BR1_atr_distance"":{""score"":35.413182630759536},""BR2_compression"":{""score"":37.523557789506874},""BR3_retest"":{""score"":50.0},""BR4_bo_age"":{""score"":50.0},""_score"":41.05},""risk"":{""R1_stop_clarity"":{""score"":60.82405858946993},""R2_stop_distance_pct"":{""value"":1.6520061728395212,""score"":91.30015432098804},""R3_stop_distance_atr"":{""value"":0.2160630874805394,""score"":35.80315437402697},""R4_rr_potential"":{""value"":13.031293787949433,""score"":100.0},""_score"":74.05},""market"":{""M1_spy_regime"":{""score"":100.0},""M3_earnings_risk"":{""value"":null,""score"":80.0},""M4_vix"":{""value"":null,""score"":60.0},""_score"":84.0},""liquidity"":{""L1_price"":{""value"":6.48,""score"":98.24000000000001},""L2_dollar_vol"":{""value"":12092559.60306024,""score"":54.12591183306961},""L3_spread_proxy"":{""value"":0.0763888888888889,""score"":23.6111111111111},""L4_volume_zscore"":{""value"":-0.27307749388595476,""score"":100.0},""_score"":73.57},""pattern_structure"":{""pole_low"":6.045,""pole_low_idx"":33,""peak_price"":6.96,""peak_idx"":54,""pole_gain"":0.1513647642679901,""flag_bars"":5,""flag_low"":6.47,""flag_high"":6.83,""structural_low"":6.47,""current_price"":6.509,""neckline_distance_pct"":0.06928867721616218,""base_bars"":5},""pattern_geometry_features"":{""pole_gain"":0.1513647642679901,""pullback_pct"":0.07040229885057474,""flag_range_pct"":0.05172413793103453,""flag_drift_per_bar"":-0.005331080043017439,""atr_pct"":0.0764594356261023,""pole_atr_multiple"":1.979674098147751},""_schema_version"":""1.0""}",,,,,,,,,,
20260519T210226Z-93bc42,2026-05-19T21:02:26.159542+00:00,WAY,bull_flag,absent,46.56,5.0,49.7,47.4,56.8,37.1,44.4,76.6,84.0,89.7,0.7,14.9,4.27,5.68,5.2,4.0,2.3,5.04,4.49,False,,19.6,20.39,19.173,22.76,"{""trend"":{""T1_ema_stack"":{""value"":[false,false,false],""score"":0.0},""T2_ema50_slope"":{""value"":-0.6376539587394522,""score"":0},""T3_high_proximity"":{""value"":0.727812848124768,""score"":0},""T4_rs_1m"":{""value"":-0.3014814089566358,""score"":0},""T5_rs_3m"":{""value"":-0.2977754346272028,""score"":0},""T6_adr_healthy"":{""value"":5.2930245998992556,""score"":100.0},""_score"":5.0},""geometry"":{""sub_pole_impulse"":20.6,""sub_flag_tightness"":52.8,""sub_flag_shallowness"":31.0,""sub_flag_drift"":93.9,""sub_flag_duration"":100.0,""_score"":49.66},""compression"":{""VC1_atr_ratio"":{""value"":0.6191157012061232,""score"":95.22107469846918},""VC2_range_contraction"":{""value"":0.9081743200055652,""score"":15.304279999072467},""VC3_range_pct_rank"":{""score"":15.833333333333332},""_score"":47.4},""sr_quality"":{""SR1_touches"":{""value"":3,""score"":50.0},""SR2_tightness"":{""value"":0.22547480765905803,""score"":68.10033492603431},""SR3_recency"":{""value"":230,""score"":0.0},""SR4_price_location"":{""score"":66.43440738513775},""SR5_reaction"":{""value"":3.3506643558636635,""score"":100},""_score"":56.82,""_levels_found"":6,""_target_level"":21.1817},""volume"":{""V1_rvol_day"":{""value"":1.0895454334965815,""score"":39.3030288997721},""V2_rvol_sameslot"":{""value"":1.0386298106518146,""score"":35.908654043454305,""status"":""ok""},""V3_breakout_bar"":{""value"":1.3500684927957225,""score"":56.67123285304817},""V4_base_dryup"":{""value"":1.1485595090781124,""score"":35.14404909218875},""V5_bo_expansion"":{""value"":1.0895454334965815,""score"":5.969695566438768},""_score"":37.13},""readiness"":{""_distance_atr"":0.559,""BR1_atr_distance"":{""score"":62.744196465414625},""BR2_compression"":{""score"":7.194194520021051},""BR3_retest"":{""score"":50.0},""BR4_bo_age"":{""score"":50.0},""_score"":44.4},""risk"":{""R1_stop_clarity"":{""score"":58.692038340466056},""R2_stop_distance_pct"":{""value"":2.1784438775510324,""score"":100.0},""R3_stop_distance_atr"":{""value"":0.3020372793831588,""score"":40.10186396915793},""R4_rr_potential"":{""value"":7.400901692136502,""score"":100.0},""_score"":76.56},""market"":{""M1_spy_regime"":{""score"":100.0},""M3_earnings_risk"":{""value"":null,""score"":80.0},""M4_vix"":{""value"":null,""score"":60.0},""_score"":84.0},""liquidity"":{""L1_price"":{""value"":19.6,""score"":100.0},""L2_dollar_vol"":{""value"":60189740.3331644,""score"":88.97612348612896},""L3_spread_proxy"":{""value"":0.05892857142857148,""score"":41.07142857142852},""L4_volume_zscore"":{""value"":0.17286843040429908,""score"":100.0},""_score"":89.7},""pattern_structure"":{""pole_low"":18.02,""pole_low_idx"":48,""peak_price"":20.39,""peak_idx"":54,""pole_gain"":0.1315205327413985,""flag_bars"":5,""flag_low"":19.465,""flag_high"":20.225,""structural_low"":19.465,""current_price"":19.725,""neckline_distance_pct"":0.03371356147021542,""base_bars"":5},""pattern_geometry_features"":{""pole_gain"":0.1315205327413985,""pullback_pct"":0.04536537518391372,""flag_range_pct"":0.03727317312408051,""flag_drift_per_bar"":-0.0012167300380228816,""atr_pct"":0.07212499999999998,""pole_atr_multiple"":1.823508252913671},""_schema_version"":""1.0""}",,,,,,,,,,
20260519T210226Z-93bc42,2026-05-19T21:02:26.159542+00:00,CNR,double_bottom,absent,46.42,14.6,45.0,64.8,66.8,19.5,26.4,70.7,84.0,90.1,2.19,11.26,5.19,9.35,2.53,2.11,4.24,5.04,4.51,False,,83.83,90.54,81.3019,98.54,"{""trend"":{""T1_ema_stack"":{""value"":[false,false,true],""score"":33.33333333333333},""T2_ema50_slope"":{""value"":-0.26268746210751065,""score"":6.218756315414893},""T3_high_proximity"":{""value"":0.7403514969531042,""score"":0},""T4_rs_1m"":{""value"":-0.05298290182893728,""score"":0},""T5_rs_3m"":{""value"":-0.12679166379263074,""score"":0},""T6_adr_healthy"":{""value"":3.858217713522373,""score"":100.0},""_score"":14.58},""geometry"":{""sub_low_similarity"":52.8,""sub_bounce_quality"":95.6,""sub_separation_fit"":0.0,""sub_right_bottom_reaction"":27.2,""sub_base_context"":30.0,""_score"":45.04},""compression"":{""VC1_atr_ratio"":{""value"":0.32019403471334157,""score"":100},""VC2_range_contraction"":{""value"":0.9817194327585658,""score"":3.0467612069057055},""VC3_range_pct_rank"":{""score"":95.0},""_score"":64.82},""sr_quality"":{""SR1_touches"":{""value"":9,""score"":100},""SR2_tightness"":{""value"":0.9984964004584088,""score"":46.63810201203318},""SR3_recency"":{""value"":225,""score"":0.0},""SR4_price_location"":{""score"":59.316733537880765},""SR5_reaction"":{""value"":2.2864377556798305,""score"":100},""_score"":66.82,""_levels_found"":5,""_target_level"":85.3622},""volume"":{""V1_rvol_day"":{""value"":0.6795680807334918,""score"":11.97120538223279},""V2_rvol_sameslot"":{""value"":0.5552999324994807,""score"":3.6866621666320487,""status"":""ok""},""V3_breakout_bar"":{""value"":1.0445361998771774,""score"":36.30241332514516},""V4_base_dryup"":{""value"":1.1369278428021372,""score"":36.30721571978628},""V5_bo_expansion"":{""value"":0.6795680807334918,""score"":0},""_score"":19.47},""readiness"":{""_distance_atr"":1.793,""BR1_atr_distance"":{""score"":0},""BR2_compression"":{""score"":35.70487384874584},""BR3_retest"":{""score"":50.0},""BR4_bo_age"":{""score"":50.0},""_score"":26.43},""risk"":{""R1_stop_clarity"":{""score"":33.833145649227774},""R2_stop_distance_pct"":{""value"":3.01574615292854,""score"":100.0},""R3_stop_distance_atr"":{""value"":0.6755368083522596,""score"":58.77684041761297},""R4_rr_potential"":{""value"":5.8185989478264455,""score"":100.0},""_score"":70.66},""market"":{""M1_spy_regime"":{""score"":100.0},""M3_earnings_risk"":{""value"":null,""score"":80.0},""M4_vix"":{""value"":null,""score"":60.0},""_score"":84.0},""liquidity"":{""L1_price"":{""value"":83.83,""score"":100.0},""L2_dollar_vol"":{""value"":42631340.073298246,""score"":81.48644922359706},""L3_spread_proxy"":{""value"":0.024692830728855936,""score"":75.30716927114406},""L4_volume_zscore"":{""value"":-1.3591785373248013,""score"":100.0},""_score"":90.13},""pattern_structure"":{""left_low"":84.51,""left_idx"":26,""right_low"":82.54,""right_idx"":72,""separation_bars"":46,""structural_low"":82.54,""current_price"":83.23,""neckline_distance_pct"":0.08782890784572872,""base_bars"":46},""pattern_geometry_features"":{""low_similarity_pct"":0.02358575276863213,""bounce_pct"":0.0969227041434456,""right_bottom_reaction"":0.27169811320754905,""atr_pct"":0.044642218094442826},""_schema_version"":""1.0""}",,,,,,,,,,
20260519T210226Z-93bc42,2026-05-19T21:02:26.159542+00:00,EXLS,bull_flag,forming,46.35,16.2,58.0,34.1,48.3,28.6,34.4,64.3,84.0,94.5,2.26,17.39,3.07,4.83,4.0,3.1,1.93,5.04,4.73,False,,28.97,30.42,28.506,34.0,"{""trend"":{""T1_ema_stack"":{""value"":[false,false,false],""score"":0.0},""T2_ema50_slope"":{""value"":-0.16744618921934043,""score"":22.092301796776592},""T3_high_proximity"":{""value"":0.890015360983103,""score"":45.00768049155146},""T4_rs_1m"":{""value"":-0.12428268235905504,""score"":0},""T5_rs_3m"":{""value"":-0.1315848438117223,""score"":0},""T6_adr_healthy"":{""value"":4.091865830996517,""score"":100.0},""_score"":16.17},""geometry"":{""sub_pole_impulse"":52.1,""sub_flag_tightness"":55.2,""sub_flag_shallowness"":27.1,""sub_flag_drift"":87.5,""sub_flag_duration"":100.0,""_score"":57.98},""compression"":{""VC1_atr_ratio"":{""value"":0.6816155724046143,""score"":79.59610689884641},""VC2_range_contraction"":{""value"":1.2503308501846777,""score"":0},""VC3_range_pct_rank"":{""score"":9.166666666666668},""_score"":34.13},""sr_quality"":{""SR1_touches"":{""value"":4,""score"":75.0},""SR2_tightness"":{""value"":0.20141297748655612,""score"":67.8464986480597},""SR3_recency"":{""value"":252,""score"":0.0},""SR4_price_location"":{""score"":2.465331278890691},""SR5_reaction"":{""value"":2.0839562131189595,""score"":100},""_score"":48.29,""_levels_found"":6,""_target_level"":31.3438},""volume"":{""V1_rvol_day"":{""value"":1.2929596082525534,""score"":52.863973883503554},""V2_rvol_sameslot"":{""value"":0.9589318207148007,""score"":30.59545471432004,""status"":""ok""},""V3_breakout_bar"":{""value"":0.993071644210446,""score"":32.871442947363064},""V4_base_dryup"":{""value"":1.4622118843344774,""score"":3.778811566552264},""V5_bo_expansion"":{""value"":1.2929596082525534,""score"":19.53064055017023},""_score"":28.6},""readiness"":{""_distance_atr"":1.157,""BR1_atr_distance"":{""score"":22.840825945247275},""BR2_compression"":{""score"":31.136852787498725},""BR3_retest"":{""score"":50.0},""BR4_bo_age"":{""score"":50.0},""_score"":34.42},""risk"":{""R1_stop_clarity"":{""score"":30.700179594629205},""R2_stop_distance_pct"":{""value"":1.6016620642043438,""score"":90.0415516051086},""R3_stop_distance_atr"":{""value"":0.3703652327603395,""score"":43.51826163801697},""R4_rr_potential"":{""value"":10.840482196717076,""score"":100.0},""_score"":64.29},""market"":{""M1_spy_regime"":{""score"":100.0},""M3_earnings_risk"":{""value"":null,""score"":80.0},""M4_vix"":{""value"":null,""score"":60.0},""_score"":84.0},""liquidity"":{""L1_price"":{""value"":28.97,""score"":100.0},""L2_dollar_vol"":{""value"":101946373.17620307,""score"":100.0},""L3_spread_proxy"":{""value"":0.054884363134276956,""score"":45.11563686572305},""L4_volume_zscore"":{""value"":0.987335348521202,""score"":100.0},""_score"":94.51},""pattern_structure"":{""pole_low"":26.84,""pole_low_idx"":33,""peak_price"":30.42,""peak_idx"":54,""pole_gain"":0.13338301043219083,""flag_bars"":5,""flag_low"":28.9401,""flag_high"":30.03,""structural_low"":28.9401,""current_price"":29.19,""neckline_distance_pct"":0.04213771839671122,""base_bars"":5},""pattern_geometry_features"":{""pole_gain"":0.13338301043219083,""pullback_pct"":0.04864891518737675,""flag_range_pct"":0.03582840236686391,""flag_drift_per_bar"":-0.0025008564576910856,""atr_pct"":0.04324547561516842,""pole_atr_multiple"":3.0843228923907713},""_schema_version"":""1.0""}",,,,,,,,,,
20260519T210226Z-93bc42,2026-05-19T21:02:26.159542+00:00,ADSK,vcp,absent,46.33,40.2,37.3,53.7,55.7,29.8,27.7,43.1,84.0,96.7,6.03,9.33,6.45,6.68,3.87,1.94,2.16,5.04,4.83,True,risk_unclear,244.16,255.135,221.8959,262.07,"{""trend"":{""T1_ema_stack"":{""value"":[true,false,false],""score"":33.33333333333333},""T2_ema50_slope"":{""value"":-0.044035044417795544,""score"":42.66082593036741},""T3_high_proximity"":{""value"":0.9244282901711343,""score"":62.21414508556711},""T4_rs_1m"":{""value"":-0.03997691753164756,""score"":10.023082468352442},""T5_rs_3m"":{""value"":-0.006358691157941632,""score"":46.82065442102918},""T6_adr_healthy"":{""value"":3.151669842110858,""score"":100.0},""_score"":40.23},""geometry"":{""sub_contraction_count"":100.0,""sub_reduction_rate"":0,""sub_pivot_tightness"":0,""sub_volume_dryup"":15.5,""sub_base_depth"":0.0,""sub_base_duration"":100.0,""_score"":37.33},""compression"":{""VC1_atr_ratio"":{""value"":0.5373662948327245,""score"":100},""VC2_range_contraction"":{""value"":0.9185241392808343,""score"":13.57931011986095},""VC3_range_pct_rank"":{""score"":35.83333333333333},""_score"":53.71},""sr_quality"":{""SR1_touches"":{""value"":2,""score"":25.0},""SR2_tightness"":{""value"":1.1599999999999966,""score"":72.07522837184317},""SR3_recency"":{""value"":252,""score"":0.0},""SR4_price_location"":{""score"":89.40366162359445},""SR5_reaction"":{""value"":3.7198925308973707,""score"":100},""_score"":55.66,""_levels_found"":5,""_target_level"":245.96},""volume"":{""V1_rvol_day"":{""value"":1.1010604197919824,""score"":40.07069465279883},""V2_rvol_sameslot"":{""value"":0.9150009939141847,""score"":27.66673292761231,""status"":""ok""},""V3_breakout_bar"":{""value"":0.8241695691151535,""score"":21.6113046076769},""V4_base_dryup"":{""value"":1.0100060668581348,""score"":48.99939331418652},""V5_bo_expansion"":{""value"":1.1010604197919824,""score"":6.737361319465496},""_score"":29.76},""readiness"":{""_distance_atr"":1.321,""BR1_atr_distance"":{""score"":11.932652695683316},""BR2_compression"":{""score"":21.70733643803824},""BR3_retest"":{""score"":50.0},""BR4_bo_age"":{""score"":50.0},""_score"":27.7},""risk"":{""R1_stop_clarity"":{""score"":18.65405695862397},""R2_stop_distance_pct"":{""value"":9.118661942988208,""score"":72.0334514252948},""R3_stop_distance_atr"":{""value"":2.679830198817842,""score"":100.0},""R4_rr_potential"":{""value"":0.804433140758956,""score"":0.0},""_score"":43.14},""market"":{""M1_spy_regime"":{""score"":100.0},""M3_earnings_risk"":{""value"":null,""score"":80.0},""M4_vix"":{""value"":null,""score"":60.0},""_score"":84.0},""liquidity"":{""L1_price"":{""value"":244.16,""score"":100.0},""L2_dollar_vol"":{""value"":483424353.56164545,""score"":100.0},""L3_spread_proxy"":{""value"":0.03337975098296202,""score"":66.62024901703799},""L4_volume_zscore"":{""value"":0.5831351250068759,""score"":100.0},""_score"":96.66},""pattern_structure"":{""n_contractions"":5,""contractions_pct"":[7.41,11.62,12.54,9.53,11.7],""descending_strict"":false,""final_low"":225.275,""final_pivot"":255.135,""structural_low"":225.275,""dry_up_ratio"":0.9227426780549505,""current_price"":244.16,""neckline_distance_pct"":0.04495003276539972,""base_bars"":57},""pattern_geometry_features"":{""contraction_count"":5.0,""first_contraction_pct"":0.074070884113518,""last_contraction_pct"":0.11703607893860107,""dry_up_ratio"":0.9227426780549505,""near_monotone"":0.0,""base_depth_pct"":0.02986520821670041},""_schema_version"":""1.0""}",,,,,,,,,,
20260519T210226Z-93bc42,2026-05-19T21:02:26.159542+00:00,ICE,double_bottom,absent,46.27,22.3,36.5,61.0,53.5,44.6,26.5,59.5,84.0,97.8,3.35,9.13,4.88,7.5,5.8,2.12,3.57,5.04,4.89,True,risk_unclear,154.11,158.9025,150.0687,165.451,"{""trend"":{""T1_ema_stack"":{""value"":[false,false,false],""score"":0.0},""T2_ema50_slope"":{""value"":-0.10013062441536984,""score"":33.31156259743836},""T3_high_proximity"":{""value"":0.9184695154657609,""score"":59.23475773288045},""T4_rs_1m"":{""value"":-0.0757596771027581,""score"":0},""T5_rs_3m"":{""value"":-0.07608450817554313,""score"":11.957745912228432},""T6_adr_healthy"":{""value"":2.3479796117440492,""score"":100.0},""_score"":22.34},""geometry"":{""sub_low_similarity"":58.9,""sub_bounce_quality"":18.5,""sub_separation_fit"":0.0,""sub_right_bottom_reaction"":61.0,""sub_base_context"":30.0,""_score"":36.52},""compression"":{""VC1_atr_ratio"":{""value"":0.4137224517318308,""score"":100},""VC2_range_contraction"":{""value"":0.8151090412971131,""score"":30.815159783814476},""VC3_range_pct_rank"":{""score"":40.833333333333336},""_score"":60.99},""sr_quality"":{""SR1_touches"":{""value"":3,""score"":50.0},""SR2_tightness"":{""value"":0.27307915010528006,""score"":86.24179955817408},""SR3_recency"":{""value"":241,""score"":0.0},""SR4_price_location"":{""score"":54.924511780159435},""SR5_reaction"":{""value"":1.584706985247152,""score"":79.2353492623576},""_score"":53.55,""_levels_found"":7,""_target_level"":155.3883},""volume"":{""V1_rvol_day"":{""value"":1.1176625518171188,""score"":41.17750345447459},""V2_rvol_sameslot"":{""value"":1.174209034564706,""score"":44.9472689709804,""status"":""ok""},""V3_breakout_bar"":{""value"":1.175559116651795,""score"":45.03727444345299},""V4_base_dryup"":{""value"":0.7532314350096807,""score"":74.67685649903193},""V5_bo_expansion"":{""value"":1.117662551817119,""score"":7.8441701211412695},""_score"":44.6},""readiness"":{""_distance_atr"":1.207,""BR1_atr_distance"":{""score"":19.515183794356318},""BR2_compression"":{""score"":4.687872991343656},""BR3_retest"":{""score"":50.0},""BR4_bo_age"":{""score"":50.0},""_score"":26.48},""risk"":{""R1_stop_clarity"":{""score"":0},""R2_stop_distance_pct"":{""value"":2.622354162611128,""score"":100.0},""R3_stop_distance_atr"":{""value"":1.0180409783412563,""score"":75.90204891706281},""R4_rr_potential"":{""value"":2.8062682644983807,""score"":90.31341322491903},""_score"":59.45},""market"":{""M1_spy_regime"":{""score"":100.0},""M3_earnings_risk"":{""value"":null,""score"":80.0},""M4_vix"":{""value"":null,""score"":60.0},""_score"":84.0},""liquidity"":{""L1_price"":{""value"":154.11,""score"":100.0},""L2_dollar_vol"":{""value"":537181866.7027504,""score"":100.0},""L3_spread_proxy"":{""value"":0.021478164947115526,""score"":78.52183505288447},""L4_volume_zscore"":{""value"":0.4052943426432709,""score"":100.0},""_score"":97.85},""pattern_structure"":{""left_low"":152.354,""left_idx"":26,""right_low"":155.52,""right_idx"":74,""separation_bars"":48,""structural_low"":152.354,""current_price"":155.09,""neckline_distance_pct"":0.02458250048359017,""base_bars"":48},""pattern_geometry_features"":{""low_similarity_pct"":0.020566855271961886,""bounce_pct"":0.042982133714900755,""right_bottom_reaction"":0.6096256684491983,""atr_pct"":0.025758827182810043},""_schema_version"":""1.0""}",,,,,,,,,,
20260519T210226Z-93bc42,2026-05-19T21:02:26.159542+00:00,CNR,ascending_triangle,absent,46.27,14.6,38.3,64.8,66.8,27.1,39.1,72.0,84.0,90.1,2.19,10.73,5.19,9.35,3.26,3.12,2.88,5.04,4.51,False,,83.83,87.67,80.5336,93.58,"{""trend"":{""T1_ema_stack"":{""value"":[false,false,true],""score"":33.33333333333333},""T2_ema50_slope"":{""value"":-0.26268746210751065,""score"":6.218756315414893},""T3_high_proximity"":{""value"":0.7403514969531042,""score"":0},""T4_rs_1m"":{""value"":-0.05298290182893728,""score"":0},""T5_rs_3m"":{""value"":-0.12679166379263074,""score"":0},""T6_adr_healthy"":{""value"":3.858217713522373,""score"":100.0},""_score"":14.58},""geometry"":{""sub_flat_top_quality"":33.3,""sub_hl_slope"":12.1,""sub_compression"":38.8,""sub_duration"":100.0,""_score"":38.32},""compression"":{""VC1_atr_ratio"":{""value"":0.32019403471334157,""score"":100},""VC2_range_contraction"":{""value"":0.9817194327585658,""score"":3.0467612069057055},""VC3_range_pct_rank"":{""score"":95.0},""_score"":64.82},""sr_quality"":{""SR1_touches"":{""value"":9,""score"":100},""SR2_tightness"":{""value"":0.9984964004584088,""score"":46.63810201203318},""SR3_recency"":{""value"":225,""score"":0.0},""SR4_price_location"":{""score"":59.316733537880765},""SR5_reaction"":{""value"":2.2864377556798305,""score"":100},""_score"":66.82,""_levels_found"":5,""_target_level"":85.3622},""volume"":{""V1_rvol_day"":{""value"":0.6795680807334918,""score"":11.97120538223279},""V2_rvol_sameslot"":{""value"":0.5552999324994807,""score"":3.6866621666320487,""status"":""ok""},""V3_breakout_bar"":{""value"":1.0445361998771774,""score"":36.30241332514516},""V4_base_dryup"":{""value"":0.7528188537864257,""score"":74.71811462135743},""V5_bo_expansion"":{""value"":0.6795680807334918,""score"":0},""_score"":27.15},""readiness"":{""_distance_atr"":1.026,""BR1_atr_distance"":{""score"":31.59391521768167},""BR2_compression"":{""score"":35.70487384874584},""BR3_retest"":{""score"":50.0},""BR4_bo_age"":{""score"":50.0},""_score"":39.06},""risk"":{""R1_stop_clarity"":{""score"":34.45842001794141},""R2_stop_distance_pct"":{""value"":3.932243826792307,""score"":100.0},""R3_stop_distance_atr"":{""value"":0.8808352260798178,""score"":69.0417613039909},""R4_rr_potential"":{""value"":2.957772115034591,""score"":97.88860575172956},""_score"":71.99},""market"":{""M1_spy_regime"":{""score"":100.0},""M3_earnings_risk"":{""value"":null,""score"":80.0},""M4_vix"":{""value"":null,""score"":60.0},""_score"":84.0},""liquidity"":{""L1_price"":{""value"":83.83,""score"":100.0},""L2_dollar_vol"":{""value"":42631340.073298246,""score"":81.48644922359706},""L3_spread_proxy"":{""value"":0.024692830728855936,""score"":75.30716927114406},""L4_volume_zscore"":{""value"":-1.3591785373248013,""score"":100.0},""_score"":90.13},""pattern_structure"":{""top"":87.67,""top_touches"":2,""low_slope_per_bar"":0.029651162790699157,""lowest_low"":81.76,""structural_low"":81.76,""current_price"":83.23,""neckline_distance_pct"":0.05334614922503902,""base_bars"":20},""pattern_geometry_features"":{""top_touches"":2.0,""low_slope"":0.029651162790699157,""compression"":0.1938555322197878,""atr_pct"":0.044642218094442826},""_schema_version"":""1.0""}",,,,,,,,,,
20260519T210226Z-93bc42,2026-05-19T21:02:26.159542+00:00,PRGS,vcp,forming,46.14,13.3,53.1,46.7,65.7,24.3,50.1,35.5,84.0,77.7,2.0,13.29,5.6,7.89,3.16,3.5,1.77,5.04,3.89,False,,28.99,29.95,25.5657,33.355,"{""trend"":{""T1_ema_stack"":{""value"":[true,false,false],""score"":33.33333333333333},""T2_ema50_slope"":{""value"":-0.43990949682215924,""score"":0},""T3_high_proximity"":{""value"":0.6887621762889047,""score"":0},""T4_rs_1m"":{""value"":-0.10968233054334864,""score"":0},""T5_rs_3m"":{""value"":-0.25957489197132777,""score"":0},""T6_adr_healthy"":{""value"":4.76259775335872,""score"":100.0},""_score"":13.33},""geometry"":{""sub_contraction_count"":100.0,""sub_reduction_rate"":0,""sub_pivot_tightness"":0,""sub_volume_dryup"":77.0,""sub_base_depth"":66.0,""sub_base_duration"":100.0,""_score"":53.15},""compression"":{""VC1_atr_ratio"":{""value"":0.5534583461586016,""score"":100},""VC2_range_contraction"":{""value"":1.101972511433946,""score"":0},""VC3_range_pct_rank"":{""score"":26.66666666666667},""_score"":46.67},""sr_quality"":{""SR1_touches"":{""value"":4,""score"":75.0},""SR2_tightness"":{""value"":0.2675233634656977,""score"":63.29711950649208},""SR3_recency"":{""value"":230,""score"":0.0},""SR4_price_location"":{""score"":74.96617050067661},""SR5_reaction"":{""value"":2.640147190686416,""score"":100},""_score"":65.74,""_levels_found"":4,""_target_level"":29.8225},""volume"":{""V1_rvol_day"":{""value"":0.6439431847600469,""score"":9.596212317336457},""V2_rvol_sameslot"":{""value"":0.5820447042072344,""score"":5.469646947148962,""status"":""ok""},""V3_breakout_bar"":{""value"":0.8301722814651961,""score"":22.01148543101307},""V4_base_dryup"":{""value"":0.7099272152524203,""score"":79.00727847475797},""V5_bo_expansion"":{""value"":0.6439431847600469,""score"":0},""_score"":24.32},""readiness"":{""_distance_atr"":0.659,""BR1_atr_distance"":{""score"":56.097584877185895},""BR2_compression"":{""score"":40.48788191699515},""BR3_retest"":{""score"":50.0},""BR4_bo_age"":{""score"":50.0},""_score"":50.06},""risk"":{""R1_stop_clarity"":{""score"":46.58653822597011},""R2_stop_distance_pct"":{""value"":11.81209037599172,""score"":4.697740600206979},""R3_stop_distance_atr"":{""value"":2.349002151022348,""score"":100.0},""R4_rr_potential"":{""value"":1.2747037737364315,""score"":13.735188686821576},""_score"":35.46},""market"":{""M1_spy_regime"":{""score"":100.0},""M3_earnings_risk"":{""value"":null,""score"":80.0},""M4_vix"":{""value"":null,""score"":60.0},""_score"":84.0},""liquidity"":{""L1_price"":{""value"":28.99,""score"":100.0},""L2_dollar_vol"":{""value"":13826580.05644331,""score"":57.035738628435425},""L3_spread_proxy"":{""value"":0.05070714039323901,""score"":49.29285960676099},""L4_volume_zscore"":{""value"":-0.8021806284604003,""score"":100.0},""_score"":77.74},""pattern_structure"":{""n_contractions"":5,""contractions_pct"":[18.87,11.8,16.79,7.74,13.34],""descending_strict"":false,""final_low"":25.955,""final_pivot"":29.95,""structural_low"":25.955,""dry_up_ratio"":0.6150051290079769,""current_price"":28.99,""neckline_distance_pct"":0.033114867195584714,""base_bars"":30},""pattern_geometry_features"":{""contraction_count"":5.0,""first_contraction_pct"":0.18869209809264303,""last_contraction_pct"":0.13338898163606014,""dry_up_ratio"":0.6150051290079769,""near_monotone"":0.0,""base_depth_pct"":0.11597411444141693},""_schema_version"":""1.0""}",,,,,,,,,,
20260519T210226Z-93bc42,2026-05-19T21:02:26.159542+00:00,APPF,vcp,absent,46.08,18.7,49.7,43.1,60.2,30.1,27.7,61.4,84.0,89.5,2.8,12.44,5.18,7.23,3.91,1.94,3.07,5.04,4.48,False,,159.82,177.82,142.9629,221.69,"{""trend"":{""T1_ema_stack"":{""value"":[false,false,false],""score"":0.0},""T2_ema50_slope"":{""value"":-0.10205915386588922,""score"":32.99014102235179},""T3_high_proximity"":{""value"":0.836009834179003,""score"":18.004917089501472},""T4_rs_1m"":{""value"":-0.028041224771157447,""score"":21.958775228842555},""T5_rs_3m"":{""value"":-0.16506375146246555,""score"":0},""T6_adr_healthy"":{""value"":4.450068460441466,""score"":100.0},""_score"":18.69},""geometry"":{""sub_contraction_count"":100.0,""sub_reduction_rate"":0,""sub_pivot_tightness"":0,""sub_volume_dryup"":31.6,""sub_base_depth"":100.0,""sub_base_duration"":100.0,""_score"":49.74},""compression"":{""VC1_atr_ratio"":{""value"":0.482298866920547,""score"":100},""VC2_range_contraction"":{""value"":0.9998409207667105,""score"":0.026513205548250873},""VC3_range_pct_rank"":{""score"":12.5},""_score"":43.13},""sr_quality"":{""SR1_touches"":{""value"":3,""score"":50.0},""SR2_tightness"":{""value"":1.5616871218866646,""score"":60.0849157683084},""SR3_recency"":{""value"":236,""score"":0.0},""SR4_price_location"":{""score"":84.78483216824584},""SR5_reaction"":{""value"":2.862602483747633,""score"":100},""_score"":60.21,""_levels_found"":7,""_target_level"":161.62},""volume"":{""V1_rvol_day"":{""value"":0.9736860964809744,""score"":31.579073098731627},""V2_rvol_sameslot"":{""value"":0.82563542666174,""score"":21.709028444115997,""status"":""ok""},""V3_breakout_bar"":{""value"":1.2657426034659685,""score"":51.049506897731234},""V4_base_dryup"":{""value"":1.1668743267859258,""score"":33.312567321407414},""V5_bo_expansion"":{""value"":0.9736860964809744,""score"":0},""_score"":30.08},""readiness"":{""_distance_atr"":2.3,""BR1_atr_distance"":{""score"":0},""BR2_compression"":{""score"":40.97831066735667},""BR3_retest"":{""score"":50.0},""BR4_bo_age"":{""score"":50.0},""_score"":27.74},""risk"":{""R1_stop_clarity"":{""score"":44.35560832708071},""R2_stop_distance_pct"":{""value"":10.547553497684897,""score"":36.31116255787759},""R3_stop_distance_atr"":{""value"":2.154248943249207,""score"":100.0},""R4_rr_potential"":{""value"":3.6702635684666993,""score"":100.0},""_score"":61.42},""market"":{""M1_spy_regime"":{""score"":100.0},""M3_earnings_risk"":{""value"":null,""score"":80.0},""M4_vix"":{""value"":null,""score"":60.0},""_score"":84.0},""liquidity"":{""L1_price"":{""value"":159.82,""score"":100.0},""L2_dollar_vol"":{""value"":56363628.14485765,""score"":87.54994705062438},""L3_spread_proxy"":{""value"":0.05493680390439245,""score"":45.06319609560755},""L4_volume_zscore"":{""value"":-0.06250744608159399,""score"":100.0},""_score"":89.53},""pattern_structure"":{""n_contractions"":5,""contractions_pct"":[11.98,22.34,12.83,8.94,18.38],""descending_strict"":false,""final_low"":145.14,""final_pivot"":177.82,""structural_low"":145.14,""dry_up_ratio"":0.8421921716757007,""current_price"":159.82,""neckline_distance_pct"":0.11262670504317357,""base_bars"":63},""pattern_geometry_features"":{""contraction_count"":5.0,""first_contraction_pct"":0.11983492936881635,""last_contraction_pct"":0.18378135192891693,""dry_up_ratio"":0.8421921716757007,""near_monotone"":0.0,""base_depth_pct"":0.23210412147505427},""_schema_version"":""1.0""}",,,,,,,,,,
20260519T210226Z-93bc42,2026-05-19T21:02:26.159542+00:00,PGY,double_bottom,forming,46.02,21.6,59.6,60.7,38.1,9.2,38.6,67.7,84.0,86.0,3.24,14.9,4.85,5.34,1.19,3.09,4.06,5.04,4.3,False,,12.64,13.63,12.5144,14.555,"{""trend"":{""T1_ema_stack"":{""value"":[false,false,false],""score"":0.0},""T2_ema50_slope"":{""value"":0.08447650988702465,""score"":64.07941831450411},""T3_high_proximity"":{""value"":0.815483870967742,""score"":7.741935483870977},""T4_rs_1m"":{""value"":-0.1965364832797062,""score"":0},""T5_rs_3m"":{""value"":-0.06515389100847524,""score"":17.42305449576238},""T6_adr_healthy"":{""value"":5.691563973683005,""score"":100.0},""_score"":21.59},""geometry"":{""sub_low_similarity"":46.4,""sub_bounce_quality"":61.2,""sub_separation_fit"":100.0,""sub_right_bottom_reaction"":82.9,""sub_base_context"":30.0,""_score"":59.6},""compression"":{""VC1_atr_ratio"":{""value"":0.6182122814808831,""score"":95.4469296297792},""VC2_range_contraction"":{""value"":1.1531824248735063,""score"":0},""VC3_range_pct_rank"":{""score"":90.0},""_score"":60.68},""sr_quality"":{""SR1_touches"":{""value"":2,""score"":25.0},""SR2_tightness"":{""value"":0.014999999999998792,""score"":96.73456694137796},""SR3_recency"":{""value"":306,""score"":0.0},""SR4_price_location"":{""score"":4.480286738351256},""SR5_reaction"":{""value"":3.5185041206655265,""score"":100},""_score"":38.13,""_levels_found"":3,""_target_level"":20.635},""volume"":{""V1_rvol_day"":{""value"":0.6281862873738416,""score"":8.545752491589443},""V2_rvol_sameslot"":{""value"":0.5821230783029321,""score"":5.4748718868621395,""status"":""ok""},""V3_breakout_bar"":{""value"":0.6440525694995631,""score"":9.60350463330421},""V4_base_dryup"":{""value"":1.3014937465443566,""score"":19.85062534556434},""V5_bo_expansion"":{""value"":0.6281862873738416,""score"":0},""_score"":9.18},""readiness"":{""_distance_atr"":1.078,""BR1_atr_distance"":{""score"":28.16047271030942},""BR2_compression"":{""score"":39.44681729516716},""BR3_retest"":{""score"":50.0},""BR4_bo_age"":{""score"":50.0},""_score"":38.63},""risk"":{""R1_stop_clarity"":{""score"":58.51267299020352},""R2_stop_distance_pct"":{""value"":0.9934731012658331,""score"":74.83682753164582},""R3_stop_distance_atr"":{""value"":0.1366855854454998,""score"":31.83427927227499},""R4_rr_potential"":{""value"":15.24985068684038,""score"":100.0},""_score"":67.71},""market"":{""M1_spy_regime"":{""score"":100.0},""M3_earnings_risk"":{""value"":null,""score"":80.0},""M4_vix"":{""value"":null,""score"":60.0},""_score"":84.0},""liquidity"":{""L1_price"":{""value"":12.64,""score"":100.0},""L2_dollar_vol"":{""value"":30351423.7696416,""score"":74.10895342096863},""L3_spread_proxy"":{""value"":0.03639240506329121,""score"":63.60759493670879},""L4_volume_zscore"":{""value"":-0.600665384389037,""score"":100.0},""_score"":86.0},""pattern_structure"":{""left_low"":12.705,""left_idx"":50,""right_low"":13.05,""right_idx"":64,""separation_bars"":14,""structural_low"":12.705,""current_price"":12.605,""neckline_distance_pct"":0.08131693772312577,""base_bars"":14},""pattern_geometry_features"":{""low_similarity_pct"":0.02679091438555625,""bounce_pct"":0.07280598189689104,""right_bottom_reaction"":0.8287179487179511,""atr_pct"":0.07268309222423146},""_schema_version"":""1.0""}",,,,,,,,,,
20260519T210226Z-93bc42,2026-05-19T21:02:26.159542+00:00,BILI,double_bottom,breakout_confirmed,45.87,5.0,54.9,19.9,40.5,58.8,57.5,44.7,84.0,83.7,0.75,13.72,1.59,5.67,7.64,4.6,2.68,5.04,4.18,False,,20.0,20.0,18.0255,21.7,"{""trend"":{""T1_ema_stack"":{""value"":[false,false,false],""score"":0.0},""T2_ema50_slope"":{""value"":-0.5592446101164121,""score"":0},""T3_high_proximity"":{""value"":0.6459948320413437,""score"":0},""T4_rs_1m"":{""value"":-0.23432781828317018,""score"":0},""T5_rs_3m"":{""value"":-0.4270707222473117,""score"":0},""T6_adr_healthy"":{""value"":3.2641600623467317,""score"":100.0},""_score"":5.0},""geometry"":{""sub_low_similarity"":21.8,""sub_bounce_quality"":89.9,""sub_separation_fit"":100.0,""sub_right_bottom_reaction"":62.4,""sub_base_context"":30.0,""_score"":54.88},""compression"":{""VC1_atr_ratio"":{""value"":0.801331821155006,""score"":49.6670447112485},""VC2_range_contraction"":{""value"":1.6786981639004455,""score"":0},""VC3_range_pct_rank"":{""score"":0.0},""_score"":19.87},""sr_quality"":{""SR1_touches"":{""value"":3,""score"":50.0},""SR2_tightness"":{""value"":0.1367073110293988,""score"":69.7867703123048},""SR3_recency"":{""value"":273,""score"":0.0},""SR4_price_location"":{""score"":0},""SR5_reaction"":{""value"":2.657605392563125,""score"":100},""_score"":40.47,""_levels_found"":3,""_target_level"":24.2667},""volume"":{""V1_rvol_day"":{""value"":4.239493116851076,""score"":100},""V2_rvol_sameslot"":{""value"":3.7511106175416944,""score"":100,""status"":""ok""},""V3_breakout_bar"":{""value"":0.7276582986254108,""score"":15.177219908360717},""V4_base_dryup"":{""value"":1.9181269609755136,""score"":0},""V5_bo_expansion"":{""value"":4.239493116851076,""score"":100},""_score"":58.79},""readiness"":{""_distance_atr"":0.0,""BR1_atr_distance"":{""score"":100.0},""BR2_compression"":{""score"":0},""BR3_retest"":{""score"":50.0},""BR4_bo_age"":{""score"":50.0},""_score"":57.5},""risk"":{""R1_stop_clarity"":{""score"":39.33366484336152},""R2_stop_distance_pct"":{""value"":9.872499999999995,""score"":53.18750000000012},""R3_stop_distance_atr"":{""value"":2.18188850212719,""score"":100.0},""R4_rr_potential"":{""value"":0.860977462648772,""score"":0.0},""_score"":44.72},""market"":{""M1_spy_regime"":{""score"":100.0},""M3_earnings_risk"":{""value"":null,""score"":80.0},""M4_vix"":{""value"":null,""score"":60.0},""_score"":84.0},""liquidity"":{""L1_price"":{""value"":20.0,""score"":100.0},""L2_dollar_vol"":{""value"":269740762.29126,""score"":100.0},""L3_spread_proxy"":{""value"":0.08825000000000002,""score"":11.749999999999972},""L4_volume_zscore"":{""value"":3.6482795915214816,""score"":70.0},""_score"":83.67},""pattern_structure"":{""left_low"":19.03,""left_idx"":62,""right_low"":18.3,""right_idx"":74,""separation_bars"":12,""structural_low"":18.3,""current_price"":19.945,""neckline_distance_pct"":0.002757583354224102,""base_bars"":12},""pattern_geometry_features"":{""low_similarity_pct"":0.03911063487811414,""bounce_pct"":0.09289617486338794,""right_bottom_reaction"":0.6235294117647054,""atr_pct"":0.04524749999999996},""_schema_version"":""1.0""}",,,,,,,,,,
20260519T210226Z-93bc42,2026-05-19T21:02:26.159542+00:00,CLBT,vcp,absent,45.81,28.1,45.0,36.5,57.1,27.8,55.4,44.6,84.0,87.2,4.21,11.25,4.38,6.86,3.61,3.88,2.23,5.04,4.36,False,,13.46,14.005,11.3718,17.925,"{""trend"":{""T1_ema_stack"":{""value"":[true,false,false],""score"":33.33333333333333},""T2_ema50_slope"":{""value"":-0.16123551124383736,""score"":23.127414792693774},""T3_high_proximity"":{""value"":0.8797385620915033,""score"":39.869281045751606},""T4_rs_1m"":{""value"":-0.02930989842358378,""score"":20.690101576416218},""T5_rs_3m"":{""value"":-0.11043583819669722,""score"":0},""T6_adr_healthy"":{""value"":4.746206257897813,""score"":100.0},""_score"":28.08},""geometry"":{""sub_contraction_count"":100.0,""sub_reduction_rate"":0,""sub_pivot_tightness"":0,""sub_volume_dryup"":0,""sub_base_depth"":100.0,""sub_base_duration"":100.0,""_score"":45.0},""compression"":{""VC1_atr_ratio"":{""value"":0.720847070755688,""score"":69.788232311078},""VC2_range_contraction"":{""value"":1.1263662133460792,""score"":0},""VC3_range_pct_rank"":{""score"":34.166666666666664},""_score"":36.46},""sr_quality"":{""SR1_touches"":{""value"":4,""score"":75.0},""SR2_tightness"":{""value"":0.1868488694105479,""score"":48.36102312974544},""SR3_recency"":{""value"":234,""score"":0.0},""SR4_price_location"":{""score"":52.0270270270271},""SR5_reaction"":{""value"":1.917265800405529,""score"":95.86329002027645},""_score"":57.14,""_levels_found"":9,""_target_level"":13.815},""volume"":{""V1_rvol_day"":{""value"":1.1879392140809382,""score"":45.862614272062544},""V2_rvol_sameslot"":{""value"":0.9195927705645986,""score"":27.972851370973245,""status"":""ok""},""V3_breakout_bar"":{""value"":0.6865288428453802,""score"":12.435256189692012},""V4_base_dryup"":{""value"":1.100474994829062,""score"":39.9525005170938},""V5_bo_expansion"":{""value"":1.187939214080938,""score"":12.529280938729196},""_score"":27.75},""readiness"":{""_distance_atr"":0.753,""BR1_atr_distance"":{""score"":49.79321615543761},""BR2_compression"":{""score"":71.81634035795506},""BR3_retest"":{""score"":50.0},""BR4_bo_age"":{""score"":50.0},""_score"":55.37},""risk"":{""R1_stop_clarity"":{""score"":52.14003784064889},""R2_stop_distance_pct"":{""value"":15.513930163447261,""score"":0.0},""R3_stop_distance_atr"":{""value"":2.8855197482922703,""score"":100.0},""R4_rr_potential"":{""value"":2.138230751732971,""score"":56.91153758664855},""_score"":44.63},""market"":{""M1_spy_regime"":{""score"":100.0},""M3_earnings_risk"":{""value"":null,""score"":80.0},""M4_vix"":{""value"":null,""score"":60.0},""_score"":84.0},""liquidity"":{""L1_price"":{""value"":13.46,""score"":100.0},""L2_dollar_vol"":{""value"":38381362.87889401,""score"":79.20601959901687},""L3_spread_proxy"":{""value"":0.04457652303120367,""score"":55.42347696879633},""L4_volume_zscore"":{""value"":0.32487692026646736,""score"":100.0},""_score"":87.22},""pattern_structure"":{""n_contractions"":5,""contractions_pct"":[8.12,13.7,25.44,9.72,17.57],""descending_strict"":false,""final_low"":11.545,""final_pivot"":14.005,""structural_low"":11.545,""dry_up_ratio"":1.442391353989477,""current_price"":13.46,""neckline_distance_pct"":0.040490341753343234,""base_bars"":48},""pattern_geometry_features"":{""contraction_count"":5.0,""first_contraction_pct"":0.08115098609763977,""last_contraction_pct"":0.17565155301677976,""dry_up_ratio"":1.442391353989477,""near_monotone"":0.0,""base_depth_pct"":0.2534755900420304},""_schema_version"":""1.0""}",,,,,,,,,,
20260519T210226Z-93bc42,2026-05-19T21:02:26.159542+00:00,PRGS,double_bottom,absent,45.81,13.3,49.1,46.7,65.7,18.9,50.2,53.0,84.0,77.7,2.0,12.29,3.73,9.2,2.46,4.02,3.18,5.04,3.89,False,,28.99,29.94,26.1616,33.32,"{""trend"":{""T1_ema_stack"":{""value"":[true,false,false],""score"":33.33333333333333},""T2_ema50_slope"":{""value"":-0.43990949682215924,""score"":0},""T3_high_proximity"":{""value"":0.6887621762889047,""score"":0},""T4_rs_1m"":{""value"":-0.10968233054334864,""score"":0},""T5_rs_3m"":{""value"":-0.25957489197132777,""score"":0},""T6_adr_healthy"":{""value"":4.76259775335872,""score"":100.0},""_score"":13.33},""geometry"":{""sub_low_similarity"":18.1,""sub_bounce_quality"":100,""sub_separation_fit"":33.3,""sub_right_bottom_reaction"":84.8,""sub_base_context"":30.0,""_score"":49.14},""compression"":{""VC1_atr_ratio"":{""value"":0.5534583461586016,""score"":100},""VC2_range_contraction"":{""value"":1.101972511433946,""score"":0},""VC3_range_pct_rank"":{""score"":26.66666666666667},""_score"":46.67},""sr_quality"":{""SR1_touches"":{""value"":4,""score"":75.0},""SR2_tightness"":{""value"":0.2675233634656977,""score"":63.29711950649208},""SR3_recency"":{""value"":230,""score"":0.0},""SR4_price_location"":{""score"":74.96617050067661},""SR5_reaction"":{""value"":2.640147190686416,""score"":100},""_score"":65.74,""_levels_found"":4,""_target_level"":29.8225},""volume"":{""V1_rvol_day"":{""value"":0.6439431847600469,""score"":9.596212317336457},""V2_rvol_sameslot"":{""value"":0.5820447042072344,""score"":5.469646947148962,""status"":""ok""},""V3_breakout_bar"":{""value"":0.8301722814651961,""score"":22.01148543101307},""V4_base_dryup"":{""value"":0.979397684863434,""score"":52.060231513656596},""V5_bo_expansion"":{""value"":0.6439431847600469,""score"":0},""_score"":18.93},""readiness"":{""_distance_atr"":0.652,""BR1_atr_distance"":{""score"":56.55490170138178},""BR2_compression"":{""score"":40.48788191699515},""BR3_retest"":{""score"":50.0},""BR4_bo_age"":{""score"":50.0},""_score"":50.24},""risk"":{""R1_stop_clarity"":{""score"":45.34149317209666},""R2_stop_distance_pct"":{""value"":9.756467747499133,""score"":56.08830631252167},""R3_stop_distance_atr"":{""value"":1.940212358333863,""score"":100.0},""R4_rr_potential"":{""value"":1.53090086267855,""score"":26.545043133927503},""_score"":53.01},""market"":{""M1_spy_regime"":{""score"":100.0},""M3_earnings_risk"":{""value"":null,""score"":80.0},""M4_vix"":{""value"":null,""score"":60.0},""_score"":84.0},""liquidity"":{""L1_price"":{""value"":28.99,""score"":100.0},""L2_dollar_vol"":{""value"":13826580.05644331,""score"":57.035738628435425},""L3_spread_proxy"":{""value"":0.05070714039323901,""score"":49.29285960676099},""L4_volume_zscore"":{""value"":-0.8021806284604003,""score"":100.0},""_score"":77.74},""pattern_structure"":{""left_low"":27.67,""left_idx"":20,""right_low"":26.56,""right_idx"":60,""separation_bars"":40,""structural_low"":26.56,""current_price"":28.8,""neckline_distance_pct"":0.03958333333333335,""base_bars"":40},""pattern_geometry_features"":{""low_similarity_pct"":0.040936750875899056,""bounce_pct"":0.12725903614457842,""right_bottom_reaction"":0.8484848484848472,""atr_pct"":0.050285566451485735},""_schema_version"":""1.0""}",,,,,,,,,,
20260519T210226Z-93bc42,2026-05-19T21:02:26.159542+00:00,MIR,vcp,absent,45.74,11.0,47.8,52.3,51.5,41.2,17.5,67.6,84.0,93.8,1.65,11.95,6.28,6.18,5.36,1.23,3.38,5.04,4.69,False,,18.37,20.22,16.5874,25.75,"{""trend"":{""T1_ema_stack"":{""value"":[false,false,false],""score"":0.0},""T2_ema50_slope"":{""value"":-0.1750438353616598,""score"":20.826027439723365},""T3_high_proximity"":{""value"":0.8245062836624776,""score"":12.253141831238768},""T4_rs_1m"":{""value"":-0.09660731607193218,""score"":0},""T5_rs_3m"":{""value"":-0.2127150404758995,""score"":0},""T6_adr_healthy"":{""value"":4.703130334085452,""score"":100.0},""_score"":11.0},""geometry"":{""sub_contraction_count"":100.0,""sub_reduction_rate"":0,""sub_pivot_tightness"":0,""sub_volume_dryup"":18.6,""sub_base_depth"":100.0,""sub_base_duration"":100.0,""_score"":47.79},""compression"":{""VC1_atr_ratio"":{""value"":0.506737820305511,""score"":100},""VC2_range_contraction"":{""value"":0.9461660083400298,""score"":8.97233194332836},""VC3_range_pct_rank"":{""score"":36.66666666666667},""_score"":52.31},""sr_quality"":{""SR1_touches"":{""value"":3,""score"":50.0},""SR2_tightness"":{""value"":0.2672955958401779,""score"":40.58070068733789},""SR3_recency"":{""value"":226,""score"":0.0},""SR4_price_location"":{""score"":61.51440499196037},""SR5_reaction"":{""value"":2.0124089967211,""score"":100},""_score"":51.47,""_levels_found"":7,""_target_level"":19.2396},""volume"":{""V1_rvol_day"":{""value"":1.1107606300432689,""score"":40.71737533621793},""V2_rvol_sameslot"":{""value"":0.9899217309915652,""score"":32.661448732771014,""status"":""ok""},""V3_breakout_bar"":{""value"":1.322271300985887,""score"":54.818086732392466},""V4_base_dryup"":{""value"":0.9133571025961266,""score"":58.664289740387346},""V5_bo_expansion"":{""value"":1.110760630043269,""score"":7.384042002884605},""_score"":41.22},""readiness"":{""_distance_atr"":2.056,""BR1_atr_distance"":{""score"":0},""BR2_compression"":{""score"":0},""BR3_retest"":{""score"":50.0},""BR4_bo_age"":{""score"":50.0},""_score"":17.5},""risk"":{""R1_stop_clarity"":{""score"":43.84750351310345},""R2_stop_distance_pct"":{""value"":9.703864997278181,""score"":57.40337506804547},""R3_stop_distance_atr"":{""value"":1.9813428392229118,""score"":100.0},""R4_rr_potential"":{""value"":4.140020195220459,""score"":100.0},""_score"":67.57},""market"":{""M1_spy_regime"":{""score"":100.0},""M3_earnings_risk"":{""value"":null,""score"":80.0},""M4_vix"":{""value"":null,""score"":60.0},""_score"":84.0},""liquidity"":{""L1_price"":{""value"":18.37,""score"":100.0},""L2_dollar_vol"":{""value"":81102548.53691001,""score"":95.45172507685047},""L3_spread_proxy"":{""value"":0.04354926510615137,""score"":56.45073489384863},""L4_volume_zscore"":{""value"":0.25030633454934154,""score"":100.0},""_score"":93.83},""pattern_structure"":{""n_contractions"":5,""contractions_pct"":[12.66,8.96,13.97,8.3,16.72],""descending_strict"":false,""final_low"":16.84,""final_pivot"":20.22,""structural_low"":16.84,""dry_up_ratio"":0.9069971336570128,""current_price"":18.37,""neckline_distance_pct"":0.10070767555797484,""base_bars"":39},""pattern_geometry_features"":{""contraction_count"":5.0,""first_contraction_pct"":0.12655789003129186,""last_contraction_pct"":0.16716122650840748,""dry_up_ratio"":0.9069971336570128,""near_monotone"":0.0,""base_depth_pct"":0.24720607957085386},""_schema_version"":""1.0""}",,,,,,,,,,
20260519T210226Z-93bc42,2026-05-19T21:02:26.159542+00:00,VYX,double_bottom,forming,45.58,12.9,52.5,11.0,58.4,29.6,51.0,78.2,84.0,76.0,1.93,13.14,0.88,8.17,3.85,4.08,4.69,5.04,3.8,False,,6.48,6.8,6.304,7.2,"{""trend"":{""T1_ema_stack"":{""value"":[false,false,false],""score"":0.0},""T2_ema50_slope"":{""value"":-0.06332790003484287,""score"":39.44534999419285},""T3_high_proximity"":{""value"":0.675,""score"":0},""T4_rs_1m"":{""value"":-0.11483442621268558,""score"":0},""T5_rs_3m"":{""value"":-0.4038275556130554,""score"":0},""T6_adr_healthy"":{""value"":5.253270081016604,""score"":100.0},""_score"":12.89},""geometry"":{""sub_low_similarity"":47.6,""sub_bounce_quality"":46.4,""sub_separation_fit"":73.3,""sub_right_bottom_reaction"":80.0,""sub_base_context"":30.0,""_score"":52.55},""compression"":{""VC1_atr_ratio"":{""value"":0.9629392164995254,""score"":9.265195875118648},""VC2_range_contraction"":{""value"":1.5321438247147956,""score"":0},""VC3_range_pct_rank"":{""score"":29.166666666666664},""_score"":11.0},""sr_quality"":{""SR1_touches"":{""value"":3,""score"":50.0},""SR2_tightness"":{""value"":0.11946640624971623,""score"":53.15042892167992},""SR3_recency"":{""value"":236,""score"":0.0},""SR4_price_location"":{""score"":81.64852255054443},""SR5_reaction"":{""value"":2.029411764705882,""score"":100},""_score"":58.38,""_levels_found"":6,""_target_level"":6.5783},""volume"":{""V1_rvol_day"":{""value"":0.8271325809361643,""score"":21.808838729077618},""V2_rvol_sameslot"":{""value"":0.5454446391889893,""score"":3.0296426125992886,""status"":""ok""},""V3_breakout_bar"":{""value"":0.9155271519545217,""score"":27.701810130301446},""V4_base_dryup"":{""value"":0.6137340199298502,""score"":88.62659800701498},""V5_bo_expansion"":{""value"":0.8271325809361642,""score"":0},""_score"":29.62},""readiness"":{""_distance_atr"":0.627,""BR1_atr_distance"":{""score"":58.16993464052296},""BR2_compression"":{""score"":40.81344622089652},""BR3_retest"":{""score"":50.0},""BR4_bo_age"":{""score"":50.0},""_score"":50.97},""risk"":{""R1_stop_clarity"":{""score"":62.35294117647056},""R2_stop_distance_pct"":{""value"":2.7160493827160517,""score"":100.0},""R3_stop_distance_atr"":{""value"":0.34509803921568655,""score"":42.25490196078433},""R4_rr_potential"":{""value"":4.090909090909081,""score"":100.0},""_score"":78.16},""market"":{""M1_spy_regime"":{""score"":100.0},""M3_earnings_risk"":{""value"":null,""score"":80.0},""M4_vix"":{""value"":null,""score"":60.0},""_score"":84.0},""liquidity"":{""L1_price"":{""value"":6.48,""score"":98.24000000000001},""L2_dollar_vol"":{""value"":12324175.950942,""score"":54.53789450325179},""L3_spread_proxy"":{""value"":0.05401234567901229,""score"":45.987654320987716},""L4_volume_zscore"":{""value"":-0.39993342777811974,""score"":100.0},""_score"":75.97},""pattern_structure"":{""left_low"":6.57,""left_idx"":68,""right_low"":6.4,""right_idx"":74,""separation_bars"":6,""structural_low"":6.4,""current_price"":6.465,""neckline_distance_pct"":0.05181747873163186,""base_bars"":6},""pattern_geometry_features"":{""low_similarity_pct"":0.026214340786430212,""bounce_pct"":0.06249999999999992,""right_bottom_reaction"":0.7999999999999989,""atr_pct"":0.0787037037037037},""_schema_version"":""1.0""}",,,,,,,,,,
20260519T210226Z-93bc42,2026-05-19T21:02:26.159542+00:00,NTES,vcp,absent,45.53,25.4,47.2,48.4,54.5,14.2,38.1,65.0,84.0,95.6,3.81,11.79,5.81,6.54,1.85,2.67,3.25,5.04,4.78,True,risk_unclear,114.49,119.49,107.1138,146.685,"{""trend"":{""T1_ema_stack"":{""value"":[false,false,false],""score"":0.0},""T2_ema50_slope"":{""value"":-0.038089141624922135,""score"":43.65180972917965},""T3_high_proximity"":{""value"":0.9551977306858,""score"":77.5988653429},""T4_rs_1m"":{""value"":-0.06675839049812526,""score"":0},""T5_rs_3m"":{""value"":-0.11257086460275723,""score"":0},""T6_adr_healthy"":{""value"":1.9239510335905528,""score"":100.0},""_score"":25.37},""geometry"":{""sub_contraction_count"":100.0,""sub_reduction_rate"":0,""sub_pivot_tightness"":14.4,""sub_volume_dryup"":0,""sub_base_depth"":100.0,""sub_base_duration"":100.0,""_score"":47.16},""compression"":{""VC1_atr_ratio"":{""value"":0.6348428990554452,""score"":91.28927523613869},""VC2_range_contraction"":{""value"":1.1728714913308451,""score"":0},""VC3_range_pct_rank"":{""score"":47.5},""_score"":48.39},""sr_quality"":{""SR1_touches"":{""value"":2,""score"":25.0},""SR2_tightness"":{""value"":0.23000000000000398,""score"":83.43621399176926},""SR3_recency"":{""value"":252,""score"":0.0},""SR4_price_location"":{""score"":91.17067402443826},""SR5_reaction"":{""value"":1.5537551440329231,""score"":77.68775720164615},""_score"":54.46,""_levels_found"":6,""_target_level"":115.05},""volume"":{""V1_rvol_day"":{""value"":0.8215381043899681,""score"":21.43587362599787},""V2_rvol_sameslot"":{""value"":0.6171101376103584,""score"":7.807342507357225,""status"":""ok""},""V3_breakout_bar"":{""value"":0.6263086062995846,""score"":8.420573753305643},""V4_base_dryup"":{""value"":1.185183351100333,""score"":31.48166488996671},""V5_bo_expansion"":{""value"":0.8215381043899679,""score"":0},""_score"":14.25},""readiness"":{""_distance_atr"":1.8,""BR1_atr_distance"":{""score"":0},""BR2_compression"":{""score"":82.47532842829185},""BR3_retest"":{""score"":50.0},""BR4_bo_age"":{""score"":50.0},""_score"":38.12},""risk"":{""R1_stop_clarity"":{""score"":0},""R2_stop_distance_pct"":{""value"":6.442636911520648,""score"":100.0},""R3_stop_distance_atr"":{""value"":2.6560300925925877,""score"":100.0},""R4_rr_potential"":{""value"":4.364728331418392,""score"":100.0},""_score"":65.0},""market"":{""M1_spy_regime"":{""score"":100.0},""M3_earnings_risk"":{""value"":null,""score"":80.0},""M4_vix"":{""value"":null,""score"":60.0},""_score"":84.0},""liquidity"":{""L1_price"":{""value"":114.49,""score"":100.0},""L2_dollar_vol"":{""value"":73013281.16887888,""score"":93.17009328939912},""L3_spread_proxy"":{""value"":0.017032055201327653,""score"":82.96794479867235},""L4_volume_zscore"":{""value"":-0.6101732815318567,""score"":100.0},""_score"":95.56},""pattern_structure"":{""n_contractions"":5,""contractions_pct"":[12.34,7.04,4.21,9.4,8.99],""descending_strict"":false,""final_low"":108.745,""final_pivot"":119.49,""structural_low"":108.745,""dry_up_ratio"":1.076274370350559,""current_price"":114.49,""neckline_distance_pct"":0.043671936413660586,""base_bars"":59},""pattern_geometry_features"":{""contraction_count"":5.0,""first_contraction_pct"":0.12343681035751068,""last_contraction_pct"":0.0899238429994141,""dry_up_ratio"":1.076274370350559,""near_monotone"":0.0,""base_depth_pct"":0.2000514933058702},""_schema_version"":""1.0""}",,,,,,,,,,
20260519T210226Z-93bc42,2026-05-19T21:02:26.159542+00:00,QBTS,vcp,absent,45.5,33.1,48.5,29.1,48.3,23.0,32.2,84.7,84.0,92.3,4.97,12.12,3.49,5.8,2.98,2.25,4.23,5.04,4.62,False,,18.19,22.49,16.8533,26.8986,"{""trend"":{""T1_ema_stack"":{""value"":[false,true,false],""score"":33.33333333333333},""T2_ema50_slope"":{""value"":0.4501690846202296,""score"":100},""T3_high_proximity"":{""value"":0.7569704535996671,""score"":0},""T4_rs_1m"":{""value"":-0.19549211109474718,""score"":0},""T5_rs_3m"":{""value"":-0.11527107559617167,""score"":0},""T6_adr_healthy"":{""value"":8.159485740266831,""score"":96.01285649332922},""_score"":33.13},""geometry"":{""sub_contraction_count"":100.0,""sub_reduction_rate"":0,""sub_pivot_tightness"":0,""sub_volume_dryup"":23.2,""sub_base_depth"":100.0,""sub_base_duration"":100.0,""_score"":48.48},""compression"":{""VC1_atr_ratio"":{""value"":0.8216131330196103,""score"":44.59671674509744},""VC2_range_contraction"":{""value"":1.1530159000275504,""score"":0},""VC3_range_pct_rank"":{""score"":44.99999999999999},""_score"":29.09},""sr_quality"":{""SR1_touches"":{""value"":3,""score"":50.0},""SR2_tightness"":{""value"":0.15518731334172292,""score"":84.06356327612589},""SR3_recency"":{""value"":280,""score"":0.0},""SR4_price_location"":{""score"":22.84305606080545},""SR5_reaction"":{""value"":2.7346949753234475,""score"":100},""_score"":48.32,""_levels_found"":5,""_target_level"":21.5129},""volume"":{""V1_rvol_day"":{""value"":0.8116272099516277,""score"":20.775147330108513},""V2_rvol_sameslot"":{""value"":0.684021086211317,""score"":12.268072414087799,""status"":""ok""},""V3_breakout_bar"":{""value"":0.6698063719228938,""score"":11.320424794859589},""V4_base_dryup"":{""value"":0.8237799805740352,""score"":67.62200194259648},""V5_bo_expansion"":{""value"":0.8116272099516277,""score"":0},""_score"":22.96},""readiness"":{""_distance_atr"":2.208,""BR1_atr_distance"":{""score"":0},""BR2_compression"":{""score"":58.67357173699524},""BR3_retest"":{""score"":50.0},""BR4_bo_age"":{""score"":50.0},""_score"":32.17},""risk"":{""R1_stop_clarity"":{""score"":73.64419553951606},""R2_stop_distance_pct"":{""value"":7.34826827927434,""score"":100.0},""R3_stop_distance_atr"":{""value"":0.6863137742471431,""score"":59.31568871235715},""R4_rr_potential"":{""value"":6.515243332211111,""score"":100.0},""_score"":84.67},""market"":{""M1_spy_regime"":{""score"":100.0},""M3_earnings_risk"":{""value"":null,""score"":80.0},""M4_vix"":{""value"":null,""score"":60.0},""_score"":84.0},""liquidity"":{""L1_price"":{""value"":18.19,""score"":100.0},""L2_dollar_vol"":{""value"":390134471.6354314,""score"":100.0},""L3_spread_proxy"":{""value"":0.07695437053325997,""score"":23.045629466740024},""L4_volume_zscore"":{""value"":-0.6401370600216308,""score"":100.0},""_score"":92.3},""pattern_structure"":{""n_contractions"":5,""contractions_pct"":[17.23,20.46,22.39,23.78,23.92],""descending_strict"":false,""final_low"":17.11,""final_pivot"":22.49,""structural_low"":17.11,""dry_up_ratio"":0.8840087470753727,""current_price"":18.19,""neckline_distance_pct"":0.23639362286970847,""base_bars"":54},""pattern_geometry_features"":{""contraction_count"":5.0,""first_contraction_pct"":0.17234392572007476,""last_contraction_pct"":0.23921742996887502,""dry_up_ratio"":0.8840087470753727,""near_monotone"":0.0,""base_depth_pct"":0.2048739230247321},""_schema_version"":""1.0""}",,,,,,,,,,
20260519T210226Z-93bc42,2026-05-19T21:02:26.159542+00:00,MA,vcp,absent,45.47,23.5,48.7,43.8,53.3,21.1,43.5,48.5,84.0,97.1,3.53,12.18,5.26,6.39,2.75,3.04,2.42,5.04,4.86,True,risk_unclear,499.7,506.31,480.6898,525.335,"{""trend"":{""T1_ema_stack"":{""value"":[false,false,false],""score"":0.0},""T2_ema50_slope"":{""value"":-0.0804484534831855,""score"":36.59192441946908},""T3_high_proximity"":{""value"":0.9492600824452423,""score"":74.63004122262113},""T4_rs_1m"":{""value"":-0.06809648158690595,""score"":0},""T5_rs_3m"":{""value"":-0.12268793183444948,""score"":0},""T6_adr_healthy"":{""value"":2.1720891809450493,""score"":100.0},""_score"":23.51},""geometry"":{""sub_contraction_count"":100.0,""sub_reduction_rate"":0,""sub_pivot_tightness"":91.3,""sub_volume_dryup"":0,""sub_base_depth"":0.0,""sub_base_duration"":100.0,""_score"":48.7},""compression"":{""VC1_atr_ratio"":{""value"":0.4920020095052263,""score"":100},""VC2_range_contraction"":{""value"":0.9948323880187291,""score"":0.8612686635451524},""VC3_range_pct_rank"":{""score"":14.166666666666671},""_score"":43.84},""sr_quality"":{""SR1_touches"":{""value"":3,""score"":50.0},""SR2_tightness"":{""value"":1.7563519642207965,""score"":72.05762414775315},""SR3_recency"":{""value"":228,""score"":0.0},""SR4_price_location"":{""score"":60.36087805999294},""SR5_reaction"":{""value"":1.6488690552625602,""score"":82.44345276312801},""_score"":53.27,""_levels_found"":6,""_target_level"":505.4483},""volume"":{""V1_rvol_day"":{""value"":0.8440606156647981,""score"":22.937374377653207},""V2_rvol_sameslot"":{""value"":0.5918160261631121,""score"":6.121068410874142,""status"":""ok""},""V3_breakout_bar"":{""value"":0.7842189458537645,""score"":18.947929723584302},""V4_base_dryup"":{""value"":0.9698610197031896,""score"":53.01389802968104},""V5_bo_expansion"":{""value"":0.8440606156647982,""score"":0},""_score"":21.15},""readiness"":{""_distance_atr"":0.526,""BR1_atr_distance"":{""score"":64.94645186046301},""BR2_compression"":{""score"":0},""BR3_retest"":{""score"":50.0},""BR4_bo_age"":{""score"":50.0},""_score"":43.48},""risk"":{""R1_stop_clarity"":{""score"":0},""R2_stop_distance_pct"":{""value"":3.8043125875525337,""score"":100.0},""R3_stop_distance_atr"":{""value"":1.5121933619473928,""score"":100.0},""R4_rr_potential"":{""value"":1.3484901486837313,""score"":17.424507434186566},""_score"":48.48},""market"":{""M1_spy_regime"":{""score"":100.0},""M3_earnings_risk"":{""value"":null,""score"":80.0},""M4_vix"":{""value"":null,""score"":60.0},""_score"":84.0},""liquidity"":{""L1_price"":{""value"":499.7,""score"":100.0},""L2_dollar_vol"":{""value"":1607148563.537542,""score"":100.0},""L3_spread_proxy"":{""value"":0.02881729037422449,""score"":71.18270962577552},""L4_volume_zscore"":{""value"":-0.5589516817278573,""score"":100.0},""_score"":97.12},""pattern_structure"":{""n_contractions"":5,""contractions_pct"":[5.23,3.29,6.04,8.33,3.61],""descending_strict"":false,""final_low"":488.01,""final_pivot"":506.31,""structural_low"":488.01,""dry_up_ratio"":1.0610786016559943,""current_price"":499.7,""neckline_distance_pct"":0.013227936762057262,""base_bars"":37},""pattern_geometry_features"":{""contraction_count"":5.0,""first_contraction_pct"":0.0523336653288235,""last_contraction_pct"":0.036143864430882286,""dry_up_ratio"":1.0610786016559943,""near_monotone"":0.0,""base_depth_pct"":0.03752206455175685},""_schema_version"":""1.0""}",,,,,,,,,,
20260519T210226Z-93bc42,2026-05-19T21:02:26.159542+00:00,EBC,double_bottom,absent,45.37,29.9,35.5,70.2,52.4,28.8,27.7,60.4,84.0,88.7,4.48,8.88,5.62,7.33,3.75,2.22,3.62,5.04,4.43,True,risk_unclear,19.22,20.41,18.8332,21.7,"{""trend"":{""T1_ema_stack"":{""value"":[false,false,true],""score"":33.33333333333333},""T2_ema50_slope"":{""value"":-0.02307504476185765,""score"":46.15415920635706},""T3_high_proximity"":{""value"":0.8972922502334266,""score"":48.64612511671329},""T4_rs_1m"":{""value"":-0.1187415229309412,""score"":0},""T5_rs_3m"":{""value"":-0.16931256280375906,""score"":0},""T6_adr_healthy"":{""value"":2.351051984060095,""score"":100.0},""_score"":29.86},""geometry"":{""sub_low_similarity"":14.5,""sub_bounce_quality"":53.5,""sub_separation_fit"":13.3,""sub_right_bottom_reaction"":83.1,""sub_base_context"":30.0,""_score"":35.51},""compression"":{""VC1_atr_ratio"":{""value"":0.3837719298245603,""score"":100},""VC2_range_contraction"":{""value"":0.8248659761772633,""score"":29.189003970456117},""VC3_range_pct_rank"":{""score"":80.0},""_score"":70.22},""sr_quality"":{""SR1_touches"":{""value"":3,""score"":50.0},""SR2_tightness"":{""value"":0.10870679218276404,""score"":50.499427856279276},""SR3_recency"":{""value"":240,""score"":0.0},""SR4_price_location"":{""score"":59.10390848427052},""SR5_reaction"":{""value"":2.586057353499208,""score"":100},""_score"":52.35,""_levels_found"":5,""_target_level"":19.4345},""volume"":{""V1_rvol_day"":{""value"":0.8021348689996136,""score"":20.14232459997424},""V2_rvol_sameslot"":{""value"":0.6850702635279772,""score"":12.33801756853181,""status"":""ok""},""V3_breakout_bar"":{""value"":1.2010627749085987,""score"":46.73751832723991},""V4_base_dryup"":{""value"":0.9671823823999885,""score"":53.281761760001146},""V5_bo_expansion"":{""value"":0.8021348689996136,""score"":0},""_score"":28.84},""readiness"":{""_distance_atr"":2.709,""BR1_atr_distance"":{""score"":0},""BR2_compression"":{""score"":40.947709019386046},""BR3_retest"":{""score"":50.0},""BR4_bo_age"":{""score"":50.0},""_score"":27.74},""risk"":{""R1_stop_clarity"":{""score"":0},""R2_stop_distance_pct"":{""value"":2.0124869927159073,""score"":100.0},""R3_stop_distance_atr"":{""value"":0.88066352252398,""score"":69.033176126199},""R4_rr_potential"":{""value"":6.411582213030035,""score"":100.0},""_score"":60.35},""market"":{""M1_spy_regime"":{""score"":100.0},""M3_earnings_risk"":{""value"":null,""score"":80.0},""M4_vix"":{""value"":null,""score"":60.0},""_score"":84.0},""liquidity"":{""L1_price"":{""value"":19.22,""score"":100.0},""L2_dollar_vol"":{""value"":32421417.54154636,""score"":75.54159996580503},""L3_spread_proxy"":{""value"":0.015608740894901182,""score"":84.39125910509881},""L4_volume_zscore"":{""value"":-0.29184933729636714,""score"":100.0},""_score"":88.66},""pattern_structure"":{""left_low"":19.955,""left_idx"":31,""right_low"":19.12,""right_idx"":74,""separation_bars"":43,""structural_low"":19.12,""current_price"":19.345,""neckline_distance_pct"":0.055052985267511054,""base_bars"":43},""pattern_geometry_features"":{""low_similarity_pct"":0.04273832373640421,""bounce_pct"":0.06746861924686187,""right_bottom_reaction"":0.8305084745762678,""atr_pct"":0.022851939943511267},""_schema_version"":""1.0""}",,,,,,,,,,
20260519T210226Z-93bc42,2026-05-19T21:02:26.159542+00:00,EXPO,high_tight_pullback,forming,45.29,5.0,57.5,32.4,56.3,23.5,39.6,66.2,84.0,85.5,0.6,20.12,3.24,4.5,3.29,3.56,0.66,5.04,4.27,False,,56.99,59.92,56.0859,67.93,"{""trend"":{""T1_ema_stack"":{""value"":[false,false,false],""score"":0.0},""T2_ema50_slope"":{""value"":-0.33034963965289155,""score"":0},""T3_high_proximity"":{""value"":0.7668191603875135,""score"":0},""T4_rs_1m"":{""value"":-0.1990453913297403,""score"":0},""T5_rs_3m"":{""value"":-0.2579952086424896,""score"":0},""T6_adr_healthy"":{""value"":4.04400292576375,""score"":100.0},""_score"":5.0},""geometry"":{""sub_pole_impulse"":55.7,""sub_flag_tightness"":53.5,""sub_flag_shallowness"":35.5,""sub_flag_drift"":68.7,""sub_flag_duration"":100.0,""_score"":57.49},""compression"":{""VC1_atr_ratio"":{""value"":0.7010449715762173,""score"":74.73875710594568},""VC2_range_contraction"":{""value"":1.5589598371199407,""score"":0},""VC3_range_pct_rank"":{""score"":9.999999999999998},""_score"":32.4},""sr_quality"":{""SR1_touches"":{""value"":5,""score"":100},""SR2_tightness"":{""value"":0.5103469408157553,""score"":62.53342472622858},""SR3_recency"":{""value"":241,""score"":0.0},""SR4_price_location"":{""score"":20.999268482612877},""SR5_reaction"":{""value"":1.5506272538732415,""score"":77.53136269366208},""_score"":56.26,""_levels_found"":4,""_target_level"":64.164},""volume"":{""V1_rvol_day"":{""value"":1.1528740497865981,""score"":43.52493665243988},""V2_rvol_sameslot"":{""value"":0.9882126509927881,""score"":32.54751006618587,""status"":""ok""},""V3_breakout_bar"":{""value"":0.9041339853719496,""score"":26.9422656914633},""V4_base_dryup"":{""value"":1.6124019318911358,""score"":0},""V5_bo_expansion"":{""value"":1.1528740497865984,""score"":10.191603319106557},""_score"":23.48},""readiness"":{""_distance_atr"":1.076,""BR1_atr_distance"":{""score"":28.299060389076388},""BR2_compression"":{""score"":42.99693255719522},""BR3_retest"":{""score"":50.0},""BR4_bo_age"":{""score"":50.0},""_score"":39.57},""risk"":{""R1_stop_clarity"":{""score"":37.297161240590405},""R2_stop_distance_pct"":{""value"":1.5864186699421068,""score"":89.66046674855266},""R3_stop_distance_atr"":{""value"":0.33186767663261024,""score"":41.59338383163052},""R4_rr_potential"":{""value"":12.100431368211396,""score"":100.0},""_score"":66.19},""market"":{""M1_spy_regime"":{""score"":100.0},""M3_earnings_risk"":{""value"":null,""score"":80.0},""M4_vix"":{""value"":null,""score"":60.0},""_score"":84.0},""liquidity"":{""L1_price"":{""value"":56.99,""score"":100.0},""L2_dollar_vol"":{""value"":34353497.66925377,""score"":76.79854804667086},""L3_spread_proxy"":{""value"":0.052289875416739844,""score"":47.71012458326015},""L4_volume_zscore"":{""value"":0.41157782159370065,""score"":100.0},""_score"":85.49},""pattern_structure"":{""pole_low"":51.91,""pole_low_idx"":33,""peak_price"":59.92,""peak_idx"":54,""pole_gain"":0.154305528799846,""flag_bars"":5,""flag_low"":56.94,""flag_high"":59.52,""structural_low"":56.94,""current_price"":57.29,""neckline_distance_pct"":0.045906790015709596,""base_bars"":5},""pattern_geometry_features"":{""pole_gain"":0.154305528799846,""pullback_pct"":0.04973297730307082,""flag_range_pct"":0.04305740987983987,""flag_drift_per_bar"":-0.006266364112410666,""atr_pct"":0.047802747349159014,""pole_atr_multiple"":3.227963607881643},""_schema_version"":""1.0""}",,,,,,,,,,
20260519T210226Z-93bc42,2026-05-19T21:02:26.159542+00:00,PAR,double_bottom,forming,45.24,18.1,58.9,37.7,35.4,21.1,45.2,77.2,84.0,75.9,2.71,14.73,3.02,4.96,2.74,3.62,4.63,5.04,3.8,False,,14.71,15.625,13.5437,17.5,"{""trend"":{""T1_ema_stack"":{""value"":[true,false,false],""score"":33.33333333333333},""T2_ema50_slope"":{""value"":-0.5517391096861323,""score"":0},""T3_high_proximity"":{""value"":0.6549421193232413,""score"":0},""T4_rs_1m"":{""value"":-0.026372647936092397,""score"":23.6273520639076},""T5_rs_3m"":{""value"":-0.39155735584516105,""score"":0},""T6_adr_healthy"":{""value"":6.469171241829693,""score"":100.0},""_score"":18.06},""geometry"":{""sub_low_similarity"":85.5,""sub_bounce_quality"":100,""sub_separation_fit"":26.7,""sub_right_bottom_reaction"":21.7,""sub_base_context"":30.0,""_score"":58.91},""compression"":{""VC1_atr_ratio"":{""value"":0.6647479623208765,""score"":83.81300941978087},""VC2_range_contraction"":{""value"":1.1545640861228161,""score"":0},""VC3_range_pct_rank"":{""score"":16.666666666666664},""_score"":37.69},""sr_quality"":{""SR1_touches"":{""value"":2,""score"":25.0},""SR2_tightness"":{""value"":0.15749999999999975,""score"":69.8461538461539},""SR3_recency"":{""value"":229,""score"":0.0},""SR4_price_location"":{""score"":13.299759642898113},""SR5_reaction"":{""value"":1.8810256410256412,""score"":94.05128205128206},""_score"":35.41,""_levels_found"":7,""_target_level"":15.4675},""volume"":{""V1_rvol_day"":{""value"":0.8481741889361992,""score"":23.211612595746615},""V2_rvol_sameslot"":{""value"":0.5005531348427887,""score"":0.03687565618591589,""status"":""ok""},""V3_breakout_bar"":{""value"":0.6053357757000368,""score"":7.022385046669122},""V4_base_dryup"":{""value"":0.7668180466145443,""score"":73.31819533854556},""V5_bo_expansion"":{""value"":0.8481741889361992,""score"":0},""_score"":21.07},""readiness"":{""_distance_atr"":0.876,""BR1_atr_distance"":{""score"":41.60683760683768},""BR2_compression"":{""score"":44.35456432468447},""BR3_retest"":{""score"":50.0},""BR4_bo_age"":{""score"":50.0},""_score"":45.23},""risk"":{""R1_stop_clarity"":{""score"":60.51282051282038},""R2_stop_distance_pct"":{""value"":7.928280081577169,""score"":100.0},""R3_stop_distance_atr"":{""value"":1.1164102564102576,""score"":80.82051282051287},""R4_rr_potential"":{""value"":2.392282958199353,""score"":69.61414790996766},""_score"":77.23},""market"":{""M1_spy_regime"":{""score"":100.0},""M3_earnings_risk"":{""value"":null,""score"":80.0},""M4_vix"":{""value"":null,""score"":60.0},""_score"":84.0},""liquidity"":{""L1_price"":{""value"":14.71,""score"":100.0},""L2_dollar_vol"":{""value"":17539901.87897391,""score"":62.201357976189264},""L3_spread_proxy"":{""value"":0.08973487423521416,""score"":10.265125764785836},""L4_volume_zscore"":{""value"":-0.34142754462937885,""score"":100.0},""_score"":75.91},""pattern_structure"":{""left_low"":13.75,""left_idx"":32,""right_low"":13.85,""right_idx"":73,""separation_bars"":41,""structural_low"":13.75,""current_price"":14.58,""neckline_distance_pct"":0.07167352537722907,""base_bars"":41},""pattern_geometry_features"":{""low_similarity_pct"":0.007246376811594177,""bounce_pct"":0.13636363636363635,""right_bottom_reaction"":0.2166666666666645,""atr_pct"":0.07101582985335536},""_schema_version"":""1.0""}",,,,,,,,,,
20260519T210226Z-93bc42,2026-05-19T21:02:26.159542+00:00,NOW,vcp,setup,45.05,21.9,42.5,42.4,53.2,42.9,34.4,43.0,84.0,90.1,3.29,10.61,5.08,6.39,5.57,2.41,2.15,5.04,4.51,False,,101.83,95.62,84.1584,136.85,"{""trend"":{""T1_ema_stack"":{""value"":[true,false,false],""score"":33.33333333333333},""T2_ema50_slope"":{""value"":-0.4468888972325057,""score"":0},""T3_high_proximity"":{""value"":0.8189641306096187,""score"":9.482065304809328},""T4_rs_1m"":{""value"":-0.014129725778743385,""score"":35.870274221256615},""T5_rs_3m"":{""value"":-0.12459324976622277,""score"":0},""T6_adr_healthy"":{""value"":4.929378664090761,""score"":100.0},""_score"":21.93},""geometry"":{""sub_contraction_count"":100.0,""sub_reduction_rate"":0,""sub_pivot_tightness"":0,""sub_volume_dryup"":0,""sub_base_depth"":74.5,""sub_base_duration"":100.0,""_score"":42.45},""compression"":{""VC1_atr_ratio"":{""value"":0.6028118592075383,""score"":99.29703519811541},""VC2_range_contraction"":{""value"":0.9581808156062673,""score"":6.969864065622112},""VC3_range_pct_rank"":{""score"":0.8333333333333304},""_score"":42.37},""sr_quality"":{""SR1_touches"":{""value"":3,""score"":50.0},""SR2_tightness"":{""value"":0.8493657764604252,""score"":68.1522951609016},""SR3_recency"":{""value"":243,""score"":0.0},""SR4_price_location"":{""score"":52.07037116498601},""SR5_reaction"":{""value"":3.429621822950772,""score"":100},""_score"":53.24,""_levels_found"":5,""_target_level"":105.5533},""volume"":{""V1_rvol_day"":{""value"":1.7577659856520331,""score"":83.85106571013554},""V2_rvol_sameslot"":{""value"":1.3804233663214611,""score"":58.694891088097414,""status"":""ok""},""V3_breakout_bar"":{""value"":0.5669677132910084,""score"":4.4645142194005585},""V4_base_dryup"":{""value"":1.2161897604217888,""score"":28.381023957821114},""V5_bo_expansion"":{""value"":1.7577659856520331,""score"":50.51773237680221},""_score"":42.88},""readiness"":{""_distance_atr"":-1.164,""BR1_atr_distance"":{""score"":36.715067579601744},""BR2_compression"":{""score"":8.749322534562824},""BR3_retest"":{""score"":50.0},""BR4_bo_age"":{""score"":50.0},""_score"":34.37},""risk"":{""R1_stop_clarity"":{""score"":51.94529888891728},""R2_stop_distance_pct"":{""value"":17.3540214082294,""score"":0.0},""R3_stop_distance_atr"":{""value"":3.313059676008938,""score"":100.0},""R4_rr_potential"":{""value"":1.9817107675592491,""score"":49.08553837796246},""_score"":43.0},""market"":{""M1_spy_regime"":{""score"":100.0},""M3_earnings_risk"":{""value"":null,""score"":80.0},""M4_vix"":{""value"":null,""score"":60.0},""_score"":84.0},""liquidity"":{""L1_price"":{""value"":101.83,""score"":100.0},""L2_dollar_vol"":{""value"":5632023504.355396,""score"":100.0},""L3_spread_proxy"":{""value"":0.098769517823824,""score"":1.2304821761759968},""L4_volume_zscore"":{""value"":1.4919954621823723,""score"":100.0},""_score"":90.12},""pattern_structure"":{""n_contractions"":5,""contractions_pct"":[11.81,17.35,23.05,20.02,10.65],""descending_strict"":false,""final_low"":85.44,""final_pivot"":95.62,""structural_low"":85.44,""dry_up_ratio"":1.0134337623907503,""current_price"":101.83,""neckline_distance_pct"":-0.060983992929392064,""base_bars"":47},""pattern_geometry_features"":{""contraction_count"":5.0,""first_contraction_pct"":0.118102155206442,""last_contraction_pct"":0.10646308303702161,""dry_up_ratio"":1.0134337623907503,""near_monotone"":0.0,""base_depth_pct"":0.3254914344359359},""_schema_version"":""1.0""}",,,,,,,,,,
20260519T210226Z-93bc42,2026-05-19T21:02:26.159542+00:00,EXLS,double_bottom,breakout_confirmed,44.83,16.2,47.5,34.1,48.3,37.4,41.2,51.9,84.0,94.5,2.43,11.88,2.73,6.76,4.86,3.29,3.12,5.04,4.73,False,,28.97,27.7,26.4374,28.56,"{""trend"":{""T1_ema_stack"":{""value"":[false,false,false],""score"":0.0},""T2_ema50_slope"":{""value"":-0.16744618921934043,""score"":22.092301796776592},""T3_high_proximity"":{""value"":0.890015360983103,""score"":45.00768049155146},""T4_rs_1m"":{""value"":-0.12428268235905504,""score"":0},""T5_rs_3m"":{""value"":-0.1315848438117223,""score"":0},""T6_adr_healthy"":{""value"":4.091865830996517,""score"":100.0},""_score"":16.17},""geometry"":{""sub_low_similarity"":88.1,""sub_bounce_quality"":2.9,""sub_separation_fit"":86.7,""sub_right_bottom_reaction"":10.0,""sub_base_context"":30.0,""_score"":47.51},""compression"":{""VC1_atr_ratio"":{""value"":0.6816155724046143,""score"":79.59610689884641},""VC2_range_contraction"":{""value"":1.2503308501846777,""score"":0},""VC3_range_pct_rank"":{""score"":9.166666666666668},""_score"":34.13},""sr_quality"":{""SR1_touches"":{""value"":4,""score"":75.0},""SR2_tightness"":{""value"":0.20141297748655612,""score"":67.8464986480597},""SR3_recency"":{""value"":252,""score"":0.0},""SR4_price_location"":{""score"":2.465331278890691},""SR5_reaction"":{""value"":2.0839562131189595,""score"":100},""_score"":48.29,""_levels_found"":6,""_target_level"":31.3438},""volume"":{""V1_rvol_day"":{""value"":1.2929596082525534,""score"":52.863973883503554},""V2_rvol_sameslot"":{""value"":0.9589318207148007,""score"":30.59545471432004,""status"":""ok""},""V3_breakout_bar"":{""value"":0.993071644210446,""score"":32.871442947363064},""V4_base_dryup"":{""value"":1.0212440742104676,""score"":47.87559257895324},""V5_bo_expansion"":{""value"":1.2929596082525534,""score"":19.53064055017023},""_score"":37.41},""readiness"":{""_distance_atr"":-1.014,""BR1_atr_distance"":{""score"":39.725761851820195},""BR2_compression"":{""score"":31.136852787498725},""BR3_retest"":{""score"":50.0},""BR4_bo_age"":{""score"":50.0},""_score"":41.17},""risk"":{""R1_stop_clarity"":{""score"":35.72906867356548},""R2_stop_distance_pct"":{""value"":8.742147048671034,""score"":81.44632378322414},""R3_stop_distance_atr"":{""value"":2.0215171470110302,""score"":100.0},""R4_rr_potential"":{""value"":-0.16188896785911724,""score"":0.0},""_score"":51.94},""market"":{""M1_spy_regime"":{""score"":100.0},""M3_earnings_risk"":{""value"":null,""score"":80.0},""M4_vix"":{""value"":null,""score"":60.0},""_score"":84.0},""liquidity"":{""L1_price"":{""value"":28.97,""score"":100.0},""L2_dollar_vol"":{""value"":101946373.17620307,""score"":100.0},""L3_spread_proxy"":{""value"":0.054884363134276956,""score"":45.11563686572305},""L4_volume_zscore"":{""value"":0.987335348521202,""score"":100.0},""_score"":94.51},""pattern_structure"":{""left_low"":26.84,""left_idx"":53,""right_low"":27.0,""right_idx"":61,""separation_bars"":8,""structural_low"":26.84,""current_price"":29.19,""neckline_distance_pct"":-0.05104487838300795,""base_bars"":8},""pattern_geometry_features"":{""low_similarity_pct"":0.00594353640416048,""bounce_pct"":0.03204172876304022,""right_bottom_reaction"":0.10000000000000356,""atr_pct"":0.04324547561516842},""_schema_version"":""1.0""}",,,,,,,,,,
20260519T210226Z-93bc42,2026-05-19T21:02:26.159542+00:00,AXON,ascending_triangle,absent,44.79,5.0,47.9,49.0,67.6,13.2,32.6,82.0,84.0,94.9,0.75,13.4,3.92,9.47,1.58,2.61,3.28,5.04,4.74,False,,392.34,438.97,360.51,511.94,"{""trend"":{""T1_ema_stack"":{""value"":[false,false,false],""score"":0.0},""T2_ema50_slope"":{""value"":-0.41418693314745336,""score"":0},""T3_high_proximity"":{""value"":0.6775112676785991,""score"":0},""T4_rs_1m"":{""value"":-0.0635490335867358,""score"":0},""T5_rs_3m"":{""value"":-0.1569612496435261,""score"":0},""T6_adr_healthy"":{""value"":5.698979730878922,""score"":100.0},""_score"":5.0},""geometry"":{""sub_flat_top_quality"":33.3,""sub_hl_slope"":51.7,""sub_compression"":29.4,""sub_duration"":100.0,""_score"":47.85},""compression"":{""VC1_atr_ratio"":{""value"":0.5708670246818437,""score"":100},""VC2_range_contraction"":{""value"":1.337878780262946,""score"":0},""VC3_range_pct_rank"":{""score"":35.83333333333333},""_score"":48.96},""sr_quality"":{""SR1_touches"":{""value"":5,""score"":100},""SR2_tightness"":{""value"":3.271657638812473,""score"":73.53940709118812},""SR3_recency"":{""value"":235,""score"":0.0},""SR4_price_location"":{""score"":46.40911507534137},""SR5_reaction"":{""value"":2.6470487239434846,""score"":100},""_score"":67.63,""_levels_found"":4,""_target_level"":414.6621},""volume"":{""V1_rvol_day"":{""value"":0.6531301224425011,""score"":10.208674829500076},""V2_rvol_sameslot"":{""value"":0.5685275401330938,""score"":4.568502675539587,""status"":""ok""},""V3_breakout_bar"":{""value"":0.7799483262618855,""score"":18.663221750792367},""V4_base_dryup"":{""value"":1.2214148954451813,""score"":27.858510455481863},""V5_bo_expansion"":{""value"":0.653130122442501,""score"":0},""_score"":13.19},""readiness"":{""_distance_atr"":1.886,""BR1_atr_distance"":{""score"":0},""BR2_compression"":{""score"":60.525496225456074},""BR3_retest"":{""score"":50.0},""BR4_bo_age"":{""score"":50.0},""_score"":32.63},""risk"":{""R1_stop_clarity"":{""score"":55.59784332381851},""R2_stop_distance_pct"":{""value"":8.112861293775802,""score"":97.17846765560493},""R3_stop_distance_atr"":{""value"":1.2871772741373897,""score"":89.35886370686949},""R4_rr_potential"":{""value"":3.757461514294695,""score"":100.0},""_score"":82.02},""market"":{""M1_spy_regime"":{""score"":100.0},""M3_earnings_risk"":{""value"":null,""score"":80.0},""M4_vix"":{""value"":null,""score"":60.0},""_score"":84.0},""liquidity"":{""L1_price"":{""value"":392.34,""score"":100.0},""L2_dollar_vol"":{""value"":303971189.0179528,""score"":100.0},""L3_spread_proxy"":{""value"":0.051052658408523154,""score"":48.94734159147685},""L4_volume_zscore"":{""value"":-0.8062649355364658,""score"":100.0},""_score"":94.89},""pattern_structure"":{""top"":438.97,""top_touches"":2,""low_slope_per_bar"":0.5681547064305744,""lowest_low"":366.0,""structural_low"":366.0,""current_price"":390.61,""neckline_distance_pct"":0.12380635416399993,""base_bars"":27},""pattern_geometry_features"":{""top_touches"":2.0,""low_slope"":0.5681547064305744,""compression"":0.14679788823457085,""atr_pct"":0.06302831363467547},""_schema_version"":""1.0""}",,,,,,,,,,
20260519T210226Z-93bc42,2026-05-19T21:02:26.159542+00:00,EXPO,double_bottom,breakout_confirmed,44.73,5.0,57.0,32.4,56.3,28.2,46.5,42.9,84.0,85.5,0.75,14.24,2.59,7.88,3.66,3.72,2.57,5.04,4.27,False,,56.99,55.02,51.1313,58.13,"{""trend"":{""T1_ema_stack"":{""value"":[false,false,false],""score"":0.0},""T2_ema50_slope"":{""value"":-0.33034963965289155,""score"":0},""T3_high_proximity"":{""value"":0.7668191603875135,""score"":0},""T4_rs_1m"":{""value"":-0.1990453913297403,""score"":0},""T5_rs_3m"":{""value"":-0.2579952086424896,""score"":0},""T6_adr_healthy"":{""value"":4.04400292576375,""score"":100.0},""_score"":5.0},""geometry"":{""sub_low_similarity"":48.7,""sub_bounce_quality"":42.7,""sub_separation_fit"":100.0,""sub_right_bottom_reaction"":85.5,""sub_base_context"":30.0,""_score"":56.97},""compression"":{""VC1_atr_ratio"":{""value"":0.7010449715762173,""score"":74.73875710594568},""VC2_range_contraction"":{""value"":1.5589598371199407,""score"":0},""VC3_range_pct_rank"":{""score"":9.999999999999998},""_score"":32.4},""sr_quality"":{""SR1_touches"":{""value"":5,""score"":100},""SR2_tightness"":{""value"":0.5103469408157553,""score"":62.53342472622858},""SR3_recency"":{""value"":241,""score"":0.0},""SR4_price_location"":{""score"":20.999268482612877},""SR5_reaction"":{""value"":1.5506272538732415,""score"":77.53136269366208},""_score"":56.26,""_levels_found"":4,""_target_level"":64.164},""volume"":{""V1_rvol_day"":{""value"":1.1528740497865981,""score"":43.52493665243988},""V2_rvol_sameslot"":{""value"":0.9882126509927881,""score"":32.54751006618587,""status"":""ok""},""V3_breakout_bar"":{""value"":0.9041339853719496,""score"":26.9422656914633},""V4_base_dryup"":{""value"":1.266101400039152,""score"":23.38985999608481},""V5_bo_expansion"":{""value"":1.1528740497865984,""score"":10.191603319106557},""_score"":28.16},""readiness"":{""_distance_atr"":-0.723,""BR1_atr_distance"":{""score"":45.53745552557821},""BR2_compression"":{""score"":42.99693255719522},""BR3_retest"":{""score"":50.0},""BR4_bo_age"":{""score"":50.0},""_score"":46.46},""risk"":{""R1_stop_clarity"":{""score"":42.83624236036287},""R2_stop_distance_pct"":{""value"":10.28013686611687,""score"":42.99657834707826},""R3_stop_distance_atr"":{""value"":2.15053264429115,""score"":100.0},""R4_rr_potential"":{""value"":0.1945840765364046,""score"":0.0},""_score"":42.89},""market"":{""M1_spy_regime"":{""score"":100.0},""M3_earnings_risk"":{""value"":null,""score"":80.0},""M4_vix"":{""value"":null,""score"":60.0},""_score"":84.0},""liquidity"":{""L1_price"":{""value"":56.99,""score"":100.0},""L2_dollar_vol"":{""value"":34353497.66925377,""score"":76.79854804667086},""L3_spread_proxy"":{""value"":0.052289875416739844,""score"":47.71012458326015},""L4_volume_zscore"":{""value"":0.41157782159370065,""score"":100.0},""_score"":85.49},""pattern_structure"":{""left_low"":51.91,""left_idx"":53,""right_low"":53.26,""right_idx"":67,""separation_bars"":14,""structural_low"":51.91,""current_price"":57.29,""neckline_distance_pct"":-0.03962297085006102,""base_bars"":14},""pattern_geometry_features"":{""low_similarity_pct"":0.025672720357516433,""bounce_pct"":0.059911385089578245,""right_bottom_reaction"":0.8548387096774149,""atr_pct"":0.047802747349159014},""_schema_version"":""1.0""}",,,,,,,,,,
20260519T210226Z-93bc42,2026-05-19T21:02:26.159542+00:00,PEGA,vcp,forming,44.67,5.0,50.1,55.6,53.3,26.4,24.2,76.2,84.0,87.0,0.75,12.53,6.67,6.39,3.43,1.69,3.81,5.04,4.35,False,,33.5,37.89,31.7465,54.05,"{""trend"":{""T1_ema_stack"":{""value"":[false,false,false],""score"":0.0},""T2_ema50_slope"":{""value"":-0.696219381464778,""score"":0},""T3_high_proximity"":{""value"":0.7082452431289641,""score"":0},""T4_rs_1m"":{""value"":-0.2704487890188292,""score"":0},""T5_rs_3m"":{""value"":-0.31934911067308525,""score"":0},""T6_adr_healthy"":{""value"":5.123831314936585,""score"":100.0},""_score"":5.0},""geometry"":{""sub_contraction_count"":100.0,""sub_reduction_rate"":0,""sub_pivot_tightness"":0,""sub_volume_dryup"":56.7,""sub_base_depth"":66.0,""sub_base_duration"":100.0,""_score"":50.11},""compression"":{""VC1_atr_ratio"":{""value"":0.35246774141458237,""score"":100},""VC2_range_contraction"":{""value"":0.7857409146285285,""score"":35.70984756191192},""VC3_range_pct_rank"":{""score"":12.5},""_score"":55.62},""sr_quality"":{""SR1_touches"":{""value"":2,""score"":25.0},""SR2_tightness"":{""value"":0.2375000000000007,""score"":71.06808788340214},""SR3_recency"":{""value"":237,""score"":0.0},""SR4_price_location"":{""score"":80.40243637154657},""SR5_reaction"":{""value"":2.1790298020448113,""score"":100},""_score"":53.26,""_levels_found"":6,""_target_level"":34.5725},""volume"":{""V1_rvol_day"":{""value"":0.6481069329808488,""score"":9.873795532056583},""V2_rvol_sameslot"":{""value"":0.6308487890864449,""score"":8.723252605762994,""status"":""ok""},""V3_breakout_bar"":{""value"":1.2529108639062634,""score"":50.1940575937509},""V4_base_dryup"":{""value"":0.9934391827172442,""score"":50.65608172827558},""V5_bo_expansion"":{""value"":0.6481069329808488,""score"":0},""_score"":26.4},""readiness"":{""_distance_atr"":2.674,""BR1_atr_distance"":{""score"":0},""BR2_compression"":{""score"":26.71886431525744},""BR3_retest"":{""score"":50.0},""BR4_bo_age"":{""score"":50.0},""_score"":24.18},""risk"":{""R1_stop_clarity"":{""score"":41.10680878834009},""R2_stop_distance_pct"":{""value"":5.234179104477625,""score"":100.0},""R3_stop_distance_atr"":{""value"":1.0680139221231262,""score"":78.4006961061563},""R4_rr_potential"":{""value"":11.719752487952295,""score"":100.0},""_score"":76.15},""market"":{""M1_spy_regime"":{""score"":100.0},""M3_earnings_risk"":{""value"":null,""score"":80.0},""M4_vix"":{""value"":null,""score"":60.0},""_score"":84.0},""liquidity"":{""L1_price"":{""value"":33.5,""score"":100.0},""L2_dollar_vol"":{""value"":51084357.5281115,""score"":85.41439678831759},""L3_spread_proxy"":{""value"":0.07149253731343293,""score"":28.507462686567067},""L4_volume_zscore"":{""value"":-0.7674481066249624,""score"":100.0},""_score"":87.02},""pattern_structure"":{""n_contractions"":5,""contractions_pct"":[15.17,11.67,13.41,23.55,14.94],""descending_strict"":false,""final_low"":32.23,""final_pivot"":37.89,""structural_low"":32.23,""dry_up_ratio"":0.7165472108124186,""current_price"":33.5,""neckline_distance_pct"":0.131044776119403,""base_bars"":49},""pattern_geometry_features"":{""contraction_count"":5.0,""first_contraction_pct"":0.15168423227939665,""last_contraction_pct"":0.1493797835840592,""dry_up_ratio"":0.7165472108124186,""near_monotone"":0.0,""base_depth_pct"":0.3339532961355653},""_schema_version"":""1.0""}",,,,,,,,,,
20260519T210226Z-93bc42,2026-05-19T21:02:26.159542+00:00,HBAN,vcp,invalidated,44.64,17.3,55.3,62.4,50.1,16.2,30.7,10.0,84.0,98.3,2.59,13.84,7.49,6.02,2.1,2.15,0.5,5.04,4.92,True,risk_unclear,15.46,17.345,15.9767,20.035,"{""trend"":{""T1_ema_stack"":{""value"":[false,false,false],""score"":0.0},""T2_ema50_slope"":{""value"":-0.06336084709804993,""score"":39.43985881699168},""T3_high_proximity"":{""value"":0.858411993337035,""score"":29.205996668517475},""T4_rs_1m"":{""value"":-0.12907560707168586,""score"":0},""T5_rs_3m"":{""value"":-0.20495536955244997,""score"":0},""T6_adr_healthy"":{""value"":2.2847336180090347,""score"":100.0},""_score"":17.27},""geometry"":{""sub_contraction_count"":100.0,""sub_reduction_rate"":14.4,""sub_pivot_tightness"":50.1,""sub_volume_dryup"":0,""sub_base_depth"":92.3,""sub_base_duration"":100.0,""_score"":55.34},""compression"":{""VC1_atr_ratio"":{""value"":0.5136245979899784,""score"":100},""VC2_range_contraction"":{""value"":0.9260592051958463,""score"":12.323465800692288},""VC3_range_pct_rank"":{""score"":72.5},""_score"":62.44},""sr_quality"":{""SR1_touches"":{""value"":3,""score"":50.0},""SR2_tightness"":{""value"":0.07575545451575626,""score"":59.91017338043515},""SR3_recency"":{""value"":241,""score"":0.0},""SR4_price_location"":{""score"":44.56671251719411},""SR5_reaction"":{""value"":2.0286020286020303,""score"":100},""_score"":50.13,""_levels_found"":6,""_target_level"":16.1317},""volume"":{""V1_rvol_day"":{""value"":0.5531751959417234,""score"":3.545013062781558},""V2_rvol_sameslot"":{""value"":0.43866141109442414,""score"":0,""status"":""ok""},""V3_breakout_bar"":{""value"":0.7379985295271917,""score"":15.866568635146114},""V4_base_dryup"":{""value"":0.9245289106040941,""score"":57.547108939590586},""V5_bo_expansion"":{""value"":0.5531751959417234,""score"":0},""_score"":16.19},""readiness"":{""_distance_atr"":4.988,""BR1_atr_distance"":{""score"":0},""BR2_compression"":{""score"":52.63885177527655},""BR3_retest"":{""score"":50.0},""BR4_bo_age"":{""score"":50.0},""_score"":30.66},""risk"":{""R1_stop_clarity"":{""score"":0},""R2_stop_distance_pct"":{""value"":-3.3421733505821365,""score"":0.0},""R3_stop_distance_atr"":{""value"":-1.3671895671895637,""score"":0.0},""R4_rr_potential"":{""value"":null,""score"":50.0},""_score"":10.0},""market"":{""M1_spy_regime"":{""score"":100.0},""M3_earnings_risk"":{""value"":null,""score"":80.0},""M4_vix"":{""value"":null,""score"":60.0},""_score"":84.0},""liquidity"":{""L1_price"":{""value"":15.46,""score"":100.0},""L2_dollar_vol"":{""value"":177656173.80887026,""score"":100.0},""L3_spread_proxy"":{""value"":0.016817593790426893,""score"":83.1824062095731},""L4_volume_zscore"":{""value"":-1.235944003360627,""score"":100.0},""_score"":98.32},""pattern_structure"":{""n_contractions"":5,""contractions_pct"":[11.08,12.28,9.46,4.96,6.49],""descending_strict"":false,""final_low"":16.22,""final_pivot"":17.345,""structural_low"":16.22,""dry_up_ratio"":1.0717011238761622,""current_price"":15.46,""neckline_distance_pct"":0.12192755498059495,""base_bars"":64},""pattern_geometry_features"":{""contraction_count"":5.0,""first_contraction_pct"":0.11078794288736113,""last_contraction_pct"":0.06486019025655809,""dry_up_ratio"":1.0717011238761622,""near_monotone"":0.0,""base_depth_pct"":0.14225277630883137},""_schema_version"":""1.0""}",,,,,,,,,,
20260519T210226Z-93bc42,2026-05-19T21:02:26.159542+00:00,INOD,vcp,breakout_confirmed,44.62,86.1,45.0,4.4,44.1,7.3,26.0,45.7,84.0,90.9,12.91,11.25,0.53,5.29,0.95,1.82,2.28,5.04,4.54,False,,88.19,48.92,39.0454,57.81,"{""trend"":{""T1_ema_stack"":{""value"":[true,true,true],""score"":100.0},""T2_ema50_slope"":{""value"":0.6918433653947327,""score"":100},""T3_high_proximity"":{""value"":0.8493691611287681,""score"":24.68458056438405},""T4_rs_1m"":{""value"":0.8434924514260795,""score"":100},""T5_rs_3m"":{""value"":0.9091160669541312,""score"":100},""T6_adr_healthy"":{""value"":10.107861885670799,""score"":47.30345285823003},""_score"":86.07},""geometry"":{""sub_contraction_count"":100.0,""sub_reduction_rate"":0,""sub_pivot_tightness"":0,""sub_volume_dryup"":0,""sub_base_depth"":100.0,""sub_base_duration"":100.0,""_score"":45.0},""compression"":{""VC1_atr_ratio"":{""value"":1.8146385379071344,""score"":0},""VC2_range_contraction"":{""value"":2.10006804788808,""score"":0},""VC3_range_pct_rank"":{""score"":17.500000000000004},""_score"":4.38},""sr_quality"":{""SR1_touches"":{""value"":3,""score"":50.0},""SR2_tightness"":{""value"":0.8355038400071342,""score"":86.02524259437749},""SR3_recency"":{""value"":299,""score"":0.0},""SR4_price_location"":{""score"":30.0},""SR5_reaction"":{""value"":1.1602368442676103,""score"":58.01184221338052},""_score"":44.11,""_levels_found"":4,""_target_level"":65.99},""volume"":{""V1_rvol_day"":{""value"":0.5933650645744091,""score"":6.224337638293939},""V2_rvol_sameslot"":{""value"":0.7477977531199534,""score"":16.519850207996896,""status"":""ok""},""V3_breakout_bar"":{""value"":0.6677031868863292,""score"":11.180212459088617},""V4_base_dryup"":{""value"":1.5277833708222461,""score"":0},""V5_bo_expansion"":{""value"":0.5933650645744091,""score"":0},""_score"":7.34},""readiness"":{""_distance_atr"":-3.284,""BR1_atr_distance"":{""score"":0},""BR2_compression"":{""score"":34.120717584259644},""BR3_retest"":{""score"":50.0},""BR4_bo_age"":{""score"":50.0},""_score"":26.03},""risk"":{""R1_stop_clarity"":{""score"":90.05463487359653},""R2_stop_distance_pct"":{""value"":55.72581925388366,""score"":0.0},""R3_stop_distance_atr"":{""value"":4.1099982424407004,""score"":94.50008787796497},""R4_rr_potential"":{""value"":-0.6181757507437236,""score"":0.0},""_score"":45.69},""market"":{""M1_spy_regime"":{""score"":100.0},""M3_earnings_risk"":{""value"":null,""score"":80.0},""M4_vix"":{""value"":null,""score"":60.0},""_score"":84.0},""liquidity"":{""L1_price"":{""value"":88.19,""score"":100.0},""L2_dollar_vol"":{""value"":156560892.6213681,""score"":100.0},""L3_spread_proxy"":{""value"":0.09116679895679773,""score"":8.833201043202266},""L4_volume_zscore"":{""value"":-0.2718772563498938,""score"":100.0},""_score"":90.88},""pattern_structure"":{""n_contractions"":5,""contractions_pct"":[15.51,10.27,25.44,19.26,18.97],""descending_strict"":false,""final_low"":39.64,""final_pivot"":48.92,""structural_low"":39.64,""dry_up_ratio"":4.938605019848311,""current_price"":88.19,""neckline_distance_pct"":-0.44528858147182215,""base_bars"":42},""pattern_geometry_features"":{""contraction_count"":5.0,""first_contraction_pct"":0.1551205439934061,""last_contraction_pct"":0.18969746524938677,""dry_up_ratio"":4.938605019848311,""near_monotone"":0.0,""base_depth_pct"":0.1831856583556563},""_schema_version"":""1.0""}",,,,,,,,,,
20260519T210226Z-93bc42,2026-05-19T21:02:26.159542+00:00,FTAI,vcp,absent,44.59,24.2,38.3,50.8,54.7,25.3,27.8,74.3,84.0,94.7,3.63,9.58,6.1,6.56,3.29,1.94,3.71,5.04,4.74,False,,223.49,278.0,214.8876,243.96,"{""trend"":{""T1_ema_stack"":{""value"":[false,false,true],""score"":33.33333333333333},""T2_ema50_slope"":{""value"":0.02695536423701239,""score"":54.49256070616873},""T3_high_proximity"":{""value"":0.7208424719391047,""score"":0},""T4_rs_1m"":{""value"":-0.16669200314799282,""score"":0},""T5_rs_3m"":{""value"":-0.2908483780952381,""score"":0},""T6_adr_healthy"":{""value"":6.637269760646412,""score"":100.0},""_score"":24.23},""geometry"":{""sub_contraction_count"":100.0,""sub_reduction_rate"":0,""sub_pivot_tightness"":0,""sub_volume_dryup"":22.1,""sub_base_depth"":0.0,""sub_base_duration"":100.0,""_score"":38.31},""compression"":{""VC1_atr_ratio"":{""value"":0.5774847068680198,""score"":100},""VC2_range_contraction"":{""value"":1.152960896127337,""score"":0},""VC3_range_pct_rank"":{""score"":43.333333333333336},""_score"":50.83},""sr_quality"":{""SR1_touches"":{""value"":5,""score"":100},""SR2_tightness"":{""value"":1.2978738311561624,""score"":86.97044642951347},""SR3_recency"":{""value"":236,""score"":0.0},""SR4_price_location"":{""score"":0.6089661088350187},""SR5_reaction"":{""value"":1.5299176789478974,""score"":76.49588394739487},""_score"":54.67,""_levels_found"":5,""_target_level"":256.002},""volume"":{""V1_rvol_day"":{""value"":1.1112436935968855,""score"":40.7495795731257},""V2_rvol_sameslot"":{""value"":0.9415977490690985,""score"":29.439849937939904,""status"":""ok""},""V3_breakout_bar"":{""value"":1.0914173723433602,""score"":39.427824822890685},""V4_base_dryup"":{""value"":1.4857048230276535,""score"":1.429517697234644},""V5_bo_expansion"":{""value"":1.1112436935968852,""score"":7.41624623979235},""_score"":25.29},""readiness"":{""_distance_atr"":2.736,""BR1_atr_distance"":{""score"":0},""BR2_compression"":{""score"":40.99825303146968},""BR3_retest"":{""score"":50.0},""BR4_bo_age"":{""score"":50.0},""_score"":27.75},""risk"":{""R1_stop_clarity"":{""score"":67.14787671920485},""R2_stop_distance_pct"":{""value"":3.8491207660298072,""score"":100.0},""R3_stop_distance_atr"":{""value"":0.4318040357393846,""score"":46.59020178696923},""R4_rr_potential"":{""value"":2.3795684925137124,""score"":68.97842462568562},""_score"":74.29},""market"":{""M1_spy_regime"":{""score"":100.0},""M3_earnings_risk"":{""value"":null,""score"":80.0},""M4_vix"":{""value"":null,""score"":60.0},""_score"":84.0},""liquidity"":{""L1_price"":{""value"":223.49,""score"":100.0},""L2_dollar_vol"":{""value"":409003987.1799068,""score"":100.0},""L3_spread_proxy"":{""value"":0.05270929348069265,""score"":47.29070651930735},""L4_volume_zscore"":{""value"":0.26383551494646645,""score"":100.0},""_score"":94.73},""pattern_structure"":{""n_contractions"":5,""contractions_pct"":[11.98,11.72,31.43,12.47,21.53],""descending_strict"":false,""final_low"":218.16,""final_pivot"":278.0,""structural_low"":218.16,""dry_up_ratio"":0.8893742770109476,""current_price"":223.49,""neckline_distance_pct"":0.24390353035930015,""base_bars"":90},""pattern_geometry_features"":{""contraction_count"":5.0,""first_contraction_pct"":0.11975885292200744,""last_contraction_pct"":0.2152517985611511,""dry_up_ratio"":0.8893742770109476,""near_monotone"":0.0,""base_depth_pct"":-0.18487942646100364},""_schema_version"":""1.0""}",,,,,,,,,,
20260519T210226Z-93bc42,2026-05-19T21:02:26.159542+00:00,XEL,vcp,absent,44.37,39.1,44.6,45.9,40.9,21.2,29.0,45.0,84.0,97.2,5.86,11.15,5.5,4.91,2.76,2.03,2.25,5.04,4.86,True,risk_unclear,79.73,81.86,76.1897,81.5,"{""trend"":{""T1_ema_stack"":{""value"":[false,false,true],""score"":33.33333333333333},""T2_ema50_slope"":{""value"":0.01951832241392515,""score"":53.25305373565419},""T3_high_proximity"":{""value"":0.9501847217256585,""score"":75.09236086282922},""T4_rs_1m"":{""value"":-0.042634589197111494,""score"":7.365410802888505},""T5_rs_3m"":{""value"":-0.06849778684599528,""score"":15.75110657700236},""T6_adr_healthy"":{""value"":2.0177176504277843,""score"":100.0},""_score"":39.08},""geometry"":{""sub_contraction_count"":100.0,""sub_reduction_rate"":0,""sub_pivot_tightness"":64.1,""sub_volume_dryup"":0,""sub_base_depth"":0.0,""sub_base_duration"":100.0,""_score"":44.61},""compression"":{""VC1_atr_ratio"":{""value"":0.4943461931385566,""score"":100},""VC2_range_contraction"":{""value"":0.9316434563880077,""score"":11.392757268665381},""VC3_range_pct_rank"":{""score"":7.499999999999996},""_score"":45.86},""sr_quality"":{""SR1_touches"":{""value"":2,""score"":25.0},""SR2_tightness"":{""value"":0.4024999999999963,""score"":53.90593047034804},""SR3_recency"":{""value"":270,""score"":0.0},""SR4_price_location"":{""score"":62.745098039215954},""SR5_reaction"":{""value"":1.2869120654396706,""score"":64.34560327198353},""_score"":40.92,""_levels_found"":8,""_target_level"":80.5375},""volume"":{""V1_rvol_day"":{""value"":0.6900878152108133,""score"":12.672521014054219},""V2_rvol_sameslot"":{""value"":0.5021006375581729,""score"":0.14004250387819422,""status"":""ok""},""V3_breakout_bar"":{""value"":0.832093802347201,""score"":22.139586823146733},""V4_base_dryup"":{""value"":0.843361873365414,""score"":65.6638126634586},""V5_bo_expansion"":{""value"":0.6900878152108133,""score"":0},""_score"":21.23},""readiness"":{""_distance_atr"":1.22,""BR1_atr_distance"":{""score"":18.69120654396741},""BR2_compression"":{""score"":16.081184574314587},""BR3_retest"":{""score"":50.0},""BR4_bo_age"":{""score"":50.0},""_score"":29.0},""risk"":{""R1_stop_clarity"":{""score"":0},""R2_stop_distance_pct"":{""value"":4.440298507462705,""score"":100.0},""R3_stop_distance_atr"":{""value"":2.027137014314938,""score"":100.0},""R4_rr_potential"":{""value"":0.4999646917590534,""score"":0.0},""_score"":45.0},""market"":{""M1_spy_regime"":{""score"":100.0},""M3_earnings_risk"":{""value"":null,""score"":80.0},""M4_vix"":{""value"":null,""score"":60.0},""_score"":84.0},""liquidity"":{""L1_price"":{""value"":79.73,""score"":100.0},""L2_dollar_vol"":{""value"":287821217.8800502,""score"":100.0},""L3_spread_proxy"":{""value"":0.02746770349931014,""score"":72.53229650068985},""L4_volume_zscore"":{""value"":-0.8957038649448125,""score"":100.0},""_score"":97.25},""pattern_structure"":{""n_contractions"":5,""contractions_pct"":[3.74,3.91,7.84,5.63,5.51],""descending_strict"":false,""final_low"":77.35,""final_pivot"":81.86,""structural_low"":77.35,""dry_up_ratio"":1.2003041685574969,""current_price"":79.73,""neckline_distance_pct"":0.026715163677411204,""base_bars"":57},""pattern_geometry_features"":{""contraction_count"":5.0,""first_contraction_pct"":0.037407455513703024,""last_contraction_pct"":0.05509406303444912,""dry_up_ratio"":1.2003041685574969,""near_monotone"":0.0,""base_depth_pct"":-0.004675931939212878},""_schema_version"":""1.0""}",,,,,,,,,,
20260519T210226Z-93bc42,2026-05-19T21:02:26.159542+00:00,VNET,bull_flag,absent,44.37,58.1,48.2,21.6,41.2,4.9,34.7,82.8,84.0,88.1,8.13,14.45,1.94,4.12,0.68,3.12,2.49,5.04,4.4,False,,10.09,12.02,9.3526,15.355,"{""trend"":{""T1_ema_stack"":{""value"":[true,true,true],""score"":100.0},""T2_ema50_slope"":{""value"":-0.08214030734704866,""score"":36.30994877549189},""T3_high_proximity"":{""value"":0.8107673764564082,""score"":5.383688228204065},""T4_rs_1m"":{""value"":0.061450158767551555,""score"":100},""T5_rs_3m"":{""value"":-0.2593339646229137,""score"":0},""T6_adr_healthy"":{""value"":5.511408245964193,""score"":100.0},""_score"":58.07},""geometry"":{""sub_pole_impulse"":100.0,""sub_flag_tightness"":24.0,""sub_flag_shallowness"":0,""sub_flag_drift"":81.1,""sub_flag_duration"":0.0,""_score"":48.16},""compression"":{""VC1_atr_ratio"":{""value"":0.8781570019793439,""score"":30.46074950516403},""VC2_range_contraction"":{""value"":1.5947986399696952,""score"":0},""VC3_range_pct_rank"":{""score"":37.5},""_score"":21.56},""sr_quality"":{""SR1_touches"":{""value"":2,""score"":25.0},""SR2_tightness"":{""value"":0.10749999999999993,""score"":71.40142517814728},""SR3_recency"":{""value"":272,""score"":0.0},""SR4_price_location"":{""score"":32.06307490144544},""SR5_reaction"":{""value"":2.560570071258909,""score"":100},""_score"":41.23,""_levels_found"":6,""_target_level"":11.3825},""volume"":{""V1_rvol_day"":{""value"":0.515239988034109,""score"":1.0159992022739317},""V2_rvol_sameslot"":{""value"":0.4770149359078745,""score"":0,""status"":""ok""},""V3_breakout_bar"":{""value"":0.409160193994949,""score"":0},""V4_base_dryup"":{""value"":1.2666320097909154,""score"":23.336799020908458},""V5_bo_expansion"":{""value"":0.5152399880341089,""score"":0},""_score"":4.87},""readiness"":{""_distance_atr"":2.567,""BR1_atr_distance"":{""score"":0},""BR2_compression"":{""score"":68.73544345580531},""BR3_retest"":{""score"":50.0},""BR4_bo_age"":{""score"":50.0},""_score"":34.68},""risk"":{""R1_stop_clarity"":{""score"":62.110213776722254},""R2_stop_distance_pct"":{""value"":7.308473736372647,""score"":100.0},""R3_stop_distance_atr"":{""value"":0.9808978622327792,""score"":74.04489311163896},""R4_rr_potential"":{""value"":7.139709122961656,""score"":100.0},""_score"":82.85},""market"":{""M1_spy_regime"":{""score"":100.0},""M3_earnings_risk"":{""value"":null,""score"":80.0},""M4_vix"":{""value"":null,""score"":60.0},""_score"":84.0},""liquidity"":{""L1_price"":{""value"":10.09,""score"":100.0},""L2_dollar_vol"":{""value"":50443545.295749284,""score"":85.14028011261003},""L3_spread_proxy"":{""value"":0.059960356788899945,""score"":40.039643211100056},""L4_volume_zscore"":{""value"":-0.3467464507738428,""score"":100.0},""_score"":88.06},""pattern_structure"":{""pole_low"":8.685,""pole_low_idx"":6,""peak_price"":12.02,""peak_idx"":30,""pole_gain"":0.38399539435808855,""flag_bars"":29,""flag_low"":9.495,""flag_high"":11.6,""structural_low"":9.495,""current_price"":10.14,""neckline_distance_pct"":0.185404339250493,""base_bars"":29},""pattern_geometry_features"":{""pole_gain"":0.38399539435808855,""pullback_pct"":0.21006655574043265,""flag_range_pct"":0.1751247920133112,""flag_drift_per_bar"":-0.0037808173259101705,""atr_pct"":0.0745079994336684,""pole_atr_multiple"":5.15374721206875},""_schema_version"":""1.0""}",,,,,,,,,,
20260519T210226Z-93bc42,2026-05-19T21:02:26.159542+00:00,ALKT,vcp,absent,44.33,21.9,38.2,52.4,55.5,28.0,25.8,77.8,84.0,83.6,3.28,9.55,6.29,6.66,3.64,1.81,3.89,5.04,4.18,False,,16.76,18.16,15.8536,19.595,"{""trend"":{""T1_ema_stack"":{""value"":[false,false,false],""score"":0.0},""T2_ema50_slope"":{""value"":-0.08893757088935128,""score"":35.17707151844145},""T3_high_proximity"":{""value"":0.9025309639203016,""score"":51.265481960150794},""T4_rs_1m"":{""value"":-0.091063619554555,""score"":0},""T5_rs_3m"":{""value"":-0.07150624926710836,""score"":14.24687536644582},""T6_adr_healthy"":{""value"":5.153066875282955,""score"":100.0},""_score"":21.86},""geometry"":{""sub_contraction_count"":100.0,""sub_reduction_rate"":0,""sub_pivot_tightness"":0,""sub_volume_dryup"":0,""sub_base_depth"":31.9,""sub_base_duration"":100.0,""_score"":38.19},""compression"":{""VC1_atr_ratio"":{""value"":0.41929683029438647,""score"":100},""VC2_range_contraction"":{""value"":0.9837798741879834,""score"":2.703354302002766},""VC3_range_pct_rank"":{""score"":45.833333333333336},""_score"":52.4},""sr_quality"":{""SR1_touches"":{""value"":3,""score"":50.0},""SR2_tightness"":{""value"":0.04109071265707855,""score"":91.0690392125953},""SR3_recency"":{""value"":252,""score"":0.0},""SR4_price_location"":{""score"":47.25140953357267},""SR5_reaction"":{""value"":2.6326207442596994,""score"":100},""_score"":55.47,""_levels_found"":6,""_target_level"":17.5833},""volume"":{""V1_rvol_day"":{""value"":0.8039554963664347,""score"":20.263699757762314},""V2_rvol_sameslot"":{""value"":0.7899044547535812,""score"":19.326963650238746,""status"":""ok""},""V3_breakout_bar"":{""value"":0.9727907573080965,""score"":31.519383820539765},""V4_base_dryup"":{""value"":0.888984932524947,""score"":61.1015067475053},""V5_bo_expansion"":{""value"":0.8039554963664347,""score"":0},""_score"":28.02},""readiness"":{""_distance_atr"":1.521,""BR1_atr_distance"":{""score"":0},""BR2_compression"":{""score"":33.140330131638066},""BR3_retest"":{""score"":50.0},""BR4_bo_age"":{""score"":50.0},""_score"":25.79},""risk"":{""R1_stop_clarity"":{""score"":47.5268967444461},""R2_stop_distance_pct"":{""value"":5.4082637231503705,""score"":100.0},""R3_stop_distance_atr"":{""value"":0.9850457205843565,""score"":74.25228602921783},""R4_rr_potential"":{""value"":3.1276718978404103,""score"":100.0},""_score"":77.77},""market"":{""M1_spy_regime"":{""score"":100.0},""M3_earnings_risk"":{""value"":null,""score"":80.0},""M4_vix"":{""value"":null,""score"":60.0},""_score"":84.0},""liquidity"":{""L1_price"":{""value"":16.76,""score"":100.0},""L2_dollar_vol"":{""value"":26091571.166323483,""score"":70.82501159839816},""L3_spread_proxy"":{""value"":0.04773269689737474,""score"":52.267303102625256},""L4_volume_zscore"":{""value"":-0.6223241815094822,""score"":100.0},""_score"":83.56},""pattern_structure"":{""n_contractions"":5,""contractions_pct"":[8.5,21.5,13.03,14.59,11.37],""descending_strict"":false,""final_low"":16.095,""final_pivot"":18.16,""structural_low"":16.095,""dry_up_ratio"":1.205749070319382,""current_price"":16.76,""neckline_distance_pct"":0.08353221957040563,""base_bars"":51},""pattern_geometry_features"":{""contraction_count"":5.0,""first_contraction_pct"":0.08499714774672001,""last_contraction_pct"":0.11371145374449346,""dry_up_ratio"":1.205749070319382,""near_monotone"":0.0,""base_depth_pct"":0.08185966913861964},""_schema_version"":""1.0""}",,,,,,,,,,
20260519T210226Z-93bc42,2026-05-19T21:02:26.159542+00:00,NG,double_bottom,absent,44.11,13.3,39.8,63.5,34.4,37.2,43.5,76.2,84.0,86.6,2.0,9.96,5.08,4.81,4.84,3.48,4.57,5.04,4.33,False,,7.73,8.29,7.5451,8.92,"{""trend"":{""T1_ema_stack"":{""value"":[false,false,true],""score"":33.33333333333333},""T2_ema50_slope"":{""value"":-0.48786819866068026,""score"":0},""T3_high_proximity"":{""value"":0.5443661971830986,""score"":0},""T4_rs_1m"":{""value"":-0.31621920422537064,""score"":0},""T5_rs_3m"":{""value"":-0.33988001386728794,""score"":0},""T6_adr_healthy"":{""value"":5.268495836588749,""score"":100.0},""_score"":13.33},""geometry"":{""sub_low_similarity"":6.9,""sub_bounce_quality"":74.6,""sub_separation_fit"":100.0,""sub_right_bottom_reaction"":12.2,""sub_base_context"":30.0,""_score"":39.82},""compression"":{""VC1_atr_ratio"":{""value"":0.4673831380128816,""score"":100},""VC2_range_contraction"":{""value"":1.0796902935731885,""score"":0},""VC3_range_pct_rank"":{""score"":94.16666666666667},""_score"":63.54},""sr_quality"":{""SR1_touches"":{""value"":2,""score"":25.0},""SR2_tightness"":{""value"":0.09499999999999975,""score"":64.05842532664956},""SR3_recency"":{""value"":253,""score"":0.0},""SR4_price_location"":{""score"":9.10683012259198},""SR5_reaction"":{""value"":2.596305854693349,""score"":100},""_score"":34.39,""_levels_found"":7,""_target_level"":8.595},""volume"":{""V1_rvol_day"":{""value"":1.2404710498446165,""score"":49.36473665630777},""V2_rvol_sameslot"":{""value"":1.024167947766121,""score"":34.944529851074726,""status"":""ok""},""V3_breakout_bar"":{""value"":1.2298369505104867,""score"":48.65579670069911},""V4_base_dryup"":{""value"":1.209178869858598,""score"":29.082113014140205},""V5_bo_expansion"":{""value"":1.2404710498446165,""score"":16.031403322974434},""_score"":37.25},""readiness"":{""_distance_atr"":1.059,""BR1_atr_distance"":{""score"":29.37795853657454},""BR2_compression"":{""score"":56.85188245835009},""BR3_retest"":{""score"":50.0},""BR4_bo_age"":{""score"":50.0},""_score"":43.46},""risk"":{""R1_stop_clarity"":{""score"":56.52961126349481},""R2_stop_distance_pct"":{""value"":2.3919793014230364,""score"":100.0},""R3_stop_distance_atr"":{""value"":0.34976827142644956,""score"":42.48841357132248},""R4_rr_potential"":{""value"":6.4359113034072095,""score"":100.0},""_score"":76.16},""market"":{""M1_spy_regime"":{""score"":100.0},""M3_earnings_risk"":{""value"":null,""score"":80.0},""M4_vix"":{""value"":null,""score"":60.0},""_score"":84.0},""liquidity"":{""L1_price"":{""value"":7.73,""score"":98.86500000000001},""L2_dollar_vol"":{""value"":29962089.312125012,""score"":73.82860471220187},""L3_spread_proxy"":{""value"":0.02652005174644244,""score"":73.47994825355757},""L4_volume_zscore"":{""value"":0.47095296925321783,""score"":100.0},""_score"":86.6},""pattern_structure"":{""left_low"":8.025,""left_idx"":64,""right_low"":7.66,""right_idx"":74,""separation_bars"":10,""structural_low"":7.66,""current_price"":7.7,""neckline_distance_pct"":0.07662337662337648,""base_bars"":10},""pattern_geometry_features"":{""low_similarity_pct"":0.046541281479120206,""bounce_pct"":0.08224543080939935,""right_bottom_reaction"":0.12195121951219248,""atr_pct"":0.06838754389207169},""_schema_version"":""1.0""}",,,,,,,,,,
20260519T210226Z-93bc42,2026-05-19T21:02:26.159542+00:00,BTU,vcp,absent,44.11,13.3,39.2,73.9,49.9,23.5,18.9,69.6,84.0,91.4,2.0,9.79,8.87,5.99,3.06,1.32,3.48,5.04,4.57,False,,23.74,27.74,23.2263,42.5752,"{""trend"":{""T1_ema_stack"":{""value"":[false,false,true],""score"":33.33333333333333},""T2_ema50_slope"":{""value"":-0.8137198857822974,""score"":0},""T3_high_proximity"":{""value"":0.6010126582278481,""score"":0},""T4_rs_1m"":{""value"":-0.11227186435774439,""score"":0},""T5_rs_3m"":{""value"":-0.35599823170141587,""score"":0},""T6_adr_healthy"":{""value"":3.983085002339698,""score"":100.0},""_score"":13.33},""geometry"":{""sub_contraction_count"":100.0,""sub_reduction_rate"":0,""sub_pivot_tightness"":0,""sub_volume_dryup"":18.5,""sub_base_depth"":13.8,""sub_base_duration"":100.0,""_score"":39.16},""compression"":{""VC1_atr_ratio"":{""value"":0.27694828389333664,""score"":100},""VC2_range_contraction"":{""value"":0.840452965640929,""score"":26.591172393178507},""VC3_range_pct_rank"":{""score"":98.33333333333333},""_score"":73.89},""sr_quality"":{""SR1_touches"":{""value"":2,""score"":25.0},""SR2_tightness"":{""value"":0.07500000000000107,""score"":86.247544204322},""SR3_recency"":{""value"":229,""score"":0.0},""SR4_price_location"":{""score"":57.779960707269154},""SR5_reaction"":{""value"":2.1407989521938466,""score"":100},""_score"":49.88,""_levels_found"":6,""_target_level"":25.275},""volume"":{""V1_rvol_day"":{""value"":0.6769701503441693,""score"":11.79801002294462},""V2_rvol_sameslot"":{""value"":0.6245116016075072,""score"":8.30077344050048,""status"":""ok""},""V3_breakout_bar"":{""value"":0.8223971612331866,""score"":21.493144082212442},""V4_base_dryup"":{""value"":0.7933610009195048,""score"":70.66389990804953},""V5_bo_expansion"":{""value"":0.6769701503441691,""score"":0},""_score"":23.53},""readiness"":{""_distance_atr"":3.667,""BR1_atr_distance"":{""score"":0},""BR2_compression"":{""score"":5.666697724127627},""BR3_retest"":{""score"":50.0},""BR4_bo_age"":{""score"":50.0},""_score"":18.92},""risk"":{""R1_stop_clarity"":{""score"":35.143418467583516},""R2_stop_distance_pct"":{""value"":2.163858466722831,""score"":100.0},""R3_stop_distance_atr"":{""value"":0.47097576948264575,""score"":48.54878847413229},""R4_rr_potential"":{""value"":36.665758224644726,""score"":100.0},""_score"":69.58},""market"":{""M1_spy_regime"":{""score"":100.0},""M3_earnings_risk"":{""value"":null,""score"":80.0},""M4_vix"":{""value"":null,""score"":60.0},""_score"":84.0},""liquidity"":{""L1_price"":{""value"":23.74,""score"":100.0},""L2_dollar_vol"":{""value"":48336786.90240032,""score"":84.21388890584095},""L3_spread_proxy"":{""value"":0.02316764953664704,""score"":76.83235046335295},""L4_volume_zscore"":{""value"":-0.7185945009546346,""score"":100.0},""_score"":91.37},""pattern_structure"":{""n_contractions"":5,""contractions_pct"":[15.94,12.86,13.03,37.19,15.0],""descending_strict"":false,""final_low"":23.58,""final_pivot"":27.74,""structural_low"":23.58,""dry_up_ratio"":0.9075314016188785,""current_price"":23.74,""neckline_distance_pct"":0.16849199663016007,""base_bars"":62},""pattern_geometry_features"":{""contraction_count"":5.0,""first_contraction_pct"":0.15942127074699602,""last_contraction_pct"":0.14996395097332374,""dry_up_ratio"":0.9075314016188785,""near_monotone"":0.0,""base_depth_pct"":0.38618047023053376},""_schema_version"":""1.0""}",,,,,,,,,,
20260519T210226Z-93bc42,2026-05-19T21:02:26.159542+00:00,ISSC,vcp,invalidated,43.92,13.3,35.0,50.4,53.0,61.9,33.7,30.6,84.0,75.6,2.0,8.75,6.05,6.37,8.04,2.36,1.53,5.04,3.78,False,,15.69,26.2999,19.0795,27.3199,"{""trend"":{""T1_ema_stack"":{""value"":[false,false,true],""score"":33.33333333333333},""T2_ema50_slope"":{""value"":-0.5256115287732043,""score"":0},""T3_high_proximity"":{""value"":0.5134162303664922,""score"":0},""T4_rs_1m"":{""value"":-0.29344500003602536,""score"":0},""T5_rs_3m"":{""value"":-0.40203346015146213,""score"":0},""T6_adr_healthy"":{""value"":6.301438443273262,""score"":100.0},""_score"":13.33},""geometry"":{""sub_contraction_count"":100.0,""sub_reduction_rate"":0,""sub_pivot_tightness"":0,""sub_volume_dryup"":0,""sub_base_depth"":0.0,""sub_base_duration"":100.0,""_score"":35.0},""compression"":{""VC1_atr_ratio"":{""value"":0.43690528232945086,""score"":100},""VC2_range_contraction"":{""value"":1.042363099865008,""score"":0},""VC3_range_pct_rank"":{""score"":41.666666666666664},""_score"":50.42},""sr_quality"":{""SR1_touches"":{""value"":3,""score"":50.0},""SR2_tightness"":{""value"":0.3073904502239602,""score"":56.618064575573015},""SR3_recency"":{""value"":294,""score"":0.0},""SR4_price_location"":{""score"":58.225595895140636},""SR5_reaction"":{""value"":3.1740549767555954,""score"":100},""_score"":53.05,""_levels_found"":5,""_target_level"":17.6633},""volume"":{""V1_rvol_day"":{""value"":1.570851511220523,""score"":71.39010074803487},""V2_rvol_sameslot"":{""value"":1.8664573942009768,""score"":91.09715961339845,""status"":""ok""},""V3_breakout_bar"":{""value"":1.0903837512819279,""score"":39.35891675212852},""V4_base_dryup"":{""value"":0.8096785769243562,""score"":69.03214230756438},""V5_bo_expansion"":{""value"":1.570851511220523,""score"":38.05676741470154},""_score"":61.85},""readiness"":{""_distance_atr"":7.487,""BR1_atr_distance"":{""score"":0},""BR2_compression"":{""score"":64.70099275414996},""BR3_retest"":{""score"":50.0},""BR4_bo_age"":{""score"":50.0},""_score"":33.68},""risk"":{""R1_stop_clarity"":{""score"":58.994752997747},""R2_stop_distance_pct"":{""value"":-21.602613129381783,""score"":0.0},""R3_stop_distance_atr"":{""value"":-2.3917610471826998,""score"":0.0},""R4_rr_potential"":{""value"":null,""score"":50.0},""_score"":30.65},""market"":{""M1_spy_regime"":{""score"":100.0},""M3_earnings_risk"":{""value"":null,""score"":80.0},""M4_vix"":{""value"":null,""score"":60.0},""_score"":84.0},""liquidity"":{""L1_price"":{""value"":15.69,""score"":100.0},""L2_dollar_vol"":{""value"":13310066.07827349,""score"":56.209010577483994},""L3_spread_proxy"":{""value"":0.06841300191204586,""score"":31.586998087954143},""L4_volume_zscore"":{""value"":0.6373194384688492,""score"":100.0},""_score"":75.64},""pattern_structure"":{""n_contractions"":5,""contractions_pct"":[15.5,11.11,13.04,38.2,26.35],""descending_strict"":false,""final_low"":19.37,""final_pivot"":26.2999,""structural_low"":19.37,""dry_up_ratio"":1.4891026959636804,""current_price"":15.69,""neckline_distance_pct"":0.6762205226258765,""base_bars"":80},""pattern_geometry_features"":{""contraction_count"":5.0,""first_contraction_pct"":0.15497793035801863,""last_contraction_pct"":0.2634952984612109,""dry_up_ratio"":1.4891026959636804,""near_monotone"":0.0,""base_depth_pct"":0.05002452182442371},""_schema_version"":""1.0""}",,,,,,,,,,
20260519T210226Z-93bc42,2026-05-19T21:02:26.159542+00:00,VNET,vcp,breakout_confirmed,43.85,58.1,44.2,21.6,41.2,9.3,51.0,46.7,84.0,88.1,8.71,11.05,2.59,4.95,1.21,3.57,2.34,5.04,4.4,False,,10.09,9.37,7.8997,14.01,"{""trend"":{""T1_ema_stack"":{""value"":[true,true,true],""score"":100.0},""T2_ema50_slope"":{""value"":-0.08214030734704866,""score"":36.30994877549189},""T3_high_proximity"":{""value"":0.8107673764564082,""score"":5.383688228204065},""T4_rs_1m"":{""value"":0.061450158767551555,""score"":100},""T5_rs_3m"":{""value"":-0.2593339646229137,""score"":0},""T6_adr_healthy"":{""value"":5.511408245964193,""score"":100.0},""_score"":58.07},""geometry"":{""sub_contraction_count"":100.0,""sub_reduction_rate"":23.4,""sub_pivot_tightness"":0,""sub_volume_dryup"":0,""sub_base_depth"":33.5,""sub_base_duration"":100.0,""_score"":44.2},""compression"":{""VC1_atr_ratio"":{""value"":0.8781570019793439,""score"":30.46074950516403},""VC2_range_contraction"":{""value"":1.5947986399696952,""score"":0},""VC3_range_pct_rank"":{""score"":37.5},""_score"":21.56},""sr_quality"":{""SR1_touches"":{""value"":2,""score"":25.0},""SR2_tightness"":{""value"":0.10749999999999993,""score"":71.40142517814728},""SR3_recency"":{""value"":272,""score"":0.0},""SR4_price_location"":{""score"":32.06307490144544},""SR5_reaction"":{""value"":2.560570071258909,""score"":100},""_score"":41.23,""_levels_found"":6,""_target_level"":11.3825},""volume"":{""V1_rvol_day"":{""value"":0.515239988034109,""score"":1.0159992022739317},""V2_rvol_sameslot"":{""value"":0.4770149359078745,""score"":0,""status"":""ok""},""V3_breakout_bar"":{""value"":0.409160193994949,""score"":0},""V4_base_dryup"":{""value"":1.0462269525583112,""score"":45.37730474416888},""V5_bo_expansion"":{""value"":0.5152399880341089,""score"":0},""_score"":9.28},""readiness"":{""_distance_atr"":-0.958,""BR1_atr_distance"":{""score"":40.84560570071257},""BR2_compression"":{""score"":68.73544345580531},""BR3_retest"":{""score"":50.0},""BR4_bo_age"":{""score"":50.0},""_score"":51.02},""risk"":{""R1_stop_clarity"":{""score"":67.99619952494052},""R2_stop_distance_pct"":{""value"":21.707631318136773,""score"":0.0},""R3_stop_distance_atr"":{""value"":2.9134631828978637,""score"":100.0},""R4_rr_potential"":{""value"":1.7897091722595073,""score"":39.485458612975364},""_score"":46.7},""market"":{""M1_spy_regime"":{""score"":100.0},""M3_earnings_risk"":{""value"":null,""score"":80.0},""M4_vix"":{""value"":null,""score"":60.0},""_score"":84.0},""liquidity"":{""L1_price"":{""value"":10.09,""score"":100.0},""L2_dollar_vol"":{""value"":50443545.295749284,""score"":85.14028011261003},""L3_spread_proxy"":{""value"":0.059960356788899945,""score"":40.039643211100056},""L4_volume_zscore"":{""value"":-0.3467464507738428,""score"":100.0},""_score"":88.06},""pattern_structure"":{""n_contractions"":5,""contractions_pct"":[26.54,16.5,13.76,11.85,14.41],""descending_strict"":false,""final_low"":8.02,""final_pivot"":9.37,""structural_low"":8.02,""dry_up_ratio"":3.1997748660251863,""current_price"":10.09,""neckline_distance_pct"":-0.07135777998017846,""base_bars"":46},""pattern_geometry_features"":{""contraction_count"":5.0,""first_contraction_pct"":0.2654028436018957,""last_contraction_pct"":0.14407684098185697,""dry_up_ratio"":3.1997748660251863,""near_monotone"":0.0,""base_depth_pct"":0.36650868878357035},""_schema_version"":""1.0""}",,,,,,,,,,
20260519T210226Z-93bc42,2026-05-19T21:02:26.159542+00:00,TRMB,vcp,absent,43.78,5.0,45.0,43.8,51.0,48.0,17.5,62.0,84.0,96.0,0.75,11.25,5.25,6.12,6.24,1.23,3.1,5.04,4.8,True,risk_unclear,54.56,69.79,53.7785,84.4225,"{""trend"":{""T1_ema_stack"":{""value"":[false,false,false],""score"":0.0},""T2_ema50_slope"":{""value"":-0.29919038749198207,""score"":0.13493541800298203},""T3_high_proximity"":{""value"":0.7743400510928187,""score"":0},""T4_rs_1m"":{""value"":-0.2502530004442095,""score"":0},""T5_rs_3m"":{""value"":-0.2537015934038662,""score"":0},""T6_adr_healthy"":{""value"":3.261571658158317,""score"":100.0},""_score"":5.03},""geometry"":{""sub_contraction_count"":100.0,""sub_reduction_rate"":0,""sub_pivot_tightness"":0,""sub_volume_dryup"":0,""sub_base_depth"":100.0,""sub_base_duration"":100.0,""_score"":45.0},""compression"":{""VC1_atr_ratio"":{""value"":0.5666611500222,""score"":100},""VC2_range_contraction"":{""value"":1.8467894848441393,""score"":0},""VC3_range_pct_rank"":{""score"":15.000000000000002},""_score"":43.75},""sr_quality"":{""SR1_touches"":{""value"":5,""score"":100},""SR2_tightness"":{""value"":0.6897957390416353,""score"":39.78437954193339},""SR3_recency"":{""value"":253,""score"":0.0},""SR4_price_location"":{""score"":0},""SR5_reaction"":{""value"":2.101614954856089,""score"":100},""_score"":50.97,""_levels_found"":6,""_target_level"":64.296},""volume"":{""V1_rvol_day"":{""value"":1.5786717861873583,""score"":71.91145241249055},""V2_rvol_sameslot"":{""value"":1.5419349734448482,""score"":69.46233156298987,""status"":""ok""},""V3_breakout_bar"":{""value"":1.2162807765747248,""score"":47.75205177164832},""V4_base_dryup"":{""value"":1.3996504422986147,""score"":10.034955770138538},""V5_bo_expansion"":{""value"":1.5786717861873583,""score"":38.57811907915722},""_score"":48.01},""readiness"":{""_distance_atr"":6.648,""BR1_atr_distance"":{""score"":0},""BR2_compression"":{""score"":0},""BR3_retest"":{""score"":50.0},""BR4_bo_age"":{""score"":50.0},""_score"":17.5},""risk"":{""R1_stop_clarity"":{""score"":28.508785603831214},""R2_stop_distance_pct"":{""value"":1.4322993035190679,""score"":85.80748258797671},""R3_stop_distance_atr"":{""value"":0.3410882862772499,""score"":42.054414313862495},""R4_rr_potential"":{""value"":38.213605899195265,""score"":100.0},""_score"":62.03},""market"":{""M1_spy_regime"":{""score"":100.0},""M3_earnings_risk"":{""value"":null,""score"":80.0},""M4_vix"":{""value"":null,""score"":60.0},""_score"":84.0},""liquidity"":{""L1_price"":{""value"":54.56,""score"":100.0},""L2_dollar_vol"":{""value"":197406681.2568752,""score"":100.0},""L3_spread_proxy"":{""value"":0.03995601173020527,""score"":60.04398826979473},""L4_volume_zscore"":{""value"":1.4417874647439892,""score"":100.0},""_score"":96.0},""pattern_structure"":{""n_contractions"":5,""contractions_pct"":[6.83,6.08,8.8,7.01,21.77],""descending_strict"":false,""final_low"":54.5975,""final_pivot"":69.79,""structural_low"":54.5975,""dry_up_ratio"":1.9462487564807922,""current_price"":54.56,""neckline_distance_pct"":0.279142228739003,""base_bars"":63},""pattern_geometry_features"":{""contraction_count"":5.0,""first_contraction_pct"":0.06832298136645969,""last_contraction_pct"":0.2176887806275972,""dry_up_ratio"":1.9462487564807922,""near_monotone"":0.0,""base_depth_pct"":0.21136068178535328},""_schema_version"":""1.0""}",,,,,,,,,,
20260519T210226Z-93bc42,2026-05-19T21:02:26.159542+00:00,KVYO,vcp,absent,43.66,5.0,45.0,52.9,51.1,27.7,28.4,76.2,84.0,94.8,0.75,11.25,6.35,6.13,3.6,1.99,3.81,5.04,4.74,False,,14.7,23.52,13.327,28.673,"{""trend"":{""T1_ema_stack"":{""value"":[false,false,false],""score"":0.0},""T2_ema50_slope"":{""value"":-0.4329785848421314,""score"":0},""T3_high_proximity"":{""value"":0.6300900128589799,""score"":0},""T4_rs_1m"":{""value"":-0.30248737645287416,""score"":0},""T5_rs_3m"":{""value"":-0.2623195888729837,""score"":0},""T6_adr_healthy"":{""value"":5.912559801607903,""score"":100.0},""_score"":5.0},""geometry"":{""sub_contraction_count"":100.0,""sub_reduction_rate"":0,""sub_pivot_tightness"":0,""sub_volume_dryup"":0,""sub_base_depth"":100.0,""sub_base_duration"":100.0,""_score"":45.0},""compression"":{""VC1_atr_ratio"":{""value"":0.23651979947405113,""score"":100},""VC2_range_contraction"":{""value"":1.1679214403115343,""score"":0},""VC3_range_pct_rank"":{""score"":51.66666666666666},""_score"":52.92},""sr_quality"":{""SR1_touches"":{""value"":2,""score"":25.0},""SR2_tightness"":{""value"":0.3200000000000012,""score"":59.9451033335865},""SR3_recency"":{""value"":249,""score"":0.0},""SR4_price_location"":{""score"":78.40790726576151},""SR5_reaction"":{""value"":2.2702990258970996,""score"":100},""_score"":51.09,""_levels_found"":8,""_target_level"":15.85},""volume"":{""V1_rvol_day"":{""value"":1.0370751913197263,""score"":35.805012754648416},""V2_rvol_sameslot"":{""value"":0.8089722334128743,""score"":20.598148894191617,""status"":""ok""},""V3_breakout_bar"":{""value"":1.2582716805391758,""score"":50.55144536927839},""V4_base_dryup"":{""value"":1.3308157658134843,""score"":16.91842341865157},""V5_bo_expansion"":{""value"":1.0370751913197263,""score"":2.4716794213150832},""_score"":27.67},""readiness"":{""_distance_atr"":5.52,""BR1_atr_distance"":{""score"":0},""BR2_compression"":{""score"":43.55970689866723},""BR3_retest"":{""score"":50.0},""BR4_bo_age"":{""score"":50.0},""_score"":28.39},""risk"":{""R1_stop_clarity"":{""score"":74.59643350484822},""R2_stop_distance_pct"":{""value"":9.339795918367344,""score"":66.50510204081641},""R3_stop_distance_atr"":{""value"":0.8592714121586279,""score"":67.96357060793139},""R4_rr_potential"":{""value"":10.177355329764382,""score"":100.0},""_score"":76.25},""market"":{""M1_spy_regime"":{""score"":100.0},""M3_earnings_risk"":{""value"":null,""score"":80.0},""M4_vix"":{""value"":null,""score"":60.0},""_score"":84.0},""liquidity"":{""L1_price"":{""value"":14.7,""score"":100.0},""L2_dollar_vol"":{""value"":118429877.2581456,""score"":100.0},""L3_spread_proxy"":{""value"":0.052380952380952354,""score"":47.61904761904765},""L4_volume_zscore"":{""value"":0.061369743149880716,""score"":100.0},""_score"":94.76},""pattern_structure"":{""n_contractions"":5,""contractions_pct"":[16.88,18.91,17.92,14.2,42.47],""descending_strict"":false,""final_low"":13.53,""final_pivot"":23.52,""structural_low"":13.53,""dry_up_ratio"":1.9756980691231578,""current_price"":14.7,""neckline_distance_pct"":0.6000000000000001,""base_bars"":57},""pattern_geometry_features"":{""contraction_count"":5.0,""first_contraction_pct"":0.1687630466199219,""last_contraction_pct"":0.4247448979591837,""dry_up_ratio"":1.9756980691231578,""near_monotone"":0.0,""base_depth_pct"":0.27581223572231445},""_schema_version"":""1.0""}",,,,,,,,,,
20260519T210226Z-93bc42,2026-05-19T21:02:26.159542+00:00,UEC,double_bottom,invalidated,43.44,28.5,43.3,32.7,44.9,53.1,17.5,32.7,84.0,82.5,4.27,10.82,2.62,6.29,6.9,1.4,1.96,5.04,4.12,False,,11.91,16.8281,13.5093,19.9412,"{""trend"":{""T1_ema_stack"":{""value"":[false,false,true],""score"":33.33333333333333},""T2_ema50_slope"":{""value"":0.15496042064764426,""score"":75.82673677460738},""T3_high_proximity"":{""value"":0.7231329690346084,""score"":0},""T4_rs_1m"":{""value"":-0.24811117920193038,""score"":0},""T5_rs_3m"":{""value"":-0.324750296886156,""score"":0},""T6_adr_healthy"":{""value"":7.388870320994109,""score"":100.0},""_score"":28.5},""geometry"":{""sub_low_similarity"":40.4,""sub_bounce_quality"":100,""sub_separation_fit"":0.0,""sub_right_bottom_reaction"":34.5,""sub_base_context"":30.0,""_score"":43.29},""compression"":{""VC1_atr_ratio"":{""value"":0.6976987569333811,""score"":75.57531076665471},""VC2_range_contraction"":{""value"":1.1416447758019945,""score"":0},""VC3_range_pct_rank"":{""score"":9.999999999999998},""_score"":32.73},""sr_quality"":{""SR1_touches"":{""value"":4,""score"":75.0},""SR2_tightness"":{""value"":0.28265206084513145,""score"":51.80991473139085},""SR3_recency"":{""value"":237,""score"":0.0},""SR4_price_location"":{""score"":4.020165460185967},""SR5_reaction"":{""value"":1.8210741033915845,""score"":91.05370516957922},""_score"":44.93,""_levels_found"":6,""_target_level"":13.0237},""volume"":{""V1_rvol_day"":{""value"":1.631022581376461,""score"":75.4015054250974},""V2_rvol_sameslot"":{""value"":1.499439105195644,""score"":66.6292736797096,""status"":""ok""},""V3_breakout_bar"":{""value"":0.8048425196385603,""score"":20.32283464257069},""V4_base_dryup"":{""value"":0.8345044675795791,""score"":66.5495532420421},""V5_bo_expansion"":{""value"":1.6310225813764612,""score"":42.068172091764076},""_score"":53.11},""readiness"":{""_distance_atr"":4.192,""BR1_atr_distance"":{""score"":0},""BR2_compression"":{""score"":0},""BR3_retest"":{""score"":50.0},""BR4_bo_age"":{""score"":50.0},""_score"":17.5},""risk"":{""R1_stop_clarity"":{""score"":64.92540948669532},""R2_stop_distance_pct"":{""value"":-13.428001679261115,""score"":0.0},""R3_stop_distance_atr"":{""value"":-1.363322779029409,""score"":0.0},""R4_rr_potential"":{""value"":null,""score"":50.0},""_score"":32.72},""market"":{""M1_spy_regime"":{""score"":100.0},""M3_earnings_risk"":{""value"":null,""score"":80.0},""M4_vix"":{""value"":null,""score"":60.0},""_score"":84.0},""liquidity"":{""L1_price"":{""value"":11.91,""score"":100.0},""L2_dollar_vol"":{""value"":184335274.5464606,""score"":100.0},""L3_spread_proxy"":{""value"":0.10747271200671714,""score"":0},""L4_volume_zscore"":{""value"":2.826895128888063,""score"":70.0},""_score"":82.5},""pattern_structure"":{""left_low"":14.13,""left_idx"":19,""right_low"":13.715,""right_idx"":64,""separation_bars"":45,""structural_low"":13.715,""current_price"":11.925,""neckline_distance_pct"":0.41116142557651975,""base_bars"":45},""pattern_geometry_features"":{""low_similarity_pct"":0.029807864966780458,""bounce_pct"":0.22698505286183007,""right_bottom_reaction"":0.34545454545454735,""atr_pct"":0.09849466234856663},""_schema_version"":""1.0""}",,,,,,,,,,
20260519T210226Z-93bc42,2026-05-19T21:02:26.159542+00:00,AVAV,vcp,absent,43.43,5.0,37.2,75.9,49.6,20.2,28.0,76.6,84.0,96.9,0.75,9.3,9.11,5.96,2.63,1.96,3.83,5.04,4.84,False,,160.23,195.8499,153.66,317.7699,"{""trend"":{""T1_ema_stack"":{""value"":[false,false,false],""score"":0.0},""T2_ema50_slope"":{""value"":-0.7731613926674916,""score"":0},""T3_high_proximity"":{""value"":0.56885717328789,""score"":0},""T4_rs_1m"":{""value"":-0.2228872072297723,""score"":0},""T5_rs_3m"":{""value"":-0.4655315351141376,""score"":0},""T6_adr_healthy"":{""value"":5.204435898054942,""score"":100.0},""_score"":5.0},""geometry"":{""sub_contraction_count"":100.0,""sub_reduction_rate"":0,""sub_pivot_tightness"":0,""sub_volume_dryup"":14.8,""sub_base_depth"":0.0,""sub_base_duration"":100.0,""_score"":37.22},""compression"":{""VC1_atr_ratio"":{""value"":0.3507930646496496,""score"":100},""VC2_range_contraction"":{""value"":0.788157286448751,""score"":35.30711892520816},""VC3_range_pct_rank"":{""score"":94.16666666666667},""_score"":75.9},""sr_quality"":{""SR1_touches"":{""value"":2,""score"":25.0},""SR2_tightness"":{""value"":0.34250000000000114,""score"":92.75768372751972},""SR3_recency"":{""value"":250,""score"":0.0},""SR4_price_location"":{""score"":52.92230104775698},""SR5_reaction"":{""value"":2.6593045261833548,""score"":100},""_score"":49.64,""_levels_found"":4,""_target_level"":175.0725},""volume"":{""V1_rvol_day"":{""value"":0.6546082176370511,""score"":10.307214509136742},""V2_rvol_sameslot"":{""value"":0.6522353094364873,""score"":10.149020629099155,""status"":""ok""},""V3_breakout_bar"":{""value"":0.8359694895955315,""score"":22.397965973035436},""V4_base_dryup"":{""value"":0.9721044637381335,""score"":52.789553626186645},""V5_bo_expansion"":{""value"":0.6546082176370512,""score"":0},""_score"":20.25},""readiness"":{""_distance_atr"":3.766,""BR1_atr_distance"":{""score"":0},""BR2_compression"":{""score"":41.93189762593177},""BR3_retest"":{""score"":50.0},""BR4_bo_age"":{""score"":50.0},""_score"":27.98},""risk"":{""R1_stop_clarity"":{""score"":50.51964940845598},""R2_stop_distance_pct"":{""value"":4.100355738625722,""score"":100.0},""R3_stop_distance_atr"":{""value"":0.6946279986889816,""score"":59.73139993444908},""R4_rr_potential"":{""value"":23.978675799086787,""score"":100.0},""_score"":76.64},""market"":{""M1_spy_regime"":{""score"":100.0},""M3_earnings_risk"":{""value"":null,""score"":80.0},""M4_vix"":{""value"":null,""score"":60.0},""_score"":84.0},""liquidity"":{""L1_price"":{""value"":160.23,""score"":100.0},""L2_dollar_vol"":{""value"":114385022.21800184,""score"":100.0},""L3_spread_proxy"":{""value"":0.031361168320539264,""score"":68.63883167946074},""L4_volume_zscore"":{""value"":-1.3950193468614838,""score"":100.0},""_score"":96.86},""pattern_structure"":{""n_contractions"":5,""contractions_pct"":[15.88,34.2,13.09,11.32,20.35],""descending_strict"":false,""final_low"":156.0,""final_pivot"":195.8499,""structural_low"":156.0,""dry_up_ratio"":0.9257913587309312,""current_price"":160.23,""neckline_distance_pct"":0.2223048118329901,""base_bars"":64},""pattern_geometry_features"":{""contraction_count"":5.0,""first_contraction_pct"":0.1588226827864134,""last_contraction_pct"":0.20347163822907233,""dry_up_ratio"":0.9257913587309312,""near_monotone"":0.0,""base_depth_pct"":0.43868739205526774},""_schema_version"":""1.0""}",,,,,,,,,,
20260519T210226Z-93bc42,2026-05-19T21:02:26.159542+00:00,RCAT,vcp,invalidated,43.43,13.3,35.0,63.6,51.9,40.3,32.7,31.6,84.0,93.3,2.0,8.75,7.63,6.22,5.24,2.29,1.58,5.04,4.67,False,,8.55,14.18,10.4213,22.38,"{""trend"":{""T1_ema_stack"":{""value"":[false,false,true],""score"":33.33333333333333},""T2_ema50_slope"":{""value"":-0.8654348971025914,""score"":0},""T3_high_proximity"":{""value"":0.5029411764705882,""score"":0},""T4_rs_1m"":{""value"":-0.3564481618220544,""score"":0},""T5_rs_3m"":{""value"":-0.3613438399325135,""score"":0},""T6_adr_healthy"":{""value"":6.835710731744168,""score"":100.0},""_score"":13.33},""geometry"":{""sub_contraction_count"":100.0,""sub_reduction_rate"":0,""sub_pivot_tightness"":0,""sub_volume_dryup"":0,""sub_base_depth"":0.0,""sub_base_duration"":100.0,""_score"":35.0},""compression"":{""VC1_atr_ratio"":{""value"":0.3883535097126955,""score"":100},""VC2_range_contraction"":{""value"":0.9808173919544433,""score"":3.1971013409261193},""VC3_range_pct_rank"":{""score"":90.0},""_score"":63.62},""sr_quality"":{""SR1_touches"":{""value"":3,""score"":50.0},""SR2_tightness"":{""value"":0.1143095213298817,""score"":72.38376333295925},""SR3_recency"":{""value"":237,""score"":0.0},""SR4_price_location"":{""score"":44.061302681992345},""SR5_reaction"":{""value"":3.066201890167792,""score"":100},""_score"":51.87,""_levels_found"":6,""_target_level"":10.74},""volume"":{""V1_rvol_day"":{""value"":0.8860121365824253,""score"":25.73414243882835},""V2_rvol_sameslot"":{""value"":1.237996289328087,""score"":49.19975262187246,""status"":""ok""},""V3_breakout_bar"":{""value"":1.0133482640505027,""score"":34.22321760336685},""V4_base_dryup"":{""value"":0.6621206550504634,""score"":83.78793449495366},""V5_bo_expansion"":{""value"":0.8860121365824254,""score"":0},""_score"":40.3},""readiness"":{""_distance_atr"":6.801,""BR1_atr_distance"":{""score"":0},""BR2_compression"":{""score"":60.96986454089935},""BR3_retest"":{""score"":50.0},""BR4_bo_age"":{""score"":50.0},""_score"":32.74},""risk"":{""R1_stop_clarity"":{""score"":61.65939015341084},""R2_stop_distance_pct"":{""value"":-21.886549707602335,""score"":0.0},""R3_stop_distance_atr"":{""value"":-2.260453157086404,""score"":0.0},""R4_rr_potential"":{""value"":null,""score"":50.0},""_score"":31.58},""market"":{""M1_spy_regime"":{""score"":100.0},""M3_earnings_risk"":{""value"":null,""score"":80.0},""M4_vix"":{""value"":null,""score"":60.0},""_score"":84.0},""liquidity"":{""L1_price"":{""value"":8.55,""score"":99.275},""L2_dollar_vol"":{""value"":83065709.8203966,""score"":95.97108902967655},""L3_spread_proxy"":{""value"":0.04853801169590633,""score"":51.461988304093666},""L4_volume_zscore"":{""value"":-0.20366198151307977,""score"":100.0},""_score"":93.35},""pattern_structure"":{""n_contractions"":5,""contractions_pct"":[28.17,29.8,33.89,15.28,25.39],""descending_strict"":false,""final_low"":10.58,""final_pivot"":14.18,""structural_low"":10.58,""dry_up_ratio"":1.2543910501904125,""current_price"":8.55,""neckline_distance_pct"":0.6584795321637426,""base_bars"":37},""pattern_geometry_features"":{""contraction_count"":5.0,""first_contraction_pct"":0.28168264110756125,""last_contraction_pct"":0.2538787023977433,""dry_up_ratio"":1.2543910501904125,""near_monotone"":0.0,""base_depth_pct"":0.43663471778487756},""_schema_version"":""1.0""}",,,,,,,,,,
20260519T210226Z-93bc42,2026-05-19T21:02:26.159542+00:00,NG,vcp,absent,43.34,13.3,35.0,63.5,34.4,45.0,31.7,68.0,84.0,86.6,2.0,8.75,7.62,4.13,5.85,2.22,3.4,5.04,4.33,False,,7.73,11.3,7.6436,17.938,"{""trend"":{""T1_ema_stack"":{""value"":[false,false,true],""score"":33.33333333333333},""T2_ema50_slope"":{""value"":-0.48786819866068026,""score"":0},""T3_high_proximity"":{""value"":0.5443661971830986,""score"":0},""T4_rs_1m"":{""value"":-0.31621920422537064,""score"":0},""T5_rs_3m"":{""value"":-0.33988001386728794,""score"":0},""T6_adr_healthy"":{""value"":5.268495836588749,""score"":100.0},""_score"":13.33},""geometry"":{""sub_contraction_count"":100.0,""sub_reduction_rate"":0,""sub_pivot_tightness"":0,""sub_volume_dryup"":0,""sub_base_depth"":0.0,""sub_base_duration"":100.0,""_score"":35.0},""compression"":{""VC1_atr_ratio"":{""value"":0.4673831380128816,""score"":100},""VC2_range_contraction"":{""value"":1.0796902935731885,""score"":0},""VC3_range_pct_rank"":{""score"":94.16666666666667},""_score"":63.54},""sr_quality"":{""SR1_touches"":{""value"":2,""score"":25.0},""SR2_tightness"":{""value"":0.09499999999999975,""score"":64.05842532664956},""SR3_recency"":{""value"":253,""score"":0.0},""SR4_price_location"":{""score"":9.10683012259198},""SR5_reaction"":{""value"":2.596305854693349,""score"":100},""_score"":34.39,""_levels_found"":7,""_target_level"":8.595},""volume"":{""V1_rvol_day"":{""value"":1.2404710498446165,""score"":49.36473665630777},""V2_rvol_sameslot"":{""value"":1.024167947766121,""score"":34.944529851074726,""status"":""ok""},""V3_breakout_bar"":{""value"":1.2298369505104867,""score"":48.65579670069911},""V4_base_dryup"":{""value"":0.822577400781494,""score"":67.7422599218506},""V5_bo_expansion"":{""value"":1.2404710498446165,""score"":16.031403322974434},""_score"":44.98},""readiness"":{""_distance_atr"":6.753,""BR1_atr_distance"":{""score"":0},""BR2_compression"":{""score"":56.85188245835009},""BR3_retest"":{""score"":50.0},""BR4_bo_age"":{""score"":50.0},""_score"":31.71},""risk"":{""R1_stop_clarity"":{""score"":55.962112716020826},""R2_stop_distance_pct"":{""value"":1.117723156533003,""score"":77.94307891332508},""R3_stop_distance_atr"":{""value"":0.16343958167250147,""score"":33.17197908362507},""R4_rr_potential"":{""value"":118.1481481481466,""score"":100.0},""_score"":67.95},""market"":{""M1_spy_regime"":{""score"":100.0},""M3_earnings_risk"":{""value"":null,""score"":80.0},""M4_vix"":{""value"":null,""score"":60.0},""_score"":84.0},""liquidity"":{""L1_price"":{""value"":7.73,""score"":98.86500000000001},""L2_dollar_vol"":{""value"":29962089.312125012,""score"":73.82860471220187},""L3_spread_proxy"":{""value"":0.02652005174644244,""score"":73.47994825355757},""L4_volume_zscore"":{""value"":0.47095296925321783,""score"":100.0},""_score"":86.6},""pattern_structure"":{""n_contractions"":5,""contractions_pct"":[23.43,41.41,11.74,13.22,31.33],""descending_strict"":false,""final_low"":7.76,""final_pivot"":11.3,""structural_low"":7.76,""dry_up_ratio"":1.2059449707014749,""current_price"":7.73,""neckline_distance_pct"":0.46183699870633893,""base_bars"":44},""pattern_geometry_features"":{""contraction_count"":5.0,""first_contraction_pct"":0.2342686484233921,""last_contraction_pct"":0.3132743362831859,""dry_up_ratio"":1.2059449707014749,""near_monotone"":0.0,""base_depth_pct"":0.4610362550354216},""_schema_version"":""1.0""}",,,,,,,,,,
20260519T210226Z-93bc42,2026-05-19T21:02:26.159542+00:00,GENI,vcp,absent,43.26,22.4,40.5,16.7,39.4,53.5,60.2,54.9,84.0,81.5,3.37,10.12,2.01,4.73,6.95,4.21,2.75,5.04,4.08,False,,5.01,5.05,4.1616,7.275,"{""trend"":{""T1_ema_stack"":{""value"":[true,false,false],""score"":33.33333333333333},""T2_ema50_slope"":{""value"":-0.5950659063475507,""score"":0},""T3_high_proximity"":{""value"":0.7743431221020093,""score"":0},""T4_rs_1m"":{""value"":-0.0044247741363669935,""score"":45.57522586363301},""T5_rs_3m"":{""value"":-0.2713545962492133,""score"":0},""T6_adr_healthy"":{""value"":7.121777970089016,""score"":100.0},""_score"":22.45},""geometry"":{""sub_contraction_count"":100.0,""sub_reduction_rate"":0,""sub_pivot_tightness"":0,""sub_volume_dryup"":0,""sub_base_depth"":55.0,""sub_base_duration"":100.0,""_score"":40.5},""compression"":{""VC1_atr_ratio"":{""value"":0.8493995968875621,""score"":37.65010077810948},""VC2_range_contraction"":{""value"":1.700910602612484,""score"":0},""VC3_range_pct_rank"":{""score"":6.666666666666665},""_score"":16.73},""sr_quality"":{""SR1_touches"":{""value"":3,""score"":50.0},""SR2_tightness"":{""value"":0.07494442385305695,""score"":60.19794643819289},""SR3_recency"":{""value"":269,""score"":0.0},""SR4_price_location"":{""score"":1.5748031496062638},""SR5_reaction"":{""value"":2.425300001264494,""score"":100},""_score"":39.42,""_levels_found"":6,""_target_level"":5.635},""volume"":{""V1_rvol_day"":{""value"":1.3150214835818994,""score"":54.33476557212663},""V2_rvol_sameslot"":{""value"":1.7453857702590696,""score"":83.02571801727132,""status"":""ok""},""V3_breakout_bar"":{""value"":0.9648465358699193,""score"":30.98976905799462},""V4_base_dryup"":{""value"":0.7444128332912281,""score"":75.55871667087719},""V5_bo_expansion"":{""value"":1.3150214835818996,""score"":21.001432238793306},""_score"":53.48},""readiness"":{""_distance_atr"":0.106,""BR1_atr_distance"":{""score"":92.91883211309636},""BR2_compression"":{""score"":21.97413253650902},""BR3_retest"":{""score"":50.0},""BR4_bo_age"":{""score"":50.0},""_score"":60.16},""risk"":{""R1_stop_clarity"":{""score"":66.34232388756132},""R2_stop_distance_pct"":{""value"":16.93363273453094,""score"":0.0},""R3_stop_distance_atr"":{""value"":2.25280717726945,""score"":100.0},""R4_rr_potential"":{""value"":2.669809930749964,""score"":83.4904965374982},""_score"":54.92},""market"":{""M1_spy_regime"":{""score"":100.0},""M3_earnings_risk"":{""value"":null,""score"":80.0},""M4_vix"":{""value"":null,""score"":60.0},""_score"":84.0},""liquidity"":{""L1_price"":{""value"":5.01,""score"":97.505},""L2_dollar_vol"":{""value"":39168993.86940483,""score"":79.64712080029659},""L3_spread_proxy"":{""value"":0.09680638722554898,""score"":3.193612774451026},""L4_volume_zscore"":{""value"":0.5766482635612041,""score"":100.0},""_score"":81.55},""pattern_structure"":{""n_contractions"":5,""contractions_pct"":[12.02,26.5,24.23,17.74,16.34],""descending_strict"":false,""final_low"":4.225,""final_pivot"":5.05,""structural_low"":4.225,""dry_up_ratio"":1.6495147960455943,""current_price"":5.01,""neckline_distance_pct"":0.007984031936127753,""base_bars"":43},""pattern_geometry_features"":{""contraction_count"":5.0,""first_contraction_pct"":0.12015503875968997,""last_contraction_pct"":0.1633663366336634,""dry_up_ratio"":1.6495147960455943,""near_monotone"":0.0,""base_depth_pct"":0.3449612403100776},""_schema_version"":""1.0""}",,,,,,,,,,
20260519T210226Z-93bc42,2026-05-19T21:02:26.159542+00:00,CNR,bull_flag,absent,43.16,14.6,29.5,64.8,66.8,25.5,52.2,64.4,84.0,90.1,2.04,8.86,5.83,6.68,3.57,4.7,1.93,5.04,4.51,False,,83.83,85.83,80.5336,91.08,"{""trend"":{""T1_ema_stack"":{""value"":[false,false,true],""score"":33.33333333333333},""T2_ema50_slope"":{""value"":-0.26268746210751065,""score"":6.218756315414893},""T3_high_proximity"":{""value"":0.7403514969531042,""score"":0},""T4_rs_1m"":{""value"":-0.05298290182893728,""score"":0},""T5_rs_3m"":{""value"":-0.12679166379263074,""score"":0},""T6_adr_healthy"":{""value"":3.858217713522373,""score"":100.0},""_score"":14.58},""geometry"":{""sub_pole_impulse"":11.5,""sub_flag_tightness"":4.3,""sub_flag_shallowness"":0,""sub_flag_drift"":100,""sub_flag_duration"":100.0,""_score"":29.52},""compression"":{""VC1_atr_ratio"":{""value"":0.32019403471334157,""score"":100},""VC2_range_contraction"":{""value"":0.9817194327585658,""score"":3.0467612069057055},""VC3_range_pct_rank"":{""score"":95.0},""_score"":64.82},""sr_quality"":{""SR1_touches"":{""value"":9,""score"":100},""SR2_tightness"":{""value"":0.9984964004584088,""score"":46.63810201203318},""SR3_recency"":{""value"":225,""score"":0.0},""SR4_price_location"":{""score"":59.316733537880765},""SR5_reaction"":{""value"":2.2864377556798305,""score"":100},""_score"":66.82,""_levels_found"":5,""_target_level"":85.3622},""volume"":{""V1_rvol_day"":{""value"":0.6795680807334918,""score"":11.97120538223279},""V2_rvol_sameslot"":{""value"":0.5552999324994807,""score"":3.6866621666320487,""status"":""ok""},""V3_breakout_bar"":{""value"":1.0445361998771774,""score"":36.30241332514516},""V4_base_dryup"":{""value"":0.8357429877363263,""score"":66.42570122636738},""V5_bo_expansion"":{""value"":0.6795680807334918,""score"":0},""_score"":25.49},""readiness"":{""_distance_atr"":0.534,""BR1_atr_distance"":{""score"":64.37183084254256},""BR2_compression"":{""score"":35.70487384874584},""BR3_retest"":{""score"":50.0},""BR4_bo_age"":{""score"":50.0},""_score"":52.17},""risk"":{""R1_stop_clarity"":{""score"":34.45842001794141},""R2_stop_distance_pct"":{""value"":3.932243826792307,""score"":100.0},""R3_stop_distance_atr"":{""value"":0.8808352260798178,""score"":69.0417613039909},""R4_rr_potential"":{""value"":2.199369008615465,""score"":59.96845043077326},""_score"":64.41},""market"":{""M1_spy_regime"":{""score"":100.0},""M3_earnings_risk"":{""value"":null,""score"":80.0},""M4_vix"":{""value"":null,""score"":60.0},""_score"":84.0},""liquidity"":{""L1_price"":{""value"":83.83,""score"":100.0},""L2_dollar_vol"":{""value"":42631340.073298246,""score"":81.48644922359706},""L3_spread_proxy"":{""value"":0.024692830728855936,""score"":75.30716927114406},""L4_volume_zscore"":{""value"":-1.3591785373248013,""score"":100.0},""_score"":90.13},""pattern_structure"":{""pole_low"":80.58,""pole_low_idx"":36,""peak_price"":85.83,""peak_idx"":42,""pole_gain"":0.06515264333581534,""flag_bars"":17,""flag_low"":81.76,""flag_high"":84.97,""structural_low"":81.76,""current_price"":83.23,""neckline_distance_pct"":0.031238736032680455,""base_bars"":17},""pattern_geometry_features"":{""pole_gain"":0.06515264333581534,""pullback_pct"":0.04741931725503895,""flag_range_pct"":0.03739951066060811,""flag_drift_per_bar"":0.0005362531892488066,""atr_pct"":0.044642218094442826,""pole_atr_multiple"":1.4594401021468444},""_schema_version"":""1.0""}",,,,,,,,,,
20260519T210226Z-93bc42,2026-05-19T21:02:26.159542+00:00,HLNE,vcp,invalidated,43.03,5.0,52.6,66.3,52.9,15.5,27.7,27.7,84.0,88.6,0.75,13.16,7.96,6.35,2.02,1.94,1.39,5.04,4.43,False,,84.11,111.01,85.1779,134.725,"{""trend"":{""T1_ema_stack"":{""value"":[false,false,false],""score"":0.0},""T2_ema50_slope"":{""value"":-0.5998111281569232,""score"":0},""T3_high_proximity"":{""value"":0.7443362831858407,""score"":0},""T4_rs_1m"":{""value"":-0.24796331408041095,""score"":0},""T5_rs_3m"":{""value"":-0.3863588385697342,""score"":0},""T6_adr_healthy"":{""value"":4.8161132255574115,""score"":100.0},""_score"":5.0},""geometry"":{""sub_contraction_count"":100.0,""sub_reduction_rate"":0,""sub_pivot_tightness"":0,""sub_volume_dryup"":51.0,""sub_base_depth"":100.0,""sub_base_duration"":100.0,""_score"":52.65},""compression"":{""VC1_atr_ratio"":{""value"":0.24112102397300575,""score"":100},""VC2_range_contraction"":{""value"":0.688329689871129,""score"":51.94505168814517},""VC3_range_pct_rank"":{""score"":32.49999999999999},""_score"":66.31},""sr_quality"":{""SR1_touches"":{""value"":4,""score"":75.0},""SR2_tightness"":{""value"":1.0841817190858722,""score"":41.8453271908667},""SR3_recency"":{""value"":249,""score"":0.0},""SR4_price_location"":{""score"":36.517971057803905},""SR5_reaction"":{""value"":3.4003919495178243,""score"":100},""_score"":52.91,""_levels_found"":4,""_target_level"":92.0},""volume"":{""V1_rvol_day"":{""value"":0.5285271840902422,""score"":1.9018122726828162},""V2_rvol_sameslot"":{""value"":0.3891719668925783,""score"":0,""status"":""ok""},""V3_breakout_bar"":{""value"":0.7964187238396193,""score"":19.76124825597462},""V4_base_dryup"":{""value"":0.990761184990484,""score"":50.923881500951595},""V5_bo_expansion"":{""value"":0.5285271840902422,""score"":0},""_score"":15.51},""readiness"":{""_distance_atr"":7.214,""BR1_atr_distance"":{""score"":0},""BR2_compression"":{""score"":40.660588196192414},""BR3_retest"":{""score"":50.0},""BR4_bo_age"":{""score"":50.0},""_score"":27.67},""risk"":{""R1_stop_clarity"":{""score"":30.423213526281586},""R2_stop_distance_pct"":{""value"":-1.2696171679942942,""score"":18.259570800142644},""R3_stop_distance_atr"":{""value"":-0.28639996475136337,""score"":10.680001762431834},""R4_rr_potential"":{""value"":null,""score"":50.0},""_score"":27.73},""market"":{""M1_spy_regime"":{""score"":100.0},""M3_earnings_risk"":{""value"":null,""score"":80.0},""M4_vix"":{""value"":null,""score"":60.0},""_score"":84.0},""liquidity"":{""L1_price"":{""value"":84.11,""score"":100.0},""L2_dollar_vol"":{""value"":44038340.628819026,""score"":82.19154731638855},""L3_spread_proxy"":{""value"":0.04268101295922007,""score"":57.31898704077993},""L4_volume_zscore"":{""value"":-0.8554688947132757,""score"":100.0},""_score"":88.61},""pattern_structure"":{""n_contractions"":5,""contractions_pct"":[15.81,10.53,11.24,10.56,22.1],""descending_strict"":false,""final_low"":86.475,""final_pivot"":111.01,""structural_low"":86.475,""dry_up_ratio"":0.7452454469202306,""current_price"":84.11,""neckline_distance_pct"":0.3198192842705981,""base_bars"":38},""pattern_geometry_features"":{""contraction_count"":5.0,""first_contraction_pct"":0.15809057083219893,""last_contraction_pct"":0.22101612467345294,""dry_up_ratio"":0.7452454469202306,""near_monotone"":0.0,""base_depth_pct"":0.21521916689354753},""_schema_version"":""1.0""}",,,,,,,,,,
20260519T210226Z-93bc42,2026-05-19T21:02:26.159542+00:00,UEC,vcp,invalidated,42.99,28.5,42.3,32.7,44.9,52.2,17.5,33.0,84.0,82.5,4.27,10.57,3.93,5.39,6.78,1.23,1.65,5.04,4.12,False,,11.91,15.98,13.1694,17.79,"{""trend"":{""T1_ema_stack"":{""value"":[false,false,true],""score"":33.33333333333333},""T2_ema50_slope"":{""value"":0.15496042064764426,""score"":75.82673677460738},""T3_high_proximity"":{""value"":0.7231329690346084,""score"":0},""T4_rs_1m"":{""value"":-0.24811117920193038,""score"":0},""T5_rs_3m"":{""value"":-0.324750296886156,""score"":0},""T6_adr_healthy"":{""value"":7.388870320994109,""score"":100.0},""_score"":28.5},""geometry"":{""sub_contraction_count"":100.0,""sub_reduction_rate"":1.4,""sub_pivot_tightness"":0,""sub_volume_dryup"":0,""sub_base_depth"":69.2,""sub_base_duration"":100.0,""_score"":42.27},""compression"":{""VC1_atr_ratio"":{""value"":0.6976987569333811,""score"":75.57531076665471},""VC2_range_contraction"":{""value"":1.1416447758019945,""score"":0},""VC3_range_pct_rank"":{""score"":9.999999999999998},""_score"":32.73},""sr_quality"":{""SR1_touches"":{""value"":4,""score"":75.0},""SR2_tightness"":{""value"":0.28265206084513145,""score"":51.80991473139085},""SR3_recency"":{""value"":237,""score"":0.0},""SR4_price_location"":{""score"":4.020165460185967},""SR5_reaction"":{""value"":1.8210741033915845,""score"":91.05370516957922},""_score"":44.93,""_levels_found"":6,""_target_level"":13.0237},""volume"":{""V1_rvol_day"":{""value"":1.631022581376461,""score"":75.4015054250974},""V2_rvol_sameslot"":{""value"":1.499439105195644,""score"":66.6292736797096,""status"":""ok""},""V3_breakout_bar"":{""value"":0.8048425196385603,""score"":20.32283464257069},""V4_base_dryup"":{""value"":0.8814873903043294,""score"":61.85126096956706},""V5_bo_expansion"":{""value"":1.6310225813764612,""score"":42.068172091764076},""_score"":52.17},""readiness"":{""_distance_atr"":3.47,""BR1_atr_distance"":{""score"":0},""BR2_compression"":{""score"":0},""BR3_retest"":{""score"":50.0},""BR4_bo_age"":{""score"":50.0},""_score"":17.5},""risk"":{""R1_stop_clarity"":{""score"":65.80770870121175},""R2_stop_distance_pct"":{""value"":-10.574727120067164,""score"":0.0},""R3_stop_distance_atr"":{""value"":-1.0736345369299147,""score"":0.0},""R4_rr_potential"":{""value"":null,""score"":50.0},""_score"":33.03},""market"":{""M1_spy_regime"":{""score"":100.0},""M3_earnings_risk"":{""value"":null,""score"":80.0},""M4_vix"":{""value"":null,""score"":60.0},""_score"":84.0},""liquidity"":{""L1_price"":{""value"":11.91,""score"":100.0},""L2_dollar_vol"":{""value"":184335274.5464606,""score"":100.0},""L3_spread_proxy"":{""value"":0.10747271200671714,""score"":0},""L4_volume_zscore"":{""value"":2.826895128888063,""score"":70.0},""_score"":82.5},""pattern_structure"":{""n_contractions"":5,""contractions_pct"":[21.74,11.56,12.83,11.23,16.33],""descending_strict"":false,""final_low"":13.37,""final_pivot"":15.98,""structural_low"":13.37,""dry_up_ratio"":1.1415165503415707,""current_price"":11.91,""neckline_distance_pct"":0.3417296389588581,""base_bars"":35},""pattern_geometry_features"":{""contraction_count"":5.0,""first_contraction_pct"":0.21739130434782603,""last_contraction_pct"":0.16332916145181484,""dry_up_ratio"":1.1415165503415707,""near_monotone"":0.0,""base_depth_pct"":0.119235836627141},""_schema_version"":""1.0""}",,,,,,,,,,
20260519T210226Z-93bc42,2026-05-19T21:02:26.159542+00:00,IE,vcp,invalidated,42.89,19.5,35.8,47.2,73.6,28.9,30.6,32.0,84.0,79.7,2.92,8.95,5.67,8.83,3.76,2.14,1.6,5.04,3.99,False,,11.61,15.665,11.9776,25.055,"{""trend"":{""T1_ema_stack"":{""value"":[false,false,true],""score"":33.33333333333333},""T2_ema50_slope"":{""value"":-0.11521715600182243,""score"":30.797140666362928},""T3_high_proximity"":{""value"":0.6753926701570679,""score"":0},""T4_rs_1m"":{""value"":-0.2809030067549505,""score"":0},""T5_rs_3m"":{""value"":-0.323939160814269,""score"":0},""T6_adr_healthy"":{""value"":6.2079194147608066,""score"":100.0},""_score"":19.49},""geometry"":{""sub_contraction_count"":100.0,""sub_reduction_rate"":0,""sub_pivot_tightness"":0,""sub_volume_dryup"":5.2,""sub_base_depth"":0.0,""sub_base_duration"":100.0,""_score"":35.78},""compression"":{""VC1_atr_ratio"":{""value"":0.6737829616058402,""score"":81.55425959853996},""VC2_range_contraction"":{""value"":1.2089392818389149,""score"":0},""VC3_range_pct_rank"":{""score"":58.33333333333333},""_score"":47.21},""sr_quality"":{""SR1_touches"":{""value"":5,""score"":100},""SR2_tightness"":{""value"":0.19679522351927137,""score"":57.61561870868801},""SR3_recency"":{""value"":237,""score"":0.0},""SR4_price_location"":{""score"":79.81847131308311},""SR5_reaction"":{""value"":2.108824909427954,""score"":100},""_score"":73.6,""_levels_found"":5,""_target_level"":12.2347},""volume"":{""V1_rvol_day"":{""value"":0.8151684673148669,""score"":21.011231154324463},""V2_rvol_sameslot"":{""value"":0.7623277846533913,""score"":17.488518976892756,""status"":""ok""},""V3_breakout_bar"":{""value"":0.974935342224705,""score"":31.66235614831367},""V4_base_dryup"":{""value"":0.8364673401730635,""score"":66.35326598269366},""V5_bo_expansion"":{""value"":0.8151684673148669,""score"":0},""_score"":28.89},""readiness"":{""_distance_atr"":4.367,""BR1_atr_distance"":{""score"":0},""BR2_compression"":{""score"":52.29060880647914},""BR3_retest"":{""score"":50.0},""BR4_bo_age"":{""score"":50.0},""_score"":30.57},""risk"":{""R1_stop_clarity"":{""score"":60.71596144822983},""R2_stop_distance_pct"":{""value"":-3.166236003445317,""score"":0.0},""R3_stop_distance_atr"":{""value"":-0.39585560777496737,""score"":5.2072196112516345},""R4_rr_potential"":{""value"":null,""score"":50.0},""_score"":32.03},""market"":{""M1_spy_regime"":{""score"":100.0},""M3_earnings_risk"":{""value"":null,""score"":80.0},""M4_vix"":{""value"":null,""score"":60.0},""_score"":84.0},""liquidity"":{""L1_price"":{""value"":11.61,""score"":100.0},""L2_dollar_vol"":{""value"":18105090.03588897,""score"":62.89003444437489},""L3_spread_proxy"":{""value"":0.054263565891472784,""score"":45.73643410852721},""L4_volume_zscore"":{""value"":-0.6326876530023572,""score"":100.0},""_score"":79.73},""pattern_structure"":{""n_contractions"":5,""contractions_pct"":[23.16,20.16,22.96,28.5,22.37],""descending_strict"":false,""final_low"":12.16,""final_pivot"":15.665,""structural_low"":12.16,""dry_up_ratio"":0.9737700526917316,""current_price"":11.61,""neckline_distance_pct"":0.34926787252368646,""base_bars"":62},""pattern_geometry_features"":{""contraction_count"":5.0,""first_contraction_pct"":0.23155452436194904,""last_contraction_pct"":0.22374720714969673,""dry_up_ratio"":0.9737700526917316,""near_monotone"":0.0,""base_depth_pct"":0.4357308584686775},""_schema_version"":""1.0""}",,,,,,,,,,
20260519T210226Z-93bc42,2026-05-19T21:02:26.159542+00:00,AVAV,double_bottom,absent,42.84,5.0,34.2,75.9,49.6,28.0,30.6,75.8,84.0,96.9,0.75,8.55,6.07,6.95,3.63,2.45,4.54,5.04,4.84,False,,160.23,173.47,154.6499,189.935,"{""trend"":{""T1_ema_stack"":{""value"":[false,false,false],""score"":0.0},""T2_ema50_slope"":{""value"":-0.7731613926674916,""score"":0},""T3_high_proximity"":{""value"":0.56885717328789,""score"":0},""T4_rs_1m"":{""value"":-0.2228872072297723,""score"":0},""T5_rs_3m"":{""value"":-0.4655315351141376,""score"":0},""T6_adr_healthy"":{""value"":5.204435898054942,""score"":100.0},""_score"":5.0},""geometry"":{""sub_low_similarity"":5.4,""sub_bounce_quality"":100,""sub_separation_fit"":13.3,""sub_right_bottom_reaction"":30.7,""sub_base_context"":30.0,""_score"":34.22},""compression"":{""VC1_atr_ratio"":{""value"":0.3507930646496496,""score"":100},""VC2_range_contraction"":{""value"":0.788157286448751,""score"":35.30711892520816},""VC3_range_pct_rank"":{""score"":94.16666666666667},""_score"":75.9},""sr_quality"":{""SR1_touches"":{""value"":2,""score"":25.0},""SR2_tightness"":{""value"":0.34250000000000114,""score"":92.75768372751972},""SR3_recency"":{""value"":250,""score"":0.0},""SR4_price_location"":{""score"":52.92230104775698},""SR5_reaction"":{""value"":2.6593045261833548,""score"":100},""_score"":49.64,""_levels_found"":4,""_target_level"":175.0725},""volume"":{""V1_rvol_day"":{""value"":0.6546082176370511,""score"":10.307214509136742},""V2_rvol_sameslot"":{""value"":0.6522353094364873,""score"":10.149020629099155,""status"":""ok""},""V3_breakout_bar"":{""value"":0.8359694895955315,""score"":22.397965973035436},""V4_base_dryup"":{""value"":0.5865332674986361,""score"":91.34667325013639},""V5_bo_expansion"":{""value"":0.6546082176370512,""score"":0},""_score"":27.96},""readiness"":{""_distance_atr"":1.4,""BR1_atr_distance"":{""score"":6.67808520911079},""BR2_compression"":{""score"":41.93189762593177},""BR3_retest"":{""score"":50.0},""BR4_bo_age"":{""score"":50.0},""_score"":30.65},""risk"":{""R1_stop_clarity"":{""score"":50.200881765222086},""R2_stop_distance_pct"":{""value"":3.482540722711099,""score"":100.0},""R3_stop_distance_atr"":{""value"":0.5899659558271566,""score"":54.49829779135783},""R4_rr_potential"":{""value"":5.323405151364462,""score"":100.0},""_score"":75.75},""market"":{""M1_spy_regime"":{""score"":100.0},""M3_earnings_risk"":{""value"":null,""score"":80.0},""M4_vix"":{""value"":null,""score"":60.0},""_score"":84.0},""liquidity"":{""L1_price"":{""value"":160.23,""score"":100.0},""L2_dollar_vol"":{""value"":114385022.21800184,""score"":100.0},""L3_spread_proxy"":{""value"":0.031361168320539264,""score"":68.63883167946074},""L4_volume_zscore"":{""value"":-1.3950193468614838,""score"":100.0},""_score"":96.86},""pattern_structure"":{""left_low"":164.61,""left_idx"":32,""right_low"":157.005,""right_idx"":75,""separation_bars"":43,""structural_low"":157.005,""current_price"":160.19,""neckline_distance_pct"":0.08290155440414508,""base_bars"":43},""pattern_geometry_features"":{""low_similarity_pct"":0.047292570309220766,""bounce_pct"":0.10486927167924591,""right_bottom_reaction"":0.3074935400516786,""atr_pct"":0.059029520064906686},""_schema_version"":""1.0""}",,,,,,,,,,
20260519T210226Z-93bc42,2026-05-19T21:02:26.159542+00:00,TTAN,vcp,absent,42.62,13.8,38.8,60.0,52.1,21.1,31.3,54.7,84.0,94.2,2.06,9.69,7.21,6.25,2.74,2.19,2.74,5.04,4.71,False,,62.45,68.4899,53.3575,109.3199,"{""trend"":{""T1_ema_stack"":{""value"":[true,false,false],""score"":33.33333333333333},""T2_ema50_slope"":{""value"":-0.334895192215244,""score"":0},""T3_high_proximity"":{""value"":0.7528631705846895,""score"":0},""T4_rs_1m"":{""value"":-0.09307412555980799,""score"":0},""T5_rs_3m"":{""value"":-0.09441014158726402,""score"":2.794929206367989},""T6_adr_healthy"":{""value"":5.429539949480531,""score"":100.0},""_score"":13.75},""geometry"":{""sub_contraction_count"":100.0,""sub_reduction_rate"":15.0,""sub_pivot_tightness"":0,""sub_volume_dryup"":0,""sub_base_depth"":0.0,""sub_base_duration"":100.0,""_score"":38.75},""compression"":{""VC1_atr_ratio"":{""value"":0.5377264781349319,""score"":100},""VC2_range_contraction"":{""value"":0.9777067012415179,""score"":3.7155497930803456},""VC3_range_pct_rank"":{""score"":75.0},""_score"":60.05},""sr_quality"":{""SR1_touches"":{""value"":3,""score"":50.0},""SR2_tightness"":{""value"":0.36153392648546445,""score"":80.59748848725019},""SR3_recency"":{""value"":231,""score"":0.0},""SR4_price_location"":{""score"":40.12531749404544},""SR5_reaction"":{""value"":2.7669821531022847,""score"":100},""_score"":52.12,""_levels_found"":4,""_target_level"":68.5083},""volume"":{""V1_rvol_day"":{""value"":1.1465861884656918,""score"":43.10574589771279},""V2_rvol_sameslot"":{""value"":0.6945516618588545,""score"":12.970110790590303,""status"":""ok""},""V3_breakout_bar"":{""value"":0.5058243612583543,""score"":0.38829075055695217},""V4_base_dryup"":{""value"":1.085974536548801,""score"":41.40254634511991},""V5_bo_expansion"":{""value"":1.146586188465692,""score"":9.772412564379469},""_score"":21.06},""readiness"":{""_distance_atr"":1.621,""BR1_atr_distance"":{""score"":0},""BR2_compression"":{""score"":55.03236938840244},""BR3_retest"":{""score"":50.0},""BR4_bo_age"":{""score"":50.0},""_score"":31.26},""risk"":{""R1_stop_clarity"":{""score"":56.39272119509164},""R2_stop_distance_pct"":{""value"":14.559727782225785,""score"":0.0},""R3_stop_distance_atr"":{""value"":2.439858241939381,""score"":100.0},""R4_rr_potential"":{""value"":5.154758566078821,""score"":100.0},""_score"":54.74},""market"":{""M1_spy_regime"":{""score"":100.0},""M3_earnings_risk"":{""value"":null,""score"":80.0},""M4_vix"":{""value"":null,""score"":60.0},""_score"":84.0},""liquidity"":{""L1_price"":{""value"":62.45,""score"":100.0},""L2_dollar_vol"":{""value"":79675863.6616912,""score"":95.06633898944968},""L3_spread_proxy"":{""value"":0.03810888710968785,""score"":61.89111289031215},""L4_volume_zscore"":{""value"":0.4781709556722649,""score"":100.0},""_score"":94.22},""pattern_structure"":{""n_contractions"":5,""contractions_pct"":[36.24,28.52,15.99,14.43,20.91],""descending_strict"":false,""final_low"":54.17,""final_pivot"":68.4899,""structural_low"":54.17,""dry_up_ratio"":1.2008039239428936,""current_price"":62.45,""neckline_distance_pct"":0.09671577261809451,""base_bars"":74},""pattern_geometry_features"":{""contraction_count"":5.0,""first_contraction_pct"":0.3624210526315789,""last_contraction_pct"":0.20908046295877206,""dry_up_ratio"":1.2008039239428936,""near_monotone"":0.0,""base_depth_pct"":0.4297894736842105},""_schema_version"":""1.0""}",,,,,,,,,,
20260519T210226Z-93bc42,2026-05-19T21:02:26.159542+00:00,TMC,vcp,absent,42.52,15.4,35.0,60.4,47.1,26.4,27.6,80.6,84.0,82.5,2.31,8.75,7.25,5.65,3.43,1.93,4.03,5.04,4.12,False,,5.01,5.8299,4.7969,11.0099,"{""trend"":{""T1_ema_stack"":{""value"":[false,false,false],""score"":0.0},""T2_ema50_slope"":{""value"":0.012887017056440402,""score"":52.1478361760734},""T3_high_proximity"":{""value"":0.7590909090909091,""score"":0},""T4_rs_1m"":{""value"":-0.15012996106652443,""score"":0},""T5_rs_3m"":{""value"":-0.2199727545132747,""score"":0},""T6_adr_healthy"":{""value"":7.022419668179533,""score"":100.0},""_score"":15.43},""geometry"":{""sub_contraction_count"":100.0,""sub_reduction_rate"":0,""sub_pivot_tightness"":0,""sub_volume_dryup"":0,""sub_base_depth"":0.0,""sub_base_duration"":100.0,""_score"":35.0},""compression"":{""VC1_atr_ratio"":{""value"":0.4814246114396625,""score"":100},""VC2_range_contraction"":{""value"":1.1955616086351117,""score"":0},""VC3_range_pct_rank"":{""score"":81.66666666666667},""_score"":60.42},""sr_quality"":{""SR1_touches"":{""value"":3,""score"":50.0},""SR2_tightness"":{""value"":0.03681787005729081,""score"":82.90324120859493},""SR3_recency"":{""value"":274,""score"":0.0},""SR4_price_location"":{""score"":18.483412322274873},""SR5_reaction"":{""value"":2.2327993189381625,""score"":100},""_score"":47.06,""_levels_found"":6,""_target_level"":5.5833},""volume"":{""V1_rvol_day"":{""value"":0.913474398353665,""score"":27.564959890244328},""V2_rvol_sameslot"":{""value"":0.8551883688867563,""score"":23.67922459245042,""status"":""ok""},""V3_breakout_bar"":{""value"":0.7154924683728435,""score"":14.366164558189567},""V4_base_dryup"":{""value"":0.872657736249081,""score"":62.73422637509189},""V5_bo_expansion"":{""value"":0.9134743983536652,""score"":0},""_score"":26.39},""readiness"":{""_distance_atr"":1.904,""BR1_atr_distance"":{""score"":0},""BR2_compression"":{""score"":40.32638669375077},""BR3_retest"":{""score"":50.0},""BR4_bo_age"":{""score"":50.0},""_score"":27.58},""risk"":{""R1_stop_clarity"":{""score"":66.07847689807278},""R2_stop_distance_pct"":{""value"":4.25249500998004,""score"":100.0},""R3_stop_distance_atr"":{""value"":0.49465985604829343,""score"":49.73299280241468},""R4_rr_potential"":{""value"":28.161933818352512,""score"":100.0},""_score"":80.59},""market"":{""M1_spy_regime"":{""score"":100.0},""M3_earnings_risk"":{""value"":null,""score"":80.0},""M4_vix"":{""value"":null,""score"":60.0},""_score"":84.0},""liquidity"":{""L1_price"":{""value"":5.01,""score"":97.505},""L2_dollar_vol"":{""value"":25976691.40967244,""score"":70.7291917594338},""L3_spread_proxy"":{""value"":0.0518962075848303,""score"":48.1037924151697},""L4_volume_zscore"":{""value"":-0.20605283972573246,""score"":100.0},""_score"":82.48},""pattern_structure"":{""n_contractions"":5,""contractions_pct"":[43.98,16.94,39.86,13.11,16.47],""descending_strict"":false,""final_low"":4.87,""final_pivot"":5.8299,""structural_low"":4.87,""dry_up_ratio"":1.4656284308497884,""current_price"":5.01,""neckline_distance_pct"":0.16365269461077855,""base_bars"":67},""pattern_geometry_features"":{""contraction_count"":5.0,""first_contraction_pct"":0.4398009950248757,""last_contraction_pct"":0.16465119470316816,""dry_up_ratio"":1.4656284308497884,""near_monotone"":0.0,""base_depth_pct"":0.5154228855721393},""_schema_version"":""1.0""}",,,,,,,,,,
20260519T210226Z-93bc42,2026-05-19T21:02:26.159542+00:00,SRAD,vcp,forming,42.5,5.0,51.1,72.3,45.6,9.6,17.5,60.8,84.0,85.5,0.75,12.78,8.67,5.47,1.25,1.23,3.04,5.04,4.27,False,,13.29,14.4399,11.8397,22.0899,"{""trend"":{""T1_ema_stack"":{""value"":[false,false,false],""score"":0.0},""T2_ema50_slope"":{""value"":-1.0073006970608887,""score"":0},""T3_high_proximity"":{""value"":0.674961909598781,""score"":0},""T4_rs_1m"":{""value"":-0.2719345776408095,""score"":0},""T5_rs_3m"":{""value"":-0.29600138763659234,""score"":0},""T6_adr_healthy"":{""value"":8.020938861984432,""score"":99.47652845038921},""_score"":4.97},""geometry"":{""sub_contraction_count"":100.0,""sub_reduction_rate"":0,""sub_pivot_tightness"":0,""sub_volume_dryup"":100,""sub_base_depth"":11.1,""sub_base_duration"":100.0,""_score"":51.11},""compression"":{""VC1_atr_ratio"":{""value"":0.2966799879241464,""score"":100},""VC2_range_contraction"":{""value"":0.599947723761144,""score"":66.67537937314266},""VC3_range_pct_rank"":{""score"":35.83333333333333},""_score"":72.29},""sr_quality"":{""SR1_touches"":{""value"":2,""score"":25.0},""SR2_tightness"":{""value"":0.13004999999999978,""score"":64.16650265695736},""SR3_recency"":{""value"":231,""score"":0.0},""SR4_price_location"":{""score"":53.95780499649272},""SR5_reaction"":{""value"":4.367181657154103,""score"":100},""_score"":45.61,""_levels_found"":6,""_target_level"":14.5699},""volume"":{""V1_rvol_day"":{""value"":0.43239055839747836,""score"":0},""V2_rvol_sameslot"":{""value"":0.42416568224907814,""score"":0,""status"":""ok""},""V3_breakout_bar"":{""value"":0.9729941402143016,""score"":31.53294268095344},""V4_base_dryup"":{""value"":1.4130245647933002,""score"":8.697543520669981},""V5_bo_expansion"":{""value"":0.43239055839747836,""score"":0},""_score"":9.62},""readiness"":{""_distance_atr"":1.584,""BR1_atr_distance"":{""score"":0},""BR2_compression"":{""score"":0},""BR3_retest"":{""score"":50.0},""BR4_bo_age"":{""score"":50.0},""_score"":17.5},""risk"":{""R1_stop_clarity"":{""score"":50.320802991536894},""R2_stop_distance_pct"":{""value"":10.91271632806622,""score"":27.182091798344523},""R3_stop_distance_atr"":{""value"":1.9980515646526273,""score"":100.0},""R4_rr_potential"":{""value"":6.067641177687374,""score"":100.0},""_score"":60.77},""market"":{""M1_spy_regime"":{""score"":100.0},""M3_earnings_risk"":{""value"":null,""score"":80.0},""M4_vix"":{""value"":null,""score"":60.0},""_score"":84.0},""liquidity"":{""L1_price"":{""value"":13.29,""score"":100.0},""L2_dollar_vol"":{""value"":33624726.79894251,""score"":76.33293821900837},""L3_spread_proxy"":{""value"":0.05041384499623777,""score"":49.58615500376223},""L4_volume_zscore"":{""value"":-0.5724974767880627,""score"":100.0},""_score"":85.49},""pattern_structure"":{""n_contractions"":5,""contractions_pct"":[15.1,20.14,15.61,37.22,16.76],""descending_strict"":false,""final_low"":12.02,""final_pivot"":14.4399,""structural_low"":12.02,""dry_up_ratio"":0.4881978645685543,""current_price"":13.29,""neckline_distance_pct"":0.08652370203160276,""base_bars"":51},""pattern_geometry_features"":{""contraction_count"":5.0,""first_contraction_pct"":0.15099135739705147,""last_contraction_pct"":0.1675842630489131,""dry_up_ratio"":0.4881978645685543,""near_monotone"":0.0,""base_depth_pct"":0.3889171326893748},""_schema_version"":""1.0""}",,,,,,,,,,
20260519T210226Z-93bc42,2026-05-19T21:02:26.159542+00:00,AXON,vcp,absent,42.28,5.0,37.2,49.0,67.6,15.9,32.6,82.0,84.0,94.9,0.75,9.3,5.88,8.12,2.07,2.28,4.1,5.04,4.74,False,,392.34,438.97,360.51,661.345,"{""trend"":{""T1_ema_stack"":{""value"":[false,false,false],""score"":0.0},""T2_ema50_slope"":{""value"":-0.41418693314745336,""score"":0},""T3_high_proximity"":{""value"":0.6775112676785991,""score"":0},""T4_rs_1m"":{""value"":-0.0635490335867358,""score"":0},""T5_rs_3m"":{""value"":-0.1569612496435261,""score"":0},""T6_adr_healthy"":{""value"":5.698979730878922,""score"":100.0},""_score"":5.0},""geometry"":{""sub_contraction_count"":100.0,""sub_reduction_rate"":0,""sub_pivot_tightness"":0,""sub_volume_dryup"":0,""sub_base_depth"":22.1,""sub_base_duration"":100.0,""_score"":37.21},""compression"":{""VC1_atr_ratio"":{""value"":0.5708670246818437,""score"":100},""VC2_range_contraction"":{""value"":1.337878780262946,""score"":0},""VC3_range_pct_rank"":{""score"":35.83333333333333},""_score"":48.96},""sr_quality"":{""SR1_touches"":{""value"":5,""score"":100},""SR2_tightness"":{""value"":3.271657638812473,""score"":73.53940709118812},""SR3_recency"":{""value"":235,""score"":0.0},""SR4_price_location"":{""score"":46.40911507534137},""SR5_reaction"":{""value"":2.6470487239434846,""score"":100},""_score"":67.63,""_levels_found"":4,""_target_level"":414.6621},""volume"":{""V1_rvol_day"":{""value"":0.6531301224425011,""score"":10.208674829500076},""V2_rvol_sameslot"":{""value"":0.5685275401330938,""score"":4.568502675539587,""status"":""ok""},""V3_breakout_bar"":{""value"":0.7799483262618855,""score"":18.663221750792367},""V4_base_dryup"":{""value"":1.0856633280167562,""score"":41.43366719832437},""V5_bo_expansion"":{""value"":0.653130122442501,""score"":0},""_score"":15.91},""readiness"":{""_distance_atr"":1.886,""BR1_atr_distance"":{""score"":0},""BR2_compression"":{""score"":60.525496225456074},""BR3_retest"":{""score"":50.0},""BR4_bo_age"":{""score"":50.0},""_score"":32.63},""risk"":{""R1_stop_clarity"":{""score"":55.59784332381851},""R2_stop_distance_pct"":{""value"":8.112861293775802,""score"":97.17846765560493},""R3_stop_distance_atr"":{""value"":1.2871772741373897,""score"":89.35886370686949},""R4_rr_potential"":{""value"":8.451303801445183,""score"":100.0},""_score"":82.02},""market"":{""M1_spy_regime"":{""score"":100.0},""M3_earnings_risk"":{""value"":null,""score"":80.0},""M4_vix"":{""value"":null,""score"":60.0},""_score"":84.0},""liquidity"":{""L1_price"":{""value"":392.34,""score"":100.0},""L2_dollar_vol"":{""value"":303971189.0179528,""score"":100.0},""L3_spread_proxy"":{""value"":0.051052658408523154,""score"":48.94734159147685},""L4_volume_zscore"":{""value"":-0.8062649355364658,""score"":100.0},""_score"":94.89},""pattern_structure"":{""n_contractions"":5,""contractions_pct"":[17.67,34.36,9.11,10.76,16.62],""descending_strict"":false,""final_low"":366.0,""final_pivot"":438.97,""structural_low"":366.0,""dry_up_ratio"":1.2513783665654878,""current_price"":392.34,""neckline_distance_pct"":0.11885099658459514,""base_bars"":51},""pattern_geometry_features"":{""contraction_count"":5.0,""first_contraction_pct"":0.1766645421712343,""last_contraction_pct"":0.1662300384992141,""dry_up_ratio"":1.2513783665654878,""near_monotone"":0.0,""base_depth_pct"":0.37794773741236454},""_schema_version"":""1.0""}",,,,,,,,,,
20260519T210226Z-93bc42,2026-05-19T21:02:26.159542+00:00,EXLS,vcp,absent,42.06,16.2,43.5,34.1,48.3,28.9,25.3,71.5,84.0,94.5,2.43,10.87,4.1,5.79,3.76,1.77,3.57,5.04,4.73,False,,28.97,33.005,26.4177,37.185,"{""trend"":{""T1_ema_stack"":{""value"":[false,false,false],""score"":0.0},""T2_ema50_slope"":{""value"":-0.16744618921934043,""score"":22.092301796776592},""T3_high_proximity"":{""value"":0.890015360983103,""score"":45.00768049155146},""T4_rs_1m"":{""value"":-0.12428268235905504,""score"":0},""T5_rs_3m"":{""value"":-0.1315848438117223,""score"":0},""T6_adr_healthy"":{""value"":4.091865830996517,""score"":100.0},""_score"":16.17},""geometry"":{""sub_contraction_count"":100.0,""sub_reduction_rate"":0,""sub_pivot_tightness"":0,""sub_volume_dryup"":0,""sub_base_depth"":84.8,""sub_base_duration"":100.0,""_score"":43.48},""compression"":{""VC1_atr_ratio"":{""value"":0.6816155724046143,""score"":79.59610689884641},""VC2_range_contraction"":{""value"":1.2503308501846777,""score"":0},""VC3_range_pct_rank"":{""score"":9.166666666666668},""_score"":34.13},""sr_quality"":{""SR1_touches"":{""value"":4,""score"":75.0},""SR2_tightness"":{""value"":0.20141297748655612,""score"":67.8464986480597},""SR3_recency"":{""value"":252,""score"":0.0},""SR4_price_location"":{""score"":2.465331278890691},""SR5_reaction"":{""value"":2.0839562131189595,""score"":100},""_score"":48.29,""_levels_found"":6,""_target_level"":31.3438},""volume"":{""V1_rvol_day"":{""value"":1.2929596082525534,""score"":52.863973883503554},""V2_rvol_sameslot"":{""value"":0.9589318207148007,""score"":30.59545471432004,""status"":""ok""},""V3_breakout_bar"":{""value"":0.993071644210446,""score"":32.871442947363064},""V4_base_dryup"":{""value"":1.4442625408613479,""score"":5.57374591386521},""V5_bo_expansion"":{""value"":1.2929596082525534,""score"":19.53064055017023},""_score"":28.95},""readiness"":{""_distance_atr"":3.221,""BR1_atr_distance"":{""score"":0},""BR2_compression"":{""score"":31.136852787498725},""BR3_retest"":{""score"":50.0},""BR4_bo_age"":{""score"":50.0},""_score"":25.28},""risk"":{""R1_stop_clarity"":{""score"":35.7769605747028},""R2_stop_distance_pct"":{""value"":8.81014842940973,""score"":79.74628926475673},""R3_stop_distance_atr"":{""value"":2.037241654551154,""score"":100.0},""R4_rr_potential"":{""value"":3.2186655173764867,""score"":100.0},""_score"":71.45},""market"":{""M1_spy_regime"":{""score"":100.0},""M3_earnings_risk"":{""value"":null,""score"":80.0},""M4_vix"":{""value"":null,""score"":60.0},""_score"":84.0},""liquidity"":{""L1_price"":{""value"":28.97,""score"":100.0},""L2_dollar_vol"":{""value"":101946373.17620307,""score"":100.0},""L3_spread_proxy"":{""value"":0.054884363134276956,""score"":45.11563686572305},""L4_volume_zscore"":{""value"":0.987335348521202,""score"":100.0},""_score"":94.51},""pattern_structure"":{""n_contractions"":5,""contractions_pct"":[13.1,6.73,8.42,8.55,18.74],""descending_strict"":false,""final_low"":26.82,""final_pivot"":33.005,""structural_low"":26.82,""dry_up_ratio"":1.1329426271613614,""current_price"":28.97,""neckline_distance_pct"":0.13928201587849512,""base_bars"":59},""pattern_geometry_features"":{""contraction_count"":5.0,""first_contraction_pct"":0.13096774193548383,""last_contraction_pct"":0.1873958491137707,""dry_up_ratio"":1.1329426271613614,""near_monotone"":0.0,""base_depth_pct"":0.13483870967741934},""_schema_version"":""1.0""}",,,,,,,,,,
20260519T210226Z-93bc42,2026-05-19T21:02:26.159542+00:00,APP,high_tight_pullback,absent,41.94,59.7,33.3,31.5,59.4,11.9,34.3,75.4,84.0,93.6,7.16,11.65,3.15,4.75,1.67,3.08,0.75,5.04,4.68,False,,476.9,515.39,466.2892,580.48,"{""trend"":{""T1_ema_stack"":{""value"":[true,true,false],""score"":66.66666666666666},""T2_ema50_slope"":{""value"":0.11639116015459032,""score"":69.39852669243172},""T3_high_proximity"":{""value"":0.9220269512595943,""score"":61.01347562979714},""T4_rs_1m"":{""value"":-0.06392674256506392,""score"":0},""T5_rs_3m"":{""value"":0.11018180764165142,""score"":100},""T6_adr_healthy"":{""value"":5.883958764267012,""score"":100.0},""_score"":59.7},""geometry"":{""sub_pole_impulse"":29.9,""sub_flag_tightness"":16.6,""sub_flag_shallowness"":0,""sub_flag_drift"":81.1,""sub_flag_duration"":80.0,""_score"":33.28},""compression"":{""VC1_atr_ratio"":{""value"":0.7641253279978905,""score"":58.96866800052738},""VC2_range_contraction"":{""value"":1.3450028276032717,""score"":0},""VC3_range_pct_rank"":{""score"":31.666666666666664},""_score"":31.5},""sr_quality"":{""SR1_touches"":{""value"":3,""score"":50.0},""SR2_tightness"":{""value"":7.756145950148183,""score"":50.5532764476867},""SR3_recency"":{""value"":243,""score"":0.0},""SR4_price_location"":{""score"":87.34191969228974},""SR5_reaction"":{""value"":3.0805868128462044,""score"":100},""_score"":59.42,""_levels_found"":6,""_target_level"":482.33},""volume"":{""V1_rvol_day"":{""value"":0.7010431270985485,""score"":13.402875139903237},""V2_rvol_sameslot"":{""value"":0.80203371995113,""score"":20.135581330075336,""status"":""ok""},""V3_breakout_bar"":{""value"":0.8116187753883278,""score"":20.774585025888523},""V4_base_dryup"":{""value"":1.8143697308002489,""score"":0},""V5_bo_expansion"":{""value"":0.7010431270985487,""score"":0},""_score"":11.9},""readiness"":{""_distance_atr"":1.227,""BR1_atr_distance"":{""score"":18.20661095681686},""BR2_compression"":{""score"":37.93044035764594},""BR3_retest"":{""score"":50.0},""BR4_bo_age"":{""score"":50.0},""_score"":34.27},""risk"":{""R1_stop_clarity"":{""score"":54.73089738212898},""R2_stop_distance_pct"":{""value"":2.224963304676027,""score"":100.0},""R3_stop_distance_atr"":{""value"":0.33822968906034967,""score"":41.911484453017486},""R4_rr_potential"":{""value"":9.761706178110172,""score"":100.0},""_score"":75.44},""market"":{""M1_spy_regime"":{""score"":100.0},""M3_earnings_risk"":{""value"":null,""score"":80.0},""M4_vix"":{""value"":null,""score"":60.0},""_score"":84.0},""liquidity"":{""L1_price"":{""value"":476.9,""score"":100.0},""L2_dollar_vol"":{""value"":1571492011.160754,""score"":100.0},""L3_spread_proxy"":{""value"":0.06416439505137339,""score"":35.83560494862661},""L4_volume_zscore"":{""value"":-0.5713058243328027,""score"":100.0},""_score"":93.58},""pattern_structure"":{""pole_low"":450.3,""pole_low_idx"":31,""peak_price"":515.39,""peak_idx"":48,""pole_gain"":0.14454807905840544,""flag_bars"":11,""flag_low"":473.39,""flag_high"":510.67,""structural_low"":473.39,""current_price"":473.61,""neckline_distance_pct"":0.08821604273558407,""base_bars"":11},""pattern_geometry_features"":{""pole_gain"":0.14454807905840544,""pullback_pct"":0.08149168590775918,""flag_range_pct"":0.07233357263431582,""flag_drift_per_bar"":-0.0037800549358793212,""atr_pct"":0.06578261390528112,""pole_atr_multiple"":2.1973599174173426},""_schema_version"":""1.0""}",,,,,,,,,,
20260519T210226Z-93bc42,2026-05-19T21:02:26.159542+00:00,EPRT,double_bottom,absent,41.86,28.1,32.7,67.2,38.5,22.4,38.5,49.4,84.0,94.1,4.22,8.16,5.38,5.4,2.91,3.08,2.97,5.04,4.7,True,risk_unclear,31.17,31.73,29.6583,33.35,"{""trend"":{""T1_ema_stack"":{""value"":[false,false,true],""score"":33.33333333333333},""T2_ema50_slope"":{""value"":-0.08377984680981063,""score"":36.0366921983649},""T3_high_proximity"":{""value"":0.9011274934952298,""score"":50.56374674761488},""T4_rs_1m"":{""value"":-0.09925293563119497,""score"":0},""T5_rs_3m"":{""value"":-0.10500528451374636,""score"":0},""T6_adr_healthy"":{""value"":1.8933028637133087,""score"":100.0},""_score"":28.13},""geometry"":{""sub_low_similarity"":36.6,""sub_bounce_quality"":34.0,""sub_separation_fit"":53.3,""sub_right_bottom_reaction"":5.9,""sub_base_context"":30.0,""_score"":32.66},""compression"":{""VC1_atr_ratio"":{""value"":0.41657843935527455,""score"":100},""VC2_range_contraction"":{""value"":0.7976235322082555,""score"":33.72941129862408},""VC3_range_pct_rank"":{""score"":61.66666666666667},""_score"":67.22},""sr_quality"":{""SR1_touches"":{""value"":2,""score"":25.0},""SR2_tightness"":{""value"":0.005000000000002558,""score"":97.95769511305512},""SR3_recency"":{""value"":251,""score"":0.0},""SR4_price_location"":{""score"":5.4171180931743645},""SR5_reaction"":{""value"":2.706053975200579,""score"":100},""_score"":38.55,""_levels_found"":4,""_target_level"":32.625},""volume"":{""V1_rvol_day"":{""value"":0.9579417342010256,""score"":30.529448946735037},""V2_rvol_sameslot"":{""value"":0.34513259320559936,""score"":0,""status"":""ok""},""V3_breakout_bar"":{""value"":0.8403264631040983,""score"":22.688430873606556},""V4_base_dryup"":{""value"":0.9691213770119833,""score"":53.08786229880167},""V5_bo_expansion"":{""value"":0.9579417342010258,""score"":0},""_score"":22.4},""readiness"":{""_distance_atr"":1.144,""BR1_atr_distance"":{""score"":23.75395088743035},""BR2_compression"":{""score"":45.778328134611414},""BR3_retest"":{""score"":50.0},""BR4_bo_age"":{""score"":50.0},""_score"":38.45},""risk"":{""R1_stop_clarity"":{""score"":0},""R2_stop_distance_pct"":{""value"":4.8496952197626015,""score"":100.0},""R3_stop_distance_atr"":{""value"":3.0872501823486536,""score"":100.0},""R4_rr_potential"":{""value"":1.4421327688287602,""score"":22.106638441438008},""_score"":49.42},""market"":{""M1_spy_regime"":{""score"":100.0},""M3_earnings_risk"":{""value"":null,""score"":80.0},""M4_vix"":{""value"":null,""score"":60.0},""_score"":84.0},""liquidity"":{""L1_price"":{""value"":31.17,""score"":100.0},""L2_dollar_vol"":{""value"":60406745.58562606,""score"":89.05427193688178},""L3_spread_proxy"":{""value"":0.015559833172922663,""score"":84.44016682707733},""L4_volume_zscore"":{""value"":-0.0730263218050657,""score"":100.0},""_score"":94.07},""pattern_structure"":{""left_low"":31.08,""left_idx"":26,""right_low"":30.11,""right_idx"":63,""separation_bars"":37,""structural_low"":30.11,""current_price"":31.06,""neckline_distance_pct"":0.021571152607855817,""base_bars"":37},""pattern_geometry_features"":{""low_similarity_pct"":0.031704526883477656,""bounce_pct"":0.05380272334772504,""right_bottom_reaction"":0.05882352941177331,""atr_pct"":0.015708785920527997},""_schema_version"":""1.0""}",,,,,,,,,,
20260519T210226Z-93bc42,2026-05-19T21:02:26.159542+00:00,PEGA,bull_flag,absent,41.8,5.0,41.9,55.6,53.3,27.1,31.9,71.7,84.0,87.0,0.7,12.57,5.01,5.33,3.79,2.87,2.15,5.04,4.35,False,,33.5,35.49,32.5986,38.75,"{""trend"":{""T1_ema_stack"":{""value"":[false,false,false],""score"":0.0},""T2_ema50_slope"":{""value"":-0.696219381464778,""score"":0},""T3_high_proximity"":{""value"":0.7082452431289641,""score"":0},""T4_rs_1m"":{""value"":-0.2704487890188292,""score"":0},""T5_rs_3m"":{""value"":-0.31934911067308525,""score"":0},""T6_adr_healthy"":{""value"":5.123831314936585,""score"":100.0},""_score"":5.0},""geometry"":{""sub_pole_impulse"":26.6,""sub_flag_tightness"":39.4,""sub_flag_shallowness"":0,""sub_flag_drift"":93.8,""sub_flag_duration"":100.0,""_score"":41.9},""compression"":{""VC1_atr_ratio"":{""value"":0.35246774141458237,""score"":100},""VC2_range_contraction"":{""value"":0.7857409146285285,""score"":35.70984756191192},""VC3_range_pct_rank"":{""score"":12.5},""_score"":55.62},""sr_quality"":{""SR1_touches"":{""value"":2,""score"":25.0},""SR2_tightness"":{""value"":0.2375000000000007,""score"":71.06808788340214},""SR3_recency"":{""value"":237,""score"":0.0},""SR4_price_location"":{""score"":80.40243637154657},""SR5_reaction"":{""value"":2.1790298020448113,""score"":100},""_score"":53.26,""_levels_found"":6,""_target_level"":34.5725},""volume"":{""V1_rvol_day"":{""value"":0.6481069329808488,""score"":9.873795532056583},""V2_rvol_sameslot"":{""value"":0.6308487890864449,""score"":8.723252605762994,""status"":""ok""},""V3_breakout_bar"":{""value"":1.2529108639062634,""score"":50.1940575937509},""V4_base_dryup"":{""value"":0.9605514776896822,""score"":53.94485223103178},""V5_bo_expansion"":{""value"":0.6481069329808488,""score"":0},""_score"":27.06},""readiness"":{""_distance_atr"":1.212,""BR1_atr_distance"":{""score"":19.193677035747896},""BR2_compression"":{""score"":26.71886431525744},""BR3_retest"":{""score"":50.0},""BR4_bo_age"":{""score"":50.0},""_score"":31.86},""risk"":{""R1_stop_clarity"":{""score"":39.52621274744374},""R2_stop_distance_pct"":{""value"":2.690820895522398,""score"":100.0},""R3_stop_distance_atr"":{""value"":0.5490515553621945,""score"":52.45257776810972},""R4_rr_potential"":{""value"":5.824111822946987,""score"":100.0},""_score"":71.7},""market"":{""M1_spy_regime"":{""score"":100.0},""M3_earnings_risk"":{""value"":null,""score"":80.0},""M4_vix"":{""value"":null,""score"":60.0},""_score"":84.0},""liquidity"":{""L1_price"":{""value"":33.5,""score"":100.0},""L2_dollar_vol"":{""value"":51084357.5281115,""score"":85.41439678831759},""L3_spread_proxy"":{""value"":0.07149253731343293,""score"":28.507462686567067},""L4_volume_zscore"":{""value"":-0.7674481066249624,""score"":100.0},""_score"":87.02},""pattern_structure"":{""pole_low"":32.23,""pole_low_idx"":36,""peak_price"":35.49,""peak_idx"":54,""pole_gain"":0.10114799875892043,""flag_bars"":5,""flag_low"":33.095,""flag_high"":34.4,""structural_low"":33.095,""current_price"":33.415,""neckline_distance_pct"":0.06209786024240619,""base_bars"":5},""pattern_geometry_features"":{""pole_gain"":0.10114799875892043,""pullback_pct"":0.06748379825302911,""flag_range_pct"":0.03677092138630599,""flag_drift_per_bar"":-0.001241957204848262,""atr_pct"":0.0490085287846482,""pole_atr_multiple"":2.0638856392400986},""_schema_version"":""1.0""}",,,,,,,,,,
20260519T210226Z-93bc42,2026-05-19T21:02:26.159542+00:00,WAY,vcp,invalidated,41.76,5.0,43.6,47.4,56.8,41.3,19.3,27.1,84.0,89.7,0.75,10.9,5.69,6.82,5.37,1.35,1.36,5.04,4.49,False,,19.6,27.1721,23.6843,29.4121,"{""trend"":{""T1_ema_stack"":{""value"":[false,false,false],""score"":0.0},""T2_ema50_slope"":{""value"":-0.6376539587394522,""score"":0},""T3_high_proximity"":{""value"":0.727812848124768,""score"":0},""T4_rs_1m"":{""value"":-0.3014814089566358,""score"":0},""T5_rs_3m"":{""value"":-0.2977754346272028,""score"":0},""T6_adr_healthy"":{""value"":5.2930245998992556,""score"":100.0},""_score"":5.0},""geometry"":{""sub_contraction_count"":100.0,""sub_reduction_rate"":0,""sub_pivot_tightness"":0,""sub_volume_dryup"":33.8,""sub_base_depth"":35.2,""sub_base_duration"":100.0,""_score"":43.59},""compression"":{""VC1_atr_ratio"":{""value"":0.6191157012061232,""score"":95.22107469846918},""VC2_range_contraction"":{""value"":0.9081743200055652,""score"":15.304279999072467},""VC3_range_pct_rank"":{""score"":15.833333333333332},""_score"":47.4},""sr_quality"":{""SR1_touches"":{""value"":3,""score"":50.0},""SR2_tightness"":{""value"":0.22547480765905803,""score"":68.10033492603431},""SR3_recency"":{""value"":230,""score"":0.0},""SR4_price_location"":{""score"":66.43440738513775},""SR5_reaction"":{""value"":3.3506643558636635,""score"":100},""_score"":56.82,""_levels_found"":6,""_target_level"":21.1817},""volume"":{""V1_rvol_day"":{""value"":1.0895454334965815,""score"":39.3030288997721},""V2_rvol_sameslot"":{""value"":1.0386298106518146,""score"":35.908654043454305,""status"":""ok""},""V3_breakout_bar"":{""value"":1.3500684927957225,""score"":56.67123285304817},""V4_base_dryup"":{""value"":0.9398297709810638,""score"":56.01702290189362},""V5_bo_expansion"":{""value"":1.0895454334965815,""score"":5.969695566438768},""_score"":41.31},""readiness"":{""_distance_atr"":5.356,""BR1_atr_distance"":{""score"":0},""BR2_compression"":{""score"":7.194194520021051},""BR3_retest"":{""score"":50.0},""BR4_bo_age"":{""score"":50.0},""_score"":19.3},""risk"":{""R1_stop_clarity"":{""score"":48.972517949987534},""R2_stop_distance_pct"":{""value"":-20.838392857142853,""score"":0.0},""R3_stop_distance_atr"":{""value"":-2.8892052488239663,""score"":0.0},""R4_rr_potential"":{""value"":null,""score"":50.0},""_score"":27.14},""market"":{""M1_spy_regime"":{""score"":100.0},""M3_earnings_risk"":{""value"":null,""score"":80.0},""M4_vix"":{""value"":null,""score"":60.0},""_score"":84.0},""liquidity"":{""L1_price"":{""value"":19.6,""score"":100.0},""L2_dollar_vol"":{""value"":60189740.3331644,""score"":88.97612348612896},""L3_spread_proxy"":{""value"":0.05892857142857148,""score"":41.07142857142852},""L4_volume_zscore"":{""value"":0.17286843040429908,""score"":100.0},""_score"":89.7},""pattern_structure"":{""n_contractions"":5,""contractions_pct"":[9.23,14.76,10.64,15.28,11.51],""descending_strict"":false,""final_low"":24.045,""final_pivot"":27.1721,""structural_low"":24.045,""dry_up_ratio"":0.8311770936073178,""current_price"":19.6,""neckline_distance_pct"":0.38633163265306114,""base_bars"":44},""pattern_geometry_features"":{""contraction_count"":5.0,""first_contraction_pct"":0.09225794179189654,""last_contraction_pct"":0.11508495846842896,""dry_up_ratio"":0.8311770936073178,""near_monotone"":0.0,""base_depth_pct"":0.08521970705725693},""_schema_version"":""1.0""}",,,,,,,,,,
20260519T210226Z-93bc42,2026-05-19T21:02:26.159542+00:00,BTU,double_bottom,absent,41.61,13.3,37.0,73.9,49.9,15.9,19.6,70.3,84.0,91.4,2.0,9.26,5.91,6.98,2.07,1.56,4.22,5.04,4.57,False,,23.74,25.35,23.1376,27.21,"{""trend"":{""T1_ema_stack"":{""value"":[false,false,true],""score"":33.33333333333333},""T2_ema50_slope"":{""value"":-0.8137198857822974,""score"":0},""T3_high_proximity"":{""value"":0.6010126582278481,""score"":0},""T4_rs_1m"":{""value"":-0.11227186435774439,""score"":0},""T5_rs_3m"":{""value"":-0.35599823170141587,""score"":0},""T6_adr_healthy"":{""value"":3.983085002339698,""score"":100.0},""_score"":13.33},""geometry"":{""sub_low_similarity"":32.2,""sub_bounce_quality"":70.3,""sub_separation_fit"":0.0,""sub_right_bottom_reaction"":48.8,""sub_base_context"":30.0,""_score"":37.04},""compression"":{""VC1_atr_ratio"":{""value"":0.27694828389333664,""score"":100},""VC2_range_contraction"":{""value"":0.840452965640929,""score"":26.591172393178507},""VC3_range_pct_rank"":{""score"":98.33333333333333},""_score"":73.89},""sr_quality"":{""SR1_touches"":{""value"":2,""score"":25.0},""SR2_tightness"":{""value"":0.07500000000000107,""score"":86.247544204322},""SR3_recency"":{""value"":229,""score"":0.0},""SR4_price_location"":{""score"":57.779960707269154},""SR5_reaction"":{""value"":2.1407989521938466,""score"":100},""_score"":49.88,""_levels_found"":6,""_target_level"":25.275},""volume"":{""V1_rvol_day"":{""value"":0.6769701503441693,""score"":11.79801002294462},""V2_rvol_sameslot"":{""value"":0.6245116016075072,""score"":8.30077344050048,""status"":""ok""},""V3_breakout_bar"":{""value"":0.8223971612331866,""score"":21.493144082212442},""V4_base_dryup"":{""value"":1.173280356938352,""score"":32.671964306164796},""V5_bo_expansion"":{""value"":0.6769701503441691,""score"":0},""_score"":15.93},""readiness"":{""_distance_atr"":1.476,""BR1_atr_distance"":{""score"":1.593538528705352},""BR2_compression"":{""score"":5.666697724127627},""BR3_retest"":{""score"":50.0},""BR4_bo_age"":{""score"":50.0},""_score"":19.55},""risk"":{""R1_stop_clarity"":{""score"":35.39096267190547},""R2_stop_distance_pct"":{""value"":2.5372788542544282,""score"":100.0},""R3_stop_distance_atr"":{""value"":0.5522527832351026,""score"":52.61263916175514},""R4_rr_potential"":{""value"":5.760770316261308,""score"":100.0},""_score"":70.28},""market"":{""M1_spy_regime"":{""score"":100.0},""M3_earnings_risk"":{""value"":null,""score"":80.0},""M4_vix"":{""value"":null,""score"":60.0},""_score"":84.0},""liquidity"":{""L1_price"":{""value"":23.74,""score"":100.0},""L2_dollar_vol"":{""value"":48336786.90240032,""score"":84.21388890584095},""L3_spread_proxy"":{""value"":0.02316764953664704,""score"":76.83235046335295},""L4_volume_zscore"":{""value"":-0.7185945009546346,""score"":100.0},""_score"":91.37},""pattern_structure"":{""left_low"":24.3,""left_idx"":20,""right_low"":23.49,""right_idx"":68,""separation_bars"":48,""structural_low"":23.49,""current_price"":23.53,""neckline_distance_pct"":0.07734806629834255,""base_bars"":48},""pattern_geometry_features"":{""low_similarity_pct"":0.03389830508474586,""bounce_pct"":0.07918263090676897,""right_bottom_reaction"":0.4875609756097634,""atr_pct"":0.04594415693825972},""_schema_version"":""1.0""}",,,,,,,,,,
20260519T210226Z-93bc42,2026-05-19T21:02:26.159542+00:00,KTOS,double_bottom,absent,41.29,5.0,41.5,64.5,37.8,22.9,29.2,75.6,84.0,96.6,0.75,10.38,5.16,5.29,2.97,2.33,4.53,5.04,4.83,False,,53.465,58.63,51.9883,64.48,"{""trend"":{""T1_ema_stack"":{""value"":[false,false,false],""score"":0.0},""T2_ema50_slope"":{""value"":-1.1650994352948456,""score"":0},""T3_high_proximity"":{""value"":0.5059619570360556,""score"":0},""T4_rs_1m"":{""value"":-0.2696438334744772,""score"":0},""T5_rs_3m"":{""value"":-0.5191304403899106,""score"":0},""T6_adr_healthy"":{""value"":5.626293158793581,""score"":100.0},""_score"":5.0},""geometry"":{""sub_low_similarity"":17.2,""sub_bounce_quality"":100,""sub_separation_fit"":53.3,""sub_right_bottom_reaction"":15.9,""sub_base_context"":30.0,""_score"":41.54},""compression"":{""VC1_atr_ratio"":{""value"":0.480469050177629,""score"":100},""VC2_range_contraction"":{""value"":0.9731787631559943,""score"":4.470206140667621},""VC3_range_pct_rank"":{""score"":91.66666666666666},""_score"":64.48},""sr_quality"":{""SR1_touches"":{""value"":2,""score"":25.0},""SR2_tightness"":{""value"":0.14499999999999602,""score"":91.37892593308287},""SR3_recency"":{""value"":234,""score"":0.0},""SR4_price_location"":{""score"":6.178931878650985},""SR5_reaction"":{""value"":3.6743612230034026,""score"":100},""_score"":37.75,""_levels_found"":5,""_target_level"":63.985},""volume"":{""V1_rvol_day"":{""value"":0.6325212096257004,""score"":8.834747308380024},""V2_rvol_sameslot"":{""value"":0.6636925802494368,""score"":10.912838683295785,""status"":""ok""},""V3_breakout_bar"":{""value"":0.9808286651135492,""score"":32.05524434090328},""V4_base_dryup"":{""value"":0.9557394649981481,""score"":54.42605350018519},""V5_bo_expansion"":{""value"":0.6325212096257002,""score"":0},""_score"":22.85},""readiness"":{""_distance_atr"":1.535,""BR1_atr_distance"":{""score"":0},""BR2_compression"":{""score"":46.70667032282405},""BR3_retest"":{""score"":50.0},""BR4_bo_age"":{""score"":50.0},""_score"":29.18},""risk"":{""R1_stop_clarity"":{""score"":52.92893559463122},""R2_stop_distance_pct"":{""value"":2.7619938277377742,""score"":100.0},""R3_stop_distance_atr"":{""value"":0.4389910370557549,""score"":46.94955185278774},""R4_rr_potential"":{""value"":7.4591995666012005,""score"":100.0},""_score"":75.57},""market"":{""M1_spy_regime"":{""score"":100.0},""M3_earnings_risk"":{""value"":null,""score"":80.0},""M4_vix"":{""value"":null,""score"":60.0},""_score"":84.0},""liquidity"":{""L1_price"":{""value"":53.465,""score"":100.0},""L2_dollar_vol"":{""value"":146863080.11770415,""score"":100.0},""L3_spread_proxy"":{""value"":0.03376040400261853,""score"":66.23959599738147},""L4_volume_zscore"":{""value"":-1.0047713857788698,""score"":100.0},""_score"":96.62},""pattern_structure"":{""left_low"":55.01,""left_idx"":38,""right_low"":52.78,""right_idx"":75,""separation_bars"":37,""structural_low"":52.78,""current_price"":53.505,""neckline_distance_pct"":0.09578544061302681,""base_bars"":37},""pattern_geometry_features"":{""low_similarity_pct"":0.041376751090082514,""bounce_pct"":0.11083743842364535,""right_bottom_reaction"":0.15853658536584805,""atr_pct"":0.06291686149817637},""_schema_version"":""1.0""}",,,,,,,,,,
20260519T210226Z-93bc42,2026-05-19T21:02:26.159542+00:00,HBAN,double_bottom,absent,41.17,17.3,30.1,62.4,50.1,23.0,30.7,60.5,84.0,98.3,2.59,7.53,5.0,7.02,2.99,2.45,3.63,5.04,4.92,True,risk_unclear,15.46,16.31,15.1197,17.27,"{""trend"":{""T1_ema_stack"":{""value"":[false,false,false],""score"":0.0},""T2_ema50_slope"":{""value"":-0.06336084709804993,""score"":39.43985881699168},""T3_high_proximity"":{""value"":0.858411993337035,""score"":29.205996668517475},""T4_rs_1m"":{""value"":-0.12907560707168586,""score"":0},""T5_rs_3m"":{""value"":-0.20495536955244997,""score"":0},""T6_adr_healthy"":{""value"":2.2847336180090347,""score"":100.0},""_score"":17.27},""geometry"":{""sub_low_similarity"":4.0,""sub_bounce_quality"":46.5,""sub_separation_fit"":6.7,""sub_right_bottom_reaction"":84.1,""sub_base_context"":30.0,""_score"":30.12},""compression"":{""VC1_atr_ratio"":{""value"":0.5136245979899784,""score"":100},""VC2_range_contraction"":{""value"":0.9260592051958463,""score"":12.323465800692288},""VC3_range_pct_rank"":{""score"":72.5},""_score"":62.44},""sr_quality"":{""SR1_touches"":{""value"":3,""score"":50.0},""SR2_tightness"":{""value"":0.07575545451575626,""score"":59.91017338043515},""SR3_recency"":{""value"":241,""score"":0.0},""SR4_price_location"":{""score"":44.56671251719411},""SR5_reaction"":{""value"":2.0286020286020303,""score"":100},""_score"":50.13,""_levels_found"":6,""_target_level"":16.1317},""volume"":{""V1_rvol_day"":{""value"":0.5531751959417234,""score"":3.545013062781558},""V2_rvol_sameslot"":{""value"":0.43866141109442414,""score"":0,""status"":""ok""},""V3_breakout_bar"":{""value"":0.7379985295271917,""score"":15.866568635146114},""V4_base_dryup"":{""value"":0.5826021556377649,""score"":91.73978443622352},""V5_bo_expansion"":{""value"":0.5531751959417234,""score"":0},""_score"":23.02},""readiness"":{""_distance_atr"":2.249,""BR1_atr_distance"":{""score"":0},""BR2_compression"":{""score"":52.63885177527655},""BR3_retest"":{""score"":50.0},""BR4_bo_age"":{""score"":50.0},""_score"":30.66},""risk"":{""R1_stop_clarity"":{""score"":0},""R2_stop_distance_pct"":{""value"":2.200840879689528,""score"":100.0},""R3_stop_distance_atr"":{""value"":0.9003024003024036,""score"":70.01512001512017},""R4_rr_potential"":{""value"":5.319617927994091,""score"":100.0},""_score"":60.5},""market"":{""M1_spy_regime"":{""score"":100.0},""M3_earnings_risk"":{""value"":null,""score"":80.0},""M4_vix"":{""value"":null,""score"":60.0},""_score"":84.0},""liquidity"":{""L1_price"":{""value"":15.46,""score"":100.0},""L2_dollar_vol"":{""value"":177656173.80887026,""score"":100.0},""L3_spread_proxy"":{""value"":0.016817593790426893,""score"":83.1824062095731},""L4_volume_zscore"":{""value"":-1.235944003360627,""score"":100.0},""_score"":98.32},""pattern_structure"":{""left_low"":16.105,""left_idx"":30,""right_low"":15.35,""right_idx"":74,""separation_bars"":44,""structural_low"":15.35,""current_price"":15.465,""neckline_distance_pct"":0.054639508567733516,""base_bars"":44},""pattern_geometry_features"":{""low_similarity_pct"":0.04800508663169613,""bounce_pct"":0.0625407166123778,""right_bottom_reaction"":0.8409090909090907,""atr_pct"":0.024445573831084814},""_schema_version"":""1.0""}",,,,,,,,,,
20260519T210226Z-93bc42,2026-05-19T21:02:26.159542+00:00,AMPL,bull_flag,absent,41.01,8.3,36.8,28.9,62.0,30.5,49.1,79.4,84.0,77.7,1.16,11.04,2.6,6.2,4.28,4.42,2.38,5.04,3.88,False,,6.36,6.655,6.1562,7.3979,"{""trend"":{""T1_ema_stack"":{""value"":[false,false,false],""score"":0.0},""T2_ema50_slope"":{""value"":-0.20142126593703252,""score"":16.42978901049458},""T3_high_proximity"":{""value"":0.7910447761194032,""score"":0},""T4_rs_1m"":{""value"":-0.13698388692146835,""score"":0},""T5_rs_3m"":{""value"":-0.18333142501986066,""score"":0},""T6_adr_healthy"":{""value"":5.878544665869575,""score"":100.0},""_score"":8.29},""geometry"":{""sub_pole_impulse"":12.0,""sub_flag_tightness"":42.2,""sub_flag_shallowness"":3.1,""sub_flag_drift"":80.3,""sub_flag_duration"":100.0,""_score"":36.81},""compression"":{""VC1_atr_ratio"":{""value"":0.7776490279387147,""score"":55.58774301532132},""VC2_range_contraction"":{""value"":1.1460547493952802,""score"":0},""VC3_range_pct_rank"":{""score"":26.66666666666667},""_score"":28.9},""sr_quality"":{""SR1_touches"":{""value"":3,""score"":50.0},""SR2_tightness"":{""value"":0.06416125518306694,""score"":76.25227831955222},""SR3_recency"":{""value"":241,""score"":0.0},""SR4_price_location"":{""score"":92.37536656891501},""SR5_reaction"":{""value"":1.6655651024454725,""score"":83.27825512227362},""_score"":62.02,""_levels_found"":6,""_target_level"":6.425},""volume"":{""V1_rvol_day"":{""value"":1.0674653744643972,""score"":37.83102496429314},""V2_rvol_sameslot"":{""value"":0.7338547989678454,""score"":15.590319931189697,""status"":""ok""},""V3_breakout_bar"":{""value"":0.5984804709698778,""score"":6.565364731325185},""V4_base_dryup"":{""value"":0.622798954685635,""score"":87.7201045314365},""V5_bo_expansion"":{""value"":1.067465374464397,""score"":4.497691630959796},""_score"":30.54},""readiness"":{""_distance_atr"":0.546,""BR1_atr_distance"":{""score"":63.60431813174708},""BR2_compression"":{""score"":24.600964618422946},""BR3_retest"":{""score"":50.0},""BR4_bo_age"":{""score"":50.0},""_score"":49.09},""risk"":{""R1_stop_clarity"":{""score"":65.30072703238598},""R2_stop_distance_pct"":{""value"":3.2036163522012626,""score"":100.0},""R3_stop_distance_atr"":{""value"":0.3770654329147396,""score"":43.85327164573698},""R4_rr_potential"":{""value"":5.093987730061344,""score"":100.0},""_score"":79.43},""market"":{""M1_spy_regime"":{""score"":100.0},""M3_earnings_risk"":{""value"":null,""score"":80.0},""M4_vix"":{""value"":null,""score"":60.0},""_score"":84.0},""liquidity"":{""L1_price"":{""value"":6.36,""score"":98.18},""L2_dollar_vol"":{""value"":16791488.51217468,""score"":61.25445983361439},""L3_spread_proxy"":{""value"":0.06367924528301891,""score"":36.32075471698109},""L4_volume_zscore"":{""value"":0.10112947098325488,""score"":100.0},""_score"":77.68},""pattern_structure"":{""pole_low"":5.9121,""pole_low_idx"":35,""peak_price"":6.655,""peak_idx"":54,""pole_gain"":0.12565754977080912,""flag_bars"":5,""flag_low"":6.25,""flag_high"":6.54,""structural_low"":6.25,""current_price"":6.335,""neckline_distance_pct"":0.050513022888713545,""base_bars"":5},""pattern_geometry_features"":{""pole_gain"":0.12565754977080912,""pullback_pct"":0.06085649887302783,""flag_range_pct"":0.043576258452291516,""flag_drift_per_bar"":-0.003947908445146256,""atr_pct"":0.08496181491464508,""pole_atr_multiple"":1.478988530283258},""_schema_version"":""1.0""}",,,,,,,,,,
20260519T210226Z-93bc42,2026-05-19T21:02:26.159542+00:00,PGY,vcp,absent,40.71,21.6,35.0,60.7,38.1,18.8,27.4,63.3,84.0,86.0,3.24,8.75,7.28,4.58,2.45,1.92,3.17,5.04,4.3,False,,12.64,15.57,12.5785,15.325,"{""trend"":{""T1_ema_stack"":{""value"":[false,false,false],""score"":0.0},""T2_ema50_slope"":{""value"":0.08447650988702465,""score"":64.07941831450411},""T3_high_proximity"":{""value"":0.815483870967742,""score"":7.741935483870977},""T4_rs_1m"":{""value"":-0.1965364832797062,""score"":0},""T5_rs_3m"":{""value"":-0.06515389100847524,""score"":17.42305449576238},""T6_adr_healthy"":{""value"":5.691563973683005,""score"":100.0},""_score"":21.59},""geometry"":{""sub_contraction_count"":100.0,""sub_reduction_rate"":0,""sub_pivot_tightness"":0,""sub_volume_dryup"":0,""sub_base_depth"":0.0,""sub_base_duration"":100.0,""_score"":35.0},""compression"":{""VC1_atr_ratio"":{""value"":0.6182122814808831,""score"":95.4469296297792},""VC2_range_contraction"":{""value"":1.1531824248735063,""score"":0},""VC3_range_pct_rank"":{""score"":90.0},""_score"":60.68},""sr_quality"":{""SR1_touches"":{""value"":2,""score"":25.0},""SR2_tightness"":{""value"":0.014999999999998792,""score"":96.73456694137796},""SR3_recency"":{""value"":306,""score"":0.0},""SR4_price_location"":{""score"":4.480286738351256},""SR5_reaction"":{""value"":3.5185041206655265,""score"":100},""_score"":38.13,""_levels_found"":3,""_target_level"":20.635},""volume"":{""V1_rvol_day"":{""value"":0.6281862873738416,""score"":8.545752491589443},""V2_rvol_sameslot"":{""value"":0.5821230783029321,""score"":5.4748718868621395,""status"":""ok""},""V3_breakout_bar"":{""value"":0.6440525694995631,""score"":9.60350463330421},""V4_base_dryup"":{""value"":0.8190432441771516,""score"":68.09567558228484},""V5_bo_expansion"":{""value"":0.6281862873738416,""score"":0},""_score"":18.82},""readiness"":{""_distance_atr"":3.189,""BR1_atr_distance"":{""score"":0},""BR2_compression"":{""score"":39.44681729516716},""BR3_retest"":{""score"":50.0},""BR4_bo_age"":{""score"":50.0},""_score"":27.36},""risk"":{""R1_stop_clarity"":{""score"":58.30041984139338},""R2_stop_distance_pct"":{""value"":0.486946202531649,""score"":62.17365506329122},""R3_stop_distance_atr"":{""value"":0.06699580158606797,""score"":28.349790079303393},""R4_rr_potential"":{""value"":43.623070674248275,""score"":100.0},""_score"":63.31},""market"":{""M1_spy_regime"":{""score"":100.0},""M3_earnings_risk"":{""value"":null,""score"":80.0},""M4_vix"":{""value"":null,""score"":60.0},""_score"":84.0},""liquidity"":{""L1_price"":{""value"":12.64,""score"":100.0},""L2_dollar_vol"":{""value"":30351423.7696416,""score"":74.10895342096863},""L3_spread_proxy"":{""value"":0.03639240506329121,""score"":63.60759493670879},""L4_volume_zscore"":{""value"":-0.600665384389037,""score"":100.0},""_score"":86.0},""pattern_structure"":{""n_contractions"":5,""contractions_pct"":[15.85,12.13,10.36,15.24,17.98],""descending_strict"":false,""final_low"":12.77,""final_pivot"":15.57,""structural_low"":12.77,""dry_up_ratio"":1.4642253952408566,""current_price"":12.64,""neckline_distance_pct"":0.2318037974683544,""base_bars"":43},""pattern_geometry_features"":{""contraction_count"":5.0,""first_contraction_pct"":0.1584830339321358,""last_contraction_pct"":0.17983301220295445,""dry_up_ratio"":1.4642253952408566,""near_monotone"":0.0,""base_depth_pct"":-0.01956087824351291},""_schema_version"":""1.0""}",,,,,,,,,,
20260519T210226Z-93bc42,2026-05-19T21:02:26.159542+00:00,ALKT,bull_flag,absent,40.63,21.9,27.9,52.4,55.5,22.5,48.2,73.5,84.0,83.6,3.06,8.38,4.72,5.55,3.16,4.34,2.21,5.04,4.18,False,,16.76,17.365,16.3116,18.635,"{""trend"":{""T1_ema_stack"":{""value"":[false,false,false],""score"":0.0},""T2_ema50_slope"":{""value"":-0.08893757088935128,""score"":35.17707151844145},""T3_high_proximity"":{""value"":0.9025309639203016,""score"":51.265481960150794},""T4_rs_1m"":{""value"":-0.091063619554555,""score"":0},""T5_rs_3m"":{""value"":-0.07150624926710836,""score"":14.24687536644582},""T6_adr_healthy"":{""value"":5.153066875282955,""score"":100.0},""_score"":21.86},""geometry"":{""sub_pole_impulse"":10.9,""sub_flag_tightness"":2.7,""sub_flag_shallowness"":0,""sub_flag_drift"":93.4,""sub_flag_duration"":100.0,""_score"":27.95},""compression"":{""VC1_atr_ratio"":{""value"":0.41929683029438647,""score"":100},""VC2_range_contraction"":{""value"":0.9837798741879834,""score"":2.703354302002766},""VC3_range_pct_rank"":{""score"":45.833333333333336},""_score"":52.4},""sr_quality"":{""SR1_touches"":{""value"":3,""score"":50.0},""SR2_tightness"":{""value"":0.04109071265707855,""score"":91.0690392125953},""SR3_recency"":{""value"":252,""score"":0.0},""SR4_price_location"":{""score"":47.25140953357267},""SR5_reaction"":{""value"":2.6326207442596994,""score"":100},""_score"":55.47,""_levels_found"":6,""_target_level"":17.5833},""volume"":{""V1_rvol_day"":{""value"":0.8039554963664347,""score"":20.263699757762314},""V2_rvol_sameslot"":{""value"":0.7899044547535812,""score"":19.326963650238746,""status"":""ok""},""V3_breakout_bar"":{""value"":0.9727907573080965,""score"":31.519383820539765},""V4_base_dryup"":{""value"":1.1628243279342758,""score"":33.717567206572426},""V5_bo_expansion"":{""value"":0.8039554963664347,""score"":0},""_score"":22.54},""readiness"":{""_distance_atr"":0.657,""BR1_atr_distance"":{""score"":56.16826831022746},""BR2_compression"":{""score"":33.140330131638066},""BR3_retest"":{""score"":50.0},""BR4_bo_age"":{""score"":50.0},""_score"":48.25},""risk"":{""R1_stop_clarity"":{""score"":46.010898421126136},""R2_stop_distance_pct"":{""value"":2.6754176610978697,""score"":100.0},""R3_stop_distance_atr"":{""value"":0.4872929377610142,""score"":49.364646888050714},""R4_rr_potential"":{""value"":4.181534344335379,""score"":100.0},""_score"":73.51},""market"":{""M1_spy_regime"":{""score"":100.0},""M3_earnings_risk"":{""value"":null,""score"":80.0},""M4_vix"":{""value"":null,""score"":60.0},""_score"":84.0},""liquidity"":{""L1_price"":{""value"":16.76,""score"":100.0},""L2_dollar_vol"":{""value"":26091571.166323483,""score"":70.82501159839816},""L3_spread_proxy"":{""value"":0.04773269689737474,""score"":52.267303102625256},""L4_volume_zscore"":{""value"":-0.6223241815094822,""score"":100.0},""_score"":83.56},""pattern_structure"":{""pole_low"":16.095,""pole_low_idx"":40,""peak_price"":17.365,""peak_idx"":48,""pole_gain"":0.07890649269959613,""flag_bars"":11,""flag_low"":16.56,""flag_high"":17.36,""structural_low"":16.56,""current_price"":16.695,""neckline_distance_pct"":0.04013177598083247,""base_bars"":11},""pattern_geometry_features"":{""pole_gain"":0.07890649269959613,""pullback_pct"":0.04635761589403972,""flag_range_pct"":0.04606968039159233,""flag_drift_per_bar"":-0.0013177598083258736,""atr_pct"":0.0549036822366178,""pole_atr_multiple"":1.4371803399184353},""_schema_version"":""1.0""}",,,,,,,,,,
20260519T210226Z-93bc42,2026-05-19T21:02:26.159542+00:00,HLNE,double_bottom,absent,40.24,5.0,41.9,66.3,52.9,10.5,27.7,54.1,84.0,88.6,0.75,10.48,5.3,7.41,1.37,2.21,3.25,5.04,4.43,False,,84.11,90.61,83.7151,96.23,"{""trend"":{""T1_ema_stack"":{""value"":[false,false,false],""score"":0.0},""T2_ema50_slope"":{""value"":-0.5998111281569232,""score"":0},""T3_high_proximity"":{""value"":0.7443362831858407,""score"":0},""T4_rs_1m"":{""value"":-0.24796331408041095,""score"":0},""T5_rs_3m"":{""value"":-0.3863588385697342,""score"":0},""T6_adr_healthy"":{""value"":4.8161132255574115,""score"":100.0},""_score"":5.0},""geometry"":{""sub_low_similarity"":41.9,""sub_bounce_quality"":51.6,""sub_separation_fit"":0.0,""sub_right_bottom_reaction"":86.8,""sub_base_context"":30.0,""_score"":41.91},""compression"":{""VC1_atr_ratio"":{""value"":0.24112102397300575,""score"":100},""VC2_range_contraction"":{""value"":0.688329689871129,""score"":51.94505168814517},""VC3_range_pct_rank"":{""score"":32.49999999999999},""_score"":66.31},""sr_quality"":{""SR1_touches"":{""value"":4,""score"":75.0},""SR2_tightness"":{""value"":1.0841817190858722,""score"":41.8453271908667},""SR3_recency"":{""value"":249,""score"":0.0},""SR4_price_location"":{""score"":36.517971057803905},""SR5_reaction"":{""value"":3.4003919495178243,""score"":100},""_score"":52.91,""_levels_found"":4,""_target_level"":92.0},""volume"":{""V1_rvol_day"":{""value"":0.5285271840902422,""score"":1.9018122726828162},""V2_rvol_sameslot"":{""value"":0.3891719668925783,""score"":0,""status"":""ok""},""V3_breakout_bar"":{""value"":0.7964187238396193,""score"":19.76124825597462},""V4_base_dryup"":{""value"":1.2392921536400099,""score"":26.07078463599902},""V5_bo_expansion"":{""value"":0.5285271840902422,""score"":0},""_score"":10.53},""readiness"":{""_distance_atr"":1.743,""BR1_atr_distance"":{""score"":0},""BR2_compression"":{""score"":40.660588196192414},""BR3_retest"":{""score"":50.0},""BR4_bo_age"":{""score"":50.0},""_score"":27.67},""risk"":{""R1_stop_clarity"":{""score"":31.618027378995578},""R2_stop_distance_pct"":{""value"":0.46944477469980417,""score"":61.7361193674951},""R3_stop_distance_atr"":{""value"":0.10589725022317896,""score"":30.29486251115895},""R4_rr_potential"":{""value"":30.69520070912965,""score"":100.0},""_score"":54.13},""market"":{""M1_spy_regime"":{""score"":100.0},""M3_earnings_risk"":{""value"":null,""score"":80.0},""M4_vix"":{""value"":null,""score"":60.0},""_score"":84.0},""liquidity"":{""L1_price"":{""value"":84.11,""score"":100.0},""L2_dollar_vol"":{""value"":44038340.628819026,""score"":82.19154731638855},""L3_spread_proxy"":{""value"":0.04268101295922007,""score"":57.31898704077993},""L4_volume_zscore"":{""value"":-0.8554688947132757,""score"":100.0},""_score"":88.61},""pattern_structure"":{""left_low"":87.495,""left_idx"":26,""right_low"":84.99,""right_idx"":74,""separation_bars"":48,""structural_low"":84.99,""current_price"":84.49,""neckline_distance_pct"":0.07243460764587531,""base_bars"":48},""pattern_geometry_features"":{""low_similarity_pct"":0.029046004000347965,""bounce_pct"":0.06612542652076721,""right_bottom_reaction"":0.867957281406849,""atr_pct"":0.0443302138356234},""_schema_version"":""1.0""}",,,,,,,,,,
20260519T210226Z-93bc42,2026-05-19T21:02:26.159542+00:00,XEL,double_bottom,absent,40.11,39.1,25.0,45.9,40.9,19.5,39.4,50.2,84.0,97.2,5.86,6.25,3.67,5.73,2.53,3.15,3.01,5.04,4.86,True,risk_unclear,79.73,81.18,76.372,84.825,"{""trend"":{""T1_ema_stack"":{""value"":[false,false,true],""score"":33.33333333333333},""T2_ema50_slope"":{""value"":0.01951832241392515,""score"":53.25305373565419},""T3_high_proximity"":{""value"":0.9501847217256585,""score"":75.09236086282922},""T4_rs_1m"":{""value"":-0.042634589197111494,""score"":7.365410802888505},""T5_rs_3m"":{""value"":-0.06849778684599528,""score"":15.75110657700236},""T6_adr_healthy"":{""value"":2.0177176504277843,""score"":100.0},""_score"":39.08},""geometry"":{""sub_low_similarity"":42.7,""sub_bounce_quality"":24.3,""sub_separation_fit"":0.0,""sub_right_bottom_reaction"":9.0,""sub_base_context"":30.0,""_score"":25.02},""compression"":{""VC1_atr_ratio"":{""value"":0.4943461931385566,""score"":100},""VC2_range_contraction"":{""value"":0.9316434563880077,""score"":11.392757268665381},""VC3_range_pct_rank"":{""score"":7.499999999999996},""_score"":45.86},""sr_quality"":{""SR1_touches"":{""value"":2,""score"":25.0},""SR2_tightness"":{""value"":0.4024999999999963,""score"":53.90593047034804},""SR3_recency"":{""value"":270,""score"":0.0},""SR4_price_location"":{""score"":62.745098039215954},""SR5_reaction"":{""value"":1.2869120654396706,""score"":64.34560327198353},""_score"":40.92,""_levels_found"":8,""_target_level"":80.5375},""volume"":{""V1_rvol_day"":{""value"":0.6900878152108133,""score"":12.672521014054219},""V2_rvol_sameslot"":{""value"":0.5021006375581729,""score"":0.14004250387819422,""status"":""ok""},""V3_breakout_bar"":{""value"":0.832093802347201,""score"":22.139586823146733},""V4_base_dryup"":{""value"":0.9320663657609898,""score"":56.79336342390102},""V5_bo_expansion"":{""value"":0.6900878152108133,""score"":0},""_score"":19.46},""readiness"":{""_distance_atr"":0.83,""BR1_atr_distance"":{""score"":44.64894342194942},""BR2_compression"":{""score"":16.081184574314587},""BR3_retest"":{""score"":50.0},""BR4_bo_age"":{""score"":50.0},""_score"":39.38},""risk"":{""R1_stop_clarity"":{""score"":0},""R2_stop_distance_pct"":{""value"":4.21174589238682,""score"":100.0},""R3_stop_distance_atr"":{""value"":1.9227955010225026,""score"":100.0},""R4_rr_potential"":{""value"":1.5172608899576372,""score"":25.86304449788186},""_score"":50.17},""market"":{""M1_spy_regime"":{""score"":100.0},""M3_earnings_risk"":{""value"":null,""score"":80.0},""M4_vix"":{""value"":null,""score"":60.0},""_score"":84.0},""liquidity"":{""L1_price"":{""value"":79.73,""score"":100.0},""L2_dollar_vol"":{""value"":287821217.8800502,""score"":100.0},""L3_spread_proxy"":{""value"":0.02746770349931014,""score"":72.53229650068985},""L4_volume_zscore"":{""value"":-0.8957038649448125,""score"":100.0},""_score"":97.25},""pattern_structure"":{""left_low"":79.79,""left_idx"":26,""right_low"":77.535,""right_idx"":73,""separation_bars"":47,""structural_low"":77.535,""current_price"":79.67,""neckline_distance_pct"":0.018953181875235408,""base_bars"":47},""pattern_geometry_features"":{""low_similarity_pct"":0.028666772604481295,""bounce_pct"":0.04701102727800362,""right_bottom_reaction"":0.08965517241378891,""atr_pct"":0.02190428410170037},""_schema_version"":""1.0""}",,,,,,,,,,
20260519T210226Z-93bc42,2026-05-19T21:02:26.159542+00:00,SRAD,double_bottom,absent,39.96,5.0,40.7,72.3,45.6,10.0,17.5,81.0,84.0,85.5,0.75,10.18,5.78,6.39,1.3,1.4,4.86,5.04,4.27,False,,13.29,14.4399,12.2928,16.3998,"{""trend"":{""T1_ema_stack"":{""value"":[false,false,false],""score"":0.0},""T2_ema50_slope"":{""value"":-1.0073006970608887,""score"":0},""T3_high_proximity"":{""value"":0.674961909598781,""score"":0},""T4_rs_1m"":{""value"":-0.2719345776408095,""score"":0},""T5_rs_3m"":{""value"":-0.29600138763659234,""score"":0},""T6_adr_healthy"":{""value"":8.020938861984432,""score"":99.47652845038921},""_score"":4.97},""geometry"":{""sub_low_similarity"":1.5,""sub_bounce_quality"":100,""sub_separation_fit"":0.0,""sub_right_bottom_reaction"":95.1,""sub_base_context"":30.0,""_score"":40.71},""compression"":{""VC1_atr_ratio"":{""value"":0.2966799879241464,""score"":100},""VC2_range_contraction"":{""value"":0.599947723761144,""score"":66.67537937314266},""VC3_range_pct_rank"":{""score"":35.83333333333333},""_score"":72.29},""sr_quality"":{""SR1_touches"":{""value"":2,""score"":25.0},""SR2_tightness"":{""value"":0.13004999999999978,""score"":64.16650265695736},""SR3_recency"":{""value"":231,""score"":0.0},""SR4_price_location"":{""score"":53.95780499649272},""SR5_reaction"":{""value"":4.367181657154103,""score"":100},""_score"":45.61,""_levels_found"":6,""_target_level"":14.5699},""volume"":{""V1_rvol_day"":{""value"":0.43239055839747836,""score"":0},""V2_rvol_sameslot"":{""value"":0.42416568224907814,""score"":0,""status"":""ok""},""V3_breakout_bar"":{""value"":0.9729941402143016,""score"":31.53294268095344},""V4_base_dryup"":{""value"":1.3955745620661621,""score"":10.442543793383791},""V5_bo_expansion"":{""value"":0.43239055839747836,""score"":0},""_score"":9.97},""readiness"":{""_distance_atr"":1.584,""BR1_atr_distance"":{""score"":0},""BR2_compression"":{""score"":0},""BR3_retest"":{""score"":50.0},""BR4_bo_age"":{""score"":50.0},""_score"":17.5},""risk"":{""R1_stop_clarity"":{""score"":48.4196024404643},""R2_stop_distance_pct"":{""value"":7.5033860045146685,""score"":100.0},""R3_stop_distance_atr"":{""value"":1.3738240503837815,""score"":93.69120251918908},""R4_rr_potential"":{""value"":3.1185318892900136,""score"":100.0},""_score"":81.0},""market"":{""M1_spy_regime"":{""score"":100.0},""M3_earnings_risk"":{""value"":null,""score"":80.0},""M4_vix"":{""value"":null,""score"":60.0},""_score"":84.0},""liquidity"":{""L1_price"":{""value"":13.29,""score"":100.0},""L2_dollar_vol"":{""value"":33624726.79894251,""score"":76.33293821900837},""L3_spread_proxy"":{""value"":0.05041384499623777,""score"":49.58615500376223},""L4_volume_zscore"":{""value"":-0.5724974767880627,""score"":100.0},""_score"":85.49},""pattern_structure"":{""left_low"":13.1101,""left_idx"":20,""right_low"":12.48,""right_idx"":68,""separation_bars"":48,""structural_low"":12.48,""current_price"":13.215,""neckline_distance_pct"":0.09269012485811577,""base_bars"":48},""pattern_geometry_features"":{""low_similarity_pct"":0.04924560669946571,""bounce_pct"":0.15704326923076917,""right_bottom_reaction"":0.9512195121951187,""atr_pct"":0.054616790282704525},""_schema_version"":""1.0""}",,,,,,,,,,
20260519T210226Z-93bc42,2026-05-19T21:02:26.159542+00:00,AMPL,vcp,absent,39.94,8.3,45.0,28.9,62.0,23.1,23.6,59.0,84.0,77.7,1.24,11.25,3.47,7.44,3.0,1.66,2.95,5.04,3.88,False,,6.36,8.28,5.5505,10.38,"{""trend"":{""T1_ema_stack"":{""value"":[false,false,false],""score"":0.0},""T2_ema50_slope"":{""value"":-0.20142126593703252,""score"":16.42978901049458},""T3_high_proximity"":{""value"":0.7910447761194032,""score"":0},""T4_rs_1m"":{""value"":-0.13698388692146835,""score"":0},""T5_rs_3m"":{""value"":-0.18333142501986066,""score"":0},""T6_adr_healthy"":{""value"":5.878544665869575,""score"":100.0},""_score"":8.29},""geometry"":{""sub_contraction_count"":100.0,""sub_reduction_rate"":0,""sub_pivot_tightness"":0,""sub_volume_dryup"":0,""sub_base_depth"":100.0,""sub_base_duration"":100.0,""_score"":45.0},""compression"":{""VC1_atr_ratio"":{""value"":0.7776490279387147,""score"":55.58774301532132},""VC2_range_contraction"":{""value"":1.1460547493952802,""score"":0},""VC3_range_pct_rank"":{""score"":26.66666666666667},""_score"":28.9},""sr_quality"":{""SR1_touches"":{""value"":3,""score"":50.0},""SR2_tightness"":{""value"":0.06416125518306694,""score"":76.25227831955222},""SR3_recency"":{""value"":241,""score"":0.0},""SR4_price_location"":{""score"":92.37536656891501},""SR5_reaction"":{""value"":1.6655651024454725,""score"":83.27825512227362},""_score"":62.02,""_levels_found"":6,""_target_level"":6.425},""volume"":{""V1_rvol_day"":{""value"":1.0674653744643972,""score"":37.83102496429314},""V2_rvol_sameslot"":{""value"":0.7338547989678454,""score"":15.590319931189697,""status"":""ok""},""V3_breakout_bar"":{""value"":0.5984804709698778,""score"":6.565364731325185},""V4_base_dryup"":{""value"":0.996081180320157,""score"":50.3918819679843},""V5_bo_expansion"":{""value"":1.067465374464397,""score"":4.497691630959796},""_score"":23.08},""readiness"":{""_distance_atr"":3.553,""BR1_atr_distance"":{""score"":0},""BR2_compression"":{""score"":24.600964618422946},""BR3_retest"":{""score"":50.0},""BR4_bo_age"":{""score"":50.0},""_score"":23.65},""risk"":{""R1_stop_clarity"":{""score"":68.71513549239913},""R2_stop_distance_pct"":{""value"":12.728380503144665,""score"":0.0},""R3_stop_distance_atr"":{""value"":1.498129543952414,""score"":99.9064771976207},""R4_rr_potential"":{""value"":4.965875050183744,""score"":100.0},""_score"":59.04},""market"":{""M1_spy_regime"":{""score"":100.0},""M3_earnings_risk"":{""value"":null,""score"":80.0},""M4_vix"":{""value"":null,""score"":60.0},""_score"":84.0},""liquidity"":{""L1_price"":{""value"":6.36,""score"":98.18},""L2_dollar_vol"":{""value"":16791488.51217468,""score"":61.25445983361439},""L3_spread_proxy"":{""value"":0.06367924528301891,""score"":36.32075471698109},""L4_volume_zscore"":{""value"":0.10112947098325488,""score"":100.0},""_score"":77.68},""pattern_structure"":{""n_contractions"":5,""contractions_pct"":[17.13,21.05,21.84,12.03,31.94],""descending_strict"":false,""final_low"":5.635,""final_pivot"":8.28,""structural_low"":5.635,""dry_up_ratio"":2.164826493665985,""current_price"":6.36,""neckline_distance_pct"":0.30188679245283,""base_bars"":53},""pattern_geometry_features"":{""contraction_count"":5.0,""first_contraction_pct"":0.17129928894634777,""last_contraction_pct"":0.3194444444444444,""dry_up_ratio"":2.164826493665985,""near_monotone"":0.0,""base_depth_pct"":0.2714932126696833},""_schema_version"":""1.0""}",,,,,,,,,,
20260519T210226Z-93bc42,2026-05-19T21:02:26.159542+00:00,AVAV,bull_flag,absent,39.79,5.0,26.3,75.9,49.6,20.2,48.9,75.8,84.0,96.9,0.7,7.9,6.83,4.96,2.84,4.4,2.27,5.04,4.84,False,,160.23,166.99,154.6499,177.98,"{""trend"":{""T1_ema_stack"":{""value"":[false,false,false],""score"":0.0},""T2_ema50_slope"":{""value"":-0.7731613926674916,""score"":0},""T3_high_proximity"":{""value"":0.56885717328789,""score"":0},""T4_rs_1m"":{""value"":-0.2228872072297723,""score"":0},""T5_rs_3m"":{""value"":-0.4655315351141376,""score"":0},""T6_adr_healthy"":{""value"":5.204435898054942,""score"":100.0},""_score"":5.0},""geometry"":{""sub_pole_impulse"":4.8,""sub_flag_tightness"":0,""sub_flag_shallowness"":0,""sub_flag_drift"":99.3,""sub_flag_duration"":100.0,""_score"":26.34},""compression"":{""VC1_atr_ratio"":{""value"":0.3507930646496496,""score"":100},""VC2_range_contraction"":{""value"":0.788157286448751,""score"":35.30711892520816},""VC3_range_pct_rank"":{""score"":94.16666666666667},""_score"":75.9},""sr_quality"":{""SR1_touches"":{""value"":2,""score"":25.0},""SR2_tightness"":{""value"":0.34250000000000114,""score"":92.75768372751972},""SR3_recency"":{""value"":250,""score"":0.0},""SR4_price_location"":{""score"":52.92230104775698},""SR5_reaction"":{""value"":2.6593045261833548,""score"":100},""_score"":49.64,""_levels_found"":4,""_target_level"":175.0725},""volume"":{""V1_rvol_day"":{""value"":0.6546082176370511,""score"":10.307214509136742},""V2_rvol_sameslot"":{""value"":0.6522353094364873,""score"":10.149020629099155,""status"":""ok""},""V3_breakout_bar"":{""value"":0.8359694895955315,""score"":22.397965973035436},""V4_base_dryup"":{""value"":0.9721044637381335,""score"":52.789553626186645},""V5_bo_expansion"":{""value"":0.6546082176370512,""score"":0},""_score"":20.25},""readiness"":{""_distance_atr"":0.715,""BR1_atr_distance"":{""score"":52.35225498592051},""BR2_compression"":{""score"":41.93189762593177},""BR3_retest"":{""score"":50.0},""BR4_bo_age"":{""score"":50.0},""_score"":48.92},""risk"":{""R1_stop_clarity"":{""score"":50.200881765222086},""R2_stop_distance_pct"":{""value"":3.482540722711099,""score"":100.0},""R3_stop_distance_atr"":{""value"":0.5899659558271566,""score"":54.49829779135783},""R4_rr_potential"":{""value"":3.180960829379542,""score"":100.0},""_score"":75.75},""market"":{""M1_spy_regime"":{""score"":100.0},""M3_earnings_risk"":{""value"":null,""score"":80.0},""M4_vix"":{""value"":null,""score"":60.0},""_score"":84.0},""liquidity"":{""L1_price"":{""value"":160.23,""score"":100.0},""L2_dollar_vol"":{""value"":114385022.21800184,""score"":100.0},""L3_spread_proxy"":{""value"":0.031361168320539264,""score"":68.63883167946074},""L4_volume_zscore"":{""value"":-1.3950193468614838,""score"":100.0},""_score"":96.86},""pattern_structure"":{""pole_low"":156.0,""pole_low_idx"":30,""peak_price"":166.99,""peak_idx"":39,""pole_gain"":0.070448717948718,""flag_bars"":20,""flag_low"":157.005,""flag_high"":165.4399,""structural_low"":157.005,""current_price"":160.19,""neckline_distance_pct"":0.04244959111055629,""base_bars"":20},""pattern_geometry_features"":{""pole_gain"":0.070448717948718,""pullback_pct"":0.05979399964069713,""flag_range_pct"":0.05051140786873465,""flag_drift_per_bar"":-0.0001373655438302509,""atr_pct"":0.059029520064906686,""pole_atr_multiple"":1.1934489365872394},""_schema_version"":""1.0""}",,,,,,,,,,
20260519T210226Z-93bc42,2026-05-19T21:02:26.159542+00:00,AXON,bull_flag,absent,39.71,5.0,34.3,49.0,67.6,7.6,48.7,77.4,84.0,94.9,0.7,10.28,4.41,6.76,1.07,4.39,2.32,5.04,4.74,False,,392.34,414.5,376.27,463.0,"{""trend"":{""T1_ema_stack"":{""value"":[false,false,false],""score"":0.0},""T2_ema50_slope"":{""value"":-0.41418693314745336,""score"":0},""T3_high_proximity"":{""value"":0.6775112676785991,""score"":0},""T4_rs_1m"":{""value"":-0.0635490335867358,""score"":0},""T5_rs_3m"":{""value"":-0.1569612496435261,""score"":0},""T6_adr_healthy"":{""value"":5.698979730878922,""score"":100.0},""_score"":5.0},""geometry"":{""sub_pole_impulse"":27.6,""sub_flag_tightness"":13.4,""sub_flag_shallowness"":0,""sub_flag_drift"":84.2,""sub_flag_duration"":100.0,""_score"":34.26},""compression"":{""VC1_atr_ratio"":{""value"":0.5708670246818437,""score"":100},""VC2_range_contraction"":{""value"":1.337878780262946,""score"":0},""VC3_range_pct_rank"":{""score"":35.83333333333333},""_score"":48.96},""sr_quality"":{""SR1_touches"":{""value"":5,""score"":100},""SR2_tightness"":{""value"":3.271657638812473,""score"":73.53940709118812},""SR3_recency"":{""value"":235,""score"":0.0},""SR4_price_location"":{""score"":46.40911507534137},""SR5_reaction"":{""value"":2.6470487239434846,""score"":100},""_score"":67.63,""_levels_found"":4,""_target_level"":414.6621},""volume"":{""V1_rvol_day"":{""value"":0.6531301224425011,""score"":10.208674829500076},""V2_rvol_sameslot"":{""value"":0.5685275401330938,""score"":4.568502675539587,""status"":""ok""},""V3_breakout_bar"":{""value"":0.7799483262618855,""score"":18.663221750792367},""V4_base_dryup"":{""value"":1.6776694861686223,""score"":0},""V5_bo_expansion"":{""value"":0.653130122442501,""score"":0},""_score"":7.62},""readiness"":{""_distance_atr"":0.896,""BR1_atr_distance"":{""score"":40.25793612967933},""BR2_compression"":{""score"":60.525496225456074},""BR3_retest"":{""score"":50.0},""BR4_bo_age"":{""score"":50.0},""_score"":48.73},""risk"":{""R1_stop_clarity"":{""score"":53.65676543633509},""R2_stop_distance_pct"":{""value"":4.095937197328846,""score"":100.0},""R3_stop_distance_atr"":{""value"":0.6498567010803599,""score"":57.49283505401799},""R4_rr_potential"":{""value"":4.397013067828254,""score"":100.0},""_score"":77.4},""market"":{""M1_spy_regime"":{""score"":100.0},""M3_earnings_risk"":{""value"":null,""score"":80.0},""M4_vix"":{""value"":null,""score"":60.0},""_score"":84.0},""liquidity"":{""L1_price"":{""value"":392.34,""score"":100.0},""L2_dollar_vol"":{""value"":303971189.0179528,""score"":100.0},""L3_spread_proxy"":{""value"":0.051052658408523154,""score"":48.94734159147685},""L4_volume_zscore"":{""value"":-0.8062649355364658,""score"":100.0},""_score"":94.89},""pattern_structure"":{""pole_low"":366.0,""pole_low_idx"":36,""peak_price"":414.5,""peak_idx"":48,""pole_gain"":0.1325136612021858,""flag_bars"":11,""flag_low"":382.0,""flag_high"":410.55,""structural_low"":382.0,""current_price"":390.61,""neckline_distance_pct"":0.06116074857274516,""base_bars"":11},""pattern_geometry_features"":{""pole_gain"":0.1325136612021858,""pullback_pct"":0.07840772014475271,""flag_range_pct"":0.06887816646562125,""flag_drift_per_bar"":-0.0031588471179111177,""atr_pct"":0.06302831363467547,""pole_atr_multiple"":2.102446560291318},""_schema_version"":""1.0""}",,,,,,,,,,
20260519T210226Z-93bc42,2026-05-19T21:02:26.159542+00:00,HUBS,vcp,absent,39.71,5.0,42.5,30.9,70.5,18.2,17.5,60.5,84.0,90.2,0.75,10.62,3.7,8.46,2.37,1.23,3.03,5.04,4.51,False,,208.19,255.0,170.6513,338.4,"{""trend"":{""T1_ema_stack"":{""value"":[false,false,false],""score"":0.0},""T2_ema50_slope"":{""value"":-0.4815077968374013,""score"":0},""T3_high_proximity"":{""value"":0.7020164553547342,""score"":0},""T4_rs_1m"":{""value"":-0.1296425474458982,""score"":0},""T5_rs_3m"":{""value"":-0.23683138147878413,""score"":0},""T6_adr_healthy"":{""value"":6.058690384589024,""score"":100.0},""_score"":5.0},""geometry"":{""sub_contraction_count"":100.0,""sub_reduction_rate"":0,""sub_pivot_tightness"":0,""sub_volume_dryup"":0,""sub_base_depth"":75.0,""sub_base_duration"":100.0,""_score"":42.5},""compression"":{""VC1_atr_ratio"":{""value"":0.7059414099438941,""score"":73.51464751402648},""VC2_range_contraction"":{""value"":1.114491626659129,""score"":0},""VC3_range_pct_rank"":{""score"":5.833333333333335},""_score"":30.86},""sr_quality"":{""SR1_touches"":{""value"":4,""score"":75.0},""SR2_tightness"":{""value"":3.79975883280768,""score"":60.40058713629129},""SR3_recency"":{""value"":236,""score"":0.0},""SR4_price_location"":{""score"":95.89846497872145},""SR5_reaction"":{""value"":2.298886605243979,""score"":100},""_score"":70.53,""_levels_found"":4,""_target_level"":210.8137},""volume"":{""V1_rvol_day"":{""value"":1.0930390267819912,""score"":39.53593511879941},""V2_rvol_sameslot"":{""value"":0.7126399939291189,""score"":14.175999595274593,""status"":""ok""},""V3_breakout_bar"":{""value"":0.5678040667177959,""score"":4.520271114519728},""V4_base_dryup"":{""value"":1.229917502905144,""score"":27.00824970948561},""V5_bo_expansion"":{""value"":1.0930390267819912,""score"":6.2026017854660775},""_score"":18.2},""readiness"":{""_distance_atr"":2.439,""BR1_atr_distance"":{""score"":0},""BR2_compression"":{""score"":0},""BR3_retest"":{""score"":50.0},""BR4_bo_age"":{""score"":50.0},""_score"":17.5},""risk"":{""R1_stop_clarity"":{""score"":72.9169721796469},""R2_stop_distance_pct"":{""value"":18.031005331668183,""score"":0.0},""R3_stop_distance_atr"":{""value"":1.9560615884392143,""score"":100.0},""R4_rr_potential"":{""value"":3.4686823615597215,""score"":100.0},""_score"":60.52},""market"":{""M1_spy_regime"":{""score"":100.0},""M3_earnings_risk"":{""value"":null,""score"":80.0},""M4_vix"":{""value"":null,""score"":60.0},""_score"":84.0},""liquidity"":{""L1_price"":{""value"":208.19,""score"":100.0},""L2_dollar_vol"":{""value"":451442920.8869717,""score"":100.0},""L3_spread_proxy"":{""value"":0.09755511792112975,""score"":2.4448820788702506},""L4_volume_zscore"":{""value"":0.14175989765052882,""score"":100.0},""_score"":90.24},""pattern_structure"":{""n_contractions"":5,""contractions_pct"":[16.57,14.03,17.7,15.09,32.06],""descending_strict"":false,""final_low"":173.25,""final_pivot"":255.0,""structural_low"":173.25,""dry_up_ratio"":1.7580035920307955,""current_price"":208.19,""neckline_distance_pct"":0.2248426917719391,""base_bars"":60},""pattern_geometry_features"":{""contraction_count"":5.0,""first_contraction_pct"":0.16565361387103056,""last_contraction_pct"":0.3205882352941177,""dry_up_ratio"":1.7580035920307955,""near_monotone"":0.0,""base_depth_pct"":0.32495616598480415},""_schema_version"":""1.0""}",,,,,,,,,,
20260519T210226Z-93bc42,2026-05-19T21:02:26.159542+00:00,BETA,vcp,absent,39.68,8.5,35.0,62.5,43.4,9.7,35.7,79.9,84.0,83.0,1.27,8.75,7.5,5.21,1.26,2.5,4.0,5.04,4.15,False,,14.6,18.62,14.1643,35.12,"{""trend"":{""T1_ema_stack"":{""value"":[false,false,false],""score"":0.0},""T2_ema50_slope"":{""value"":-0.1951630680961911,""score"":17.472821983968146},""T3_high_proximity"":{""value"":0.6768660176170607,""score"":0},""T4_rs_1m"":{""value"":-0.17494719205615272,""score"":0},""T5_rs_3m"":{""value"":-0.2850221819559734,""score"":0},""T6_adr_healthy"":{""value"":7.024625344963684,""score"":100.0},""_score"":8.49},""geometry"":{""sub_contraction_count"":100.0,""sub_reduction_rate"":0,""sub_pivot_tightness"":0,""sub_volume_dryup"":0,""sub_base_depth"":0.0,""sub_base_duration"":100.0,""_score"":35.0},""compression"":{""VC1_atr_ratio"":{""value"":0.4834305789220206,""score"":100},""VC2_range_contraction"":{""value"":1.1886754601051923,""score"":0},""VC3_range_pct_rank"":{""score"":90.0},""_score"":62.5},""sr_quality"":{""SR1_touches"":{""value"":2,""score"":25.0},""SR2_tightness"":{""value"":0.21000000000000085,""score"":68.66184645360013},""SR3_recency"":{""value"":44,""score"":76.66666666666667},""SR4_price_location"":{""score"":9.937888198757722},""SR5_reaction"":{""value"":1.5519847470597954,""score"":77.59923735298977},""_score"":43.42,""_levels_found"":6,""_target_level"":17.5},""volume"":{""V1_rvol_day"":{""value"":0.8482055717565823,""score"":23.21370478377215},""V2_rvol_sameslot"":{""value"":0.515092738465504,""score"":1.0061825643669309,""status"":""ok""},""V3_breakout_bar"":{""value"":0.4305217918748154,""score"":0},""V4_base_dryup"":{""value"":1.2576509447040367,""score"":24.234905529596332},""V5_bo_expansion"":{""value"":0.8482055717565823,""score"":0},""_score"":9.69},""readiness"":{""_distance_atr"":3.0,""BR1_atr_distance"":{""score"":0},""BR2_compression"":{""score"":72.8456459930289},""BR3_retest"":{""score"":50.0},""BR4_bo_age"":{""score"":50.0},""_score"":35.71},""risk"":{""R1_stop_clarity"":{""score"":67.81123942876943},""R2_stop_distance_pct"":{""value"":2.9842465753424583,""score"":100.0},""R3_stop_distance_atr"":{""value"":0.32509603571824586,""score"":41.2548017859123},""R4_rr_potential"":{""value"":47.096626118889276,""score"":100.0},""_score"":79.92},""market"":{""M1_spy_regime"":{""score"":100.0},""M3_earnings_risk"":{""value"":null,""score"":80.0},""M4_vix"":{""value"":null,""score"":60.0},""_score"":84.0},""liquidity"":{""L1_price"":{""value"":14.6,""score"":100.0},""L2_dollar_vol"":{""value"":22068937.8403868,""score"":67.18907157163171},""L3_spread_proxy"":{""value"":0.03904109589041098,""score"":60.95890410958902},""L4_volume_zscore"":{""value"":-0.3396601727593423,""score"":100.0},""_score"":82.97},""pattern_structure"":{""n_contractions"":5,""contractions_pct"":[14.51,48.8,12.28,36.87,22.77],""descending_strict"":false,""final_low"":14.38,""final_pivot"":18.62,""structural_low"":14.38,""dry_up_ratio"":1.8493334979984544,""current_price"":14.6,""neckline_distance_pct"":0.27534246575342475,""base_bars"":76},""pattern_geometry_features"":{""contraction_count"":5.0,""first_contraction_pct"":0.1450777202072539,""last_contraction_pct"":0.22771213748657357,""dry_up_ratio"":1.8493334979984544,""near_monotone"":0.0,""base_depth_pct"":0.5343264248704663},""_schema_version"":""1.0""}",,,,,,,,,,
20260519T210226Z-93bc42,2026-05-19T21:02:26.159542+00:00,INOD,bull_flag,absent,39.45,86.1,19.3,4.4,44.1,7.3,40.9,84.1,84.0,90.9,12.05,5.78,0.39,4.41,1.03,3.68,2.52,5.04,4.54,False,,88.19,99.44,83.7349,113.545,"{""trend"":{""T1_ema_stack"":{""value"":[true,true,true],""score"":100.0},""T2_ema50_slope"":{""value"":0.6918433653947327,""score"":100},""T3_high_proximity"":{""value"":0.8493691611287681,""score"":24.68458056438405},""T4_rs_1m"":{""value"":0.8434924514260795,""score"":100},""T5_rs_3m"":{""value"":0.9091160669541312,""score"":100},""T6_adr_healthy"":{""value"":10.107861885670799,""score"":47.30345285823003},""_score"":86.07},""geometry"":{""sub_pole_impulse"":5.5,""sub_flag_tightness"":0,""sub_flag_shallowness"":0,""sub_flag_drift"":50.8,""sub_flag_duration"":100.0,""_score"":19.27},""compression"":{""VC1_atr_ratio"":{""value"":1.8146385379071344,""score"":0},""VC2_range_contraction"":{""value"":2.10006804788808,""score"":0},""VC3_range_pct_rank"":{""score"":17.500000000000004},""_score"":4.38},""sr_quality"":{""SR1_touches"":{""value"":3,""score"":50.0},""SR2_tightness"":{""value"":0.8355038400071342,""score"":86.02524259437749},""SR3_recency"":{""value"":299,""score"":0.0},""SR4_price_location"":{""score"":30.0},""SR5_reaction"":{""value"":1.1602368442676103,""score"":58.01184221338052},""_score"":44.11,""_levels_found"":4,""_target_level"":65.99},""volume"":{""V1_rvol_day"":{""value"":0.5933650645744091,""score"":6.224337638293939},""V2_rvol_sameslot"":{""value"":0.7477977531199534,""score"":16.519850207996896,""status"":""ok""},""V3_breakout_bar"":{""value"":0.6677031868863292,""score"":11.180212459088617},""V4_base_dryup"":{""value"":5.5664863890939165,""score"":0},""V5_bo_expansion"":{""value"":0.5933650645744091,""score"":0},""_score"":7.34},""readiness"":{""_distance_atr"":0.941,""BR1_atr_distance"":{""score"":37.276960605427135},""BR2_compression"":{""score"":34.120717584259644},""BR3_retest"":{""score"":50.0},""BR4_bo_age"":{""score"":50.0},""_score"":40.94},""risk"":{""R1_stop_clarity"":{""score"":78.6716576842695},""R2_stop_distance_pct"":{""value"":5.0517632384623985,""score"":100.0},""R3_stop_distance_atr"":{""value"":0.3725873986116408,""score"":43.629369930582044},""R4_rr_potential"":{""value"":5.691166402926965,""score"":100.0},""_score"":84.08},""market"":{""M1_spy_regime"":{""score"":100.0},""M3_earnings_risk"":{""value"":null,""score"":80.0},""M4_vix"":{""value"":null,""score"":60.0},""_score"":84.0},""liquidity"":{""L1_price"":{""value"":88.19,""score"":100.0},""L2_dollar_vol"":{""value"":156560892.6213681,""score"":100.0},""L3_spread_proxy"":{""value"":0.09116679895679773,""score"":8.833201043202266},""L4_volume_zscore"":{""value"":-0.2718772563498938,""score"":100.0},""_score"":90.88},""pattern_structure"":{""pole_low"":85.335,""pole_low_idx"":30,""peak_price"":99.44,""peak_idx"":48,""pole_gain"":0.1652897404347572,""flag_bars"":11,""flag_low"":85.01,""flag_high"":96.955,""structural_low"":85.01,""current_price"":87.0,""neckline_distance_pct"":0.1429885057471264,""base_bars"":11},""pattern_geometry_features"":{""pole_gain"":0.1652897404347572,""pullback_pct"":0.14511263073209968,""flag_range_pct"":0.12012268704746575,""flag_drift_per_bar"":-0.009847439916405434,""atr_pct"":0.13558599290492926,""pole_atr_multiple"":1.2190768153363432},""_schema_version"":""1.0""}",,,,,,,,,,
20260519T210226Z-93bc42,2026-05-19T21:02:26.159542+00:00,EXPO,vcp,absent,39.42,5.0,38.3,32.4,56.3,30.8,28.2,62.9,84.0,85.5,0.75,9.59,3.89,6.75,4.01,1.98,3.14,5.04,4.27,False,,56.99,68.625,51.1313,98.665,"{""trend"":{""T1_ema_stack"":{""value"":[false,false,false],""score"":0.0},""T2_ema50_slope"":{""value"":-0.33034963965289155,""score"":0},""T3_high_proximity"":{""value"":0.7668191603875135,""score"":0},""T4_rs_1m"":{""value"":-0.1990453913297403,""score"":0},""T5_rs_3m"":{""value"":-0.2579952086424896,""score"":0},""T6_adr_healthy"":{""value"":4.04400292576375,""score"":100.0},""_score"":5.0},""geometry"":{""sub_contraction_count"":100.0,""sub_reduction_rate"":0,""sub_pivot_tightness"":0,""sub_volume_dryup"":0,""sub_base_depth"":33.4,""sub_base_duration"":100.0,""_score"":38.34},""compression"":{""VC1_atr_ratio"":{""value"":0.7010449715762173,""score"":74.73875710594568},""VC2_range_contraction"":{""value"":1.5589598371199407,""score"":0},""VC3_range_pct_rank"":{""score"":9.999999999999998},""_score"":32.4},""sr_quality"":{""SR1_touches"":{""value"":5,""score"":100},""SR2_tightness"":{""value"":0.5103469408157553,""score"":62.53342472622858},""SR3_recency"":{""value"":241,""score"":0.0},""SR4_price_location"":{""score"":20.999268482612877},""SR5_reaction"":{""value"":1.5506272538732415,""score"":77.53136269366208},""_score"":56.26,""_levels_found"":4,""_target_level"":64.164},""volume"":{""V1_rvol_day"":{""value"":1.1528740497865981,""score"":43.52493665243988},""V2_rvol_sameslot"":{""value"":0.9882126509927881,""score"":32.54751006618587,""status"":""ok""},""V3_breakout_bar"":{""value"":0.9041339853719496,""score"":26.9422656914633},""V4_base_dryup"":{""value"":1.1329638417873398,""score"":36.70361582126602},""V5_bo_expansion"":{""value"":1.1528740497865984,""score"":10.191603319106557},""_score"":30.82},""readiness"":{""_distance_atr"":4.271,""BR1_atr_distance"":{""score"":0},""BR2_compression"":{""score"":42.99693255719522},""BR3_retest"":{""score"":50.0},""BR4_bo_age"":{""score"":50.0},""_score"":28.25},""risk"":{""R1_stop_clarity"":{""score"":42.83624236036287},""R2_stop_distance_pct"":{""value"":10.28013686611687,""score"":42.99657834707826},""R3_stop_distance_atr"":{""value"":2.15053264429115,""score"":100.0},""R4_rr_potential"":{""value"":7.113413499697025,""score"":100.0},""_score"":62.89},""market"":{""M1_spy_regime"":{""score"":100.0},""M3_earnings_risk"":{""value"":null,""score"":80.0},""M4_vix"":{""value"":null,""score"":60.0},""_score"":84.0},""liquidity"":{""L1_price"":{""value"":56.99,""score"":100.0},""L2_dollar_vol"":{""value"":34353497.66925377,""score"":76.79854804667086},""L3_spread_proxy"":{""value"":0.052289875416739844,""score"":47.71012458326015},""L4_volume_zscore"":{""value"":0.41157782159370065,""score"":100.0},""_score"":85.49},""pattern_structure"":{""n_contractions"":5,""contractions_pct"":[19.95,14.36,8.74,6.96,24.36],""descending_strict"":false,""final_low"":51.91,""final_pivot"":68.625,""structural_low"":51.91,""dry_up_ratio"":1.1865465371490462,""current_price"":56.99,""neckline_distance_pct"":0.2041586243200561,""base_bars"":65},""pattern_geometry_features"":{""contraction_count"":5.0,""first_contraction_pct"":0.19951189749847478,""last_contraction_pct"":0.24357012750455379,""dry_up_ratio"":1.1865465371490462,""near_monotone"":0.0,""base_depth_pct"":0.3665649786455156},""_schema_version"":""1.0""}",,,,,,,,,,
20260519T210226Z-93bc42,2026-05-19T21:02:26.159542+00:00,MMYT,bull_flag,absent,39.35,9.4,14.2,40.0,49.3,87.3,17.5,77.4,84.0,81.8,1.32,4.25,3.6,4.93,12.22,1.57,2.32,5.04,4.09,False,,41.46,45.9,38.484,49.3,"{""trend"":{""T1_ema_stack"":{""value"":[false,false,false],""score"":0.0},""T2_ema50_slope"":{""value"":-0.16703568850792078,""score"":22.1607185820132},""T3_high_proximity"":{""value"":0.7150741635046568,""score"":0},""T4_rs_1m"":{""value"":-0.19990714615846628,""score"":0},""T5_rs_3m"":{""value"":-0.3436659793008541,""score"":0},""T6_adr_healthy"":{""value"":4.416461312056038,""score"":100.0},""_score"":9.43},""geometry"":{""sub_pole_impulse"":9.0,""sub_flag_tightness"":0,""sub_flag_shallowness"":0,""sub_flag_drift"":9.8,""sub_flag_duration"":100.0,""_score"":14.17},""compression"":{""VC1_atr_ratio"":{""value"":0.6023545851257451,""score"":99.41135371856372},""VC2_range_contraction"":{""value"":1.272163020243019,""score"":0},""VC3_range_pct_rank"":{""score"":0.8333333333333304},""_score"":39.97},""sr_quality"":{""SR1_touches"":{""value"":2,""score"":25.0},""SR2_tightness"":{""value"":0.07500000000000284,""score"":93.84795664274182},""SR3_recency"":{""value"":241,""score"":0.0},""SR4_price_location"":{""score"":59.70411600996047},""SR5_reaction"":{""value"":1.7061666910795386,""score"":85.30833455397693},""_score"":49.3,""_levels_found"":4,""_target_level"":44.735},""volume"":{""V1_rvol_day"":{""value"":2.227854722437129,""score"":100},""V2_rvol_sameslot"":{""value"":3.47350088718224,""score"":100,""status"":""ok""},""V3_breakout_bar"":{""value"":2.231401416486728,""score"":100},""V4_base_dryup"":{""value"":0.9977878356483768,""score"":50.22121643516232},""V5_bo_expansion"":{""value"":2.227854722437129,""score"":81.8569814958086},""_score"":87.32},""readiness"":{""_distance_atr"":1.821,""BR1_atr_distance"":{""score"":0},""BR2_compression"":{""score"":0},""BR3_retest"":{""score"":50.0},""BR4_bo_age"":{""score"":50.0},""_score"":17.5},""risk"":{""R1_stop_clarity"":{""score"":51.92793320638639},""R2_stop_distance_pct"":{""value"":7.178123492522916,""score"":100.0},""R3_stop_distance_atr"":{""value"":1.2205859088911677,""score"":86.02929544455839},""R4_rr_potential"":{""value"":2.6343643419969403,""score"":81.71821709984701},""_score"":77.42},""market"":{""M1_spy_regime"":{""score"":100.0},""M3_earnings_risk"":{""value"":null,""score"":80.0},""M4_vix"":{""value"":null,""score"":60.0},""_score"":84.0},""liquidity"":{""L1_price"":{""value"":41.46,""score"":100.0},""L2_dollar_vol"":{""value"":91833261.91057482,""score"":98.15000053491963},""L3_spread_proxy"":{""value"":0.15508924264351182,""score"":0},""L4_volume_zscore"":{""value"":3.2094780566850654,""score"":70.0},""_score"":81.76},""pattern_structure"":{""pole_low"":42.5,""pole_low_idx"":42,""peak_price"":45.9,""peak_idx"":49,""pole_gain"":0.07999999999999996,""flag_bars"":10,""flag_low"":39.07,""flag_high"":45.85,""structural_low"":39.07,""current_price"":41.05,""neckline_distance_pct"":0.11814859926918396,""base_bars"":10},""pattern_geometry_features"":{""pole_gain"":0.07999999999999996,""pullback_pct"":0.14880174291938994,""flag_range_pct"":0.14771241830065363,""flag_drift_per_bar"":-0.018040645185103156,""atr_pct"":0.05880883467714148,""pole_atr_multiple"":1.3603398271568765},""_schema_version"":""1.0""}",,,,,,,,,,
20260519T210226Z-93bc42,2026-05-19T21:02:26.159542+00:00,PAR,bull_flag,absent,38.79,18.1,34.5,37.7,35.4,23.1,51.0,77.7,84.0,75.9,2.53,10.34,3.39,3.54,3.23,4.59,2.33,5.04,3.8,False,,14.71,15.4,14.2234,16.95,"{""trend"":{""T1_ema_stack"":{""value"":[true,false,false],""score"":33.33333333333333},""T2_ema50_slope"":{""value"":-0.5517391096861323,""score"":0},""T3_high_proximity"":{""value"":0.6549421193232413,""score"":0},""T4_rs_1m"":{""value"":-0.026372647936092397,""score"":23.6273520639076},""T5_rs_3m"":{""value"":-0.39155735584516105,""score"":0},""T6_adr_healthy"":{""value"":6.469171241829693,""score"":100.0},""_score"":18.06},""geometry"":{""sub_pole_impulse"":14.4,""sub_flag_tightness"":28.0,""sub_flag_shallowness"":0,""sub_flag_drift"":87.7,""sub_flag_duration"":100.0,""_score"":34.48},""compression"":{""VC1_atr_ratio"":{""value"":0.6647479623208765,""score"":83.81300941978087},""VC2_range_contraction"":{""value"":1.1545640861228161,""score"":0},""VC3_range_pct_rank"":{""score"":16.666666666666664},""_score"":37.69},""sr_quality"":{""SR1_touches"":{""value"":2,""score"":25.0},""SR2_tightness"":{""value"":0.15749999999999975,""score"":69.8461538461539},""SR3_recency"":{""value"":229,""score"":0.0},""SR4_price_location"":{""score"":13.299759642898113},""SR5_reaction"":{""value"":1.8810256410256412,""score"":94.05128205128206},""_score"":35.41,""_levels_found"":7,""_target_level"":15.4675},""volume"":{""V1_rvol_day"":{""value"":0.8481741889361992,""score"":23.211612595746615},""V2_rvol_sameslot"":{""value"":0.5005531348427887,""score"":0.03687565618591589,""status"":""ok""},""V3_breakout_bar"":{""value"":0.6053357757000368,""score"":7.022385046669122},""V4_base_dryup"":{""value"":0.6651563112848334,""score"":83.48436887151666},""V5_bo_expansion"":{""value"":0.8481741889361992,""score"":0},""_score"":23.1},""readiness"":{""_distance_atr"":0.661,""BR1_atr_distance"":{""score"":55.96581196581201},""BR2_compression"":{""score"":44.35456432468447},""BR3_retest"":{""score"":50.0},""BR4_bo_age"":{""score"":50.0},""_score"":50.97},""risk"":{""R1_stop_clarity"":{""score"":58.531282051282126},""R2_stop_distance_pct"":{""value"":3.3079537729435824,""score"":100.0},""R3_stop_distance_atr"":{""value"":0.4658051282051291,""score"":48.29025641025646},""R4_rr_potential"":{""value"":4.603370324702008,""score"":100.0},""_score"":77.73},""market"":{""M1_spy_regime"":{""score"":100.0},""M3_earnings_risk"":{""value"":null,""score"":80.0},""M4_vix"":{""value"":null,""score"":60.0},""_score"":84.0},""liquidity"":{""L1_price"":{""value"":14.71,""score"":100.0},""L2_dollar_vol"":{""value"":17539901.87897391,""score"":62.201357976189264},""L3_spread_proxy"":{""value"":0.08973487423521416,""score"":10.265125764785836},""L4_volume_zscore"":{""value"":-0.34142754462937885,""score"":100.0},""_score"":75.91},""pattern_structure"":{""pole_low"":13.85,""pole_low_idx"":53,""peak_price"":15.4,""peak_idx"":54,""pole_gain"":0.11191335740072207,""flag_bars"":5,""flag_low"":14.44,""flag_high"":15.185,""structural_low"":14.44,""current_price"":14.58,""neckline_distance_pct"":0.056241426611797,""base_bars"":5},""pattern_geometry_features"":{""pole_gain"":0.11191335740072207,""pullback_pct"":0.06233766233766239,""flag_range_pct"":0.04837662337662344,""flag_drift_per_bar"":-0.0024691358024692,""atr_pct"":0.07101582985335536,""pole_atr_multiple"":1.575893116109723},""_schema_version"":""1.0""}",,,,,,,,,,
20260519T210226Z-93bc42,2026-05-19T21:02:26.159542+00:00,HNRG,bull_flag,absent,38.66,63.9,14.2,51.7,40.7,22.6,26.2,79.9,84.0,75.6,8.94,4.26,4.65,4.07,3.17,2.36,2.4,5.04,3.78,False,,18.01,19.97,17.139,21.57,"{""trend"":{""T1_ema_stack"":{""value"":[true,true,false],""score"":66.66666666666666},""T2_ema50_slope"":{""value"":0.11435335689219149,""score"":69.05889281536525},""T3_high_proximity"":{""value"":0.9118987341772152,""score"":55.949367088607595},""T4_rs_1m"":{""value"":0.14957944938540058,""score"":100},""T5_rs_3m"":{""value"":-0.10395916612516987,""score"":0},""T6_adr_healthy"":{""value"":6.299449765178379,""score"":100.0},""_score"":63.87},""geometry"":{""sub_pole_impulse"":4.6,""sub_flag_tightness"":0,""sub_flag_shallowness"":0,""sub_flag_drift"":85.5,""sub_flag_duration"":0.0,""_score"":14.2},""compression"":{""VC1_atr_ratio"":{""value"":0.3191930798940286,""score"":100},""VC2_range_contraction"":{""value"":1.388672395342774,""score"":0},""VC3_range_pct_rank"":{""score"":46.666666666666664},""_score"":51.67},""sr_quality"":{""SR1_touches"":{""value"":2,""score"":25.0},""SR2_tightness"":{""value"":0.07000000000000028,""score"":89.41650377442029},""SR3_recency"":{""value"":321,""score"":0.0},""SR4_price_location"":{""score"":25.601750547046258},""SR5_reaction"":{""value"":1.7802952579457223,""score"":89.01476289728612},""_score"":40.67,""_levels_found"":6,""_target_level"":18.86},""volume"":{""V1_rvol_day"":{""value"":0.5601522087229771,""score"":4.010147248198473},""V2_rvol_sameslot"":{""value"":0.5947401866048561,""score"":6.316012440323737,""status"":""ok""},""V3_breakout_bar"":{""value"":1.3098047738220036,""score"":53.986984921466906},""V4_base_dryup"":{""value"":1.1465345463016412,""score"":35.34654536983588},""V5_bo_expansion"":{""value"":0.5601522087229771,""score"":0},""_score"":22.63},""readiness"":{""_distance_atr"":1.482,""BR1_atr_distance"":{""score"":1.2207018945899506},""BR2_compression"":{""score"":32.88021105530146},""BR3_retest"":{""score"":50.0},""BR4_bo_age"":{""score"":50.0},""_score"":26.21},""risk"":{""R1_stop_clarity"":{""score"":60.538678358910225},""R2_stop_distance_pct"":{""value"":4.8362021099389345,""score"":100.0},""R3_stop_distance_atr"":{""value"":0.6584446580342793,""score"":57.92223290171397},""R4_rr_potential"":{""value"":4.087256027554519,""score"":100.0},""_score"":79.88},""market"":{""M1_spy_regime"":{""score"":100.0},""M3_earnings_risk"":{""value"":null,""score"":80.0},""M4_vix"":{""value"":null,""score"":60.0},""_score"":84.0},""liquidity"":{""L1_price"":{""value"":18.01,""score"":100.0},""L2_dollar_vol"":{""value"":11521902.33089434,""score"":53.07620947347252},""L3_spread_proxy"":{""value"":0.056079955580233286,""score"":43.92004441976671},""L4_volume_zscore"":{""value"":-0.722420073217086,""score"":100.0},""_score"":75.62},""pattern_structure"":{""pole_low"":18.37,""pole_low_idx"":12,""peak_price"":19.97,""peak_idx"":30,""pole_gain"":0.08709853021230254,""flag_bars"":29,""flag_low"":17.4,""flag_high"":19.7,""structural_low"":17.4,""current_price"":18.089,""neckline_distance_pct"":0.10398584775277796,""base_bars"":29},""pattern_geometry_features"":{""pole_gain"":0.08709853021230254,""pullback_pct"":0.12869303955933903,""flag_range_pct"":0.1151727591387081,""flag_drift_per_bar"":-0.002891864445828485,""atr_pct"":0.07344887760767825,""pole_atr_multiple"":1.1858388180896773},""_schema_version"":""1.0""}",,,,,,,,,,
20260519T210226Z-93bc42,2026-05-19T21:02:26.159542+00:00,VSEC,bull_flag,absent,38.61,13.3,16.4,42.9,71.2,51.7,17.5,77.6,84.0,93.6,1.87,4.91,3.86,7.12,7.23,1.57,2.33,5.04,4.68,False,,158.66,185.0,153.8718,197.28,"{""trend"":{""T1_ema_stack"":{""value"":[false,false,true],""score"":33.33333333333333},""T2_ema50_slope"":{""value"":-0.356203731456604,""score"":0},""T3_high_proximity"":{""value"":0.6965493019580297,""score"":0},""T4_rs_1m"":{""value"":-0.33041536555412077,""score"":0},""T5_rs_3m"":{""value"":-0.3395198522066747,""score"":0},""T6_adr_healthy"":{""value"":5.776636375375715,""score"":100.0},""_score"":13.33},""geometry"":{""sub_pole_impulse"":0.0,""sub_flag_tightness"":0,""sub_flag_shallowness"":0,""sub_flag_drift"":67.4,""sub_flag_duration"":62.5,""_score"":16.36},""compression"":{""VC1_atr_ratio"":{""value"":0.4899074545840526,""score"":100},""VC2_range_contraction"":{""value"":1.013368537985976,""score"":0},""VC3_range_pct_rank"":{""score"":11.66666666666667},""_score"":42.92},""sr_quality"":{""SR1_touches"":{""value"":4,""score"":75.0},""SR2_tightness"":{""value"":1.6742386329314036,""score"":70.80099476104832},""SR3_recency"":{""value"":237,""score"":0.0},""SR4_price_location"":{""score"":92.16500393338103},""SR5_reaction"":{""value"":2.6482897111098236,""score"":100},""_score"":71.16,""_levels_found"":6,""_target_level"":161.655},""volume"":{""V1_rvol_day"":{""value"":1.3938695538141412,""score"":59.59130358760941},""V2_rvol_sameslot"":{""value"":1.2328980059792058,""score"":48.85986706528039,""status"":""ok""},""V3_breakout_bar"":{""value"":1.0234748244126344,""score"":34.89832162750896},""V4_base_dryup"":{""value"":0.6343964415151128,""score"":86.56035584848873},""V5_bo_expansion"":{""value"":1.3938695538141408,""score"":26.257970254276053},""_score"":51.67},""readiness"":{""_distance_atr"":2.297,""BR1_atr_distance"":{""score"":0},""BR2_compression"":{""score"":0},""BR3_retest"":{""score"":50.0},""BR4_bo_age"":{""score"":50.0},""_score"":17.5},""risk"":{""R1_stop_clarity"":{""score"":59.1337592471828},""R2_stop_distance_pct"":{""value"":3.017915668725566,""score"":100.0},""R3_stop_distance_atr"":{""value"":0.4175372736904443,""score"":45.87686368452222},""R4_rr_potential"":{""value"":8.06561930569264,""score"":100.0},""_score"":77.58},""market"":{""M1_spy_regime"":{""score"":100.0},""M3_earnings_risk"":{""value"":null,""score"":80.0},""M4_vix"":{""value"":null,""score"":60.0},""_score"":84.0},""liquidity"":{""L1_price"":{""value"":158.66,""score"":100.0},""L2_dollar_vol"":{""value"":115838530.81313913,""score"":100.0},""L3_spread_proxy"":{""value"":0.06431992940879859,""score"":35.680070591201414},""L4_volume_zscore"":{""value"":1.0611005001809315,""score"":100.0},""_score"":93.57},""pattern_structure"":{""pole_low"":172.72,""pole_low_idx"":31,""peak_price"":185.0,""peak_idx"":36,""pole_gain"":0.07109773043075499,""flag_bars"":23,""flag_low"":156.215,""flag_high"":182.51,""structural_low"":156.215,""current_price"":159.14,""neckline_distance_pct"":0.16249842905617706,""base_bars"":23},""pattern_geometry_features"":{""pole_gain"":0.07109773043075499,""pullback_pct"":0.15559459459459457,""flag_range_pct"":0.14213513513513507,""flag_drift_per_bar"":-0.006522676729317321,""atr_pct"":0.07227895229691522,""pole_atr_multiple"":0.9836574572732061},""_schema_version"":""1.0""}",,,,,,,,,,
20260519T210226Z-93bc42,2026-05-19T21:02:26.159542+00:00,WK,vcp,absent,38.37,5.0,38.8,38.6,60.3,12.4,32.6,55.5,84.0,86.4,0.75,9.71,4.63,7.24,1.62,2.28,2.78,5.04,4.32,False,,49.69,57.01,42.6899,81.56,"{""trend"":{""T1_ema_stack"":{""value"":[false,false,false],""score"":0.0},""T2_ema50_slope"":{""value"":-0.6241363245773661,""score"":0},""T3_high_proximity"":{""value"":0.7656394453004621,""score"":0},""T4_rs_1m"":{""value"":-0.16230935114720302,""score"":0},""T5_rs_3m"":{""value"":-0.21446413417545773,""score"":0},""T6_adr_healthy"":{""value"":5.1820583317002855,""score"":100.0},""_score"":5.0},""geometry"":{""sub_contraction_count"":100.0,""sub_reduction_rate"":0,""sub_pivot_tightness"":0,""sub_volume_dryup"":0,""sub_base_depth"":38.4,""sub_base_duration"":100.0,""_score"":38.84},""compression"":{""VC1_atr_ratio"":{""value"":0.653457887043493,""score"":86.63552823912676},""VC2_range_contraction"":{""value"":1.3658789518161534,""score"":0},""VC3_range_pct_rank"":{""score"":15.833333333333332},""_score"":38.61},""sr_quality"":{""SR1_touches"":{""value"":3,""score"":50.0},""SR2_tightness"":{""value"":0.42297228698291517,""score"":73.08046151821772},""SR3_recency"":{""value"":236,""score"":0.0},""SR4_price_location"":{""score"":82.22748545854174},""SR5_reaction"":{""value"":1.8424862881834037,""score"":92.12431440917018},""_score"":60.34,""_levels_found"":7,""_target_level"":51.5517},""volume"":{""V1_rvol_day"":{""value"":0.5507133005644901,""score"":3.3808867042993387},""V2_rvol_sameslot"":{""value"":0.3745409320812108,""score"":0,""status"":""ok""},""V3_breakout_bar"":{""value"":0.7896118930799038,""score"":19.30745953866025},""V4_base_dryup"":{""value"":1.1537400293790627,""score"":34.62599706209373},""V5_bo_expansion"":{""value"":0.5507133005644902,""score"":0},""_score"":12.43},""readiness"":{""_distance_atr"":2.329,""BR1_atr_distance"":{""score"":0},""BR2_compression"":{""score"":60.459970920424375},""BR3_retest"":{""score"":50.0},""BR4_bo_age"":{""score"":50.0},""_score"":32.61},""risk"":{""R1_stop_clarity"":{""score"":58.62520428504199},""R2_stop_distance_pct"":{""value"":14.087542765143885,""score"":0.0},""R3_stop_distance_atr"":{""value"":2.2275627402267077,""score"":100.0},""R4_rr_potential"":{""value"":4.552792102969961,""score"":100.0},""_score"":55.52},""market"":{""M1_spy_regime"":{""score"":100.0},""M3_earnings_risk"":{""value"":null,""score"":80.0},""M4_vix"":{""value"":null,""score"":60.0},""_score"":84.0},""liquidity"":{""L1_price"":{""value"":49.69,""score"":100.0},""L2_dollar_vol"":{""value"":40952505.3311231,""score"":80.61402377637235},""L3_spread_proxy"":{""value"":0.05886496276916879,""score"":41.13503723083121},""L4_volume_zscore"":{""value"":-1.1509765966703729,""score"":100.0},""_score"":86.36},""pattern_structure"":{""n_contractions"":5,""contractions_pct"":[16.88,7.85,10.24,13.63,23.98],""descending_strict"":false,""final_low"":43.34,""final_pivot"":57.01,""structural_low"":43.34,""dry_up_ratio"":1.3328600655359542,""current_price"":49.69,""neckline_distance_pct"":0.14731334272489435,""base_bars"":57},""pattern_geometry_features"":{""contraction_count"":5.0,""first_contraction_pct"":0.16880247459125056,""last_contraction_pct"":0.23978249429924567,""dry_up_ratio"":1.3328600655359542,""near_monotone"":0.0,""base_depth_pct"":0.3616143761967889},""_schema_version"":""1.0""}",,,,,,,,,,
20260519T210226Z-93bc42,2026-05-19T21:02:26.159542+00:00,RCAT,bull_flag,absent,38.27,13.3,17.6,63.6,51.9,36.5,32.7,81.0,84.0,93.3,1.87,5.29,5.73,5.19,5.11,2.95,2.43,5.04,4.67,False,,8.55,9.92,8.2297,10.73,"{""trend"":{""T1_ema_stack"":{""value"":[false,false,true],""score"":33.33333333333333},""T2_ema50_slope"":{""value"":-0.8654348971025914,""score"":0},""T3_high_proximity"":{""value"":0.5029411764705882,""score"":0},""T4_rs_1m"":{""value"":-0.3564481618220544,""score"":0},""T5_rs_3m"":{""value"":-0.3613438399325135,""score"":0},""T6_adr_healthy"":{""value"":6.835710731744168,""score"":100.0},""_score"":13.33},""geometry"":{""sub_pole_impulse"":0.0,""sub_flag_tightness"":0,""sub_flag_shallowness"":0,""sub_flag_drift"":59.3,""sub_flag_duration"":87.5,""_score"":17.64},""compression"":{""VC1_atr_ratio"":{""value"":0.3883535097126955,""score"":100},""VC2_range_contraction"":{""value"":0.9808173919544433,""score"":3.1971013409261193},""VC3_range_pct_rank"":{""score"":90.0},""_score"":63.62},""sr_quality"":{""SR1_touches"":{""value"":3,""score"":50.0},""SR2_tightness"":{""value"":0.1143095213298817,""score"":72.38376333295925},""SR3_recency"":{""value"":237,""score"":0.0},""SR4_price_location"":{""score"":44.061302681992345},""SR5_reaction"":{""value"":3.066201890167792,""score"":100},""_score"":51.87,""_levels_found"":6,""_target_level"":10.74},""volume"":{""V1_rvol_day"":{""value"":0.8860121365824253,""score"":25.73414243882835},""V2_rvol_sameslot"":{""value"":1.237996289328087,""score"":49.19975262187246,""status"":""ok""},""V3_breakout_bar"":{""value"":1.0133482640505027,""score"":34.22321760336685},""V4_base_dryup"":{""value"":0.8528339633713754,""score"":64.71660366286247},""V5_bo_expansion"":{""value"":0.8860121365824254,""score"":0},""_score"":36.49},""readiness"":{""_distance_atr"":1.655,""BR1_atr_distance"":{""score"":0},""BR2_compression"":{""score"":60.96986454089935},""BR3_retest"":{""score"":50.0},""BR4_bo_age"":{""score"":50.0},""_score"":32.74},""risk"":{""R1_stop_clarity"":{""score"":69.72251462492878},""R2_stop_distance_pct"":{""value"":3.74649122807018,""score"":100.0},""R3_stop_distance_atr"":{""value"":0.3869393777286931,""score"":44.34696888643466},""R4_rr_potential"":{""value"":6.805588074611713,""score"":100.0},""_score"":81.05},""market"":{""M1_spy_regime"":{""score"":100.0},""M3_earnings_risk"":{""value"":null,""score"":80.0},""M4_vix"":{""value"":null,""score"":60.0},""_score"":84.0},""liquidity"":{""L1_price"":{""value"":8.55,""score"":99.275},""L2_dollar_vol"":{""value"":83065709.8203966,""score"":95.97108902967655},""L3_spread_proxy"":{""value"":0.04853801169590633,""score"":51.461988304093666},""L4_volume_zscore"":{""value"":-0.20366198151307977,""score"":100.0},""_score"":93.35},""pattern_structure"":{""pole_low"":9.11,""pole_low_idx"":30,""peak_price"":9.92,""peak_idx"":38,""pole_gain"":0.08891328210757415,""flag_bars"":21,""flag_low"":8.355,""flag_high"":9.895,""structural_low"":8.355,""current_price"":8.44,""neckline_distance_pct"":0.1753554502369669,""base_bars"":21},""pattern_geometry_features"":{""pole_gain"":0.08891328210757415,""pullback_pct"":0.1577620967741935,""flag_range_pct"":0.15524193548387089,""flag_drift_per_bar"":-0.008143811165138164,""atr_pct"":0.09682372598162067,""pole_atr_multiple"":0.9183005632777642},""_schema_version"":""1.0""}",,,,,,,,,,
20260519T210226Z-93bc42,2026-05-19T21:02:26.159542+00:00,KTOS,vcp,invalidated,38.18,5.0,35.8,64.5,37.8,22.8,29.2,26.6,84.0,96.6,0.75,8.96,7.74,4.53,2.97,2.04,1.33,5.04,4.83,False,,53.465,77.2211,58.1748,115.2604,"{""trend"":{""T1_ema_stack"":{""value"":[false,false,false],""score"":0.0},""T2_ema50_slope"":{""value"":-1.1650994352948456,""score"":0},""T3_high_proximity"":{""value"":0.5059619570360556,""score"":0},""T4_rs_1m"":{""value"":-0.2696438334744772,""score"":0},""T5_rs_3m"":{""value"":-0.5191304403899106,""score"":0},""T6_adr_healthy"":{""value"":5.626293158793581,""score"":100.0},""_score"":5.0},""geometry"":{""sub_contraction_count"":100.0,""sub_reduction_rate"":0,""sub_pivot_tightness"":0,""sub_volume_dryup"":0,""sub_base_depth"":8.2,""sub_base_duration"":100.0,""_score"":35.82},""compression"":{""VC1_atr_ratio"":{""value"":0.480469050177629,""score"":100},""VC2_range_contraction"":{""value"":0.9731787631559943,""score"":4.470206140667621},""VC3_range_pct_rank"":{""score"":91.66666666666666},""_score"":64.48},""sr_quality"":{""SR1_touches"":{""value"":2,""score"":25.0},""SR2_tightness"":{""value"":0.14499999999999602,""score"":91.37892593308287},""SR3_recency"":{""value"":234,""score"":0.0},""SR4_price_location"":{""score"":6.178931878650985},""SR5_reaction"":{""value"":3.6743612230034026,""score"":100},""_score"":37.75,""_levels_found"":5,""_target_level"":63.985},""volume"":{""V1_rvol_day"":{""value"":0.6325212096257004,""score"":8.834747308380024},""V2_rvol_sameslot"":{""value"":0.6636925802494368,""score"":10.912838683295785,""status"":""ok""},""V3_breakout_bar"":{""value"":0.9808286651135492,""score"":32.05524434090328},""V4_base_dryup"":{""value"":0.9561459265255629,""score"":54.38540734744372},""V5_bo_expansion"":{""value"":0.6325212096257002,""score"":0},""_score"":22.84},""readiness"":{""_distance_atr"":7.062,""BR1_atr_distance"":{""score"":0},""BR2_compression"":{""score"":46.70667032282405},""BR3_retest"":{""score"":50.0},""BR4_bo_age"":{""score"":50.0},""_score"":29.18},""risk"":{""R1_stop_clarity"":{""score"":47.327585950621966},""R2_stop_distance_pct"":{""value"":-8.809107827550719,""score"":0.0},""R3_stop_distance_atr"":{""value"":-1.40011876272723,""score"":0.0},""R4_rr_potential"":{""value"":null,""score"":50.0},""_score"":26.56},""market"":{""M1_spy_regime"":{""score"":100.0},""M3_earnings_risk"":{""value"":null,""score"":80.0},""M4_vix"":{""value"":null,""score"":60.0},""_score"":84.0},""liquidity"":{""L1_price"":{""value"":53.465,""score"":100.0},""L2_dollar_vol"":{""value"":146863080.11770415,""score"":100.0},""L3_spread_proxy"":{""value"":0.03376040400261853,""score"":66.23959599738147},""L4_volume_zscore"":{""value"":-1.0047713857788698,""score"":100.0},""_score"":96.62},""pattern_structure"":{""n_contractions"":5,""contractions_pct"":[16.07,8.84,34.1,15.12,23.52],""descending_strict"":false,""final_low"":59.0607,""final_pivot"":77.2211,""structural_low"":59.0607,""dry_up_ratio"":1.415044832061117,""current_price"":53.465,""neckline_distance_pct"":0.44432993547180405,""base_bars"":41},""pattern_geometry_features"":{""contraction_count"":5.0,""first_contraction_pct"":0.160659114315139,""last_contraction_pct"":0.23517406511950759,""dry_up_ratio"":1.415044832061117,""near_monotone"":0.0,""base_depth_pct"":0.39175386199794027},""_schema_version"":""1.0""}",,,,,,,,,,
20260519T210226Z-93bc42,2026-05-19T21:02:26.159542+00:00,PAR,vcp,absent,37.49,18.1,35.5,37.7,35.4,6.4,65.8,57.0,84.0,75.9,2.71,8.88,4.52,4.25,0.83,4.61,2.85,5.04,3.8,False,,14.71,14.8176,12.7065,27.1876,"{""trend"":{""T1_ema_stack"":{""value"":[true,false,false],""score"":33.33333333333333},""T2_ema50_slope"":{""value"":-0.5517391096861323,""score"":0},""T3_high_proximity"":{""value"":0.6549421193232413,""score"":0},""T4_rs_1m"":{""value"":-0.026372647936092397,""score"":23.6273520639076},""T5_rs_3m"":{""value"":-0.39155735584516105,""score"":0},""T6_adr_healthy"":{""value"":6.469171241829693,""score"":100.0},""_score"":18.06},""geometry"":{""sub_contraction_count"":100.0,""sub_reduction_rate"":2.0,""sub_pivot_tightness"":0,""sub_volume_dryup"":0,""sub_base_depth"":0.0,""sub_base_duration"":100.0,""_score"":35.5},""compression"":{""VC1_atr_ratio"":{""value"":0.6647479623208765,""score"":83.81300941978087},""VC2_range_contraction"":{""value"":1.1545640861228161,""score"":0},""VC3_range_pct_rank"":{""score"":16.666666666666664},""_score"":37.69},""sr_quality"":{""SR1_touches"":{""value"":2,""score"":25.0},""SR2_tightness"":{""value"":0.15749999999999975,""score"":69.8461538461539},""SR3_recency"":{""value"":229,""score"":0.0},""SR4_price_location"":{""score"":13.299759642898113},""SR5_reaction"":{""value"":1.8810256410256412,""score"":94.05128205128206},""_score"":35.41,""_levels_found"":7,""_target_level"":15.4675},""volume"":{""V1_rvol_day"":{""value"":0.8481741889361992,""score"":23.211612595746615},""V2_rvol_sameslot"":{""value"":0.5005531348427887,""score"":0.03687565618591589,""status"":""ok""},""V3_breakout_bar"":{""value"":0.6053357757000368,""score"":7.022385046669122},""V4_base_dryup"":{""value"":1.6901016186041666,""score"":0},""V5_bo_expansion"":{""value"":0.8481741889361992,""score"":0},""_score"":6.41},""readiness"":{""_distance_atr"":0.103,""BR1_atr_distance"":{""score"":93.13321937321939},""BR2_compression"":{""score"":44.35456432468447},""BR3_retest"":{""score"":50.0},""BR4_bo_age"":{""score"":50.0},""_score"":65.84},""risk"":{""R1_stop_clarity"":{""score"":62.95384615384612},""R2_stop_distance_pct"":{""value"":13.619986403806939,""score"":0.0},""R3_stop_distance_atr"":{""value"":1.917880341880342,""score"":100.0},""R4_rr_potential"":{""value"":6.227901172947339,""score"":100.0},""_score"":57.03},""market"":{""M1_spy_regime"":{""score"":100.0},""M3_earnings_risk"":{""value"":null,""score"":80.0},""M4_vix"":{""value"":null,""score"":60.0},""_score"":84.0},""liquidity"":{""L1_price"":{""value"":14.71,""score"":100.0},""L2_dollar_vol"":{""value"":17539901.87897391,""score"":62.201357976189264},""L3_spread_proxy"":{""value"":0.08973487423521416,""score"":10.265125764785836},""L4_volume_zscore"":{""value"":-0.34142754462937885,""score"":100.0},""_score"":75.91},""pattern_structure"":{""n_contractions"":5,""contractions_pct"":[20.85,37.47,19.35,14.08,12.94],""descending_strict"":false,""final_low"":12.9,""final_pivot"":14.8176,""structural_low"":12.9,""dry_up_ratio"":1.2947530431131504,""current_price"":14.71,""neckline_distance_pct"":0.007314751869476525,""base_bars"":55},""pattern_geometry_features"":{""contraction_count"":5.0,""first_contraction_pct"":0.20854768500197862,""last_contraction_pct"":0.12941367022999678,""dry_up_ratio"":1.2947530431131504,""near_monotone"":0.0,""base_depth_pct"":0.4895132568262762},""_schema_version"":""1.0""}",,,,,,,,,,
20260519T210226Z-93bc42,2026-05-19T21:02:26.159542+00:00,MIR,bull_flag,absent,37.43,11.0,21.5,52.3,51.5,36.7,30.2,66.5,84.0,93.8,1.54,6.44,4.71,5.15,5.14,2.72,1.99,5.04,4.69,False,,18.37,19.29,17.3261,20.41,"{""trend"":{""T1_ema_stack"":{""value"":[false,false,false],""score"":0.0},""T2_ema50_slope"":{""value"":-0.1750438353616598,""score"":20.826027439723365},""T3_high_proximity"":{""value"":0.8245062836624776,""score"":12.253141831238768},""T4_rs_1m"":{""value"":-0.09660731607193218,""score"":0},""T5_rs_3m"":{""value"":-0.2127150404758995,""score"":0},""T6_adr_healthy"":{""value"":4.703130334085452,""score"":100.0},""_score"":11.0},""geometry"":{""sub_pole_impulse"":6.5,""sub_flag_tightness"":0,""sub_flag_shallowness"":0,""sub_flag_drift"":88.5,""sub_flag_duration"":62.5,""_score"":21.48},""compression"":{""VC1_atr_ratio"":{""value"":0.506737820305511,""score"":100},""VC2_range_contraction"":{""value"":0.9461660083400298,""score"":8.97233194332836},""VC3_range_pct_rank"":{""score"":36.66666666666667},""_score"":52.31},""sr_quality"":{""SR1_touches"":{""value"":3,""score"":50.0},""SR2_tightness"":{""value"":0.2672955958401779,""score"":40.58070068733789},""SR3_recency"":{""value"":226,""score"":0.0},""SR4_price_location"":{""score"":61.51440499196037},""SR5_reaction"":{""value"":2.0124089967211,""score"":100},""_score"":51.47,""_levels_found"":7,""_target_level"":19.2396},""volume"":{""V1_rvol_day"":{""value"":1.1107606300432689,""score"":40.71737533621793},""V2_rvol_sameslot"":{""value"":0.9899217309915652,""score"":32.661448732771014,""status"":""ok""},""V3_breakout_bar"":{""value"":1.322271300985887,""score"":54.818086732392466},""V4_base_dryup"":{""value"":1.1375646431628077,""score"":36.24353568371923},""V5_bo_expansion"":{""value"":1.110760630043269,""score"":7.384042002884605},""_score"":36.74},""readiness"":{""_distance_atr"":1.023,""BR1_atr_distance"":{""score"":31.828587004559893},""BR2_compression"":{""score"":0},""BR3_retest"":{""score"":50.0},""BR4_bo_age"":{""score"":50.0},""_score"":30.23},""risk"":{""R1_stop_clarity"":{""score"":41.34665004723802},""R2_stop_distance_pct"":{""value"":5.682362547632023,""score"":100.0},""R3_stop_distance_atr"":{""value"":1.1602292845971272,""score"":83.01146422985636},""R4_rr_potential"":{""value"":1.9543037792786229,""score"":47.71518896393114},""_score"":66.47},""market"":{""M1_spy_regime"":{""score"":100.0},""M3_earnings_risk"":{""value"":null,""score"":80.0},""M4_vix"":{""value"":null,""score"":60.0},""_score"":84.0},""liquidity"":{""L1_price"":{""value"":18.37,""score"":100.0},""L2_dollar_vol"":{""value"":81102548.53691001,""score"":95.45172507685047},""L3_spread_proxy"":{""value"":0.04354926510615137,""score"":56.45073489384863},""L4_volume_zscore"":{""value"":0.25030633454934154,""score"":100.0},""_score"":93.83},""pattern_structure"":{""pole_low"":18.17,""pole_low_idx"":25,""peak_price"":19.29,""peak_idx"":36,""pole_gain"":0.06164006604292776,""flag_bars"":23,""flag_low"":17.59,""flag_high"":19.045,""structural_low"":17.59,""current_price"":18.22,""neckline_distance_pct"":0.05872667398463229,""base_bars"":23},""pattern_geometry_features"":{""pole_gain"":0.06164006604292776,""pullback_pct"":0.08812856402280972,""flag_range_pct"":0.07542768273716961,""flag_drift_per_bar"":-0.0023076539267538124,""atr_pct"":0.048976203437281284,""pole_atr_multiple"":1.258571749479597},""_schema_version"":""1.0""}",,,,,,,,,,
20260519T210226Z-93bc42,2026-05-19T21:02:26.159542+00:00,FTAI,bull_flag,absent,36.94,24.2,14.7,50.8,54.7,31.1,27.8,82.0,84.0,94.7,3.39,4.41,4.57,5.47,4.36,2.5,2.46,5.04,4.74,False,,223.49,273.76,211.312,289.36,"{""trend"":{""T1_ema_stack"":{""value"":[false,false,true],""score"":33.33333333333333},""T2_ema50_slope"":{""value"":0.02695536423701239,""score"":54.49256070616873},""T3_high_proximity"":{""value"":0.7208424719391047,""score"":0},""T4_rs_1m"":{""value"":-0.16669200314799282,""score"":0},""T5_rs_3m"":{""value"":-0.2908483780952381,""score"":0},""T6_adr_healthy"":{""value"":6.637269760646412,""score"":100.0},""_score"":24.23},""geometry"":{""sub_pole_impulse"":0.0,""sub_flag_tightness"":0,""sub_flag_shallowness"":0,""sub_flag_drift"":56.4,""sub_flag_duration"":62.5,""_score"":14.71},""compression"":{""VC1_atr_ratio"":{""value"":0.5774847068680198,""score"":100},""VC2_range_contraction"":{""value"":1.152960896127337,""score"":0},""VC3_range_pct_rank"":{""score"":43.333333333333336},""_score"":50.83},""sr_quality"":{""SR1_touches"":{""value"":5,""score"":100},""SR2_tightness"":{""value"":1.2978738311561624,""score"":86.97044642951347},""SR3_recency"":{""value"":236,""score"":0.0},""SR4_price_location"":{""score"":0.6089661088350187},""SR5_reaction"":{""value"":1.5299176789478974,""score"":76.49588394739487},""_score"":54.67,""_levels_found"":5,""_target_level"":256.002},""volume"":{""V1_rvol_day"":{""value"":1.1112436935968855,""score"":40.7495795731257},""V2_rvol_sameslot"":{""value"":0.9415977490690985,""score"":29.439849937939904,""status"":""ok""},""V3_breakout_bar"":{""value"":1.0914173723433602,""score"":39.427824822890685},""V4_base_dryup"":{""value"":1.1933453405549557,""score"":30.665465944504433},""V5_bo_expansion"":{""value"":1.1112436935968852,""score"":7.41624623979235},""_score"":31.14},""readiness"":{""_distance_atr"":2.523,""BR1_atr_distance"":{""score"":0},""BR2_compression"":{""score"":40.99825303146968},""BR3_retest"":{""score"":50.0},""BR4_bo_age"":{""score"":50.0},""_score"":27.75},""risk"":{""R1_stop_clarity"":{""score"":67.69450858347552},""R2_stop_distance_pct"":{""value"":5.4489910063090115,""score"":100.0},""R3_stop_distance_atr"":{""value"":0.6112814978415828,""score"":55.56407489207914},""R4_rr_potential"":{""value"":5.4089563514384515,""score"":100.0},""_score"":82.03},""market"":{""M1_spy_regime"":{""score"":100.0},""M3_earnings_risk"":{""value"":null,""score"":80.0},""M4_vix"":{""value"":null,""score"":60.0},""_score"":84.0},""liquidity"":{""L1_price"":{""value"":223.49,""score"":100.0},""L2_dollar_vol"":{""value"":409003987.1799068,""score"":100.0},""L3_spread_proxy"":{""value"":0.05270929348069265,""score"":47.29070651930735},""L4_volume_zscore"":{""value"":0.26383551494646645,""score"":100.0},""_score"":94.73},""pattern_structure"":{""pole_low"":258.16,""pole_low_idx"":25,""peak_price"":273.76,""peak_idx"":36,""pole_gain"":0.06042764177254402,""flag_bars"":23,""flag_low"":214.53,""flag_high"":262.21,""structural_low"":214.53,""current_price"":223.06,""neckline_distance_pct"":0.2272931049941719,""base_bars"":23},""pattern_geometry_features"":{""pole_gain"":0.06042764177254402,""pullback_pct"":0.21635739333722967,""flag_range_pct"":0.1741671537112799,""flag_drift_per_bar"":-0.00871572422953606,""atr_pct"":0.08914045371157543,""pole_atr_multiple"":0.6778924635953151},""_schema_version"":""1.0""}",,,,,,,,,,
20260519T210226Z-93bc42,2026-05-19T21:02:26.159542+00:00,VYX,vcp,absent,36.48,12.9,39.7,11.0,58.4,17.4,27.7,65.3,84.0,76.0,1.93,9.92,1.32,7.01,2.26,1.94,3.26,5.04,3.8,False,,6.48,7.34,6.4419,10.91,"{""trend"":{""T1_ema_stack"":{""value"":[false,false,false],""score"":0.0},""T2_ema50_slope"":{""value"":-0.06332790003484287,""score"":39.44534999419285},""T3_high_proximity"":{""value"":0.675,""score"":0},""T4_rs_1m"":{""value"":-0.11483442621268558,""score"":0},""T5_rs_3m"":{""value"":-0.4038275556130554,""score"":0},""T6_adr_healthy"":{""value"":5.253270081016604,""score"":100.0},""_score"":12.89},""geometry"":{""sub_contraction_count"":100.0,""sub_reduction_rate"":0,""sub_pivot_tightness"":0,""sub_volume_dryup"":0,""sub_base_depth"":46.9,""sub_base_duration"":100.0,""_score"":39.69},""compression"":{""VC1_atr_ratio"":{""value"":0.9629392164995254,""score"":9.265195875118648},""VC2_range_contraction"":{""value"":1.5321438247147956,""score"":0},""VC3_range_pct_rank"":{""score"":29.166666666666664},""_score"":11.0},""sr_quality"":{""SR1_touches"":{""value"":3,""score"":50.0},""SR2_tightness"":{""value"":0.11946640624971623,""score"":53.15042892167992},""SR3_recency"":{""value"":236,""score"":0.0},""SR4_price_location"":{""score"":81.64852255054443},""SR5_reaction"":{""value"":2.029411764705882,""score"":100},""_score"":58.38,""_levels_found"":6,""_target_level"":6.5783},""volume"":{""V1_rvol_day"":{""value"":0.8271325809361643,""score"":21.808838729077618},""V2_rvol_sameslot"":{""value"":0.5454446391889893,""score"":3.0296426125992886,""status"":""ok""},""V3_breakout_bar"":{""value"":0.9155271519545217,""score"":27.701810130301446},""V4_base_dryup"":{""value"":1.2273743700147244,""score"":27.262562998527557},""V5_bo_expansion"":{""value"":0.8271325809361642,""score"":0},""_score"":17.35},""readiness"":{""_distance_atr"":1.686,""BR1_atr_distance"":{""score"":0},""BR2_compression"":{""score"":40.81344622089652},""BR3_retest"":{""score"":50.0},""BR4_bo_age"":{""score"":50.0},""_score"":27.7},""risk"":{""R1_stop_clarity"":{""score"":61.52941176470568},""R2_stop_distance_pct"":{""value"":0.587962962962977,""score"":64.69907407407443},""R3_stop_distance_atr"":{""value"":0.07470588235294297,""score"":28.735294117647147},""R4_rr_potential"":{""value"":116.2729658792623,""score"":100.0},""_score"":65.26},""market"":{""M1_spy_regime"":{""score"":100.0},""M3_earnings_risk"":{""value"":null,""score"":80.0},""M4_vix"":{""value"":null,""score"":60.0},""_score"":84.0},""liquidity"":{""L1_price"":{""value"":6.48,""score"":98.24000000000001},""L2_dollar_vol"":{""value"":12324175.950942,""score"":54.53789450325179},""L3_spread_proxy"":{""value"":0.05401234567901229,""score"":45.987654320987716},""L4_volume_zscore"":{""value"":-0.39993342777811974,""score"":100.0},""_score"":75.97},""pattern_structure"":{""n_contractions"":5,""contractions_pct"":[9.3,26.77,22.69,15.41,10.9],""descending_strict"":false,""final_low"":6.54,""final_pivot"":7.34,""structural_low"":6.54,""dry_up_ratio"":1.3234493786210604,""current_price"":6.48,""neckline_distance_pct"":0.13271604938271594,""base_bars"":50},""pattern_geometry_features"":{""contraction_count"":5.0,""first_contraction_pct"":0.09297725024727987,""last_contraction_pct"":0.10899182561307899,""dry_up_ratio"":1.3234493786210604,""near_monotone"":0.0,""base_depth_pct"":0.35311572700296734},""_schema_version"":""1.0""}",,,,,,,,,,
20260519T210226Z-93bc42,2026-05-19T21:02:26.159542+00:00,IE,bull_flag,absent,36.47,19.5,13.2,47.2,73.6,28.9,30.6,78.3,84.0,79.7,2.73,3.96,4.25,7.36,4.04,2.75,2.35,5.04,3.99,False,,11.61,15.2967,11.298,17.3234,"{""trend"":{""T1_ema_stack"":{""value"":[false,false,true],""score"":33.33333333333333},""T2_ema50_slope"":{""value"":-0.11521715600182243,""score"":30.797140666362928},""T3_high_proximity"":{""value"":0.6753926701570679,""score"":0},""T4_rs_1m"":{""value"":-0.2809030067549505,""score"":0},""T5_rs_3m"":{""value"":-0.323939160814269,""score"":0},""T6_adr_healthy"":{""value"":6.2079194147608066,""score"":100.0},""_score"":19.49},""geometry"":{""sub_pole_impulse"":22.7,""sub_flag_tightness"":0,""sub_flag_shallowness"":0,""sub_flag_drift"":42.7,""sub_flag_duration"":0.0,""_score"":13.21},""compression"":{""VC1_atr_ratio"":{""value"":0.6737829616058402,""score"":81.55425959853996},""VC2_range_contraction"":{""value"":1.2089392818389149,""score"":0},""VC3_range_pct_rank"":{""score"":58.33333333333333},""_score"":47.21},""sr_quality"":{""SR1_touches"":{""value"":5,""score"":100},""SR2_tightness"":{""value"":0.19679522351927137,""score"":57.61561870868801},""SR3_recency"":{""value"":237,""score"":0.0},""SR4_price_location"":{""score"":79.81847131308311},""SR5_reaction"":{""value"":2.108824909427954,""score"":100},""_score"":73.6,""_levels_found"":5,""_target_level"":12.2347},""volume"":{""V1_rvol_day"":{""value"":0.8151684673148669,""score"":21.011231154324463},""V2_rvol_sameslot"":{""value"":0.7623277846533913,""score"":17.488518976892756,""status"":""ok""},""V3_breakout_bar"":{""value"":0.974935342224705,""score"":31.66235614831367},""V4_base_dryup"":{""value"":0.8371398177147568,""score"":66.28601822852433},""V5_bo_expansion"":{""value"":0.8151684673148669,""score"":0},""_score"":28.87},""readiness"":{""_distance_atr"":3.97,""BR1_atr_distance"":{""score"":0},""BR2_compression"":{""score"":52.29060880647914},""BR3_retest"":{""score"":50.0},""BR4_bo_age"":{""score"":50.0},""_score"":30.57},""risk"":{""R1_stop_clarity"":{""score"":62.94507218842051},""R2_stop_distance_pct"":{""value"":2.6877691645133446,""score"":100.0},""R3_stop_distance_atr"":{""value"":0.3360357519210497,""score"":41.801787596052485},""R4_rr_potential"":{""value"":18.309245313251125,""score"":100.0},""_score"":78.3},""market"":{""M1_spy_regime"":{""score"":100.0},""M3_earnings_risk"":{""value"":null,""score"":80.0},""M4_vix"":{""value"":null,""score"":60.0},""_score"":84.0},""liquidity"":{""L1_price"":{""value"":11.61,""score"":100.0},""L2_dollar_vol"":{""value"":18105090.03588897,""score"":62.89003444437489},""L3_spread_proxy"":{""value"":0.054263565891472784,""score"":45.73643410852721},""L4_volume_zscore"":{""value"":-0.6326876530023572,""score"":100.0},""_score"":79.73},""pattern_structure"":{""pole_low"":13.27,""pole_low_idx"":12,""peak_price"":15.2967,""peak_idx"":31,""pole_gain"":0.15272795779954784,""flag_bars"":28,""flag_low"":11.47,""flag_high"":15.235,""structural_low"":11.47,""current_price"":11.645,""neckline_distance_pct"":0.3135852297123229,""base_bars"":28},""pattern_geometry_features"":{""pole_gain"":0.15272795779954784,""pullback_pct"":0.2501650682827014,""flag_range_pct"":0.2461315185628272,""flag_drift_per_bar"":-0.011469588254800168,""atr_pct"":0.07998461917066568,""pole_atr_multiple"":1.909466587240572},""_schema_version"":""1.0""}",,,,,,,,,,
20260519T210226Z-93bc42,2026-05-19T21:02:26.159542+00:00,BILI,vcp,invalidated,36.42,5.0,37.2,19.9,40.5,58.8,17.5,20.6,84.0,83.7,0.75,9.3,2.38,4.86,7.64,1.23,1.03,5.04,4.18,False,,20.0,25.625,20.6751,38.375,"{""trend"":{""T1_ema_stack"":{""value"":[false,false,false],""score"":0.0},""T2_ema50_slope"":{""value"":-0.5592446101164121,""score"":0},""T3_high_proximity"":{""value"":0.6459948320413437,""score"":0},""T4_rs_1m"":{""value"":-0.23432781828317018,""score"":0},""T5_rs_3m"":{""value"":-0.4270707222473117,""score"":0},""T6_adr_healthy"":{""value"":3.2641600623467317,""score"":100.0},""_score"":5.0},""geometry"":{""sub_contraction_count"":100.0,""sub_reduction_rate"":0,""sub_pivot_tightness"":0,""sub_volume_dryup"":0,""sub_base_depth"":22.1,""sub_base_duration"":100.0,""_score"":37.21},""compression"":{""VC1_atr_ratio"":{""value"":0.801331821155006,""score"":49.6670447112485},""VC2_range_contraction"":{""value"":1.6786981639004455,""score"":0},""VC3_range_pct_rank"":{""score"":0.0},""_score"":19.87},""sr_quality"":{""SR1_touches"":{""value"":3,""score"":50.0},""SR2_tightness"":{""value"":0.1367073110293988,""score"":69.7867703123048},""SR3_recency"":{""value"":273,""score"":0.0},""SR4_price_location"":{""score"":0},""SR5_reaction"":{""value"":2.657605392563125,""score"":100},""_score"":40.47,""_levels_found"":3,""_target_level"":24.2667},""volume"":{""V1_rvol_day"":{""value"":4.239493116851076,""score"":100},""V2_rvol_sameslot"":{""value"":3.7511106175416944,""score"":100,""status"":""ok""},""V3_breakout_bar"":{""value"":0.7276582986254108,""score"":15.177219908360717},""V4_base_dryup"":{""value"":1.5505382242231902,""score"":0},""V5_bo_expansion"":{""value"":4.239493116851076,""score"":100},""_score"":58.79},""readiness"":{""_distance_atr"":6.216,""BR1_atr_distance"":{""score"":0},""BR2_compression"":{""score"":0},""BR3_retest"":{""score"":50.0},""BR4_bo_age"":{""score"":50.0},""_score"":17.5},""risk"":{""R1_stop_clarity"":{""score"":30.416045085363805},""R2_stop_distance_pct"":{""value"":-3.3757499999999925,""score"":0.0},""R3_stop_distance_atr"":{""value"":-0.7460633184153811,""score"":0.0},""R4_rr_potential"":{""value"":null,""score"":50.0},""_score"":20.65},""market"":{""M1_spy_regime"":{""score"":100.0},""M3_earnings_risk"":{""value"":null,""score"":80.0},""M4_vix"":{""value"":null,""score"":60.0},""_score"":84.0},""liquidity"":{""L1_price"":{""value"":20.0,""score"":100.0},""L2_dollar_vol"":{""value"":269740762.29126,""score"":100.0},""L3_spread_proxy"":{""value"":0.08825000000000002,""score"":11.749999999999972},""L4_volume_zscore"":{""value"":3.6482795915214816,""score"":70.0},""_score"":83.67},""pattern_structure"":{""n_contractions"":5,""contractions_pct"":[10.61,19.75,7.66,19.65,18.09],""descending_strict"":false,""final_low"":20.99,""final_pivot"":25.625,""structural_low"":20.99,""dry_up_ratio"":2.2329388978364237,""current_price"":20.0,""neckline_distance_pct"":0.28125,""base_bars"":71},""pattern_geometry_features"":{""contraction_count"":5.0,""first_contraction_pct"":0.10610551274451695,""last_contraction_pct"":0.18087804878048785,""dry_up_ratio"":2.2329388978364237,""near_monotone"":0.0,""base_depth_pct"":0.3778897451096622},""_schema_version"":""1.0""}",,,,,,,,,,
20260519T210226Z-93bc42,2026-05-19T21:02:26.159542+00:00,TMC,bull_flag,absent,35.96,15.4,19.6,60.4,47.1,26.4,27.6,81.2,84.0,82.5,2.16,5.88,5.44,4.71,3.69,2.48,2.44,5.04,4.12,False,,5.01,5.84,4.7674,6.375,"{""trend"":{""T1_ema_stack"":{""value"":[false,false,false],""score"":0.0},""T2_ema50_slope"":{""value"":0.012887017056440402,""score"":52.1478361760734},""T3_high_proximity"":{""value"":0.7590909090909091,""score"":0},""T4_rs_1m"":{""value"":-0.15012996106652443,""score"":0},""T5_rs_3m"":{""value"":-0.2199727545132747,""score"":0},""T6_adr_healthy"":{""value"":7.022419668179533,""score"":100.0},""_score"":15.43},""geometry"":{""sub_pole_impulse"":4.3,""sub_flag_tightness"":0,""sub_flag_shallowness"":0,""sub_flag_drift"":55.4,""sub_flag_duration"":100.0,""_score"":19.6},""compression"":{""VC1_atr_ratio"":{""value"":0.4814246114396625,""score"":100},""VC2_range_contraction"":{""value"":1.1955616086351117,""score"":0},""VC3_range_pct_rank"":{""score"":81.66666666666667},""_score"":60.42},""sr_quality"":{""SR1_touches"":{""value"":3,""score"":50.0},""SR2_tightness"":{""value"":0.03681787005729081,""score"":82.90324120859493},""SR3_recency"":{""value"":274,""score"":0.0},""SR4_price_location"":{""score"":18.483412322274873},""SR5_reaction"":{""value"":2.2327993189381625,""score"":100},""_score"":47.06,""_levels_found"":6,""_target_level"":5.5833},""volume"":{""V1_rvol_day"":{""value"":0.913474398353665,""score"":27.564959890244328},""V2_rvol_sameslot"":{""value"":0.8551883688867563,""score"":23.67922459245042,""status"":""ok""},""V3_breakout_bar"":{""value"":0.7154924683728435,""score"":14.366164558189567},""V4_base_dryup"":{""value"":0.872657736249081,""score"":62.73422637509189},""V5_bo_expansion"":{""value"":0.9134743983536652,""score"":0},""_score"":26.39},""readiness"":{""_distance_atr"":1.927,""BR1_atr_distance"":{""score"":0},""BR2_compression"":{""score"":40.32638669375077},""BR3_retest"":{""score"":50.0},""BR4_bo_age"":{""score"":50.0},""_score"":27.58},""risk"":{""R1_stop_clarity"":{""score"":66.28743905270468},""R2_stop_distance_pct"":{""value"":4.842315369261485,""score"":100.0},""R3_stop_distance_atr"":{""value"":0.5632690968191325,""score"":53.163454840956625},""R4_rr_potential"":{""value"":5.626545754328104,""score"":100.0},""_score"":81.18},""market"":{""M1_spy_regime"":{""score"":100.0},""M3_earnings_risk"":{""value"":null,""score"":80.0},""M4_vix"":{""value"":null,""score"":60.0},""_score"":84.0},""liquidity"":{""L1_price"":{""value"":5.01,""score"":97.505},""L2_dollar_vol"":{""value"":25976691.40967244,""score"":70.7291917594338},""L3_spread_proxy"":{""value"":0.0518962075848303,""score"":48.1037924151697},""L4_volume_zscore"":{""value"":-0.20605283972573246,""score"":100.0},""_score"":82.48},""pattern_structure"":{""pole_low"":5.305,""pole_low_idx"":36,""peak_price"":5.84,""peak_idx"":39,""pole_gain"":0.10084825636192275,""flag_bars"":20,""flag_low"":4.84,""flag_high"":5.8153,""structural_low"":4.84,""current_price"":4.995,""neckline_distance_pct"":0.1691691691691691,""base_bars"":20},""pattern_geometry_features"":{""pole_gain"":0.10084825636192275,""pullback_pct"":0.17123287671232876,""flag_range_pct"":0.16700342465753423,""flag_drift_per_bar"":-0.008916329863698327,""atr_pct"":0.08596806387225549,""pole_atr_multiple"":1.1730897710082029},""_schema_version"":""1.0""}",,,,,,,,,,
20260519T210226Z-93bc42,2026-05-19T21:02:26.159542+00:00,QBTS,bull_flag,absent,35.79,33.1,17.7,29.1,48.3,24.1,32.2,82.0,84.0,92.3,4.64,5.32,2.62,4.83,3.37,2.9,2.46,5.04,4.62,False,,18.19,22.53,17.469,24.67,"{""trend"":{""T1_ema_stack"":{""value"":[false,true,false],""score"":33.33333333333333},""T2_ema50_slope"":{""value"":0.4501690846202296,""score"":100},""T3_high_proximity"":{""value"":0.7569704535996671,""score"":0},""T4_rs_1m"":{""value"":-0.19549211109474718,""score"":0},""T5_rs_3m"":{""value"":-0.11527107559617167,""score"":0},""T6_adr_healthy"":{""value"":8.159485740266831,""score"":96.01285649332922},""_score"":33.13},""geometry"":{""sub_pole_impulse"":0.0,""sub_flag_tightness"":0,""sub_flag_shallowness"":0,""sub_flag_drift"":51.6,""sub_flag_duration"":100.0,""_score"":17.74},""compression"":{""VC1_atr_ratio"":{""value"":0.8216131330196103,""score"":44.59671674509744},""VC2_range_contraction"":{""value"":1.1530159000275504,""score"":0},""VC3_range_pct_rank"":{""score"":44.99999999999999},""_score"":29.09},""sr_quality"":{""SR1_touches"":{""value"":3,""score"":50.0},""SR2_tightness"":{""value"":0.15518731334172292,""score"":84.06356327612589},""SR3_recency"":{""value"":280,""score"":0.0},""SR4_price_location"":{""score"":22.84305606080545},""SR5_reaction"":{""value"":2.7346949753234475,""score"":100},""_score"":48.32,""_levels_found"":5,""_target_level"":21.5129},""volume"":{""V1_rvol_day"":{""value"":0.8116272099516277,""score"":20.775147330108513},""V2_rvol_sameslot"":{""value"":0.684021086211317,""score"":12.268072414087799,""status"":""ok""},""V3_breakout_bar"":{""value"":0.6698063719228938,""score"":11.320424794859589},""V4_base_dryup"":{""value"":0.767536068373318,""score"":73.2463931626682},""V5_bo_expansion"":{""value"":0.8116272099516277,""score"":0},""_score"":24.09},""readiness"":{""_distance_atr"":2.228,""BR1_atr_distance"":{""score"":0},""BR2_compression"":{""score"":58.67357173699524},""BR3_retest"":{""score"":50.0},""BR4_bo_age"":{""score"":50.0},""_score"":32.17},""risk"":{""R1_stop_clarity"":{""score"":72.68146159516773},""R2_stop_distance_pct"":{""value"":3.9638537658053927,""score"":100.0},""R3_stop_distance_atr"":{""value"":0.3702161291860593,""score"":43.51080645930296},""R4_rr_potential"":{""value"":8.987205714087573,""score"":100.0},""_score"":81.97},""market"":{""M1_spy_regime"":{""score"":100.0},""M3_earnings_risk"":{""value"":null,""score"":80.0},""M4_vix"":{""value"":null,""score"":60.0},""_score"":84.0},""liquidity"":{""L1_price"":{""value"":18.19,""score"":100.0},""L2_dollar_vol"":{""value"":390134471.6354314,""score"":100.0},""L3_spread_proxy"":{""value"":0.07695437053325997,""score"":23.045629466740024},""L4_volume_zscore"":{""value"":-0.6401370600216308,""score"":100.0},""_score"":92.3},""pattern_structure"":{""pole_low"":20.39,""pole_low_idx"":36,""peak_price"":22.53,""peak_idx"":41,""pole_gain"":0.10495340853359493,""flag_bars"":18,""flag_low"":17.735,""flag_high"":21.25,""structural_low"":17.735,""current_price"":18.205,""neckline_distance_pct"":0.23757209557813805,""base_bars"":18},""pattern_geometry_features"":{""pole_gain"":0.10495340853359493,""pullback_pct"":0.21282734132268094,""flag_range_pct"":0.15601420328450957,""flag_drift_per_bar"":-0.009687145793138507,""atr_pct"":0.10706864054032829,""pole_atr_multiple"":0.9802441499578335},""_schema_version"":""1.0""}",,,,,,,,,,
20260519T210226Z-93bc42,2026-05-19T21:02:26.159542+00:00,PAR,ascending_triangle,absent,35.71,18.1,30.5,37.7,35.4,6.4,48.2,75.5,84.0,75.9,2.71,8.55,3.02,4.96,0.77,3.85,3.02,5.04,3.8,False,,14.71,15.51,13.6422,17.17,"{""trend"":{""T1_ema_stack"":{""value"":[true,false,false],""score"":33.33333333333333},""T2_ema50_slope"":{""value"":-0.5517391096861323,""score"":0},""T3_high_proximity"":{""value"":0.6549421193232413,""score"":0},""T4_rs_1m"":{""value"":-0.026372647936092397,""score"":23.6273520639076},""T5_rs_3m"":{""value"":-0.39155735584516105,""score"":0},""T6_adr_healthy"":{""value"":6.469171241829693,""score"":100.0},""_score"":18.06},""geometry"":{""sub_flat_top_quality"":33.3,""sub_hl_slope"":18.5,""sub_compression"":0,""sub_duration"":100.0,""_score"":30.54},""compression"":{""VC1_atr_ratio"":{""value"":0.6647479623208765,""score"":83.81300941978087},""VC2_range_contraction"":{""value"":1.1545640861228161,""score"":0},""VC3_range_pct_rank"":{""score"":16.666666666666664},""_score"":37.69},""sr_quality"":{""SR1_touches"":{""value"":2,""score"":25.0},""SR2_tightness"":{""value"":0.15749999999999975,""score"":69.8461538461539},""SR3_recency"":{""value"":229,""score"":0.0},""SR4_price_location"":{""score"":13.299759642898113},""SR5_reaction"":{""value"":1.8810256410256412,""score"":94.05128205128206},""_score"":35.41,""_levels_found"":7,""_target_level"":15.4675},""volume"":{""V1_rvol_day"":{""value"":0.8481741889361992,""score"":23.211612595746615},""V2_rvol_sameslot"":{""value"":0.5005531348427887,""score"":0.03687565618591589,""status"":""ok""},""V3_breakout_bar"":{""value"":0.6053357757000368,""score"":7.022385046669122},""V4_base_dryup"":{""value"":1.6040672364816277,""score"":0},""V5_bo_expansion"":{""value"":0.8481741889361992,""score"":0},""_score"":6.41},""readiness"":{""_distance_atr"":0.766,""BR1_atr_distance"":{""score"":48.94586894586903},""BR2_compression"":{""score"":44.35456432468447},""BR3_retest"":{""score"":50.0},""BR4_bo_age"":{""score"":50.0},""_score"":48.17},""risk"":{""R1_stop_clarity"":{""score"":60.22564102564089},""R2_stop_distance_pct"":{""value"":7.258667573079551,""score"":100.0},""R3_stop_distance_atr"":{""value"":1.0221196581196597,""score"":76.10598290598298},""R4_rr_potential"":{""value"":2.303910091313506,""score"":65.19550456567531},""_score"":75.53},""market"":{""M1_spy_regime"":{""score"":100.0},""M3_earnings_risk"":{""value"":null,""score"":80.0},""M4_vix"":{""value"":null,""score"":60.0},""_score"":84.0},""liquidity"":{""L1_price"":{""value"":14.71,""score"":100.0},""L2_dollar_vol"":{""value"":17539901.87897391,""score"":62.201357976189264},""L3_spread_proxy"":{""value"":0.08973487423521416,""score"":10.265125764785836},""L4_volume_zscore"":{""value"":-0.34142754462937885,""score"":100.0},""_score"":75.91},""pattern_structure"":{""top"":15.51,""top_touches"":2,""low_slope_per_bar"":0.007700430592577375,""lowest_low"":13.85,""structural_low"":13.85,""current_price"":14.58,""neckline_distance_pct"":0.06378600823045265,""base_bars"":53},""pattern_geometry_features"":{""top_touches"":2.0,""low_slope"":0.007700430592577375,""compression"":-0.3736926194949479,""atr_pct"":0.07101582985335536},""_schema_version"":""1.0""}",,,,,,,,,,
20260519T210226Z-93bc42,2026-05-19T21:02:26.159542+00:00,NG,bull_flag,absent,35.59,13.3,12.3,63.5,34.4,45.6,31.7,76.2,84.0,86.6,1.87,3.68,5.72,3.44,6.38,2.85,2.28,5.04,4.33,False,,7.73,9.276,7.5451,10.012,"{""trend"":{""T1_ema_stack"":{""value"":[false,false,true],""score"":33.33333333333333},""T2_ema50_slope"":{""value"":-0.48786819866068026,""score"":0},""T3_high_proximity"":{""value"":0.5443661971830986,""score"":0},""T4_rs_1m"":{""value"":-0.31621920422537064,""score"":0},""T5_rs_3m"":{""value"":-0.33988001386728794,""score"":0},""T6_adr_healthy"":{""value"":5.268495836588749,""score"":100.0},""_score"":13.33},""geometry"":{""sub_pole_impulse"":6.5,""sub_flag_tightness"":0,""sub_flag_shallowness"":0,""sub_flag_drift"":60.4,""sub_flag_duration"":12.5,""_score"":12.26},""compression"":{""VC1_atr_ratio"":{""value"":0.4673831380128816,""score"":100},""VC2_range_contraction"":{""value"":1.0796902935731885,""score"":0},""VC3_range_pct_rank"":{""score"":94.16666666666667},""_score"":63.54},""sr_quality"":{""SR1_touches"":{""value"":2,""score"":25.0},""SR2_tightness"":{""value"":0.09499999999999975,""score"":64.05842532664956},""SR3_recency"":{""value"":253,""score"":0.0},""SR4_price_location"":{""score"":9.10683012259198},""SR5_reaction"":{""value"":2.596305854693349,""score"":100},""_score"":34.39,""_levels_found"":7,""_target_level"":8.595},""volume"":{""V1_rvol_day"":{""value"":1.2404710498446165,""score"":49.36473665630777},""V2_rvol_sameslot"":{""value"":1.024167947766121,""score"":34.944529851074726,""status"":""ok""},""V3_breakout_bar"":{""value"":1.2298369505104867,""score"":48.65579670069911},""V4_base_dryup"":{""value"":0.7927765065551089,""score"":70.72234934448912},""V5_bo_expansion"":{""value"":1.2404710498446165,""score"":16.031403322974434},""_score"":45.57},""readiness"":{""_distance_atr"":2.925,""BR1_atr_distance"":{""score"":0},""BR2_compression"":{""score"":56.85188245835009},""BR3_retest"":{""score"":50.0},""BR4_bo_age"":{""score"":50.0},""_score"":31.71},""risk"":{""R1_stop_clarity"":{""score"":56.52961126349481},""R2_stop_distance_pct"":{""value"":2.3919793014230364,""score"":100.0},""R3_stop_distance_atr"":{""value"":0.34976827142644956,""score"":42.48841357132248},""R4_rr_potential"":{""value"":12.341806381827967,""score"":100.0},""_score"":76.16},""market"":{""M1_spy_regime"":{""score"":100.0},""M3_earnings_risk"":{""value"":null,""score"":80.0},""M4_vix"":{""value"":null,""score"":60.0},""_score"":84.0},""liquidity"":{""L1_price"":{""value"":7.73,""score"":98.86500000000001},""L2_dollar_vol"":{""value"":29962089.312125012,""score"":73.82860471220187},""L3_spread_proxy"":{""value"":0.02652005174644244,""score"":73.47994825355757},""L4_volume_zscore"":{""value"":0.47095296925321783,""score"":100.0},""_score"":86.6},""pattern_structure"":{""pole_low"":8.54,""pole_low_idx"":10,""peak_price"":9.276,""peak_idx"":32,""pole_gain"":0.08618266978922726,""flag_bars"":27,""flag_low"":7.66,""flag_high"":9.255,""structural_low"":7.66,""current_price"":7.7,""neckline_distance_pct"":0.20467532467532462,""base_bars"":27},""pattern_geometry_features"":{""pole_gain"":0.08618266978922726,""pullback_pct"":0.1742130228546787,""flag_range_pct"":0.1719491159982752,""flag_drift_per_bar"":-0.00791854177568465,""atr_pct"":0.06838754389207169,""pole_atr_multiple"":1.2602100453445089},""_schema_version"":""1.0""}",,,,,,,,,,
20260519T210226Z-93bc42,2026-05-19T21:02:26.159542+00:00,PGY,bull_flag,absent,35.41,21.6,20.8,60.7,38.1,12.5,38.6,76.9,84.0,86.0,3.02,6.25,5.46,3.81,1.75,3.48,2.31,5.04,4.3,False,,12.64,13.63,12.342,14.555,"{""trend"":{""T1_ema_stack"":{""value"":[false,false,false],""score"":0.0},""T2_ema50_slope"":{""value"":0.08447650988702465,""score"":64.07941831450411},""T3_high_proximity"":{""value"":0.815483870967742,""score"":7.741935483870977},""T4_rs_1m"":{""value"":-0.1965364832797062,""score"":0},""T5_rs_3m"":{""value"":-0.06515389100847524,""score"":17.42305449576238},""T6_adr_healthy"":{""value"":5.691563973683005,""score"":100.0},""_score"":21.59},""geometry"":{""sub_pole_impulse"":0.0,""sub_flag_tightness"":0,""sub_flag_shallowness"":0,""sub_flag_drift"":80.5,""sub_flag_duration"":87.5,""_score"":20.82},""compression"":{""VC1_atr_ratio"":{""value"":0.6182122814808831,""score"":95.4469296297792},""VC2_range_contraction"":{""value"":1.1531824248735063,""score"":0},""VC3_range_pct_rank"":{""score"":90.0},""_score"":60.68},""sr_quality"":{""SR1_touches"":{""value"":2,""score"":25.0},""SR2_tightness"":{""value"":0.014999999999998792,""score"":96.73456694137796},""SR3_recency"":{""value"":306,""score"":0.0},""SR4_price_location"":{""score"":4.480286738351256},""SR5_reaction"":{""value"":3.5185041206655265,""score"":100},""_score"":38.13,""_levels_found"":3,""_target_level"":20.635},""volume"":{""V1_rvol_day"":{""value"":0.6281862873738416,""score"":8.545752491589443},""V2_rvol_sameslot"":{""value"":0.5821230783029321,""score"":5.4748718868621395,""status"":""ok""},""V3_breakout_bar"":{""value"":0.6440525694995631,""score"":9.60350463330421},""V4_base_dryup"":{""value"":1.135764490716746,""score"":36.42355092832541},""V5_bo_expansion"":{""value"":0.6281862873738416,""score"":0},""_score"":12.49},""readiness"":{""_distance_atr"":1.078,""BR1_atr_distance"":{""score"":28.16047271030942},""BR2_compression"":{""score"":39.44681729516716},""BR3_retest"":{""score"":50.0},""BR4_bo_age"":{""score"":50.0},""_score"":38.63},""risk"":{""R1_stop_clarity"":{""score"":59.084123775462444},""R2_stop_distance_pct"":{""value"":2.3571993670886227,""score"":100.0},""R3_stop_distance_atr"":{""value"":0.3243119266055067,""score"":41.21559633027534},""R4_rr_potential"":{""value"":6.427252894780965,""score"":100.0},""_score"":76.86},""market"":{""M1_spy_regime"":{""score"":100.0},""M3_earnings_risk"":{""value"":null,""score"":80.0},""M4_vix"":{""value"":null,""score"":60.0},""_score"":84.0},""liquidity"":{""L1_price"":{""value"":12.64,""score"":100.0},""L2_dollar_vol"":{""value"":30351423.7696416,""score"":74.10895342096863},""L3_spread_proxy"":{""value"":0.03639240506329121,""score"":63.60759493670879},""L4_volume_zscore"":{""value"":-0.600665384389037,""score"":100.0},""_score"":86.0},""pattern_structure"":{""pole_low"":12.705,""pole_low_idx"":30,""peak_price"":13.63,""peak_idx"":38,""pole_gain"":0.07280598189689104,""flag_bars"":21,""flag_low"":12.53,""flag_high"":13.62,""structural_low"":12.53,""current_price"":12.605,""neckline_distance_pct"":0.08131693772312577,""base_bars"":21},""pattern_geometry_features"":{""pole_gain"":0.07280598189689104,""pullback_pct"":0.08070432868672058,""flag_range_pct"":0.07997065297138663,""flag_drift_per_bar"":-0.0039036663455544974,""atr_pct"":0.07268309222423146,""pole_atr_multiple"":1.001690760105259},""_schema_version"":""1.0""}",,,,,,,,,,
20260519T210226Z-93bc42,2026-05-19T21:02:26.159542+00:00,HLNE,bull_flag,absent,35.1,5.0,27.1,66.3,52.9,8.2,27.7,63.3,84.0,88.6,0.7,8.13,5.97,5.29,1.14,2.49,1.9,5.04,4.43,False,,84.11,89.92,82.8976,95.76,"{""trend"":{""T1_ema_stack"":{""value"":[false,false,false],""score"":0.0},""T2_ema50_slope"":{""value"":-0.5998111281569232,""score"":0},""T3_high_proximity"":{""value"":0.7443362831858407,""score"":0},""T4_rs_1m"":{""value"":-0.24796331408041095,""score"":0},""T5_rs_3m"":{""value"":-0.3863588385697342,""score"":0},""T6_adr_healthy"":{""value"":4.8161132255574115,""score"":100.0},""_score"":5.0},""geometry"":{""sub_pole_impulse"":14.2,""sub_flag_tightness"":0,""sub_flag_shallowness"":0,""sub_flag_drift"":94.0,""sub_flag_duration"":87.5,""_score"":27.11},""compression"":{""VC1_atr_ratio"":{""value"":0.24112102397300575,""score"":100},""VC2_range_contraction"":{""value"":0.688329689871129,""score"":51.94505168814517},""VC3_range_pct_rank"":{""score"":32.49999999999999},""_score"":66.31},""sr_quality"":{""SR1_touches"":{""value"":4,""score"":75.0},""SR2_tightness"":{""value"":1.0841817190858722,""score"":41.8453271908667},""SR3_recency"":{""value"":249,""score"":0.0},""SR4_price_location"":{""score"":36.517971057803905},""SR5_reaction"":{""value"":3.4003919495178243,""score"":100},""_score"":52.91,""_levels_found"":4,""_target_level"":92.0},""volume"":{""V1_rvol_day"":{""value"":0.5285271840902422,""score"":1.9018122726828162},""V2_rvol_sameslot"":{""value"":0.3891719668925783,""score"":0,""status"":""ok""},""V3_breakout_bar"":{""value"":0.7964187238396193,""score"":19.76124825597462},""V4_base_dryup"":{""value"":1.3574513277438385,""score"":14.254867225616152},""V5_bo_expansion"":{""value"":0.5285271840902422,""score"":0},""_score"":8.17},""readiness"":{""_distance_atr"":1.558,""BR1_atr_distance"":{""score"":0},""BR2_compression"":{""score"":40.660588196192414},""BR3_retest"":{""score"":50.0},""BR4_bo_age"":{""score"":50.0},""_score"":27.67},""risk"":{""R1_stop_clarity"":{""score"":32.28583579499086},""R2_stop_distance_pct"":{""value"":1.4414457258352185,""score"":86.03614314588046},""R3_stop_distance_atr"":{""value"":0.3251610134749417,""score"":41.25805067374708},""R4_rr_potential"":{""value"":9.609039920818198,""score"":100.0},""_score"":63.3},""market"":{""M1_spy_regime"":{""score"":100.0},""M3_earnings_risk"":{""value"":null,""score"":80.0},""M4_vix"":{""value"":null,""score"":60.0},""_score"":84.0},""liquidity"":{""L1_price"":{""value"":84.11,""score"":100.0},""L2_dollar_vol"":{""value"":44038340.628819026,""score"":82.19154731638855},""L3_spread_proxy"":{""value"":0.04268101295922007,""score"":57.31898704077993},""L4_volume_zscore"":{""value"":-0.8554688947132757,""score"":100.0},""_score"":88.61},""pattern_structure"":{""pole_low"":84.08,""pole_low_idx"":30,""peak_price"":89.92,""peak_idx"":38,""pole_gain"":0.06945765937202668,""flag_bars"":21,""flag_low"":84.16,""flag_high"":89.41,""structural_low"":84.16,""current_price"":84.49,""neckline_distance_pct"":0.06426796070540901,""base_bars"":21},""pattern_geometry_features"":{""pole_gain"":0.06945765937202668,""pullback_pct"":0.06405693950177942,""flag_range_pct"":0.058385231316725975,""flag_drift_per_bar"":-0.0011975212620259237,""atr_pct"":0.0443302138356234,""pole_atr_multiple"":1.5668243701592766},""_schema_version"":""1.0""}",,,,,,,,,,
20260519T210226Z-93bc42,2026-05-19T21:02:26.159542+00:00,UEC,bull_flag,absent,34.27,28.5,8.5,32.7,44.9,51.1,17.5,80.2,84.0,82.5,3.99,2.54,2.95,4.49,7.16,1.57,2.41,5.04,4.12,False,,11.91,15.83,11.6033,16.87,"{""trend"":{""T1_ema_stack"":{""value"":[false,false,true],""score"":33.33333333333333},""T2_ema50_slope"":{""value"":0.15496042064764426,""score"":75.82673677460738},""T3_high_proximity"":{""value"":0.7231329690346084,""score"":0},""T4_rs_1m"":{""value"":-0.24811117920193038,""score"":0},""T5_rs_3m"":{""value"":-0.324750296886156,""score"":0},""T6_adr_healthy"":{""value"":7.388870320994109,""score"":100.0},""_score"":28.5},""geometry"":{""sub_pole_impulse"":0.0,""sub_flag_tightness"":0,""sub_flag_shallowness"":0,""sub_flag_drift"":39.8,""sub_flag_duration"":25.0,""_score"":8.47},""compression"":{""VC1_atr_ratio"":{""value"":0.6976987569333811,""score"":75.57531076665471},""VC2_range_contraction"":{""value"":1.1416447758019945,""score"":0},""VC3_range_pct_rank"":{""score"":9.999999999999998},""_score"":32.73},""sr_quality"":{""SR1_touches"":{""value"":4,""score"":75.0},""SR2_tightness"":{""value"":0.28265206084513145,""score"":51.80991473139085},""SR3_recency"":{""value"":237,""score"":0.0},""SR4_price_location"":{""score"":4.020165460185967},""SR5_reaction"":{""value"":1.8210741033915845,""score"":91.05370516957922},""_score"":44.93,""_levels_found"":6,""_target_level"":13.0237},""volume"":{""V1_rvol_day"":{""value"":1.631022581376461,""score"":75.4015054250974},""V2_rvol_sameslot"":{""value"":1.499439105195644,""score"":66.6292736797096,""status"":""ok""},""V3_breakout_bar"":{""value"":0.8048425196385603,""score"":20.32283464257069},""V4_base_dryup"":{""value"":0.9331449433641532,""score"":56.68550566358468},""V5_bo_expansion"":{""value"":1.6310225813764612,""score"":42.068172091764076},""_score"":51.13},""readiness"":{""_distance_atr"":3.342,""BR1_atr_distance"":{""score"":0},""BR2_compression"":{""score"":0},""BR3_retest"":{""score"":50.0},""BR4_bo_age"":{""score"":50.0},""_score"":17.5},""risk"":{""R1_stop_clarity"":{""score"":69.87395725506906},""R2_stop_distance_pct"":{""value"":2.5751469353484557,""score"":100.0},""R3_stop_distance_atr"":{""value"":0.2614504049199303,""score"":38.07252024599652},""R4_rr_potential"":{""value"":16.17215520052163,""score"":100.0},""_score"":80.17},""market"":{""M1_spy_regime"":{""score"":100.0},""M3_earnings_risk"":{""value"":null,""score"":80.0},""M4_vix"":{""value"":null,""score"":60.0},""_score"":84.0},""liquidity"":{""L1_price"":{""value"":11.91,""score"":100.0},""L2_dollar_vol"":{""value"":184335274.5464606,""score"":100.0},""L3_spread_proxy"":{""value"":0.10747271200671714,""score"":0},""L4_volume_zscore"":{""value"":2.826895128888063,""score"":70.0},""_score"":82.5},""pattern_structure"":{""pole_low"":14.79,""pole_low_idx"":27,""peak_price"":15.83,""peak_idx"":33,""pole_gain"":0.07031778228532799,""flag_bars"":26,""flag_low"":11.78,""flag_high"":15.69,""structural_low"":11.78,""current_price"":11.925,""neckline_distance_pct"":0.3274633123689727,""base_bars"":26},""pattern_geometry_features"":{""pole_gain"":0.07031778228532799,""pullback_pct"":0.25584333543903987,""flag_range_pct"":0.24699936828806066,""flag_drift_per_bar"":-0.012049159096203115,""atr_pct"":0.09849466234856663,""pole_atr_multiple"":0.7139248016961328},""_schema_version"":""1.0""}",,,,,,,,,,
20260519T210226Z-93bc42,2026-05-19T21:02:26.159542+00:00,BILI,bull_flag,absent,32.93,5.0,15.3,19.9,40.5,66.6,17.5,55.8,84.0,83.7,0.7,4.59,1.79,4.05,9.33,1.57,1.68,5.04,4.18,False,,20.0,22.705,18.0255,24.17,"{""trend"":{""T1_ema_stack"":{""value"":[false,false,false],""score"":0.0},""T2_ema50_slope"":{""value"":-0.5592446101164121,""score"":0},""T3_high_proximity"":{""value"":0.6459948320413437,""score"":0},""T4_rs_1m"":{""value"":-0.23432781828317018,""score"":0},""T5_rs_3m"":{""value"":-0.4270707222473117,""score"":0},""T6_adr_healthy"":{""value"":3.2641600623467317,""score"":100.0},""_score"":5.0},""geometry"":{""sub_pole_impulse"":13.1,""sub_flag_tightness"":0,""sub_flag_shallowness"":0,""sub_flag_drift"":75.8,""sub_flag_duration"":0.0,""_score"":15.3},""compression"":{""VC1_atr_ratio"":{""value"":0.801331821155006,""score"":49.6670447112485},""VC2_range_contraction"":{""value"":1.6786981639004455,""score"":0},""VC3_range_pct_rank"":{""score"":0.0},""_score"":19.87},""sr_quality"":{""SR1_touches"":{""value"":3,""score"":50.0},""SR2_tightness"":{""value"":0.1367073110293988,""score"":69.7867703123048},""SR3_recency"":{""value"":273,""score"":0.0},""SR4_price_location"":{""score"":0},""SR5_reaction"":{""value"":2.657605392563125,""score"":100},""_score"":40.47,""_levels_found"":3,""_target_level"":24.2667},""volume"":{""V1_rvol_day"":{""value"":4.239493116851076,""score"":100},""V2_rvol_sameslot"":{""value"":3.7511106175416944,""score"":100,""status"":""ok""},""V3_breakout_bar"":{""value"":0.7276582986254108,""score"":15.177219908360717},""V4_base_dryup"":{""value"":1.107554950204929,""score"":39.24450497950711},""V5_bo_expansion"":{""value"":4.239493116851076,""score"":100},""_score"":66.64},""readiness"":{""_distance_atr"":2.989,""BR1_atr_distance"":{""score"":0},""BR2_compression"":{""score"":0},""BR3_retest"":{""score"":50.0},""BR4_bo_age"":{""score"":50.0},""_score"":17.5},""risk"":{""R1_stop_clarity"":{""score"":39.33366484336152},""R2_stop_distance_pct"":{""value"":9.872499999999995,""score"":53.18750000000012},""R3_stop_distance_atr"":{""value"":2.18188850212719,""score"":100.0},""R4_rr_potential"":{""value"":2.1119270701443402,""score"":55.59635350721701},""_score"":55.84},""market"":{""M1_spy_regime"":{""score"":100.0},""M3_earnings_risk"":{""value"":null,""score"":80.0},""M4_vix"":{""value"":null,""score"":60.0},""_score"":84.0},""liquidity"":{""L1_price"":{""value"":20.0,""score"":100.0},""L2_dollar_vol"":{""value"":269740762.29126,""score"":100.0},""L3_spread_proxy"":{""value"":0.08825000000000002,""score"":11.749999999999972},""L4_volume_zscore"":{""value"":3.6482795915214816,""score"":70.0},""_score"":83.67},""pattern_structure"":{""pole_low"":21.24,""pole_low_idx"":30,""peak_price"":22.705,""peak_idx"":31,""pole_gain"":0.06897363465160075,""flag_bars"":28,""flag_low"":18.3,""flag_high"":22.66,""structural_low"":18.3,""current_price"":19.945,""neckline_distance_pct"":0.13838054650288284,""base_bars"":28},""pattern_geometry_features"":{""pole_gain"":0.06897363465160075,""pullback_pct"":0.1940101299273287,""flag_range_pct"":0.1920281876238714,""flag_drift_per_bar"":-0.004840080884720856,""atr_pct"":0.04524749999999996,""pole_atr_multiple"":1.5243634377943711},""_schema_version"":""1.0""}",,,,,,,,,,
20260519T210226Z-93bc42,2026-05-19T21:02:26.159542+00:00,BETA,bull_flag,absent,31.47,8.5,10.0,62.5,43.4,17.9,35.7,80.4,84.0,83.0,1.19,3.0,5.62,4.34,2.5,3.21,2.41,5.04,4.15,False,,14.6,18.61,14.0953,20.38,"{""trend"":{""T1_ema_stack"":{""value"":[false,false,false],""score"":0.0},""T2_ema50_slope"":{""value"":-0.1951630680961911,""score"":17.472821983968146},""T3_high_proximity"":{""value"":0.6768660176170607,""score"":0},""T4_rs_1m"":{""value"":-0.17494719205615272,""score"":0},""T5_rs_3m"":{""value"":-0.2850221819559734,""score"":0},""T6_adr_healthy"":{""value"":7.024625344963684,""score"":100.0},""_score"":8.49},""geometry"":{""sub_pole_impulse"":3.6,""sub_flag_tightness"":0,""sub_flag_shallowness"":0,""sub_flag_drift"":51.1,""sub_flag_duration"":12.5,""_score"":10.0},""compression"":{""VC1_atr_ratio"":{""value"":0.4834305789220206,""score"":100},""VC2_range_contraction"":{""value"":1.1886754601051923,""score"":0},""VC3_range_pct_rank"":{""score"":90.0},""_score"":62.5},""sr_quality"":{""SR1_touches"":{""value"":2,""score"":25.0},""SR2_tightness"":{""value"":0.21000000000000085,""score"":68.66184645360013},""SR3_recency"":{""value"":44,""score"":76.66666666666667},""SR4_price_location"":{""score"":9.937888198757722},""SR5_reaction"":{""value"":1.5519847470597954,""score"":77.59923735298977},""_score"":43.42,""_levels_found"":6,""_target_level"":17.5},""volume"":{""V1_rvol_day"":{""value"":0.8482055717565823,""score"":23.21370478377215},""V2_rvol_sameslot"":{""value"":0.515092738465504,""score"":1.0061825643669309,""status"":""ok""},""V3_breakout_bar"":{""value"":0.4305217918748154,""score"":0},""V4_base_dryup"":{""value"":0.8479978787894671,""score"":65.20021212105328},""V5_bo_expansion"":{""value"":0.8482055717565823,""score"":0},""_score"":17.88},""readiness"":{""_distance_atr"":2.992,""BR1_atr_distance"":{""score"":0},""BR2_compression"":{""score"":72.8456459930289},""BR3_retest"":{""score"":50.0},""BR4_bo_age"":{""score"":50.0},""_score"":35.71},""risk"":{""R1_stop_clarity"":{""score"":67.96793019650133},""R2_stop_distance_pct"":{""value"":3.4565068493150672,""score"":100.0},""R3_stop_distance_atr"":{""value"":0.3765428377902528,""score"":43.827141889512646},""R4_rr_potential"":{""value"":11.45348261171109,""score"":100.0},""_score"":80.36},""market"":{""M1_spy_regime"":{""score"":100.0},""M3_earnings_risk"":{""value"":null,""score"":80.0},""M4_vix"":{""value"":null,""score"":60.0},""_score"":84.0},""liquidity"":{""L1_price"":{""value"":14.6,""score"":100.0},""L2_dollar_vol"":{""value"":22068937.8403868,""score"":67.18907157163171},""L3_spread_proxy"":{""value"":0.03904109589041098,""score"":60.95890410958902},""L4_volume_zscore"":{""value"":-0.3396601727593423,""score"":100.0},""_score"":82.97},""pattern_structure"":{""pole_low"":16.84,""pole_low_idx"":30,""peak_price"":18.61,""peak_idx"":32,""pole_gain"":0.1051068883610451,""flag_bars"":27,""flag_low"":14.31,""flag_high"":18.47,""structural_low"":14.31,""current_price"":14.61,""neckline_distance_pct"":0.2737850787132101,""base_bars"":27},""pattern_geometry_features"":{""pole_gain"":0.1051068883610451,""pullback_pct"":0.23105857066093494,""flag_range_pct"":0.2235357334766254,""flag_drift_per_bar"":-0.00978869408027519,""atr_pct"":0.09179584637964777,""pole_atr_multiple"":1.1450070183605665},""_schema_version"":""1.0""}",,,,,,,,,,
20260519T210226Z-93bc42,2026-05-19T21:02:26.159542+00:00,HNRG,breakout_retest_hold,invalidated,0.0,63.9,0.0,51.7,40.7,0.0,0.0,0.0,84.0,75.6,0.0,0.0,0.0,0.0,0.0,0.0,0.0,0.0,0.0,False,,18.01,17.9,18.117,,"{""_source"":""active_monitor"",""_prior_state"":""retest_hold"",""_schema_version"":""1.0""}",active_monitor_event,,,,,,,,,
