run_id,asof,ticker,pattern,pattern_state,final_score,trend,geometry,compression,sr_quality,volume,readiness,risk,market,liquidity,comp_trend,comp_geometry,comp_compression,comp_sr,comp_volume,comp_readiness,comp_risk,comp_market,comp_liquidity,veto_triggered,veto_reasons,price,trigger,invalid_below,measured_move_target,features_json,note,ret_1h,ret_eod,ret_1d,ret_3d,ret_5d,max_dd_5d,max_fav_5d,touched_invalid_5d,post_hoc_tag
20260610T172453Z-e22c49,2026-06-10T17:24:53.606196+00:00,MGNI,breakout_retest_hold,retest_hold,68.59,87.2,99.1,48.8,64.8,9.7,64.9,60.0,84.0,80.9,12.22,21.8,2.93,9.07,1.26,11.69,3.0,4.2,2.43,False,,15.635,15.445,15.0975,15.835,"{""trend"":{""T1_ema_stack"":{""value"":[true,true,false],""score"":66.66666666666666},""T2_ema50_slope"":{""value"":0.1924626595429397,""score"":82.07710992382329},""T3_high_proximity"":{""value"":0.9889310562934851,""score"":94.46552814674253},""T4_rs_1m"":{""value"":0.18227264445202307,""score"":100},""T5_rs_3m"":{""value"":0.12087900048429656,""score"":100},""T6_adr_healthy"":{""value"":4.907263926015927,""score"":100.0},""_score"":87.25},""geometry"":{""sub_retest_depth"":100.0,""sub_retest_timing"":100.0,""sub_retest_freshness"":100.0,""sub_hold_quality"":96.9,""_score"":99.07},""compression"":{""VC1_atr_ratio"":{""value"":0.6597200973568782,""score"":85.06997566078044},""VC2_range_contraction"":{""value"":1.0239545443493938,""score"":0},""VC3_range_pct_rank"":{""score"":59.166666666666664},""_score"":48.82},""sr_quality"":{""SR1_touches"":{""value"":4,""score"":75.0},""SR2_tightness"":{""value"":0.20830776959825603,""score"":45.18268109556144},""SR3_recency"":{""value"":232,""score"":0.0},""SR4_price_location"":{""score"":86.28718145774009},""SR5_reaction"":{""value"":1.861791712483905,""score"":93.08958562419525},""_score"":64.81,""_levels_found"":5,""_target_level"":15.8313},""volume"":{""V1_rvol_day"":{""value"":0.48534589735177003,""score"":0},""V2_rvol_sameslot"":{""value"":0.8384021116479636,""score"":22.56014077653091,""status"":""ok""},""V3_breakout_bar"":{""value"":0.5947054468330147,""score"":6.313696455534316},""V4_base_dryup"":{""value"":1.318109727995369,""score"":18.189027200463087},""V5_bo_expansion"":{""value"":0.48534589735177003,""score"":0},""_score"":9.73},""readiness"":{""_distance_atr"":-0.25,""BR1_atr_distance"":{""score"":100.0},""BR2_compression"":{""score"":0},""BR3_retest"":{""score"":87.17117320325936},""BR4_bo_age"":{""score"":50},""_score"":64.93},""risk"":{""R1_stop_clarity"":{""score"":59.86879822558063},""R2_stop_distance_pct"":{""value"":3.437799808122799,""score"":100.0},""R3_stop_distance_atr"":{""value"":0.7072301952049317,""score"":60.36150976024659},""R4_rr_potential"":{""value"":0.37209302325581617,""score"":0.0},""_score"":60.01},""market"":{""M1_spy_regime"":{""score"":100.0},""M3_earnings_risk"":{""value"":null,""score"":80.0},""M4_vix"":{""value"":null,""score"":60.0},""_score"":84.0},""liquidity"":{""L1_price"":{""value"":15.635,""score"":100.0},""L2_dollar_vol"":{""value"":18075005.569074027,""score"":62.853921988833946},""L3_spread_proxy"":{""value"":0.04285257435241445,""score"":57.14742564758555},""L4_volume_zscore"":{""value"":-1.505561248404959,""score"":100.0},""_score"":80.86},""pattern_structure"":{""level"":15.445,""level_idx"":55,""breakout_idx"":71,""bo_peak_idx"":75,""bo_peak_price"":15.965,""retest_idx"":77,""retest_low"":15.25,""structural_low"":15.25,""current_price"":15.725,""neckline_distance_pct"":-0.01780604133545306,""base_bars"":24,""bars_since_breakout"":8},""pattern_geometry_features"":{""retest_depth_atr"":0.7137814730567107,""bars_breakout_to_retest"":6.0,""bars_since_retest"":2.0,""current_above_level_atr"":1.0249169869532218,""bo_peak_excess_pct"":0.03366785367432824,""atr_pct"":0.04860934716067432},""_schema_version"":""1.0""}",,,,,,,,,,
20260610T172453Z-e22c49,2026-06-10T17:24:53.606196+00:00,APH,double_bottom,candidate,65.53,86.1,78.6,40.9,73.4,18.0,44.8,62.7,84.0,94.0,12.92,19.66,3.27,10.27,2.33,3.58,3.76,5.04,4.7,False,,151.45,154.92,142.037,165.64,"{""trend"":{""T1_ema_stack"":{""value"":[true,true,true],""score"":100.0},""T2_ema50_slope"":{""value"":0.041511815630303366,""score"":56.91863593838389},""T3_high_proximity"":{""value"":0.982994742649445,""score"":91.49737132472247},""T4_rs_1m"":{""value"":0.24949289816885223,""score"":100},""T5_rs_3m"":{""value"":0.04664327432788462,""score"":73.32163716394231},""T6_adr_healthy"":{""value"":4.180185173980504,""score"":100.0},""_score"":86.11},""geometry"":{""sub_low_similarity"":85.9,""sub_bounce_quality"":63.3,""sub_separation_fit"":40.0,""sub_right_bottom_reaction"":94.6,""sub_base_context"":100.0,""_score"":78.62},""compression"":{""VC1_atr_ratio"":{""value"":0.620577749429981,""score"":94.85556264250474},""VC2_range_contraction"":{""value"":1.0875518120595602,""score"":0},""VC3_range_pct_rank"":{""score"":11.66666666666667},""_score"":40.86},""sr_quality"":{""SR1_touches"":{""value"":5,""score"":100},""SR2_tightness"":{""value"":1.4909434334004792,""score"":58.932794378559606},""SR3_recency"":{""value"":230,""score"":0.0},""SR4_price_location"":{""score"":78.20582060757599},""SR5_reaction"":{""value"":2.2241007969197444,""score"":100},""_score"":73.39,""_levels_found"":4,""_target_level"":154.525},""volume"":{""V1_rvol_day"":{""value"":0.553565669883463,""score"":3.571044658897534},""V2_rvol_sameslot"":{""value"":1.071124797898194,""score"":38.07498652654626,""status"":""ok""},""V3_breakout_bar"":{""value"":0.6889668799393439,""score"":12.597791995956262},""V4_base_dryup"":{""value"":1.1759260567516316,""score"":32.40739432483683},""V5_bo_expansion"":{""value"":0.553565669883463,""score"":0},""_score"":17.96},""readiness"":{""_distance_atr"":0.478,""BR1_atr_distance"":{""score"":68.14026154759765},""BR2_compression"":{""score"":0},""BR3_retest"":{""score"":50.0},""BR4_bo_age"":{""score"":50.0},""_score"":44.76},""risk"":{""R1_stop_clarity"":{""score"":40.42137094592507},""R2_stop_distance_pct"":{""value"":6.215252558600206,""score"":100.0},""R3_stop_distance_atr"":{""value"":1.2963791846648294,""score"":89.81895923324147},""R4_rr_potential"":{""value"":1.5074896419844876,""score"":25.374482099224384},""_score"":62.7},""market"":{""M1_spy_regime"":{""score"":100.0},""M3_earnings_risk"":{""value"":null,""score"":80.0},""M4_vix"":{""value"":null,""score"":60.0},""_score"":84.0},""liquidity"":{""L1_price"":{""value"":151.45,""score"":100.0},""L2_dollar_vol"":{""value"":895894523.1244138,""score"":100.0},""L3_spread_proxy"":{""value"":0.05962363816441071,""score"":40.37636183558929},""L4_volume_zscore"":{""value"":-1.4240044113134467,""score"":100.0},""_score"":94.04},""pattern_structure"":{""left_low"":144.2,""left_idx"":35,""right_low"":145.22,""right_idx"":74,""separation_bars"":39,""structural_low"":144.2,""current_price"":151.955,""neckline_distance_pct"":0.019512355631601294,""base_bars"":39},""pattern_geometry_features"":{""low_similarity_pct"":0.007048579918457676,""bounce_pct"":0.07434119278779473,""right_bottom_reaction"":0.9456264775413734,""atr_pct"":0.047943168419563295},""_schema_version"":""1.0""}",,,,,,,,,,
20260610T172453Z-e22c49,2026-06-10T17:24:53.606196+00:00,HQY,breakout_retest_hold,retest_hold,65.49,83.0,100.0,56.0,41.6,11.8,64.5,56.9,84.0,82.9,11.63,22.0,3.36,5.82,1.53,11.61,2.84,4.2,2.49,False,,89.41,88.96,86.9913,91.14,"{""trend"":{""T1_ema_stack"":{""value"":[true,true,false],""score"":66.66666666666666},""T2_ema50_slope"":{""value"":0.16450481534799086,""score"":77.41746922466514},""T3_high_proximity"":{""value"":0.9864298323036187,""score"":93.21491615180932},""T4_rs_1m"":{""value"":0.10790332358715715,""score"":100},""T5_rs_3m"":{""value"":0.05892189129413006,""score"":79.46094564706503},""T6_adr_healthy"":{""value"":3.8677251957746113,""score"":100.0},""_score"":83.05},""geometry"":{""sub_retest_depth"":100.0,""sub_retest_timing"":100.0,""sub_retest_freshness"":100.0,""sub_hold_quality"":100.0,""_score"":100.0},""compression"":{""VC1_atr_ratio"":{""value"":0.5777416049093519,""score"":100},""VC2_range_contraction"":{""value"":1.5509415054598497,""score"":0},""VC3_range_pct_rank"":{""score"":64.16666666666666},""_score"":56.04},""sr_quality"":{""SR1_touches"":{""value"":2,""score"":25.0},""SR2_tightness"":{""value"":0.41449999999999676,""score"":77.26092723535918},""SR3_recency"":{""value"":260,""score"":0.0},""SR4_price_location"":{""score"":30.0},""SR5_reaction"":{""value"":3.066757575935691,""score"":100},""_score"":41.59,""_levels_found"":4,""_target_level"":88.3855},""volume"":{""V1_rvol_day"":{""value"":0.20568213304308366,""score"":0},""V2_rvol_sameslot"":{""value"":0.6413425693121378,""score"":9.422837954142523,""status"":""ok""},""V3_breakout_bar"":{""value"":0.7691726723547163,""score"":17.944844823647756},""V4_base_dryup"":{""value"":1.2292935524070618,""score"":27.070644759293813},""V5_bo_expansion"":{""value"":0.20568213304308364,""score"":0},""_score"":11.78},""readiness"":{""_distance_atr"":-0.123,""BR1_atr_distance"":{""score"":100.0},""BR2_compression"":{""score"":0},""BR3_retest"":{""score"":85.05091114990444},""BR4_bo_age"":{""score"":50},""_score"":64.51},""risk"":{""R1_stop_clarity"":{""score"":51.79536010062743},""R2_stop_distance_pct"":{""value"":2.7051783916787686,""score"":100.0},""R3_stop_distance_atr"":{""value"":0.6634378202151616,""score"":58.17189101075808},""R4_rr_potential"":{""value"":0.7152602637780563,""score"":0.0},""_score"":56.85},""market"":{""M1_spy_regime"":{""score"":100.0},""M3_earnings_risk"":{""value"":null,""score"":80.0},""M4_vix"":{""value"":null,""score"":60.0},""_score"":84.0},""liquidity"":{""L1_price"":{""value"":89.41,""score"":100.0},""L2_dollar_vol"":{""value"":19051821.63242768,""score"":63.99682534464657},""L3_spread_proxy"":{""value"":0.026730790739290914,""score"":73.26920926070909},""L4_volume_zscore"":{""value"":-1.6500092405416737,""score"":100.0},""_score"":82.93},""pattern_structure"":{""level"":88.96,""level_idx"":63,""breakout_idx"":71,""bo_peak_idx"":71,""bo_peak_price"":90.61,""retest_idx"":77,""retest_low"":87.87,""structural_low"":87.87,""current_price"":89.45,""neckline_distance_pct"":-0.005477920626048173,""base_bars"":16,""bars_since_breakout"":8},""pattern_geometry_features"":{""retest_depth_atr"":0.9877022653721592,""bars_breakout_to_retest"":6.0,""bars_since_retest"":2.0,""current_above_level_atr"":0.4440129449838273,""bo_peak_excess_pct"":0.018547661870503662,""atr_pct"":0.04077516097592151},""_schema_version"":""1.0""}",,,,,,,,,,
20260610T172453Z-e22c49,2026-06-10T17:24:53.606196+00:00,MGNI,double_bottom,retest_hold,63.77,87.2,79.8,48.8,64.8,9.5,57.5,47.3,84.0,80.9,13.09,19.95,3.91,9.07,1.23,4.6,2.84,5.04,4.04,False,,15.635,15.525,14.1151,16.72,"{""trend"":{""T1_ema_stack"":{""value"":[true,true,false],""score"":66.66666666666666},""T2_ema50_slope"":{""value"":0.1924626595429397,""score"":82.07710992382329},""T3_high_proximity"":{""value"":0.9889310562934851,""score"":94.46552814674253},""T4_rs_1m"":{""value"":0.18227264445202307,""score"":100},""T5_rs_3m"":{""value"":0.12087900048429656,""score"":100},""T6_adr_healthy"":{""value"":4.907263926015927,""score"":100.0},""_score"":87.25},""geometry"":{""sub_low_similarity"":72.3,""sub_bounce_quality"":76.3,""sub_separation_fit"":73.3,""sub_right_bottom_reaction"":79.2,""sub_base_context"":100.0,""_score"":79.82},""compression"":{""VC1_atr_ratio"":{""value"":0.6597200973568782,""score"":85.06997566078044},""VC2_range_contraction"":{""value"":1.0239545443493938,""score"":0},""VC3_range_pct_rank"":{""score"":59.166666666666664},""_score"":48.82},""sr_quality"":{""SR1_touches"":{""value"":4,""score"":75.0},""SR2_tightness"":{""value"":0.20830776959825603,""score"":45.18268109556144},""SR3_recency"":{""value"":232,""score"":0.0},""SR4_price_location"":{""score"":86.28718145774009},""SR5_reaction"":{""value"":1.861791712483905,""score"":93.08958562419525},""_score"":64.81,""_levels_found"":5,""_target_level"":15.8313},""volume"":{""V1_rvol_day"":{""value"":0.48534589735177003,""score"":0},""V2_rvol_sameslot"":{""value"":0.8384021116479636,""score"":22.56014077653091,""status"":""ok""},""V3_breakout_bar"":{""value"":0.5947054468330147,""score"":6.313696455534316},""V4_base_dryup"":{""value"":1.3311874049802106,""score"":16.881259501978946},""V5_bo_expansion"":{""value"":0.48534589735177003,""score"":0},""_score"":9.47},""readiness"":{""_distance_atr"":-0.145,""BR1_atr_distance"":{""score"":100.0},""BR2_compression"":{""score"":0},""BR3_retest"":{""score"":50.0},""BR4_bo_age"":{""score"":50.0},""_score"":57.5},""risk"":{""R1_stop_clarity"":{""score"":43.434742154679014},""R2_stop_distance_pct"":{""value"":9.721458266709304,""score"":56.963543332267406},""R3_stop_distance_atr"":{""value"":1.999915414328812,""score"":100.0},""R4_rr_potential"":{""value"":0.7138392710286517,""score"":0.0},""_score"":47.29},""market"":{""M1_spy_regime"":{""score"":100.0},""M3_earnings_risk"":{""value"":null,""score"":80.0},""M4_vix"":{""value"":null,""score"":60.0},""_score"":84.0},""liquidity"":{""L1_price"":{""value"":15.635,""score"":100.0},""L2_dollar_vol"":{""value"":18075005.569074027,""score"":62.853921988833946},""L3_spread_proxy"":{""value"":0.04285257435241445,""score"":57.14742564758555},""L4_volume_zscore"":{""value"":-1.505561248404959,""score"":100.0},""_score"":80.86},""pattern_structure"":{""left_low"":14.33,""left_idx"":35,""right_low"":14.53,""right_idx"":69,""separation_bars"":34,""structural_low"":14.33,""current_price"":15.725,""neckline_distance_pct"":-0.012718600953895027,""base_bars"":34},""pattern_geometry_features"":{""low_similarity_pct"":0.013860013860013811,""bounce_pct"":0.08339148639218424,""right_bottom_reaction"":0.7916666666666654,""atr_pct"":0.04860934716067432},""_schema_version"":""1.0""}",,,,,,,,,,
20260610T172453Z-e22c49,2026-06-10T17:24:53.606196+00:00,VICR,double_bottom,candidate,62.49,56.0,95.1,44.4,43.7,23.5,38.1,83.3,84.0,90.0,8.39,23.78,3.55,6.12,3.06,3.05,5.0,5.04,4.5,False,,275.425,296.4399,255.0264,333.9698,"{""trend"":{""T1_ema_stack"":{""value"":[false,true,true],""score"":66.66666666666666},""T2_ema50_slope"":{""value"":0.8690018893021284,""score"":100},""T3_high_proximity"":{""value"":0.7963942863752025,""score"":0},""T4_rs_1m"":{""value"":-0.10707193546470883,""score"":0},""T5_rs_3m"":{""value"":0.4611056094535113,""score"":100},""T6_adr_healthy"":{""value"":8.573929487659981,""score"":85.65176280850046},""_score"":55.95},""geometry"":{""sub_low_similarity"":89.4,""sub_bounce_quality"":100,""sub_separation_fit"":93.3,""sub_right_bottom_reaction"":95.4,""sub_base_context"":100.0,""_score"":95.12},""compression"":{""VC1_atr_ratio"":{""value"":0.4612163412179521,""score"":100},""VC2_range_contraction"":{""value"":0.9817142507832703,""score"":3.047624869454942},""VC3_range_pct_rank"":{""score"":13.33333333333333},""_score"":44.4},""sr_quality"":{""SR1_touches"":{""value"":2,""score"":25.0},""SR2_tightness"":{""value"":1.25,""score"":91.34009333894825},""SR3_recency"":{""value"":240,""score"":0.0},""SR4_price_location"":{""score"":30.0},""SR5_reaction"":{""value"":3.089335102263601,""score"":100},""_score"":43.7,""_levels_found"":5,""_target_level"":232.25},""volume"":{""V1_rvol_day"":{""value"":0.5199937531652722,""score"":1.3329168776848124},""V2_rvol_sameslot"":{""value"":1.0023875733974459,""score"":33.49250489316306,""status"":""ok""},""V3_breakout_bar"":{""value"":0.6176855896741928,""score"":7.845705978279523},""V4_base_dryup"":{""value"":0.7700171506192962,""score"":72.99828493807038},""V5_bo_expansion"":{""value"":0.5199937531652722,""score"":0},""_score"":23.53},""readiness"":{""_distance_atr"":0.728,""BR1_atr_distance"":{""score"":51.470114002310275},""BR2_compression"":{""score"":0},""BR3_retest"":{""score"":50.0},""BR4_bo_age"":{""score"":50.0},""_score"":38.09},""risk"":{""R1_stop_clarity"":{""score"":73.09436279664499},""R2_stop_distance_pct"":{""value"":7.4062448942543355,""score"":100.0},""R3_stop_distance_atr"":{""value"":0.7066016200458531,""score"":60.33008100229266},""R4_rr_potential"":{""value"":2.8700330659136757,""score"":93.50165329568378},""_score"":83.33},""market"":{""M1_spy_regime"":{""score"":100.0},""M3_earnings_risk"":{""value"":null,""score"":80.0},""M4_vix"":{""value"":null,""score"":60.0},""_score"":84.0},""liquidity"":{""L1_price"":{""value"":275.425,""score"":100.0},""L2_dollar_vol"":{""value"":118994057.07942848,""score"":100.0},""L3_spread_proxy"":{""value"":0.11654715439774901,""score"":0},""L4_volume_zscore"":{""value"":-1.3163225816562936,""score"":100.0},""_score"":90.0},""pattern_structure"":{""left_low"":260.28,""left_idx"":65,""right_low"":258.91,""right_idx"":74,""separation_bars"":9,""structural_low"":258.91,""current_price"":271.82,""neckline_distance_pct"":0.0905742770951366,""base_bars"":9},""pattern_geometry_features"":{""low_similarity_pct"":0.005277451414703471,""bounce_pct"":0.1449534587308331,""right_bottom_reaction"":0.9543057996485027,""atr_pct"":0.10481500019450458},""_schema_version"":""1.0""}",,,,,,,,,,
20260610T172453Z-e22c49,2026-06-10T17:24:53.606196+00:00,AGYS,double_bottom,candidate,62.38,90.4,78.5,54.2,54.9,3.6,54.1,58.6,84.0,76.4,13.56,19.64,4.34,7.68,0.47,4.32,3.52,5.04,3.82,False,,92.0,92.58,85.8821,97.97,"{""trend"":{""T1_ema_stack"":{""value"":[true,true,false],""score"":66.66666666666666},""T2_ema50_slope"":{""value"":0.39046985393720085,""score"":100},""T3_high_proximity"":{""value"":0.9834313201496526,""score"":91.71566007482629},""T4_rs_1m"":{""value"":0.3444599879200998,""score"":100},""T5_rs_3m"":{""value"":0.1899212636965124,""score"":100},""T6_adr_healthy"":{""value"":5.997161564127307,""score"":100.0},""_score"":90.42},""geometry"":{""sub_low_similarity"":81.5,""sub_bounce_quality"":45.5,""sub_separation_fit"":80.0,""sub_right_bottom_reaction"":86.6,""sub_base_context"":100.0,""_score"":78.54},""compression"":{""VC1_atr_ratio"":{""value"":0.5697160891942021,""score"":100},""VC2_range_contraction"":{""value"":0.8851030559292529,""score"":19.149490678457855},""VC3_range_pct_rank"":{""score"":30.000000000000004},""_score"":54.2},""sr_quality"":{""SR1_touches"":{""value"":2,""score"":25.0},""SR2_tightness"":{""value"":0.4799999999999969,""score"":78.6363166720978},""SR3_recency"":{""value"":232,""score"":0.0},""SR4_price_location"":{""score"":82.24117875145409},""SR5_reaction"":{""value"":3.3124836076648565,""score"":100},""_score"":54.86,""_levels_found"":7,""_target_level"":94.29},""volume"":{""V1_rvol_day"":{""value"":0.26625711152669324,""score"":0},""V2_rvol_sameslot"":{""value"":0.3708771514798488,""score"":0,""status"":""ok""},""V3_breakout_bar"":{""value"":0.6156968188459204,""score"":7.713121256394695},""V4_base_dryup"":{""value"":1.4174092582811573,""score"":8.25907417188428},""V5_bo_expansion"":{""value"":0.2662571115266932,""score"":0},""_score"":3.58},""readiness"":{""_distance_atr"":0.129,""BR1_atr_distance"":{""score"":91.39518310403936},""BR2_compression"":{""score"":0},""BR3_retest"":{""score"":50.0},""BR4_bo_age"":{""score"":50.0},""_score"":54.06},""risk"":{""R1_stop_clarity"":{""score"":41.79063908250601},""R2_stop_distance_pct"":{""value"":6.649836956521744,""score"":100.0},""R3_stop_distance_atr"":{""value"":1.361456354662577,""score"":93.07281773312886},""R4_rr_potential"":{""value"":0.9758330132317717,""score"":0.0},""_score"":58.59},""market"":{""M1_spy_regime"":{""score"":100.0},""M3_earnings_risk"":{""value"":null,""score"":80.0},""M4_vix"":{""value"":null,""score"":60.0},""_score"":84.0},""liquidity"":{""L1_price"":{""value"":92.0,""score"":100.0},""L2_dollar_vol"":{""value"":12100099.837716,""score"":54.13944768437733},""L3_spread_proxy"":{""value"":0.05277826086956532,""score"":47.22173913043468},""L4_volume_zscore"":{""value"":-0.63744164454049,""score"":100.0},""_score"":76.38},""pattern_structure"":{""left_low"":88.0,""left_idx"":41,""right_low"":87.19,""right_idx"":74,""separation_bars"":33,""structural_low"":87.19,""current_price"":92.47,""neckline_distance_pct"":0.0011895749972964144,""base_bars"":33},""pattern_geometry_features"":{""low_similarity_pct"":0.009247103145156713,""bounce_pct"":0.061819015942195216,""right_bottom_reaction"":0.8661087866108815,""atr_pct"":0.048843555900621116},""_schema_version"":""1.0""}",,,,,,,,,,
20260610T172453Z-e22c49,2026-06-10T17:24:53.606196+00:00,COHU,double_bottom,candidate,61.72,95.9,88.5,25.8,38.4,11.0,28.9,80.5,84.0,83.7,14.38,22.12,2.06,5.37,1.42,2.31,4.83,5.04,4.18,False,,54.41,58.47,50.2351,65.9399,"{""trend"":{""T1_ema_stack"":{""value"":[true,true,true],""score"":100.0},""T2_ema50_slope"":{""value"":0.6274475886538925,""score"":100},""T3_high_proximity"":{""value"":0.9447820802222607,""score"":72.39104011113035},""T4_rs_1m"":{""value"":0.07390096104317578,""score"":100},""T5_rs_3m"":{""value"":0.820746249248429,""score"":100},""T6_adr_healthy"":{""value"":6.063957128736021,""score"":100.0},""_score"":95.86},""geometry"":{""sub_low_similarity"":95.7,""sub_bounce_quality"":100,""sub_separation_fit"":40.0,""sub_right_bottom_reaction"":91.7,""sub_base_context"":100.0,""_score"":88.47},""compression"":{""VC1_atr_ratio"":{""value"":0.7752976918584054,""score"":56.17557703539866},""VC2_range_contraction"":{""value"":1.2290632062331648,""score"":0},""VC3_range_pct_rank"":{""score"":13.33333333333333},""_score"":25.8},""sr_quality"":{""SR1_touches"":{""value"":2,""score"":25.0},""SR2_tightness"":{""value"":0.8100500000000004,""score"":57.13178704809712},""SR3_recency"":{""value"":228,""score"":0.0},""SR4_price_location"":{""score"":30.0},""SR5_reaction"":{""value"":1.9765524592890498,""score"":98.82762296445249},""_score"":38.39,""_levels_found"":5,""_target_level"":50.19},""volume"":{""V1_rvol_day"":{""value"":0.38030024752616504,""score"":0},""V2_rvol_sameslot"":{""value"":1.0785821142735312,""score"":38.57214095156875,""status"":""ok""},""V3_breakout_bar"":{""value"":0.694435185726914,""score"":12.962345715127599},""V4_base_dryup"":{""value"":2.412920753245463,""score"":0},""V5_bo_expansion"":{""value"":0.38030024752616504,""score"":0},""_score"":10.96},""readiness"":{""_distance_atr"":1.074,""BR1_atr_distance"":{""score"":28.38098694124818},""BR2_compression"":{""score"":0},""BR3_retest"":{""score"":50.0},""BR4_bo_age"":{""score"":50.0},""_score"":28.85},""risk"":{""R1_stop_clarity"":{""score"":59.51577407502589},""R2_stop_distance_pct"":{""value"":7.673040801323282,""score"":100.0},""R3_stop_distance_atr"":{""value"":1.1046883930326434,""score"":80.23441965163217},""R4_rr_potential"":{""value"":2.7617178513073917,""score"":88.08589256536959},""_score"":80.48},""market"":{""M1_spy_regime"":{""score"":100.0},""M3_earnings_risk"":{""value"":null,""score"":80.0},""M4_vix"":{""value"":null,""score"":60.0},""_score"":84.0},""liquidity"":{""L1_price"":{""value"":54.41,""score"":100.0},""L2_dollar_vol"":{""value"":32950059.53173406,""score"":75.89281017909664},""L3_spread_proxy"":{""value"":0.06708141885682783,""score"":32.91858114317216},""L4_volume_zscore"":{""value"":-1.0765534228920322,""score"":100.0},""_score"":83.65},""pattern_structure"":{""left_low"":51.0001,""left_idx"":35,""right_low"":51.11,""right_idx"":74,""separation_bars"":39,""structural_low"":51.0001,""current_price"":54.675,""neckline_distance_pct"":0.06941015089163241,""base_bars"":39},""pattern_geometry_features"":{""low_similarity_pct"":0.0021525784422891784,""bounce_pct"":0.14646834025815625,""right_bottom_reaction"":0.9171374764595108,""atr_pct"":0.06945887048074148},""_schema_version"":""1.0""}",,,,,,,,,,
20260610T172453Z-e22c49,2026-06-10T17:24:53.606196+00:00,NVT,base_on_base,candidate,60.87,62.8,75.1,41.2,39.9,58.9,17.5,74.0,84.0,92.6,11.3,18.78,4.12,3.99,7.07,1.4,3.7,5.88,4.63,False,,155.47,178.0,149.917,211.989,"{""trend"":{""T1_ema_stack"":{""value"":[false,true,true],""score"":66.66666666666666},""T2_ema50_slope"":{""value"":0.5231613930037236,""score"":100},""T3_high_proximity"":{""value"":0.8813991722886786,""score"":40.69958614433927},""T4_rs_1m"":{""value"":-0.09048730806853322,""score"":0},""T5_rs_3m"":{""value"":0.32045165067693504,""score"":100},""T6_adr_healthy"":{""value"":4.37384384486552,""score"":100.0},""_score"":62.77},""geometry"":{""sub_shallower_second"":76.1,""sub_second_base_depth"":100.0,""sub_rim_advance"":100,""sub_dry_up"":35.5,""sub_second_base_duration"":60.0,""_score"":75.12},""compression"":{""VC1_atr_ratio"":{""value"":0.5628101355910238,""score"":100},""VC2_range_contraction"":{""value"":1.3171225704727498,""score"":0},""VC3_range_pct_rank"":{""score"":5.000000000000004},""_score"":41.25},""sr_quality"":{""SR1_touches"":{""value"":2,""score"":25.0},""SR2_tightness"":{""value"":2.005499999999998,""score"":50.01593323352074},""SR3_recency"":{""value"":236,""score"":0.0},""SR4_price_location"":{""score"":53.502471536863425},""SR5_reaction"":{""value"":1.5377172572051148,""score"":76.88586286025574},""_score"":39.91,""_levels_found"":7,""_target_level"":172.9945},""volume"":{""V1_rvol_day"":{""value"":0.5381924437911407,""score"":2.546162919409382},""V2_rvol_sameslot"":{""value"":2.427378134786091,""score"":100,""status"":""ok""},""V3_breakout_bar"":{""value"":1.8597708363689194,""score"":90.6513890912613},""V4_base_dryup"":{""value"":0.7142902618345354,""score"":78.57097381654646},""V5_bo_expansion"":{""value"":0.5381924437911408,""score"":0},""_score"":58.89},""readiness"":{""_distance_atr"":2.808,""BR1_atr_distance"":{""score"":0},""BR2_compression"":{""score"":0},""BR3_retest"":{""score"":50.0},""BR4_bo_age"":{""score"":50.0},""_score"":17.5},""risk"":{""R1_stop_clarity"":{""score"":43.099663710858614},""R2_stop_distance_pct"":{""value"":3.5717501768830164,""score"":100.0},""R3_stop_distance_atr"":{""value"":0.6920008046728021,""score"":59.60004023364011},""R4_rr_potential"":{""value"":10.178101926886322,""score"":100.0},""_score"":74.02},""market"":{""M1_spy_regime"":{""score"":100.0},""M3_earnings_risk"":{""value"":null,""score"":80.0},""M4_vix"":{""value"":null,""score"":60.0},""_score"":84.0},""liquidity"":{""L1_price"":{""value"":155.47,""score"":100.0},""L2_dollar_vol"":{""value"":152935226.18405646,""score"":100.0},""L3_spread_proxy"":{""value"":0.07429085997298522,""score"":25.709140027014783},""L4_volume_zscore"":{""value"":-1.9379951777231184,""score"":100.0},""_score"":92.57},""pattern_structure"":{""first_base_low"":111.32,""first_base_top"":145.309,""first_base_bars"":20,""second_base_low"":152.2,""second_base_top"":178.0,""second_base_bars"":15,""structural_low"":152.2,""stacking_overlap_pct"":-0.04742307771714065,""current_price"":155.47,""neckline_distance_pct"":0.1449154177654853,""base_bars"":15},""pattern_geometry_features"":{""first_base_depth_pct"":0.23390842962239095,""second_base_depth_pct"":0.14494382022471916,""second_dry_up_ratio"":0.82245758965626,""rim_advance_pct"":0.22497574135118956,""atr_pct"":0.05161482693032189},""_schema_version"":""1.0""}",,,,,,,,,,
20260610T172453Z-e22c49,2026-06-10T17:24:53.606196+00:00,MGNI,inverse_head_shoulders,retest_hold,60.77,87.2,70.2,48.8,64.8,20.6,57.5,32.1,84.0,80.9,10.47,19.67,3.91,9.07,2.88,4.6,1.93,4.2,4.04,False,,15.635,15.445,13.79,16.89,"{""trend"":{""T1_ema_stack"":{""value"":[true,true,false],""score"":66.66666666666666},""T2_ema50_slope"":{""value"":0.1924626595429397,""score"":82.07710992382329},""T3_high_proximity"":{""value"":0.9889310562934851,""score"":94.46552814674253},""T4_rs_1m"":{""value"":0.18227264445202307,""score"":100},""T5_rs_3m"":{""value"":0.12087900048429656,""score"":100},""T6_adr_healthy"":{""value"":4.907263926015927,""score"":100.0},""_score"":87.25},""geometry"":{""sub_head_depth"":67.3,""sub_shoulder_price_sym"":94.0,""sub_shoulder_time_sym"":60.0,""sub_right_shoulder_reaction"":22.9,""sub_base_context"":100.0,""_score"":70.24},""compression"":{""VC1_atr_ratio"":{""value"":0.6597200973568782,""score"":85.06997566078044},""VC2_range_contraction"":{""value"":1.0239545443493938,""score"":0},""VC3_range_pct_rank"":{""score"":59.166666666666664},""_score"":48.82},""sr_quality"":{""SR1_touches"":{""value"":4,""score"":75.0},""SR2_tightness"":{""value"":0.20830776959825603,""score"":45.18268109556144},""SR3_recency"":{""value"":232,""score"":0.0},""SR4_price_location"":{""score"":86.28718145774009},""SR5_reaction"":{""value"":1.861791712483905,""score"":93.08958562419525},""_score"":64.81,""_levels_found"":5,""_target_level"":15.8313},""volume"":{""V1_rvol_day"":{""value"":0.48534589735177003,""score"":0},""V2_rvol_sameslot"":{""value"":0.8384021116479636,""score"":22.56014077653091,""status"":""ok""},""V3_breakout_bar"":{""value"":0.5947054468330147,""score"":6.313696455534316},""V4_base_dryup"":{""value"":0.7764018530809534,""score"":72.35981469190466},""V5_bo_expansion"":{""value"":0.48534589735177003,""score"":0},""_score"":20.56},""readiness"":{""_distance_atr"":-0.25,""BR1_atr_distance"":{""score"":100.0},""BR2_compression"":{""score"":0},""BR3_retest"":{""score"":50.0},""BR4_bo_age"":{""score"":50.0},""_score"":57.5},""risk"":{""R1_stop_clarity"":{""score"":44.73736149096321},""R2_stop_distance_pct"":{""value"":11.800447713463386,""score"":4.988807163415343},""R3_stop_distance_atr"":{""value"":2.4276087630755354,""score"":100.0},""R4_rr_potential"":{""value"":0.6802168021680218,""score"":0.0},""_score"":32.15},""market"":{""M1_spy_regime"":{""score"":100.0},""M3_earnings_risk"":{""value"":null,""score"":80.0},""M4_vix"":{""value"":null,""score"":60.0},""_score"":84.0},""liquidity"":{""L1_price"":{""value"":15.635,""score"":100.0},""L2_dollar_vol"":{""value"":18075005.569074027,""score"":62.853921988833946},""L3_spread_proxy"":{""value"":0.04285257435241445,""score"":57.14742564758555},""L4_volume_zscore"":{""value"":-1.505561248404959,""score"":100.0},""_score"":80.86},""pattern_structure"":{""left_shoulder"":14.73,""left_shoulder_idx"":61,""head"":14.0,""head_idx"":69,""right_shoulder"":14.66,""right_shoulder_idx"":79,""left_to_head_bars"":8,""head_to_right_bars"":10,""structural_low"":14.0,""current_price"":15.725,""neckline_distance_pct"":-0.01780604133545306,""base_bars"":18},""pattern_geometry_features"":{""head_depth_pct"":0.047294998298741085,""shoulder_price_asymmetry"":0.004763525008506314,""shoulder_time_asymmetry"":0.2,""right_shoulder_reaction"":0.22916666666666527,""atr_pct"":0.04860934716067432},""_schema_version"":""1.0""}",,,,,,,,,,
20260610T172453Z-e22c49,2026-06-10T17:24:53.606196+00:00,BELFB,double_bottom,candidate,60.22,71.9,79.9,45.2,64.8,2.3,33.7,72.4,84.0,87.9,10.79,19.98,3.62,9.07,0.3,2.7,4.34,5.04,4.4,False,,278.09,291.8,256.5186,323.175,"{""trend"":{""T1_ema_stack"":{""value"":[true,true,true],""score"":100.0},""T2_ema50_slope"":{""value"":0.24017178590082822,""score"":90.02863098347137},""T3_high_proximity"":{""value"":0.9186073398738148,""score"":59.30366993690739},""T4_rs_1m"":{""value"":-0.06852914058066917,""score"":0},""T5_rs_3m"":{""value"":0.3053490258577465,""score"":100},""T6_adr_healthy"":{""value"":5.530465129530137,""score"":100.0},""_score"":71.9},""geometry"":{""sub_low_similarity"":79.7,""sub_bounce_quality"":100,""sub_separation_fit"":6.7,""sub_right_bottom_reaction"":100,""sub_base_context"":100.0,""_score"":79.91},""compression"":{""VC1_atr_ratio"":{""value"":0.4513187823476967,""score"":100},""VC2_range_contraction"":{""value"":1.0765184236288905,""score"":0},""VC3_range_pct_rank"":{""score"":20.833333333333336},""_score"":45.21},""sr_quality"":{""SR1_touches"":{""value"":4,""score"":75.0},""SR2_tightness"":{""value"":3.502759733677852,""score"":54.463697372499055},""SR3_recency"":{""value"":230,""score"":0.0},""SR4_price_location"":{""score"":80.69435674611232},""SR5_reaction"":{""value"":1.857957885177354,""score"":92.8978942588677},""_score"":64.78,""_levels_found"":7,""_target_level"":282.1488},""volume"":{""V1_rvol_day"":{""value"":0.504178165232314,""score"":0.2785443488209305},""V2_rvol_sameslot"":{""value"":0.4134719633083066,""score"":0,""status"":""ok""},""V3_breakout_bar"":{""value"":0.3313879376287838,""score"":0},""V4_base_dryup"":{""value"":1.3885068385743908,""score"":11.14931614256092},""V5_bo_expansion"":{""value"":0.5041781652323138,""score"":0},""_score"":2.29},""readiness"":{""_distance_atr"":0.891,""BR1_atr_distance"":{""score"":40.589444086940944},""BR2_compression"":{""score"":0},""BR3_retest"":{""score"":50.0},""BR4_bo_age"":{""score"":50.0},""_score"":33.74},""risk"":{""R1_stop_clarity"":{""score"":49.216649812937206},""R2_stop_distance_pct"":{""value"":7.756976158797508,""score"":100.0},""R3_stop_distance_atr"":{""value"":1.4021524951412039,""score"":95.1076247570602},""R4_rr_potential"":{""value"":2.0900383030752585,""score"":54.50191515376292},""_score"":72.39},""market"":{""M1_spy_regime"":{""score"":100.0},""M3_earnings_risk"":{""value"":null,""score"":80.0},""M4_vix"":{""value"":null,""score"":60.0},""_score"":84.0},""liquidity"":{""L1_price"":{""value"":278.09,""score"":100.0},""L2_dollar_vol"":{""value"":49681607.38117198,""score"":84.80978192030273},""L3_spread_proxy"":{""value"":0.060232298896040856,""score"":39.76770110395914},""L4_volume_zscore"":{""value"":-0.8624407932620299,""score"":100.0},""_score"":87.9},""pattern_structure"":{""left_low"":263.08,""left_idx"":30,""right_low"":260.425,""right_idx"":74,""separation_bars"":44,""structural_low"":260.425,""current_price"":278.17,""neckline_distance_pct"":0.04899881367509075,""base_bars"":44},""pattern_geometry_features"":{""low_similarity_pct"":0.010143169597233924,""bounce_pct"":0.12047614476336757,""right_bottom_reaction"":1.0,""atr_pct"":0.05532191531004865},""_schema_version"":""1.0""}",,,,,,,,,,
20260610T172453Z-e22c49,2026-06-10T17:24:53.606196+00:00,ALOY,double_bottom,candidate,60.09,56.6,92.2,12.5,63.4,27.5,36.4,53.4,84.0,78.5,8.49,23.06,1.0,8.88,3.57,2.91,3.21,5.04,3.93,False,,13.3769,14.67,11.7708,17.3899,"{""trend"":{""T1_ema_stack"":{""value"":[true,true,false],""score"":66.66666666666666},""T2_ema50_slope"":{""value"":-0.04782754705614322,""score"":42.028742157309466},""T3_high_proximity"":{""value"":0.940707805907173,""score"":70.35390295358646},""T4_rs_1m"":{""value"":0.4420157631352597,""score"":100},""T5_rs_3m"":{""value"":-0.28610619782465363,""score"":0},""T6_adr_healthy"":{""value"":11.236649052586776,""score"":19.083773685330605},""_score"":56.58},""geometry"":{""sub_low_similarity"":75.1,""sub_bounce_quality"":100,""sub_separation_fit"":100.0,""sub_right_bottom_reaction"":98.1,""sub_base_context"":100.0,""_score"":92.25},""compression"":{""VC1_atr_ratio"":{""value"":1.0055938093636083,""score"":0},""VC2_range_contraction"":{""value"":1.7286256867382994,""score"":0},""VC3_range_pct_rank"":{""score"":50.0},""_score"":12.5},""sr_quality"":{""SR1_touches"":{""value"":2,""score"":25.0},""SR2_tightness"":{""value"":0.34999999999999964,""score"":57.17363469110395},""SR3_recency"":{""value"":40,""score"":83.33333333333334},""SR4_price_location"":{""score"":79.4577537473842},""SR5_reaction"":{""value"":2.616690920373551,""score"":100},""_score"":63.44,""_levels_found"":3,""_target_level"":14.1},""volume"":{""V1_rvol_day"":{""value"":0.8736437213634944,""score"":24.90958142423296},""V2_rvol_sameslot"":{""value"":1.7612836111629366,""score"":84.08557407752912,""status"":""ok""},""V3_breakout_bar"":{""value"":0.8408206929289844,""score"":22.721379528598963},""V4_base_dryup"":{""value"":1.697773857419346,""score"":0},""V5_bo_expansion"":{""value"":0.8736437213634947,""score"":0},""_score"":27.48},""readiness"":{""_distance_atr"":0.791,""BR1_atr_distance"":{""score"":47.256883901219695},""BR2_compression"":{""score"":0},""BR3_retest"":{""score"":50.0},""BR4_bo_age"":{""score"":50.0},""_score"":36.4},""risk"":{""R1_stop_clarity"":{""score"":78.06659936809268},""R2_stop_distance_pct"":{""value"":12.005925902668519,""score"":0.0},""R3_stop_distance_atr"":{""value"":0.9825692760159239,""score"":74.1284638007962},""R4_rr_potential"":{""value"":2.4987507911655946,""score"":74.93753955827972},""_score"":53.43},""market"":{""M1_spy_regime"":{""score"":100.0},""M3_earnings_risk"":{""value"":null,""score"":80.0},""M4_vix"":{""value"":null,""score"":60.0},""_score"":84.0},""liquidity"":{""L1_price"":{""value"":13.376865,""score"":100.0},""L2_dollar_vol"":{""value"":26601421.978351295,""score"":71.24524262261596},""L3_spread_proxy"":{""value"":0.14315760830358976,""score"":0},""L4_volume_zscore"":{""value"":-0.2546744441341581,""score"":100.0},""_score"":78.5},""pattern_structure"":{""left_low"":12.1,""left_idx"":59,""right_low"":11.9501,""right_idx"":74,""separation_bars"":15,""structural_low"":11.9501,""current_price"":13.455,""neckline_distance_pct"":0.0903010033444816,""base_bars"":15},""pattern_geometry_features"":{""low_similarity_pct"":0.01246564463349415,""bounce_pct"":0.2276047899180759,""right_bottom_reaction"":0.9811285148141162,""atr_pct"":0.12218910356478463},""_schema_version"":""1.0""}",,,,,,,,,,
20260610T172453Z-e22c49,2026-06-10T17:24:53.606196+00:00,FRMI,double_bottom,setup,59.7,42.5,86.1,45.5,74.2,26.9,29.1,40.3,84.0,89.6,6.37,21.54,3.64,10.39,3.5,2.33,2.42,5.04,4.48,False,,6.8301,5.935,5.2599,6.53,"{""trend"":{""T1_ema_stack"":{""value"":[true,false,false],""score"":33.33333333333333},""T2_ema50_slope"":{""value"":-0.047043043368368946,""score"":42.15949277193851},""T3_high_proximity"":{""value"":0.8432222222222222,""score"":21.611111111111082},""T4_rs_1m"":{""value"":0.28476296088629804,""score"":100},""T5_rs_3m"":{""value"":-0.29171284144112064,""score"":0},""T6_adr_healthy"":{""value"":10.04711373479494,""score"":48.82215663012648},""_score"":42.45},""geometry"":{""sub_low_similarity"":62.9,""sub_bounce_quality"":100,""sub_separation_fit"":100.0,""sub_right_bottom_reaction"":81.8,""sub_base_context"":100.0,""_score"":86.14},""compression"":{""VC1_atr_ratio"":{""value"":0.5362301138078028,""score"":100},""VC2_range_contraction"":{""value"":0.912340052480418,""score"":14.60999125326366},""VC3_range_pct_rank"":{""score"":1.6666666666666718},""_score"":45.53},""sr_quality"":{""SR1_touches"":{""value"":4,""score"":75.0},""SR2_tightness"":{""value"":0.09908960591303216,""score"":65.63735149531963},""SR3_recency"":{""value"":63,""score"":45.0},""SR4_price_location"":{""score"":80.38915470494416},""SR5_reaction"":{""value"":3.7105843303361334,""score"":100},""_score"":74.19,""_levels_found"":7,""_target_level"":7.1375},""volume"":{""V1_rvol_day"":{""value"":1.1516799934759612,""score"":43.44533289839741},""V2_rvol_sameslot"":{""value"":0.438914749994654,""score"":0,""status"":""ok""},""V3_breakout_bar"":{""value"":0.5477475202915666,""score"":3.183168019437773},""V4_base_dryup"":{""value"":0.7026703292048373,""score"":79.73296707951627},""V5_bo_expansion"":{""value"":1.151679993475961,""score"":10.111999565064062},""_score"":26.95},""readiness"":{""_distance_atr"":-1.552,""BR1_atr_distance"":{""score"":28.959401550618004},""BR2_compression"":{""score"":0},""BR3_retest"":{""score"":50.0},""BR4_bo_age"":{""score"":50.0},""_score"":29.08},""risk"":{""R1_stop_clarity"":{""score"":72.22263505982022},""R2_stop_distance_pct"":{""value"":22.98941450344797,""score"":0.0},""R3_stop_distance_atr"":{""value"":2.7225979044363533,""score"":100.0},""R4_rr_potential"":{""value"":-0.19112215004458064,""score"":0.0},""_score"":40.28},""market"":{""M1_spy_regime"":{""score"":100.0},""M3_earnings_risk"":{""value"":null,""score"":80.0},""M4_vix"":{""value"":null,""score"":60.0},""_score"":84.0},""liquidity"":{""L1_price"":{""value"":6.8301,""score"":98.41505000000001},""L2_dollar_vol"":{""value"":128913308.31941079,""score"":100.0},""L3_spread_proxy"":{""value"":0.20424298326525228,""score"":0},""L4_volume_zscore"":{""value"":0.2461326021293847,""score"":100.0},""_score"":89.6},""pattern_structure"":{""left_low"":5.34,""left_idx"":63,""right_low"":5.44,""right_idx"":74,""separation_bars"":11,""structural_low"":5.34,""current_price"":5.845,""neckline_distance_pct"":0.01539777587681777,""base_bars"":11},""pattern_geometry_features"":{""low_similarity_pct"":0.018552875695732936,""bounce_pct"":0.11142322097378272,""right_bottom_reaction"":0.8179999999999972,""atr_pct"":0.0844392573210599},""_schema_version"":""1.0""}",,,,,,,,,,
20260610T172453Z-e22c49,2026-06-10T17:24:53.606196+00:00,ASX,double_bottom,forming,59.46,68.3,80.5,15.9,47.2,30.5,32.3,81.7,84.0,94.5,10.24,20.12,1.27,6.6,3.97,2.58,4.9,5.04,4.72,False,,34.48,36.935,32.239,41.14,"{""trend"":{""T1_ema_stack"":{""value"":[false,true,true],""score"":66.66666666666666},""T2_ema50_slope"":{""value"":0.7544596233812313,""score"":100},""T3_high_proximity"":{""value"":0.8492610837438422,""score"":24.630541871921096},""T4_rs_1m"":{""value"":-0.010365942210857959,""score"":39.63405778914204},""T5_rs_3m"":{""value"":0.4953849701994253,""score"":100},""T6_adr_healthy"":{""value"":4.720326055779787,""score"":100.0},""_score"":68.29},""geometry"":{""sub_low_similarity"":41.4,""sub_bounce_quality"":100,""sub_separation_fit"":100.0,""sub_right_bottom_reaction"":87.0,""sub_base_context"":100.0,""_score"":80.47},""compression"":{""VC1_atr_ratio"":{""value"":0.8637759422882317,""score"":34.05601442794207},""VC2_range_contraction"":{""value"":1.4628847071642397,""score"":0},""VC3_range_pct_rank"":{""score"":9.166666666666668},""_score"":15.91},""sr_quality"":{""SR1_touches"":{""value"":2,""score"":25.0},""SR2_tightness"":{""value"":0.6050000000000004,""score"":53.4499009367726},""SR3_recency"":{""value"":232,""score"":0.0},""SR4_price_location"":{""score"":72.45778611632267},""SR5_reaction"":{""value"":1.8032777425125521,""score"":90.16388712562761},""_score"":47.16,""_levels_found"":7,""_target_level"":36.315},""volume"":{""V1_rvol_day"":{""value"":0.6934218855723111,""score"":12.894792371487407},""V2_rvol_sameslot"":{""value"":1.8217175540283255,""score"":88.11450360188836,""status"":""ok""},""V3_breakout_bar"":{""value"":0.7434388155563754,""score"":16.229254370425025},""V4_base_dryup"":{""value"":1.1860511980696216,""score"":31.39488019303785},""V5_bo_expansion"":{""value"":0.6934218855723109,""score"":0},""_score"":30.54},""readiness"":{""_distance_atr"":0.944,""BR1_atr_distance"":{""score"":37.03554093651601},""BR2_compression"":{""score"":0},""BR3_retest"":{""score"":50.0},""BR4_bo_age"":{""score"":50.0},""_score"":32.31},""risk"":{""R1_stop_clarity"":{""score"":62.22517167753491},""R2_stop_distance_pct"":{""value"":6.499274941995354,""score"":100.0},""R3_stop_distance_atr"":{""value"":0.8621193759978452,""score"":68.10596879989225},""R4_rr_potential"":{""value"":2.971953858854511,""score"":98.59769294272556},""_score"":81.71},""market"":{""M1_spy_regime"":{""score"":100.0},""M3_earnings_risk"":{""value"":null,""score"":80.0},""M4_vix"":{""value"":null,""score"":60.0},""_score"":84.0},""liquidity"":{""L1_price"":{""value"":34.48,""score"":100.0},""L2_dollar_vol"":{""value"":247682498.2842907,""score"":100.0},""L3_spread_proxy"":{""value"":0.05510440835266838,""score"":44.89559164733162},""L4_volume_zscore"":{""value"":-0.8204326963861913,""score"":100.0},""_score"":94.49},""pattern_structure"":{""left_low"":33.704,""left_idx"":64,""right_low"":32.73,""right_idx"":74,""separation_bars"":10,""structural_low"":32.73,""current_price"":34.67,""neckline_distance_pct"":0.06533025670608597,""base_bars"":10},""pattern_geometry_features"":{""low_similarity_pct"":0.029322334948972024,""bounce_pct"":0.12847540482737568,""right_bottom_reaction"":0.8703703703703702,""atr_pct"":0.07538718097447794},""_schema_version"":""1.0""}",,,,,,,,,,
20260610T172453Z-e22c49,2026-06-10T17:24:53.606196+00:00,APP,vcp,forming,59.42,70.6,52.1,61.1,68.4,28.9,50.5,62.6,84.0,96.2,10.59,13.03,7.34,8.2,3.75,3.53,3.13,5.04,4.81,False,,499.955,515.39,454.085,574.75,"{""trend"":{""T1_ema_stack"":{""value"":[false,true,true],""score"":66.66666666666666},""T2_ema50_slope"":{""value"":0.520809459164584,""score"":100},""T3_high_proximity"":{""value"":0.8146569985334853,""score"":7.328499266742616},""T4_rs_1m"":{""value"":0.05787626984859684,""score"":100},""T5_rs_3m"":{""value"":0.004399239791355702,""score"":52.19961989567785},""T6_adr_healthy"":{""value"":6.552815771867547,""score"":100.0},""_score"":70.6},""geometry"":{""sub_contraction_count"":100.0,""sub_reduction_rate"":26.7,""sub_pivot_tightness"":0,""sub_volume_dryup"":26.9,""sub_base_depth"":64.1,""sub_base_duration"":100.0,""_score"":52.12},""compression"":{""VC1_atr_ratio"":{""value"":0.501075893214711,""score"":100},""VC2_range_contraction"":{""value"":0.9984479222492237,""score"":0.2586796251293766},""VC3_range_pct_rank"":{""score"":84.16666666666667},""_score"":61.13},""sr_quality"":{""SR1_touches"":{""value"":5,""score"":100},""SR2_tightness"":{""value"":9.683416347632685,""score"":49.48635859564179},""SR3_recency"":{""value"":241,""score"":0.0},""SR4_price_location"":{""score"":73.77161227192283},""SR5_reaction"":{""value"":1.6652660709039258,""score"":83.2633035451963},""_score"":68.36,""_levels_found"":5,""_target_level"":509.894},""volume"":{""V1_rvol_day"":{""value"":0.5186203679725258,""score"":1.24135786483505},""V2_rvol_sameslot"":{""value"":0.9789585441632779,""score"":31.93056961088519,""status"":""ok""},""V3_breakout_bar"":{""value"":0.8693812627174424,""score"":24.625417514496164},""V4_base_dryup"":{""value"":0.696949797864967,""score"":80.3050202135033},""V5_bo_expansion"":{""value"":0.5186203679725258,""score"":0},""_score"":28.85},""readiness"":{""_distance_atr"":0.403,""BR1_atr_distance"":{""score"":73.16105435361568},""BR2_compression"":{""score"":14.90553998394691},""BR3_retest"":{""score"":50.0},""BR4_bo_age"":{""score"":50.0},""_score"":50.49},""risk"":{""R1_stop_clarity"":{""score"":63.927831070019806},""R2_stop_distance_pct"":{""value"":9.17482573431609,""score"":70.62935664209773},""R3_stop_distance_atr"":{""value"":1.196406644120164,""score"":84.8203322060082},""R4_rr_potential"":{""value"":1.630586439938958,""score"":31.5293219969479},""_score"":62.59},""market"":{""M1_spy_regime"":{""score"":100.0},""M3_earnings_risk"":{""value"":null,""score"":80.0},""M4_vix"":{""value"":null,""score"":60.0},""_score"":84.0},""liquidity"":{""L1_price"":{""value"":499.955,""score"":100.0},""L2_dollar_vol"":{""value"":1213064743.757853,""score"":100.0},""L3_spread_proxy"":{""value"":0.03814343290896179,""score"":61.85656709103821},""L4_volume_zscore"":{""value"":-1.4799797432832418,""score"":100.0},""_score"":96.19},""pattern_structure"":{""n_contractions"":5,""contractions_pct"":[20.06,22.49,18.88,12.55,10.55],""descending_strict"":false,""final_low"":461.0,""final_pivot"":515.39,""structural_low"":461.0,""dry_up_ratio"":0.8652832054106536,""current_price"":499.955,""neckline_distance_pct"":0.03087277855006951,""base_bars"":51},""pattern_geometry_features"":{""contraction_count"":5.0,""first_contraction_pct"":0.20055346298716276,""last_contraction_pct"":0.1055317332505481,""dry_up_ratio"":0.8652832054106536,""near_monotone"":0.0,""base_depth_pct"":0.11407487124298565},""_schema_version"":""1.0""}",,,,,,,,,,
20260610T172453Z-e22c49,2026-06-10T17:24:53.606196+00:00,QBTS,double_bottom,forming,59.36,66.6,72.0,45.9,55.7,15.5,40.6,82.3,84.0,93.2,9.99,18.01,3.67,7.8,2.01,3.25,4.94,5.04,4.66,False,,24.07,26.7299,22.0147,31.1098,"{""trend"":{""T1_ema_stack"":{""value"":[false,true,true],""score"":66.66666666666666},""T2_ema50_slope"":{""value"":0.8284635214191826,""score"":100},""T3_high_proximity"":{""value"":0.7986065029860651,""score"":0},""T4_rs_1m"":{""value"":0.014528105479764797,""score"":64.5281054797648},""T5_rs_3m"":{""value"":0.1938272430177983,""score"":100},""T6_adr_healthy"":{""value"":10.36474845159061,""score"":40.88128871023473},""_score"":66.62},""geometry"":{""sub_low_similarity"":18.0,""sub_bounce_quality"":100,""sub_separation_fit"":100.0,""sub_right_bottom_reaction"":77.5,""sub_base_context"":100.0,""_score"":72.03},""compression"":{""VC1_atr_ratio"":{""value"":0.689378769044859,""score"":77.65530773878527},""VC2_range_contraction"":{""value"":1.134441563055571,""score"":0},""VC3_range_pct_rank"":{""score"":59.166666666666664},""_score"":45.85},""sr_quality"":{""SR1_touches"":{""value"":2,""score"":25.0},""SR2_tightness"":{""value"":0.007500000000000284,""score"":99.55802686354815},""SR3_recency"":{""value"":246,""score"":0.0},""SR4_price_location"":{""score"":75.51952049623065},""SR5_reaction"":{""value"":1.9174267903068976,""score"":95.87133951534487},""_score"":55.69,""_levels_found"":4,""_target_level"":24.7725},""volume"":{""V1_rvol_day"":{""value"":0.3296714146981006,""score"":0},""V2_rvol_sameslot"":{""value"":0.5250552343024457,""score"":1.6703489534963811,""status"":""ok""},""V3_breakout_bar"":{""value"":0.542649366625389,""score"":2.8432911083592654},""V4_base_dryup"":{""value"":0.7790622148624767,""score"":72.09377851375233},""V5_bo_expansion"":{""value"":0.3296714146981005,""score"":0},""_score"":15.46},""readiness"":{""_distance_atr"":0.784,""BR1_atr_distance"":{""score"":47.75091797118897},""BR2_compression"":{""score"":15.87696519507259},""BR3_retest"":{""score"":50.0},""BR4_bo_age"":{""score"":50.0},""_score"":40.57},""risk"":{""R1_stop_clarity"":{""score"":80.24380080060266},""R2_stop_distance_pct"":{""value"":8.5386373078521,""score"":86.53406730369748},""R3_stop_distance_atr"":{""value"":0.6055768591284292,""score"":55.27884295642146},""R4_rr_potential"":{""value"":3.4252767303247764,""score"":100.0},""_score"":82.34},""market"":{""M1_spy_regime"":{""score"":100.0},""M3_earnings_risk"":{""value"":null,""score"":80.0},""M4_vix"":{""value"":null,""score"":60.0},""_score"":84.0},""liquidity"":{""L1_price"":{""value"":24.07,""score"":100.0},""L2_dollar_vol"":{""value"":349376172.03576654,""score"":100.0},""L3_spread_proxy"":{""value"":0.06790195263813874,""score"":32.09804736186126},""L4_volume_zscore"":{""value"":-0.9276707875662923,""score"":100.0},""_score"":93.21},""pattern_structure"":{""left_low"":23.285,""left_idx"":64,""right_low"":22.35,""right_idx"":74,""separation_bars"":10,""structural_low"":22.35,""current_price"":23.9301,""neckline_distance_pct"":0.11699909319225583,""base_bars"":10},""pattern_geometry_features"":{""low_similarity_pct"":0.04097732003944335,""bounce_pct"":0.19596868008948543,""right_bottom_reaction"":0.7752620914456883,""atr_pct"":0.1410000593507033},""_schema_version"":""1.0""}",,,,,,,,,,
20260610T172453Z-e22c49,2026-06-10T17:24:53.606196+00:00,AEVA,double_bottom,forming,58.9,72.0,81.2,48.6,42.4,14.2,33.6,75.2,84.0,77.4,10.81,20.3,3.89,5.94,1.85,2.69,4.51,5.04,3.87,False,,22.62,25.28,20.4584,29.79,"{""trend"":{""T1_ema_stack"":{""value"":[false,true,true],""score"":66.66666666666666},""T2_ema50_slope"":{""value"":1.247990538886379,""score"":100},""T3_high_proximity"":{""value"":0.7722772277227723,""score"":0},""T4_rs_1m"":{""value"":0.46939925682819483,""score"":100},""T5_rs_3m"":{""value"":0.2746361773348458,""score"":100},""T6_adr_healthy"":{""value"":11.694936657286041,""score"":7.626583567848977},""_score"":72.05},""geometry"":{""sub_low_similarity"":46.8,""sub_bounce_quality"":100,""sub_separation_fit"":100.0,""sub_right_bottom_reaction"":81.1,""sub_base_context"":100.0,""_score"":81.2},""compression"":{""VC1_atr_ratio"":{""value"":0.48573921702307754,""score"":100},""VC2_range_contraction"":{""value"":0.9455953633691362,""score"":9.067439438477303},""VC3_range_pct_rank"":{""score"":21.666666666666668},""_score"":48.59},""sr_quality"":{""SR1_touches"":{""value"":2,""score"":25.0},""SR2_tightness"":{""value"":0.23000000000000043,""score"":84.50380907922786},""SR3_recency"":{""value"":243,""score"":0.0},""SR4_price_location"":{""score"":30.0},""SR5_reaction"":{""value"":1.969026868085065,""score"":98.45134340425325},""_score"":42.44,""_levels_found"":4,""_target_level"":22.39},""volume"":{""V1_rvol_day"":{""value"":0.37959636217901543,""score"":0},""V2_rvol_sameslot"":{""value"":0.9693947439154116,""score"":31.29298292769411,""status"":""ok""},""V3_breakout_bar"":{""value"":0.9782916869750429,""score"":31.88611246500286},""V4_base_dryup"":{""value"":1.6914227922610763,""score"":0},""V5_bo_expansion"":{""value"":0.37959636217901543,""score"":0},""_score"":14.23},""readiness"":{""_distance_atr"":0.896,""BR1_atr_distance"":{""score"":40.261061088037955},""BR2_compression"":{""score"":0},""BR3_retest"":{""score"":50.0},""BR4_bo_age"":{""score"":50.0},""_score"":33.6},""risk"":{""R1_stop_clarity"":{""score"":79.00939877666714},""R2_stop_distance_pct"":{""value"":9.555923961096383,""score"":61.10190097259043},""R3_stop_distance_atr"":{""value"":0.7281693801042387,""score"":61.40846900521193},""R4_rr_potential"":{""value"":3.317064143785707,""score"":100.0},""_score"":75.2},""market"":{""M1_spy_regime"":{""score"":100.0},""M3_earnings_risk"":{""value"":null,""score"":80.0},""M4_vix"":{""value"":null,""score"":60.0},""_score"":84.0},""liquidity"":{""L1_price"":{""value"":22.62,""score"":100.0},""L2_dollar_vol"":{""value"":23550213.77473362,""score"":68.59974268739819},""L3_spread_proxy"":{""value"":0.12024756852343053,""score"":0},""L4_volume_zscore"":{""value"":-1.5532337535792182,""score"":100.0},""_score"":77.44},""pattern_structure"":{""left_low"":21.33,""left_idx"":53,""right_low"":20.77,""right_idx"":74,""separation_bars"":21,""structural_low"":20.77,""current_price"":23.15,""neckline_distance_pct"":0.0920086393088554,""base_bars"":21},""pattern_geometry_features"":{""low_similarity_pct"":0.026603325415676903,""bounce_pct"":0.21714010592200297,""right_bottom_reaction"":0.8111888111888115,""atr_pct"":0.13123215864595178},""_schema_version"":""1.0""}",,,,,,,,,,
20260610T172453Z-e22c49,2026-06-10T17:24:53.606196+00:00,PCTY,cup_with_handle,forming,57.76,63.8,69.7,63.4,46.1,26.6,22.1,72.7,84.0,84.7,8.93,20.92,5.07,5.53,3.46,1.77,3.64,4.2,4.23,False,,112.95,123.365,108.0841,151.095,"{""trend"":{""T1_ema_stack"":{""value"":[true,true,false],""score"":66.66666666666666},""T2_ema50_slope"":{""value"":0.11422346188639054,""score"":69.03724364773176},""T3_high_proximity"":{""value"":0.9221160911094783,""score"":61.05804555473915},""T4_rs_1m"":{""value"":0.04080308998599658,""score"":90.80308998599658},""T5_rs_3m"":{""value"":-0.08633903294370682,""score"":6.830483528146594},""T6_adr_healthy"":{""value"":4.255472042114268,""score"":100.0},""_score"":63.82},""geometry"":{""sub_cup_depth"":100.0,""sub_cup_duration"":100.0,""sub_rim_symmetry"":56.2,""sub_handle_shallowness"":7.9,""sub_handle_proportion"":100.0,""sub_u_shape"":79.3,""_score"":69.72},""compression"":{""VC1_atr_ratio"":{""value"":0.5670994120484634,""score"":100},""VC2_range_contraction"":{""value"":0.923766385306539,""score"":12.70560244891017},""VC3_range_pct_rank"":{""score"":75.83333333333333},""_score"":63.41},""sr_quality"":{""SR1_touches"":{""value"":2,""score"":25.0},""SR2_tightness"":{""value"":0.5949999999999989,""score"":75.74776511142784},""SR3_recency"":{""value"":247,""score"":0.0},""SR4_price_location"":{""score"":48.93407674647439},""SR5_reaction"":{""value"":2.4129852812516845,""score"":100},""_score"":46.1,""_levels_found"":6,""_target_level"":115.545},""volume"":{""V1_rvol_day"":{""value"":0.3186426157537215,""score"":0},""V2_rvol_sameslot"":{""value"":0.9085624440988911,""score"":27.237496273259403,""status"":""ok""},""V3_breakout_bar"":{""value"":0.9128018064451923,""score"":27.520120429679483},""V4_base_dryup"":{""value"":0.785087555075344,""score"":71.4912444924656},""V5_bo_expansion"":{""value"":0.3186426157537215,""score"":0},""_score"":26.63},""readiness"":{""_distance_atr"":2.123,""BR1_atr_distance"":{""score"":0},""BR2_compression"":{""score"":18.447497749857565},""BR3_retest"":{""score"":50.0},""BR4_bo_age"":{""score"":50.0},""_score"":22.11},""risk"":{""R1_stop_clarity"":{""score"":32.910981487654794},""R2_stop_distance_pct"":{""value"":4.3080566622399274,""score"":100.0},""R3_stop_distance_atr"":{""value"":0.9916820366054442,""score"":74.5841018302722},""R4_rr_potential"":{""value"":7.839168096671773,""score"":100.0},""_score"":72.71},""market"":{""M1_spy_regime"":{""score"":100.0},""M3_earnings_risk"":{""value"":null,""score"":80.0},""M4_vix"":{""value"":null,""score"":60.0},""_score"":84.0},""liquidity"":{""L1_price"":{""value"":112.95,""score"":100.0},""L2_dollar_vol"":{""value"":23359532.320983153,""score"":68.42320717790523},""L3_spread_proxy"":{""value"":0.026958831341301476,""score"":73.04116865869852},""L4_volume_zscore"":{""value"":-1.9114634636887322,""score"":100.0},""_score"":84.67},""pattern_structure"":{""left_rim"":120.72,""left_rim_idx"":114,""cup_bottom"":92.99,""cup_bottom_idx"":137,""right_rim"":123.365,""right_rim_idx"":172,""handle_low"":109.73,""handle_bars"":7,""cup_bars"":58,""structural_low"":109.73,""current_price"":112.95,""neckline_distance_pct"":0.09220894200973875,""base_bars"":65},""pattern_geometry_features"":{""cup_depth_pct"":0.22970510271703118,""rim_symmetry_pct"":0.02191020543406226,""handle_depth_pct"":0.11052567583998696,""handle_to_cup_ratio"":0.1206896551724138,""cup_duration_bars"":58.0,""atr_pct"":0.04344191488016187,""u_shape_score"":0.39655172413793105},""_schema_version"":""1.0""}",,,,,,,,,,
20260610T172453Z-e22c49,2026-06-10T17:24:53.606196+00:00,MGNI,cup_with_handle,retest_hold,57.7,87.2,54.4,48.8,64.8,18.1,57.5,45.6,84.0,80.9,12.22,16.33,3.91,7.78,2.35,4.6,2.28,4.2,4.04,False,,15.635,15.525,13.79,19.955,"{""trend"":{""T1_ema_stack"":{""value"":[true,true,false],""score"":66.66666666666666},""T2_ema50_slope"":{""value"":0.1924626595429397,""score"":82.07710992382329},""T3_high_proximity"":{""value"":0.9889310562934851,""score"":94.46552814674253},""T4_rs_1m"":{""value"":0.18227264445202307,""score"":100},""T5_rs_3m"":{""value"":0.12087900048429656,""score"":100},""T6_adr_healthy"":{""value"":4.907263926015927,""score"":100.0},""_score"":87.25},""geometry"":{""sub_cup_depth"":89.5,""sub_cup_duration"":0.0,""sub_rim_symmetry"":63.9,""sub_handle_shallowness"":18.1,""sub_handle_proportion"":80.4,""sub_u_shape"":80.6,""_score"":54.43},""compression"":{""VC1_atr_ratio"":{""value"":0.6597200973568782,""score"":85.06997566078044},""VC2_range_contraction"":{""value"":1.0239545443493938,""score"":0},""VC3_range_pct_rank"":{""score"":59.166666666666664},""_score"":48.82},""sr_quality"":{""SR1_touches"":{""value"":4,""score"":75.0},""SR2_tightness"":{""value"":0.20830776959825603,""score"":45.18268109556144},""SR3_recency"":{""value"":232,""score"":0.0},""SR4_price_location"":{""score"":86.28718145774009},""SR5_reaction"":{""value"":1.861791712483905,""score"":93.08958562419525},""_score"":64.81,""_levels_found"":5,""_target_level"":15.8313},""volume"":{""V1_rvol_day"":{""value"":0.48534589735177003,""score"":0},""V2_rvol_sameslot"":{""value"":0.8384021116479636,""score"":22.56014077653091,""status"":""ok""},""V3_breakout_bar"":{""value"":0.5947054468330147,""score"":6.313696455534316},""V4_base_dryup"":{""value"":0.8998595172436725,""score"":60.014048275632746},""V5_bo_expansion"":{""value"":0.48534589735177003,""score"":0},""_score"":18.09},""readiness"":{""_distance_atr"":-0.145,""BR1_atr_distance"":{""score"":100.0},""BR2_compression"":{""score"":0},""BR3_retest"":{""score"":50.0},""BR4_bo_age"":{""score"":50.0},""_score"":57.5},""risk"":{""R1_stop_clarity"":{""score"":44.73736149096321},""R2_stop_distance_pct"":{""value"":11.800447713463386,""score"":4.988807163415343},""R3_stop_distance_atr"":{""value"":2.4276087630755354,""score"":100.0},""R4_rr_potential"":{""value"":2.341463414634145,""score"":67.07317073170725},""_score"":45.57},""market"":{""M1_spy_regime"":{""score"":100.0},""M3_earnings_risk"":{""value"":null,""score"":80.0},""M4_vix"":{""value"":null,""score"":60.0},""_score"":84.0},""liquidity"":{""L1_price"":{""value"":15.635,""score"":100.0},""L2_dollar_vol"":{""value"":18075005.569074027,""score"":62.853921988833946},""L3_spread_proxy"":{""value"":0.04285257435241445,""score"":57.14742564758555},""L4_volume_zscore"":{""value"":-1.505561248404959,""score"":100.0},""_score"":80.86},""pattern_structure"":{""left_rim"":15.25,""left_rim_idx"":48,""cup_bottom"":10.82,""cup_bottom_idx"":98,""right_rim"":15.525,""right_rim_idx"":172,""handle_low"":14.0,""handle_bars"":7,""cup_bars"":124,""structural_low"":14.0,""current_price"":15.635,""neckline_distance_pct"":-0.007035497281739651,""base_bars"":131},""pattern_geometry_features"":{""cup_depth_pct"":0.2904918032786885,""rim_symmetry_pct"":0.018032786885245924,""handle_depth_pct"":0.09822866344605477,""handle_to_cup_ratio"":0.056451612903225805,""cup_duration_bars"":124.0,""atr_pct"":0.04860934716067432,""u_shape_score"":0.4032258064516129},""_schema_version"":""1.0""}",,,,,,,,,,
20260610T172453Z-e22c49,2026-06-10T17:24:53.606196+00:00,GENI,high_tight_pullback,forming,57.65,91.5,70.0,24.8,47.3,13.3,48.0,79.0,84.0,77.7,10.98,24.5,2.48,3.78,1.87,4.32,0.79,5.04,3.88,False,,6.8943,7.105,6.5305,8.51,"{""trend"":{""T1_ema_stack"":{""value"":[true,true,false],""score"":66.66666666666666},""T2_ema50_slope"":{""value"":0.29621033156392484,""score"":99.36838859398748},""T3_high_proximity"":{""value"":1.0,""score"":99.99999999999997},""T4_rs_1m"":{""value"":0.5761968528788495,""score"":100},""T5_rs_3m"":{""value"":0.24423789616722513,""score"":100},""T6_adr_healthy"":{""value"":7.610544627217394,""score"":100.0},""_score"":91.54},""geometry"":{""sub_pole_impulse"":73.4,""sub_flag_tightness"":55.3,""sub_flag_shallowness"":45.8,""sub_flag_drift"":100,""sub_flag_duration"":100.0,""_score"":70.0},""compression"":{""VC1_atr_ratio"":{""value"":0.833238732373232,""score"":41.690316906692004},""VC2_range_contraction"":{""value"":1.0142408821389952,""score"":0},""VC3_range_pct_rank"":{""score"":32.49999999999999},""_score"":24.8},""sr_quality"":{""SR1_touches"":{""value"":3,""score"":50.0},""SR2_tightness"":{""value"":0.07494442385305695,""score"":65.2920299721205},""SR3_recency"":{""value"":286,""score"":0.0},""SR4_price_location"":{""score"":30.0},""SR5_reaction"":{""value"":2.1148969015326937,""score"":100},""_score"":47.29,""_levels_found"":4,""_target_level"":5.635},""volume"":{""V1_rvol_day"":{""value"":0.36653536860783975,""score"":0},""V2_rvol_sameslot"":{""value"":0.6928710542622146,""score"":12.85807028414764,""status"":""ok""},""V3_breakout_bar"":{""value"":0.39522524988046676,""score"":0},""V4_base_dryup"":{""value"":0.9608354746790243,""score"":53.91645253209757},""V5_bo_expansion"":{""value"":0.36653536860783975,""score"":0},""_score"":13.35},""readiness"":{""_distance_atr"":0.488,""BR1_atr_distance"":{""score"":67.47381188664681},""BR2_compression"":{""score"":14.026383305158838},""BR3_retest"":{""score"":50.0},""BR4_bo_age"":{""score"":50.0},""_score"":48.0},""risk"":{""R1_stop_clarity"":{""score"":53.943102877935814},""R2_stop_distance_pct"":{""value"":5.276097645881387,""score"":100.0},""R3_stop_distance_atr"":{""value"":0.8422924247436331,""score"":67.11462123718167},""R4_rr_potential"":{""value"":4.441786941580753,""score"":100.0},""_score"":78.95},""market"":{""M1_spy_regime"":{""score"":100.0},""M3_earnings_risk"":{""value"":null,""score"":80.0},""M4_vix"":{""value"":null,""score"":60.0},""_score"":84.0},""liquidity"":{""L1_price"":{""value"":6.8943,""score"":98.44715000000001},""L2_dollar_vol"":{""value"":16700503.498956261,""score"":61.1364782385829},""L3_spread_proxy"":{""value"":0.0638208375034448,""score"":36.17916249655519},""L4_volume_zscore"":{""value"":-1.8255940218519537,""score"":100.0},""_score"":77.68},""pattern_structure"":{""pole_low"":5.7,""pole_low_idx"":30,""peak_price"":7.105,""peak_idx"":51,""pole_gain"":0.24649122807017548,""flag_bars"":8,""flag_low"":6.63,""flag_high"":7.1,""structural_low"":6.63,""current_price"":6.975,""neckline_distance_pct"":0.01863799283154133,""base_bars"":8},""pattern_geometry_features"":{""pole_gain"":0.24649122807017548,""pullback_pct"":0.06685432793807185,""flag_range_pct"":0.06615059817030257,""flag_drift_per_bar"":0.006647892131763023,""atr_pct"":0.0626397375886084,""pole_atr_multiple"":3.9350616327454433},""_schema_version"":""1.0""}",,,,,,,,,,
20260610T172453Z-e22c49,2026-06-10T17:24:53.606196+00:00,PCTY,double_bottom,forming,57.57,63.8,70.5,63.4,46.1,25.1,22.1,75.8,84.0,84.7,9.57,17.62,5.07,6.45,3.26,1.77,4.55,5.04,4.23,False,,112.95,123.365,106.2815,138.83,"{""trend"":{""T1_ema_stack"":{""value"":[true,true,false],""score"":66.66666666666666},""T2_ema50_slope"":{""value"":0.11422346188639054,""score"":69.03724364773176},""T3_high_proximity"":{""value"":0.9221160911094783,""score"":61.05804555473915},""T4_rs_1m"":{""value"":0.04080308998599658,""score"":90.80308998599658},""T5_rs_3m"":{""value"":-0.08633903294370682,""score"":6.830483528146594},""T6_adr_healthy"":{""value"":4.255472042114268,""score"":100.0},""_score"":63.82},""geometry"":{""sub_low_similarity"":66.4,""sub_bounce_quality"":100,""sub_separation_fit"":0.0,""sub_right_bottom_reaction"":70.4,""sub_base_context"":100.0,""_score"":70.48},""compression"":{""VC1_atr_ratio"":{""value"":0.5670994120484634,""score"":100},""VC2_range_contraction"":{""value"":0.923766385306539,""score"":12.70560244891017},""VC3_range_pct_rank"":{""score"":75.83333333333333},""_score"":63.41},""sr_quality"":{""SR1_touches"":{""value"":2,""score"":25.0},""SR2_tightness"":{""value"":0.5949999999999989,""score"":75.74776511142784},""SR3_recency"":{""value"":247,""score"":0.0},""SR4_price_location"":{""score"":48.93407674647439},""SR5_reaction"":{""value"":2.4129852812516845,""score"":100},""_score"":46.1,""_levels_found"":6,""_target_level"":115.545},""volume"":{""V1_rvol_day"":{""value"":0.3186426157537215,""score"":0},""V2_rvol_sameslot"":{""value"":0.9085624440988911,""score"":27.237496273259403,""status"":""ok""},""V3_breakout_bar"":{""value"":0.9128018064451923,""score"":27.520120429679483},""V4_base_dryup"":{""value"":0.8630581123955596,""score"":63.694188760444035},""V5_bo_expansion"":{""value"":0.3186426157537215,""score"":0},""_score"":25.07},""readiness"":{""_distance_atr"":2.123,""BR1_atr_distance"":{""score"":0},""BR2_compression"":{""score"":18.447497749857565},""BR3_retest"":{""score"":50.0},""BR4_bo_age"":{""score"":50.0},""_score"":22.11},""risk"":{""R1_stop_clarity"":{""score"":34.02984509722009},""R2_stop_distance_pct"":{""value"":5.903939796370071,""score"":100.0},""R3_stop_distance_atr"":{""value"":1.359042255079358,""score"":92.9521127539679},""R4_rr_potential"":{""value"":3.880932743495539,""score"":100.0},""_score"":75.85},""market"":{""M1_spy_regime"":{""score"":100.0},""M3_earnings_risk"":{""value"":null,""score"":80.0},""M4_vix"":{""value"":null,""score"":60.0},""_score"":84.0},""liquidity"":{""L1_price"":{""value"":112.95,""score"":100.0},""L2_dollar_vol"":{""value"":23359532.320983153,""score"":68.42320717790523},""L3_spread_proxy"":{""value"":0.026958831341301476,""score"":73.04116865869852},""L4_volume_zscore"":{""value"":-1.9114634636887322,""score"":100.0},""_score"":84.67},""pattern_structure"":{""left_low"":107.9,""left_idx"":22,""right_low"":109.73,""right_idx"":71,""separation_bars"":49,""structural_low"":107.9,""current_price"":113.085,""neckline_distance_pct"":0.09090507140646419,""base_bars"":49},""pattern_geometry_features"":{""low_similarity_pct"":0.016817534347286663,""bounce_pct"":0.1433271547729378,""right_bottom_reaction"":0.7042889390519177,""atr_pct"":0.04344191488016187},""_schema_version"":""1.0""}",,,,,,,,,,
20260610T172453Z-e22c49,2026-06-10T17:24:53.606196+00:00,MGNI,bull_flag,forming,57.48,87.2,54.8,48.8,64.8,18.1,45.9,73.7,84.0,80.9,12.22,16.43,4.39,6.48,2.53,4.13,2.21,5.04,4.04,False,,15.635,15.965,15.0213,17.9,"{""trend"":{""T1_ema_stack"":{""value"":[true,true,false],""score"":66.66666666666666},""T2_ema50_slope"":{""value"":0.1924626595429397,""score"":82.07710992382329},""T3_high_proximity"":{""value"":0.9889310562934851,""score"":94.46552814674253},""T4_rs_1m"":{""value"":0.18227264445202307,""score"":100},""T5_rs_3m"":{""value"":0.12087900048429656,""score"":100},""T6_adr_healthy"":{""value"":4.907263926015927,""score"":100.0},""_score"":87.25},""geometry"":{""sub_pole_impulse"":45.9,""sub_flag_tightness"":49.3,""sub_flag_shallowness"":35.1,""sub_flag_drift"":86.0,""sub_flag_duration"":87.5,""_score"":54.77},""compression"":{""VC1_atr_ratio"":{""value"":0.6597200973568782,""score"":85.06997566078044},""VC2_range_contraction"":{""value"":1.0239545443493938,""score"":0},""VC3_range_pct_rank"":{""score"":59.166666666666664},""_score"":48.82},""sr_quality"":{""SR1_touches"":{""value"":4,""score"":75.0},""SR2_tightness"":{""value"":0.20830776959825603,""score"":45.18268109556144},""SR3_recency"":{""value"":232,""score"":0.0},""SR4_price_location"":{""score"":86.28718145774009},""SR5_reaction"":{""value"":1.861791712483905,""score"":93.08958562419525},""_score"":64.81,""_levels_found"":5,""_target_level"":15.8313},""volume"":{""V1_rvol_day"":{""value"":0.48534589735177003,""score"":0},""V2_rvol_sameslot"":{""value"":0.8384021116479636,""score"":22.56014077653091,""status"":""ok""},""V3_breakout_bar"":{""value"":0.5947054468330147,""score"":6.313696455534316},""V4_base_dryup"":{""value"":0.8998595172436725,""score"":60.014048275632746},""V5_bo_expansion"":{""value"":0.48534589735177003,""score"":0},""_score"":18.09},""readiness"":{""_distance_atr"":0.434,""BR1_atr_distance"":{""score"":71.0529036381237},""BR2_compression"":{""score"":0},""BR3_retest"":{""score"":50.0},""BR4_bo_age"":{""score"":50.0},""_score"":45.92},""risk"":{""R1_stop_clarity"":{""score"":39.80319733837094},""R2_stop_distance_pct"":{""value"":3.9254876878797544,""score"":100.0},""R3_stop_distance_atr"":{""value"":0.8075581996409801,""score"":65.377909982049},""R4_rr_potential"":{""value"":3.6904276985743385,""score"":100.0},""_score"":73.74},""market"":{""M1_spy_regime"":{""score"":100.0},""M3_earnings_risk"":{""value"":null,""score"":80.0},""M4_vix"":{""value"":null,""score"":60.0},""_score"":84.0},""liquidity"":{""L1_price"":{""value"":15.635,""score"":100.0},""L2_dollar_vol"":{""value"":18075005.569074027,""score"":62.853921988833946},""L3_spread_proxy"":{""value"":0.04285257435241445,""score"":57.14742564758555},""L4_volume_zscore"":{""value"":-1.505561248404959,""score"":100.0},""_score"":80.86},""pattern_structure"":{""pole_low"":14.03,""pole_low_idx"":30,""peak_price"":15.965,""peak_idx"":55,""pole_gain"":0.1379187455452602,""flag_bars"":4,""flag_low"":15.25,""flag_high"":15.92,""structural_low"":15.25,""current_price"":15.725,""neckline_distance_pct"":0.0152623211446741,""base_bars"":4},""pattern_geometry_features"":{""pole_gain"":0.1379187455452602,""pullback_pct"":0.044785468211713114,""flag_range_pct"":0.0419668023802067,""flag_drift_per_bar"":-0.0027980922098568934,""atr_pct"":0.04860934716067432,""pole_atr_multiple"":2.8372885792804583},""_schema_version"":""1.0""}",,,,,,,,,,
20260610T172453Z-e22c49,2026-06-10T17:24:53.606196+00:00,CNR,double_bottom,forming,57.4,60.2,76.0,59.7,43.8,22.8,23.4,74.9,84.0,81.8,9.02,19.0,4.78,6.13,2.97,1.88,4.49,5.04,4.09,False,,91.82,98.72,87.3055,108.805,"{""trend"":{""T1_ema_stack"":{""value"":[true,true,true],""score"":100.0},""T2_ema50_slope"":{""value"":-0.01983001809543037,""score"":46.694996984094935},""T3_high_proximity"":{""value"":0.810915835026053,""score"":5.457917513026489},""T4_rs_1m"":{""value"":0.07966960761336783,""score"":100},""T5_rs_3m"":{""value"":-0.12058913872232002,""score"":0},""T6_adr_healthy"":{""value"":4.129417425216997,""score"":100.0},""_score"":60.16},""geometry"":{""sub_low_similarity"":67.9,""sub_bounce_quality"":100,""sub_separation_fit"":20.0,""sub_right_bottom_reaction"":84.3,""sub_base_context"":100.0,""_score"":76.02},""compression"":{""VC1_atr_ratio"":{""value"":0.6317687737788932,""score"":92.0578065552767},""VC2_range_contraction"":{""value"":1.1397695145128042,""score"":0},""VC3_range_pct_rank"":{""score"":91.66666666666666},""_score"":59.74},""sr_quality"":{""SR1_touches"":{""value"":3,""score"":50.0},""SR2_tightness"":{""value"":0.40998644964058334,""score"":80.76790111905645},""SR3_recency"":{""value"":293,""score"":0.0},""SR4_price_location"":{""score"":6.556016597510073},""SR5_reaction"":{""value"":2.3134008712808467,""score"":100},""_score"":43.75,""_levels_found"":5,""_target_level"":95.5733},""volume"":{""V1_rvol_day"":{""value"":0.2731157170243053,""score"":0},""V2_rvol_sameslot"":{""value"":0.7324390774084739,""score"":15.495938493898262,""status"":""ok""},""V3_breakout_bar"":{""value"":0.7283682637926312,""score"":15.224550919508747},""V4_base_dryup"":{""value"":0.7038176208234591,""score"":79.61823791765408},""V5_bo_expansion"":{""value"":0.2731157170243053,""score"":0},""_score"":22.83},""readiness"":{""_distance_atr"":1.618,""BR1_atr_distance"":{""score"":0},""BR2_compression"":{""score"":23.818207119296257},""BR3_retest"":{""score"":50.0},""BR4_bo_age"":{""score"":50.0},""_score"":23.45},""risk"":{""R1_stop_clarity"":{""score"":37.63316742028368},""R2_stop_distance_pct"":{""value"":4.916712045306025,""score"":100.0},""R3_stop_distance_atr"":{""value"":1.058861716973891,""score"":77.94308584869455},""R4_rr_potential"":{""value"":3.762300574257542,""score"":100.0},""_score"":74.86},""market"":{""M1_spy_regime"":{""score"":100.0},""M3_earnings_risk"":{""value"":null,""score"":80.0},""M4_vix"":{""value"":null,""score"":60.0},""_score"":84.0},""liquidity"":{""L1_price"":{""value"":91.82,""score"":100.0},""L2_dollar_vol"":{""value"":16638230.987564698,""score"":61.05535746438249},""L3_spread_proxy"":{""value"":0.026138096275321345,""score"":73.86190372467865},""L4_volume_zscore"":{""value"":-2.5261329818380807,""score"":100.0},""_score"":81.81},""pattern_structure"":{""left_low"":88.635,""left_idx"":34,""right_low"":90.07,""right_idx"":76,""separation_bars"":42,""structural_low"":88.635,""current_price"":91.755,""neckline_distance_pct"":0.07590866982725741,""base_bars"":42},""pattern_geometry_features"":{""low_similarity_pct"":0.016059987129626908,""bounce_pct"":0.1137812376600665,""right_bottom_reaction"":0.8433734939758943,""atr_pct"":0.04643393907334228},""_schema_version"":""1.0""}",,,,,,,,,,
20260610T172453Z-e22c49,2026-06-10T17:24:53.606196+00:00,JOYY,double_bottom,forming,57.18,89.9,59.2,43.5,47.1,19.7,46.5,60.3,84.0,77.2,13.48,14.81,3.48,6.59,2.56,3.72,3.62,5.04,3.86,False,,67.96,69.18,63.6113,73.78,"{""trend"":{""T1_ema_stack"":{""value"":[true,true,true],""score"":100.0},""T2_ema50_slope"":{""value"":0.173382933212566,""score"":78.89715553542767},""T3_high_proximity"":{""value"":0.9890845582884588,""score"":94.54227914422935},""T4_rs_1m"":{""value"":0.16414253021805525,""score"":100},""T5_rs_3m"":{""value"":0.0323212411403333,""score"":66.16062057016666},""T6_adr_healthy"":{""value"":3.427022414096454,""score"":100.0},""_score"":89.88},""geometry"":{""sub_low_similarity"":24.9,""sub_bounce_quality"":58.9,""sub_separation_fit"":33.3,""sub_right_bottom_reaction"":100,""sub_base_context"":100.0,""_score"":59.24},""compression"":{""VC1_atr_ratio"":{""value"":0.523664236931243,""score"":100},""VC2_range_contraction"":{""value"":1.1314686512260264,""score"":0},""VC3_range_pct_rank"":{""score"":14.166666666666671},""_score"":43.54},""sr_quality"":{""SR1_touches"":{""value"":3,""score"":50.0},""SR2_tightness"":{""value"":0.7780888266915376,""score"":47.60974594838753},""SR3_recency"":{""value"":187,""score"":0.0},""SR4_price_location"":{""score"":44.5734881858228},""SR5_reaction"":{""value"":1.8415293976193328,""score"":92.07646988096664},""_score"":47.1,""_levels_found"":5,""_target_level"":70.2667},""volume"":{""V1_rvol_day"":{""value"":0.4974961141288788,""score"":0},""V2_rvol_sameslot"":{""value"":0.7910287926160472,""score"":19.40191950773648,""status"":""ok""},""V3_breakout_bar"":{""value"":0.7589845991952203,""score"":17.26563994634802},""V4_base_dryup"":{""value"":0.9232756234722986,""score"":57.672437652770135},""V5_bo_expansion"":{""value"":0.4974961141288788,""score"":0},""_score"":19.73},""readiness"":{""_distance_atr"":0.411,""BR1_atr_distance"":{""score"":72.61833193058366},""BR2_compression"":{""score"":0},""BR3_retest"":{""score"":50.0},""BR4_bo_age"":{""score"":50.0},""_score"":46.55},""risk"":{""R1_stop_clarity"":{""score"":34.77552001923783},""R2_stop_distance_pct"":{""value"":6.3989111241906915,""score"":100.0},""R3_stop_distance_atr"":{""value"":1.4640327041000336,""score"":98.20163520500168},""R4_rr_potential"":{""value"":1.3383309954699174,""score"":16.91654977349587},""_score"":60.28},""market"":{""M1_spy_regime"":{""score"":100.0},""M3_earnings_risk"":{""value"":null,""score"":80.0},""M4_vix"":{""value"":null,""score"":60.0},""_score"":84.0},""liquidity"":{""L1_price"":{""value"":67.96,""score"":100.0},""L2_dollar_vol"":{""value"":11791022.737192199,""score"":53.57757384192641},""L3_spread_proxy"":{""value"":0.04208357857563272,""score"":57.91642142436728},""L4_volume_zscore"":{""value"":-1.1818889698700676,""score"":100.0},""_score"":77.22},""pattern_structure"":{""left_low"":67.05,""left_idx"":34,""right_low"":64.58,""right_idx"":74,""separation_bars"":40,""structural_low"":64.58,""current_price"":68.27,""neckline_distance_pct"":0.013329427274059042,""base_bars"":40},""pattern_geometry_features"":{""low_similarity_pct"":0.03752943857783179,""bounce_pct"":0.07122948281201624,""right_bottom_reaction"":1.0,""atr_pct"":0.043707432943748445},""_schema_version"":""1.0""}",,,,,,,,,,
20260610T172453Z-e22c49,2026-06-10T17:24:53.606196+00:00,APH,vcp,absent,57.12,86.1,48.1,40.9,73.4,19.9,55.8,44.8,84.0,94.0,12.92,12.03,4.9,8.81,2.58,3.9,2.24,5.04,4.7,False,,151.45,151.92,136.127,167.77,"{""trend"":{""T1_ema_stack"":{""value"":[true,true,true],""score"":100.0},""T2_ema50_slope"":{""value"":0.041511815630303366,""score"":56.91863593838389},""T3_high_proximity"":{""value"":0.982994742649445,""score"":91.49737132472247},""T4_rs_1m"":{""value"":0.24949289816885223,""score"":100},""T5_rs_3m"":{""value"":0.04664327432788462,""score"":73.32163716394231},""T6_adr_healthy"":{""value"":4.180185173980504,""score"":100.0},""_score"":86.11},""geometry"":{""sub_contraction_count"":100.0,""sub_reduction_rate"":0,""sub_pivot_tightness"":13.9,""sub_volume_dryup"":38.3,""sub_base_depth"":52.9,""sub_base_duration"":100.0,""_score"":48.12},""compression"":{""VC1_atr_ratio"":{""value"":0.620577749429981,""score"":94.85556264250474},""VC2_range_contraction"":{""value"":1.0875518120595602,""score"":0},""VC3_range_pct_rank"":{""score"":11.66666666666667},""_score"":40.86},""sr_quality"":{""SR1_touches"":{""value"":5,""score"":100},""SR2_tightness"":{""value"":1.4909434334004792,""score"":58.932794378559606},""SR3_recency"":{""value"":230,""score"":0.0},""SR4_price_location"":{""score"":78.20582060757599},""SR5_reaction"":{""value"":2.2241007969197444,""score"":100},""_score"":73.39,""_levels_found"":4,""_target_level"":154.525},""volume"":{""V1_rvol_day"":{""value"":0.553565669883463,""score"":3.571044658897534},""V2_rvol_sameslot"":{""value"":1.071124797898194,""score"":38.07498652654626,""status"":""ok""},""V3_breakout_bar"":{""value"":0.6889668799393439,""score"":12.597791995956262},""V4_base_dryup"":{""value"":1.0807415054582408,""score"":41.925849454175925},""V5_bo_expansion"":{""value"":0.553565669883463,""score"":0},""_score"":19.86},""readiness"":{""_distance_atr"":0.065,""BR1_atr_distance"":{""score"":95.68470401365157},""BR2_compression"":{""score"":0},""BR3_retest"":{""score"":50.0},""BR4_bo_age"":{""score"":50.0},""_score"":55.77},""risk"":{""R1_stop_clarity"":{""score"":42.90037076787001},""R2_stop_distance_pct"":{""value"":10.117530538131403,""score"":47.061736546714926},""R3_stop_distance_atr"":{""value"":2.1103174595367222,""score"":100.0},""R4_rr_potential"":{""value"":1.065065587678654,""score"":3.2532793839326946},""_score"":44.78},""market"":{""M1_spy_regime"":{""score"":100.0},""M3_earnings_risk"":{""value"":null,""score"":80.0},""M4_vix"":{""value"":null,""score"":60.0},""_score"":84.0},""liquidity"":{""L1_price"":{""value"":151.45,""score"":100.0},""L2_dollar_vol"":{""value"":895894523.1244138,""score"":100.0},""L3_spread_proxy"":{""value"":0.05962363816441071,""score"":40.37636183558929},""L4_volume_zscore"":{""value"":-1.4240044113134467,""score"":100.0},""_score"":94.04},""pattern_structure"":{""n_contractions"":5,""contractions_pct"":[17.17,13.57,8.49,21.62,9.03],""descending_strict"":false,""final_low"":138.2,""final_pivot"":151.92,""structural_low"":138.2,""dry_up_ratio"":0.8084392195708012,""current_price"":151.45,""neckline_distance_pct"":0.0031033344338065295,""base_bars"":70},""pattern_geometry_features"":{""contraction_count"":5.0,""first_contraction_pct"":0.17169750081142496,""last_contraction_pct"":0.09031068983675619,""dry_up_ratio"":0.8084392195708012,""near_monotone"":0.0,""base_depth_pct"":0.10288867250892582},""_schema_version"":""1.0""}",,,,,,,,,,
20260610T172453Z-e22c49,2026-06-10T17:24:53.606196+00:00,COHU,inverse_head_shoulders,forming,57.0,95.9,73.7,25.8,38.4,20.2,35.6,56.2,84.0,83.7,11.5,20.62,2.06,5.37,2.83,2.85,3.37,4.2,4.18,False,,54.41,57.51,48.6393,65.64,"{""trend"":{""T1_ema_stack"":{""value"":[true,true,true],""score"":100.0},""T2_ema50_slope"":{""value"":0.6274475886538925,""score"":100},""T3_high_proximity"":{""value"":0.9447820802222607,""score"":72.39104011113035},""T4_rs_1m"":{""value"":0.07390096104317578,""score"":100},""T5_rs_3m"":{""value"":0.820746249248429,""score"":100},""T6_adr_healthy"":{""value"":6.063957128736021,""score"":100.0},""_score"":95.86},""geometry"":{""sub_head_depth"":75.9,""sub_shoulder_price_sym"":42.9,""sub_shoulder_time_sym"":81.8,""sub_right_shoulder_reaction"":91.7,""sub_base_context"":100.0,""_score"":73.66},""compression"":{""VC1_atr_ratio"":{""value"":0.7752976918584054,""score"":56.17557703539866},""VC2_range_contraction"":{""value"":1.2290632062331648,""score"":0},""VC3_range_pct_rank"":{""score"":13.33333333333333},""_score"":25.8},""sr_quality"":{""SR1_touches"":{""value"":2,""score"":25.0},""SR2_tightness"":{""value"":0.8100500000000004,""score"":57.13178704809712},""SR3_recency"":{""value"":228,""score"":0.0},""SR4_price_location"":{""score"":30.0},""SR5_reaction"":{""value"":1.9765524592890498,""score"":98.82762296445249},""_score"":38.39,""_levels_found"":5,""_target_level"":50.19},""volume"":{""V1_rvol_day"":{""value"":0.38030024752616504,""score"":0},""V2_rvol_sameslot"":{""value"":1.0785821142735312,""score"":38.57214095156875,""status"":""ok""},""V3_breakout_bar"":{""value"":0.694435185726914,""score"":12.962345715127599},""V4_base_dryup"":{""value"":1.038462990103843,""score"":46.15370098961571},""V5_bo_expansion"":{""value"":0.38030024752616504,""score"":0},""_score"":20.19},""readiness"":{""_distance_atr"":0.82,""BR1_atr_distance"":{""score"":45.31553190095307},""BR2_compression"":{""score"":0},""BR3_retest"":{""score"":50.0},""BR4_bo_age"":{""score"":50.0},""_score"":35.63},""risk"":{""R1_stop_clarity"":{""score"":60.80182046358297},""R2_stop_distance_pct"":{""value"":10.605954787722842,""score"":34.851130306928944},""R3_stop_distance_atr"":{""value"":1.5269402906088867,""score"":100.0},""R4_rr_potential"":{""value"":1.9460377423882707,""score"":47.301887119413536},""_score"":56.2},""market"":{""M1_spy_regime"":{""score"":100.0},""M3_earnings_risk"":{""value"":null,""score"":80.0},""M4_vix"":{""value"":null,""score"":60.0},""_score"":84.0},""liquidity"":{""L1_price"":{""value"":54.41,""score"":100.0},""L2_dollar_vol"":{""value"":32950059.53173406,""score"":75.89281017909664},""L3_spread_proxy"":{""value"":0.06708141885682783,""score"":32.91858114317216},""L4_volume_zscore"":{""value"":-1.0765534228920322,""score"":100.0},""_score"":83.65},""pattern_structure"":{""left_shoulder"":53.5,""left_shoulder_idx"":73,""head"":49.38,""head_idx"":84,""right_shoulder"":51.11,""right_shoulder_idx"":94,""left_to_head_bars"":11,""head_to_right_bars"":10,""structural_low"":49.38,""current_price"":54.675,""neckline_distance_pct"":0.05185185185185187,""base_bars"":21},""pattern_geometry_features"":{""head_depth_pct"":0.05592199598508742,""shoulder_price_asymmetry"":0.04569352834337063,""shoulder_time_asymmetry"":0.09090909090909091,""right_shoulder_reaction"":0.9171374764595108,""atr_pct"":0.06945887048074148},""_schema_version"":""1.0""}",,,,,,,,,,
20260610T172453Z-e22c49,2026-06-10T17:24:53.606196+00:00,SNOW,double_bottom,forming,56.71,81.5,78.0,11.5,41.3,4.5,50.2,66.3,84.0,93.3,12.22,19.49,0.92,5.78,0.59,4.02,3.98,5.04,4.67,False,,242.16,247.1899,226.156,264.7798,"{""trend"":{""T1_ema_stack"":{""value"":[true,true,false],""score"":66.66666666666666},""T2_ema50_slope"":{""value"":0.7396510235673748,""score"":100},""T3_high_proximity"":{""value"":0.8643632210165618,""score"":32.18161050828089},""T4_rs_1m"":{""value"":0.6112793611296745,""score"":100},""T5_rs_3m"":{""value"":0.2705628355706655,""score"":100},""T6_adr_healthy"":{""value"":5.534366619205509,""score"":100.0},""_score"":81.49},""geometry"":{""sub_low_similarity"":53.5,""sub_bounce_quality"":66.6,""sub_separation_fit"":100.0,""sub_right_bottom_reaction"":90.5,""sub_base_context"":100.0,""_score"":77.95},""compression"":{""VC1_atr_ratio"":{""value"":0.9179803029159488,""score"":20.504924271012804},""VC2_range_contraction"":{""value"":1.4509860673231048,""score"":0},""VC3_range_pct_rank"":{""score"":13.33333333333333},""_score"":11.54},""sr_quality"":{""SR1_touches"":{""value"":3,""score"":50.0},""SR2_tightness"":{""value"":5.41596610854324,""score"":41.342117279671555},""SR3_recency"":{""value"":317,""score"":0.0},""SR4_price_location"":{""score"":30.0},""SR5_reaction"":{""value"":1.6825256838717673,""score"":84.12628419358836},""_score"":41.32,""_levels_found"":5,""_target_level"":221.2867},""volume"":{""V1_rvol_day"":{""value"":0.31753949720894586,""score"":0},""V2_rvol_sameslot"":{""value"":0.5628600577616082,""score"":4.190670517440545,""status"":""ok""},""V3_breakout_bar"":{""value"":0.7214256596827446,""score"":14.76171064551631},""V4_base_dryup"":{""value"":1.8277159933950977,""score"":0},""V5_bo_expansion"":{""value"":0.31753949720894586,""score"":0},""_score"":4.53},""readiness"":{""_distance_atr"":0.272,""BR1_atr_distance"":{""score"":81.84114164294262},""BR2_compression"":{""score"":0},""BR3_retest"":{""score"":50.0},""BR4_bo_age"":{""score"":50.0},""_score"":50.24},""risk"":{""R1_stop_clarity"":{""score"":62.699591533605464},""R2_stop_distance_pct"":{""value"":6.60885365047903,""score"":100.0},""R3_stop_distance_atr"":{""value"":0.8666604777819047,""score"":68.33302388909523},""R4_rr_potential"":{""value"":1.4133841539615095,""score"":20.669207698075475},""_score"":66.33},""market"":{""M1_spy_regime"":{""score"":100.0},""M3_earnings_risk"":{""value"":null,""score"":80.0},""M4_vix"":{""value"":null,""score"":60.0},""_score"":84.0},""liquidity"":{""L1_price"":{""value"":242.16,""score"":100.0},""L2_dollar_vol"":{""value"":867455702.9389485,""score"":100.0},""L3_spread_proxy"":{""value"":0.06656549388833824,""score"":33.43450611166176},""L4_volume_zscore"":{""value"":-0.9227047399922192,""score"":100.0},""_score"":93.34},""pattern_structure"":{""left_low"":235.0,""left_idx"":62,""right_low"":229.6,""right_idx"":74,""separation_bars"":12,""structural_low"":229.6,""current_price"":243.045,""neckline_distance_pct"":0.01705404348988873,""base_bars"":12},""pattern_geometry_features"":{""low_similarity_pct"":0.023245802841153705,""bounce_pct"":0.07661106271777003,""right_bottom_reaction"":0.905194805194803,""atr_pct"":0.07625654820897636},""_schema_version"":""1.0""}",,,,,,,,,,
20260610T172453Z-e22c49,2026-06-10T17:24:53.606196+00:00,FROG,double_bottom,forming,56.29,95.2,65.5,17.8,38.8,20.6,22.0,77.7,84.0,92.6,14.28,16.38,1.43,5.43,2.68,1.76,4.66,5.04,4.63,False,,82.63,88.94,78.4651,98.22,"{""trend"":{""T1_ema_stack"":{""value"":[true,true,true],""score"":100.0},""T2_ema50_slope"":{""value"":0.9652139540279121,""score"":100},""T3_high_proximity"":{""value"":0.9356811233155927,""score"":67.84056165779634},""T4_rs_1m"":{""value"":0.21022622060333362,""score"":100},""T5_rs_3m"":{""value"":0.895388243468275,""score"":100},""T6_adr_healthy"":{""value"":5.463573536337983,""score"":100.0},""_score"":95.18},""geometry"":{""sub_low_similarity"":0.4,""sub_bounce_quality"":100,""sub_separation_fit"":80.0,""sub_right_bottom_reaction"":89.4,""sub_base_context"":100.0,""_score"":65.53},""compression"":{""VC1_atr_ratio"":{""value"":0.9259699506205475,""score"":18.507512344863112},""VC2_range_contraction"":{""value"":1.095851658460807,""score"":0},""VC3_range_pct_rank"":{""score"":41.666666666666664},""_score"":17.82},""sr_quality"":{""SR1_touches"":{""value"":2,""score"":25.0},""SR2_tightness"":{""value"":0.980000000000004,""score"":58.664613957019455},""SR3_recency"":{""value"":235,""score"":0.0},""SR4_price_location"":{""score"":30.0},""SR5_reaction"":{""value"":2.328278887318893,""score"":100},""_score"":38.8,""_levels_found"":6,""_target_level"":69.36},""volume"":{""V1_rvol_day"":{""value"":0.4272283235457718,""score"":0},""V2_rvol_sameslot"":{""value"":0.9180042145804609,""score"":27.866947638697393,""status"":""ok""},""V3_breakout_bar"":{""value"":0.7754854712558201,""score"":18.36569808372134},""V4_base_dryup"":{""value"":0.9757211079617419,""score"":52.427889203825806},""V5_bo_expansion"":{""value"":0.4272283235457718,""score"":0},""_score"":20.65},""readiness"":{""_distance_atr"":1.331,""BR1_atr_distance"":{""score"":11.28357621387542},""BR2_compression"":{""score"":0},""BR3_retest"":{""score"":50.0},""BR4_bo_age"":{""score"":50.0},""_score"":22.01},""risk"":{""R1_stop_clarity"":{""score"":49.600354303308755},""R2_stop_distance_pct"":{""value"":5.040421154544358,""score"":100.0},""R3_stop_distance_atr"":{""value"":0.8783558639306586,""score"":68.91779319653293},""R4_rr_potential"":{""value"":3.7431871113352044,""score"":100.0},""_score"":77.7},""market"":{""M1_spy_regime"":{""score"":100.0},""M3_earnings_risk"":{""value"":null,""score"":80.0},""M4_vix"":{""value"":null,""score"":60.0},""_score"":84.0},""liquidity"":{""L1_price"":{""value"":82.63,""score"":100.0},""L2_dollar_vol"":{""value"":83664888.93330541,""score"":96.12716194285476},""L3_spread_proxy"":{""value"":0.05869538908386778,""score"":41.30461091613222},""L4_volume_zscore"":{""value"":-1.6122766706521023,""score"":100.0},""_score"":92.58},""pattern_structure"":{""left_low"":83.73,""left_idx"":41,""right_low"":79.66,""right_idx"":74,""separation_bars"":33,""structural_low"":79.66,""current_price"":83.485,""neckline_distance_pct"":0.06534107923579084,""base_bars"":33},""pattern_geometry_features"":{""low_similarity_pct"":0.04981945039476109,""bounce_pct"":0.1164951041928195,""right_bottom_reaction"":0.8936101851479993,""atr_pct"":0.057384727096696106},""_schema_version"":""1.0""}",,,,,,,,,,
20260610T172453Z-e22c49,2026-06-10T17:24:53.606196+00:00,APPF,double_bottom,forming,55.82,53.3,65.3,40.0,56.2,37.9,31.9,63.2,84.0,82.5,7.99,16.32,3.2,7.88,4.93,2.55,3.79,5.04,4.12,False,,170.185,177.86,155.4626,197.89,"{""trend"":{""T1_ema_stack"":{""value"":[true,false,false],""score"":33.33333333333333},""T2_ema50_slope"":{""value"":-0.03757083479306641,""score"":43.7381942011556},""T3_high_proximity"":{""value"":0.9491634132738427,""score"":74.58170663692133},""T4_rs_1m"":{""value"":0.07945289031513236,""score"":100},""T5_rs_3m"":{""value"":-0.12823694587404744,""score"":0},""T6_adr_healthy"":{""value"":4.660434570618242,""score"":100.0},""_score"":53.27},""geometry"":{""sub_low_similarity"":49.7,""sub_bounce_quality"":100,""sub_separation_fit"":0.0,""sub_right_bottom_reaction"":69.0,""sub_base_context"":100.0,""_score"":65.26},""compression"":{""VC1_atr_ratio"":{""value"":0.6600548824656385,""score"":84.98627938359039},""VC2_range_contraction"":{""value"":1.2075605263445253,""score"":0},""VC3_range_pct_rank"":{""score"":24.16666666666667},""_score"":40.04},""sr_quality"":{""SR1_touches"":{""value"":4,""score"":75.0},""SR2_tightness"":{""value"":1.3948297387136541,""score"":65.11134494585853},""SR3_recency"":{""value"":232,""score"":0.0},""SR4_price_location"":{""score"":35.952589991220314},""SR5_reaction"":{""value"":2.097717578220961,""score"":100},""_score"":56.25,""_levels_found"":8,""_target_level"":177.48},""volume"":{""V1_rvol_day"":{""value"":0.37379432347034813,""score"":0},""V2_rvol_sameslot"":{""value"":1.4129831183200023,""score"":60.86554122133349,""status"":""ok""},""V3_breakout_bar"":{""value"":1.193398736873505,""score"":46.22658245823367},""V4_base_dryup"":{""value"":0.7917964515037196,""score"":70.82035484962805},""V5_bo_expansion"":{""value"":0.3737943234703481,""score"":0},""_score"":37.89},""readiness"":{""_distance_atr"":0.96,""BR1_atr_distance"":{""score"":36.00881404887916},""BR2_compression"":{""score"":0},""BR3_retest"":{""score"":50.0},""BR4_bo_age"":{""score"":50.0},""_score"":31.9},""risk"":{""R1_stop_clarity"":{""score"":40.78334859414454},""R2_stop_distance_pct"":{""value"":8.65085054499514,""score"":83.72873637512149},""R3_stop_distance_atr"":{""value"":1.8412515353864685,""score"":100.0},""R4_rr_potential"":{""value"":1.8818199416537362,""score"":44.09099708268681},""_score"":63.21},""market"":{""M1_spy_regime"":{""score"":100.0},""M3_earnings_risk"":{""value"":null,""score"":80.0},""M4_vix"":{""value"":null,""score"":60.0},""_score"":84.0},""liquidity"":{""L1_price"":{""value"":170.185,""score"":100.0},""L2_dollar_vol"":{""value"":24007191.516975105,""score"":69.01706785286947},""L3_spread_proxy"":{""value"":0.0510326997091399,""score"":48.9673002908601},""L4_volume_zscore"":{""value"":-1.9339198380714528,""score"":100.0},""_score"":82.5},""pattern_structure"":{""left_low"":157.83,""left_idx"":23,""right_low"":161.85,""right_idx"":71,""separation_bars"":48,""structural_low"":157.83,""current_price"":170.85,""neckline_distance_pct"":0.041030143400643954,""base_bars"":48},""pattern_geometry_features"":{""low_similarity_pct"":0.025150150150150034,""bounce_pct"":0.12690869923335235,""right_bottom_reaction"":0.6896067415730328,""atr_pct"":0.04698353472481627},""_schema_version"":""1.0""}",,,,,,,,,,
20260610T172453Z-e22c49,2026-06-10T17:24:53.606196+00:00,NVT,double_bottom,forming,55.7,62.8,60.1,41.2,39.9,56.8,17.5,65.2,84.0,92.6,9.42,15.04,3.3,5.59,7.38,1.4,3.91,5.04,4.63,False,,155.47,178.0,153.4137,200.25,"{""trend"":{""T1_ema_stack"":{""value"":[false,true,true],""score"":66.66666666666666},""T2_ema50_slope"":{""value"":0.5231613930037236,""score"":100},""T3_high_proximity"":{""value"":0.8813991722886786,""score"":40.69958614433927},""T4_rs_1m"":{""value"":-0.09048730806853322,""score"":0},""T5_rs_3m"":{""value"":0.32045165067693504,""score"":100},""T6_adr_healthy"":{""value"":4.37384384486552,""score"":100.0},""_score"":62.77},""geometry"":{""sub_low_similarity"":18.0,""sub_bounce_quality"":100,""sub_separation_fit"":6.7,""sub_right_bottom_reaction"":91.6,""sub_base_context"":100.0,""_score"":60.14},""compression"":{""VC1_atr_ratio"":{""value"":0.5628101355910238,""score"":100},""VC2_range_contraction"":{""value"":1.3171225704727498,""score"":0},""VC3_range_pct_rank"":{""score"":5.000000000000004},""_score"":41.25},""sr_quality"":{""SR1_touches"":{""value"":2,""score"":25.0},""SR2_tightness"":{""value"":2.005499999999998,""score"":50.01593323352074},""SR3_recency"":{""value"":236,""score"":0.0},""SR4_price_location"":{""score"":53.502471536863425},""SR5_reaction"":{""value"":1.5377172572051148,""score"":76.88586286025574},""_score"":39.91,""_levels_found"":7,""_target_level"":172.9945},""volume"":{""V1_rvol_day"":{""value"":0.5381924437911407,""score"":2.546162919409382},""V2_rvol_sameslot"":{""value"":2.427378134786091,""score"":100,""status"":""ok""},""V3_breakout_bar"":{""value"":1.8597708363689194,""score"":90.6513890912613},""V4_base_dryup"":{""value"":0.8208313686345908,""score"":67.91686313654091},""V5_bo_expansion"":{""value"":0.5381924437911408,""score"":0},""_score"":56.76},""readiness"":{""_distance_atr"":2.808,""BR1_atr_distance"":{""score"":0},""BR2_compression"":{""score"":0},""BR3_retest"":{""score"":50.0},""BR4_bo_age"":{""score"":50.0},""_score"":17.5},""risk"":{""R1_stop_clarity"":{""score"":41.772487667321045},""R2_stop_distance_pct"":{""value"":1.322602431337239,""score"":83.06506078343098},""R3_stop_distance_atr"":{""value"":0.2562446703778942,""score"":37.812233518894715},""R4_rr_potential"":{""value"":21.777507598784133,""score"":100.0},""_score"":65.21},""market"":{""M1_spy_regime"":{""score"":100.0},""M3_earnings_risk"":{""value"":null,""score"":80.0},""M4_vix"":{""value"":null,""score"":60.0},""_score"":84.0},""liquidity"":{""L1_price"":{""value"":155.47,""score"":100.0},""L2_dollar_vol"":{""value"":152935226.18405646,""score"":100.0},""L3_spread_proxy"":{""value"":0.07429085997298522,""score"":25.709140027014783},""L4_volume_zscore"":{""value"":-1.9379951777231184,""score"":100.0},""_score"":92.57},""pattern_structure"":{""left_low"":162.27,""left_idx"":30,""right_low"":155.75,""right_idx"":74,""separation_bars"":44,""structural_low"":155.75,""current_price"":155.51,""neckline_distance_pct"":0.14462092469937632,""base_bars"":44},""pattern_geometry_features"":{""low_similarity_pct"":0.0410037104584618,""bounce_pct"":0.14285714285714285,""right_bottom_reaction"":0.9158004158004156,""atr_pct"":0.05161482693032189},""_schema_version"":""1.0""}",,,,,,,,,,
20260610T172453Z-e22c49,2026-06-10T17:24:53.606196+00:00,QFIN,double_bottom,setup,55.3,66.4,71.5,24.3,37.1,24.1,57.5,63.1,84.0,75.2,9.97,17.88,1.95,5.19,3.14,4.6,3.78,5.04,3.76,False,,14.81,14.65,13.7161,15.375,"{""trend"":{""T1_ema_stack"":{""value"":[true,true,false],""score"":66.66666666666666},""T2_ema50_slope"":{""value"":0.13361423731554917,""score"":72.26903955259152},""T3_high_proximity"":{""value"":0.8758131283264341,""score"":37.90656416321703},""T4_rs_1m"":{""value"":0.13653575019801978,""score"":100},""T5_rs_3m"":{""value"":-0.038285293601086234,""score"":30.85735319945688},""T6_adr_healthy"":{""value"":5.658257729462844,""score"":100.0},""_score"":66.44},""geometry"":{""sub_low_similarity"":70.8,""sub_bounce_quality"":31.5,""sub_separation_fit"":86.7,""sub_right_bottom_reaction"":73.0,""sub_base_context"":100.0,""_score"":71.5},""compression"":{""VC1_atr_ratio"":{""value"":0.7920015507901337,""score"":51.99961230246658},""VC2_range_contraction"":{""value"":1.4042117974684944,""score"":0},""VC3_range_pct_rank"":{""score"":14.166666666666671},""_score"":24.34},""sr_quality"":{""SR1_touches"":{""value"":2,""score"":25.0},""SR2_tightness"":{""value"":0.08505000000000074,""score"":84.96125695448704},""SR3_recency"":{""value"":232,""score"":0.0},""SR4_price_location"":{""score"":7.403621208248894},""SR5_reaction"":{""value"":2.2324266976526825,""score"":100},""_score"":37.1,""_levels_found"":4,""_target_level"":17.1651},""volume"":{""V1_rvol_day"":{""value"":0.3631463987199182,""score"":0},""V2_rvol_sameslot"":{""value"":0.620753100523748,""score"":8.0502067015832,""status"":""ok""},""V3_breakout_bar"":{""value"":0.9255117608905579,""score"":28.36745072603719},""V4_base_dryup"":{""value"":0.7284648394698371,""score"":77.15351605301629},""V5_bo_expansion"":{""value"":0.3631463987199183,""score"":0},""_score"":24.13},""readiness"":{""_distance_atr"":-0.141,""BR1_atr_distance"":{""score"":100.0},""BR2_compression"":{""score"":0},""BR3_retest"":{""score"":50.0},""BR4_bo_age"":{""score"":50.0},""_score"":57.5},""risk"":{""R1_stop_clarity"":{""score"":63.06622629475011},""R2_stop_distance_pct"":{""value"":7.386056718433495,""score"":100.0},""R3_stop_distance_atr"":{""value"":0.9671078805943767,""score"":73.35539402971884},""R4_rr_potential"":{""value"":0.5165123985830183,""score"":0.0},""_score"":63.08},""market"":{""M1_spy_regime"":{""score"":100.0},""M3_earnings_risk"":{""value"":null,""score"":80.0},""M4_vix"":{""value"":null,""score"":60.0},""_score"":84.0},""liquidity"":{""L1_price"":{""value"":14.81,""score"":100.0},""L2_dollar_vol"":{""value"":10988258.833563222,""score"":52.04644404390733},""L3_spread_proxy"":{""value"":0.056718433490884526,""score"":43.28156650911547},""L4_volume_zscore"":{""value"":-0.8791969303305395,""score"":100.0},""_score"":75.15},""pattern_structure"":{""left_low"":14.13,""left_idx"":66,""right_low"":13.925,""right_idx"":74,""separation_bars"":8,""structural_low"":13.925,""current_price"":14.885,""neckline_distance_pct"":-0.015787705744037584,""base_bars"":8},""pattern_geometry_features"":{""low_similarity_pct"":0.014614150775262881,""bounce_pct"":0.052064631956912,""right_bottom_reaction"":0.7297297297297336,""atr_pct"":0.07637262467444773},""_schema_version"":""1.0""}",,,,,,,,,,
20260610T172453Z-e22c49,2026-06-10T17:24:53.606196+00:00,VSH,double_bottom,forming,55.24,86.9,75.7,9.9,29.8,19.3,17.5,81.1,84.0,90.0,13.04,18.92,0.8,4.17,2.51,1.4,4.87,5.04,4.5,False,,54.49,66.65,53.3387,79.149,"{""trend"":{""T1_ema_stack"":{""value"":[true,true,true],""score"":100.0},""T2_ema50_slope"":{""value"":1.418179414696797,""score"":100},""T3_high_proximity"":{""value"":0.8518055338439894,""score"":25.90276692199467},""T4_rs_1m"":{""value"":0.5773194483425301,""score"":100},""T5_rs_3m"":{""value"":2.034670032169419,""score"":100},""T6_adr_healthy"":{""value"":9.559444292729605,""score"":61.01389268175987},""_score"":86.94},""geometry"":{""sub_low_similarity"":41.0,""sub_bounce_quality"":100,""sub_separation_fit"":73.3,""sub_right_bottom_reaction"":82.5,""sub_base_context"":100.0,""_score"":75.67},""compression"":{""VC1_atr_ratio"":{""value"":0.9068406847388281,""score"":23.289828815292985},""VC2_range_contraction"":{""value"":2.0474694966021287,""score"":0},""VC3_range_pct_rank"":{""score"":2.500000000000002},""_score"":9.94},""sr_quality"":{""SR1_touches"":{""value"":2,""score"":25.0},""SR2_tightness"":{""value"":1.1150000000000002,""score"":64.7665189388425},""SR3_recency"":{""value"":255,""score"":0.0},""SR4_price_location"":{""score"":30.0},""SR5_reaction"":{""value"":0.6770200284621525,""score"":33.851001423107625},""_score"":29.79,""_levels_found"":3,""_target_level"":27.365},""volume"":{""V1_rvol_day"":{""value"":0.5879893262020662,""score"":5.865955080137749},""V2_rvol_sameslot"":{""value"":1.631831985623679,""score"":75.45546570824526,""status"":""ok""},""V3_breakout_bar"":{""value"":0.681532130912084,""score"":12.102142060805598},""V4_base_dryup"":{""value"":3.082049262774981,""score"":0},""V5_bo_expansion"":{""value"":0.5879893262020662,""score"":0},""_score"":19.29},""readiness"":{""_distance_atr"":1.921,""BR1_atr_distance"":{""score"":0},""BR2_compression"":{""score"":0},""BR3_retest"":{""score"":50.0},""BR4_bo_age"":{""score"":50.0},""_score"":17.5},""risk"":{""R1_stop_clarity"":{""score"":74.33280404112894},""R2_stop_distance_pct"":{""value"":2.1128005138557575,""score"":100.0},""R3_stop_distance_atr"":{""value"":0.1818971909142313,""score"":34.094859545711564},""R4_rr_potential"":{""value"":21.419047743134684,""score"":100.0},""_score"":81.13},""market"":{""M1_spy_regime"":{""score"":100.0},""M3_earnings_risk"":{""value"":null,""score"":80.0},""M4_vix"":{""value"":null,""score"":60.0},""_score"":84.0},""liquidity"":{""L1_price"":{""value"":54.49,""score"":100.0},""L2_dollar_vol"":{""value"":279941428.870895,""score"":100.0},""L3_spread_proxy"":{""value"":0.14186089190677195,""score"":0},""L4_volume_zscore"":{""value"":-1.0455297975378735,""score"":100.0},""_score"":90.0},""pattern_structure"":{""left_low"":55.772,""left_idx"":40,""right_low"":54.151,""right_idx"":74,""separation_bars"":34,""structural_low"":54.151,""current_price"":54.6,""neckline_distance_pct"":0.22069597069597077,""base_bars"":34},""pattern_geometry_features"":{""low_similarity_pct"":0.029493372633570682,""bounce_pct"":0.23081752876216508,""right_bottom_reaction"":0.8250218722659661,""atr_pct"":0.1161535537320085},""_schema_version"":""1.0""}",,,,,,,,,,
20260610T172453Z-e22c49,2026-06-10T17:24:53.606196+00:00,AIR,double_bottom,breakout_failed,55.0,71.8,70.3,49.8,51.4,15.0,41.9,55.9,84.0,79.4,10.77,17.57,3.98,7.19,1.95,3.35,3.35,5.04,3.97,True,risk_unclear,118.13,120.565,110.3988,129.05,"{""trend"":{""T1_ema_stack"":{""value"":[true,true,true],""score"":100.0},""T2_ema50_slope"":{""value"":-0.01278824677864334,""score"":47.86862553689278},""T3_high_proximity"":{""value"":0.9376140963568537,""score"":68.80704817842681},""T4_rs_1m"":{""value"":0.017626639389013432,""score"":67.62663938901343},""T5_rs_3m"":{""value"":0.011520739069608599,""score"":55.7603695348043},""T6_adr_healthy"":{""value"":3.676601804280037,""score"":100.0},""_score"":71.78},""geometry"":{""sub_low_similarity"":74.1,""sub_bounce_quality"":65.3,""sub_separation_fit"":0.0,""sub_right_bottom_reaction"":100,""sub_base_context"":100.0,""_score"":70.29},""compression"":{""VC1_atr_ratio"":{""value"":0.49822353222619575,""score"":100},""VC2_range_contraction"":{""value"":1.0838305996121311,""score"":0},""VC3_range_pct_rank"":{""score"":39.16666666666667},""_score"":49.79},""sr_quality"":{""SR1_touches"":{""value"":3,""score"":50.0},""SR2_tightness"":{""value"":0.6390791987087518,""score"":69.29512164400258},""SR3_recency"":{""value"":248,""score"":0.0},""SR4_price_location"":{""score"":43.87549007960072},""SR5_reaction"":{""value"":4.457821455024845,""score"":100},""_score"":51.36,""_levels_found"":6,""_target_level"":122.0667},""volume"":{""V1_rvol_day"":{""value"":0.33888597990501723,""score"":0},""V2_rvol_sameslot"":{""value"":0.44762551576456955,""score"":0,""status"":""ok""},""V3_breakout_bar"":{""value"":0.44539844649135113,""score"":0},""V4_base_dryup"":{""value"":0.7493144619829732,""score"":75.06855380170268},""V5_bo_expansion"":{""value"":0.33888597990501723,""score"":0},""_score"":15.01},""readiness"":{""_distance_atr"":0.585,""BR1_atr_distance"":{""score"":61.00307079940539},""BR2_compression"":{""score"":0},""BR3_retest"":{""score"":50.0},""BR4_bo_age"":{""score"":50.0},""_score"":41.9},""risk"":{""R1_stop_clarity"":{""score"":19.225908781881216},""R2_stop_distance_pct"":{""value"":6.544654194531449,""score"":100.0},""R3_stop_distance_atr"":{""value"":1.8572467702400624,""score"":100.0},""R4_rr_potential"":{""value"":1.412458609271525,""score"":20.62293046357625},""_score"":55.85},""market"":{""M1_spy_regime"":{""score"":100.0},""M3_earnings_risk"":{""value"":null,""score"":80.0},""M4_vix"":{""value"":null,""score"":60.0},""_score"":84.0},""liquidity"":{""L1_price"":{""value"":118.13,""score"":100.0},""L2_dollar_vol"":{""value"":14415145.18998415,""score"":57.94095104898065},""L3_spread_proxy"":{""value"":0.03741640565478711,""score"":62.58359434521289},""L4_volume_zscore"":{""value"":-2.006067240956192,""score"":100.0},""_score"":79.43},""pattern_structure"":{""left_low"":112.08,""left_idx"":29,""right_low"":113.54,""right_idx"":74,""separation_bars"":45,""structural_low"":112.08,""current_price"":118.255,""neckline_distance_pct"":0.019534057756543082,""base_bars"":45},""pattern_geometry_features"":{""low_similarity_pct"":0.012942115060721638,""bounce_pct"":0.07570485367594575,""right_bottom_reaction"":1.0,""atr_pct"":0.03523847395726259},""_schema_version"":""1.0""}",,,,,,,,,,
20260610T172453Z-e22c49,2026-06-10T17:24:53.606196+00:00,CARR,double_bottom,setup,55.0,92.2,59.2,43.1,53.4,22.2,57.5,52.8,84.0,95.5,13.83,14.79,3.45,7.47,2.88,4.6,3.17,5.04,4.77,True,risk_unclear,69.06,68.84,64.6357,72.06,"{""trend"":{""T1_ema_stack"":{""value"":[true,true,true],""score"":100.0},""T2_ema50_slope"":{""value"":0.13972334375269976,""score"":73.2872239587833},""T3_high_proximity"":{""value"":0.9693992139247615,""score"":84.69960696238071},""T4_rs_1m"":{""value"":0.061133100601982404,""score"":100},""T5_rs_3m"":{""value"":0.09764683522664441,""score"":98.8234176133222},""T6_adr_healthy"":{""value"":3.2845640076117246,""score"":100.0},""_score"":92.19},""geometry"":{""sub_low_similarity"":48.0,""sub_bounce_quality"":27.2,""sub_separation_fit"":100.0,""sub_right_bottom_reaction"":28.8,""sub_base_context"":100.0,""_score"":59.16},""compression"":{""VC1_atr_ratio"":{""value"":0.5668050550763145,""score"":100},""VC2_range_contraction"":{""value"":1.092265500586072,""score"":0},""VC3_range_pct_rank"":{""score"":12.5},""_score"":43.12},""sr_quality"":{""SR1_touches"":{""value"":4,""score"":75.0},""SR2_tightness"":{""value"":0.5604183705054636,""score"":55.70440543640656},""SR3_recency"":{""value"":231,""score"":0.0},""SR4_price_location"":{""score"":30.0},""SR5_reaction"":{""value"":2.0570218772053632,""score"":100},""_score"":53.36,""_levels_found"":6,""_target_level"":68.9625},""volume"":{""V1_rvol_day"":{""value"":0.4372757309601546,""score"":0},""V2_rvol_sameslot"":{""value"":0.9613647063098884,""score"":30.75764708732589,""status"":""ok""},""V3_breakout_bar"":{""value"":0.7268395652062896,""score"":15.122637680419304},""V4_base_dryup"":{""value"":0.887316694822159,""score"":61.2683305177841},""V5_bo_expansion"":{""value"":0.43727573096015454,""score"":0},""_score"":22.19},""readiness"":{""_distance_atr"":-0.087,""BR1_atr_distance"":{""score"":100.0},""BR2_compression"":{""score"":0},""BR3_retest"":{""score"":50.0},""BR4_bo_age"":{""score"":50.0},""_score"":57.5},""risk"":{""R1_stop_clarity"":{""score"":22.200705716301712},""R2_stop_distance_pct"":{""value"":6.40645815233131,""score"":100.0},""R3_stop_distance_atr"":{""value"":1.7484883556810165,""score"":100.0},""R4_rr_potential"":{""value"":0.6780733675383673,""score"":0.0},""_score"":52.77},""market"":{""M1_spy_regime"":{""score"":100.0},""M3_earnings_risk"":{""value"":null,""score"":80.0},""M4_vix"":{""value"":null,""score"":60.0},""_score"":84.0},""liquidity"":{""L1_price"":{""value"":69.06,""score"":100.0},""L2_dollar_vol"":{""value"":200935666.88448268,""score"":100.0},""L3_spread_proxy"":{""value"":0.04525050680567622,""score"":54.749493194323776},""L4_volume_zscore"":{""value"":-1.4487131320112125,""score"":100.0},""_score"":95.47},""pattern_structure"":{""left_low"":65.62,""left_idx"":47,""right_low"":67.35,""right_idx"":70,""separation_bars"":23,""structural_low"":65.62,""current_price"":69.33,""neckline_distance_pct"":-0.007067647483051996,""base_bars"":23},""pattern_geometry_features"":{""low_similarity_pct"":0.026020906971497178,""bounce_pct"":0.04907040536421821,""right_bottom_reaction"":0.2878787878788013,""atr_pct"":0.036639981796367564},""_schema_version"":""1.0""}",,,,,,,,,,
20260610T172453Z-e22c49,2026-06-10T17:24:53.606196+00:00,HQY,double_bottom,forming,55.0,83.0,76.5,56.0,41.6,16.7,17.5,73.6,84.0,82.9,12.46,19.12,4.48,5.82,2.17,1.4,4.42,5.04,4.15,True,risk_unclear,89.41,95.0,84.7199,103.99,"{""trend"":{""T1_ema_stack"":{""value"":[true,true,false],""score"":66.66666666666666},""T2_ema50_slope"":{""value"":0.16450481534799086,""score"":77.41746922466514},""T3_high_proximity"":{""value"":0.9864298323036187,""score"":93.21491615180932},""T4_rs_1m"":{""value"":0.10790332358715715,""score"":100},""T5_rs_3m"":{""value"":0.05892189129413006,""score"":79.46094564706503},""T6_adr_healthy"":{""value"":3.8677251957746113,""score"":100.0},""_score"":83.05},""geometry"":{""sub_low_similarity"":76.7,""sub_bounce_quality"":100,""sub_separation_fit"":0.0,""sub_right_bottom_reaction"":89.7,""sub_base_context"":100.0,""_score"":76.47},""compression"":{""VC1_atr_ratio"":{""value"":0.5777416049093519,""score"":100},""VC2_range_contraction"":{""value"":1.5509415054598497,""score"":0},""VC3_range_pct_rank"":{""score"":64.16666666666666},""_score"":56.04},""sr_quality"":{""SR1_touches"":{""value"":2,""score"":25.0},""SR2_tightness"":{""value"":0.41449999999999676,""score"":77.26092723535918},""SR3_recency"":{""value"":260,""score"":0.0},""SR4_price_location"":{""score"":30.0},""SR5_reaction"":{""value"":3.066757575935691,""score"":100},""_score"":41.59,""_levels_found"":4,""_target_level"":88.3855},""volume"":{""V1_rvol_day"":{""value"":0.20568213304308366,""score"":0},""V2_rvol_sameslot"":{""value"":0.6413425693121378,""score"":9.422837954142523,""status"":""ok""},""V3_breakout_bar"":{""value"":0.7691726723547163,""score"":17.944844823647756},""V4_base_dryup"":{""value"":0.985066465639478,""score"":51.4933534360522},""V5_bo_expansion"":{""value"":0.20568213304308364,""score"":0},""_score"":16.67},""readiness"":{""_distance_atr"":1.533,""BR1_atr_distance"":{""score"":0},""BR2_compression"":{""score"":0},""BR3_retest"":{""score"":50.0},""BR4_bo_age"":{""score"":50.0},""_score"":17.5},""risk"":{""R1_stop_clarity"":{""score"":29.223607413024084},""R2_stop_distance_pct"":{""value"":5.245666032882215,""score"":100.0},""R3_stop_distance_atr"":{""value"":1.286485671014243,""score"":89.32428355071215},""R4_rr_potential"":{""value"":3.1086425807277025,""score"":100.0},""_score"":73.63},""market"":{""M1_spy_regime"":{""score"":100.0},""M3_earnings_risk"":{""value"":null,""score"":80.0},""M4_vix"":{""value"":null,""score"":60.0},""_score"":84.0},""liquidity"":{""L1_price"":{""value"":89.41,""score"":100.0},""L2_dollar_vol"":{""value"":19051821.63242768,""score"":63.99682534464657},""L3_spread_proxy"":{""value"":0.026730790739290914,""score"":73.26920926070909},""L4_volume_zscore"":{""value"":-1.6500092405416737,""score"":100.0},""_score"":82.93},""pattern_structure"":{""left_low"":86.01,""left_idx"":17,""right_low"":87.02,""right_idx"":66,""separation_bars"":49,""structural_low"":86.01,""current_price"":89.45,""neckline_distance_pct"":0.062045835662381185,""base_bars"":49},""pattern_geometry_features"":{""low_similarity_pct"":0.01167427613708595,""bounce_pct"":0.10452272991512608,""right_bottom_reaction"":0.8966789667896677,""atr_pct"":0.04077516097592151},""_schema_version"":""1.0""}",,,,,,,,,,
20260610T172453Z-e22c49,2026-06-10T17:24:53.606196+00:00,EBC,bull_flag,forming,55.0,80.3,69.3,42.5,58.0,53.9,29.4,57.3,84.0,90.5,11.24,20.78,3.83,5.8,7.54,2.65,1.72,5.04,4.53,True,risk_unclear,20.55,21.04,20.1974,22.775,"{""trend"":{""T1_ema_stack"":{""value"":[true,true,true],""score"":100.0},""T2_ema50_slope"":{""value"":-0.02171375947861494,""score"":46.38104008689751},""T3_high_proximity"":{""value"":0.9762470308788599,""score"":88.12351543942992},""T4_rs_1m"":{""value"":0.05866504626307334,""score"":100},""T5_rs_3m"":{""value"":0.004245150777747675,""score"":52.12257538887384},""T6_adr_healthy"":{""value"":1.9125551290877458,""score"":100.0},""_score"":80.31},""geometry"":{""sub_pole_impulse"":74.2,""sub_flag_tightness"":53.3,""sub_flag_shallowness"":43.4,""sub_flag_drift"":100,""sub_flag_duration"":100.0,""_score"":69.27},""compression"":{""VC1_atr_ratio"":{""value"":0.6875744489056292,""score"":78.10638777359269},""VC2_range_contraction"":{""value"":0.9745826594198477,""score"":4.236223430025388},""VC3_range_pct_rank"":{""score"":39.16666666666667},""_score"":42.52},""sr_quality"":{""SR1_touches"":{""value"":3,""score"":50.0},""SR2_tightness"":{""value"":0.07363574011458156,""score"":68.35302036518365},""SR3_recency"":{""value"":268,""score"":0.0},""SR4_price_location"":{""score"":72.78840367356565},""SR5_reaction"":{""value"":1.9339984650805846,""score"":96.69992325402923},""_score"":57.96,""_levels_found"":5,""_target_level"":20.9833},""volume"":{""V1_rvol_day"":{""value"":1.0950632596539023,""score"":39.67088397692682},""V2_rvol_sameslot"":{""value"":6.732205747667882,""score"":100,""status"":""ok""},""V3_breakout_bar"":{""value"":2.9334847850107058,""score"":100},""V4_base_dryup"":{""value"":1.7337317002456607,""score"":0},""V5_bo_expansion"":{""value"":1.0950632596539023,""score"":6.337550643593485},""_score"":53.88},""readiness"":{""_distance_atr"":1.053,""BR1_atr_distance"":{""score"":29.803018674853064},""BR2_compression"":{""score"":0},""BR3_retest"":{""score"":50.0},""BR4_bo_age"":{""score"":50.0},""_score"":29.42},""risk"":{""R1_stop_clarity"":{""score"":0},""R2_stop_distance_pct"":{""value"":1.715693430656942,""score"":92.89233576642356},""R3_stop_distance_atr"":{""value"":0.7576438986953228,""score"":62.88219493476615},""R4_rr_potential"":{""value"":6.310714032475325,""score"":100.0},""_score"":57.3},""market"":{""M1_spy_regime"":{""score"":100.0},""M3_earnings_risk"":{""value"":null,""score"":80.0},""M4_vix"":{""value"":null,""score"":60.0},""_score"":84.0},""liquidity"":{""L1_price"":{""value"":20.55,""score"":100.0},""L2_dollar_vol"":{""value"":44736851.0018175,""score"":82.53327055635302},""L3_spread_proxy"":{""value"":0.0250608272506083,""score"":74.9391727493917},""L4_volume_zscore"":{""value"":0.19542570201381795,""score"":100.0},""_score"":90.51},""pattern_structure"":{""pole_low"":19.305,""pole_low_idx"":32,""peak_price"":21.04,""peak_idx"":51,""pole_gain"":0.08987308987308984,""flag_bars"":8,""flag_low"":20.505,""flag_high"":21.035,""structural_low"":20.505,""current_price"":20.54,""neckline_distance_pct"":0.024342745861733205,""base_bars"":8},""pattern_geometry_features"":{""pole_gain"":0.08987308987308984,""pullback_pct"":0.025427756653992405,""flag_range_pct"":0.02519011406844112,""flag_drift_per_bar"":0.0005564056196967431,""atr_pct"":0.022645116440736857,""pole_atr_multiple"":3.9687625412874863},""_schema_version"":""1.0""}",,,,,,,,,,
20260610T172453Z-e22c49,2026-06-10T17:24:53.606196+00:00,EBC,double_bottom,breakout_failed,55.0,80.3,66.3,42.5,58.0,57.3,29.4,51.9,84.0,90.5,12.05,16.59,3.4,8.11,7.45,2.35,3.11,5.04,4.53,True,risk_unclear,20.55,21.04,19.5621,22.22,"{""trend"":{""T1_ema_stack"":{""value"":[true,true,true],""score"":100.0},""T2_ema50_slope"":{""value"":-0.02171375947861494,""score"":46.38104008689751},""T3_high_proximity"":{""value"":0.9762470308788599,""score"":88.12351543942992},""T4_rs_1m"":{""value"":0.05866504626307334,""score"":100},""T5_rs_3m"":{""value"":0.004245150777747675,""score"":52.12257538887384},""T6_adr_healthy"":{""value"":1.9125551290877458,""score"":100.0},""_score"":80.31},""geometry"":{""sub_low_similarity"":36.1,""sub_bounce_quality"":42.0,""sub_separation_fit"":100.0,""sub_right_bottom_reaction"":80.8,""sub_base_context"":100.0,""_score"":66.35},""compression"":{""VC1_atr_ratio"":{""value"":0.6875744489056292,""score"":78.10638777359269},""VC2_range_contraction"":{""value"":0.9745826594198477,""score"":4.236223430025388},""VC3_range_pct_rank"":{""score"":39.16666666666667},""_score"":42.52},""sr_quality"":{""SR1_touches"":{""value"":3,""score"":50.0},""SR2_tightness"":{""value"":0.07363574011458156,""score"":68.35302036518365},""SR3_recency"":{""value"":268,""score"":0.0},""SR4_price_location"":{""score"":72.78840367356565},""SR5_reaction"":{""value"":1.9339984650805846,""score"":96.69992325402923},""_score"":57.96,""_levels_found"":5,""_target_level"":20.9833},""volume"":{""V1_rvol_day"":{""value"":1.0950632596539023,""score"":39.67088397692682},""V2_rvol_sameslot"":{""value"":6.732205747667882,""score"":100,""status"":""ok""},""V3_breakout_bar"":{""value"":2.9334847850107058,""score"":100},""V4_base_dryup"":{""value"":1.329556866681079,""score"":17.044313331892084},""V5_bo_expansion"":{""value"":1.0950632596539023,""score"":6.337550643593485},""_score"":57.29},""readiness"":{""_distance_atr"":1.053,""BR1_atr_distance"":{""score"":29.803018674853064},""BR2_compression"":{""score"":0},""BR3_retest"":{""score"":50.0},""BR4_bo_age"":{""score"":50.0},""_score"":29.42},""risk"":{""R1_stop_clarity"":{""score"":0},""R2_stop_distance_pct"":{""value"":4.807299270072991,""score"":100.0},""R3_stop_distance_atr"":{""value"":2.122885648503455,""score"":100.0},""R4_rr_potential"":{""value"":1.690454499443262,""score"":34.5227249721631},""_score"":51.9},""market"":{""M1_spy_regime"":{""score"":100.0},""M3_earnings_risk"":{""value"":null,""score"":80.0},""M4_vix"":{""value"":null,""score"":60.0},""_score"":84.0},""liquidity"":{""L1_price"":{""value"":20.55,""score"":100.0},""L2_dollar_vol"":{""value"":44736851.0018175,""score"":82.53327055635302},""L3_spread_proxy"":{""value"":0.0250608272506083,""score"":74.9391727493917},""L4_volume_zscore"":{""value"":0.19542570201381795,""score"":100.0},""_score"":90.51},""pattern_structure"":{""left_low"":19.86,""left_idx"":59,""right_low"":20.505,""right_idx"":74,""separation_bars"":15,""structural_low"":19.86,""current_price"":20.54,""neckline_distance_pct"":0.024342745861733205,""base_bars"":15},""pattern_geometry_features"":{""low_similarity_pct"":0.03195837978446672,""bounce_pct"":0.05941591137965759,""right_bottom_reaction"":0.807692307692295,""atr_pct"":0.022645116440736857},""_schema_version"":""1.0""}",,,,,,,,,,
20260610T172453Z-e22c49,2026-06-10T17:24:53.606196+00:00,JCI,base_on_base,breakout_failed,55.0,61.5,67.9,18.4,56.5,33.7,56.7,22.3,84.0,94.0,11.06,16.98,1.84,5.65,4.04,4.54,1.12,5.88,4.7,True,risk_unclear,141.31,141.45,124.0213,153.315,"{""trend"":{""T1_ema_stack"":{""value"":[false,true,true],""score"":66.66666666666666},""T2_ema50_slope"":{""value"":0.03179280893386589,""score"":55.298801488977645},""T3_high_proximity"":{""value"":0.9564128595600677,""score"":78.20642978003384},""T4_rs_1m"":{""value"":0.009548524482742682,""score"":59.54852448274268},""T5_rs_3m"":{""value"":-0.03222597070910149,""score"":33.887014645449256},""T6_adr_healthy"":{""value"":2.964141513835237,""score"":100.0},""_score"":61.45},""geometry"":{""sub_shallower_second"":0,""sub_second_base_depth"":100.0,""sub_rim_advance"":100,""sub_dry_up"":64.6,""sub_second_base_duration"":100.0,""_score"":67.92},""compression"":{""VC1_atr_ratio"":{""value"":0.8177056758579837,""score"":45.57358103550408},""VC2_range_contraction"":{""value"":1.2482388984949668,""score"":0},""VC3_range_pct_rank"":{""score"":0.8333333333333304},""_score"":18.44},""sr_quality"":{""SR1_touches"":{""value"":3,""score"":50.0},""SR2_tightness"":{""value"":0.8038380157441886,""score"":66.3437267705369},""SR3_recency"":{""value"":236,""score"":0.0},""SR4_price_location"":{""score"":77.21845976054313},""SR5_reaction"":{""value"":1.6377941766542794,""score"":81.88970883271396},""_score"":56.54,""_levels_found"":7,""_target_level"":142.5867},""volume"":{""V1_rvol_day"":{""value"":0.5280696233773153,""score"":1.8713082251543556},""V2_rvol_sameslot"":{""value"":1.5410454166628391,""score"":69.40302777752261,""status"":""ok""},""V3_breakout_bar"":{""value"":0.9023053543462839,""score"":26.820356956418927},""V4_base_dryup"":{""value"":0.8646448336154012,""score"":63.535516638459875},""V5_bo_expansion"":{""value"":0.5280696233773153,""score"":0},""_score"":33.67},""readiness"":{""_distance_atr"":0.029,""BR1_atr_distance"":{""score"":98.0460913103402},""BR2_compression"":{""score"":0},""BR3_retest"":{""score"":50.0},""BR4_bo_age"":{""score"":50.0},""_score"":56.72},""risk"":{""R1_stop_clarity"":{""score"":20.923221855864355},""R2_stop_distance_pct"":{""value"":12.234555233175291,""score"":0.0},""R3_stop_distance_atr"":{""value"":3.6193332286596567,""score"":100.0},""R4_rr_potential"":{""value"":0.6943862013517534,""score"":0.0},""_score"":22.32},""market"":{""M1_spy_regime"":{""score"":100.0},""M3_earnings_risk"":{""value"":null,""score"":80.0},""M4_vix"":{""value"":null,""score"":60.0},""_score"":84.0},""liquidity"":{""L1_price"":{""value"":141.31,""score"":100.0},""L2_dollar_vol"":{""value"":286973535.96137524,""score"":100.0},""L3_spread_proxy"":{""value"":0.05993843323190146,""score"":40.06156676809854},""L4_volume_zscore"":{""value"":-1.756580825208604,""score"":100.0},""_score"":94.01},""pattern_structure"":{""first_base_low"":112.205,""first_base_top"":124.07,""first_base_bars"":35,""second_base_low"":125.91,""second_base_top"":141.45,""second_base_bars"":42,""structural_low"":125.91,""stacking_overlap_pct"":-0.014830337712581635,""current_price"":141.31,""neckline_distance_pct"":0.000990729601585071,""base_bars"":42},""pattern_geometry_features"":{""first_base_depth_pct"":0.0956314983477069,""second_base_depth_pct"":0.10986214209968181,""second_dry_up_ratio"":0.6767976446974465,""rim_advance_pct"":0.14008221165471102,""atr_pct"":0.033803340174085324},""_schema_version"":""1.0""}",,,,,,,,,,
20260610T172453Z-e22c49,2026-06-10T17:24:53.606196+00:00,JCI,double_bottom,forming,55.0,61.5,76.8,18.4,56.5,27.4,17.5,43.2,84.0,94.0,9.22,19.19,1.48,7.92,3.56,1.4,2.59,5.04,4.7,True,risk_unclear,141.31,148.6967,141.1702,154.0734,"{""trend"":{""T1_ema_stack"":{""value"":[false,true,true],""score"":66.66666666666666},""T2_ema50_slope"":{""value"":0.03179280893386589,""score"":55.298801488977645},""T3_high_proximity"":{""value"":0.9564128595600677,""score"":78.20642978003384},""T4_rs_1m"":{""value"":0.009548524482742682,""score"":59.54852448274268},""T5_rs_3m"":{""value"":-0.03222597070910149,""score"":33.887014645449256},""T6_adr_healthy"":{""value"":2.964141513835237,""score"":100.0},""_score"":61.45},""geometry"":{""sub_low_similarity"":87.9,""sub_bounce_quality"":10.7,""sub_separation_fit"":100.0,""sub_right_bottom_reaction"":88.4,""sub_base_context"":100.0,""_score"":76.77},""compression"":{""VC1_atr_ratio"":{""value"":0.8177056758579837,""score"":45.57358103550408},""VC2_range_contraction"":{""value"":1.2482388984949668,""score"":0},""VC3_range_pct_rank"":{""score"":0.8333333333333304},""_score"":18.44},""sr_quality"":{""SR1_touches"":{""value"":3,""score"":50.0},""SR2_tightness"":{""value"":0.8038380157441886,""score"":66.3437267705369},""SR3_recency"":{""value"":236,""score"":0.0},""SR4_price_location"":{""score"":77.21845976054313},""SR5_reaction"":{""value"":1.6377941766542794,""score"":81.88970883271396},""_score"":56.54,""_levels_found"":7,""_target_level"":142.5867},""volume"":{""V1_rvol_day"":{""value"":0.5280696233773153,""score"":1.8713082251543556},""V2_rvol_sameslot"":{""value"":1.5410454166628391,""score"":69.40302777752261,""status"":""ok""},""V3_breakout_bar"":{""value"":0.9023053543462839,""score"":26.820356956418927},""V4_base_dryup"":{""value"":1.1768335900434266,""score"":32.31664099565734},""V5_bo_expansion"":{""value"":0.5280696233773153,""score"":0},""_score"":27.42},""readiness"":{""_distance_atr"":1.546,""BR1_atr_distance"":{""score"":0},""BR2_compression"":{""score"":0},""BR3_retest"":{""score"":50.0},""BR4_bo_age"":{""score"":50.0},""_score"":17.5},""risk"":{""R1_stop_clarity"":{""score"":9.989009263620659},""R2_stop_distance_pct"":{""value"":0.09893142735829603,""score"":52.47328568395739},""R3_stop_distance_atr"":{""value"":0.02926676087298021,""score"":26.46333804364901},""R4_rr_potential"":{""value"":91.29756795421493,""score"":100.0},""_score"":43.21},""market"":{""M1_spy_regime"":{""score"":100.0},""M3_earnings_risk"":{""value"":null,""score"":80.0},""M4_vix"":{""value"":null,""score"":60.0},""_score"":84.0},""liquidity"":{""L1_price"":{""value"":141.31,""score"":100.0},""L2_dollar_vol"":{""value"":286973535.96137524,""score"":100.0},""L3_spread_proxy"":{""value"":0.05993843323190146,""score"":40.06156676809854},""L4_volume_zscore"":{""value"":-1.756580825208604,""score"":100.0},""_score"":94.01},""pattern_structure"":{""left_low"":144.19,""left_idx"":53,""right_low"":143.32,""right_idx"":74,""separation_bars"":21,""structural_low"":143.32,""current_price"":141.955,""neckline_distance_pct"":0.047491810785107814,""base_bars"":21},""pattern_geometry_features"":{""low_similarity_pct"":0.006051963409968381,""bounce_pct"":0.03751535026514094,""right_bottom_reaction"":0.8837209302325647,""atr_pct"":0.033803340174085324},""_schema_version"":""1.0""}",,,,,,,,,,
20260610T172453Z-e22c49,2026-06-10T17:24:53.606196+00:00,CARR,cup_with_handle,forming,55.0,92.2,78.6,43.1,53.4,21.5,49.4,72.8,84.0,95.5,12.91,23.58,3.45,6.4,2.79,3.95,3.64,4.2,4.77,True,risk_unclear,69.06,69.83,64.6357,84.39,"{""trend"":{""T1_ema_stack"":{""value"":[true,true,true],""score"":100.0},""T2_ema50_slope"":{""value"":0.13972334375269976,""score"":73.2872239587833},""T3_high_proximity"":{""value"":0.9693992139247615,""score"":84.69960696238071},""T4_rs_1m"":{""value"":0.061133100601982404,""score"":100},""T5_rs_3m"":{""value"":0.09764683522664441,""score"":98.8234176133222},""T6_adr_healthy"":{""value"":3.2845640076117246,""score"":100.0},""_score"":92.19},""geometry"":{""sub_cup_depth"":100.0,""sub_cup_duration"":100.0,""sub_rim_symmetry"":56.1,""sub_handle_shallowness"":49.8,""sub_handle_proportion"":100.0,""sub_u_shape"":82.7,""_score"":78.59},""compression"":{""VC1_atr_ratio"":{""value"":0.5668050550763145,""score"":100},""VC2_range_contraction"":{""value"":1.092265500586072,""score"":0},""VC3_range_pct_rank"":{""score"":12.5},""_score"":43.12},""sr_quality"":{""SR1_touches"":{""value"":4,""score"":75.0},""SR2_tightness"":{""value"":0.5604183705054636,""score"":55.70440543640656},""SR3_recency"":{""value"":231,""score"":0.0},""SR4_price_location"":{""score"":30.0},""SR5_reaction"":{""value"":2.0570218772053632,""score"":100},""_score"":53.36,""_levels_found"":6,""_target_level"":68.9625},""volume"":{""V1_rvol_day"":{""value"":0.4372757309601546,""score"":0},""V2_rvol_sameslot"":{""value"":0.9613647063098884,""score"":30.75764708732589,""status"":""ok""},""V3_breakout_bar"":{""value"":0.7268395652062896,""score"":15.122637680419304},""V4_base_dryup"":{""value"":0.9225030238905834,""score"":57.749697610941666},""V5_bo_expansion"":{""value"":0.43727573096015454,""score"":0},""_score"":21.48},""readiness"":{""_distance_atr"":0.304,""BR1_atr_distance"":{""score"":79.7130087038345},""BR2_compression"":{""score"":0},""BR3_retest"":{""score"":50.0},""BR4_bo_age"":{""score"":50.0},""_score"":49.39},""risk"":{""R1_stop_clarity"":{""score"":22.200705716301712},""R2_stop_distance_pct"":{""value"":6.40645815233131,""score"":100.0},""R3_stop_distance_atr"":{""value"":1.7484883556810165,""score"":100.0},""R4_rr_potential"":{""value"":3.464954908121053,""score"":100.0},""_score"":72.77},""market"":{""M1_spy_regime"":{""score"":100.0},""M3_earnings_risk"":{""value"":null,""score"":80.0},""M4_vix"":{""value"":null,""score"":60.0},""_score"":84.0},""liquidity"":{""L1_price"":{""value"":69.06,""score"":100.0},""L2_dollar_vol"":{""value"":200935666.88448268,""score"":100.0},""L3_spread_proxy"":{""value"":0.04525050680567622,""score"":54.749493194323776},""L4_volume_zscore"":{""value"":-1.4487131320112125,""score"":100.0},""_score"":95.47},""pattern_structure"":{""left_rim"":68.33,""left_rim_idx"":98,""cup_bottom"":53.77,""cup_bottom_idx"":129,""right_rim"":69.83,""right_rim_idx"":173,""handle_low"":65.62,""handle_bars"":6,""cup_bars"":75,""structural_low"":65.62,""current_price"":69.06,""neckline_distance_pct"":0.011149724876918564,""base_bars"":81},""pattern_geometry_features"":{""cup_depth_pct"":0.2130835650519537,""rim_symmetry_pct"":0.021952290355627103,""handle_depth_pct"":0.060289273951023827,""handle_to_cup_ratio"":0.08,""cup_duration_bars"":75.0,""atr_pct"":0.036639981796367564,""u_shape_score"":0.41333333333333333},""_schema_version"":""1.0""}",,,,,,,,,,
20260610T172453Z-e22c49,2026-06-10T17:24:53.606196+00:00,EBC,ascending_triangle,absent,55.0,80.3,41.4,42.5,58.0,63.3,29.4,51.7,84.0,90.5,12.05,11.6,3.4,8.11,7.59,2.35,2.07,5.04,4.53,True,risk_unclear,20.55,21.04,19.5375,22.245,"{""trend"":{""T1_ema_stack"":{""value"":[true,true,true],""score"":100.0},""T2_ema50_slope"":{""value"":-0.02171375947861494,""score"":46.38104008689751},""T3_high_proximity"":{""value"":0.9762470308788599,""score"":88.12351543942992},""T4_rs_1m"":{""value"":0.05866504626307334,""score"":100},""T5_rs_3m"":{""value"":0.004245150777747675,""score"":52.12257538887384},""T6_adr_healthy"":{""value"":1.9125551290877458,""score"":100.0},""_score"":80.31},""geometry"":{""sub_flat_top_quality"":33.3,""sub_hl_slope"":54.8,""sub_compression"":0,""sub_duration"":100.0,""_score"":41.43},""compression"":{""VC1_atr_ratio"":{""value"":0.6875744489056292,""score"":78.10638777359269},""VC2_range_contraction"":{""value"":0.9745826594198477,""score"":4.236223430025388},""VC3_range_pct_rank"":{""score"":39.16666666666667},""_score"":42.52},""sr_quality"":{""SR1_touches"":{""value"":3,""score"":50.0},""SR2_tightness"":{""value"":0.07363574011458156,""score"":68.35302036518365},""SR3_recency"":{""value"":268,""score"":0.0},""SR4_price_location"":{""score"":72.78840367356565},""SR5_reaction"":{""value"":1.9339984650805846,""score"":96.69992325402923},""_score"":57.96,""_levels_found"":5,""_target_level"":20.9833},""volume"":{""V1_rvol_day"":{""value"":1.0950632596539023,""score"":39.67088397692682},""V2_rvol_sameslot"":{""value"":6.732205747667882,""score"":100,""status"":""ok""},""V3_breakout_bar"":{""value"":2.9334847850107058,""score"":100},""V4_base_dryup"":{""value"":1.0304751336501405,""score"":46.952486634985945},""V5_bo_expansion"":{""value"":1.0950632596539023,""score"":6.337550643593485},""_score"":63.28},""readiness"":{""_distance_atr"":1.053,""BR1_atr_distance"":{""score"":29.803018674853064},""BR2_compression"":{""score"":0},""BR3_retest"":{""score"":50.0},""BR4_bo_age"":{""score"":50.0},""_score"":29.42},""risk"":{""R1_stop_clarity"":{""score"":0},""R2_stop_distance_pct"":{""value"":4.92712895377129,""score"":100.0},""R3_stop_distance_atr"":{""value"":2.175801995395244,""score"":100.0},""R4_rr_potential"":{""value"":1.674032739932344,""score"":33.701636996617204},""_score"":51.74},""market"":{""M1_spy_regime"":{""score"":100.0},""M3_earnings_risk"":{""value"":null,""score"":80.0},""M4_vix"":{""value"":null,""score"":60.0},""_score"":84.0},""liquidity"":{""L1_price"":{""value"":20.55,""score"":100.0},""L2_dollar_vol"":{""value"":44736851.0018175,""score"":82.53327055635302},""L3_spread_proxy"":{""value"":0.0250608272506083,""score"":74.9391727493917},""L4_volume_zscore"":{""value"":0.19542570201381795,""score"":100.0},""_score"":90.51},""pattern_structure"":{""top"":21.04,""top_touches"":2,""low_slope_per_bar"":0.03262376237623756,""lowest_low"":19.835,""structural_low"":19.835,""current_price"":20.54,""neckline_distance_pct"":0.024342745861733205,""base_bars"":36},""pattern_geometry_features"":{""top_touches"":2.0,""low_slope"":0.03262376237623756,""compression"":-0.22627219325457082,""atr_pct"":0.022645116440736857},""_schema_version"":""1.0""}",,,,,,,,,,
20260610T172453Z-e22c49,2026-06-10T17:24:53.606196+00:00,EBC,breakout_retest_hold,breakout_confirmed,55.0,80.3,62.7,42.5,58.0,67.3,44.2,36.1,84.0,90.5,11.24,13.79,2.55,8.11,8.75,7.96,1.8,4.2,2.72,True,risk_unclear,20.55,20.3,20.2999,19.89,"{""trend"":{""T1_ema_stack"":{""value"":[true,true,true],""score"":100.0},""T2_ema50_slope"":{""value"":-0.02171375947861494,""score"":46.38104008689751},""T3_high_proximity"":{""value"":0.9762470308788599,""score"":88.12351543942992},""T4_rs_1m"":{""value"":0.05866504626307334,""score"":100},""T5_rs_3m"":{""value"":0.004245150777747675,""score"":52.12257538887384},""T6_adr_healthy"":{""value"":1.9125551290877458,""score"":100.0},""_score"":80.31},""geometry"":{""sub_retest_depth"":0.0,""sub_retest_timing"":80.0,""sub_retest_freshness"":100.0,""sub_hold_quality"":89.0,""_score"":62.7},""compression"":{""VC1_atr_ratio"":{""value"":0.6875744489056292,""score"":78.10638777359269},""VC2_range_contraction"":{""value"":0.9745826594198477,""score"":4.236223430025388},""VC3_range_pct_rank"":{""score"":39.16666666666667},""_score"":42.52},""sr_quality"":{""SR1_touches"":{""value"":3,""score"":50.0},""SR2_tightness"":{""value"":0.07363574011458156,""score"":68.35302036518365},""SR3_recency"":{""value"":268,""score"":0.0},""SR4_price_location"":{""score"":72.78840367356565},""SR5_reaction"":{""value"":1.9339984650805846,""score"":96.69992325402923},""_score"":57.96,""_levels_found"":5,""_target_level"":20.9833},""volume"":{""V1_rvol_day"":{""value"":1.0950632596539023,""score"":39.67088397692682},""V2_rvol_sameslot"":{""value"":6.732205747667882,""score"":100,""status"":""ok""},""V3_breakout_bar"":{""value"":2.9334847850107058,""score"":100},""V4_base_dryup"":{""value"":0.8276233149748227,""score"":67.23766850251774},""V5_bo_expansion"":{""value"":1.0950632596539023,""score"":6.337550643593485},""_score"":67.33},""readiness"":{""_distance_atr"":-0.537,""BR1_atr_distance"":{""score"":49.25556408288564},""BR2_compression"":{""score"":0},""BR3_retest"":{""score"":100},""BR4_bo_age"":{""score"":30.0},""_score"":44.2},""risk"":{""R1_stop_clarity"":{""score"":11.87413660782802},""R2_stop_distance_pct"":{""value"":1.2167883211678914,""score"":80.4197080291973},""R3_stop_distance_atr"":{""value"":0.5373292402148928,""score"":51.86646201074464},""R4_rr_potential"":{""value"":-2.6394721055788533,""score"":0.0},""_score"":36.06},""market"":{""M1_spy_regime"":{""score"":100.0},""M3_earnings_risk"":{""value"":null,""score"":80.0},""M4_vix"":{""value"":null,""score"":60.0},""_score"":84.0},""liquidity"":{""L1_price"":{""value"":20.55,""score"":100.0},""L2_dollar_vol"":{""value"":44736851.0018175,""score"":82.53327055635302},""L3_spread_proxy"":{""value"":0.0250608272506083,""score"":74.9391727493917},""L4_volume_zscore"":{""value"":0.19542570201381795,""score"":100.0},""_score"":90.51},""pattern_structure"":{""level"":20.3,""level_idx"":17,""breakout_idx"":65,""bo_peak_idx"":71,""bo_peak_price"":21.04,""retest_idx"":74,""retest_low"":20.505,""structural_low"":20.505,""current_price"":20.54,""neckline_distance_pct"":-0.011684518013631863,""base_bars"":62,""bars_since_breakout"":14},""pattern_geometry_features"":{""retest_depth_atr"":-0.9294643435455573,""bars_breakout_to_retest"":9.0,""bars_since_retest"":5.0,""current_above_level_atr"":1.0881533778094348,""bo_peak_excess_pct"":0.03645320197044327,""atr_pct"":0.022645116440736857},""_schema_version"":""1.0""}",,,,,,,,,,
20260610T172453Z-e22c49,2026-06-10T17:24:53.606196+00:00,EBC,vcp,breakout_confirmed,55.0,80.3,59.1,42.5,58.0,67.3,37.2,51.0,84.0,90.5,12.05,14.78,5.1,6.96,8.75,2.6,2.55,5.04,4.53,True,risk_unclear,20.55,20.3,18.9711,23.08,"{""trend"":{""T1_ema_stack"":{""value"":[true,true,true],""score"":100.0},""T2_ema50_slope"":{""value"":-0.02171375947861494,""score"":46.38104008689751},""T3_high_proximity"":{""value"":0.9762470308788599,""score"":88.12351543942992},""T4_rs_1m"":{""value"":0.05866504626307334,""score"":100},""T5_rs_3m"":{""value"":0.004245150777747675,""score"":52.12257538887384},""T6_adr_healthy"":{""value"":1.9125551290877458,""score"":100.0},""_score"":80.31},""geometry"":{""sub_contraction_count"":100.0,""sub_reduction_rate"":24.2,""sub_pivot_tightness"":69.7,""sub_volume_dryup"":0,""sub_base_depth"":76.1,""sub_base_duration"":100.0,""_score"":59.12},""compression"":{""VC1_atr_ratio"":{""value"":0.6875744489056292,""score"":78.10638777359269},""VC2_range_contraction"":{""value"":0.9745826594198477,""score"":4.236223430025388},""VC3_range_pct_rank"":{""score"":39.16666666666667},""_score"":42.52},""sr_quality"":{""SR1_touches"":{""value"":3,""score"":50.0},""SR2_tightness"":{""value"":0.07363574011458156,""score"":68.35302036518365},""SR3_recency"":{""value"":268,""score"":0.0},""SR4_price_location"":{""score"":72.78840367356565},""SR5_reaction"":{""value"":1.9339984650805846,""score"":96.69992325402923},""_score"":57.96,""_levels_found"":5,""_target_level"":20.9833},""volume"":{""V1_rvol_day"":{""value"":1.0950632596539023,""score"":39.67088397692682},""V2_rvol_sameslot"":{""value"":6.732205747667882,""score"":100,""status"":""ok""},""V3_breakout_bar"":{""value"":2.9334847850107058,""score"":100},""V4_base_dryup"":{""value"":0.8276233149748227,""score"":67.23766850251774},""V5_bo_expansion"":{""value"":1.0950632596539023,""score"":6.337550643593485},""_score"":67.33},""readiness"":{""_distance_atr"":-0.537,""BR1_atr_distance"":{""score"":49.25556408288564},""BR2_compression"":{""score"":0},""BR3_retest"":{""score"":50.0},""BR4_bo_age"":{""score"":50.0},""_score"":37.2},""risk"":{""R1_stop_clarity"":{""score"":0},""R2_stop_distance_pct"":{""value"":7.68321167883212,""score"":100.0},""R3_stop_distance_atr"":{""value"":3.392877973906375,""score"":100.0},""R4_rr_potential"":{""value"":1.6023814047754743,""score"":30.119070238773716},""_score"":51.02},""market"":{""M1_spy_regime"":{""score"":100.0},""M3_earnings_risk"":{""value"":null,""score"":80.0},""M4_vix"":{""value"":null,""score"":60.0},""_score"":84.0},""liquidity"":{""L1_price"":{""value"":20.55,""score"":100.0},""L2_dollar_vol"":{""value"":44736851.0018175,""score"":82.53327055635302},""L3_spread_proxy"":{""value"":0.0250608272506083,""score"":74.9391727493917},""L4_volume_zscore"":{""value"":0.19542570201381795,""score"":100.0},""_score"":90.51},""pattern_structure"":{""n_contractions"":5,""contractions_pct"":[13.75,6.22,10.27,7.36,5.12],""descending_strict"":false,""final_low"":19.26,""final_pivot"":20.3,""structural_low"":19.26,""dry_up_ratio"":1.595045840030534,""current_price"":20.55,""neckline_distance_pct"":-0.0121654501216545,""base_bars"":73},""pattern_geometry_features"":{""contraction_count"":5.0,""first_contraction_pct"":0.13747731397459154,""last_contraction_pct"":0.05123152709359602,""dry_up_ratio"":1.595045840030534,""near_monotone"":0.0,""base_depth_pct"":0.12613430127041733},""_schema_version"":""1.0""}",,,,,,,,,,
20260610T172453Z-e22c49,2026-06-10T17:24:53.606196+00:00,NTES,double_bottom,absent,55.0,78.2,48.8,58.7,62.9,10.7,54.8,48.2,84.0,94.0,11.73,12.19,4.7,8.81,1.39,4.38,2.89,5.04,4.7,True,risk_unclear,125.6,126.0,117.2347,132.98,"{""trend"":{""T1_ema_stack"":{""value"":[true,true,false],""score"":66.66666666666666},""T2_ema50_slope"":{""value"":0.09673485306841229,""score"":66.12247551140204},""T3_high_proximity"":{""value"":1.0,""score"":99.99999999999997},""T4_rs_1m"":{""value"":0.09366551593136929,""score"":100},""T5_rs_3m"":{""value"":0.010665966826467255,""score"":55.33298341323363},""T6_adr_healthy"":{""value"":2.496265735191701,""score"":100.0},""_score"":78.19},""geometry"":{""sub_low_similarity"":54.8,""sub_bounce_quality"":40.9,""sub_separation_fit"":0.0,""sub_right_bottom_reaction"":27.7,""sub_base_context"":100.0,""_score"":48.77},""compression"":{""VC1_atr_ratio"":{""value"":0.6199018221911129,""score"":95.02454445222178},""VC2_range_contraction"":{""value"":0.6911725180556247,""score"":51.47124699072921},""VC3_range_pct_rank"":{""score"":10.833333333333329},""_score"":58.73},""sr_quality"":{""SR1_touches"":{""value"":3,""score"":50.0},""SR2_tightness"":{""value"":0.49134735393835544,""score"":74.98231395425888},""SR3_recency"":{""value"":231,""score"":0.0},""SR4_price_location"":{""score"":92.52688594081147},""SR5_reaction"":{""value"":1.8066870332654454,""score"":90.33435166327227},""_score"":62.93,""_levels_found"":5,""_target_level"":126.0533},""volume"":{""V1_rvol_day"":{""value"":0.47816235717150535,""score"":0},""V2_rvol_sameslot"":{""value"":0.4349538056694873,""score"":0,""status"":""ok""},""V3_breakout_bar"":{""value"":0.5393075594747848,""score"":2.6205039649856543},""V4_base_dryup"":{""value"":0.9966482485707784,""score"":50.33517514292216},""V5_bo_expansion"":{""value"":0.47816235717150535,""score"":0},""_score"":10.72},""readiness"":{""_distance_atr"":0.102,""BR1_atr_distance"":{""score"":93.21113374066522},""BR2_compression"":{""score"":0},""BR3_retest"":{""score"":50.0},""BR4_bo_age"":{""score"":50.0},""_score"":54.78},""risk"":{""R1_stop_clarity"":{""score"":9.098778004072969},""R2_stop_distance_pct"":{""value"":6.660270700636947,""score"":100.0},""R3_stop_distance_atr"":{""value"":2.12965885947047,""score"":100.0},""R4_rr_potential"":{""value"":0.8822158201140449,""score"":0.0},""_score"":48.18},""market"":{""M1_spy_regime"":{""score"":100.0},""M3_earnings_risk"":{""value"":null,""score"":80.0},""M4_vix"":{""value"":null,""score"":60.0},""_score"":84.0},""liquidity"":{""L1_price"":{""value"":125.6,""score"":100.0},""L2_dollar_vol"":{""value"":70792231.536892,""score"":92.49928012617788},""L3_spread_proxy"":{""value"":0.030095541401273896,""score"":69.90445859872611},""L4_volume_zscore"":{""value"":-0.6173072877206873,""score"":100.0},""_score"":93.99},""pattern_structure"":{""left_low"":121.74,""left_idx"":23,""right_low"":119.02,""right_idx"":70,""separation_bars"":47,""structural_low"":119.02,""current_price"":125.63,""neckline_distance_pct"":0.0029451564116851434,""base_bars"":47},""pattern_geometry_features"":{""low_similarity_pct"":0.022595115467685653,""bounce_pct"":0.05864560578054112,""right_bottom_reaction"":0.2765957446808723,""atr_pct"":0.03127388535031847},""_schema_version"":""1.0""}",,,,,,,,,,
20260610T172453Z-e22c49,2026-06-10T17:24:53.606196+00:00,TT,cup_with_handle,forming,55.0,47.6,76.5,42.4,45.8,23.4,25.8,65.0,84.0,94.6,6.67,22.94,3.39,5.49,3.04,2.07,3.25,4.2,4.73,True,risk_unclear,452.53,466.82,434.3404,531.66,"{""trend"":{""T1_ema_stack"":{""value"":[false,true,true],""score"":66.66666666666666},""T2_ema50_slope"":{""value"":-0.014982066131002975,""score"":47.50298897816617},""T3_high_proximity"":{""value"":0.9187680188411093,""score"":59.384009420554605},""T4_rs_1m"":{""value"":-0.03744078265805173,""score"":12.559217341948269},""T5_rs_3m"":{""value"":-0.03253854150564606,""score"":33.73072924717697},""T6_adr_healthy"":{""value"":2.3502599742342425,""score"":100.0},""_score"":47.65},""geometry"":{""sub_cup_depth"":58.6,""sub_cup_duration"":100.0,""sub_rim_symmetry"":95.0,""sub_handle_shallowness"":53.8,""sub_handle_proportion"":100.0,""sub_u_shape"":66.7,""_score"":76.48},""compression"":{""VC1_atr_ratio"":{""value"":0.5540964615512008,""score"":100},""VC2_range_contraction"":{""value"":0.9703287942221197,""score"":4.945200962980049},""VC3_range_pct_rank"":{""score"":2.500000000000002},""_score"":42.36},""sr_quality"":{""SR1_touches"":{""value"":4,""score"":75.0},""SR2_tightness"":{""value"":2.7808775031453687,""score"":53.79083414454544},""SR3_recency"":{""value"":230,""score"":0.0},""SR4_price_location"":{""score"":0.8519701810436325},""SR5_reaction"":{""value"":2.4941793873876437,""score"":100},""_score"":45.78,""_levels_found"":8,""_target_level"":467.6587},""volume"":{""V1_rvol_day"":{""value"":0.44111705466412576,""score"":0},""V2_rvol_sameslot"":{""value"":1.1097949153564435,""score"":40.65299435709623,""status"":""ok""},""V3_breakout_bar"":{""value"":0.7818864354889737,""score"":18.79242903259825},""V4_base_dryup"":{""value"":0.9708020148478825,""score"":52.919798515211745},""V5_bo_expansion"":{""value"":0.44111705466412576,""score"":0},""_score"":23.41},""readiness"":{""_distance_atr"":1.187,""BR1_atr_distance"":{""score"":20.8488472520433},""BR2_compression"":{""score"":0},""BR3_retest"":{""score"":50.0},""BR4_bo_age"":{""score"":50.0},""_score"":25.84},""risk"":{""R1_stop_clarity"":{""score"":0},""R2_stop_distance_pct"":{""value"":4.019539146575916,""score"":100.0},""R3_stop_distance_atr"":{""value"":1.5112625233969856,""score"":100.0},""R4_rr_potential"":{""value"":4.350283173857319,""score"":100.0},""_score"":65.0},""market"":{""M1_spy_regime"":{""score"":100.0},""M3_earnings_risk"":{""value"":null,""score"":80.0},""M4_vix"":{""value"":null,""score"":60.0},""_score"":84.0},""liquidity"":{""L1_price"":{""value"":452.53,""score"":100.0},""L2_dollar_vol"":{""value"":266110488.07543162,""score"":100.0},""L3_spread_proxy"":{""value"":0.05400702715842055,""score"":45.99297284157945},""L4_volume_zscore"":{""value"":-1.6683137905492076,""score"":100.0},""_score"":94.6},""pattern_structure"":{""left_rim"":467.98,""left_rim_idx"":109,""cup_bottom"":403.14,""cup_bottom_idx"":129,""right_rim"":466.82,""right_rim_idx"":169,""handle_low"":440.9547,""handle_bars"":10,""cup_bars"":60,""structural_low"":440.9547,""current_price"":452.53,""neckline_distance_pct"":0.03157801692705461,""base_bars"":70},""pattern_geometry_features"":{""cup_depth_pct"":0.13855292961237667,""rim_symmetry_pct"":0.002478738407624311,""handle_depth_pct"":0.0554074375562315,""handle_to_cup_ratio"":0.16666666666666666,""cup_duration_bars"":60.0,""atr_pct"":0.026597226387516548,""u_shape_score"":0.3333333333333333},""_schema_version"":""1.0""}",,,,,,,,,,
20260610T172453Z-e22c49,2026-06-10T17:24:53.606196+00:00,XEL,breakout_retest_hold,setup,55.0,39.2,68.1,56.2,56.2,24.1,67.4,44.7,84.0,98.5,5.49,14.98,3.37,7.86,3.14,12.12,2.23,4.2,2.95,True,risk_unclear,78.155,77.5,76.527,77.9,"{""trend"":{""T1_ema_stack"":{""value"":[false,false,true],""score"":33.33333333333333},""T2_ema50_slope"":{""value"":-0.0380974858908982,""score"":43.650419018183634},""T3_high_proximity"":{""value"":0.9421940928270042,""score"":71.09704641350206},""T4_rs_1m"":{""value"":-0.017471468047535965,""score"":32.528531952464036},""T5_rs_3m"":{""value"":-0.1141677103349904,""score"":0},""T6_adr_healthy"":{""value"":2.0509995706724857,""score"":100.0},""_score"":39.23},""geometry"":{""sub_retest_depth"":100.0,""sub_retest_timing"":0.0,""sub_retest_freshness"":50.0,""sub_hold_quality"":93.7,""_score"":68.11},""compression"":{""VC1_atr_ratio"":{""value"":0.6024554386622308,""score"":99.38614033444229},""VC2_range_contraction"":{""value"":1.3089223938904972,""score"":0},""VC3_range_pct_rank"":{""score"":65.83333333333333},""_score"":56.21},""sr_quality"":{""SR1_touches"":{""value"":2,""score"":25.0},""SR2_tightness"":{""value"":0.13000000000000256,""score"":85.05440361322081},""SR3_recency"":{""value"":254,""score"":0.0},""SR4_price_location"":{""score"":83.61904761904736},""SR5_reaction"":{""value"":2.57811537671936,""score"":100},""_score"":56.16,""_levels_found"":6,""_target_level"":78.37},""volume"":{""V1_rvol_day"":{""value"":0.5937663157970854,""score"":6.2510877198056924},""V2_rvol_sameslot"":{""value"":1.2908096822490096,""score"":52.720645483267305,""status"":""ok""},""V3_breakout_bar"":{""value"":0.8716780641530287,""score"":24.778537610201916},""V4_base_dryup"":{""value"":1.1921659734573344,""score"":30.783402654266553},""V5_bo_expansion"":{""value"":0.5937663157970854,""score"":0},""_score"":24.15},""readiness"":{""_distance_atr"":-0.377,""BR1_atr_distance"":{""score"":100.0},""BR2_compression"":{""score"":16.030033889851488},""BR3_retest"":{""score"":94.25169369739265},""BR4_bo_age"":{""score"":30.0},""_score"":67.36},""risk"":{""R1_stop_clarity"":{""score"":11.131184561692052},""R2_stop_distance_pct"":{""value"":2.083040112596763,""score"":100.0},""R3_stop_distance_atr"":{""value"":0.9358242660644637,""score"":71.79121330322317},""R4_rr_potential"":{""value"":-0.15663390663390384,""score"":0.0},""_score"":44.66},""market"":{""M1_spy_regime"":{""score"":100.0},""M3_earnings_risk"":{""value"":null,""score"":80.0},""M4_vix"":{""value"":null,""score"":60.0},""_score"":84.0},""liquidity"":{""L1_price"":{""value"":78.155,""score"":100.0},""L2_dollar_vol"":{""value"":253606847.0645729,""score"":100.0},""L3_spread_proxy"":{""value"":0.015354104024054798,""score"":84.6458959759452},""L4_volume_zscore"":{""value"":-0.9055072737544639,""score"":100.0},""_score"":98.46},""pattern_structure"":{""level"":77.5,""level_idx"":41,""breakout_idx"":45,""bo_peak_idx"":65,""bo_peak_price"":79.88,""retest_idx"":71,""retest_low"":77.3,""structural_low"":77.3,""current_price"":78.06,""neckline_distance_pct"":-0.007173968741993367,""base_bars"":38,""bars_since_breakout"":34},""pattern_geometry_features"":{""retest_depth_atr"":0.37508372404555174,""bars_breakout_to_retest"":26.0,""bars_since_retest"":8.0,""current_above_level_atr"":1.0502344273275341,""bo_peak_excess_pct"":0.03070967741935478,""atr_pct"":0.022258881161062713},""_schema_version"":""1.0""}",,,,,,,,,,
20260610T172453Z-e22c49,2026-06-10T17:24:53.606196+00:00,NTES,vcp,forming,55.0,78.2,57.0,58.7,62.9,10.6,50.2,47.5,84.0,94.0,11.73,14.26,7.05,7.55,1.38,3.51,2.37,5.04,4.7,True,risk_unclear,125.6,126.68,119.7267,125.0,"{""trend"":{""T1_ema_stack"":{""value"":[true,true,false],""score"":66.66666666666666},""T2_ema50_slope"":{""value"":0.09673485306841229,""score"":66.12247551140204},""T3_high_proximity"":{""value"":1.0,""score"":99.99999999999997},""T4_rs_1m"":{""value"":0.09366551593136929,""score"":100},""T5_rs_3m"":{""value"":0.010665966826467255,""score"":55.33298341323363},""T6_adr_healthy"":{""value"":2.496265735191701,""score"":100.0},""_score"":78.19},""geometry"":{""sub_contraction_count"":100.0,""sub_reduction_rate"":0,""sub_pivot_tightness"":85.0,""sub_volume_dryup"":62.0,""sub_base_depth"":0.0,""sub_base_duration"":100.0,""_score"":57.05},""compression"":{""VC1_atr_ratio"":{""value"":0.6199018221911129,""score"":95.02454445222178},""VC2_range_contraction"":{""value"":0.6911725180556247,""score"":51.47124699072921},""VC3_range_pct_rank"":{""score"":10.833333333333329},""_score"":58.73},""sr_quality"":{""SR1_touches"":{""value"":3,""score"":50.0},""SR2_tightness"":{""value"":0.49134735393835544,""score"":74.98231395425888},""SR3_recency"":{""value"":231,""score"":0.0},""SR4_price_location"":{""score"":92.52688594081147},""SR5_reaction"":{""value"":1.8066870332654454,""score"":90.33435166327227},""_score"":62.93,""_levels_found"":5,""_target_level"":126.0533},""volume"":{""V1_rvol_day"":{""value"":0.47816235717150535,""score"":0},""V2_rvol_sameslot"":{""value"":0.4349538056694873,""score"":0,""status"":""ok""},""V3_breakout_bar"":{""value"":0.5393075594747848,""score"":2.6205039649856543},""V4_base_dryup"":{""value"":1.003323204096346,""score"":49.667679590365395},""V5_bo_expansion"":{""value"":0.47816235717150535,""score"":0},""_score"":10.59},""readiness"":{""_distance_atr"":0.275,""BR1_atr_distance"":{""score"":81.67006109979613},""BR2_compression"":{""score"":0},""BR3_retest"":{""score"":50.0},""BR4_bo_age"":{""score"":50.0},""_score"":50.17},""risk"":{""R1_stop_clarity"":{""score"":7.1664969450100955},""R2_stop_distance_pct"":{""value"":4.676154458598726,""score"":100.0},""R3_stop_distance_atr"":{""value"":1.4952265784114052,""score"":99.76132892057026},""R4_rr_potential"":{""value"":-0.10215808964372029,""score"":0.0},""_score"":47.47},""market"":{""M1_spy_regime"":{""score"":100.0},""M3_earnings_risk"":{""value"":null,""score"":80.0},""M4_vix"":{""value"":null,""score"":60.0},""_score"":84.0},""liquidity"":{""L1_price"":{""value"":125.6,""score"":100.0},""L2_dollar_vol"":{""value"":70792231.536892,""score"":92.49928012617788},""L3_spread_proxy"":{""value"":0.030095541401273896,""score"":69.90445859872611},""L4_volume_zscore"":{""value"":-0.6173072877206873,""score"":100.0},""_score"":93.99},""pattern_structure"":{""n_contractions"":5,""contractions_pct"":[4.21,9.4,8.99,12.14,4.05],""descending_strict"":false,""final_low"":121.55,""final_pivot"":126.68,""structural_low"":121.55,""dry_up_ratio"":0.6900258199732319,""current_price"":125.6,""neckline_distance_pct"":0.008598726114649782,""base_bars"":57},""pattern_geometry_features"":{""contraction_count"":5.0,""first_contraction_pct"":0.04212897305414208,""last_contraction_pct"":0.040495737290811566,""dry_up_ratio"":0.6900258199732319,""near_monotone"":0.0,""base_depth_pct"":-0.014015183115041232},""_schema_version"":""1.0""}",,,,,,,,,,
20260610T172453Z-e22c49,2026-06-10T17:24:53.606196+00:00,ETN,cup_with_handle,forming,55.0,44.8,75.0,37.9,55.0,38.8,17.5,65.9,84.0,93.4,6.27,22.49,3.03,6.6,5.05,1.4,3.29,4.2,4.67,True,risk_unclear,376.34,409.65,369.4144,479.85,"{""trend"":{""T1_ema_stack"":{""value"":[false,true,true],""score"":66.66666666666666},""T2_ema50_slope"":{""value"":0.060320520847216404,""score"":60.053420141202736},""T3_high_proximity"":{""value"":0.8691254243550957,""score"":34.56271217754781},""T4_rs_1m"":{""value"":-0.08895032293658434,""score"":0},""T5_rs_3m"":{""value"":-0.021285463247219694,""score"":39.35726837639015},""T6_adr_healthy"":{""value"":3.3188041415059404,""score"":100.0},""_score"":44.77},""geometry"":{""sub_cup_depth"":91.9,""sub_cup_duration"":100.0,""sub_rim_symmetry"":94.1,""sub_handle_shallowness"":29.6,""sub_handle_proportion"":100.0,""sub_u_shape"":45.7,""_score"":74.98},""compression"":{""VC1_atr_ratio"":{""value"":0.6276733631768896,""score"":93.0816592057776},""VC2_range_contraction"":{""value"":1.081801750951583,""score"":0},""VC3_range_pct_rank"":{""score"":2.500000000000002},""_score"":37.86},""sr_quality"":{""SR1_touches"":{""value"":2,""score"":25.0},""SR2_tightness"":{""value"":1.1875,""score"":84.93991592623141},""SR3_recency"":{""value"":278,""score"":0.0},""SR4_price_location"":{""score"":79.16195464555668},""SR5_reaction"":{""value"":2.4814262737547357,""score"":100},""_score"":55.03,""_levels_found"":7,""_target_level"":379.2575},""volume"":{""V1_rvol_day"":{""value"":0.6541785263635129,""score"":10.278568424234196},""V2_rvol_sameslot"":{""value"":1.5673279777464075,""score"":71.15519851642716,""status"":""ok""},""V3_breakout_bar"":{""value"":1.0621646016410156,""score"":37.47764010940104},""V4_base_dryup"":{""value"":0.8408875338246933,""score"":65.91124661753068},""V5_bo_expansion"":{""value"":0.6541785263635129,""score"":0},""_score"":38.84},""readiness"":{""_distance_atr"":2.112,""BR1_atr_distance"":{""score"":0},""BR2_compression"":{""score"":0},""BR3_retest"":{""score"":50.0},""BR4_bo_age"":{""score"":50.0},""_score"":17.5},""risk"":{""R1_stop_clarity"":{""score"":28.655150344932252},""R2_stop_distance_pct"":{""value"":1.840250837009081,""score"":96.00627092522703},""R3_stop_distance_atr"":{""value"":0.4391583926791219,""score"":46.95791963395609},""R4_rr_potential"":{""value"":14.945997458703992,""score"":100.0},""_score"":65.87},""market"":{""M1_spy_regime"":{""score"":100.0},""M3_earnings_risk"":{""value"":null,""score"":80.0},""M4_vix"":{""value"":null,""score"":60.0},""_score"":84.0},""liquidity"":{""L1_price"":{""value"":376.34,""score"":100.0},""L2_dollar_vol"":{""value"":599940904.3363582,""score"":100.0},""L3_spread_proxy"":{""value"":0.06587128660254016,""score"":34.12871339745985},""L4_volume_zscore"":{""value"":-1.8016403082437733,""score"":100.0},""_score"":93.41},""pattern_structure"":{""left_rim"":408.45,""left_rim_idx"":98,""cup_bottom"":338.25,""cup_bottom_idx"":114,""right_rim"":409.65,""right_rim_idx"":168,""handle_low"":375.04,""handle_bars"":11,""cup_bars"":70,""structural_low"":375.04,""current_price"":376.34,""neckline_distance_pct"":0.08851038954137218,""base_bars"":81},""pattern_geometry_features"":{""cup_depth_pct"":0.1718692618435549,""rim_symmetry_pct"":0.0029379360998897995,""handle_depth_pct"":0.0844867569876723,""handle_to_cup_ratio"":0.15714285714285714,""cup_duration_bars"":70.0,""atr_pct"":0.04190403434584227,""u_shape_score"":0.22857142857142856},""_schema_version"":""1.0""}",,,,,,,,,,
20260610T172453Z-e22c49,2026-06-10T17:24:53.606196+00:00,TTAN,double_bottom,forming,54.78,66.7,74.3,23.6,42.4,13.5,30.3,82.1,84.0,84.8,10.0,18.57,1.89,5.94,1.75,2.42,4.92,5.04,4.24,False,,72.655,84.09,67.5711,99.5799,"{""trend"":{""T1_ema_stack"":{""value"":[true,true,false],""score"":66.66666666666666},""T2_ema50_slope"":{""value"":0.14612485912769035,""score"":74.3541431879484},""T3_high_proximity"":{""value"":0.9353115345005149,""score"":67.6557672502574},""T4_rs_1m"":{""value"":0.21795557461269133,""score"":100},""T5_rs_3m"":{""value"":-0.1533849338863117,""score"":0},""T6_adr_healthy"":{""value"":6.106483094027043,""score"":100.0},""_score"":66.69},""geometry"":{""sub_low_similarity"":47.9,""sub_bounce_quality"":100,""sub_separation_fit"":86.7,""sub_right_bottom_reaction"":46.0,""sub_base_context"":100.0,""_score"":74.28},""compression"":{""VC1_atr_ratio"":{""value"":0.8450588909552395,""score"":38.735277261190134},""VC2_range_contraction"":{""value"":1.3404644734325082,""score"":0},""VC3_range_pct_rank"":{""score"":32.49999999999999},""_score"":23.62},""sr_quality"":{""SR1_touches"":{""value"":2,""score"":25.0},""SR2_tightness"":{""value"":0.3200000000000003,""score"":87.39178890252276},""SR3_recency"":{""value"":228,""score"":0.0},""SR4_price_location"":{""score"":27.170629746358493},""SR5_reaction"":{""value"":2.980659904762978,""score"":100},""_score"":42.4,""_levels_found"":7,""_target_level"":83.77},""volume"":{""V1_rvol_day"":{""value"":0.287742895904843,""score"":0},""V2_rvol_sameslot"":{""value"":0.8907034697353673,""score"":26.04689798235782,""status"":""ok""},""V3_breakout_bar"":{""value"":0.6490564209899459,""score"":9.93709473266306},""V4_base_dryup"":{""value"":1.2112626035512417,""score"":28.873739644875826},""V5_bo_expansion"":{""value"":0.287742895904843,""score"":0},""_score"":13.47},""readiness"":{""_distance_atr"":2.253,""BR1_atr_distance"":{""score"":0},""BR2_compression"":{""score"":51.14865951705448},""BR3_retest"":{""score"":50.0},""BR4_bo_age"":{""score"":50.0},""_score"":30.29},""risk"":{""R1_stop_clarity"":{""score"":59.456662088685},""R2_stop_distance_pct"":{""value"":6.997318147409001,""score"":100.0},""R3_stop_distance_atr"":{""value"":1.001545364230957,""score"":75.07726821154786},""R4_rr_potential"":{""value"":5.296109690559495,""score"":100.0},""_score"":82.07},""market"":{""M1_spy_regime"":{""score"":100.0},""M3_earnings_risk"":{""value"":null,""score"":80.0},""M4_vix"":{""value"":null,""score"":60.0},""_score"":84.0},""liquidity"":{""L1_price"":{""value"":72.655,""score"":100.0},""L2_dollar_vol"":{""value"":35469662.03675807,""score"":77.49285252160911},""L3_spread_proxy"":{""value"":0.06193654944601197,""score"":38.06345055398803},""L4_volume_zscore"":{""value"":-1.2705343529466475,""score"":100.0},""_score"":84.8},""pattern_structure"":{""left_low"":70.41,""left_idx"":41,""right_low"":68.6001,""right_idx"":73,""separation_bars"":32,""structural_low"":68.6001,""current_price"":72.71,""neckline_distance_pct"":0.15651217164076484,""base_bars"":32},""pattern_geometry_features"":{""low_similarity_pct"":0.026039834515621512,""bounce_pct"":0.22579996239072547,""right_bottom_reaction"":0.45954847595665005,""atr_pct"":0.06986521427096751},""_schema_version"":""1.0""}",,,,,,,,,,
20260610T172453Z-e22c49,2026-06-10T17:24:53.606196+00:00,VNET,double_bottom,forming,54.77,48.0,67.8,43.1,66.4,15.5,24.5,81.2,84.0,79.5,7.2,16.96,3.44,9.29,2.02,1.96,4.87,5.04,3.98,False,,8.905,9.875,8.4908,11.1299,"{""trend"":{""T1_ema_stack"":{""value"":[false,true,true],""score"":66.66666666666666},""T2_ema50_slope"":{""value"":0.2678413796910016,""score"":94.64022994850026},""T3_high_proximity"":{""value"":0.7894503546099291,""score"":0},""T4_rs_1m"":{""value"":-0.012847640191902099,""score"":37.1523598080979},""T5_rs_3m"":{""value"":-0.2803895450246877,""score"":0},""T6_adr_healthy"":{""value"":7.223128471340666,""score"":100.0},""_score"":48.03},""geometry"":{""sub_low_similarity"":48.5,""sub_bounce_quality"":100,""sub_separation_fit"":93.3,""sub_right_bottom_reaction"":88.7,""sub_base_context"":30.0,""_score"":67.85},""compression"":{""VC1_atr_ratio"":{""value"":0.6881486166748654,""score"":77.96284583128366},""VC2_range_contraction"":{""value"":1.0699555129705856,""score"":0},""VC3_range_pct_rank"":{""score"":47.5},""_score"":43.06},""sr_quality"":{""SR1_touches"":{""value"":5,""score"":100},""SR2_tightness"":{""value"":0.07756287771866092,""score"":80.23030253044972},""SR3_recency"":{""value"":237,""score"":0.0},""SR4_price_location"":{""score"":37.32567678424932},""SR5_reaction"":{""value"":2.3981211255040824,""score"":100},""_score"":66.37,""_levels_found"":6,""_target_level"":9.287},""volume"":{""V1_rvol_day"":{""value"":0.16452623584916662,""score"":0},""V2_rvol_sameslot"":{""value"":0.5283700904665815,""score"":1.8913393644387637,""status"":""ok""},""V3_breakout_bar"":{""value"":0.42159720694495134,""score"":0},""V4_base_dryup"":{""value"":0.7427823231658495,""score"":75.72176768341505},""V5_bo_expansion"":{""value"":0.16452623584916665,""score"":0},""_score"":15.52},""readiness"":{""_distance_atr"":1.236,""BR1_atr_distance"":{""score"":17.58683574109638},""BR2_compression"":{""score"":0},""BR3_retest"":{""score"":50.0},""BR4_bo_age"":{""score"":50.0},""_score"":24.53},""risk"":{""R1_stop_clarity"":{""score"":67.04284816982684},""R2_stop_distance_pct"":{""value"":4.65133632790566,""score"":100.0},""R3_stop_distance_atr"":{""value"":0.5278709730275901,""score"":51.393548651379504},""R4_rr_potential"":{""value"":5.371540180322875,""score"":100.0},""_score"":81.17},""market"":{""M1_spy_regime"":{""score"":100.0},""M3_earnings_risk"":{""value"":null,""score"":80.0},""M4_vix"":{""value"":null,""score"":60.0},""_score"":84.0},""liquidity"":{""L1_price"":{""value"":8.905,""score"":99.4525},""L2_dollar_vol"":{""value"":18226995.03980979,""score"":63.035753769558056},""L3_spread_proxy"":{""value"":0.055586749017405866,""score"":44.413250982594136},""L4_volume_zscore"":{""value"":-0.7982822480955056,""score"":100.0},""_score"":79.52},""pattern_structure"":{""left_low"":8.6201,""left_idx"":65,""right_low"":8.845,""right_idx"":74,""separation_bars"":9,""structural_low"":8.6201,""current_price"":8.945,""neckline_distance_pct"":0.10396869759642255,""base_bars"":9},""pattern_geometry_features"":{""low_similarity_pct"":0.02575421841272021,""bounce_pct"":0.14557835755965698,""right_bottom_reaction"":0.8867924528301906,""atr_pct"":0.08811502366246893},""_schema_version"":""1.0""}",,,,,,,,,,
20260610T172453Z-e22c49,2026-06-10T17:24:53.606196+00:00,APPF,cup_with_handle,forming,54.56,53.3,61.4,40.0,56.2,33.6,26.4,78.4,84.0,82.5,7.46,18.43,3.2,6.75,4.37,2.11,3.92,4.2,4.12,False,,170.185,179.52,158.6934,210.09,"{""trend"":{""T1_ema_stack"":{""value"":[true,false,false],""score"":33.33333333333333},""T2_ema50_slope"":{""value"":-0.03757083479306641,""score"":43.7381942011556},""T3_high_proximity"":{""value"":0.9491634132738427,""score"":74.58170663692133},""T4_rs_1m"":{""value"":0.07945289031513236,""score"":100},""T5_rs_3m"":{""value"":-0.12823694587404744,""score"":0},""T6_adr_healthy"":{""value"":4.660434570618242,""score"":100.0},""_score"":53.27},""geometry"":{""sub_cup_depth"":94.0,""sub_cup_duration"":60.0,""sub_rim_symmetry"":56.6,""sub_handle_shallowness"":14.5,""sub_handle_proportion"":50.0,""sub_u_shape"":96.0,""_score"":61.42},""compression"":{""VC1_atr_ratio"":{""value"":0.6600548824656385,""score"":84.98627938359039},""VC2_range_contraction"":{""value"":1.2075605263445253,""score"":0},""VC3_range_pct_rank"":{""score"":24.16666666666667},""_score"":40.04},""sr_quality"":{""SR1_touches"":{""value"":4,""score"":75.0},""SR2_tightness"":{""value"":1.3948297387136541,""score"":65.11134494585853},""SR3_recency"":{""value"":232,""score"":0.0},""SR4_price_location"":{""score"":35.952589991220314},""SR5_reaction"":{""value"":2.097717578220961,""score"":100},""_score"":56.25,""_levels_found"":8,""_target_level"":177.48},""volume"":{""V1_rvol_day"":{""value"":0.37379432347034813,""score"":0},""V2_rvol_sameslot"":{""value"":1.4129831183200023,""score"":60.86554122133349,""status"":""ok""},""V3_breakout_bar"":{""value"":1.193398736873505,""score"":46.22658245823367},""V4_base_dryup"":{""value"":1.0074132196630676,""score"":49.258678033693236},""V5_bo_expansion"":{""value"":0.3737943234703481,""score"":0},""_score"":33.58},""readiness"":{""_distance_atr"":1.167,""BR1_atr_distance"":{""score"":22.168375133066746},""BR2_compression"":{""score"":0},""BR3_retest"":{""score"":50.0},""BR4_bo_age"":{""score"":50.0},""_score"":26.37},""risk"":{""R1_stop_clarity"":{""score"":39.55271679656956},""R2_stop_distance_pct"":{""value"":6.7524458677321695,""score"":100.0},""R3_stop_distance_atr"":{""value"":1.437194095182794,""score"":96.8597047591397},""R4_rr_potential"":{""value"":3.4725213524602694,""score"":100.0},""_score"":78.37},""market"":{""M1_spy_regime"":{""score"":100.0},""M3_earnings_risk"":{""value"":null,""score"":80.0},""M4_vix"":{""value"":null,""score"":60.0},""_score"":84.0},""liquidity"":{""L1_price"":{""value"":170.185,""score"":100.0},""L2_dollar_vol"":{""value"":24007191.516975105,""score"":69.01706785286947},""L3_spread_proxy"":{""value"":0.0510326997091399,""score"":48.9673002908601},""L4_volume_zscore"":{""value"":-1.9339198380714528,""score"":100.0},""_score"":82.5},""pattern_structure"":{""left_rim"":175.71,""left_rim_idx"":147,""cup_bottom"":145.14,""cup_bottom_idx"":160,""right_rim"":179.52,""right_rim_idx"":172,""handle_low"":161.11,""handle_bars"":7,""cup_bars"":25,""structural_low"":161.11,""current_price"":170.185,""neckline_distance_pct"":0.05485207274436647,""base_bars"":32},""pattern_geometry_features"":{""cup_depth_pct"":0.17397985316715053,""rim_symmetry_pct"":0.02168345569404133,""handle_depth_pct"":0.10255124777183598,""handle_to_cup_ratio"":0.28,""cup_duration_bars"":25.0,""atr_pct"":0.04698353472481627,""u_shape_score"":0.48},""_schema_version"":""1.0""}",,,,,,,,,,
20260610T172453Z-e22c49,2026-06-10T17:24:53.606196+00:00,PGY,double_bottom,forming,54.37,73.6,73.7,31.0,41.0,5.2,26.6,80.5,84.0,80.2,11.04,18.43,2.48,5.73,0.68,2.13,4.83,5.04,4.01,False,,14.68,16.27,14.0067,18.32,"{""trend"":{""T1_ema_stack"":{""value"":[true,true,false],""score"":66.66666666666666},""T2_ema50_slope"":{""value"":0.061326311606948604,""score"":60.221051934491435},""T3_high_proximity"":{""value"":0.938618925831202,""score"":69.30946291560097},""T4_rs_1m"":{""value"":0.022492130274539335,""score"":72.49213027453933},""T5_rs_3m"":{""value"":0.19970139105443607,""score"":100},""T6_adr_healthy"":{""value"":7.16940420357233,""score"":100.0},""_score"":73.61},""geometry"":{""sub_low_similarity"":20.1,""sub_bounce_quality"":100,""sub_separation_fit"":93.3,""sub_right_bottom_reaction"":91.2,""sub_base_context"":100.0,""_score"":73.7},""compression"":{""VC1_atr_ratio"":{""value"":0.8167898773430793,""score"":45.802530664230176},""VC2_range_contraction"":{""value"":1.400520635254473,""score"":0},""VC3_range_pct_rank"":{""score"":50.83333333333333},""_score"":31.03},""sr_quality"":{""SR1_touches"":{""value"":2,""score"":25.0},""SR2_tightness"":{""value"":0.014999999999998792,""score"":97.4908895393992},""SR3_recency"":{""value"":323,""score"":0.0},""SR4_price_location"":{""score"":15.351812366737743},""SR5_reaction"":{""value"":2.7035665212975686,""score"":100},""_score"":40.96,""_levels_found"":4,""_target_level"":20.635},""volume"":{""V1_rvol_day"":{""value"":0.35408035955088213,""score"":0},""V2_rvol_sameslot"":{""value"":0.599648985923296,""score"":6.643265728219731,""status"":""ok""},""V3_breakout_bar"":{""value"":0.48310800145068594,""score"":0},""V4_base_dryup"":{""value"":1.3057915361245371,""score"":19.42084638754629},""V5_bo_expansion"":{""value"":0.35408035955088213,""score"":0},""_score"":5.21},""readiness"":{""_distance_atr"":1.33,""BR1_atr_distance"":{""score"":11.344763725431633},""BR2_compression"":{""score"":18.33000790344602},""BR3_retest"":{""score"":50.0},""BR4_bo_age"":{""score"":50.0},""_score"":26.62},""risk"":{""R1_stop_clarity"":{""score"":64.32044925025384},""R2_stop_distance_pct"":{""value"":4.586512261580377,""score"":100.0},""R3_stop_distance_atr"":{""value"":0.5631280243742154,""score"":53.15640121871077},""R4_rr_potential"":{""value"":5.406208228130112,""score"":100.0},""_score"":80.49},""market"":{""M1_spy_regime"":{""score"":100.0},""M3_earnings_risk"":{""value"":null,""score"":80.0},""M4_vix"":{""value"":null,""score"":60.0},""_score"":84.0},""liquidity"":{""L1_price"":{""value"":14.68,""score"":100.0},""L2_dollar_vol"":{""value"":19502290.867165077,""score"":64.50428147205383},""L3_spread_proxy"":{""value"":0.05585831062670302,""score"":44.141689373296984},""L4_volume_zscore"":{""value"":-1.9711878532587483,""score"":100.0},""_score"":80.22},""pattern_structure"":{""left_low"":14.8,""left_idx"":43,""right_low"":14.22,""right_idx"":74,""separation_bars"":31,""structural_low"":14.22,""current_price"":14.72,""neckline_distance_pct"":0.10529891304347819,""base_bars"":31},""pattern_geometry_features"":{""low_similarity_pct"":0.0399724328049621,""bounce_pct"":0.14416315049226433,""right_bottom_reaction"":0.9122807017543876,""atr_pct"":0.08144706111327364},""_schema_version"":""1.0""}",,,,,,,,,,
20260610T172453Z-e22c49,2026-06-10T17:24:53.606196+00:00,APPF,vcp,setup,54.24,53.3,55.6,40.0,56.2,34.9,57.5,61.5,84.0,82.5,7.99,13.89,4.8,6.75,4.54,4.03,3.07,5.04,4.12,False,,170.185,168.18,154.3495,204.78,"{""trend"":{""T1_ema_stack"":{""value"":[true,false,false],""score"":33.33333333333333},""T2_ema50_slope"":{""value"":-0.03757083479306641,""score"":43.7381942011556},""T3_high_proximity"":{""value"":0.9491634132738427,""score"":74.58170663692133},""T4_rs_1m"":{""value"":0.07945289031513236,""score"":100},""T5_rs_3m"":{""value"":-0.12823694587404744,""score"":0},""T6_adr_healthy"":{""value"":4.660434570618242,""score"":100.0},""_score"":53.27},""geometry"":{""sub_contraction_count"":100.0,""sub_reduction_rate"":15.1,""sub_pivot_tightness"":45.3,""sub_volume_dryup"":0,""sub_base_depth"":100.0,""sub_base_duration"":100.0,""_score"":55.57},""compression"":{""VC1_atr_ratio"":{""value"":0.6600548824656385,""score"":84.98627938359039},""VC2_range_contraction"":{""value"":1.2075605263445253,""score"":0},""VC3_range_pct_rank"":{""score"":24.16666666666667},""_score"":40.04},""sr_quality"":{""SR1_touches"":{""value"":4,""score"":75.0},""SR2_tightness"":{""value"":1.3948297387136541,""score"":65.11134494585853},""SR3_recency"":{""value"":232,""score"":0.0},""SR4_price_location"":{""score"":35.952589991220314},""SR5_reaction"":{""value"":2.097717578220961,""score"":100},""_score"":56.25,""_levels_found"":8,""_target_level"":177.48},""volume"":{""V1_rvol_day"":{""value"":0.37379432347034813,""score"":0},""V2_rvol_sameslot"":{""value"":1.4129831183200023,""score"":60.86554122133349,""status"":""ok""},""V3_breakout_bar"":{""value"":1.193398736873505,""score"":46.22658245823367},""V4_base_dryup"":{""value"":0.9409267727872598,""score"":55.90732272127402},""V5_bo_expansion"":{""value"":0.3737943234703481,""score"":0},""_score"":34.91},""readiness"":{""_distance_atr"":-0.251,""BR1_atr_distance"":{""score"":100.0},""BR2_compression"":{""score"":0},""BR3_retest"":{""score"":50.0},""BR4_bo_age"":{""score"":50.0},""_score"":57.5},""risk"":{""R1_stop_clarity"":{""score"":41.20731625611336},""R2_stop_distance_pct"":{""value"":9.304874107588814,""score"":67.37814731027964},""R3_stop_distance_atr"":{""value"":1.980454251066399,""score"":100.0},""R4_rr_potential"":{""value"":2.1846484165324727,""score"":59.23242082662363},""_score"":61.48},""market"":{""M1_spy_regime"":{""score"":100.0},""M3_earnings_risk"":{""value"":null,""score"":80.0},""M4_vix"":{""value"":null,""score"":60.0},""_score"":84.0},""liquidity"":{""L1_price"":{""value"":170.185,""score"":100.0},""L2_dollar_vol"":{""value"":24007191.516975105,""score"":69.01706785286947},""L3_spread_proxy"":{""value"":0.0510326997091399,""score"":48.9673002908601},""L4_volume_zscore"":{""value"":-1.9339198380714528,""score"":100.0},""_score"":82.5},""pattern_structure"":{""n_contractions"":5,""contractions_pct"":[22.34,12.83,8.94,18.38,6.83],""descending_strict"":false,""final_low"":156.7,""final_pivot"":168.18,""structural_low"":156.7,""dry_up_ratio"":1.1780953973906356,""current_price"":170.185,""neckline_distance_pct"":-0.011781296824044395,""base_bars"":59},""pattern_geometry_features"":{""contraction_count"":5.0,""first_contraction_pct"":0.22338644593895496,""last_contraction_pct"":0.06826019740753965,""dry_up_ratio"":1.1780953973906356,""near_monotone"":0.0,""base_depth_pct"":0.1893429901707192},""_schema_version"":""1.0""}",,,,,,,,,,
20260610T172453Z-e22c49,2026-06-10T17:24:53.606196+00:00,V,double_bottom,forming,53.68,52.3,61.1,42.3,67.0,20.8,17.5,62.5,84.0,97.9,7.85,15.28,3.39,9.37,2.7,1.4,3.75,5.04,4.9,True,risk_unclear,320.6,331.67,312.245,346.34,"{""trend"":{""T1_ema_stack"":{""value"":[false,true,false],""score"":33.33333333333333},""T2_ema50_slope"":{""value"":0.06686992879898412,""score"":61.14498813316402},""T3_high_proximity"":{""value"":0.9574150391208266,""score"":78.70751956041327},""T4_rs_1m"":{""value"":0.002797441610605911,""score"":52.79744161060591},""T5_rs_3m"":{""value"":-0.04136947363808274,""score"":29.315263180958627},""T6_adr_healthy"":{""value"":1.975070360534529,""score"":100.0},""_score"":52.33},""geometry"":{""sub_low_similarity"":75.5,""sub_bounce_quality"":23.3,""sub_separation_fit"":0.0,""sub_right_bottom_reaction"":92.1,""sub_base_context"":100.0,""_score"":61.12},""compression"":{""VC1_atr_ratio"":{""value"":0.6537955159466202,""score"":86.55112101334494},""VC2_range_contraction"":{""value"":1.3480632017515586,""score"":0},""VC3_range_pct_rank"":{""score"":30.833333333333336},""_score"":42.33},""sr_quality"":{""SR1_touches"":{""value"":6,""score"":100},""SR2_tightness"":{""value"":1.4783709127128815,""score"":58.72551681768395},""SR3_recency"":{""value"":293,""score"":0.0},""SR4_price_location"":{""score"":52.61509552145347},""SR5_reaction"":{""value"":2.037381407012628,""score"":100},""_score"":66.96,""_levels_found"":8,""_target_level"":323.1217},""volume"":{""V1_rvol_day"":{""value"":0.3205964813616775,""score"":0},""V2_rvol_sameslot"":{""value"":0.8993092644737429,""score"":26.62061763158286,""status"":""ok""},""V3_breakout_bar"":{""value"":0.7715049595644315,""score"":18.10033063762877},""V4_base_dryup"":{""value"":0.9535021162970496,""score"":54.64978837029504},""V5_bo_expansion"":{""value"":0.3205964813616775,""score"":0},""_score"":20.78},""readiness"":{""_distance_atr"":1.545,""BR1_atr_distance"":{""score"":0},""BR2_compression"":{""score"":0},""BR3_retest"":{""score"":50.0},""BR4_bo_age"":{""score"":50.0},""_score"":17.5},""risk"":{""R1_stop_clarity"":{""score"":0},""R2_stop_distance_pct"":{""value"":2.606051154086094,""score"":100.0},""R3_stop_distance_atr"":{""value"":1.1663118640349808,""score"":83.31559320174904},""R4_rr_potential"":{""value"":3.08078994614003,""score"":100.0},""_score"":62.5},""market"":{""M1_spy_regime"":{""score"":100.0},""M3_earnings_risk"":{""value"":null,""score"":80.0},""M4_vix"":{""value"":null,""score"":60.0},""_score"":84.0},""liquidity"":{""L1_price"":{""value"":320.6,""score"":100.0},""L2_dollar_vol"":{""value"":801656276.4494817,""score"":100.0},""L3_spread_proxy"":{""value"":0.020946974422956937,""score"":79.05302557704306},""L4_volume_zscore"":{""value"":-1.9731667824423578,""score"":100.0},""_score"":97.91},""pattern_structure"":{""left_low"":320.9,""left_idx"":26,""right_low"":317.0,""right_idx"":71,""separation_bars"":45,""structural_low"":317.0,""current_price"":321.27,""neckline_distance_pct"":0.03237152550813968,""base_bars"":45},""pattern_geometry_features"":{""low_similarity_pct"":0.012227621884307814,""bounce_pct"":0.04627760252365935,""right_bottom_reaction"":0.9213483146067404,""atr_pct"":0.02234437661527493},""_schema_version"":""1.0""}",,,,,,,,,,
20260610T172453Z-e22c49,2026-06-10T17:24:53.606196+00:00,HQY,bull_flag,absent,52.96,83.0,44.9,56.0,41.6,22.3,48.7,66.0,84.0,82.9,11.63,13.46,5.04,4.16,3.12,4.38,1.98,5.04,4.15,True,risk_unclear,89.41,90.61,86.552,97.02,"{""trend"":{""T1_ema_stack"":{""value"":[true,true,false],""score"":66.66666666666666},""T2_ema50_slope"":{""value"":0.16450481534799086,""score"":77.41746922466514},""T3_high_proximity"":{""value"":0.9864298323036187,""score"":93.21491615180932},""T4_rs_1m"":{""value"":0.10790332358715715,""score"":100},""T5_rs_3m"":{""value"":0.05892189129413006,""score"":79.46094564706503},""T6_adr_healthy"":{""value"":3.8677251957746113,""score"":100.0},""_score"":83.05},""geometry"":{""sub_pole_impulse"":21.7,""sub_flag_tightness"":36.9,""sub_flag_shallowness"":20.6,""sub_flag_drift"":100,""sub_flag_duration"":100.0,""_score"":44.86},""compression"":{""VC1_atr_ratio"":{""value"":0.5777416049093519,""score"":100},""VC2_range_contraction"":{""value"":1.5509415054598497,""score"":0},""VC3_range_pct_rank"":{""score"":64.16666666666666},""_score"":56.04},""sr_quality"":{""SR1_touches"":{""value"":2,""score"":25.0},""SR2_tightness"":{""value"":0.41449999999999676,""score"":77.26092723535918},""SR3_recency"":{""value"":260,""score"":0.0},""SR4_price_location"":{""score"":30.0},""SR5_reaction"":{""value"":3.066757575935691,""score"":100},""_score"":41.59,""_levels_found"":4,""_target_level"":88.3855},""volume"":{""V1_rvol_day"":{""value"":0.20568213304308366,""score"":0},""V2_rvol_sameslot"":{""value"":0.6413425693121378,""score"":9.422837954142523,""status"":""ok""},""V3_breakout_bar"":{""value"":0.7691726723547163,""score"":17.944844823647756},""V4_base_dryup"":{""value"":0.7033232583744867,""score"":79.66767416255132},""V5_bo_expansion"":{""value"":0.20568213304308364,""score"":0},""_score"":22.3},""readiness"":{""_distance_atr"":0.329,""BR1_atr_distance"":{""score"":78.056383339309},""BR2_compression"":{""score"":0},""BR3_retest"":{""score"":50.0},""BR4_bo_age"":{""score"":50.0},""_score"":48.72},""risk"":{""R1_stop_clarity"":{""score"":27.693040150940746},""R2_stop_distance_pct"":{""value"":3.196566379599588,""score"":100.0},""R3_stop_distance_atr"":{""value"":0.783949419963595,""score"":64.19747099817975},""R4_rr_potential"":{""value"":2.6626546071622337,""score"":83.13273035811169},""_score"":65.95},""market"":{""M1_spy_regime"":{""score"":100.0},""M3_earnings_risk"":{""value"":null,""score"":80.0},""M4_vix"":{""value"":null,""score"":60.0},""_score"":84.0},""liquidity"":{""L1_price"":{""value"":89.41,""score"":100.0},""L2_dollar_vol"":{""value"":19051821.63242768,""score"":63.99682534464657},""L3_spread_proxy"":{""value"":0.026730790739290914,""score"":73.26920926070909},""L4_volume_zscore"":{""value"":-1.6500092405416737,""score"":100.0},""_score"":82.93},""pattern_structure"":{""pole_low"":84.2,""pole_low_idx"":30,""peak_price"":90.61,""peak_idx"":51,""pole_gain"":0.07612826603325411,""flag_bars"":8,""flag_low"":87.87,""flag_high"":90.48,""structural_low"":87.87,""current_price"":89.45,""neckline_distance_pct"":0.01296813862493009,""base_bars"":8},""pattern_geometry_features"":{""pole_gain"":0.07612826603325411,""pullback_pct"":0.030239487915241087,""flag_range_pct"":0.0288047676856859,""flag_drift_per_bar"":0.0009968324948761542,""atr_pct"":0.04077516097592151,""pole_atr_multiple"":1.8670255177707151},""_schema_version"":""1.0""}",,,,,,,,,,
20260610T172453Z-e22c49,2026-06-10T17:24:53.606196+00:00,MGNI,vcp,retest_hold,52.89,87.2,39.2,48.8,64.8,12.6,57.5,32.1,84.0,80.9,13.09,9.81,5.86,7.78,1.64,4.03,1.61,5.04,4.04,False,,15.635,15.525,13.79,14.315,"{""trend"":{""T1_ema_stack"":{""value"":[true,true,false],""score"":66.66666666666666},""T2_ema50_slope"":{""value"":0.1924626595429397,""score"":82.07710992382329},""T3_high_proximity"":{""value"":0.9889310562934851,""score"":94.46552814674253},""T4_rs_1m"":{""value"":0.18227264445202307,""score"":100},""T5_rs_3m"":{""value"":0.12087900048429656,""score"":100},""T6_adr_healthy"":{""value"":4.907263926015927,""score"":100.0},""_score"":87.25},""geometry"":{""sub_contraction_count"":100.0,""sub_reduction_rate"":0,""sub_pivot_tightness"":2.6,""sub_volume_dryup"":25.7,""sub_base_depth"":0.0,""sub_base_duration"":100.0,""_score"":39.25},""compression"":{""VC1_atr_ratio"":{""value"":0.6597200973568782,""score"":85.06997566078044},""VC2_range_contraction"":{""value"":1.0239545443493938,""score"":0},""VC3_range_pct_rank"":{""score"":59.166666666666664},""_score"":48.82},""sr_quality"":{""SR1_touches"":{""value"":4,""score"":75.0},""SR2_tightness"":{""value"":0.20830776959825603,""score"":45.18268109556144},""SR3_recency"":{""value"":232,""score"":0.0},""SR4_price_location"":{""score"":86.28718145774009},""SR5_reaction"":{""value"":1.861791712483905,""score"":93.08958562419525},""_score"":64.81,""_levels_found"":5,""_target_level"":15.8313},""volume"":{""V1_rvol_day"":{""value"":0.48534589735177003,""score"":0},""V2_rvol_sameslot"":{""value"":0.8384021116479636,""score"":22.56014077653091,""status"":""ok""},""V3_breakout_bar"":{""value"":0.5947054468330147,""score"":6.313696455534316},""V4_base_dryup"":{""value"":1.1736658393640687,""score"":32.63341606359313},""V5_bo_expansion"":{""value"":0.48534589735177003,""score"":0},""_score"":12.62},""readiness"":{""_distance_atr"":-0.145,""BR1_atr_distance"":{""score"":100.0},""BR2_compression"":{""score"":0},""BR3_retest"":{""score"":50.0},""BR4_bo_age"":{""score"":50.0},""_score"":57.5},""risk"":{""R1_stop_clarity"":{""score"":44.73736149096321},""R2_stop_distance_pct"":{""value"":11.800447713463386,""score"":4.988807163415343},""R3_stop_distance_atr"":{""value"":2.4276087630755354,""score"":100.0},""R4_rr_potential"":{""value"":-0.7154471544715446,""score"":0.0},""_score"":32.15},""market"":{""M1_spy_regime"":{""score"":100.0},""M3_earnings_risk"":{""value"":null,""score"":80.0},""M4_vix"":{""value"":null,""score"":60.0},""_score"":84.0},""liquidity"":{""L1_price"":{""value"":15.635,""score"":100.0},""L2_dollar_vol"":{""value"":18075005.569074027,""score"":62.853921988833946},""L3_spread_proxy"":{""value"":0.04285257435241445,""score"":57.14742564758555},""L4_volume_zscore"":{""value"":-1.505561248404959,""score"":100.0},""_score"":80.86},""pattern_structure"":{""n_contractions"":5,""contractions_pct"":[9.66,13.08,7.35,13.76,9.82],""descending_strict"":false,""final_low"":14.0,""final_pivot"":15.525,""structural_low"":14.0,""dry_up_ratio"":0.8715213313177667,""current_price"":15.635,""neckline_distance_pct"":-0.007035497281739651,""base_bars"":39},""pattern_geometry_features"":{""contraction_count"":5.0,""first_contraction_pct"":0.09655981235340105,""last_contraction_pct"":0.09822866344605477,""dry_up_ratio"":0.8715213313177667,""near_monotone"":0.0,""base_depth_pct"":-0.09460516028146997},""_schema_version"":""1.0""}",,,,,,,,,,
20260610T172453Z-e22c49,2026-06-10T17:24:53.606196+00:00,AGYS,vcp,breakout_confirmed,52.82,90.4,53.5,54.2,54.9,13.2,17.5,19.9,84.0,76.4,13.56,13.38,6.5,6.58,1.71,1.23,0.99,5.04,3.82,False,,92.0,73.585,63.8526,90.82,"{""trend"":{""T1_ema_stack"":{""value"":[true,true,false],""score"":66.66666666666666},""T2_ema50_slope"":{""value"":0.39046985393720085,""score"":100},""T3_high_proximity"":{""value"":0.9834313201496526,""score"":91.71566007482629},""T4_rs_1m"":{""value"":0.3444599879200998,""score"":100},""T5_rs_3m"":{""value"":0.1899212636965124,""score"":100},""T6_adr_healthy"":{""value"":5.997161564127307,""score"":100.0},""_score"":90.42},""geometry"":{""sub_contraction_count"":100.0,""sub_reduction_rate"":0,""sub_pivot_tightness"":0,""sub_volume_dryup"":56.8,""sub_base_depth"":100.0,""sub_base_duration"":100.0,""_score"":53.52},""compression"":{""VC1_atr_ratio"":{""value"":0.5697160891942021,""score"":100},""VC2_range_contraction"":{""value"":0.8851030559292529,""score"":19.149490678457855},""VC3_range_pct_rank"":{""score"":30.000000000000004},""_score"":54.2},""sr_quality"":{""SR1_touches"":{""value"":2,""score"":25.0},""SR2_tightness"":{""value"":0.4799999999999969,""score"":78.6363166720978},""SR3_recency"":{""value"":232,""score"":0.0},""SR4_price_location"":{""score"":82.24117875145409},""SR5_reaction"":{""value"":3.3124836076648565,""score"":100},""_score"":54.86,""_levels_found"":7,""_target_level"":94.29},""volume"":{""V1_rvol_day"":{""value"":0.26625711152669324,""score"":0},""V2_rvol_sameslot"":{""value"":0.3708771514798488,""score"":0,""status"":""ok""},""V3_breakout_bar"":{""value"":0.6156968188459204,""score"":7.713121256394695},""V4_base_dryup"":{""value"":0.9380719784209167,""score"":56.192802157908325},""V5_bo_expansion"":{""value"":0.2662571115266932,""score"":0},""_score"":13.17},""readiness"":{""_distance_atr"":-4.098,""BR1_atr_distance"":{""score"":0},""BR2_compression"":{""score"":0},""BR3_retest"":{""score"":50.0},""BR4_bo_age"":{""score"":50.0},""_score"":17.5},""risk"":{""R1_stop_clarity"":{""score"":56.72185088339786},""R2_stop_distance_pct"":{""value"":30.594972826086952,""score"":0.0},""R3_stop_distance_atr"":{""value"":6.263870895955364,""score"":0.0},""R4_rr_potential"":{""value"":-0.041922204113172434,""score"":0.0},""_score"":19.85},""market"":{""M1_spy_regime"":{""score"":100.0},""M3_earnings_risk"":{""value"":null,""score"":80.0},""M4_vix"":{""value"":null,""score"":60.0},""_score"":84.0},""liquidity"":{""L1_price"":{""value"":92.0,""score"":100.0},""L2_dollar_vol"":{""value"":12100099.837716,""score"":54.13944768437733},""L3_spread_proxy"":{""value"":0.05277826086956532,""score"":47.22173913043468},""L4_volume_zscore"":{""value"":-0.63744164454049,""score"":100.0},""_score"":76.38},""pattern_structure"":{""n_contractions"":5,""contractions_pct"":[18.24,7.43,11.32,9.02,11.9],""descending_strict"":false,""final_low"":64.825,""final_pivot"":73.585,""structural_low"":64.825,""dry_up_ratio"":0.7161556911873543,""current_price"":92.0,""neckline_distance_pct"":-0.20016304347826094,""base_bars"":48},""pattern_geometry_features"":{""contraction_count"":5.0,""first_contraction_pct"":0.18242749207896658,""last_contraction_pct"":0.11904600122307524,""dry_up_ratio"":0.7161556911873543,""near_monotone"":0.0,""base_depth_pct"":0.21002924689251765},""_schema_version"":""1.0""}",,,,,,,,,,
20260610T172453Z-e22c49,2026-06-10T17:24:53.606196+00:00,NIC,inverse_head_shoulders,forming,52.8,51.8,57.5,43.2,65.0,25.2,51.8,29.9,84.0,85.1,6.22,16.1,3.45,9.1,3.53,4.15,1.79,4.2,4.25,True,risk_unclear,146.61,147.55,131.2808,161.82,"{""trend"":{""T1_ema_stack"":{""value"":[true,false,true],""score"":66.66666666666666},""T2_ema50_slope"":{""value"":-0.15330429160603193,""score"":24.449284732328007},""T3_high_proximity"":{""value"":0.9248675246025738,""score"":62.43376230128689},""T4_rs_1m"":{""value"":0.029505916050612813,""score"":79.50591605061281},""T5_rs_3m"":{""value"":-0.10469720762209156,""score"":0},""T6_adr_healthy"":{""value"":2.6872508627536873,""score"":100.0},""_score"":51.82},""geometry"":{""sub_head_depth"":61.8,""sub_shoulder_price_sym"":28.6,""sub_shoulder_time_sym"":64.7,""sub_right_shoulder_reaction"":59.3,""sub_base_context"":100.0,""_score"":57.5},""compression"":{""VC1_atr_ratio"":{""value"":0.7100807129613138,""score"":72.47982175967155},""VC2_range_contraction"":{""value"":1.0393503089859129,""score"":0},""VC3_range_pct_rank"":{""score"":56.666666666666664},""_score"":43.16},""sr_quality"":{""SR1_touches"":{""value"":6,""score"":100},""SR2_tightness"":{""value"":1.4810105226012211,""score"":32.94140964209555},""SR3_recency"":{""value"":236,""score"":0.0},""SR4_price_location"":{""score"":60.168745434159845},""SR5_reaction"":{""value"":2.1105609360235484,""score"":100},""_score"":64.98,""_levels_found"":4,""_target_level"":149.0908},""volume"":{""V1_rvol_day"":{""value"":0.8507818825038791,""score"":23.38545883359194},""V2_rvol_sameslot"":{""value"":1.1339351282486514,""score"":42.26234188324342,""status"":""ok""},""V3_breakout_bar"":{""value"":0.3256150437181754,""score"":0},""V4_base_dryup"":{""value"":0.8949188299954411,""score"":60.50811700045588},""V5_bo_expansion"":{""value"":0.850781882503879,""score"":0},""_score"":25.23},""readiness"":{""_distance_atr"":0.213,""BR1_atr_distance"":{""score"":85.81259800330648},""BR2_compression"":{""score"":0},""BR3_retest"":{""score"":50.0},""BR4_bo_age"":{""score"":50.0},""_score"":51.83},""risk"":{""R1_stop_clarity"":{""score"":9.478338068756031},""R2_stop_distance_pct"":{""value"":10.455767000886715,""score"":38.605824977832135},""R3_stop_distance_atr"":{""value"":3.470449830123112,""score"":100.0},""R4_rr_potential"":{""value"":0.992223990814915,""score"":0.0},""_score"":29.9},""market"":{""M1_spy_regime"":{""score"":100.0},""M3_earnings_risk"":{""value"":null,""score"":80.0},""M4_vix"":{""value"":null,""score"":60.0},""_score"":84.0},""liquidity"":{""L1_price"":{""value"":146.61,""score"":100.0},""L2_dollar_vol"":{""value"":23687708.03004834,""score"":68.72615206936534},""L3_spread_proxy"":{""value"":0.02387285996862424,""score"":76.12714003137576},""L4_volume_zscore"":{""value"":-0.29177396000035405,""score"":100.0},""_score"":85.1},""pattern_structure"":{""left_shoulder"":135.12,""left_shoulder_idx"":58,""head"":133.28,""head_idx"":72,""right_shoulder"":143.06,""right_shoulder_idx"":89,""left_to_head_bars"":14,""head_to_right_bars"":17,""structural_low"":133.28,""current_price"":146.98,""neckline_distance_pct"":0.0038780786501566313,""base_bars"":31},""pattern_geometry_features"":{""head_depth_pct"":0.04177151484650228,""shoulder_price_asymmetry"":0.0570853404270616,""shoulder_time_asymmetry"":0.17647058823529413,""right_shoulder_reaction"":0.59259259259259,""atr_pct"":0.030127987761505267},""_schema_version"":""1.0""}",,,,,,,,,,
20260610T172453Z-e22c49,2026-06-10T17:24:53.606196+00:00,PCTY,vcp,forming,52.77,63.8,51.0,63.4,46.1,22.1,33.0,56.6,84.0,84.7,9.57,12.76,7.61,5.53,2.88,2.31,2.83,5.04,4.23,False,,112.95,118.3,106.2815,120.115,"{""trend"":{""T1_ema_stack"":{""value"":[true,true,false],""score"":66.66666666666666},""T2_ema50_slope"":{""value"":0.11422346188639054,""score"":69.03724364773176},""T3_high_proximity"":{""value"":0.9221160911094783,""score"":61.05804555473915},""T4_rs_1m"":{""value"":0.04080308998599658,""score"":90.80308998599658},""T5_rs_3m"":{""value"":-0.08633903294370682,""score"":6.830483528146594},""T6_adr_healthy"":{""value"":4.255472042114268,""score"":100.0},""_score"":63.82},""geometry"":{""sub_contraction_count"":100.0,""sub_reduction_rate"":15.3,""sub_pivot_tightness"":17.3,""sub_volume_dryup"":64.2,""sub_base_depth"":0.0,""sub_base_duration"":100.0,""_score"":51.05},""compression"":{""VC1_atr_ratio"":{""value"":0.5670994120484634,""score"":100},""VC2_range_contraction"":{""value"":0.923766385306539,""score"":12.70560244891017},""VC3_range_pct_rank"":{""score"":75.83333333333333},""_score"":63.41},""sr_quality"":{""SR1_touches"":{""value"":2,""score"":25.0},""SR2_tightness"":{""value"":0.5949999999999989,""score"":75.74776511142784},""SR3_recency"":{""value"":247,""score"":0.0},""SR4_price_location"":{""score"":48.93407674647439},""SR5_reaction"":{""value"":2.4129852812516845,""score"":100},""_score"":46.1,""_levels_found"":6,""_target_level"":115.545},""volume"":{""V1_rvol_day"":{""value"":0.3186426157537215,""score"":0},""V2_rvol_sameslot"":{""value"":0.9085624440988911,""score"":27.237496273259403,""status"":""ok""},""V3_breakout_bar"":{""value"":0.9128018064451923,""score"":27.520120429679483},""V4_base_dryup"":{""value"":1.0094135424735586,""score"":49.05864575264414},""V5_bo_expansion"":{""value"":0.3186426157537215,""score"":0},""_score"":22.14},""readiness"":{""_distance_atr"":1.09,""BR1_atr_distance"":{""score"":27.3112287653439},""BR2_compression"":{""score"":18.447497749857565},""BR3_retest"":{""score"":50.0},""BR4_bo_age"":{""score"":50.0},""_score"":33.04},""risk"":{""R1_stop_clarity"":{""score"":34.02984509722009},""R2_stop_distance_pct"":{""value"":5.903939796370071,""score"":100.0},""R3_stop_distance_atr"":{""value"":1.359042255079358,""score"":92.9521127539679},""R4_rr_potential"":{""value"":1.0744545250056232,""score"":3.722726250281161},""_score"":56.6},""market"":{""M1_spy_regime"":{""score"":100.0},""M3_earnings_risk"":{""value"":null,""score"":80.0},""M4_vix"":{""value"":null,""score"":60.0},""_score"":84.0},""liquidity"":{""L1_price"":{""value"":112.95,""score"":100.0},""L2_dollar_vol"":{""value"":23359532.320983153,""score"":68.42320717790523},""L3_spread_proxy"":{""value"":0.026958831341301476,""score"":73.04116865869852},""L4_volume_zscore"":{""value"":-1.9114634636887322,""score"":100.0},""_score"":84.67},""pattern_structure"":{""n_contractions"":5,""contractions_pct"":[15.24,7.86,8.55,11.1,8.79],""descending_strict"":false,""final_low"":107.9,""final_pivot"":118.3,""structural_low"":107.9,""dry_up_ratio"":0.6790654718325028,""current_price"":112.95,""neckline_distance_pct"":0.04736609119079233,""base_bars"":34},""pattern_geometry_features"":{""contraction_count"":5.0,""first_contraction_pct"":0.1524404137993894,""last_contraction_pct"":0.08791208791208784,""dry_up_ratio"":0.6790654718325028,""near_monotone"":0.0,""base_depth_pct"":0.01654286104908169},""_schema_version"":""1.0""}",,,,,,,,,,
20260610T172453Z-e22c49,2026-06-10T17:24:53.606196+00:00,NIC,double_bottom,forming,52.75,51.8,50.5,43.2,65.0,27.1,51.8,47.2,84.0,85.1,7.77,12.62,3.45,9.1,3.52,4.15,2.83,5.04,4.25,True,risk_unclear,146.61,147.55,135.9398,157.09,"{""trend"":{""T1_ema_stack"":{""value"":[true,false,true],""score"":66.66666666666666},""T2_ema50_slope"":{""value"":-0.15330429160603193,""score"":24.449284732328007},""T3_high_proximity"":{""value"":0.9248675246025738,""score"":62.43376230128689},""T4_rs_1m"":{""value"":0.029505916050612813,""score"":79.50591605061281},""T5_rs_3m"":{""value"":-0.10469720762209156,""score"":0},""T6_adr_healthy"":{""value"":2.6872508627536873,""score"":100.0},""_score"":51.82},""geometry"":{""sub_low_similarity"":28.1,""sub_bounce_quality"":55.9,""sub_separation_fit"":13.3,""sub_right_bottom_reaction"":59.3,""sub_base_context"":100.0,""_score"":50.5},""compression"":{""VC1_atr_ratio"":{""value"":0.7100807129613138,""score"":72.47982175967155},""VC2_range_contraction"":{""value"":1.0393503089859129,""score"":0},""VC3_range_pct_rank"":{""score"":56.666666666666664},""_score"":43.16},""sr_quality"":{""SR1_touches"":{""value"":6,""score"":100},""SR2_tightness"":{""value"":1.4810105226012211,""score"":32.94140964209555},""SR3_recency"":{""value"":236,""score"":0.0},""SR4_price_location"":{""score"":60.168745434159845},""SR5_reaction"":{""value"":2.1105609360235484,""score"":100},""_score"":64.98,""_levels_found"":4,""_target_level"":149.0908},""volume"":{""V1_rvol_day"":{""value"":0.8507818825038791,""score"":23.38545883359194},""V2_rvol_sameslot"":{""value"":1.1339351282486514,""score"":42.26234188324342,""status"":""ok""},""V3_breakout_bar"":{""value"":0.3256150437181754,""score"":0},""V4_base_dryup"":{""value"":0.8011397100166443,""score"":69.88602899833558},""V5_bo_expansion"":{""value"":0.850781882503879,""score"":0},""_score"":27.11},""readiness"":{""_distance_atr"":0.213,""BR1_atr_distance"":{""score"":85.81259800330648},""BR2_compression"":{""score"":0},""BR3_retest"":{""score"":50.0},""BR4_bo_age"":{""score"":50.0},""_score"":51.83},""risk"":{""R1_stop_clarity"":{""score"":6.265797095355325},""R2_stop_distance_pct"":{""value"":7.277914194120479,""score"":100.0},""R3_stop_distance_atr"":{""value"":2.4156655438567056,""score"":100.0},""R4_rr_potential"":{""value"":0.9821792570863562,""score"":0.0},""_score"":47.19},""market"":{""M1_spy_regime"":{""score"":100.0},""M3_earnings_risk"":{""value"":null,""score"":80.0},""M4_vix"":{""value"":null,""score"":60.0},""_score"":84.0},""liquidity"":{""L1_price"":{""value"":146.61,""score"":100.0},""L2_dollar_vol"":{""value"":23687708.03004834,""score"":68.72615206936534},""L3_spread_proxy"":{""value"":0.02387285996862424,""score"":76.12714003137576},""L4_volume_zscore"":{""value"":-0.29177396000035405,""score"":100.0},""_score"":85.1},""pattern_structure"":{""left_low"":138.01,""left_idx"":26,""right_low"":143.06,""right_idx"":69,""separation_bars"":43,""structural_low"":138.01,""current_price"":146.98,""neckline_distance_pct"":0.0038780786501566313,""base_bars"":43},""pattern_geometry_features"":{""low_similarity_pct"":0.03593410894083333,""bounce_pct"":0.06912542569379046,""right_bottom_reaction"":0.59259259259259,""atr_pct"":0.030127987761505267},""_schema_version"":""1.0""}",,,,,,,,,,
20260610T172453Z-e22c49,2026-06-10T17:24:53.606196+00:00,HBAN,vcp,setup,52.69,73.2,60.3,36.1,53.3,16.0,27.3,39.8,84.0,97.7,10.99,15.07,4.33,6.4,2.08,1.91,1.99,5.04,4.88,True,risk_unclear,17.025,16.36,15.5187,18.735,"{""trend"":{""T1_ema_stack"":{""value"":[true,true,false],""score"":66.66666666666666},""T2_ema50_slope"":{""value"":-0.04428529911986622,""score"":42.61911681335563},""T3_high_proximity"":{""value"":0.9979484173505275,""score"":98.97420867526374},""T4_rs_1m"":{""value"":0.07959284285378665,""score"":100},""T5_rs_3m"":{""value"":0.009510733667409177,""score"":54.755366833704585},""T6_adr_healthy"":{""value"":2.081362103030388,""score"":100.0},""_score"":73.25},""geometry"":{""sub_contraction_count"":100.0,""sub_reduction_rate"":14.7,""sub_pivot_tightness"":90.0,""sub_volume_dryup"":0,""sub_base_depth"":81.0,""sub_base_duration"":100.0,""_score"":60.27},""compression"":{""VC1_atr_ratio"":{""value"":0.7535496604895545,""score"":61.61258487761137},""VC2_range_contraction"":{""value"":1.0746439739704516,""score"":0},""VC3_range_pct_rank"":{""score"":45.833333333333336},""_score"":36.1},""sr_quality"":{""SR1_touches"":{""value"":2,""score"":25.0},""SR2_tightness"":{""value"":0.03500000000000014,""score"":81.2594419903237},""SR3_recency"":{""value"":305,""score"":0.0},""SR4_price_location"":{""score"":74.53310696094974},""SR5_reaction"":{""value"":3.4134587803338805,""score"":100},""_score"":53.32,""_levels_found"":8,""_target_level"":17.1},""volume"":{""V1_rvol_day"":{""value"":0.3737924617479625,""score"":0},""V2_rvol_sameslot"":{""value"":0.8240626782384081,""score"":21.604178549227203,""status"":""ok""},""V3_breakout_bar"":{""value"":0.5666595791896131,""score"":4.443971945974204},""V4_base_dryup"":{""value"":0.9703357389178359,""score"":52.96642610821641},""V5_bo_expansion"":{""value"":0.3737924617479624,""score"":0},""_score"":16.03},""readiness"":{""_distance_atr"":-1.78,""BR1_atr_distance"":{""score"":24.392939781615212},""BR2_compression"":{""score"":0},""BR3_retest"":{""score"":50.0},""BR4_bo_age"":{""score"":50.0},""_score"":27.26},""risk"":{""R1_stop_clarity"":{""score"":0},""R2_stop_distance_pct"":{""value"":8.847723935389126,""score"":78.80690161527184},""R3_stop_distance_atr"":{""value"":4.03276729198936,""score"":98.36163540053202},""R4_rr_potential"":{""value"":1.1352131844057574,""score"":6.760659220287868},""_score"":39.75},""market"":{""M1_spy_regime"":{""score"":100.0},""M3_earnings_risk"":{""value"":null,""score"":80.0},""M4_vix"":{""value"":null,""score"":60.0},""_score"":84.0},""liquidity"":{""L1_price"":{""value"":17.025,""score"":100.0},""L2_dollar_vol"":{""value"":132857405.32911636,""score"":100.0},""L3_spread_proxy"":{""value"":0.02320117474302494,""score"":76.79882525697505},""L4_volume_zscore"":{""value"":-1.6066658172899828,""score"":100.0},""_score"":97.68},""pattern_structure"":{""n_contractions"":5,""contractions_pct"":[9.46,4.96,6.49,9.68,3.7],""descending_strict"":false,""final_low"":15.755,""final_pivot"":16.36,""structural_low"":15.755,""dry_up_ratio"":1.1881056908099634,""current_price"":17.025,""neckline_distance_pct"":-0.039060205580029324,""base_bars"":69},""pattern_geometry_features"":{""contraction_count"":5.0,""first_contraction_pct"":0.09459459459459459,""last_contraction_pct"":0.03698044009779943,""dry_up_ratio"":1.1881056908099634,""near_monotone"":0.0,""base_depth_pct"":0.1309983452840595},""_schema_version"":""1.0""}",,,,,,,,,,
20260610T172453Z-e22c49,2026-06-10T17:24:53.606196+00:00,JOYY,cup_with_handle,absent,52.51,89.9,44.9,43.5,47.1,13.0,46.5,76.9,84.0,77.2,12.58,13.47,3.48,5.65,1.69,3.72,3.85,4.2,3.86,False,,67.96,69.18,63.6113,81.84,"{""trend"":{""T1_ema_stack"":{""value"":[true,true,true],""score"":100.0},""T2_ema50_slope"":{""value"":0.173382933212566,""score"":78.89715553542767},""T3_high_proximity"":{""value"":0.9890845582884588,""score"":94.54227914422935},""T4_rs_1m"":{""value"":0.16414253021805525,""score"":100},""T5_rs_3m"":{""value"":0.0323212411403333,""score"":66.16062057016666},""T6_adr_healthy"":{""value"":3.427022414096454,""score"":100.0},""_score"":89.88},""geometry"":{""sub_cup_depth"":100.0,""sub_cup_duration"":0.0,""sub_rim_symmetry"":31.8,""sub_handle_shallowness"":44.6,""sub_handle_proportion"":79.6,""sub_u_shape"":11.1,""_score"":44.91},""compression"":{""VC1_atr_ratio"":{""value"":0.523664236931243,""score"":100},""VC2_range_contraction"":{""value"":1.1314686512260264,""score"":0},""VC3_range_pct_rank"":{""score"":14.166666666666671},""_score"":43.54},""sr_quality"":{""SR1_touches"":{""value"":3,""score"":50.0},""SR2_tightness"":{""value"":0.7780888266915376,""score"":47.60974594838753},""SR3_recency"":{""value"":187,""score"":0.0},""SR4_price_location"":{""score"":44.5734881858228},""SR5_reaction"":{""value"":1.8415293976193328,""score"":92.07646988096664},""_score"":47.1,""_levels_found"":5,""_target_level"":70.2667},""volume"":{""V1_rvol_day"":{""value"":0.4974961141288788,""score"":0},""V2_rvol_sameslot"":{""value"":0.7910287926160472,""score"":19.40191950773648,""status"":""ok""},""V3_breakout_bar"":{""value"":0.7589845991952203,""score"":17.26563994634802},""V4_base_dryup"":{""value"":1.260625400348479,""score"":23.9374599651521},""V5_bo_expansion"":{""value"":0.4974961141288788,""score"":0},""_score"":12.98},""readiness"":{""_distance_atr"":0.411,""BR1_atr_distance"":{""score"":72.61833193058366},""BR2_compression"":{""score"":0},""BR3_retest"":{""score"":50.0},""BR4_bo_age"":{""score"":50.0},""_score"":46.55},""risk"":{""R1_stop_clarity"":{""score"":34.77552001923783},""R2_stop_distance_pct"":{""value"":6.3989111241906915,""score"":100.0},""R3_stop_distance_atr"":{""value"":1.4640327041000336,""score"":98.20163520500168},""R4_rr_potential"":{""value"":3.1917584565502404,""score"":100.0},""_score"":76.9},""market"":{""M1_spy_regime"":{""score"":100.0},""M3_earnings_risk"":{""value"":null,""score"":80.0},""M4_vix"":{""value"":null,""score"":60.0},""_score"":84.0},""liquidity"":{""L1_price"":{""value"":67.96,""score"":100.0},""L2_dollar_vol"":{""value"":11791022.737192199,""score"":53.57757384192641},""L3_spread_proxy"":{""value"":0.04208357857563272,""score"":57.91642142436728},""L4_volume_zscore"":{""value"":-1.1818889698700676,""score"":100.0},""_score"":77.22},""pattern_structure"":{""left_rim"":66.9,""left_rim_idx"":65,""cup_bottom"":54.24,""cup_bottom_idx"":167,""right_rim"":69.18,""right_rim_idx"":173,""handle_low"":64.58,""handle_bars"":6,""cup_bars"":108,""structural_low"":64.58,""current_price"":67.96,""neckline_distance_pct"":0.017951736315479888,""base_bars"":114},""pattern_geometry_features"":{""cup_depth_pct"":0.18923766816143503,""rim_symmetry_pct"":0.03408071748878925,""handle_depth_pct"":0.06649320612893912,""handle_to_cup_ratio"":0.05555555555555555,""cup_duration_bars"":108.0,""atr_pct"":0.043707432943748445,""u_shape_score"":0.05555555555555555},""_schema_version"":""1.0""}",,,,,,,,,,
20260610T172453Z-e22c49,2026-06-10T17:24:53.606196+00:00,SRAD,double_bottom,breakout_confirmed,52.19,36.7,73.2,48.5,56.6,31.0,20.7,26.7,84.0,84.9,5.5,18.3,3.88,7.93,4.03,1.66,1.6,5.04,4.24,False,,16.63,14.58,13.0316,15.93,"{""trend"":{""T1_ema_stack"":{""value"":[true,false,false],""score"":33.33333333333333},""T2_ema50_slope"":{""value"":-0.3450165624486468,""score"":0},""T3_high_proximity"":{""value"":0.8445911630269171,""score"":22.295581513458508},""T4_rs_1m"":{""value"":0.3120822695455159,""score"":100},""T5_rs_3m"":{""value"":-0.15720389877768293,""score"":0},""T6_adr_healthy"":{""value"":4.6156250626822315,""score"":100.0},""_score"":36.68},""geometry"":{""sub_low_similarity"":12.7,""sub_bounce_quality"":100,""sub_separation_fit"":100.0,""sub_right_bottom_reaction"":96.1,""sub_base_context"":100.0,""_score"":73.22},""compression"":{""VC1_atr_ratio"":{""value"":0.5815393562143937,""score"":100},""VC2_range_contraction"":{""value"":1.039299430262324,""score"":0},""VC3_range_pct_rank"":{""score"":34.166666666666664},""_score"":48.54},""sr_quality"":{""SR1_touches"":{""value"":3,""score"":50.0},""SR2_tightness"":{""value"":0.1359092916454035,""score"":64.54132773575256},""SR3_recency"":{""value"":269,""score"":0.0},""SR4_price_location"":{""score"":67.76294509470681},""SR5_reaction"":{""value"":2.73505340675792,""score"":100},""_score"":56.62,""_levels_found"":4,""_target_level"":17.61},""volume"":{""V1_rvol_day"":{""value"":0.6818523439871307,""score"":12.123489599142045},""V2_rvol_sameslot"":{""value"":1.1642737477063527,""score"":44.28491651375685,""status"":""ok""},""V3_breakout_bar"":{""value"":0.4662377341623584,""score"":0},""V4_base_dryup"":{""value"":0.5123896215644723,""score"":98.76103784355277},""V5_bo_expansion"":{""value"":0.6818523439871308,""score"":0},""_score"":31.03},""readiness"":{""_distance_atr"":-2.674,""BR1_atr_distance"":{""score"":6.515593406695814},""BR2_compression"":{""score"":2.510024415268523},""BR3_retest"":{""score"":50.0},""BR4_bo_age"":{""score"":50.0},""_score"":20.73},""risk"":{""R1_stop_clarity"":{""score"":48.22448542223812},""R2_stop_distance_pct"":{""value"":21.638304269392652,""score"":0.0},""R3_stop_distance_atr"":{""value"":4.694169826967694,""score"":65.2915086516153},""R4_rr_potential"":{""value"":-0.19452819964151224,""score"":0.0},""_score"":26.67},""market"":{""M1_spy_regime"":{""score"":100.0},""M3_earnings_risk"":{""value"":null,""score"":80.0},""M4_vix"":{""value"":null,""score"":60.0},""_score"":84.0},""liquidity"":{""L1_price"":{""value"":16.63,""score"":100.0},""L2_dollar_vol"":{""value"":31988091.63928651,""score"":75.24941657555728},""L3_spread_proxy"":{""value"":0.05231509320505118,""score"":47.68490679494882},""L4_volume_zscore"":{""value"":-0.694553993895745,""score"":100.0},""_score"":84.87},""pattern_structure"":{""left_low"":13.23,""left_idx"":41,""right_low"":13.8204,""right_idx"":62,""separation_bars"":21,""structural_low"":13.23,""current_price"":16.675,""neckline_distance_pct"":-0.1256371814092954,""base_bars"":21},""pattern_geometry_features"":{""low_similarity_pct"":0.043651849880223505,""bounce_pct"":0.10204081632653059,""right_bottom_reaction"":0.9614791987673353,""atr_pct"":0.04609612576239154},""_schema_version"":""1.0""}",,,,,,,,,,
20260610T172453Z-e22c49,2026-06-10T17:24:53.606196+00:00,MOD,double_bottom,forming,52.16,59.8,52.9,42.3,54.2,30.5,17.5,67.1,84.0,91.0,8.97,13.23,3.38,7.59,3.96,1.4,4.03,5.04,4.55,False,,258.25,318.61,257.085,376.22,"{""trend"":{""T1_ema_stack"":{""value"":[false,true,true],""score"":66.66666666666666},""T2_ema50_slope"":{""value"":0.44933440448914297,""score"":100},""T3_high_proximity"":{""value"":0.8415067287953338,""score"":20.753364397666896},""T4_rs_1m"":{""value"":-0.08035979506122559,""score"":0},""T5_rs_3m"":{""value"":0.20815108115084158,""score"":100},""T6_adr_healthy"":{""value"":7.802600696781227,""score"":100.0},""_score"":59.78},""geometry"":{""sub_low_similarity"":46.9,""sub_bounce_quality"":100,""sub_separation_fit"":6.7,""sub_right_bottom_reaction"":79.1,""sub_base_context"":30.0,""_score"":52.94},""compression"":{""VC1_atr_ratio"":{""value"":0.536100365173393,""score"":100},""VC2_range_contraction"":{""value"":1.08562010025362,""score"":0},""VC3_range_pct_rank"":{""score"":9.166666666666668},""_score"":42.29},""sr_quality"":{""SR1_touches"":{""value"":2,""score"":25.0},""SR2_tightness"":{""value"":0.35354999999998427,""score"":97.3241841916196},""SR3_recency"":{""value"":258,""score"":0.0},""SR4_price_location"":{""score"":94.63026428569283},""SR5_reaction"":{""value"":1.1313448384168807,""score"":56.56724192084403},""_score"":54.24,""_levels_found"":7,""_target_level"":259.6565},""volume"":{""V1_rvol_day"":{""value"":0.43640366075837345,""score"":0},""V2_rvol_sameslot"":{""value"":1.1194752327650053,""score"":41.29834885100035,""status"":""ok""},""V3_breakout_bar"":{""value"":1.1961407587472415,""score"":46.40938391648277},""V4_base_dryup"":{""value"":0.9688396863852176,""score"":53.11603136147824},""V5_bo_expansion"":{""value"":0.4364036607583734,""score"":0},""_score"":30.49},""readiness"":{""_distance_atr"":2.284,""BR1_atr_distance"":{""score"":0},""BR2_compression"":{""score"":0},""BR3_retest"":{""score"":50.0},""BR4_bo_age"":{""score"":50.0},""_score"":17.5},""risk"":{""R1_stop_clarity"":{""score"":70.36962554147995},""R2_stop_distance_pct"":{""value"":0.45111326234269905,""score"":61.27783155856748},""R3_stop_distance_atr"":{""value"":0.044086061614529104,""score"":27.204303080726454},""R4_rr_potential"":{""value"":101.26180257510553,""score"":100.0},""_score"":67.09},""market"":{""M1_spy_regime"":{""score"":100.0},""M3_earnings_risk"":{""value"":null,""score"":80.0},""M4_vix"":{""value"":null,""score"":60.0},""_score"":84.0},""liquidity"":{""L1_price"":{""value"":258.25,""score"":100.0},""L2_dollar_vol"":{""value"":159655176.53306448,""score"":100.0},""L3_spread_proxy"":{""value"":0.08960309777347526,""score"":10.39690222652473},""L4_volume_zscore"":{""value"":-1.171034052410173,""score"":100.0},""_score"":91.04},""pattern_structure"":{""left_low"":268.02,""left_idx"":30,""right_low"":261.0,""right_idx"":74,""separation_bars"":44,""structural_low"":261.0,""current_price"":257.8,""neckline_distance_pct"":0.23588052754072925,""base_bars"":44},""pattern_geometry_features"":{""low_similarity_pct"":0.02653963933310643,""bounce_pct"":0.22072796934865907,""right_bottom_reaction"":0.7909654561558893,""atr_pct"":0.102325598119209},""_schema_version"":""1.0""}",,,,,,,,,,
20260610T172453Z-e22c49,2026-06-10T17:24:53.606196+00:00,AXON,double_bottom,forming,51.95,61.4,63.8,39.0,48.6,10.3,17.5,72.7,84.0,94.6,9.2,15.94,3.12,6.81,1.35,1.4,4.36,5.04,4.73,False,,459.63,514.99,415.2464,608.41,"{""trend"":{""T1_ema_stack"":{""value"":[true,true,false],""score"":66.66666666666666},""T2_ema50_slope"":{""value"":0.07576568295769909,""score"":62.62761382628318},""T3_high_proximity"":{""value"":0.8956157443491816,""score"":47.80787217459076},""T4_rs_1m"":{""value"":0.1783721918246517,""score"":100},""T5_rs_3m"":{""value"":-0.19099046371933626,""score"":0},""T6_adr_healthy"":{""value"":6.245785542828628,""score"":100.0},""_score"":61.36},""geometry"":{""sub_low_similarity"":31.0,""sub_bounce_quality"":100,""sub_separation_fit"":0.0,""sub_right_bottom_reaction"":96.4,""sub_base_context"":100.0,""_score"":63.76},""compression"":{""VC1_atr_ratio"":{""value"":0.6990347595067148,""score"":75.2413101233213},""VC2_range_contraction"":{""value"":1.2376622553773557,""score"":0},""VC3_range_pct_rank"":{""score"":35.83333333333333},""_score"":39.05},""sr_quality"":{""SR1_touches"":{""value"":2,""score"":25.0},""SR2_tightness"":{""value"":0.3149999999999977,""score"":97.90457003297571},""SR3_recency"":{""value"":229,""score"":0.0},""SR4_price_location"":{""score"":45.731079136177165},""SR5_reaction"":{""value"":2.272543690427542,""score"":100},""_score"":48.62,""_levels_found"":4,""_target_level"":516.115},""volume"":{""V1_rvol_day"":{""value"":0.27979291794459593,""score"":0},""V2_rvol_sameslot"":{""value"":0.5418891440304315,""score"":2.7926096020287687,""status"":""ok""},""V3_breakout_bar"":{""value"":0.6028748653307217,""score"":6.858324355381444},""V4_base_dryup"":{""value"":1.095969572048198,""score"":40.40304279518021},""V5_bo_expansion"":{""value"":0.279792917944596,""score"":0},""_score"":10.35},""readiness"":{""_distance_atr"":1.841,""BR1_atr_distance"":{""score"":0},""BR2_compression"":{""score"":0},""BR3_retest"":{""score"":50.0},""BR4_bo_age"":{""score"":50.0},""_score"":17.5},""risk"":{""R1_stop_clarity"":{""score"":57.93474232388402},""R2_stop_distance_pct"":{""value"":9.656364902203949,""score"":58.59087744490128},""R3_stop_distance_atr"":{""value"":1.476232074808276,""score"":98.8116037404138},""R4_rr_potential"":{""value"":3.3521428547288363,""score"":100.0},""_score"":72.68},""market"":{""M1_spy_regime"":{""score"":100.0},""M3_earnings_risk"":{""value"":null,""score"":80.0},""M4_vix"":{""value"":null,""score"":60.0},""_score"":84.0},""liquidity"":{""L1_price"":{""value"":459.63,""score"":100.0},""L2_dollar_vol"":{""value"":150072617.7786592,""score"":100.0},""L3_spread_proxy"":{""value"":0.05441093923373144,""score"":45.58906076626856},""L4_volume_zscore"":{""value"":-2.605510431147752,""score"":100.0},""_score"":94.56},""pattern_structure"":{""left_low"":421.57,""left_idx"":29,""right_low"":436.3601,""right_idx"":74,""separation_bars"":45,""structural_low"":421.57,""current_price"":459.7,""neckline_distance_pct"":0.1202740917989994,""base_bars"":45},""pattern_geometry_features"":{""low_similarity_pct"":0.03447856649393696,""bounce_pct"":0.22160020874350647,""right_bottom_reaction"":0.9643157545943453,""atr_pct"":0.06541224152346141},""_schema_version"":""1.0""}",,,,,,,,,,
20260610T172453Z-e22c49,2026-06-10T17:24:53.606196+00:00,JOYY,vcp,breakout_confirmed,51.9,89.9,51.3,43.5,47.1,22.9,20.3,28.1,84.0,77.2,13.48,12.83,5.22,5.65,2.98,1.42,1.4,5.04,3.86,False,,67.96,60.08,55.2339,67.275,"{""trend"":{""T1_ema_stack"":{""value"":[true,true,true],""score"":100.0},""T2_ema50_slope"":{""value"":0.173382933212566,""score"":78.89715553542767},""T3_high_proximity"":{""value"":0.9890845582884588,""score"":94.54227914422935},""T4_rs_1m"":{""value"":0.16414253021805525,""score"":100},""T5_rs_3m"":{""value"":0.0323212411403333,""score"":66.16062057016666},""T6_adr_healthy"":{""value"":3.427022414096454,""score"":100.0},""_score"":89.88},""geometry"":{""sub_contraction_count"":100.0,""sub_reduction_rate"":11.3,""sub_pivot_tightness"":47.6,""sub_volume_dryup"":0,""sub_base_depth"":63.7,""sub_base_duration"":100.0,""_score"":51.33},""compression"":{""VC1_atr_ratio"":{""value"":0.523664236931243,""score"":100},""VC2_range_contraction"":{""value"":1.1314686512260264,""score"":0},""VC3_range_pct_rank"":{""score"":14.166666666666671},""_score"":43.54},""sr_quality"":{""SR1_touches"":{""value"":3,""score"":50.0},""SR2_tightness"":{""value"":0.7780888266915376,""score"":47.60974594838753},""SR3_recency"":{""value"":187,""score"":0.0},""SR4_price_location"":{""score"":44.5734881858228},""SR5_reaction"":{""value"":1.8415293976193328,""score"":92.07646988096664},""_score"":47.1,""_levels_found"":5,""_target_level"":70.2667},""volume"":{""V1_rvol_day"":{""value"":0.4974961141288788,""score"":0},""V2_rvol_sameslot"":{""value"":0.7910287926160472,""score"":19.40191950773648,""status"":""ok""},""V3_breakout_bar"":{""value"":0.7589845991952203,""score"":17.26563994634802},""V4_base_dryup"":{""value"":0.7621220163109512,""score"":73.78779836890487},""V5_bo_expansion"":{""value"":0.4974961141288788,""score"":0},""_score"":22.95},""readiness"":{""_distance_atr"":-2.653,""BR1_atr_distance"":{""score"":6.942407117951234},""BR2_compression"":{""score"":0},""BR3_retest"":{""score"":50.0},""BR4_bo_age"":{""score"":50.0},""_score"":20.28},""risk"":{""R1_stop_clarity"":{""score"":43.365396176506096},""R2_stop_distance_pct"":{""value"":18.725904944084743,""score"":0.0},""R3_stop_distance_atr"":{""value"":4.284375375736438,""score"":85.78123121317809},""R4_rr_potential"":{""value"":-0.05382628254869323,""score"":0.0},""_score"":28.05},""market"":{""M1_spy_regime"":{""score"":100.0},""M3_earnings_risk"":{""value"":null,""score"":80.0},""M4_vix"":{""value"":null,""score"":60.0},""_score"":84.0},""liquidity"":{""L1_price"":{""value"":67.96,""score"":100.0},""L2_dollar_vol"":{""value"":11791022.737192199,""score"":53.57757384192641},""L3_spread_proxy"":{""value"":0.04208357857563272,""score"":57.91642142436728},""L4_volume_zscore"":{""value"":-1.1818889698700676,""score"":100.0},""_score"":77.22},""pattern_structure"":{""n_contractions"":5,""contractions_pct"":[9.91,10.72,5.76,6.47,6.67],""descending_strict"":false,""final_low"":56.075,""final_pivot"":60.08,""structural_low"":56.075,""dry_up_ratio"":1.1890365272421064,""current_price"":67.96,""neckline_distance_pct"":-0.11595055915244255,""base_bars"":54},""pattern_geometry_features"":{""contraction_count"":5.0,""first_contraction_pct"":0.09909909909909914,""last_contraction_pct"":0.06666111850865505,""dry_up_ratio"":1.1890365272421064,""near_monotone"":0.0,""base_depth_pct"":0.11371898214003477},""_schema_version"":""1.0""}",,,,,,,,,,
20260610T172453Z-e22c49,2026-06-10T17:24:53.606196+00:00,NVT,vcp,invalidated,51.89,62.8,53.2,41.2,39.9,56.5,17.5,23.8,84.0,92.6,9.42,13.31,4.95,4.79,7.35,1.23,1.19,5.04,4.63,False,,155.47,170.989,159.8359,138.6548,"{""trend"":{""T1_ema_stack"":{""value"":[false,true,true],""score"":66.66666666666666},""T2_ema50_slope"":{""value"":0.5231613930037236,""score"":100},""T3_high_proximity"":{""value"":0.8813991722886786,""score"":40.69958614433927},""T4_rs_1m"":{""value"":-0.09048730806853322,""score"":0},""T5_rs_3m"":{""value"":0.32045165067693504,""score"":100},""T6_adr_healthy"":{""value"":4.37384384486552,""score"":100.0},""_score"":62.77},""geometry"":{""sub_contraction_count"":100.0,""sub_reduction_rate"":4.6,""sub_pivot_tightness"":70.0,""sub_volume_dryup"":43.9,""sub_base_depth"":0.0,""sub_base_duration"":100.0,""_score"":53.23},""compression"":{""VC1_atr_ratio"":{""value"":0.5628101355910238,""score"":100},""VC2_range_contraction"":{""value"":1.3171225704727498,""score"":0},""VC3_range_pct_rank"":{""score"":5.000000000000004},""_score"":41.25},""sr_quality"":{""SR1_touches"":{""value"":2,""score"":25.0},""SR2_tightness"":{""value"":2.005499999999998,""score"":50.01593323352074},""SR3_recency"":{""value"":236,""score"":0.0},""SR4_price_location"":{""score"":53.502471536863425},""SR5_reaction"":{""value"":1.5377172572051148,""score"":76.88586286025574},""_score"":39.91,""_levels_found"":7,""_target_level"":172.9945},""volume"":{""V1_rvol_day"":{""value"":0.5381924437911407,""score"":2.546162919409382},""V2_rvol_sameslot"":{""value"":2.427378134786091,""score"":100,""status"":""ok""},""V3_breakout_bar"":{""value"":1.8597708363689194,""score"":90.6513890912613},""V4_base_dryup"":{""value"":0.8315089116217148,""score"":66.84910883782851},""V5_bo_expansion"":{""value"":0.5381924437911408,""score"":0},""_score"":56.54},""readiness"":{""_distance_atr"":1.934,""BR1_atr_distance"":{""score"":0},""BR2_compression"":{""score"":0},""BR3_retest"":{""score"":50.0},""BR4_bo_age"":{""score"":50.0},""_score"":17.5},""risk"":{""R1_stop_clarity"":{""score"":39.334969976090925},""R2_stop_distance_pct"":{""value"":-2.80822666752428,""score"":0.0},""R3_stop_distance_atr"":{""value"":-0.5440736382426085,""score"":0.0},""R4_rr_potential"":{""value"":null,""score"":50.0},""_score"":23.77},""market"":{""M1_spy_regime"":{""score"":100.0},""M3_earnings_risk"":{""value"":null,""score"":80.0},""M4_vix"":{""value"":null,""score"":60.0},""_score"":84.0},""liquidity"":{""L1_price"":{""value"":155.47,""score"":100.0},""L2_dollar_vol"":{""value"":152935226.18405646,""score"":100.0},""L3_spread_proxy"":{""value"":0.07429085997298522,""score"":25.709140027014783},""L4_volume_zscore"":{""value"":-1.9379951777231184,""score"":100.0},""_score"":92.57},""pattern_structure"":{""n_contractions"":5,""contractions_pct"":[14.33,5.38,7.3,13.03,5.1],""descending_strict"":false,""final_low"":162.27,""final_pivot"":170.989,""structural_low"":162.27,""dry_up_ratio"":0.7803367779642223,""current_price"":155.47,""neckline_distance_pct"":0.09981990094552007,""base_bars"":45},""pattern_geometry_features"":{""contraction_count"":5.0,""first_contraction_pct"":0.14326921448900154,""last_contraction_pct"":0.05099158425395782,""dry_up_ratio"":0.7803367779642223,""near_monotone"":0.0,""base_depth_pct"":-0.2488475077692215},""_schema_version"":""1.0""}",,,,,,,,,,
20260610T172453Z-e22c49,2026-06-10T17:24:53.606196+00:00,HQY,ascending_triangle,absent,51.83,83.0,41.6,56.0,41.6,17.0,48.7,57.5,84.0,82.9,12.46,11.65,4.48,5.82,2.04,3.9,2.3,5.04,4.15,False,,89.41,90.61,82.937,97.02,"{""trend"":{""T1_ema_stack"":{""value"":[true,true,false],""score"":66.66666666666666},""T2_ema50_slope"":{""value"":0.16450481534799086,""score"":77.41746922466514},""T3_high_proximity"":{""value"":0.9864298323036187,""score"":93.21491615180932},""T4_rs_1m"":{""value"":0.10790332358715715,""score"":100},""T5_rs_3m"":{""value"":0.05892189129413006,""score"":79.46094564706503},""T6_adr_healthy"":{""value"":3.8677251957746113,""score"":100.0},""_score"":83.05},""geometry"":{""sub_flat_top_quality"":66.7,""sub_hl_slope"":4.1,""sub_compression"":21.4,""sub_duration"":100.0,""_score"":41.59},""compression"":{""VC1_atr_ratio"":{""value"":0.5777416049093519,""score"":100},""VC2_range_contraction"":{""value"":1.5509415054598497,""score"":0},""VC3_range_pct_rank"":{""score"":64.16666666666666},""_score"":56.04},""sr_quality"":{""SR1_touches"":{""value"":2,""score"":25.0},""SR2_tightness"":{""value"":0.41449999999999676,""score"":77.26092723535918},""SR3_recency"":{""value"":260,""score"":0.0},""SR4_price_location"":{""score"":30.0},""SR5_reaction"":{""value"":3.066757575935691,""score"":100},""_score"":41.59,""_levels_found"":4,""_target_level"":88.3855},""volume"":{""V1_rvol_day"":{""value"":0.20568213304308366,""score"":0},""V2_rvol_sameslot"":{""value"":0.6413425693121378,""score"":9.422837954142523,""status"":""ok""},""V3_breakout_bar"":{""value"":0.7691726723547163,""score"":17.944844823647756},""V4_base_dryup"":{""value"":0.9697749188935368,""score"":53.022508110646314},""V5_bo_expansion"":{""value"":0.20568213304308364,""score"":0},""_score"":16.98},""readiness"":{""_distance_atr"":0.329,""BR1_atr_distance"":{""score"":78.056383339309},""BR2_compression"":{""score"":0},""BR3_retest"":{""score"":50.0},""BR4_bo_age"":{""score"":50.0},""_score"":48.72},""risk"":{""R1_stop_clarity"":{""score"":30.713030393868024},""R2_stop_distance_pct"":{""value"":7.239682362151884,""score"":100.0},""R3_stop_distance_atr"":{""value"":1.7755128830581566,""score"":100.0},""R4_rr_potential"":{""value"":1.175652711262166,""score"":8.782635563108299},""_score"":57.51},""market"":{""M1_spy_regime"":{""score"":100.0},""M3_earnings_risk"":{""value"":null,""score"":80.0},""M4_vix"":{""value"":null,""score"":60.0},""_score"":84.0},""liquidity"":{""L1_price"":{""value"":89.41,""score"":100.0},""L2_dollar_vol"":{""value"":19051821.63242768,""score"":63.99682534464657},""L3_spread_proxy"":{""value"":0.026730790739290914,""score"":73.26920926070909},""L4_volume_zscore"":{""value"":-1.6500092405416737,""score"":100.0},""_score"":82.93},""pattern_structure"":{""top"":90.61,""top_touches"":3,""low_slope_per_bar"":0.01030877443967551,""lowest_low"":84.2,""structural_low"":84.2,""current_price"":89.45,""neckline_distance_pct"":0.01296813862493009,""base_bars"":37},""pattern_geometry_features"":{""top_touches"":3.0,""low_slope"":0.01030877443967551,""compression"":0.1072095404444986,""atr_pct"":0.04077516097592151},""_schema_version"":""1.0""}",,,,,,,,,,
20260610T172453Z-e22c49,2026-06-10T17:24:53.606196+00:00,FLEX,double_bottom,forming,51.77,67.2,62.9,28.1,53.6,5.9,17.5,73.3,84.0,92.3,10.08,15.72,2.25,7.5,0.77,1.4,4.4,5.04,4.61,False,,140.05,166.86,137.5749,194.05,"{""trend"":{""T1_ema_stack"":{""value"":[false,true,true],""score"":66.66666666666666},""T2_ema50_slope"":{""value"":1.1390106144410055,""score"":100},""T3_high_proximity"":{""value"":0.8648264789428184,""score"":32.41323947140917},""T4_rs_1m"":{""value"":-0.02174046473793323,""score"":28.25953526206677},""T5_rs_3m"":{""value"":1.1302947589176666,""score"":100},""T6_adr_healthy"":{""value"":5.599867144282689,""score"":100.0},""_score"":67.18},""geometry"":{""sub_low_similarity"":33.3,""sub_bounce_quality"":100,""sub_separation_fit"":0.0,""sub_right_bottom_reaction"":85.9,""sub_base_context"":100.0,""_score"":62.88},""compression"":{""VC1_atr_ratio"":{""value"":0.7338442748822416,""score"":66.53893127943961},""VC2_range_contraction"":{""value"":1.2156710255136944,""score"":0},""VC3_range_pct_rank"":{""score"":5.833333333333335},""_score"":28.07},""sr_quality"":{""SR1_touches"":{""value"":6,""score"":100},""SR2_tightness"":{""value"":1.5936619256709772,""score"":65.85985591964487},""SR3_recency"":{""value"":278,""score"":0.0},""SR4_price_location"":{""score"":30.0},""SR5_reaction"":{""value"":0.8297611396743791,""score"":41.488056983718955},""_score"":53.6,""_levels_found"":2,""_target_level"":67.765},""volume"":{""V1_rvol_day"":{""value"":0.31912280689280437,""score"":0},""V2_rvol_sameslot"":{""value"":0.7230436760473257,""score"":14.869578403155046,""status"":""ok""},""V3_breakout_bar"":{""value"":0.6210462494707314,""score"":8.069749964715427},""V4_base_dryup"":{""value"":1.4527206683490899,""score"":4.727933165091017},""V5_bo_expansion"":{""value"":0.31912280689280437,""score"":0},""_score"":5.94},""readiness"":{""_distance_atr"":2.872,""BR1_atr_distance"":{""score"":0},""BR2_compression"":{""score"":0},""BR3_retest"":{""score"":50.0},""BR4_bo_age"":{""score"":50.0},""_score"":17.5},""risk"":{""R1_stop_clarity"":{""score"":55.11889460154208},""R2_stop_distance_pct"":{""value"":1.7672616922527942,""score"":94.18154230631986},""R3_stop_distance_atr"":{""value"":0.26510818337618247,""score"":38.255409168809116},""R4_rr_potential"":{""value"":21.81774105573592,""score"":100.0},""_score"":73.28},""market"":{""M1_spy_regime"":{""score"":100.0},""M3_earnings_risk"":{""value"":null,""score"":80.0},""M4_vix"":{""value"":null,""score"":60.0},""_score"":84.0},""liquidity"":{""L1_price"":{""value"":140.05,""score"":100.0},""L2_dollar_vol"":{""value"":257674424.31026897,""score"":100.0},""L3_spread_proxy"":{""value"":0.07711531595858609,""score"":22.884684041413905},""L4_volume_zscore"":{""value"":-2.11604170978696,""score"":100.0},""_score"":92.29},""pattern_structure"":{""left_low"":144.41,""left_idx"":28,""right_low"":139.67,""right_idx"":74,""separation_bars"":46,""structural_low"":139.67,""current_price"":140.315,""neckline_distance_pct"":0.18918148451697978,""base_bars"":46},""pattern_geometry_features"":{""low_similarity_pct"":0.03337088144184743,""bounce_pct"":0.1946731581585167,""right_bottom_reaction"":0.8593944421401915,""atr_pct"":0.06666190646197784},""_schema_version"":""1.0""}",,,,,,,,,,
20260610T172453Z-e22c49,2026-06-10T17:24:53.606196+00:00,BELFB,vcp,absent,51.77,71.9,47.0,45.2,64.8,1.2,48.6,60.7,84.0,87.9,10.79,11.75,5.43,7.77,0.16,3.4,3.03,5.04,4.4,False,,278.09,283.225,255.2825,250.845,"{""trend"":{""T1_ema_stack"":{""value"":[true,true,true],""score"":100.0},""T2_ema50_slope"":{""value"":0.24017178590082822,""score"":90.02863098347137},""T3_high_proximity"":{""value"":0.9186073398738148,""score"":59.30366993690739},""T4_rs_1m"":{""value"":-0.06852914058066917,""score"":0},""T5_rs_3m"":{""value"":0.3053490258577465,""score"":100},""T6_adr_healthy"":{""value"":5.530465129530137,""score"":100.0},""_score"":71.9},""geometry"":{""sub_contraction_count"":100.0,""sub_reduction_rate"":13.8,""sub_pivot_tightness"":21.6,""sub_volume_dryup"":35.4,""sub_base_depth"":0.0,""sub_base_duration"":100.0,""_score"":47.0},""compression"":{""VC1_atr_ratio"":{""value"":0.4513187823476967,""score"":100},""VC2_range_contraction"":{""value"":1.0765184236288905,""score"":0},""VC3_range_pct_rank"":{""score"":20.833333333333336},""_score"":45.21},""sr_quality"":{""SR1_touches"":{""value"":4,""score"":75.0},""SR2_tightness"":{""value"":3.502759733677852,""score"":54.463697372499055},""SR3_recency"":{""value"":230,""score"":0.0},""SR4_price_location"":{""score"":80.69435674611232},""SR5_reaction"":{""value"":1.857957885177354,""score"":92.8978942588677},""_score"":64.78,""_levels_found"":7,""_target_level"":282.1488},""volume"":{""V1_rvol_day"":{""value"":0.504178165232314,""score"":0.2785443488209305},""V2_rvol_sameslot"":{""value"":0.4134719633083066,""score"":0,""status"":""ok""},""V3_breakout_bar"":{""value"":0.3313879376287838,""score"":0},""V4_base_dryup"":{""value"":1.4406928516235906,""score"":5.930714837640934},""V5_bo_expansion"":{""value"":0.5041781652323138,""score"":0},""_score"":1.24},""readiness"":{""_distance_atr"":0.334,""BR1_atr_distance"":{""score"":77.74812511936103},""BR2_compression"":{""score"":0},""BR3_retest"":{""score"":50.0},""BR4_bo_age"":{""score"":50.0},""_score"":48.6},""risk"":{""R1_stop_clarity"":{""score"":49.46137710288569},""R2_stop_distance_pct"":{""value"":8.201499514545638,""score"":94.96251213635904},""R3_stop_distance_atr"":{""value"":1.4825046220075322,""score"":99.12523110037661},""R4_rr_potential"":{""value"":-1.1945605731435431,""score"":0.0},""_score"":60.67},""market"":{""M1_spy_regime"":{""score"":100.0},""M3_earnings_risk"":{""value"":null,""score"":80.0},""M4_vix"":{""value"":null,""score"":60.0},""_score"":84.0},""liquidity"":{""L1_price"":{""value"":278.09,""score"":100.0},""L2_dollar_vol"":{""value"":49681607.38117198,""score"":84.80978192030273},""L3_spread_proxy"":{""value"":0.060232298896040856,""score"":39.76770110395914},""L4_volume_zscore"":{""value"":-0.8624407932620299,""score"":100.0},""_score"":87.9},""pattern_structure"":{""n_contractions"":5,""contractions_pct"":[16.5,13.39,19.87,8.46,8.49],""descending_strict"":false,""final_low"":259.17,""final_pivot"":283.225,""structural_low"":259.17,""dry_up_ratio"":0.8229071532066068,""current_price"":278.09,""neckline_distance_pct"":0.018465245064547622,""base_bars"":50},""pattern_geometry_features"":{""contraction_count"":5.0,""first_contraction_pct"":0.16504255037700066,""last_contraction_pct"":0.08493247418130463,""dry_up_ratio"":0.8229071532066068,""near_monotone"":0.0,""base_depth_pct"":-0.1427752546408573},""_schema_version"":""1.0""}",,,,,,,,,,
20260610T172453Z-e22c49,2026-06-10T17:24:53.606196+00:00,CNR,vcp,breakout_confirmed,51.72,60.2,49.8,59.7,43.8,20.6,63.5,31.3,84.0,81.8,9.02,12.46,7.17,5.25,2.68,4.44,1.56,5.04,4.09,False,,91.82,90.54,79.3713,105.66,"{""trend"":{""T1_ema_stack"":{""value"":[true,true,true],""score"":100.0},""T2_ema50_slope"":{""value"":-0.01983001809543037,""score"":46.694996984094935},""T3_high_proximity"":{""value"":0.810915835026053,""score"":5.457917513026489},""T4_rs_1m"":{""value"":0.07966960761336783,""score"":100},""T5_rs_3m"":{""value"":-0.12058913872232002,""score"":0},""T6_adr_healthy"":{""value"":4.129417425216997,""score"":100.0},""_score"":60.16},""geometry"":{""sub_contraction_count"":100.0,""sub_reduction_rate"":0,""sub_pivot_tightness"":0,""sub_volume_dryup"":32.2,""sub_base_depth"":100.0,""sub_base_duration"":100.0,""_score"":49.83},""compression"":{""VC1_atr_ratio"":{""value"":0.6317687737788932,""score"":92.0578065552767},""VC2_range_contraction"":{""value"":1.1397695145128042,""score"":0},""VC3_range_pct_rank"":{""score"":91.66666666666666},""_score"":59.74},""sr_quality"":{""SR1_touches"":{""value"":3,""score"":50.0},""SR2_tightness"":{""value"":0.40998644964058334,""score"":80.76790111905645},""SR3_recency"":{""value"":293,""score"":0.0},""SR4_price_location"":{""score"":6.556016597510073},""SR5_reaction"":{""value"":2.3134008712808467,""score"":100},""_score"":43.75,""_levels_found"":5,""_target_level"":95.5733},""volume"":{""V1_rvol_day"":{""value"":0.2731157170243053,""score"":0},""V2_rvol_sameslot"":{""value"":0.7324390774084739,""score"":15.495938493898262,""status"":""ok""},""V3_breakout_bar"":{""value"":0.7283682637926312,""score"":15.224550919508747},""V4_base_dryup"":{""value"":0.812626629135582,""score"":68.7373370864418},""V5_bo_expansion"":{""value"":0.2731157170243053,""score"":0},""_score"":20.65},""readiness"":{""_distance_atr"":-0.3,""BR1_atr_distance"":{""score"":100.0},""BR2_compression"":{""score"":23.818207119296257},""BR3_retest"":{""score"":50.0},""BR4_bo_age"":{""score"":50.0},""_score"":63.45},""risk"":{""R1_stop_clarity"":{""score"":43.300960463997775},""R2_stop_distance_pct"":{""value"":13.557721629274672,""score"":0.0},""R3_stop_distance_atr"":{""value"":2.9197870996600757,""score"":100.0},""R4_rr_potential"":{""value"":1.1117626740141553,""score"":5.588133700707765},""_score"":31.27},""market"":{""M1_spy_regime"":{""score"":100.0},""M3_earnings_risk"":{""value"":null,""score"":80.0},""M4_vix"":{""value"":null,""score"":60.0},""_score"":84.0},""liquidity"":{""L1_price"":{""value"":91.82,""score"":100.0},""L2_dollar_vol"":{""value"":16638230.987564698,""score"":61.05535746438249},""L3_spread_proxy"":{""value"":0.026138096275321345,""score"":73.86190372467865},""L4_volume_zscore"":{""value"":-2.5261329818380807,""score"":100.0},""_score"":81.81},""pattern_structure"":{""n_contractions"":5,""contractions_pct"":[11.02,21.91,7.59,9.49,11.0],""descending_strict"":false,""final_low"":80.58,""final_pivot"":90.54,""structural_low"":80.58,""dry_up_ratio"":0.8389574484817985,""current_price"":91.82,""neckline_distance_pct"":-0.013940318013504541,""base_bars"":50},""pattern_geometry_features"":{""contraction_count"":5.0,""first_contraction_pct"":0.11024033437826539,""last_contraction_pct"":0.11000662690523534,""dry_up_ratio"":0.8389574484817985,""near_monotone"":0.0,""base_depth_pct"":0.15799373040752354},""_schema_version"":""1.0""}",,,,,,,,,,
20260610T172453Z-e22c49,2026-06-10T17:24:53.606196+00:00,CTRE,double_bottom,forming,51.53,31.8,58.4,48.1,56.8,31.4,47.2,50.3,84.0,89.0,4.77,14.6,3.85,7.95,4.08,3.78,3.02,5.04,4.45,True,risk_unclear,37.74,38.48,35.9821,40.43,"{""trend"":{""T1_ema_stack"":{""value"":[false,false,true],""score"":33.33333333333333},""T2_ema50_slope"":{""value"":0.053355344819667874,""score"":58.89255746994465},""T3_high_proximity"":{""value"":0.8892554194156457,""score"":44.62770970782282},""T4_rs_1m"":{""value"":-0.05643364444955168,""score"":0},""T5_rs_3m"":{""value"":-0.1303263048269182,""score"":0},""T6_adr_healthy"":{""value"":2.488241006631535,""score"":100.0},""_score"":31.81},""geometry"":{""sub_low_similarity"":73.4,""sub_bounce_quality"":33.4,""sub_separation_fit"":100.0,""sub_right_bottom_reaction"":57.9,""sub_base_context"":30.0,""_score"":58.39},""compression"":{""VC1_atr_ratio"":{""value"":0.6898546854485171,""score"":77.53632863787071},""VC2_range_contraction"":{""value"":1.4847669937340717,""score"":0},""VC3_range_pct_rank"":{""score"":68.33333333333333},""_score"":48.1},""sr_quality"":{""SR1_touches"":{""value"":4,""score"":75.0},""SR2_tightness"":{""value"":0.2602492795379078,""score"":50.879812422909175},""SR3_recency"":{""value"":265,""score"":0.0},""SR4_price_location"":{""score"":59.330143540670036},""SR5_reaction"":{""value"":1.5712841253791732,""score"":78.56420626895866},""_score"":56.75,""_levels_found"":6,""_target_level"":38.2713},""volume"":{""V1_rvol_day"":{""value"":0.36379239787867823,""score"":0},""V2_rvol_sameslot"":{""value"":1.5336466374188502,""score"":68.90977582792334,""status"":""ok""},""V3_breakout_bar"":{""value"":0.7643311223889785,""score"":17.6220748259319},""V4_base_dryup"":{""value"":0.8384168091489332,""score"":66.15831908510668},""V5_bo_expansion"":{""value"":0.3637923978786783,""score"":0},""_score"":31.42},""readiness"":{""_distance_atr"":0.698,""BR1_atr_distance"":{""score"":53.443433322098926},""BR2_compression"":{""score"":33.277863304663406},""BR3_retest"":{""score"":50.0},""BR4_bo_age"":{""score"":50.0},""_score"":47.2},""risk"":{""R1_stop_clarity"":{""score"":0},""R2_stop_distance_pct"":{""value"":4.658055113937469,""score"":100.0},""R3_stop_distance_atr"":{""value"":1.659002359285476,""score"":100.0},""R4_rr_potential"":{""value"":1.5301914161381092,""score"":26.509570806905458},""_score"":50.3},""market"":{""M1_spy_regime"":{""score"":100.0},""M3_earnings_risk"":{""value"":null,""score"":80.0},""M4_vix"":{""value"":null,""score"":60.0},""_score"":84.0},""liquidity"":{""L1_price"":{""value"":37.74,""score"":100.0},""L2_dollar_vol"":{""value"":34521601.61507826,""score"":76.90454682095202},""L3_spread_proxy"":{""value"":0.017488076311605632,""score"":82.51192368839438},""L4_volume_zscore"":{""value"":-0.9281688666608934,""score"":100.0},""_score"":89.01},""pattern_structure"":{""left_low"":37.02,""left_idx"":59,""right_low"":36.53,""right_idx"":70,""separation_bars"":11,""structural_low"":36.53,""current_price"":37.675,""neckline_distance_pct"":0.021366954213669537,""base_bars"":11},""pattern_geometry_features"":{""low_similarity_pct"":0.013324269204622758,""bounce_pct"":0.05338078291814935,""right_bottom_reaction"":0.5789473684210479,""atr_pct"":0.028077447195094227},""_schema_version"":""1.0""}",,,,,,,,,,
20260610T172453Z-e22c49,2026-06-10T17:24:53.606196+00:00,HBAN,double_bottom,setup,51.51,73.2,47.6,36.1,53.3,23.0,34.9,42.8,84.0,97.7,10.99,11.9,2.89,7.46,2.99,2.79,2.57,5.04,4.88,True,risk_unclear,17.025,16.715,15.6122,17.58,"{""trend"":{""T1_ema_stack"":{""value"":[true,true,false],""score"":66.66666666666666},""T2_ema50_slope"":{""value"":-0.04428529911986622,""score"":42.61911681335563},""T3_high_proximity"":{""value"":0.9979484173505275,""score"":98.97420867526374},""T4_rs_1m"":{""value"":0.07959284285378665,""score"":100},""T5_rs_3m"":{""value"":0.009510733667409177,""score"":54.755366833704585},""T6_adr_healthy"":{""value"":2.081362103030388,""score"":100.0},""_score"":73.25},""geometry"":{""sub_low_similarity"":22.1,""sub_bounce_quality"":35.1,""sub_separation_fit"":0.0,""sub_right_bottom_reaction"":92.9,""sub_base_context"":100.0,""_score"":47.59},""compression"":{""VC1_atr_ratio"":{""value"":0.7535496604895545,""score"":61.61258487761137},""VC2_range_contraction"":{""value"":1.0746439739704516,""score"":0},""VC3_range_pct_rank"":{""score"":45.833333333333336},""_score"":36.1},""sr_quality"":{""SR1_touches"":{""value"":2,""score"":25.0},""SR2_tightness"":{""value"":0.03500000000000014,""score"":81.2594419903237},""SR3_recency"":{""value"":305,""score"":0.0},""SR4_price_location"":{""score"":74.53310696094974},""SR5_reaction"":{""value"":3.4134587803338805,""score"":100},""_score"":53.32,""_levels_found"":8,""_target_level"":17.1},""volume"":{""V1_rvol_day"":{""value"":0.3737924617479625,""score"":0},""V2_rvol_sameslot"":{""value"":0.8240626782384081,""score"":21.604178549227203,""status"":""ok""},""V3_breakout_bar"":{""value"":0.5666595791896131,""score"":4.443971945974204},""V4_base_dryup"":{""value"":0.6209170540546615,""score"":87.90829459453386},""V5_bo_expansion"":{""value"":0.3737924617479624,""score"":0},""_score"":23.01},""readiness"":{""_distance_atr"":-0.83,""BR1_atr_distance"":{""score"":43.401220048572554},""BR2_compression"":{""score"":0},""BR3_retest"":{""score"":50.0},""BR4_bo_age"":{""score"":50.0},""_score"":34.86},""risk"":{""R1_stop_clarity"":{""score"":0},""R2_stop_distance_pct"":{""value"":8.29809104258443,""score"":92.54772393538926},""R3_stop_distance_atr"":{""value"":3.782246189738582,""score"":100.0},""R4_rr_potential"":{""value"":0.3928508228632101,""score"":0.0},""_score"":42.76},""market"":{""M1_spy_regime"":{""score"":100.0},""M3_earnings_risk"":{""value"":null,""score"":80.0},""M4_vix"":{""value"":null,""score"":60.0},""_score"":84.0},""liquidity"":{""L1_price"":{""value"":17.025,""score"":100.0},""L2_dollar_vol"":{""value"":132857405.32911636,""score"":100.0},""L3_spread_proxy"":{""value"":0.02320117474302494,""score"":76.79882525697505},""L4_volume_zscore"":{""value"":-1.6066658172899828,""score"":100.0},""_score"":97.68},""pattern_structure"":{""left_low"":15.85,""left_idx"":23,""right_low"":16.48,""right_idx"":69,""separation_bars"":46,""structural_low"":15.85,""current_price"":16.97,""neckline_distance_pct"":-0.015026517383618092,""base_bars"":46},""pattern_geometry_features"":{""low_similarity_pct"":0.03897309000927936,""bounce_pct"":0.054574132492113576,""right_bottom_reaction"":0.9294871794871838,""atr_pct"":0.021939584644430483},""_schema_version"":""1.0""}",,,,,,,,,,
20260610T172453Z-e22c49,2026-06-10T17:24:53.606196+00:00,FRMI,vcp,forming,51.06,42.5,50.5,45.5,74.2,21.1,47.3,42.5,84.0,89.6,6.37,12.62,5.46,8.9,2.75,3.31,2.13,5.04,4.48,False,,6.8301,7.05,5.2599,8.75,"{""trend"":{""T1_ema_stack"":{""value"":[true,false,false],""score"":33.33333333333333},""T2_ema50_slope"":{""value"":-0.047043043368368946,""score"":42.15949277193851},""T3_high_proximity"":{""value"":0.8432222222222222,""score"":21.611111111111082},""T4_rs_1m"":{""value"":0.28476296088629804,""score"":100},""T5_rs_3m"":{""value"":-0.29171284144112064,""score"":0},""T6_adr_healthy"":{""value"":10.04711373479494,""score"":48.82215663012648},""_score"":42.45},""geometry"":{""sub_contraction_count"":100.0,""sub_reduction_rate"":0,""sub_pivot_tightness"":0,""sub_volume_dryup"":36.7,""sub_base_depth"":100.0,""sub_base_duration"":100.0,""_score"":50.5},""compression"":{""VC1_atr_ratio"":{""value"":0.5362301138078028,""score"":100},""VC2_range_contraction"":{""value"":0.912340052480418,""score"":14.60999125326366},""VC3_range_pct_rank"":{""score"":1.6666666666666718},""_score"":45.53},""sr_quality"":{""SR1_touches"":{""value"":4,""score"":75.0},""SR2_tightness"":{""value"":0.09908960591303216,""score"":65.63735149531963},""SR3_recency"":{""value"":63,""score"":45.0},""SR4_price_location"":{""score"":80.38915470494416},""SR5_reaction"":{""value"":3.7105843303361334,""score"":100},""_score"":74.19,""_levels_found"":7,""_target_level"":7.1375},""volume"":{""V1_rvol_day"":{""value"":1.1516799934759612,""score"":43.44533289839741},""V2_rvol_sameslot"":{""value"":0.438914749994654,""score"":0,""status"":""ok""},""V3_breakout_bar"":{""value"":0.5477475202915666,""score"":3.183168019437773},""V4_base_dryup"":{""value"":0.993531965173536,""score"":50.6468034826464},""V5_bo_expansion"":{""value"":1.151679993475961,""score"":10.111999565064062},""_score"":21.13},""readiness"":{""_distance_atr"":0.381,""BR1_atr_distance"":{""score"":74.58076341928611},""BR2_compression"":{""score"":0},""BR3_retest"":{""score"":50.0},""BR4_bo_age"":{""score"":50.0},""_score"":47.33},""risk"":{""R1_stop_clarity"":{""score"":72.22263505982022},""R2_stop_distance_pct"":{""value"":22.98941450344797,""score"":0.0},""R3_stop_distance_atr"":{""value"":2.7225979044363533,""score"":100.0},""R4_rr_potential"":{""value"":1.2227104827410524,""score"":11.135524137052622},""_score"":42.51},""market"":{""M1_spy_regime"":{""score"":100.0},""M3_earnings_risk"":{""value"":null,""score"":80.0},""M4_vix"":{""value"":null,""score"":60.0},""_score"":84.0},""liquidity"":{""L1_price"":{""value"":6.8301,""score"":98.41505000000001},""L2_dollar_vol"":{""value"":128913308.31941079,""score"":100.0},""L3_spread_proxy"":{""value"":0.20424298326525228,""score"":0},""L4_volume_zscore"":{""value"":0.2461326021293847,""score"":100.0},""_score"":89.6},""pattern_structure"":{""n_contractions"":5,""contractions_pct"":[28.55,22.7,13.63,27.52,24.26],""descending_strict"":false,""final_low"":5.34,""final_pivot"":7.05,""structural_low"":5.34,""dry_up_ratio"":0.8166450044354678,""current_price"":6.8301,""neckline_distance_pct"":0.03219572187815698,""base_bars"":34},""pattern_geometry_features"":{""contraction_count"":5.0,""first_contraction_pct"":0.2855113636363636,""last_contraction_pct"":0.2425531914893617,""dry_up_ratio"":0.8166450044354678,""near_monotone"":0.0,""base_depth_pct"":0.24147727272727276},""_schema_version"":""1.0""}",,,,,,,,,,
20260610T172453Z-e22c49,2026-06-10T17:24:53.606196+00:00,CARR,vcp,setup,51.03,92.2,37.9,43.1,53.4,20.4,35.2,24.6,84.0,95.5,13.83,9.47,5.17,6.4,2.65,2.46,1.23,5.04,4.77,True,risk_unclear,69.06,67.065,60.2032,70.58,"{""trend"":{""T1_ema_stack"":{""value"":[true,true,true],""score"":100.0},""T2_ema50_slope"":{""value"":0.13972334375269976,""score"":73.2872239587833},""T3_high_proximity"":{""value"":0.9693992139247615,""score"":84.69960696238071},""T4_rs_1m"":{""value"":0.061133100601982404,""score"":100},""T5_rs_3m"":{""value"":0.09764683522664441,""score"":98.8234176133222},""T6_adr_healthy"":{""value"":3.2845640076117246,""score"":100.0},""_score"":92.19},""geometry"":{""sub_contraction_count"":100.0,""sub_reduction_rate"":0,""sub_pivot_tightness"":16.3,""sub_volume_dryup"":0,""sub_base_depth"":4.4,""sub_base_duration"":100.0,""_score"":37.89},""compression"":{""VC1_atr_ratio"":{""value"":0.5668050550763145,""score"":100},""VC2_range_contraction"":{""value"":1.092265500586072,""score"":0},""VC3_range_pct_rank"":{""score"":12.5},""_score"":43.12},""sr_quality"":{""SR1_touches"":{""value"":4,""score"":75.0},""SR2_tightness"":{""value"":0.5604183705054636,""score"":55.70440543640656},""SR3_recency"":{""value"":231,""score"":0.0},""SR4_price_location"":{""score"":30.0},""SR5_reaction"":{""value"":2.0570218772053632,""score"":100},""_score"":53.36,""_levels_found"":6,""_target_level"":68.9625},""volume"":{""V1_rvol_day"":{""value"":0.4372757309601546,""score"":0},""V2_rvol_sameslot"":{""value"":0.9613647063098884,""score"":30.75764708732589,""status"":""ok""},""V3_breakout_bar"":{""value"":0.7268395652062896,""score"":15.122637680419304},""V4_base_dryup"":{""value"":0.9788576413272057,""score"":52.11423586727943},""V5_bo_expansion"":{""value"":0.43727573096015454,""score"":0},""_score"":20.36},""readiness"":{""_distance_atr"":-0.788,""BR1_atr_distance"":{""score"":44.23147494707125},""BR2_compression"":{""score"":0},""BR3_retest"":{""score"":50.0},""BR4_bo_age"":{""score"":50.0},""_score"":35.19},""risk"":{""R1_stop_clarity"":{""score"":27.535920959774046},""R2_stop_distance_pct"":{""value"":12.824790037648432,""score"":0.0},""R3_stop_distance_atr"":{""value"":3.500217360621032,""score"":100.0},""R4_rr_potential"":{""value"":0.17161954656309378,""score"":0.0},""_score"":24.64},""market"":{""M1_spy_regime"":{""score"":100.0},""M3_earnings_risk"":{""value"":null,""score"":80.0},""M4_vix"":{""value"":null,""score"":60.0},""_score"":84.0},""liquidity"":{""L1_price"":{""value"":69.06,""score"":100.0},""L2_dollar_vol"":{""value"":200935666.88448268,""score"":100.0},""L3_spread_proxy"":{""value"":0.04525050680567622,""score"":54.749493194323776},""L4_volume_zscore"":{""value"":-1.4487131320112125,""score"":100.0},""_score"":95.47},""pattern_structure"":{""n_contractions"":5,""contractions_pct"":[14.55,10.68,5.43,11.22,8.86],""descending_strict"":false,""final_low"":61.12,""final_pivot"":67.065,""structural_low"":61.12,""dry_up_ratio"":1.1478106372031582,""current_price"":69.06,""neckline_distance_pct"":-0.028887923544743767,""base_bars"":58},""pattern_geometry_features"":{""contraction_count"":5.0,""first_contraction_pct"":0.14550939893246703,""last_contraction_pct"":0.08864534406918662,""dry_up_ratio"":1.1478106372031582,""near_monotone"":0.0,""base_depth_pct"":0.05438230061112412},""_schema_version"":""1.0""}",,,,,,,,,,
20260610T172453Z-e22c49,2026-06-10T17:24:53.606196+00:00,ALKT,double_bottom,forming,50.52,16.0,52.2,45.2,55.0,56.1,40.5,69.9,84.0,79.8,2.4,13.04,3.61,7.7,7.3,3.24,4.19,5.04,3.99,False,,15.5,16.09,15.2576,16.69,"{""trend"":{""T1_ema_stack"":{""value"":[false,false,false],""score"":0.0},""T2_ema50_slope"":{""value"":-0.010363319611226607,""score"":48.27278006479557},""T3_high_proximity"":{""value"":0.8179419525065963,""score"":8.970976253298124},""T4_rs_1m"":{""value"":-0.0870203364359009,""score"":0},""T5_rs_3m"":{""value"":-0.244364662807118,""score"":0},""T6_adr_healthy"":{""value"":5.026282362130016,""score"":100.0},""_score"":16.0},""geometry"":{""sub_low_similarity"":86.5,""sub_bounce_quality"":12.5,""sub_separation_fit"":73.3,""sub_right_bottom_reaction"":44.9,""sub_base_context"":30.0,""_score"":52.18},""compression"":{""VC1_atr_ratio"":{""value"":0.6565699117919195,""score"":85.85752205202013},""VC2_range_contraction"":{""value"":1.2596476116116324,""score"":0},""VC3_range_pct_rank"":{""score"":43.333333333333336},""_score"":45.18},""sr_quality"":{""SR1_touches"":{""value"":4,""score"":75.0},""SR2_tightness"":{""value"":0.06922562748000245,""score"":85.07838668637359},""SR3_recency"":{""value"":239,""score"":0.0},""SR4_price_location"":{""score"":18.91663525160208},""SR5_reaction"":{""value"":2.247113163972288,""score"":100},""_score"":54.99,""_levels_found"":6,""_target_level"":16.1238},""volume"":{""V1_rvol_day"":{""value"":0.7359446211128666,""score"":15.729641407524442},""V2_rvol_sameslot"":{""value"":3.9296695386273144,""score"":100,""status"":""ok""},""V3_breakout_bar"":{""value"":2.3334860134650186,""score"":100},""V4_base_dryup"":{""value"":1.100073663555497,""score"":39.992633644450294},""V5_bo_expansion"":{""value"":0.7359446211128666,""score"":0},""_score"":56.14},""readiness"":{""_distance_atr"":0.636,""BR1_atr_distance"":{""score"":57.608416730818576},""BR2_compression"":{""score"":0},""BR3_retest"":{""score"":50.0},""BR4_bo_age"":{""score"":50.0},""_score"":40.54},""risk"":{""R1_stop_clarity"":{""score"":49.91685912240178},""R2_stop_distance_pct"":{""value"":1.5635483870967744,""score"":89.08870967741936},""R3_stop_distance_atr"":{""value"":0.26119322555812174,""score"":38.05966127790609},""R4_rr_potential"":{""value"":4.910253765215587,""score"":100.0},""_score"":69.91},""market"":{""M1_spy_regime"":{""score"":100.0},""M3_earnings_risk"":{""value"":null,""score"":80.0},""M4_vix"":{""value"":null,""score"":60.0},""_score"":84.0},""liquidity"":{""L1_price"":{""value"":15.5,""score"":100.0},""L2_dollar_vol"":{""value"":17842615.5816855,""score"":62.572925936505456},""L3_spread_proxy"":{""value"":0.05225806451612906,""score"":47.74193548387094},""L4_volume_zscore"":{""value"":-0.7028753284988556,""score"":100.0},""_score"":79.8},""pattern_structure"":{""left_low"":15.595,""left_idx"":60,""right_low"":15.49,""right_idx"":66,""separation_bars"":6,""structural_low"":15.49,""current_price"":15.54,""neckline_distance_pct"":0.03539253539253544,""base_bars"":6},""pattern_geometry_features"":{""low_similarity_pct"":0.006755669937268807,""bounce_pct"":0.03873466752743703,""right_bottom_reaction"":0.4489795918367338,""atr_pct"":0.059861751152073726},""_schema_version"":""1.0""}",,,,,,,,,,
20260610T172453Z-e22c49,2026-06-10T17:24:53.606196+00:00,QBTS,vcp,absent,50.46,66.6,45.2,45.9,55.7,8.8,55.9,44.5,84.0,93.2,9.99,11.31,5.5,6.68,1.14,3.91,2.23,5.04,4.66,False,,24.07,24.78,17.469,28.745,"{""trend"":{""T1_ema_stack"":{""value"":[false,true,true],""score"":66.66666666666666},""T2_ema50_slope"":{""value"":0.8284635214191826,""score"":100},""T3_high_proximity"":{""value"":0.7986065029860651,""score"":0},""T4_rs_1m"":{""value"":0.014528105479764797,""score"":64.5281054797648},""T5_rs_3m"":{""value"":0.1938272430177983,""score"":100},""T6_adr_healthy"":{""value"":10.36474845159061,""score"":40.88128871023473},""_score"":66.62},""geometry"":{""sub_contraction_count"":100.0,""sub_reduction_rate"":0,""sub_pivot_tightness"":0,""sub_volume_dryup"":1.5,""sub_base_depth"":100.0,""sub_base_duration"":100.0,""_score"":45.23},""compression"":{""VC1_atr_ratio"":{""value"":0.689378769044859,""score"":77.65530773878527},""VC2_range_contraction"":{""value"":1.134441563055571,""score"":0},""VC3_range_pct_rank"":{""score"":59.166666666666664},""_score"":45.85},""sr_quality"":{""SR1_touches"":{""value"":2,""score"":25.0},""SR2_tightness"":{""value"":0.007500000000000284,""score"":99.55802686354815},""SR3_recency"":{""value"":246,""score"":0.0},""SR4_price_location"":{""score"":75.51952049623065},""SR5_reaction"":{""value"":1.9174267903068976,""score"":95.87133951534487},""_score"":55.69,""_levels_found"":4,""_target_level"":24.7725},""volume"":{""V1_rvol_day"":{""value"":0.3296714146981006,""score"":0},""V2_rvol_sameslot"":{""value"":0.5250552343024457,""score"":1.6703489534963811,""status"":""ok""},""V3_breakout_bar"":{""value"":0.542649366625389,""score"":2.8432911083592654},""V4_base_dryup"":{""value"":1.1133256887026464,""score"":38.66743112973536},""V5_bo_expansion"":{""value"":0.3296714146981005,""score"":0},""_score"":8.78},""readiness"":{""_distance_atr"":0.209,""BR1_atr_distance"":{""score"":86.05329213863082},""BR2_compression"":{""score"":15.87696519507259},""BR3_retest"":{""score"":50.0},""BR4_bo_age"":{""score"":50.0},""_score"":55.89},""risk"":{""R1_stop_clarity"":{""score"":84.3232128500533},""R2_stop_distance_pct"":{""value"":27.42428334025758,""score"":0.0},""R3_stop_distance_atr"":{""value"":1.9449838153646697,""score"":100.0},""R4_rr_potential"":{""value"":0.708223344101863,""score"":0.0},""_score"":44.51},""market"":{""M1_spy_regime"":{""score"":100.0},""M3_earnings_risk"":{""value"":null,""score"":80.0},""M4_vix"":{""value"":null,""score"":60.0},""_score"":84.0},""liquidity"":{""L1_price"":{""value"":24.07,""score"":100.0},""L2_dollar_vol"":{""value"":349376172.03576654,""score"":100.0},""L3_spread_proxy"":{""value"":0.06790195263813874,""score"":32.09804736186126},""L4_volume_zscore"":{""value"":-0.9276707875662923,""score"":100.0},""_score"":93.21},""pattern_structure"":{""n_contractions"":5,""contractions_pct"":[20.46,22.39,23.78,23.92,28.43],""descending_strict"":false,""final_low"":17.735,""final_pivot"":24.78,""structural_low"":17.735,""dry_up_ratio"":0.9925934555179627,""current_price"":24.07,""neckline_distance_pct"":0.02949729954299962,""base_bars"":57},""pattern_geometry_features"":{""contraction_count"":5.0,""first_contraction_pct"":0.20460829493087548,""last_contraction_pct"":0.2843018563357547,""dry_up_ratio"":0.9925934555179627,""near_monotone"":0.0,""base_depth_pct"":0.1827188940092166},""_schema_version"":""1.0""}",,,,,,,,,,
20260610T172453Z-e22c49,2026-06-10T17:24:53.606196+00:00,CNR,cup_with_handle,forming,50.46,60.2,51.9,59.7,43.8,20.4,23.4,72.0,84.0,81.8,8.42,15.58,4.78,5.25,2.66,1.88,3.6,4.2,4.09,False,,91.82,99.79,88.7189,115.21,"{""trend"":{""T1_ema_stack"":{""value"":[true,true,true],""score"":100.0},""T2_ema50_slope"":{""value"":-0.01983001809543037,""score"":46.694996984094935},""T3_high_proximity"":{""value"":0.810915835026053,""score"":5.457917513026489},""T4_rs_1m"":{""value"":0.07966960761336783,""score"":100},""T5_rs_3m"":{""value"":-0.12058913872232002,""score"":0},""T6_adr_healthy"":{""value"":4.129417425216997,""score"":100.0},""_score"":60.16},""geometry"":{""sub_cup_depth"":80.6,""sub_cup_duration"":100.0,""sub_rim_symmetry"":21.0,""sub_handle_shallowness"":18.8,""sub_handle_proportion"":75.5,""sub_u_shape"":35.4,""_score"":51.94},""compression"":{""VC1_atr_ratio"":{""value"":0.6317687737788932,""score"":92.0578065552767},""VC2_range_contraction"":{""value"":1.1397695145128042,""score"":0},""VC3_range_pct_rank"":{""score"":91.66666666666666},""_score"":59.74},""sr_quality"":{""SR1_touches"":{""value"":3,""score"":50.0},""SR2_tightness"":{""value"":0.40998644964058334,""score"":80.76790111905645},""SR3_recency"":{""value"":293,""score"":0.0},""SR4_price_location"":{""score"":6.556016597510073},""SR5_reaction"":{""value"":2.3134008712808467,""score"":100},""_score"":43.75,""_levels_found"":5,""_target_level"":95.5733},""volume"":{""V1_rvol_day"":{""value"":0.2731157170243053,""score"":0},""V2_rvol_sameslot"":{""value"":0.7324390774084739,""score"":15.495938493898262,""status"":""ok""},""V3_breakout_bar"":{""value"":0.7283682637926312,""score"":15.224550919508747},""V4_base_dryup"":{""value"":0.822599007163754,""score"":67.7400992836246},""V5_bo_expansion"":{""value"":0.2731157170243053,""score"":0},""_score"":20.45},""readiness"":{""_distance_atr"":1.869,""BR1_atr_distance"":{""score"":0},""BR2_compression"":{""score"":23.818207119296257},""BR3_retest"":{""score"":50.0},""BR4_bo_age"":{""score"":50.0},""_score"":23.45},""risk"":{""R1_stop_clarity"":{""score"":36.62344885818203},""R2_stop_distance_pct"":{""value"":3.3773143106077117,""score"":100.0},""R3_stop_distance_atr"":{""value"":0.7273374557504703,""score"":61.366872787523505},""R4_rr_potential"":{""value"":7.542606536495706,""score"":100.0},""_score"":72.02},""market"":{""M1_spy_regime"":{""score"":100.0},""M3_earnings_risk"":{""value"":null,""score"":80.0},""M4_vix"":{""value"":null,""score"":60.0},""_score"":84.0},""liquidity"":{""L1_price"":{""value"":91.82,""score"":100.0},""L2_dollar_vol"":{""value"":16638230.987564698,""score"":61.05535746438249},""L3_spread_proxy"":{""value"":0.026138096275321345,""score"":73.86190372467865},""L4_volume_zscore"":{""value"":-2.5261329818380807,""score"":100.0},""_score"":81.81},""pattern_structure"":{""left_rim"":96.0,""left_rim_idx"":96,""cup_bottom"":80.58,""cup_bottom_idx"":161,""right_rim"":99.79,""right_rim_idx"":175,""handle_low"":90.07,""handle_bars"":4,""cup_bars"":79,""structural_low"":90.07,""current_price"":91.82,""neckline_distance_pct"":0.0868002613809629,""base_bars"":83},""pattern_geometry_features"":{""cup_depth_pct"":0.16062500000000002,""rim_symmetry_pct"":0.03947916666666673,""handle_depth_pct"":0.09740454955406366,""handle_to_cup_ratio"":0.05063291139240506,""cup_duration_bars"":79.0,""atr_pct"":0.04643393907334228,""u_shape_score"":0.17721518987341772},""_schema_version"":""1.0""}",,,,,,,,,,
20260610T172453Z-e22c49,2026-06-10T17:24:53.606196+00:00,AIR,base_on_base,breakout_confirmed,50.45,71.8,49.7,49.8,51.4,10.9,36.4,18.2,84.0,79.4,12.92,12.44,4.98,5.14,1.31,2.91,0.91,5.88,3.97,True,risk_unclear,118.13,115.46,97.6923,126.815,"{""trend"":{""T1_ema_stack"":{""value"":[true,true,true],""score"":100.0},""T2_ema50_slope"":{""value"":-0.01278824677864334,""score"":47.86862553689278},""T3_high_proximity"":{""value"":0.9376140963568537,""score"":68.80704817842681},""T4_rs_1m"":{""value"":0.017626639389013432,""score"":67.62663938901343},""T5_rs_3m"":{""value"":0.011520739069608599,""score"":55.7603695348043},""T6_adr_healthy"":{""value"":3.676601804280037,""score"":100.0},""_score"":71.78},""geometry"":{""sub_shallower_second"":0,""sub_second_base_depth"":100.0,""sub_rim_advance"":100,""sub_dry_up"":9.7,""sub_second_base_duration"":52.0,""_score"":49.74},""compression"":{""VC1_atr_ratio"":{""value"":0.49822353222619575,""score"":100},""VC2_range_contraction"":{""value"":1.0838305996121311,""score"":0},""VC3_range_pct_rank"":{""score"":39.16666666666667},""_score"":49.79},""sr_quality"":{""SR1_touches"":{""value"":3,""score"":50.0},""SR2_tightness"":{""value"":0.6390791987087518,""score"":69.29512164400258},""SR3_recency"":{""value"":248,""score"":0.0},""SR4_price_location"":{""score"":43.87549007960072},""SR5_reaction"":{""value"":4.457821455024845,""score"":100},""_score"":51.36,""_levels_found"":6,""_target_level"":122.0667},""volume"":{""V1_rvol_day"":{""value"":0.33888597990501723,""score"":0},""V2_rvol_sameslot"":{""value"":0.44762551576456955,""score"":0,""status"":""ok""},""V3_breakout_bar"":{""value"":0.44539844649135113,""score"":0},""V4_base_dryup"":{""value"":0.954213099010286,""score"":54.57869009897141},""V5_bo_expansion"":{""value"":0.33888597990501723,""score"":0},""_score"":10.92},""readiness"":{""_distance_atr"":-0.641,""BR1_atr_distance"":{""score"":47.171852037093934},""BR2_compression"":{""score"":0},""BR3_retest"":{""score"":50.0},""BR4_bo_age"":{""score"":50.0},""_score"":36.37},""risk"":{""R1_stop_clarity"":{""score"":28.52271264263898},""R2_stop_distance_pct"":{""value"":17.30102429526792,""score"":0.0},""R3_stop_distance_atr"":{""value"":4.909697371188859,""score"":54.51513144055706},""R4_rr_potential"":{""value"":0.4249499699085516,""score"":0.0},""_score"":18.16},""market"":{""M1_spy_regime"":{""score"":100.0},""M3_earnings_risk"":{""value"":null,""score"":80.0},""M4_vix"":{""value"":null,""score"":60.0},""_score"":84.0},""liquidity"":{""L1_price"":{""value"":118.13,""score"":100.0},""L2_dollar_vol"":{""value"":14415145.18998415,""score"":57.94095104898065},""L3_spread_proxy"":{""value"":0.03741640565478711,""score"":62.58359434521289},""L4_volume_zscore"":{""value"":-2.006067240956192,""score"":100.0},""_score"":79.43},""pattern_structure"":{""first_base_low"":76.1,""first_base_top"":87.455,""first_base_bars"":58,""second_base_low"":99.18,""second_base_top"":115.46,""second_base_bars"":72,""structural_low"":99.18,""stacking_overlap_pct"":-0.13406894974558353,""current_price"":118.13,""neckline_distance_pct"":-0.022602217895538828,""base_bars"":72},""pattern_geometry_features"":{""first_base_depth_pct"":0.12983820250414504,""second_base_depth_pct"":0.14100121254113968,""second_dry_up_ratio"":0.9514728551165752,""rim_advance_pct"":0.32022182836887536,""atr_pct"":0.03523847395726259},""_schema_version"":""1.0""}",,,,,,,,,,
20260610T172453Z-e22c49,2026-06-10T17:24:53.606196+00:00,ALKT,vcp,invalidated,50.17,16.0,63.5,45.2,55.0,63.4,17.5,27.4,84.0,79.8,2.4,15.89,5.42,6.6,8.24,1.23,1.37,5.04,3.99,False,,15.5,17.365,15.888,20.445,"{""trend"":{""T1_ema_stack"":{""value"":[false,false,false],""score"":0.0},""T2_ema50_slope"":{""value"":-0.010363319611226607,""score"":48.27278006479557},""T3_high_proximity"":{""value"":0.8179419525065963,""score"":8.970976253298124},""T4_rs_1m"":{""value"":-0.0870203364359009,""score"":0},""T5_rs_3m"":{""value"":-0.244364662807118,""score"":0},""T6_adr_healthy"":{""value"":5.026282362130016,""score"":100.0},""_score"":16.0},""geometry"":{""sub_contraction_count"":100.0,""sub_reduction_rate"":43.5,""sub_pivot_tightness"":41.3,""sub_volume_dryup"":9.9,""sub_base_depth"":100.0,""sub_base_duration"":100.0,""_score"":63.55},""compression"":{""VC1_atr_ratio"":{""value"":0.6565699117919195,""score"":85.85752205202013},""VC2_range_contraction"":{""value"":1.2596476116116324,""score"":0},""VC3_range_pct_rank"":{""score"":43.333333333333336},""_score"":45.18},""sr_quality"":{""SR1_touches"":{""value"":4,""score"":75.0},""SR2_tightness"":{""value"":0.06922562748000245,""score"":85.07838668637359},""SR3_recency"":{""value"":239,""score"":0.0},""SR4_price_location"":{""score"":18.91663525160208},""SR5_reaction"":{""value"":2.247113163972288,""score"":100},""_score"":54.99,""_levels_found"":6,""_target_level"":16.1238},""volume"":{""V1_rvol_day"":{""value"":0.7359446211128666,""score"":15.729641407524442},""V2_rvol_sameslot"":{""value"":3.9296695386273144,""score"":100,""status"":""ok""},""V3_breakout_bar"":{""value"":2.3334860134650186,""score"":100},""V4_base_dryup"":{""value"":0.7395227592781876,""score"":76.04772407218124},""V5_bo_expansion"":{""value"":0.7359446211128666,""score"":0},""_score"":63.36},""readiness"":{""_distance_atr"":2.01,""BR1_atr_distance"":{""score"":0},""BR2_compression"":{""score"":0},""BR3_retest"":{""score"":50.0},""BR4_bo_age"":{""score"":50.0},""_score"":17.5},""risk"":{""R1_stop_clarity"":{""score"":47.8475750577365},""R2_stop_distance_pct"":{""value"":-2.5035483870967616,""score"":0.0},""R3_stop_distance_atr"":{""value"":-0.41822170900692635,""score"":4.088914549653677},""R4_rr_potential"":{""value"":null,""score"":50.0},""_score"":27.36},""market"":{""M1_spy_regime"":{""score"":100.0},""M3_earnings_risk"":{""value"":null,""score"":80.0},""M4_vix"":{""value"":null,""score"":60.0},""_score"":84.0},""liquidity"":{""L1_price"":{""value"":15.5,""score"":100.0},""L2_dollar_vol"":{""value"":17842615.5816855,""score"":62.572925936505456},""L3_spread_proxy"":{""value"":0.05225806451612906,""score"":47.74193548387094},""L4_volume_zscore"":{""value"":-0.7028753284988556,""score"":100.0},""_score"":79.8},""pattern_structure"":{""n_contractions"":5,""contractions_pct"":[21.5,13.03,14.59,11.37,7.11],""descending_strict"":false,""final_low"":16.13,""final_pivot"":17.365,""structural_low"":16.13,""dry_up_ratio"":0.9503226691432834,""current_price"":15.5,""neckline_distance_pct"":0.12032258064516119,""base_bars"":48},""pattern_geometry_features"":{""contraction_count"":5.0,""first_contraction_pct"":0.21499219156689228,""last_contraction_pct"":0.07112006910452057,""dry_up_ratio"":0.9503226691432834,""near_monotone"":0.0,""base_depth_pct"":0.1603331598125977},""_schema_version"":""1.0""}",,,,,,,,,,
20260610T172453Z-e22c49,2026-06-10T17:24:53.606196+00:00,AGYS,bull_flag,absent,49.83,90.4,36.1,54.2,54.9,1.9,54.1,66.5,84.0,76.4,12.66,10.82,4.88,5.49,0.27,4.87,2.0,5.04,3.82,False,,92.0,92.58,85.5768,103.16,"{""trend"":{""T1_ema_stack"":{""value"":[true,true,false],""score"":66.66666666666666},""T2_ema50_slope"":{""value"":0.39046985393720085,""score"":100},""T3_high_proximity"":{""value"":0.9834313201496526,""score"":91.71566007482629},""T4_rs_1m"":{""value"":0.3444599879200998,""score"":100},""T5_rs_3m"":{""value"":0.1899212636965124,""score"":100},""T6_adr_healthy"":{""value"":5.997161564127307,""score"":100.0},""_score"":90.42},""geometry"":{""sub_pole_impulse"":41.0,""sub_flag_tightness"":21.4,""sub_flag_shallowness"":4.6,""sub_flag_drift"":100,""sub_flag_duration"":25.0,""_score"":36.07},""compression"":{""VC1_atr_ratio"":{""value"":0.5697160891942021,""score"":100},""VC2_range_contraction"":{""value"":0.8851030559292529,""score"":19.149490678457855},""VC3_range_pct_rank"":{""score"":30.000000000000004},""_score"":54.2},""sr_quality"":{""SR1_touches"":{""value"":2,""score"":25.0},""SR2_tightness"":{""value"":0.4799999999999969,""score"":78.6363166720978},""SR3_recency"":{""value"":232,""score"":0.0},""SR4_price_location"":{""score"":82.24117875145409},""SR5_reaction"":{""value"":3.3124836076648565,""score"":100},""_score"":54.86,""_levels_found"":7,""_target_level"":94.29},""volume"":{""V1_rvol_day"":{""value"":0.26625711152669324,""score"":0},""V2_rvol_sameslot"":{""value"":0.3708771514798488,""score"":0,""status"":""ok""},""V3_breakout_bar"":{""value"":0.6156968188459204,""score"":7.713121256394695},""V4_base_dryup"":{""value"":1.6916484375361436,""score"":0},""V5_bo_expansion"":{""value"":0.2662571115266932,""score"":0},""_score"":1.93},""readiness"":{""_distance_atr"":0.129,""BR1_atr_distance"":{""score"":91.39518310403936},""BR2_compression"":{""score"":0},""BR3_retest"":{""score"":50.0},""BR4_bo_age"":{""score"":50.0},""_score"":54.06},""risk"":{""R1_stop_clarity"":{""score"":41.997599764744976},""R2_stop_distance_pct"":{""value"":6.981739130434791,""score"":100.0},""R3_stop_distance_atr"":{""value"":1.4294084453310674,""score"":96.47042226655337},""R4_rr_potential"":{""value"":1.7374517374517346,""score"":36.87258687258673},""_score"":66.54},""market"":{""M1_spy_regime"":{""score"":100.0},""M3_earnings_risk"":{""value"":null,""score"":80.0},""M4_vix"":{""value"":null,""score"":60.0},""_score"":84.0},""liquidity"":{""L1_price"":{""value"":92.0,""score"":100.0},""L2_dollar_vol"":{""value"":12100099.837716,""score"":54.13944768437733},""L3_spread_proxy"":{""value"":0.05277826086956532,""score"":47.22173913043468},""L4_volume_zscore"":{""value"":-0.63744164454049,""score"":100.0},""_score"":76.38},""pattern_structure"":{""pole_low"":82.0,""pole_low_idx"":9,""peak_price"":92.58,""peak_idx"":33,""pole_gain"":0.12902439024390241,""flag_bars"":26,""flag_low"":86.88,""flag_high"":92.51,""structural_low"":86.88,""current_price"":92.47,""neckline_distance_pct"":0.0011895749972964144,""base_bars"":26},""pattern_geometry_features"":{""pole_gain"":0.12902439024390241,""pullback_pct"":0.061568373298768665,""flag_range_pct"":0.06081227046878386,""flag_drift_per_bar"":0.0006723243112342376,""atr_pct"":0.048843555900621116,""pole_atr_multiple"":2.6415847057986555},""_schema_version"":""1.0""}",,,,,,,,,,
20260610T172453Z-e22c49,2026-06-10T17:24:53.606196+00:00,WK,double_bottom,forming,49.72,25.1,66.3,50.1,64.1,10.4,17.5,78.3,84.0,78.0,3.77,16.58,4.01,8.98,1.35,1.4,4.7,5.04,3.9,False,,49.485,53.62,46.4033,60.13,"{""trend"":{""T1_ema_stack"":{""value"":[false,false,false],""score"":0.0},""T2_ema50_slope"":{""value"":-0.45182877140110694,""score"":0},""T3_high_proximity"":{""value"":0.8013765182186234,""score"":0.6882591093116952},""T4_rs_1m"":{""value"":0.07889109386692916,""score"":100},""T5_rs_3m"":{""value"":-0.28359336140533964,""score"":0},""T6_adr_healthy"":{""value"":5.0957581485398284,""score"":100.0},""_score"":25.1},""geometry"":{""sub_low_similarity"":100,""sub_bounce_quality"":100,""sub_separation_fit"":0.0,""sub_right_bottom_reaction"":68.7,""sub_base_context"":30.0,""_score"":66.31},""compression"":{""VC1_atr_ratio"":{""value"":0.5171282595700056,""score"":100},""VC2_range_contraction"":{""value"":0.9560107045058883,""score"":7.331549249018614},""VC3_range_pct_rank"":{""score"":30.000000000000004},""_score"":50.07},""sr_quality"":{""SR1_touches"":{""value"":4,""score"":75.0},""SR2_tightness"":{""value"":0.5502769189235556,""score"":56.416791655867215},""SR3_recency"":{""value"":240,""score"":0.0},""SR4_price_location"":{""score"":72.63064846899088},""SR5_reaction"":{""value"":2.243900714235201,""score"":100},""_score"":64.12,""_levels_found"":2,""_target_level"":51.7888},""volume"":{""V1_rvol_day"":{""value"":0.28472915483349825,""score"":0},""V2_rvol_sameslot"":{""value"":0.47086102256533124,""score"":0,""status"":""ok""},""V3_breakout_bar"":{""value"":0.6233460272168079,""score"":8.223068481120526},""V4_base_dryup"":{""value"":1.0833343887915734,""score"":41.66656112084266},""V5_bo_expansion"":{""value"":0.2847291548334983,""score"":0},""_score"":10.39},""readiness"":{""_distance_atr"":1.638,""BR1_atr_distance"":{""score"":0},""BR2_compression"":{""score"":0},""BR3_retest"":{""score"":50.0},""BR4_bo_age"":{""score"":50.0},""_score"":17.5},""risk"":{""R1_stop_clarity"":{""score"":44.03168092779838},""R2_stop_distance_pct"":{""value"":6.227442659391742,""score"":100.0},""R3_stop_distance_atr"":{""value"":1.2203691393819394,""score"":86.01845696909697},""R4_rr_potential"":{""value"":3.4543183035062337,""score"":100.0},""_score"":78.31},""market"":{""M1_spy_regime"":{""score"":100.0},""M3_earnings_risk"":{""value"":null,""score"":80.0},""M4_vix"":{""value"":null,""score"":60.0},""_score"":84.0},""liquidity"":{""L1_price"":{""value"":49.485,""score"":100.0},""L2_dollar_vol"":{""value"":14350284.670208056,""score"":57.84302581821925},""L3_spread_proxy"":{""value"":0.05102556330201083,""score"":48.97443669798917},""L4_volume_zscore"":{""value"":-1.5956108918608043,""score"":100.0},""_score"":78.03},""pattern_structure"":{""left_low"":47.11,""left_idx"":24,""right_low"":47.11,""right_idx"":71,""separation_bars"":47,""structural_low"":47.11,""current_price"":49.74,""neckline_distance_pct"":0.07800562927221542,""base_bars"":47},""pattern_geometry_features"":{""low_similarity_pct"":0.0,""bounce_pct"":0.138187221396731,""right_bottom_reaction"":0.6872246696035242,""atr_pct"":0.05102917189913253},""_schema_version"":""1.0""}",,,,,,,,,,
20260610T172453Z-e22c49,2026-06-10T17:24:53.606196+00:00,HPE,bull_flag,forming,49.67,86.2,58.8,4.8,51.0,4.7,18.8,77.2,84.0,95.0,12.07,17.63,0.43,5.1,0.66,1.69,2.31,5.04,4.75,False,,45.805,55.75,44.9849,74.2489,"{""trend"":{""T1_ema_stack"":{""value"":[true,true,true],""score"":100.0},""T2_ema50_slope"":{""value"":1.052215949460607,""score"":100},""T3_high_proximity"":{""value"":0.8157613535173642,""score"":7.8806767586820925},""T4_rs_1m"":{""value"":0.4966665645730508,""score"":100},""T5_rs_3m"":{""value"":1.0583799181770184,""score"":100},""T6_adr_healthy"":{""value"":6.148189057319307,""score"":100.0},""_score"":86.18},""geometry"":{""sub_pole_impulse"":100.0,""sub_flag_tightness"":47.0,""sub_flag_shallowness"":27.2,""sub_flag_drift"":68.9,""sub_flag_duration"":12.5,""_score"":58.77},""compression"":{""VC1_atr_ratio"":{""value"":1.6564311800231206,""score"":0},""VC2_range_contraction"":{""value"":2.0705432554724865,""score"":0},""VC3_range_pct_rank"":{""score"":19.166666666666664},""_score"":4.79},""sr_quality"":{""SR1_touches"":{""value"":5,""score"":100},""SR2_tightness"":{""value"":0.9207801040422195,""score"":55.86510046360218},""SR3_recency"":{""value"":266,""score"":0.0},""SR4_price_location"":{""score"":30.0},""SR5_reaction"":{""value"":0.6832717063818132,""score"":34.163585319090664},""_score"":51.0,""_levels_found"":2,""_target_level"":25.033},""volume"":{""V1_rvol_day"":{""value"":0.37288911616092824,""score"":0},""V2_rvol_sameslot"":{""value"":0.5995944982363504,""score"":6.639633215756691,""status"":""ok""},""V3_breakout_bar"":{""value"":0.7010820743219925,""score"":13.40547162146617},""V4_base_dryup"":{""value"":1.928748033389011,""score"":0},""V5_bo_expansion"":{""value"":0.3728891161609282,""score"":0},""_score"":4.68},""readiness"":{""_distance_atr"":2.383,""BR1_atr_distance"":{""score"":0},""BR2_compression"":{""score"":5.030595499835533},""BR3_retest"":{""score"":50.0},""BR4_bo_age"":{""score"":50.0},""_score"":18.76},""risk"":{""R1_stop_clarity"":{""score"":67.1641331142151},""R2_stop_distance_pct"":{""value"":1.7903067350725947,""score"":94.75766837681488},""R3_stop_distance_atr"":{""value"":0.19653348397699308,""score"":34.82667419884965},""R4_rr_potential"":{""value"":34.685567953173496,""score"":100.0},""_score"":77.16},""market"":{""M1_spy_regime"":{""score"":100.0},""M3_earnings_risk"":{""value"":null,""score"":80.0},""M4_vix"":{""value"":null,""score"":60.0},""_score"":84.0},""liquidity"":{""L1_price"":{""value"":45.805,""score"":100.0},""L2_dollar_vol"":{""value"":662150161.535756,""score"":100.0},""L3_spread_proxy"":{""value"":0.05021285885820319,""score"":49.78714114179681},""L4_volume_zscore"":{""value"":-0.6445838323572466,""score"":100.0},""_score"":94.98},""pattern_structure"":{""pole_low"":37.2511,""pole_low_idx"":7,""peak_price"":55.75,""peak_idx"":32,""pole_gain"":0.4966001003997197,""flag_bars"":27,""flag_low"":45.67,""flag_high"":54.47,""structural_low"":45.67,""current_price"":46.05,""neckline_distance_pct"":0.2106406080347449,""base_bars"":27},""pattern_geometry_features"":{""pole_gain"":0.4966001003997197,""pullback_pct"":0.18080717488789236,""flag_range_pct"":0.15784753363228696,""flag_drift_per_bar"":-0.006222867854789693,""atr_pct"":0.09109423487766463,""pole_atr_multiple"":5.451498671311426},""_schema_version"":""1.0""}",,,,,,,,,,
20260610T172453Z-e22c49,2026-06-10T17:24:53.606196+00:00,JCI,vcp,breakout_failed,49.52,61.5,42.2,18.4,56.5,35.9,56.7,47.7,84.0,94.0,9.22,10.54,2.21,6.78,4.67,3.97,2.38,5.04,4.7,True,risk_unclear,141.31,141.45,129.3502,148.509,"{""trend"":{""T1_ema_stack"":{""value"":[false,true,true],""score"":66.66666666666666},""T2_ema50_slope"":{""value"":0.03179280893386589,""score"":55.298801488977645},""T3_high_proximity"":{""value"":0.9564128595600677,""score"":78.20642978003384},""T4_rs_1m"":{""value"":0.009548524482742682,""score"":59.54852448274268},""T5_rs_3m"":{""value"":-0.03222597070910149,""score"":33.887014645449256},""T6_adr_healthy"":{""value"":2.964141513835237,""score"":100.0},""_score"":61.45},""geometry"":{""sub_contraction_count"":100.0,""sub_reduction_rate"":3.9,""sub_pivot_tightness"":40.6,""sub_volume_dryup"":0,""sub_base_depth"":1.0,""sub_base_duration"":100.0,""_score"":42.16},""compression"":{""VC1_atr_ratio"":{""value"":0.8177056758579837,""score"":45.57358103550408},""VC2_range_contraction"":{""value"":1.2482388984949668,""score"":0},""VC3_range_pct_rank"":{""score"":0.8333333333333304},""_score"":18.44},""sr_quality"":{""SR1_touches"":{""value"":3,""score"":50.0},""SR2_tightness"":{""value"":0.8038380157441886,""score"":66.3437267705369},""SR3_recency"":{""value"":236,""score"":0.0},""SR4_price_location"":{""score"":77.21845976054313},""SR5_reaction"":{""value"":1.6377941766542794,""score"":81.88970883271396},""_score"":56.54,""_levels_found"":7,""_target_level"":142.5867},""volume"":{""V1_rvol_day"":{""value"":0.5280696233773153,""score"":1.8713082251543556},""V2_rvol_sameslot"":{""value"":1.5410454166628391,""score"":69.40302777752261,""status"":""ok""},""V3_breakout_bar"":{""value"":0.9023053543462839,""score"":26.820356956418927},""V4_base_dryup"":{""value"":0.7514595605616562,""score"":74.85404394383438},""V5_bo_expansion"":{""value"":0.5280696233773153,""score"":0},""_score"":35.93},""readiness"":{""_distance_atr"":0.029,""BR1_atr_distance"":{""score"":98.0460913103402},""BR2_compression"":{""score"":0},""BR3_retest"":{""score"":50.0},""BR4_bo_age"":{""score"":50.0},""_score"":56.72},""risk"":{""R1_stop_clarity"":{""score"":17.52551420945231},""R2_stop_distance_pct"":{""value"":8.463519920741632,""score"":88.4120019814592},""R3_stop_distance_atr"":{""value"":2.503752551420947,""score"":100.0},""R4_rr_potential"":{""value"":0.6019331426946924,""score"":0.0},""_score"":47.66},""market"":{""M1_spy_regime"":{""score"":100.0},""M3_earnings_risk"":{""value"":null,""score"":80.0},""M4_vix"":{""value"":null,""score"":60.0},""_score"":84.0},""liquidity"":{""L1_price"":{""value"":141.31,""score"":100.0},""L2_dollar_vol"":{""value"":286973535.96137524,""score"":100.0},""L3_spread_proxy"":{""value"":0.05993843323190146,""score"":40.06156676809854},""L4_volume_zscore"":{""value"":-1.756580825208604,""score"":100.0},""_score"":94.01},""pattern_structure"":{""n_contractions"":5,""contractions_pct"":[9.01,5.62,6.73,8.41,7.16],""descending_strict"":false,""final_low"":131.32,""final_pivot"":141.45,""structural_low"":131.32,""dry_up_ratio"":1.1926230979330525,""current_price"":141.31,""neckline_distance_pct"":0.000990729601585071,""base_bars"":46},""pattern_geometry_features"":{""contraction_count"":5.0,""first_contraction_pct"":0.09010760303225197,""last_contraction_pct"":0.07161541180629195,""dry_up_ratio"":1.1926230979330525,""near_monotone"":0.0,""base_depth_pct"":0.05101207553169193},""_schema_version"":""1.0""}",,,,,,,,,,
20260610T172453Z-e22c49,2026-06-10T17:24:53.606196+00:00,AIR,ascending_triangle,absent,49.33,71.8,41.4,49.8,51.4,9.9,41.9,56.4,84.0,79.4,10.77,11.58,3.98,7.19,1.19,3.35,2.26,5.04,3.97,True,risk_unclear,118.13,120.565,111.8369,127.59,"{""trend"":{""T1_ema_stack"":{""value"":[true,true,true],""score"":100.0},""T2_ema50_slope"":{""value"":-0.01278824677864334,""score"":47.86862553689278},""T3_high_proximity"":{""value"":0.9376140963568537,""score"":68.80704817842681},""T4_rs_1m"":{""value"":0.017626639389013432,""score"":67.62663938901343},""T5_rs_3m"":{""value"":0.011520739069608599,""score"":55.7603695348043},""T6_adr_healthy"":{""value"":3.676601804280037,""score"":100.0},""_score"":71.78},""geometry"":{""sub_flat_top_quality"":33.3,""sub_hl_slope"":54.6,""sub_compression"":0,""sub_duration"":100.0,""_score"":41.37},""compression"":{""VC1_atr_ratio"":{""value"":0.49822353222619575,""score"":100},""VC2_range_contraction"":{""value"":1.0838305996121311,""score"":0},""VC3_range_pct_rank"":{""score"":39.16666666666667},""_score"":49.79},""sr_quality"":{""SR1_touches"":{""value"":3,""score"":50.0},""SR2_tightness"":{""value"":0.6390791987087518,""score"":69.29512164400258},""SR3_recency"":{""value"":248,""score"":0.0},""SR4_price_location"":{""score"":43.87549007960072},""SR5_reaction"":{""value"":4.457821455024845,""score"":100},""_score"":51.36,""_levels_found"":6,""_target_level"":122.0667},""volume"":{""V1_rvol_day"":{""value"":0.33888597990501723,""score"":0},""V2_rvol_sameslot"":{""value"":0.44762551576456955,""score"":0,""status"":""ok""},""V3_breakout_bar"":{""value"":0.44539844649135113,""score"":0},""V4_base_dryup"":{""value"":1.0050270288727423,""score"":49.49729711272577},""V5_bo_expansion"":{""value"":0.33888597990501723,""score"":0},""_score"":9.9},""readiness"":{""_distance_atr"":0.585,""BR1_atr_distance"":{""score"":61.00307079940539},""BR2_compression"":{""score"":0},""BR3_retest"":{""score"":50.0},""BR4_bo_age"":{""score"":50.0},""_score"":41.9},""risk"":{""R1_stop_clarity"":{""score"":18.173712375934883},""R2_stop_distance_pct"":{""value"":5.327266570727161,""score"":100.0},""R3_stop_distance_atr"":{""value"":1.511775616954383,""score"":100.0},""R4_rr_potential"":{""value"":1.5032337004020278,""score"":25.161685020101388},""_score"":56.39},""market"":{""M1_spy_regime"":{""score"":100.0},""M3_earnings_risk"":{""value"":null,""score"":80.0},""M4_vix"":{""value"":null,""score"":60.0},""_score"":84.0},""liquidity"":{""L1_price"":{""value"":118.13,""score"":100.0},""L2_dollar_vol"":{""value"":14415145.18998415,""score"":57.94095104898065},""L3_spread_proxy"":{""value"":0.03741640565478711,""score"":62.58359434521289},""L4_volume_zscore"":{""value"":-2.006067240956192,""score"":100.0},""_score"":79.43},""pattern_structure"":{""top"":120.565,""top_touches"":2,""low_slope_per_bar"":0.18600436562073797,""lowest_low"":113.54,""structural_low"":113.54,""current_price"":118.255,""neckline_distance_pct"":0.019534057756543082,""base_bars"":22},""pattern_geometry_features"":{""top_touches"":2.0,""low_slope"":0.18600436562073797,""compression"":-0.19182789522634347,""atr_pct"":0.03523847395726259},""_schema_version"":""1.0""}",,,,,,,,,,
20260610T172453Z-e22c49,2026-06-10T17:24:53.606196+00:00,NIC,vcp,setup,49.28,51.8,42.3,43.2,65.0,26.7,57.5,23.5,84.0,85.1,7.77,10.57,5.18,7.8,3.47,4.03,1.18,5.04,4.25,True,risk_unclear,146.61,146.24,129.8821,164.08,"{""trend"":{""T1_ema_stack"":{""value"":[true,false,true],""score"":66.66666666666666},""T2_ema50_slope"":{""value"":-0.15330429160603193,""score"":24.449284732328007},""T3_high_proximity"":{""value"":0.9248675246025738,""score"":62.43376230128689},""T4_rs_1m"":{""value"":0.029505916050612813,""score"":79.50591605061281},""T5_rs_3m"":{""value"":-0.10469720762209156,""score"":0},""T6_adr_healthy"":{""value"":2.6872508627536873,""score"":100.0},""_score"":51.82},""geometry"":{""sub_contraction_count"":100.0,""sub_reduction_rate"":0,""sub_pivot_tightness"":2.4,""sub_volume_dryup"":0,""sub_base_depth"":69.2,""sub_base_duration"":100.0,""_score"":42.28},""compression"":{""VC1_atr_ratio"":{""value"":0.7100807129613138,""score"":72.47982175967155},""VC2_range_contraction"":{""value"":1.0393503089859129,""score"":0},""VC3_range_pct_rank"":{""score"":56.666666666666664},""_score"":43.16},""sr_quality"":{""SR1_touches"":{""value"":6,""score"":100},""SR2_tightness"":{""value"":1.4810105226012211,""score"":32.94140964209555},""SR3_recency"":{""value"":236,""score"":0.0},""SR4_price_location"":{""score"":60.168745434159845},""SR5_reaction"":{""value"":2.1105609360235484,""score"":100},""_score"":64.98,""_levels_found"":4,""_target_level"":149.0908},""volume"":{""V1_rvol_day"":{""value"":0.8507818825038791,""score"":23.38545883359194},""V2_rvol_sameslot"":{""value"":1.1339351282486514,""score"":42.26234188324342,""status"":""ok""},""V3_breakout_bar"":{""value"":0.3256150437181754,""score"":0},""V4_base_dryup"":{""value"":0.8237075548411548,""score"":67.62924451588452},""V5_bo_expansion"":{""value"":0.850781882503879,""score"":0},""_score"":26.66},""readiness"":{""_distance_atr"":-0.084,""BR1_atr_distance"":{""score"":100.0},""BR2_compression"":{""score"":0},""BR3_retest"":{""score"":50.0},""BR4_bo_age"":{""score"":50.0},""_score"":57.5},""risk"":{""R1_stop_clarity"":{""score"":10.442779544914089},""R2_stop_distance_pct"":{""value"":11.409794693404272,""score"":14.755132664893189},""R3_stop_distance_atr"":{""value"":3.7871081147950556,""score"":100.0},""R4_rr_potential"":{""value"":1.044363010300155,""score"":2.218150515007755},""_score"":23.53},""market"":{""M1_spy_regime"":{""score"":100.0},""M3_earnings_risk"":{""value"":null,""score"":80.0},""M4_vix"":{""value"":null,""score"":60.0},""_score"":84.0},""liquidity"":{""L1_price"":{""value"":146.61,""score"":100.0},""L2_dollar_vol"":{""value"":23687708.03004834,""score"":68.72615206936534},""L3_spread_proxy"":{""value"":0.02387285996862424,""score"":76.12714003137576},""L4_volume_zscore"":{""value"":-0.29177396000035405,""score"":100.0},""_score"":85.1},""pattern_structure"":{""n_contractions"":5,""contractions_pct"":[4.01,11.5,5.33,8.99,9.83],""descending_strict"":false,""final_low"":131.86,""final_pivot"":146.24,""structural_low"":131.86,""dry_up_ratio"":1.5583751446735306,""current_price"":146.61,""neckline_distance_pct"":-0.002523702339540308,""base_bars"":48},""pattern_geometry_features"":{""contraction_count"":5.0,""first_contraction_pct"":0.04008016032064129,""last_contraction_pct"":0.09833150984682709,""dry_up_ratio"":1.5583751446735306,""near_monotone"":0.0,""base_depth_pct"":0.11917167668670658},""_schema_version"":""1.0""}",,,,,,,,,,
20260610T172453Z-e22c49,2026-06-10T17:24:53.606196+00:00,AGYS,ascending_triangle,absent,49.06,90.4,29.1,54.2,54.9,1.9,46.8,62.8,84.0,76.4,13.56,8.14,4.34,7.68,0.23,3.74,2.51,5.04,3.82,False,,92.0,93.81,85.5768,100.74,"{""trend"":{""T1_ema_stack"":{""value"":[true,true,false],""score"":66.66666666666666},""T2_ema50_slope"":{""value"":0.39046985393720085,""score"":100},""T3_high_proximity"":{""value"":0.9834313201496526,""score"":91.71566007482629},""T4_rs_1m"":{""value"":0.3444599879200998,""score"":100},""T5_rs_3m"":{""value"":0.1899212636965124,""score"":100},""T6_adr_healthy"":{""value"":5.997161564127307,""score"":100.0},""_score"":90.42},""geometry"":{""sub_flat_top_quality"":33.3,""sub_hl_slope"":13.6,""sub_compression"":0,""sub_duration"":100.0,""_score"":29.07},""compression"":{""VC1_atr_ratio"":{""value"":0.5697160891942021,""score"":100},""VC2_range_contraction"":{""value"":0.8851030559292529,""score"":19.149490678457855},""VC3_range_pct_rank"":{""score"":30.000000000000004},""_score"":54.2},""sr_quality"":{""SR1_touches"":{""value"":2,""score"":25.0},""SR2_tightness"":{""value"":0.4799999999999969,""score"":78.6363166720978},""SR3_recency"":{""value"":232,""score"":0.0},""SR4_price_location"":{""score"":82.24117875145409},""SR5_reaction"":{""value"":3.3124836076648565,""score"":100},""_score"":54.86,""_levels_found"":7,""_target_level"":94.29},""volume"":{""V1_rvol_day"":{""value"":0.26625711152669324,""score"":0},""V2_rvol_sameslot"":{""value"":0.3708771514798488,""score"":0,""status"":""ok""},""V3_breakout_bar"":{""value"":0.6156968188459204,""score"":7.713121256394695},""V4_base_dryup"":{""value"":1.7097007990342084,""score"":0},""V5_bo_expansion"":{""value"":0.2662571115266932,""score"":0},""_score"":1.93},""readiness"":{""_distance_atr"":0.403,""BR1_atr_distance"":{""score"":73.14703692812273},""BR2_compression"":{""score"":0},""BR3_retest"":{""score"":50.0},""BR4_bo_age"":{""score"":50.0},""_score"":46.76},""risk"":{""R1_stop_clarity"":{""score"":41.997599764744976},""R2_stop_distance_pct"":{""value"":6.981739130434791,""score"":100.0},""R3_stop_distance_atr"":{""value"":1.4294084453310674,""score"":96.47042226655337},""R4_rr_potential"":{""value"":1.3606924897247474,""score"":18.034624486237373},""_score"":62.78},""market"":{""M1_spy_regime"":{""score"":100.0},""M3_earnings_risk"":{""value"":null,""score"":80.0},""M4_vix"":{""value"":null,""score"":60.0},""_score"":84.0},""liquidity"":{""L1_price"":{""value"":92.0,""score"":100.0},""L2_dollar_vol"":{""value"":12100099.837716,""score"":54.13944768437733},""L3_spread_proxy"":{""value"":0.05277826086956532,""score"":47.22173913043468},""L4_volume_zscore"":{""value"":-0.63744164454049,""score"":100.0},""_score"":76.38},""pattern_structure"":{""top"":93.81,""top_touches"":2,""low_slope_per_bar"":0.03547568181818052,""lowest_low"":86.88,""structural_low"":86.88,""current_price"":92.47,""neckline_distance_pct"":0.014491186330701886,""base_bars"":27},""pattern_geometry_features"":{""top_touches"":2.0,""low_slope"":0.03547568181818052,""compression"":-0.03362380725395142,""atr_pct"":0.048843555900621116},""_schema_version"":""1.0""}",,,,,,,,,,
20260610T172453Z-e22c49,2026-06-10T17:24:53.606196+00:00,AEVA,vcp,setup,49.06,72.0,37.5,48.6,42.4,21.7,57.5,43.9,84.0,77.4,10.81,9.37,5.83,5.09,2.82,4.03,2.19,5.04,3.87,False,,22.62,22.16,17.07,22.77,"{""trend"":{""T1_ema_stack"":{""value"":[false,true,true],""score"":66.66666666666666},""T2_ema50_slope"":{""value"":1.247990538886379,""score"":100},""T3_high_proximity"":{""value"":0.7722772277227723,""score"":0},""T4_rs_1m"":{""value"":0.46939925682819483,""score"":100},""T5_rs_3m"":{""value"":0.2746361773348458,""score"":100},""T6_adr_healthy"":{""value"":11.694936657286041,""score"":7.626583567848977},""_score"":72.05},""geometry"":{""sub_contraction_count"":100.0,""sub_reduction_rate"":0,""sub_pivot_tightness"":0,""sub_volume_dryup"":16.6,""sub_base_depth"":0.0,""sub_base_duration"":100.0,""_score"":37.49},""compression"":{""VC1_atr_ratio"":{""value"":0.48573921702307754,""score"":100},""VC2_range_contraction"":{""value"":0.9455953633691362,""score"":9.067439438477303},""VC3_range_pct_rank"":{""score"":21.666666666666668},""_score"":48.59},""sr_quality"":{""SR1_touches"":{""value"":2,""score"":25.0},""SR2_tightness"":{""value"":0.23000000000000043,""score"":84.50380907922786},""SR3_recency"":{""value"":243,""score"":0.0},""SR4_price_location"":{""score"":30.0},""SR5_reaction"":{""value"":1.969026868085065,""score"":98.45134340425325},""_score"":42.44,""_levels_found"":4,""_target_level"":22.39},""volume"":{""V1_rvol_day"":{""value"":0.37959636217901543,""score"":0},""V2_rvol_sameslot"":{""value"":0.9693947439154116,""score"":31.29298292769411,""status"":""ok""},""V3_breakout_bar"":{""value"":0.9782916869750429,""score"":31.88611246500286},""V4_base_dryup"":{""value"":1.1249347146732351,""score"":37.506528532676484},""V5_bo_expansion"":{""value"":0.37959636217901543,""score"":0},""_score"":21.73},""readiness"":{""_distance_atr"":-0.155,""BR1_atr_distance"":{""score"":100.0},""BR2_compression"":{""score"":0},""BR3_retest"":{""score"":50.0},""BR4_bo_age"":{""score"":50.0},""_score"":57.5},""risk"":{""R1_stop_clarity"":{""score"":82.48593552237082},""R2_stop_distance_pct"":{""value"":24.53558797524316,""score"":0.0},""R3_stop_distance_atr"":{""value"":1.8696322782769392,""score"":100.0},""R4_rr_potential"":{""value"":0.027027270515950965,""score"":0.0},""_score"":43.87},""market"":{""M1_spy_regime"":{""score"":100.0},""M3_earnings_risk"":{""value"":null,""score"":80.0},""M4_vix"":{""value"":null,""score"":60.0},""_score"":84.0},""liquidity"":{""L1_price"":{""value"":22.62,""score"":100.0},""L2_dollar_vol"":{""value"":23550213.77473362,""score"":68.59974268739819},""L3_spread_proxy"":{""value"":0.12024756852343053,""score"":0},""L4_volume_zscore"":{""value"":-1.5532337535792182,""score"":100.0},""_score"":77.44},""pattern_structure"":{""n_contractions"":5,""contractions_pct"":[24.19,30.54,21.51,25.83,21.8],""descending_strict"":false,""final_low"":17.33,""final_pivot"":22.16,""structural_low"":17.33,""dry_up_ratio"":0.9169149656044729,""current_price"":22.62,""neckline_distance_pct"":-0.02033598585322727,""base_bars"":48},""pattern_geometry_features"":{""contraction_count"":5.0,""first_contraction_pct"":0.24191750278706808,""last_contraction_pct"":0.21796028880866433,""dry_up_ratio"":0.9169149656044729,""near_monotone"":0.0,""base_depth_pct"":0.034002229654403734},""_schema_version"":""1.0""}",,,,,,,,,,
20260610T172453Z-e22c49,2026-06-10T17:24:53.606196+00:00,HPE,breakout_retest_hold,setup,49.03,86.2,30.2,4.8,51.0,8.9,65.8,56.8,84.0,95.0,12.07,6.65,0.29,7.14,1.16,11.84,2.84,4.2,2.85,False,,45.805,44.575,45.2133,42.385,"{""trend"":{""T1_ema_stack"":{""value"":[true,true,true],""score"":100.0},""T2_ema50_slope"":{""value"":1.052215949460607,""score"":100},""T3_high_proximity"":{""value"":0.8157613535173642,""score"":7.8806767586820925},""T4_rs_1m"":{""value"":0.4966665645730508,""score"":100},""T5_rs_3m"":{""value"":1.0583799181770184,""score"":100},""T6_adr_healthy"":{""value"":6.148189057319307,""score"":100.0},""_score"":86.18},""geometry"":{""sub_retest_depth"":0.0,""sub_retest_timing"":0.0,""sub_retest_freshness"":75.0,""sub_hold_quality"":50.7,""_score"":30.21},""compression"":{""VC1_atr_ratio"":{""value"":1.6564311800231206,""score"":0},""VC2_range_contraction"":{""value"":2.0705432554724865,""score"":0},""VC3_range_pct_rank"":{""score"":19.166666666666664},""_score"":4.79},""sr_quality"":{""SR1_touches"":{""value"":5,""score"":100},""SR2_tightness"":{""value"":0.9207801040422195,""score"":55.86510046360218},""SR3_recency"":{""value"":266,""score"":0.0},""SR4_price_location"":{""score"":30.0},""SR5_reaction"":{""value"":0.6832717063818132,""score"":34.163585319090664},""_score"":51.0,""_levels_found"":2,""_target_level"":25.033},""volume"":{""V1_rvol_day"":{""value"":0.37288911616092824,""score"":0},""V2_rvol_sameslot"":{""value"":0.5995944982363504,""score"":6.639633215756691,""status"":""ok""},""V3_breakout_bar"":{""value"":0.7010820743219925,""score"":13.40547162146617},""V4_base_dryup"":{""value"":1.2871880072462925,""score"":21.281199275370753},""V5_bo_expansion"":{""value"":0.3728891161609282,""score"":0},""_score"":8.94},""readiness"":{""_distance_atr"":-0.295,""BR1_atr_distance"":{""score"":100.0},""BR2_compression"":{""score"":5.030595499835533},""BR3_retest"":{""score"":100},""BR4_bo_age"":{""score"":30.0},""_score"":65.76},""risk"":{""R1_stop_clarity"":{""score"":78.10942207614363},""R2_stop_distance_pct"":{""value"":1.2917803733216808,""score"":82.29450933304201},""R3_stop_distance_atr"":{""value"":0.14180703916735043,""score"":32.09035195836753},""R4_rr_potential"":{""value"":-5.779956058813619,""score"":0.0},""_score"":56.84},""market"":{""M1_spy_regime"":{""score"":100.0},""M3_earnings_risk"":{""value"":null,""score"":80.0},""M4_vix"":{""value"":null,""score"":60.0},""_score"":84.0},""liquidity"":{""L1_price"":{""value"":45.805,""score"":100.0},""L2_dollar_vol"":{""value"":662150161.535756,""score"":100.0},""L3_spread_proxy"":{""value"":0.05021285885820319,""score"":49.78714114179681},""L4_volume_zscore"":{""value"":-0.6445838323572466,""score"":100.0},""_score"":94.98},""pattern_structure"":{""level"":44.575,""level_idx"":31,""breakout_idx"":35,""bo_peak_idx"":41,""bo_peak_price"":64.25,""retest_idx"":79,""retest_low"":45.67,""structural_low"":45.67,""current_price"":46.05,""neckline_distance_pct"":-0.032030401737242004,""base_bars"":48,""bars_since_breakout"":44},""pattern_geometry_features"":{""retest_depth_atr"":-1.035453998959817,""bars_breakout_to_retest"":44.0,""bars_since_retest"":0.0,""current_above_level_atr"":1.3947896333020329,""bo_peak_excess_pct"":0.44139091418956805,""atr_pct"":0.09109423487766463},""_schema_version"":""1.0""}",,,,,,,,,,
20260610T172453Z-e22c49,2026-06-10T17:24:53.606196+00:00,AIR,vcp,breakout_confirmed,48.99,71.8,43.6,49.8,51.4,14.4,36.4,35.2,84.0,79.4,10.77,10.9,5.97,6.16,1.87,2.55,1.76,5.04,3.97,True,risk_unclear,118.13,115.46,105.8932,117.8542,"{""trend"":{""T1_ema_stack"":{""value"":[true,true,true],""score"":100.0},""T2_ema50_slope"":{""value"":-0.01278824677864334,""score"":47.86862553689278},""T3_high_proximity"":{""value"":0.9376140963568537,""score"":68.80704817842681},""T4_rs_1m"":{""value"":0.017626639389013432,""score"":67.62663938901343},""T5_rs_3m"":{""value"":0.011520739069608599,""score"":55.7603695348043},""T6_adr_healthy"":{""value"":3.676601804280037,""score"":100.0},""_score"":71.78},""geometry"":{""sub_contraction_count"":100.0,""sub_reduction_rate"":0,""sub_pivot_tightness"":44.4,""sub_volume_dryup"":12.9,""sub_base_depth"":0.0,""sub_base_duration"":100.0,""_score"":43.59},""compression"":{""VC1_atr_ratio"":{""value"":0.49822353222619575,""score"":100},""VC2_range_contraction"":{""value"":1.0838305996121311,""score"":0},""VC3_range_pct_rank"":{""score"":39.16666666666667},""_score"":49.79},""sr_quality"":{""SR1_touches"":{""value"":3,""score"":50.0},""SR2_tightness"":{""value"":0.6390791987087518,""score"":69.29512164400258},""SR3_recency"":{""value"":248,""score"":0.0},""SR4_price_location"":{""score"":43.87549007960072},""SR5_reaction"":{""value"":4.457821455024845,""score"":100},""_score"":51.36,""_levels_found"":6,""_target_level"":122.0667},""volume"":{""V1_rvol_day"":{""value"":0.33888597990501723,""score"":0},""V2_rvol_sameslot"":{""value"":0.44762551576456955,""score"":0,""status"":""ok""},""V3_breakout_bar"":{""value"":0.44539844649135113,""score"":0},""V4_base_dryup"":{""value"":0.7815023680356952,""score"":71.84976319643049},""V5_bo_expansion"":{""value"":0.33888597990501723,""score"":0},""_score"":14.37},""readiness"":{""_distance_atr"":-0.641,""BR1_atr_distance"":{""score"":47.171852037093934},""BR2_compression"":{""score"":0},""BR3_retest"":{""score"":50.0},""BR4_bo_age"":{""score"":50.0},""_score"":36.37},""risk"":{""R1_stop_clarity"":{""score"":22.522454535360097},""R2_stop_distance_pct"":{""value"":10.358746296453067,""score"":41.03134258867334},""R3_stop_distance_atr"":{""value"":2.9396126259656445,""score"":100.0},""R4_rr_potential"":{""value"":-0.02253859612004274,""score"":0.0},""_score"":35.19},""market"":{""M1_spy_regime"":{""score"":100.0},""M3_earnings_risk"":{""value"":null,""score"":80.0},""M4_vix"":{""value"":null,""score"":60.0},""_score"":84.0},""liquidity"":{""L1_price"":{""value"":118.13,""score"":100.0},""L2_dollar_vol"":{""value"":14415145.18998415,""score"":57.94095104898065},""L3_spread_proxy"":{""value"":0.03741640565478711,""score"":62.58359434521289},""L4_volume_zscore"":{""value"":-2.006067240956192,""score"":100.0},""_score"":79.43},""pattern_structure"":{""n_contractions"":5,""contractions_pct"":[8.44,16.84,17.57,18.07,6.89],""descending_strict"":false,""final_low"":107.5058,""final_pivot"":115.46,""structural_low"":107.5058,""dry_up_ratio"":0.9357122540184616,""current_price"":118.13,""neckline_distance_pct"":-0.022602217895538828,""base_bars"":50},""pattern_geometry_features"":{""contraction_count"":5.0,""first_contraction_pct"":0.08444040036396724,""last_contraction_pct"":0.0688913909579075,""dry_up_ratio"":0.9357122540184616,""near_monotone"":0.0,""base_depth_pct"":0.02178525932666071},""_schema_version"":""1.0""}",,,,,,,,,,
20260610T172453Z-e22c49,2026-06-10T17:24:53.606196+00:00,FTAI,vcp,forming,48.76,21.0,57.0,57.3,46.2,30.1,19.7,78.5,84.0,93.6,3.15,14.26,6.87,5.55,3.91,1.38,3.92,5.04,4.68,False,,221.39,288.7,211.312,364.16,"{""trend"":{""T1_ema_stack"":{""value"":[false,false,true],""score"":33.33333333333333},""T2_ema50_slope"":{""value"":-0.06958788692472066,""score"":38.40201884587989},""T3_high_proximity"":{""value"":0.7752836531727132,""score"":0},""T4_rs_1m"":{""value"":-0.19747319039884137,""score"":0},""T5_rs_3m"":{""value"":-0.22724940148069106,""score"":0},""T6_adr_healthy"":{""value"":5.839647041946403,""score"":100.0},""_score"":21.01},""geometry"":{""sub_contraction_count"":100.0,""sub_reduction_rate"":0,""sub_pivot_tightness"":0,""sub_volume_dryup"":80.2,""sub_base_depth"":100.0,""sub_base_duration"":100.0,""_score"":57.03},""compression"":{""VC1_atr_ratio"":{""value"":0.38292096755517324,""score"":100},""VC2_range_contraction"":{""value"":0.9392417868457091,""score"":10.126368859048478},""VC3_range_pct_rank"":{""score"":55.00000000000001},""_score"":57.29},""sr_quality"":{""SR1_touches"":{""value"":2,""score"":25.0},""SR2_tightness"":{""value"":0.41160000000000707,""score"":94.33305125124947},""SR3_recency"":{""value"":275,""score"":0.0},""SR4_price_location"":{""score"":38.23151482462687},""SR5_reaction"":{""value"":2.0902277489112144,""score"":100},""_score"":46.21,""_levels_found"":5,""_target_level"":226.5816},""volume"":{""V1_rvol_day"":{""value"":0.3930339142643984,""score"":0},""V2_rvol_sameslot"":{""value"":1.0327043332687547,""score"":35.51362221791698,""status"":""ok""},""V3_breakout_bar"":{""value"":0.7982149342286129,""score"":19.88099561524086},""V4_base_dryup"":{""value"":0.6000520185289084,""score"":89.99479814710915},""V5_bo_expansion"":{""value"":0.3930339142643984,""score"":0},""_score"":30.07},""readiness"":{""_distance_atr"":4.634,""BR1_atr_distance"":{""score"":0},""BR2_compression"":{""score"":8.865863040483795},""BR3_retest"":{""score"":50.0},""BR4_bo_age"":{""score"":50.0},""_score"":19.72},""risk"":{""R1_stop_clarity"":{""score"":55.69495207472926},""R2_stop_distance_pct"":{""value"":4.552125208907352,""score"":100.0},""R3_stop_distance_atr"":{""value"":0.693770968688888,""score"":59.6885484344444},""R4_rr_potential"":{""value"":14.166571574576196,""score"":100.0},""_score"":78.45},""market"":{""M1_spy_regime"":{""score"":100.0},""M3_earnings_risk"":{""value"":null,""score"":80.0},""M4_vix"":{""value"":null,""score"":60.0},""_score"":84.0},""liquidity"":{""L1_price"":{""value"":221.39,""score"":100.0},""L2_dollar_vol"":{""value"":84740698.14562897,""score"":96.40460188314543},""L3_spread_proxy"":{""value"":0.04950539771444062,""score"":50.49460228555938},""L4_volume_zscore"":{""value"":-1.7652638602602184,""score"":100.0},""_score"":93.61},""pattern_structure"":{""n_contractions"":5,""contractions_pct"":[11.72,31.43,12.47,21.53,25.69],""descending_strict"":false,""final_low"":214.53,""final_pivot"":288.7,""structural_low"":214.53,""dry_up_ratio"":0.5988422359451474,""current_price"":221.39,""neckline_distance_pct"":0.304033605853923,""base_bars"":73},""pattern_geometry_features"":{""contraction_count"":5.0,""first_contraction_pct"":0.11717645436049524,""last_contraction_pct"":0.2569102874956702,""dry_up_ratio"":0.5988422359451474,""near_monotone"":0.0,""base_depth_pct"":0.26021586951274184},""_schema_version"":""1.0""}",,,,,,,,,,
20260610T172453Z-e22c49,2026-06-10T17:24:53.606196+00:00,ALOY,vcp,breakout_confirmed,48.75,56.6,48.6,12.5,63.4,37.5,27.5,64.7,84.0,78.5,8.49,12.15,1.5,7.61,4.87,1.93,3.23,5.04,3.93,False,,13.3769,10.52,8.0869,29.21,"{""trend"":{""T1_ema_stack"":{""value"":[true,true,false],""score"":66.66666666666666},""T2_ema50_slope"":{""value"":-0.04782754705614322,""score"":42.028742157309466},""T3_high_proximity"":{""value"":0.940707805907173,""score"":70.35390295358646},""T4_rs_1m"":{""value"":0.4420157631352597,""score"":100},""T5_rs_3m"":{""value"":-0.28610619782465363,""score"":0},""T6_adr_healthy"":{""value"":11.236649052586776,""score"":19.083773685330605},""_score"":56.58},""geometry"":{""sub_contraction_count"":100.0,""sub_reduction_rate"":54.5,""sub_pivot_tightness"":0,""sub_volume_dryup"":0,""sub_base_depth"":0.0,""sub_base_duration"":100.0,""_score"":48.62},""compression"":{""VC1_atr_ratio"":{""value"":1.0055938093636083,""score"":0},""VC2_range_contraction"":{""value"":1.7286256867382994,""score"":0},""VC3_range_pct_rank"":{""score"":50.0},""_score"":12.5},""sr_quality"":{""SR1_touches"":{""value"":2,""score"":25.0},""SR2_tightness"":{""value"":0.34999999999999964,""score"":57.17363469110395},""SR3_recency"":{""value"":40,""score"":83.33333333333334},""SR4_price_location"":{""score"":79.4577537473842},""SR5_reaction"":{""value"":2.616690920373551,""score"":100},""_score"":63.44,""_levels_found"":3,""_target_level"":14.1},""volume"":{""V1_rvol_day"":{""value"":0.8736437213634944,""score"":24.90958142423296},""V2_rvol_sameslot"":{""value"":1.7612836111629366,""score"":84.08557407752912,""status"":""ok""},""V3_breakout_bar"":{""value"":0.8408206929289844,""score"":22.721379528598963},""V4_base_dryup"":{""value"":1.0,""score"":50.0},""V5_bo_expansion"":{""value"":0.8736437213634947,""score"":0},""_score"":37.48},""readiness"":{""_distance_atr"":-1.748,""BR1_atr_distance"":{""score"":25.043101677657297},""BR2_compression"":{""score"":0},""BR3_retest"":{""score"":50.0},""BR4_bo_age"":{""score"":50.0},""_score"":27.52},""risk"":{""R1_stop_clarity"":{""score"":84.93123746345547},""R2_stop_distance_pct"":{""value"":39.545999754052986,""score"":0.0},""R3_stop_distance_atr"":{""value"":3.236458783993428,""score"":100.0},""R4_rr_potential"":{""value"":2.993022704094411,""score"":99.65113520472056},""_score"":64.66},""market"":{""M1_spy_regime"":{""score"":100.0},""M3_earnings_risk"":{""value"":null,""score"":80.0},""M4_vix"":{""value"":null,""score"":60.0},""_score"":84.0},""liquidity"":{""L1_price"":{""value"":13.376865,""score"":100.0},""L2_dollar_vol"":{""value"":26601421.978351295,""score"":71.24524262261596},""L3_spread_proxy"":{""value"":0.14315760830358976,""score"":0},""L4_volume_zscore"":{""value"":-0.2546744441341581,""score"":100.0},""_score"":78.5},""pattern_structure"":{""n_contractions"":4,""contractions_pct"":[61.0,48.58,41.82,21.96],""descending_strict"":true,""final_low"":8.21,""final_pivot"":10.52,""structural_low"":8.21,""dry_up_ratio"":1.8788544144967803,""current_price"":13.376865,""neckline_distance_pct"":-0.21356760347061893,""base_bars"":52},""pattern_geometry_features"":{""contraction_count"":4.0,""first_contraction_pct"":0.6100371747211895,""last_contraction_pct"":0.21958174904942954,""dry_up_ratio"":1.8788544144967803,""near_monotone"":1.0,""base_depth_pct"":0.6947955390334573},""_schema_version"":""1.0""}",,,,,,,,,,
20260610T172453Z-e22c49,2026-06-10T17:24:53.606196+00:00,ETN,double_bottom,invalidated,48.59,44.8,54.8,37.9,55.0,36.3,17.5,26.9,84.0,93.4,6.72,13.69,3.03,7.7,4.72,1.4,1.62,5.04,4.67,True,risk_unclear,376.34,426.585,380.8208,466.5499,"{""trend"":{""T1_ema_stack"":{""value"":[false,true,true],""score"":66.66666666666666},""T2_ema50_slope"":{""value"":0.060320520847216404,""score"":60.053420141202736},""T3_high_proximity"":{""value"":0.8691254243550957,""score"":34.56271217754781},""T4_rs_1m"":{""value"":-0.08895032293658434,""score"":0},""T5_rs_3m"":{""value"":-0.021285463247219694,""score"":39.35726837639015},""T6_adr_healthy"":{""value"":3.3188041415059404,""score"":100.0},""_score"":44.77},""geometry"":{""sub_low_similarity"":44.5,""sub_bounce_quality"":100,""sub_separation_fit"":6.7,""sub_right_bottom_reaction"":96.0,""sub_base_context"":30.0,""_score"":54.76},""compression"":{""VC1_atr_ratio"":{""value"":0.6276733631768896,""score"":93.0816592057776},""VC2_range_contraction"":{""value"":1.081801750951583,""score"":0},""VC3_range_pct_rank"":{""score"":2.500000000000002},""_score"":37.86},""sr_quality"":{""SR1_touches"":{""value"":2,""score"":25.0},""SR2_tightness"":{""value"":1.1875,""score"":84.93991592623141},""SR3_recency"":{""value"":278,""score"":0.0},""SR4_price_location"":{""score"":79.16195464555668},""SR5_reaction"":{""value"":2.4814262737547357,""score"":100},""_score"":55.03,""_levels_found"":7,""_target_level"":379.2575},""volume"":{""V1_rvol_day"":{""value"":0.6541785263635129,""score"":10.278568424234196},""V2_rvol_sameslot"":{""value"":1.5673279777464075,""score"":71.15519851642716,""status"":""ok""},""V3_breakout_bar"":{""value"":1.0621646016410156,""score"":37.47764010940104},""V4_base_dryup"":{""value"":0.9671649686155974,""score"":53.28350313844026},""V5_bo_expansion"":{""value"":0.6541785263635129,""score"":0},""_score"":36.31},""readiness"":{""_distance_atr"":3.186,""BR1_atr_distance"":{""score"":0},""BR2_compression"":{""score"":0},""BR3_retest"":{""score"":50.0},""BR4_bo_age"":{""score"":50.0},""_score"":17.5},""risk"":{""R1_stop_clarity"":{""score"":26.45223733967785},""R2_stop_distance_pct"":{""value"":-1.190625099643937,""score"":20.234372508901576},""R3_stop_distance_atr"":{""value"":-0.2841313773794363,""score"":10.793431131028186},""R4_rr_potential"":{""value"":null,""score"":50.0},""_score"":26.95},""market"":{""M1_spy_regime"":{""score"":100.0},""M3_earnings_risk"":{""value"":null,""score"":80.0},""M4_vix"":{""value"":null,""score"":60.0},""_score"":84.0},""liquidity"":{""L1_price"":{""value"":376.34,""score"":100.0},""L2_dollar_vol"":{""value"":599940904.3363582,""score"":100.0},""L3_spread_proxy"":{""value"":0.06587128660254016,""score"":34.12871339745985},""L4_volume_zscore"":{""value"":-1.8016403082437733,""score"":100.0},""_score"":93.41},""pattern_structure"":{""left_low"":397.5,""left_idx"":30,""right_low"":386.6201,""right_idx"":74,""separation_bars"":44,""structural_low"":386.6201,""current_price"":376.46,""neckline_distance_pct"":0.13314827604526377,""base_bars"":44},""pattern_geometry_features"":{""low_similarity_pct"":0.027750595858976247,""bounce_pct"":0.10336994894988646,""right_bottom_reaction"":0.959810399650117,""atr_pct"":0.04190403434584227},""_schema_version"":""1.0""}",,,,,,,,,,
20260610T172453Z-e22c49,2026-06-10T17:24:53.606196+00:00,MA,double_bottom,absent,48.54,29.7,47.2,39.6,80.7,18.3,26.4,56.9,84.0,97.5,4.45,11.8,3.17,11.3,2.38,2.11,3.42,5.04,4.87,True,risk_unclear,487.33,500.11,474.77,518.22,"{""trend"":{""T1_ema_stack"":{""value"":[false,false,false],""score"":0.0},""T2_ema50_slope"":{""value"":-0.09771253938045477,""score"":33.71457676992421},""T3_high_proximity"":{""value"":0.9278411362641128,""score"":63.920568132056374},""T4_rs_1m"":{""value"":-0.008188689128476145,""score"":41.81131087152386},""T5_rs_3m"":{""value"":-0.11211965037026383,""score"":0},""T6_adr_healthy"":{""value"":2.0730252420301936,""score"":100.0},""_score"":29.69},""geometry"":{""sub_low_similarity"":82.0,""sub_bounce_quality"":10.8,""sub_separation_fit"":0.0,""sub_right_bottom_reaction"":96.3,""sub_base_context"":30.0,""_score"":47.2},""compression"":{""VC1_atr_ratio"":{""value"":0.6583790357627161,""score"":85.40524105932099},""VC2_range_contraction"":{""value"":1.0859901776485656,""score"":0},""VC3_range_pct_rank"":{""score"":21.666666666666668},""_score"":39.58},""sr_quality"":{""SR1_touches"":{""value"":5,""score"":100},""SR2_tightness"":{""value"":1.1411502968496325,""score"":79.16587879892276},""SR3_recency"":{""value"":238,""score"":0.0},""SR4_price_location"":{""score"":95.3608650746455},""SR5_reaction"":{""value"":2.0364907723284604,""score"":100},""_score"":80.72,""_levels_found"":7,""_target_level"":489.024},""volume"":{""V1_rvol_day"":{""value"":0.37998145900342134,""score"":0},""V2_rvol_sameslot"":{""value"":0.8325136224828179,""score"":22.16757483218786,""status"":""ok""},""V3_breakout_bar"":{""value"":0.6853823311437472,""score"":12.358822076249815},""V4_base_dryup"":{""value"":0.9617815486326178,""score"":53.82184513673822},""V5_bo_expansion"":{""value"":0.37998145900342134,""score"":0},""_score"":18.29},""readiness"":{""_distance_atr"":1.167,""BR1_atr_distance"":{""score"":22.224656505273543},""BR2_compression"":{""score"":0},""BR3_retest"":{""score"":50.0},""BR4_bo_age"":{""score"":50.0},""_score"":26.39},""risk"":{""R1_stop_clarity"":{""score"":0},""R2_stop_distance_pct"":{""value"":2.5773090103215486,""score"":100.0},""R3_stop_distance_atr"":{""value"":1.1465473172461997,""score"":82.32736586230999},""R4_rr_potential"":{""value"":2.459394904458602,""score"":72.9697452229301},""_score"":56.94},""market"":{""M1_spy_regime"":{""score"":100.0},""M3_earnings_risk"":{""value"":null,""score"":80.0},""M4_vix"":{""value"":null,""score"":60.0},""_score"":84.0},""liquidity"":{""L1_price"":{""value"":487.33,""score"":100.0},""L2_dollar_vol"":{""value"":649622449.0134084,""score"":100.0},""L3_spread_proxy"":{""value"":0.025239570722097985,""score"":74.76042927790202},""L4_volume_zscore"":{""value"":-1.8974052341978882,""score"":100.0},""_score"":97.48},""pattern_structure"":{""left_low"":486.35,""left_idx"":26,""right_low"":482.0,""right_idx"":71,""separation_bars"":45,""structural_low"":482.0,""current_price"":488.54,""neckline_distance_pct"":0.023682810005321964,""base_bars"":45},""pattern_geometry_features"":{""low_similarity_pct"":0.008984354830381625,""bounce_pct"":0.037572614107883845,""right_bottom_reaction"":0.9633742350282208,""atr_pct"":0.022478871753080203},""_schema_version"":""1.0""}",,,,,,,,,,
20260610T172453Z-e22c49,2026-06-10T17:24:53.606196+00:00,FTAI,double_bottom,forming,48.51,21.0,61.8,57.3,46.2,25.7,19.7,70.2,84.0,93.6,3.15,15.45,4.58,6.47,3.34,1.58,4.21,5.04,4.68,False,,221.39,243.46,218.2071,265.39,"{""trend"":{""T1_ema_stack"":{""value"":[false,false,true],""score"":33.33333333333333},""T2_ema50_slope"":{""value"":-0.06958788692472066,""score"":38.40201884587989},""T3_high_proximity"":{""value"":0.7752836531727132,""score"":0},""T4_rs_1m"":{""value"":-0.19747319039884137,""score"":0},""T5_rs_3m"":{""value"":-0.22724940148069106,""score"":0},""T6_adr_healthy"":{""value"":5.839647041946403,""score"":100.0},""_score"":21.01},""geometry"":{""sub_low_similarity"":22.7,""sub_bounce_quality"":98.6,""sub_separation_fit"":100.0,""sub_right_bottom_reaction"":95.1,""sub_base_context"":30.0,""_score"":61.8},""compression"":{""VC1_atr_ratio"":{""value"":0.38292096755517324,""score"":100},""VC2_range_contraction"":{""value"":0.9392417868457091,""score"":10.126368859048478},""VC3_range_pct_rank"":{""score"":55.00000000000001},""_score"":57.29},""sr_quality"":{""SR1_touches"":{""value"":2,""score"":25.0},""SR2_tightness"":{""value"":0.41160000000000707,""score"":94.33305125124947},""SR3_recency"":{""value"":275,""score"":0.0},""SR4_price_location"":{""score"":38.23151482462687},""SR5_reaction"":{""value"":2.0902277489112144,""score"":100},""_score"":46.21,""_levels_found"":5,""_target_level"":226.5816},""volume"":{""V1_rvol_day"":{""value"":0.3930339142643984,""score"":0},""V2_rvol_sameslot"":{""value"":1.0327043332687547,""score"":35.51362221791698,""status"":""ok""},""V3_breakout_bar"":{""value"":0.7982149342286129,""score"":19.88099561524086},""V4_base_dryup"":{""value"":0.8170518053700323,""score"":68.29481946299677},""V5_bo_expansion"":{""value"":0.3930339142643984,""score"":0},""_score"":25.73},""readiness"":{""_distance_atr"":1.519,""BR1_atr_distance"":{""score"":0},""BR2_compression"":{""score"":8.865863040483795},""BR3_retest"":{""score"":50.0},""BR4_bo_age"":{""score"":50.0},""_score"":19.72},""risk"":{""R1_stop_clarity"":{""score"":54.24930188372164},""R2_stop_distance_pct"":{""value"":1.4377117304304516,""score"":85.94279326076129},""R3_stop_distance_atr"":{""value"":0.21911582264133903,""score"":35.95579113206695},""R4_rr_potential"":{""value"":13.823654157307,""score"":100.0},""_score"":70.16},""market"":{""M1_spy_regime"":{""score"":100.0},""M3_earnings_risk"":{""value"":null,""score"":80.0},""M4_vix"":{""value"":null,""score"":60.0},""_score"":84.0},""liquidity"":{""L1_price"":{""value"":221.39,""score"":100.0},""L2_dollar_vol"":{""value"":84740698.14562897,""score"":96.40460188314543},""L3_spread_proxy"":{""value"":0.04950539771444062,""score"":50.49460228555938},""L4_volume_zscore"":{""value"":-1.7652638602602184,""score"":100.0},""_score"":93.61},""pattern_structure"":{""left_low"":230.26,""left_idx"":64,""right_low"":221.53,""right_idx"":74,""separation_bars"":10,""structural_low"":221.53,""current_price"":223.21,""neckline_distance_pct"":0.09072174185744367,""base_bars"":10},""pattern_geometry_features"":{""low_similarity_pct"":0.03864627371123748,""bounce_pct"":0.09899336432988763,""right_bottom_reaction"":0.9506472491909375,""atr_pct"":0.06561423602821136},""_schema_version"":""1.0""}",,,,,,,,,,
20260610T172453Z-e22c49,2026-06-10T17:24:53.606196+00:00,INOD,vcp,setup,48.5,74.5,54.5,25.9,37.1,0.0,66.4,41.2,84.0,87.8,11.18,13.62,3.11,4.46,0.0,4.65,2.06,5.04,4.39,False,,102.2904,101.5,86.2978,59.798,"{""trend"":{""T1_ema_stack"":{""value"":[true,true,true],""score"":100.0},""T2_ema50_slope"":{""value"":1.4163188084011062,""score"":100},""T3_high_proximity"":{""value"":0.8418962962962964,""score"":20.94814814814816},""T4_rs_1m"":{""value"":-0.0019645648231635393,""score"":48.03543517683646},""T5_rs_3m"":{""value"":1.2016781544818889,""score"":100},""T6_adr_healthy"":{""value"":10.577103651651019,""score"":35.57240870872454},""_score"":74.53},""geometry"":{""sub_contraction_count"":100.0,""sub_reduction_rate"":27.5,""sub_pivot_tightness"":0,""sub_volume_dryup"":83.9,""sub_base_depth"":0.0,""sub_base_duration"":100.0,""_score"":54.46},""compression"":{""VC1_atr_ratio"":{""value"":0.8928037222165388,""score"":26.7990694458653},""VC2_range_contraction"":{""value"":1.1093764659941148,""score"":0},""VC3_range_pct_rank"":{""score"":60.83333333333334},""_score"":25.93},""sr_quality"":{""SR1_touches"":{""value"":2,""score"":25.0},""SR2_tightness"":{""value"":1.0300000000000011,""score"":82.03846036472386},""SR3_recency"":{""value"":237,""score"":0.0},""SR4_price_location"":{""score"":30.0},""SR5_reaction"":{""value"":1.3131106160546513,""score"":65.65553080273257},""_score"":37.15,""_levels_found"":6,""_target_level"":100.47},""volume"":{""V1_rvol_day"":{""value"":0.24758968273470358,""score"":0},""V2_rvol_sameslot"":{""value"":0.3325491812933987,""score"":0,""status"":""ok""},""V3_breakout_bar"":{""value"":0.33545227922511833,""score"":0},""V4_base_dryup"":{""value"":2.249839895526596,""score"":0},""V5_bo_expansion"":{""value"":0.24758968273470358,""score"":0},""_score"":0.0},""readiness"":{""_distance_atr"":-0.069,""BR1_atr_distance"":{""score"":100.0},""BR2_compression"":{""score"":35.74629712162995},""BR3_retest"":{""score"":50.0},""BR4_bo_age"":{""score"":50.0},""_score"":66.44},""risk"":{""R1_stop_clarity"":{""score"":77.0828192641871},""R2_stop_distance_pct"":{""value"":15.63448769385985,""score"":0.0},""R3_stop_distance_atr"":{""value"":1.3944240754384678,""score"":94.72120377192338},""R4_rr_potential"":{""value"":-2.657007187083007,""score"":0.0},""_score"":41.19},""market"":{""M1_spy_regime"":{""score"":100.0},""M3_earnings_risk"":{""value"":null,""score"":80.0},""M4_vix"":{""value"":null,""score"":60.0},""_score"":84.0},""liquidity"":{""L1_price"":{""value"":102.2904,""score"":100.0},""L2_dollar_vol"":{""value"":48885488.52587706,""score"":84.45899797822247},""L3_spread_proxy"":{""value"":0.05992742231920097,""score"":40.07257768079903},""L4_volume_zscore"":{""value"":-2.3038719775002425,""score"":100.0},""_score"":87.79},""pattern_structure"":{""n_contractions"":5,""contractions_pct"":[25.44,19.26,18.97,14.51,13.68],""descending_strict"":false,""final_low"":87.612,""final_pivot"":101.5,""structural_low"":87.612,""dry_up_ratio"":0.580595650971271,""current_price"":102.2904,""neckline_distance_pct"":-0.007727020326443197,""base_bars"":43},""pattern_geometry_features"":{""contraction_count"":5.0,""first_contraction_pct"":0.2544086255717708,""last_contraction_pct"":0.1368275862068966,""dry_up_ratio"":0.580595650971271,""near_monotone"":0.0,""base_depth_pct"":-0.9083424090612068},""_schema_version"":""1.0""}",,,,,,,,,,
20260610T172453Z-e22c49,2026-06-10T17:24:53.606196+00:00,RCAT,breakout_retest_hold,setup,48.46,41.0,51.0,55.3,30.9,0.0,76.5,66.2,84.0,86.6,5.73,11.22,3.32,4.32,0.0,13.76,3.31,4.2,2.6,False,,11.185,10.69,10.7019,10.45,"{""trend"":{""T1_ema_stack"":{""value"":[false,true,true],""score"":66.66666666666666},""T2_ema50_slope"":{""value"":-0.010520431841688247,""score"":48.24659469305196},""T3_high_proximity"":{""value"":0.6579411764705883,""score"":0},""T4_rs_1m"":{""value"":0.007085741767738241,""score"":57.08574176773824},""T5_rs_3m"":{""value"":-0.38690316443595607,""score"":0},""T6_adr_healthy"":{""value"":9.420441655389661,""score"":64.48895861525847},""_score"":40.96},""geometry"":{""sub_retest_depth"":15.4,""sub_retest_timing"":0.0,""sub_retest_freshness"":100.0,""sub_hold_quality"":87.9,""_score"":50.99},""compression"":{""VC1_atr_ratio"":{""value"":0.6265030258206463,""score"":93.37424354483842},""VC2_range_contraction"":{""value"":1.9204690689181423,""score"":0},""VC3_range_pct_rank"":{""score"":71.66666666666667},""_score"":55.27},""sr_quality"":{""SR1_touches"":{""value"":2,""score"":25.0},""SR2_tightness"":{""value"":0.3224999999999998,""score"":57.9101430495803},""SR3_recency"":{""value"":262,""score"":0.0},""SR4_price_location"":{""score"":2.229072800569284},""SR5_reaction"":{""value"":1.8842552239432084,""score"":94.21276119716042},""_score"":30.88,""_levels_found"":5,""_target_level"":12.6575},""volume"":{""V1_rvol_day"":{""value"":0.24202369201367607,""score"":0},""V2_rvol_sameslot"":{""value"":0.3490317140738308,""score"":0,""status"":""ok""},""V3_breakout_bar"":{""value"":0.4701355064832697,""score"":0},""V4_base_dryup"":{""value"":1.9349645303266705,""score"":0},""V5_bo_expansion"":{""value"":0.242023692013676,""score"":0},""_score"":0.0},""readiness"":{""_distance_atr"":-0.323,""BR1_atr_distance"":{""score"":100.0},""BR2_compression"":{""score"":47.89429389281313},""BR3_retest"":{""score"":100},""BR4_bo_age"":{""score"":30.0},""_score"":76.47},""risk"":{""R1_stop_clarity"":{""score"":85.89174097258795},""R2_stop_distance_pct"":{""value"":4.319177469825662,""score"":100.0},""R3_stop_distance_atr"":{""value"":0.3152497657790354,""score"":40.76248828895177},""R4_rr_potential"":{""value"":-1.5214241357896967,""score"":0.0},""_score"":66.18},""market"":{""M1_spy_regime"":{""score"":100.0},""M3_earnings_risk"":{""value"":null,""score"":80.0},""M4_vix"":{""value"":null,""score"":60.0},""_score"":84.0},""liquidity"":{""L1_price"":{""value"":11.185,""score"":100.0},""L2_dollar_vol"":{""value"":51512202.13602809,""score"":85.59550581385294},""L3_spread_proxy"":{""value"":0.07599463567277616,""score"":24.005364327223845},""L4_volume_zscore"":{""value"":-0.8756633273593994,""score"":100.0},""_score"":86.64},""pattern_structure"":{""level"":10.69,""level_idx"":17,""breakout_idx"":22,""bo_peak_idx"":35,""bo_peak_price"":15.79,""retest_idx"":74,""retest_low"":10.81,""structural_low"":10.81,""current_price"":11.1401,""neckline_distance_pct"":-0.04040358704140904,""base_bars"":62,""bars_since_breakout"":57},""pattern_geometry_features"":{""retest_depth_atr"":-0.29233660471915063,""bars_breakout_to_retest"":52.0,""bars_since_retest"":5.0,""current_above_level_atr"":1.0965058815340738,""bo_peak_excess_pct"":0.47708138447146864,""atr_pct"":0.13700811035187432},""_schema_version"":""1.0""}",,,,,,,,,,
20260610T172453Z-e22c49,2026-06-10T17:24:53.606196+00:00,GENI,breakout_retest_hold,setup,48.42,91.5,40.0,24.8,47.3,8.8,43.5,63.7,84.0,77.7,12.82,8.8,1.49,6.62,1.15,7.83,3.19,4.2,2.33,False,,6.8943,6.435,6.5637,6.045,"{""trend"":{""T1_ema_stack"":{""value"":[true,true,false],""score"":66.66666666666666},""T2_ema50_slope"":{""value"":0.29621033156392484,""score"":99.36838859398748},""T3_high_proximity"":{""value"":1.0,""score"":99.99999999999997},""T4_rs_1m"":{""value"":0.5761968528788495,""score"":100},""T5_rs_3m"":{""value"":0.24423789616722513,""score"":100},""T6_adr_healthy"":{""value"":7.610544627217394,""score"":100.0},""_score"":91.54},""geometry"":{""sub_retest_depth"":0.0,""sub_retest_timing"":100.0,""sub_retest_freshness"":100.0,""sub_hold_quality"":0.0,""_score"":40.0},""compression"":{""VC1_atr_ratio"":{""value"":0.833238732373232,""score"":41.690316906692004},""VC2_range_contraction"":{""value"":1.0142408821389952,""score"":0},""VC3_range_pct_rank"":{""score"":32.49999999999999},""_score"":24.8},""sr_quality"":{""SR1_touches"":{""value"":3,""score"":50.0},""SR2_tightness"":{""value"":0.07494442385305695,""score"":65.2920299721205},""SR3_recency"":{""value"":286,""score"":0.0},""SR4_price_location"":{""score"":30.0},""SR5_reaction"":{""value"":2.1148969015326937,""score"":100},""_score"":47.29,""_levels_found"":4,""_target_level"":5.635},""volume"":{""V1_rvol_day"":{""value"":0.36653536860783975,""score"":0},""V2_rvol_sameslot"":{""value"":0.6928710542622146,""score"":12.85807028414764,""status"":""ok""},""V3_breakout_bar"":{""value"":0.39522524988046676,""score"":0},""V4_base_dryup"":{""value"":1.1864211785046117,""score"":31.357882149538824},""V5_bo_expansion"":{""value"":0.36653536860783975,""score"":0},""_score"":8.84},""readiness"":{""_distance_atr"":-1.064,""BR1_atr_distance"":{""score"":38.729077075752535},""BR2_compression"":{""score"":14.026383305158838},""BR3_retest"":{""score"":100},""BR4_bo_age"":{""score"":30.0},""_score"":43.5},""risk"":{""R1_stop_clarity"":{""score"":69.29540191862388},""R2_stop_distance_pct"":{""value"":4.795265654236115,""score"":100.0},""R3_stop_distance_atr"":{""value"":0.7655309295401928,""score"":63.276546477009646},""R4_rr_potential"":{""value"":-2.56896551724138,""score"":0.0},""_score"":63.74},""market"":{""M1_spy_regime"":{""score"":100.0},""M3_earnings_risk"":{""value"":null,""score"":80.0},""M4_vix"":{""value"":null,""score"":60.0},""_score"":84.0},""liquidity"":{""L1_price"":{""value"":6.8943,""score"":98.44715000000001},""L2_dollar_vol"":{""value"":16700503.498956261,""score"":61.1364782385829},""L3_spread_proxy"":{""value"":0.0638208375034448,""score"":36.17916249655519},""L4_volume_zscore"":{""value"":-1.8255940218519537,""score"":100.0},""_score"":77.68},""pattern_structure"":{""level"":6.435,""level_idx"":59,""breakout_idx"":65,""bo_peak_idx"":71,""bo_peak_price"":7.105,""retest_idx"":73,""retest_low"":6.63,""structural_low"":6.63,""current_price"":6.975,""neckline_distance_pct"":-0.07741935483870968,""base_bars"":20,""bars_since_breakout"":14},""pattern_geometry_features"":{""retest_depth_atr"":-0.9582645933518206,""bars_breakout_to_retest"":8.0,""bars_since_retest"":6.0,""current_above_level_atr"":2.653655796974269,""bo_peak_excess_pct"":0.10411810411810425,""atr_pct"":0.0626397375886084},""_schema_version"":""1.0""}",,,,,,,,,,
20260610T172453Z-e22c49,2026-06-10T17:24:53.606196+00:00,XEL,vcp,absent,48.36,39.2,43.2,56.2,56.2,28.0,21.5,61.4,84.0,98.5,5.88,10.81,6.75,6.74,3.64,1.51,3.07,5.04,4.92,True,risk_unclear,78.155,83.85,76.372,90.545,"{""trend"":{""T1_ema_stack"":{""value"":[false,false,true],""score"":33.33333333333333},""T2_ema50_slope"":{""value"":-0.0380974858908982,""score"":43.650419018183634},""T3_high_proximity"":{""value"":0.9421940928270042,""score"":71.09704641350206},""T4_rs_1m"":{""value"":-0.017471468047535965,""score"":32.528531952464036},""T5_rs_3m"":{""value"":-0.1141677103349904,""score"":0},""T6_adr_healthy"":{""value"":2.0509995706724857,""score"":100.0},""_score"":39.23},""geometry"":{""sub_contraction_count"":100.0,""sub_reduction_rate"":0,""sub_pivot_tightness"":35.3,""sub_volume_dryup"":0,""sub_base_depth"":29.5,""sub_base_duration"":100.0,""_score"":43.24},""compression"":{""VC1_atr_ratio"":{""value"":0.6024554386622308,""score"":99.38614033444229},""VC2_range_contraction"":{""value"":1.3089223938904972,""score"":0},""VC3_range_pct_rank"":{""score"":65.83333333333333},""_score"":56.21},""sr_quality"":{""SR1_touches"":{""value"":2,""score"":25.0},""SR2_tightness"":{""value"":0.13000000000000256,""score"":85.05440361322081},""SR3_recency"":{""value"":254,""score"":0.0},""SR4_price_location"":{""score"":83.61904761904736},""SR5_reaction"":{""value"":2.57811537671936,""score"":100},""_score"":56.16,""_levels_found"":6,""_target_level"":78.37},""volume"":{""V1_rvol_day"":{""value"":0.5937663157970854,""score"":6.2510877198056924},""V2_rvol_sameslot"":{""value"":1.2908096822490096,""score"":52.720645483267305,""status"":""ok""},""V3_breakout_bar"":{""value"":0.8716780641530287,""score"":24.778537610201916},""V4_base_dryup"":{""value"":0.9981065335143288,""score"":50.189346648567124},""V5_bo_expansion"":{""value"":0.5937663157970854,""score"":0},""_score"":28.03},""readiness"":{""_distance_atr"":3.274,""BR1_atr_distance"":{""score"":0},""BR2_compression"":{""score"":16.030033889851488},""BR3_retest"":{""score"":50.0},""BR4_bo_age"":{""score"":50.0},""_score"":21.51},""risk"":{""R1_stop_clarity"":{""score"":0},""R2_stop_distance_pct"":{""value"":2.281395943957532,""score"":100.0},""R3_stop_distance_atr"":{""value"":1.024937384520638,""score"":76.2468692260319},""R4_rr_potential"":{""value"":6.948864990675922,""score"":100.0},""_score"":61.44},""market"":{""M1_spy_regime"":{""score"":100.0},""M3_earnings_risk"":{""value"":null,""score"":80.0},""M4_vix"":{""value"":null,""score"":60.0},""_score"":84.0},""liquidity"":{""L1_price"":{""value"":78.155,""score"":100.0},""L2_dollar_vol"":{""value"":253606847.0645729,""score"":100.0},""L3_spread_proxy"":{""value"":0.015354104024054798,""score"":84.6458959759452},""L4_volume_zscore"":{""value"":-0.9055072737544639,""score"":100.0},""_score"":98.46},""pattern_structure"":{""n_contractions"":5,""contractions_pct"":[3.91,7.84,5.63,5.51,7.53],""descending_strict"":false,""final_low"":77.535,""final_pivot"":83.85,""structural_low"":77.535,""dry_up_ratio"":1.2130042810557573,""current_price"":78.155,""neckline_distance_pct"":0.07286801868082647,""base_bars"":56},""pattern_geometry_features"":{""contraction_count"":5.0,""first_contraction_pct"":0.03905971744034199,""last_contraction_pct"":0.07531305903398924,""dry_up_ratio"":1.2130042810557573,""near_monotone"":0.0,""base_depth_pct"":0.07948474415291472},""_schema_version"":""1.0""}",,,,,,,,,,
20260610T172453Z-e22c49,2026-06-10T17:24:53.606196+00:00,HQY,vcp,absent,48.32,83.0,35.0,56.0,41.6,16.9,17.5,55.8,84.0,82.9,12.46,8.75,6.72,4.99,2.19,1.23,2.79,5.04,4.15,False,,89.41,95.0,82.937,95.94,"{""trend"":{""T1_ema_stack"":{""value"":[true,true,false],""score"":66.66666666666666},""T2_ema50_slope"":{""value"":0.16450481534799086,""score"":77.41746922466514},""T3_high_proximity"":{""value"":0.9864298323036187,""score"":93.21491615180932},""T4_rs_1m"":{""value"":0.10790332358715715,""score"":100},""T5_rs_3m"":{""value"":0.05892189129413006,""score"":79.46094564706503},""T6_adr_healthy"":{""value"":3.8677251957746113,""score"":100.0},""_score"":83.05},""geometry"":{""sub_contraction_count"":100.0,""sub_reduction_rate"":0,""sub_pivot_tightness"":0,""sub_volume_dryup"":0,""sub_base_depth"":0.0,""sub_base_duration"":100.0,""_score"":35.0},""compression"":{""VC1_atr_ratio"":{""value"":0.5777416049093519,""score"":100},""VC2_range_contraction"":{""value"":1.5509415054598497,""score"":0},""VC3_range_pct_rank"":{""score"":64.16666666666666},""_score"":56.04},""sr_quality"":{""SR1_touches"":{""value"":2,""score"":25.0},""SR2_tightness"":{""value"":0.41449999999999676,""score"":77.26092723535918},""SR3_recency"":{""value"":260,""score"":0.0},""SR4_price_location"":{""score"":30.0},""SR5_reaction"":{""value"":3.066757575935691,""score"":100},""_score"":41.59,""_levels_found"":4,""_target_level"":88.3855},""volume"":{""V1_rvol_day"":{""value"":0.20568213304308366,""score"":0},""V2_rvol_sameslot"":{""value"":0.6413425693121378,""score"":9.422837954142523,""status"":""ok""},""V3_breakout_bar"":{""value"":0.7691726723547163,""score"":17.944844823647756},""V4_base_dryup"":{""value"":0.9745540099550367,""score"":52.54459900449633},""V5_bo_expansion"":{""value"":0.20568213304308364,""score"":0},""_score"":16.88},""readiness"":{""_distance_atr"":1.533,""BR1_atr_distance"":{""score"":0},""BR2_compression"":{""score"":0},""BR3_retest"":{""score"":50.0},""BR4_bo_age"":{""score"":50.0},""_score"":17.5},""risk"":{""R1_stop_clarity"":{""score"":30.713030393868024},""R2_stop_distance_pct"":{""value"":7.239682362151884,""score"":100.0},""R3_stop_distance_atr"":{""value"":1.7755128830581566,""score"":100.0},""R4_rr_potential"":{""value"":1.008805808744014,""score"":0.4402904372006966},""_score"":55.84},""market"":{""M1_spy_regime"":{""score"":100.0},""M3_earnings_risk"":{""value"":null,""score"":80.0},""M4_vix"":{""value"":null,""score"":60.0},""_score"":84.0},""liquidity"":{""L1_price"":{""value"":89.41,""score"":100.0},""L2_dollar_vol"":{""value"":19051821.63242768,""score"":63.99682534464657},""L3_spread_proxy"":{""value"":0.026730790739290914,""score"":73.26920926070909},""L4_volume_zscore"":{""value"":-1.6500092405416737,""score"":100.0},""_score"":82.93},""pattern_structure"":{""n_contractions"":5,""contractions_pct"":[10.7,12.51,6.96,6.24,11.37],""descending_strict"":false,""final_low"":84.2,""final_pivot"":95.0,""structural_low"":84.2,""dry_up_ratio"":1.24513132710351,""current_price"":89.41,""neckline_distance_pct"":0.06252097080863442,""base_bars"":41},""pattern_geometry_features"":{""contraction_count"":5.0,""first_contraction_pct"":0.10696382428940564,""last_contraction_pct"":0.11368421052631576,""dry_up_ratio"":1.24513132710351,""near_monotone"":0.0,""base_depth_pct"":0.011040638947615665},""_schema_version"":""1.0""}",,,,,,,,,,
20260610T172453Z-e22c49,2026-06-10T17:24:53.606196+00:00,ALOY,bull_flag,absent,48.21,56.6,49.9,12.5,63.4,27.5,36.4,58.4,84.0,78.5,7.92,14.98,1.12,6.34,3.85,3.28,1.75,5.04,3.93,False,,13.3769,14.67,11.7708,18.96,"{""trend"":{""T1_ema_stack"":{""value"":[true,true,false],""score"":66.66666666666666},""T2_ema50_slope"":{""value"":-0.04782754705614322,""score"":42.028742157309466},""T3_high_proximity"":{""value"":0.940707805907173,""score"":70.35390295358646},""T4_rs_1m"":{""value"":0.4420157631352597,""score"":100},""T5_rs_3m"":{""value"":-0.28610619782465363,""score"":0},""T6_adr_healthy"":{""value"":11.236649052586776,""score"":19.083773685330605},""_score"":56.58},""geometry"":{""sub_pole_impulse"":59.6,""sub_flag_tightness"":26.3,""sub_flag_shallowness"":10.3,""sub_flag_drift"":89.4,""sub_flag_duration"":100.0,""_score"":49.92},""compression"":{""VC1_atr_ratio"":{""value"":1.0055938093636083,""score"":0},""VC2_range_contraction"":{""value"":1.7286256867382994,""score"":0},""VC3_range_pct_rank"":{""score"":50.0},""_score"":12.5},""sr_quality"":{""SR1_touches"":{""value"":2,""score"":25.0},""SR2_tightness"":{""value"":0.34999999999999964,""score"":57.17363469110395},""SR3_recency"":{""value"":40,""score"":83.33333333333334},""SR4_price_location"":{""score"":79.4577537473842},""SR5_reaction"":{""value"":2.616690920373551,""score"":100},""_score"":63.44,""_levels_found"":3,""_target_level"":14.1},""volume"":{""V1_rvol_day"":{""value"":0.8736437213634944,""score"":24.90958142423296},""V2_rvol_sameslot"":{""value"":1.7612836111629366,""score"":84.08557407752912,""status"":""ok""},""V3_breakout_bar"":{""value"":0.8408206929289844,""score"":22.721379528598963},""V4_base_dryup"":{""value"":2.085411145586305,""score"":0},""V5_bo_expansion"":{""value"":0.8736437213634947,""score"":0},""_score"":27.48},""readiness"":{""_distance_atr"":0.791,""BR1_atr_distance"":{""score"":47.256883901219695},""BR2_compression"":{""score"":0},""BR3_retest"":{""score"":50.0},""BR4_bo_age"":{""score"":50.0},""_score"":36.4},""risk"":{""R1_stop_clarity"":{""score"":78.06659936809268},""R2_stop_distance_pct"":{""value"":12.005925902668519,""score"":0.0},""R3_stop_distance_atr"":{""value"":0.9825692760159239,""score"":74.1284638007962},""R4_rr_potential"":{""value"":3.4763870732336835,""score"":100.0},""_score"":58.44},""market"":{""M1_spy_regime"":{""score"":100.0},""M3_earnings_risk"":{""value"":null,""score"":80.0},""M4_vix"":{""value"":null,""score"":60.0},""_score"":84.0},""liquidity"":{""L1_price"":{""value"":13.376865,""score"":100.0},""L2_dollar_vol"":{""value"":26601421.978351295,""score"":71.24524262261596},""L3_spread_proxy"":{""value"":0.14315760830358976,""score"":0},""L4_volume_zscore"":{""value"":-0.2546744441341581,""score"":100.0},""_score"":78.5},""pattern_structure"":{""pole_low"":10.38,""pole_low_idx"":29,""peak_price"":14.67,""peak_idx"":48,""pole_gain"":0.41329479768786115,""flag_bars"":11,""flag_low"":11.9501,""flag_high"":14.6299,""structural_low"":11.9501,""current_price"":13.455,""neckline_distance_pct"":0.0903010033444816,""base_bars"":11},""pattern_geometry_features"":{""pole_gain"":0.41329479768786115,""pullback_pct"":0.18540558963871842,""flag_range_pct"":0.18267211997273336,""flag_drift_per_bar"":-0.0021188473362386156,""atr_pct"":0.12218910356478463,""pole_atr_multiple"":3.382419427185112},""_schema_version"":""1.0""}",,,,,,,,,,
20260610T172453Z-e22c49,2026-06-10T17:24:53.606196+00:00,COHU,bull_flag,absent,47.85,95.9,35.3,25.8,38.4,20.3,35.6,80.2,84.0,83.7,13.42,10.59,2.32,3.84,2.85,3.21,2.41,5.04,4.18,False,,54.41,57.51,50.3434,65.64,"{""trend"":{""T1_ema_stack"":{""value"":[true,true,true],""score"":100.0},""T2_ema50_slope"":{""value"":0.6274475886538925,""score"":100},""T3_high_proximity"":{""value"":0.9447820802222607,""score"":72.39104011113035},""T4_rs_1m"":{""value"":0.07390096104317578,""score"":100},""T5_rs_3m"":{""value"":0.820746249248429,""score"":100},""T6_adr_healthy"":{""value"":6.063957128736021,""score"":100.0},""_score"":95.86},""geometry"":{""sub_pole_impulse"":34.3,""sub_flag_tightness"":0,""sub_flag_shallowness"":0,""sub_flag_drift"":100,""sub_flag_duration"":100.0,""_score"":35.29},""compression"":{""VC1_atr_ratio"":{""value"":0.7752976918584054,""score"":56.17557703539866},""VC2_range_contraction"":{""value"":1.2290632062331648,""score"":0},""VC3_range_pct_rank"":{""score"":13.33333333333333},""_score"":25.8},""sr_quality"":{""SR1_touches"":{""value"":2,""score"":25.0},""SR2_tightness"":{""value"":0.8100500000000004,""score"":57.13178704809712},""SR3_recency"":{""value"":228,""score"":0.0},""SR4_price_location"":{""score"":30.0},""SR5_reaction"":{""value"":1.9765524592890498,""score"":98.82762296445249},""_score"":38.39,""_levels_found"":5,""_target_level"":50.19},""volume"":{""V1_rvol_day"":{""value"":0.38030024752616504,""score"":0},""V2_rvol_sameslot"":{""value"":1.0785821142735312,""score"":38.57214095156875,""status"":""ok""},""V3_breakout_bar"":{""value"":0.694435185726914,""score"":12.962345715127599},""V4_base_dryup"":{""value"":1.0307876020609454,""score"":46.92123979390546},""V5_bo_expansion"":{""value"":0.38030024752616504,""score"":0},""_score"":20.34},""readiness"":{""_distance_atr"":0.82,""BR1_atr_distance"":{""score"":45.31553190095307},""BR2_compression"":{""score"":0},""BR3_retest"":{""score"":50.0},""BR4_bo_age"":{""score"":50.0},""_score"":35.63},""risk"":{""R1_stop_clarity"":{""score"":59.42853470825719},""R2_stop_distance_pct"":{""value"":7.474085646020945,""score"":100.0},""R3_stop_distance_atr"":{""value"":1.0760448009434946,""score"":78.80224004717473},""R4_rr_potential"":{""value"":2.761486727404621,""score"":88.07433637023105},""_score"":80.24},""market"":{""M1_spy_regime"":{""score"":100.0},""M3_earnings_risk"":{""value"":null,""score"":80.0},""M4_vix"":{""value"":null,""score"":60.0},""_score"":84.0},""liquidity"":{""L1_price"":{""value"":54.41,""score"":100.0},""L2_dollar_vol"":{""value"":32950059.53173406,""score"":75.89281017909664},""L3_spread_proxy"":{""value"":0.06708141885682783,""score"":32.91858114317216},""L4_volume_zscore"":{""value"":-1.0765534228920322,""score"":100.0},""_score"":83.65},""pattern_structure"":{""pole_low"":49.38,""pole_low_idx"":44,""peak_price"":57.51,""peak_idx"":51,""pole_gain"":0.16464155528554061,""flag_bars"":8,""flag_low"":51.11,""flag_high"":57.2899,""structural_low"":51.11,""current_price"":54.675,""neckline_distance_pct"":0.05185185185185187,""base_bars"":8},""pattern_geometry_features"":{""pole_gain"":0.16464155528554061,""pullback_pct"":0.11128499391410188,""flag_range_pct"":0.1074578334202748,""flag_drift_per_bar"":0.006401463191586603,""atr_pct"":0.06945887048074148,""pole_atr_multiple"":2.3703459924703205},""_schema_version"":""1.0""}",,,,,,,,,,
20260610T172453Z-e22c49,2026-06-10T17:24:53.606196+00:00,SBGSY,cup_with_handle,forming,47.83,43.6,65.5,24.8,45.7,14.2,17.5,64.5,84.0,78.7,6.1,19.66,1.98,5.48,1.84,1.4,3.22,4.2,3.94,True,risk_unclear,59.757,67.1499,58.2726,81.1144,"{""trend"":{""T1_ema_stack"":{""value"":[false,true,true],""score"":66.66666666666666},""T2_ema50_slope"":{""value"":0.08421400817634749,""score"":64.03566802939125},""T3_high_proximity"":{""value"":0.8944319712617871,""score"":47.21598563089352},""T4_rs_1m"":{""value"":-0.07634544250295228,""score"":0},""T5_rs_3m"":{""value"":-0.07269531450815436,""score"":13.652342745922816},""T6_adr_healthy"":{""value"":2.3548544221514067,""score"":100.0},""_score"":43.6},""geometry"":{""sub_cup_depth"":100.0,""sub_cup_duration"":100.0,""sub_rim_symmetry"":39.9,""sub_handle_shallowness"":0.8,""sub_handle_proportion"":100.0,""sub_u_shape"":82.7,""_score"":65.55},""compression"":{""VC1_atr_ratio"":{""value"":0.8045329266721634,""score"":48.86676833195916},""VC2_range_contraction"":{""value"":1.1188133729017342,""score"":0},""VC3_range_pct_rank"":{""score"":20.833333333333336},""_score"":24.76},""sr_quality"":{""SR1_touches"":{""value"":3,""score"":50.0},""SR2_tightness"":{""value"":0.20154955277108139,""score"":80.80140882880552},""SR3_recency"":{""value"":257,""score"":0.0},""SR4_price_location"":{""score"":14.19047619047619},""SR5_reaction"":{""value"":3.0306947714108143,""score"":100},""_score"":45.67,""_levels_found"":5,""_target_level"":65.4633},""volume"":{""V1_rvol_day"":{""value"":0.6226111356340075,""score"":8.174075708933833},""V2_rvol_sameslot"":{""value"":0.40232368332613183,""score"":0,""status"":""ok""},""V3_breakout_bar"":{""value"":0.26656487578331267,""score"":0},""V4_base_dryup"":{""value"":0.8730648460872195,""score"":62.693515391278055},""V5_bo_expansion"":{""value"":0.6226111356340075,""score"":0},""_score"":14.17},""readiness"":{""_distance_atr"":3.521,""BR1_atr_distance"":{""score"":0},""BR2_compression"":{""score"":0},""BR3_retest"":{""score"":50.0},""BR4_bo_age"":{""score"":50.0},""_score"":17.5},""risk"":{""R1_stop_clarity"":{""score"":15.470763536407901},""R2_stop_distance_pct"":{""value"":2.4840604448014476,""score"":100.0},""R3_stop_distance_atr"":{""value"":0.7069821873256494,""score"":60.34910936628247},""R4_rr_potential"":{""value"":14.387900835354348,""score"":100.0},""_score"":64.47},""market"":{""M1_spy_regime"":{""score"":100.0},""M3_earnings_risk"":{""value"":null,""score"":80.0},""M4_vix"":{""value"":null,""score"":60.0},""_score"":84.0},""liquidity"":{""L1_price"":{""value"":59.757,""score"":100.0},""L2_dollar_vol"":{""value"":12259566.849,""score"":54.423756305154484},""L3_spread_proxy"":{""value"":0.030622353866492664,""score"":69.37764613350734},""L4_volume_zscore"":{""value"":-1.1471782606053107,""score"":100.0},""_score"":78.71},""pattern_structure"":{""left_rim"":65.19,""left_rim_idx"":98,""cup_bottom"":51.2255,""cup_bottom_idx"":129,""right_rim"":67.1499,""right_rim_idx"":173,""handle_low"":59.16,""handle_bars"":6,""cup_bars"":75,""structural_low"":59.16,""current_price"":59.757,""neckline_distance_pct"":0.12371605000251025,""base_bars"":81},""pattern_geometry_features"":{""cup_depth_pct"":0.2142123025003835,""rim_symmetry_pct"":0.030064427059365007,""handle_depth_pct"":0.11898602976326109,""handle_to_cup_ratio"":0.08,""cup_duration_bars"":75.0,""atr_pct"":0.03513611077243792,""u_shape_score"":0.41333333333333333},""_schema_version"":""1.0""}",,,,,,,,,,
20260610T172453Z-e22c49,2026-06-10T17:24:53.606196+00:00,V,vcp,absent,47.65,52.3,41.8,42.3,67.0,21.8,17.5,45.0,84.0,97.9,7.85,10.44,5.08,8.04,2.83,1.23,2.25,5.04,4.9,True,risk_unclear,320.6,331.67,304.365,335.36,"{""trend"":{""T1_ema_stack"":{""value"":[false,true,false],""score"":33.33333333333333},""T2_ema50_slope"":{""value"":0.06686992879898412,""score"":61.14498813316402},""T3_high_proximity"":{""value"":0.9574150391208266,""score"":78.70751956041327},""T4_rs_1m"":{""value"":0.002797441610605911,""score"":52.79744161060591},""T5_rs_3m"":{""value"":-0.04136947363808274,""score"":29.315263180958627},""T6_adr_healthy"":{""value"":1.975070360534529,""score"":100.0},""_score"":52.33},""geometry"":{""sub_contraction_count"":100.0,""sub_reduction_rate"":0,""sub_pivot_tightness"":45.1,""sub_volume_dryup"":0.0,""sub_base_depth"":0.0,""sub_base_duration"":100.0,""_score"":41.77},""compression"":{""VC1_atr_ratio"":{""value"":0.6537955159466202,""score"":86.55112101334494},""VC2_range_contraction"":{""value"":1.3480632017515586,""score"":0},""VC3_range_pct_rank"":{""score"":30.833333333333336},""_score"":42.33},""sr_quality"":{""SR1_touches"":{""value"":6,""score"":100},""SR2_tightness"":{""value"":1.4783709127128815,""score"":58.72551681768395},""SR3_recency"":{""value"":293,""score"":0.0},""SR4_price_location"":{""score"":52.61509552145347},""SR5_reaction"":{""value"":2.037381407012628,""score"":100},""_score"":66.96,""_levels_found"":8,""_target_level"":323.1217},""volume"":{""V1_rvol_day"":{""value"":0.3205964813616775,""score"":0},""V2_rvol_sameslot"":{""value"":0.8993092644737429,""score"":26.62061763158286,""status"":""ok""},""V3_breakout_bar"":{""value"":0.7715049595644315,""score"":18.10033063762877},""V4_base_dryup"":{""value"":0.9028820600098917,""score"":59.71179399901083},""V5_bo_expansion"":{""value"":0.3205964813616775,""score"":0},""_score"":21.79},""readiness"":{""_distance_atr"":1.545,""BR1_atr_distance"":{""score"":0},""BR2_compression"":{""score"":0},""BR3_retest"":{""score"":50.0},""BR4_bo_age"":{""score"":50.0},""_score"":17.5},""risk"":{""R1_stop_clarity"":{""score"":0},""R2_stop_distance_pct"":{""value"":5.063942607610734,""score"":100.0},""R3_stop_distance_atr"":{""value"":2.2663163510003455,""score"":100.0},""R4_rr_potential"":{""value"":0.9091469048352312,""score"":0.0},""_score"":45.0},""market"":{""M1_spy_regime"":{""score"":100.0},""M3_earnings_risk"":{""value"":null,""score"":80.0},""M4_vix"":{""value"":null,""score"":60.0},""_score"":84.0},""liquidity"":{""L1_price"":{""value"":320.6,""score"":100.0},""L2_dollar_vol"":{""value"":801656276.4494817,""score"":100.0},""L3_spread_proxy"":{""value"":0.020946974422956937,""score"":79.05302557704306},""L4_volume_zscore"":{""value"":-1.9731667824423578,""score"":100.0},""_score"":97.91},""pattern_structure"":{""n_contractions"":5,""contractions_pct"":[5.01,2.81,4.68,7.55,6.84],""descending_strict"":false,""final_low"":309.0,""final_pivot"":331.67,""structural_low"":309.0,""dry_up_ratio"":0.9999503974692948,""current_price"":320.6,""neckline_distance_pct"":0.03452900810979411,""base_bars"":54},""pattern_geometry_features"":{""contraction_count"":5.0,""first_contraction_pct"":0.05007451469506543,""last_contraction_pct"":0.06835107184852418,""dry_up_ratio"":0.9999503974692948,""near_monotone"":0.0,""base_depth_pct"":0.011800825098340201},""_schema_version"":""1.0""}",,,,,,,,,,
20260610T172453Z-e22c49,2026-06-10T17:24:53.606196+00:00,BILI,double_bottom,forming,47.52,5.0,68.7,50.8,32.1,38.0,34.8,64.1,84.0,88.6,0.75,17.16,4.06,4.5,4.95,2.78,3.84,5.04,4.43,False,,18.475,19.19,16.9617,21.16,"{""trend"":{""T1_ema_stack"":{""value"":[false,false,false],""score"":0.0},""T2_ema50_slope"":{""value"":-0.9052141271805292,""score"":0},""T3_high_proximity"":{""value"":0.6903961136023916,""score"":0},""T4_rs_1m"":{""value"":-0.1504064079907157,""score"":0},""T5_rs_3m"":{""value"":-0.3551022472752744,""score"":0},""T6_adr_healthy"":{""value"":3.8871030989524957,""score"":100.0},""_score"":5.0},""geometry"":{""sub_low_similarity"":96.5,""sub_bounce_quality"":100,""sub_separation_fit"":0.0,""sub_right_bottom_reaction"":91.3,""sub_base_context"":30.0,""_score"":68.65},""compression"":{""VC1_atr_ratio"":{""value"":0.6179580330163497,""score"":95.51049174591259},""VC2_range_contraction"":{""value"":0.9171137822732763,""score"":13.814369621120612},""VC3_range_pct_rank"":{""score"":30.833333333333336},""_score"":50.75},""sr_quality"":{""SR1_touches"":{""value"":2,""score"":25.0},""SR2_tightness"":{""value"":0.14499999999999957,""score"":64.3076923076924},""SR3_recency"":{""value"":290,""score"":0.0},""SR4_price_location"":{""score"":0},""SR5_reaction"":{""value"":3.818461538461535,""score"":100},""_score"":32.15,""_levels_found"":3,""_target_level"":24.315},""volume"":{""V1_rvol_day"":{""value"":0.4603880738920608,""score"":0},""V2_rvol_sameslot"":{""value"":1.2818014423279342,""score"":52.12009615519562,""status"":""ok""},""V3_breakout_bar"":{""value"":2.0813230110612437,""score"":100},""V4_base_dryup"":{""value"":1.3688048061996692,""score"":13.119519380033083},""V5_bo_expansion"":{""value"":0.4603880738920608,""score"":0},""_score"":38.05},""readiness"":{""_distance_atr"":0.88,""BR1_atr_distance"":{""score"":41.33333333333334},""BR2_compression"":{""score"":3.115768491026942},""BR3_retest"":{""score"":50.0},""BR4_bo_age"":{""score"":50.0},""_score"":34.81},""risk"":{""R1_stop_clarity"":{""score"":36.41846153846105},""R2_stop_distance_pct"":{""value"":8.191069012178644,""score"":95.22327469553389},""R3_stop_distance_atr"":{""value"":1.8625230769230825,""score"":100.0},""R4_rr_potential"":{""value"":1.7742681556862447,""score"":38.71340778431224},""_score"":64.06},""market"":{""M1_spy_regime"":{""score"":100.0},""M3_earnings_risk"":{""value"":null,""score"":80.0},""M4_vix"":{""value"":null,""score"":60.0},""_score"":84.0},""liquidity"":{""L1_price"":{""value"":18.475,""score"":100.0},""L2_dollar_vol"":{""value"":39304836.249967,""score"":79.72229956387267},""L3_spread_proxy"":{""value"":0.03274695534506091,""score"":67.25304465493909},""L4_volume_zscore"":{""value"":-0.894862473326172,""score"":100.0},""_score"":88.61},""pattern_structure"":{""left_low"":17.22,""left_idx"":29,""right_low"":17.25,""right_idx"":74,""separation_bars"":45,""structural_low"":17.22,""current_price"":18.53,""neckline_distance_pct"":0.03561791689152726,""base_bars"":45},""pattern_geometry_features"":{""low_similarity_pct"":0.001740644038294235,""bounce_pct"":0.11440185830429747,""right_bottom_reaction"":0.912608695652177,""atr_pct"":0.04397834912043302},""_schema_version"":""1.0""}",,,,,,,,,,
20260610T172453Z-e22c49,2026-06-10T17:24:53.606196+00:00,MA,vcp,absent,47.5,29.7,48.1,39.6,80.7,13.9,26.4,60.4,84.0,97.5,4.45,12.02,4.75,9.69,1.8,1.85,3.02,5.04,4.87,True,risk_unclear,487.33,500.11,457.5522,563.055,"{""trend"":{""T1_ema_stack"":{""value"":[false,false,false],""score"":0.0},""T2_ema50_slope"":{""value"":-0.09771253938045477,""score"":33.71457676992421},""T3_high_proximity"":{""value"":0.9278411362641128,""score"":63.920568132056374},""T4_rs_1m"":{""value"":-0.008188689128476145,""score"":41.81131087152386},""T5_rs_3m"":{""value"":-0.11211965037026383,""score"":0},""T6_adr_healthy"":{""value"":2.0730252420301936,""score"":100.0},""_score"":29.69},""geometry"":{""sub_contraction_count"":100.0,""sub_reduction_rate"":0,""sub_pivot_tightness"":41.1,""sub_volume_dryup"":0,""sub_base_depth"":69.3,""sub_base_duration"":100.0,""_score"":48.09},""compression"":{""VC1_atr_ratio"":{""value"":0.6583790357627161,""score"":85.40524105932099},""VC2_range_contraction"":{""value"":1.0859901776485656,""score"":0},""VC3_range_pct_rank"":{""score"":21.666666666666668},""_score"":39.58},""sr_quality"":{""SR1_touches"":{""value"":5,""score"":100},""SR2_tightness"":{""value"":1.1411502968496325,""score"":79.16587879892276},""SR3_recency"":{""value"":238,""score"":0.0},""SR4_price_location"":{""score"":95.3608650746455},""SR5_reaction"":{""value"":2.0364907723284604,""score"":100},""_score"":80.72,""_levels_found"":7,""_target_level"":489.024},""volume"":{""V1_rvol_day"":{""value"":0.37998145900342134,""score"":0},""V2_rvol_sameslot"":{""value"":0.8325136224828179,""score"":22.16757483218786,""status"":""ok""},""V3_breakout_bar"":{""value"":0.6853823311437472,""score"":12.358822076249815},""V4_base_dryup"":{""value"":1.1830201781317013,""score"":31.69798218682986},""V5_bo_expansion"":{""value"":0.37998145900342134,""score"":0},""_score"":13.86},""readiness"":{""_distance_atr"":1.167,""BR1_atr_distance"":{""score"":22.224656505273543},""BR2_compression"":{""score"":0},""BR3_retest"":{""score"":50.0},""BR4_bo_age"":{""score"":50.0},""_score"":26.39},""risk"":{""R1_stop_clarity"":{""score"":0},""R2_stop_distance_pct"":{""value"":6.110397471938935,""score"":100.0},""R3_stop_distance_atr"":{""value"":2.7182847693864565,""score"":100.0},""R4_rr_potential"":{""value"":2.543001833580723,""score"":77.15009167903615},""_score"":60.43},""market"":{""M1_spy_regime"":{""score"":100.0},""M3_earnings_risk"":{""value"":null,""score"":80.0},""M4_vix"":{""value"":null,""score"":60.0},""_score"":84.0},""liquidity"":{""L1_price"":{""value"":487.33,""score"":100.0},""L2_dollar_vol"":{""value"":649622449.0134084,""score"":100.0},""L3_spread_proxy"":{""value"":0.025239570722097985,""score"":74.76042927790202},""L4_volume_zscore"":{""value"":-1.8974052341978882,""score"":100.0},""_score"":97.48},""pattern_structure"":{""n_contractions"":5,""contractions_pct"":[6.04,8.33,3.61,4.45,7.12],""descending_strict"":false,""final_low"":464.52,""final_pivot"":500.11,""structural_low"":464.52,""dry_up_ratio"":1.076183305185011,""current_price"":487.33,""neckline_distance_pct"":0.026224529579545748,""base_bars"":32},""pattern_geometry_features"":{""contraction_count"":5.0,""first_contraction_pct"":0.06035471547875221,""last_contraction_pct"":0.0711643438443543,""dry_up_ratio"":1.076183305185011,""near_monotone"":0.0,""base_depth_pct"":0.11933493217559468},""_schema_version"":""1.0""}",,,,,,,,,,
20260610T172453Z-e22c49,2026-06-10T17:24:53.606196+00:00,WK,vcp,forming,47.41,25.1,55.2,50.1,64.1,10.7,25.7,80.2,84.0,78.0,3.77,13.8,6.01,7.69,1.39,1.8,4.01,5.04,3.9,False,,49.485,52.5,45.4873,71.77,"{""trend"":{""T1_ema_stack"":{""value"":[false,false,false],""score"":0.0},""T2_ema50_slope"":{""value"":-0.45182877140110694,""score"":0},""T3_high_proximity"":{""value"":0.8013765182186234,""score"":0.6882591093116952},""T4_rs_1m"":{""value"":0.07889109386692916,""score"":100},""T5_rs_3m"":{""value"":-0.28359336140533964,""score"":0},""T6_adr_healthy"":{""value"":5.0957581485398284,""score"":100.0},""_score"":25.1},""geometry"":{""sub_contraction_count"":100.0,""sub_reduction_rate"":0,""sub_pivot_tightness"":0,""sub_volume_dryup"":68.1,""sub_base_depth"":100.0,""sub_base_duration"":100.0,""_score"":55.21},""compression"":{""VC1_atr_ratio"":{""value"":0.5171282595700056,""score"":100},""VC2_range_contraction"":{""value"":0.9560107045058883,""score"":7.331549249018614},""VC3_range_pct_rank"":{""score"":30.000000000000004},""_score"":50.07},""sr_quality"":{""SR1_touches"":{""value"":4,""score"":75.0},""SR2_tightness"":{""value"":0.5502769189235556,""score"":56.416791655867215},""SR3_recency"":{""value"":240,""score"":0.0},""SR4_price_location"":{""score"":72.63064846899088},""SR5_reaction"":{""value"":2.243900714235201,""score"":100},""_score"":64.12,""_levels_found"":2,""_target_level"":51.7888},""volume"":{""V1_rvol_day"":{""value"":0.28472915483349825,""score"":0},""V2_rvol_sameslot"":{""value"":0.47086102256533124,""score"":0,""status"":""ok""},""V3_breakout_bar"":{""value"":0.6233460272168079,""score"":8.223068481120526},""V4_base_dryup"":{""value"":1.0688317164663046,""score"":43.11682835336954},""V5_bo_expansion"":{""value"":0.2847291548334983,""score"":0},""_score"":10.68},""readiness"":{""_distance_atr"":1.194,""BR1_atr_distance"":{""score"":20.401668906018017},""BR2_compression"":{""score"":0},""BR3_retest"":{""score"":50.0},""BR4_bo_age"":{""score"":50.0},""_score"":25.66},""risk"":{""R1_stop_clarity"":{""score"":45.136553284774635},""R2_stop_distance_pct"":{""value"":8.078609679700923,""score"":98.03475800747692},""R3_stop_distance_atr"":{""value"":1.5831355632557806,""score"":100.0},""R4_rr_potential"":{""value"":5.574455311804288,""score"":100.0},""_score"":80.21},""market"":{""M1_spy_regime"":{""score"":100.0},""M3_earnings_risk"":{""value"":null,""score"":80.0},""M4_vix"":{""value"":null,""score"":60.0},""_score"":84.0},""liquidity"":{""L1_price"":{""value"":49.485,""score"":100.0},""L2_dollar_vol"":{""value"":14350284.670208056,""score"":57.84302581821925},""L3_spread_proxy"":{""value"":0.05102556330201083,""score"":48.97443669798917},""L4_volume_zscore"":{""value"":-1.5956108918608043,""score"":100.0},""_score"":78.03},""pattern_structure"":{""n_contractions"":5,""contractions_pct"":[7.85,10.24,13.63,23.98,12.04],""descending_strict"":false,""final_low"":46.18,""final_pivot"":52.5,""structural_low"":46.18,""dry_up_ratio"":0.659342093680113,""current_price"":49.485,""neckline_distance_pct"":0.0609275538041831,""base_bars"":57},""pattern_geometry_features"":{""contraction_count"":5.0,""first_contraction_pct"":0.07853323147440795,""last_contraction_pct"":0.12038095238095238,""dry_up_ratio"":0.659342093680113,""near_monotone"":0.0,""base_depth_pct"":0.2944232238349886},""_schema_version"":""1.0""}",,,,,,,,,,
20260610T172453Z-e22c49,2026-06-10T17:24:53.606196+00:00,AXON,vcp,breakout_confirmed,47.39,61.4,50.8,39.0,48.6,9.5,29.5,37.6,84.0,94.6,9.2,12.71,4.69,5.83,1.24,2.06,1.88,5.04,4.73,False,,459.63,414.5,368.39,556.93,"{""trend"":{""T1_ema_stack"":{""value"":[true,true,false],""score"":66.66666666666666},""T2_ema50_slope"":{""value"":0.07576568295769909,""score"":62.62761382628318},""T3_high_proximity"":{""value"":0.8956157443491816,""score"":47.80787217459076},""T4_rs_1m"":{""value"":0.1783721918246517,""score"":100},""T5_rs_3m"":{""value"":-0.19099046371933626,""score"":0},""T6_adr_healthy"":{""value"":6.245785542828628,""score"":100.0},""_score"":61.36},""geometry"":{""sub_contraction_count"":100.0,""sub_reduction_rate"":21.1,""sub_pivot_tightness"":3.3,""sub_volume_dryup"":0.5,""sub_base_depth"":100.0,""sub_base_duration"":100.0,""_score"":50.84},""compression"":{""VC1_atr_ratio"":{""value"":0.6990347595067148,""score"":75.2413101233213},""VC2_range_contraction"":{""value"":1.2376622553773557,""score"":0},""VC3_range_pct_rank"":{""score"":35.83333333333333},""_score"":39.05},""sr_quality"":{""SR1_touches"":{""value"":2,""score"":25.0},""SR2_tightness"":{""value"":0.3149999999999977,""score"":97.90457003297571},""SR3_recency"":{""value"":229,""score"":0.0},""SR4_price_location"":{""score"":45.731079136177165},""SR5_reaction"":{""value"":2.272543690427542,""score"":100},""_score"":48.62,""_levels_found"":4,""_target_level"":516.115},""volume"":{""V1_rvol_day"":{""value"":0.27979291794459593,""score"":0},""V2_rvol_sameslot"":{""value"":0.5418891440304315,""score"":2.7926096020287687,""status"":""ok""},""V3_breakout_bar"":{""value"":0.6028748653307217,""score"":6.858324355381444},""V4_base_dryup"":{""value"":1.1370687738148335,""score"":36.29312261851665},""V5_bo_expansion"":{""value"":0.279792917944596,""score"":0},""_score"":9.53},""readiness"":{""_distance_atr"":-1.501,""BR1_atr_distance"":{""score"":29.97880812323599},""BR2_compression"":{""score"":0},""BR3_retest"":{""score"":50.0},""BR4_bo_age"":{""score"":50.0},""_score"":29.49},""risk"":{""R1_stop_clarity"":{""score"":62.68139011109095},""R2_stop_distance_pct"":{""value"":19.850749515914977,""score"":0.0},""R3_stop_distance_atr"":{""value"":3.0347147649412243,""score"":100.0},""R4_rr_potential"":{""value"":1.0664182376150806,""score"":3.3209118807540294},""_score"":37.6},""market"":{""M1_spy_regime"":{""score"":100.0},""M3_earnings_risk"":{""value"":null,""score"":80.0},""M4_vix"":{""value"":null,""score"":60.0},""_score"":84.0},""liquidity"":{""L1_price"":{""value"":459.63,""score"":100.0},""L2_dollar_vol"":{""value"":150072617.7786592,""score"":100.0},""L3_spread_proxy"":{""value"":0.05441093923373144,""score"":45.58906076626856},""L4_volume_zscore"":{""value"":-2.605510431147752,""score"":100.0},""_score"":94.56},""pattern_structure"":{""n_contractions"":5,""contractions_pct"":[34.36,9.11,10.76,16.62,9.77],""descending_strict"":false,""final_low"":374.0,""final_pivot"":414.5,""structural_low"":374.0,""dry_up_ratio"":0.9975691230725966,""current_price"":459.63,""neckline_distance_pct"":-0.09818767269325326,""base_bars"":48},""pattern_geometry_features"":{""contraction_count"":5.0,""first_contraction_pct"":0.3435509168715992,""last_contraction_pct"":0.097708082026538,""dry_up_ratio"":0.9975691230725966,""near_monotone"":0.0,""base_depth_pct"":0.2757973006990298},""_schema_version"":""1.0""}",,,,,,,,,,
20260610T172453Z-e22c49,2026-06-10T17:24:53.606196+00:00,EPRT,ascending_triangle,setup,47.35,40.4,46.8,34.4,65.2,18.8,37.4,45.0,84.0,84.2,6.06,13.11,2.75,9.13,2.26,2.99,1.8,5.04,4.21,True,risk_unclear,31.07,30.76,29.0181,32.06,"{""trend"":{""T1_ema_stack"":{""value"":[true,false,false],""score"":33.33333333333333},""T2_ema50_slope"":{""value"":-0.09888975632726645,""score"":33.51837394545559},""T3_high_proximity"":{""value"":0.9274626865671642,""score"":63.7313432835821},""T4_rs_1m"":{""value"":0.003932100087780777,""score"":53.932100087780775},""T5_rs_3m"":{""value"":-0.13866895088142872,""score"":0},""T6_adr_healthy"":{""value"":1.7822847248003906,""score"":100.0},""_score"":40.38},""geometry"":{""sub_flat_top_quality"":100,""sub_hl_slope"":6.1,""sub_compression"":0,""sub_duration"":100.0,""_score"":46.83},""compression"":{""VC1_atr_ratio"":{""value"":0.701956988151645,""score"":74.51075296208876},""VC2_range_contraction"":{""value"":1.3882787317932284,""score"":0},""VC3_range_pct_rank"":{""score"":18.333333333333336},""_score"":34.39},""sr_quality"":{""SR1_touches"":{""value"":3,""score"":50.0},""SR2_tightness"":{""value"":0.08653836657164805,""score"":71.2871872970003},""SR3_recency"":{""value"":255,""score"":0.0},""SR4_price_location"":{""score"":98.1818181818179},""SR5_reaction"":{""value"":2.455267211754947,""score"":100},""_score"":65.24,""_levels_found"":5,""_target_level"":31.0867},""volume"":{""V1_rvol_day"":{""value"":0.38759835921647523,""score"":0},""V2_rvol_sameslot"":{""value"":0.9284214262838921,""score"":28.561428418926145,""status"":""ok""},""V3_breakout_bar"":{""value"":0.39010173023323047,""score"":0},""V4_base_dryup"":{""value"":0.8448229492023919,""score"":65.51770507976082},""V5_bo_expansion"":{""value"":0.38759835921647523,""score"":0},""_score"":18.82},""readiness"":{""_distance_atr"":-0.514,""BR1_atr_distance"":{""score"":49.71442113994554},""BR2_compression"":{""score"":0},""BR3_retest"":{""score"":50.0},""BR4_bo_age"":{""score"":50.0},""_score"":37.39},""risk"":{""R1_stop_clarity"":{""score"":0},""R2_stop_distance_pct"":{""value"":6.604119729642742,""score"":100.0},""R3_stop_distance_atr"":{""value"":3.4040289133783603,""score"":100.0},""R4_rr_potential"":{""value"":0.4824796530045334,""score"":0.0},""_score"":45.0},""market"":{""M1_spy_regime"":{""score"":100.0},""M3_earnings_risk"":{""value"":null,""score"":80.0},""M4_vix"":{""value"":null,""score"":60.0},""_score"":84.0},""liquidity"":{""L1_price"":{""value"":31.07,""score"":100.0},""L2_dollar_vol"":{""value"":21284361.67495742,""score"":66.40303150366908},""L3_spread_proxy"":{""value"":0.02381718699710338,""score"":76.18281300289662},""L4_volume_zscore"":{""value"":-1.5314547741918192,""score"":100.0},""_score"":84.18},""pattern_structure"":{""top"":30.76,""top_touches"":5,""low_slope_per_bar"":0.005400724866057196,""lowest_low"":29.46,""structural_low"":29.46,""current_price"":31.035,""neckline_distance_pct"":-0.00886096342838726,""base_bars"":41},""pattern_geometry_features"":{""top_touches"":5.0,""low_slope"":0.005400724866057196,""compression"":-0.3303903713674876,""atr_pct"":0.019400891995034263},""_schema_version"":""1.0""}",,,,,,,,,,
20260610T172453Z-e22c49,2026-06-10T17:24:53.606196+00:00,AXTI,vcp,invalidated,47.34,51.7,41.3,54.6,53.6,27.0,17.5,40.4,84.0,90.0,7.75,10.32,6.55,6.43,3.5,1.23,2.02,5.04,4.5,False,,87.05,143.16,91.8325,96.959,"{""trend"":{""T1_ema_stack"":{""value"":[false,true,true],""score"":66.66666666666666},""T2_ema50_slope"":{""value"":1.2201507927440869,""score"":100},""T3_high_proximity"":{""value"":0.6181211389618688,""score"":0},""T4_rs_1m"":{""value"":-0.2952200986088438,""score"":0},""T5_rs_3m"":{""value"":0.7590047329416194,""score"":100},""T6_adr_healthy"":{""value"":14.681915464898388,""score"":0.0},""_score"":51.67},""geometry"":{""sub_contraction_count"":100.0,""sub_reduction_rate"":0,""sub_pivot_tightness"":0,""sub_volume_dryup"":41.9,""sub_base_depth"":0.0,""sub_base_duration"":100.0,""_score"":41.28},""compression"":{""VC1_atr_ratio"":{""value"":0.5322653373553166,""score"":100},""VC2_range_contraction"":{""value"":1.0758584566354308,""score"":0},""VC3_range_pct_rank"":{""score"":58.33333333333333},""_score"":54.58},""sr_quality"":{""SR1_touches"":{""value"":2,""score"":25.0},""SR2_tightness"":{""value"":1.5655000000000001,""score"":80.49234206269206},""SR3_recency"":{""value"":232,""score"":0.0},""SR4_price_location"":{""score"":84.68415105797325},""SR5_reaction"":{""value"":1.714910670378258,""score"":85.7455335189129},""_score"":53.61,""_levels_found"":5,""_target_level"":91.6655},""volume"":{""V1_rvol_day"":{""value"":0.6716824505695094,""score"":11.445496704633957},""V2_rvol_sameslot"":{""value"":0.9716822641923212,""score"":31.445484279488078,""status"":""ok""},""V3_breakout_bar"":{""value"":0.6009501601460372,""score"":6.73001067640248},""V4_base_dryup"":{""value"":0.6649672227847964,""score"":83.50327772152036},""V5_bo_expansion"":{""value"":0.6716824505695096,""score"":0},""_score"":26.96},""readiness"":{""_distance_atr"":3.496,""BR1_atr_distance"":{""score"":0},""BR2_compression"":{""score"":0},""BR3_retest"":{""score"":50.0},""BR4_bo_age"":{""score"":50.0},""_score"":17.5},""risk"":{""R1_stop_clarity"":{""score"":82.57376118984517},""R2_stop_distance_pct"":{""value"":-5.494009190120615,""score"":0.0},""R3_stop_distance_atr"":{""value"":-0.2979752694129766,""score"":10.101236529351176},""R4_rr_potential"":{""value"":null,""score"":50.0},""_score"":40.42},""market"":{""M1_spy_regime"":{""score"":100.0},""M3_earnings_risk"":{""value"":null,""score"":80.0},""M4_vix"":{""value"":null,""score"":60.0},""_score"":84.0},""liquidity"":{""L1_price"":{""value"":87.05,""score"":100.0},""L2_dollar_vol"":{""value"":503109336.24942917,""score"":100.0},""L3_spread_proxy"":{""value"":0.12199885123492252,""score"":0},""L4_volume_zscore"":{""value"":-1.37796892097961,""score"":100.0},""_score"":90.0},""pattern_structure"":{""n_contractions"":5,""contractions_pct"":[32.92,44.47,27.84,23.97,34.88],""descending_strict"":false,""final_low"":93.231,""final_pivot"":143.16,""structural_low"":93.231,""dry_up_ratio"":0.7906477471841273,""current_price"":87.05,""neckline_distance_pct"":0.6445720850086157,""base_bars"":63},""pattern_geometry_features"":{""contraction_count"":5.0,""first_contraction_pct"":0.329151605358282,""last_contraction_pct"":0.3487636211232188,""dry_up_ratio"":0.7906477471841273,""near_monotone"":0.0,""base_depth_pct"":-0.9823729534339781},""_schema_version"":""1.0""}",,,,,,,,,,
20260610T172453Z-e22c49,2026-06-10T17:24:53.606196+00:00,BELFB,bull_flag,absent,47.24,71.9,34.6,45.2,64.8,11.4,33.7,73.0,84.0,87.9,10.07,10.37,4.07,6.48,1.6,3.04,2.19,5.04,4.4,False,,278.09,291.8,256.5186,324.43,"{""trend"":{""T1_ema_stack"":{""value"":[true,true,true],""score"":100.0},""T2_ema50_slope"":{""value"":0.24017178590082822,""score"":90.02863098347137},""T3_high_proximity"":{""value"":0.9186073398738148,""score"":59.30366993690739},""T4_rs_1m"":{""value"":-0.06852914058066917,""score"":0},""T5_rs_3m"":{""value"":0.3053490258577465,""score"":100},""T6_adr_healthy"":{""value"":5.530465129530137,""score"":100.0},""_score"":71.9},""geometry"":{""sub_pole_impulse"":31.9,""sub_flag_tightness"":0,""sub_flag_shallowness"":0,""sub_flag_drift"":100,""sub_flag_duration"":100.0,""_score"":34.57},""compression"":{""VC1_atr_ratio"":{""value"":0.4513187823476967,""score"":100},""VC2_range_contraction"":{""value"":1.0765184236288905,""score"":0},""VC3_range_pct_rank"":{""score"":20.833333333333336},""_score"":45.21},""sr_quality"":{""SR1_touches"":{""value"":4,""score"":75.0},""SR2_tightness"":{""value"":3.502759733677852,""score"":54.463697372499055},""SR3_recency"":{""value"":230,""score"":0.0},""SR4_price_location"":{""score"":80.69435674611232},""SR5_reaction"":{""value"":1.857957885177354,""score"":92.8978942588677},""_score"":64.78,""_levels_found"":7,""_target_level"":282.1488},""volume"":{""V1_rvol_day"":{""value"":0.504178165232314,""score"":0.2785443488209305},""V2_rvol_sameslot"":{""value"":0.4134719633083066,""score"":0,""status"":""ok""},""V3_breakout_bar"":{""value"":0.3313879376287838,""score"":0},""V4_base_dryup"":{""value"":0.9317481379130311,""score"":56.825186208696884},""V5_bo_expansion"":{""value"":0.5041781652323138,""score"":0},""_score"":11.42},""readiness"":{""_distance_atr"":0.891,""BR1_atr_distance"":{""score"":40.589444086940944},""BR2_compression"":{""score"":0},""BR3_retest"":{""score"":50.0},""BR4_bo_age"":{""score"":50.0},""_score"":33.74},""risk"":{""R1_stop_clarity"":{""score"":49.216649812937206},""R2_stop_distance_pct"":{""value"":7.756976158797508,""score"":100.0},""R3_stop_distance_atr"":{""value"":1.4021524951412039,""score"":95.1076247570602},""R4_rr_potential"":{""value"":2.148217255506432,""score"":57.41086277532159},""_score"":72.97},""market"":{""M1_spy_regime"":{""score"":100.0},""M3_earnings_risk"":{""value"":null,""score"":80.0},""M4_vix"":{""value"":null,""score"":60.0},""_score"":84.0},""liquidity"":{""L1_price"":{""value"":278.09,""score"":100.0},""L2_dollar_vol"":{""value"":49681607.38117198,""score"":84.80978192030273},""L3_spread_proxy"":{""value"":0.060232298896040856,""score"":39.76770110395914},""L4_volume_zscore"":{""value"":-0.8624407932620299,""score"":100.0},""_score"":87.9},""pattern_structure"":{""pole_low"":259.17,""pole_low_idx"":44,""peak_price"":291.8,""peak_idx"":51,""pole_gain"":0.125901917660223,""flag_bars"":8,""flag_low"":260.425,""flag_high"":290.29,""structural_low"":260.425,""current_price"":278.17,""neckline_distance_pct"":0.04899881367509075,""base_bars"":8},""pattern_geometry_features"":{""pole_gain"":0.125901917660223,""pullback_pct"":0.10752227553118573,""flag_range_pct"":0.10234749828649763,""flag_drift_per_bar"":0.007533719530879538,""atr_pct"":0.05532191531004865,""pole_atr_multiple"":2.275805473375471},""_schema_version"":""1.0""}",,,,,,,,,,
20260610T172453Z-e22c49,2026-06-10T17:24:53.606196+00:00,COHU,vcp,absent,47.15,95.9,35.4,25.8,38.4,20.3,28.9,46.7,84.0,83.7,14.38,8.85,3.1,4.61,2.64,2.02,2.34,5.04,4.18,False,,54.41,58.47,48.6393,44.05,"{""trend"":{""T1_ema_stack"":{""value"":[true,true,true],""score"":100.0},""T2_ema50_slope"":{""value"":0.6274475886538925,""score"":100},""T3_high_proximity"":{""value"":0.9447820802222607,""score"":72.39104011113035},""T4_rs_1m"":{""value"":0.07390096104317578,""score"":100},""T5_rs_3m"":{""value"":0.820746249248429,""score"":100},""T6_adr_healthy"":{""value"":6.063957128736021,""score"":100.0},""_score"":95.86},""geometry"":{""sub_contraction_count"":100.0,""sub_reduction_rate"":1.6,""sub_pivot_tightness"":0,""sub_volume_dryup"":0,""sub_base_depth"":0.0,""sub_base_duration"":100.0,""_score"":35.4},""compression"":{""VC1_atr_ratio"":{""value"":0.7752976918584054,""score"":56.17557703539866},""VC2_range_contraction"":{""value"":1.2290632062331648,""score"":0},""VC3_range_pct_rank"":{""score"":13.33333333333333},""_score"":25.8},""sr_quality"":{""SR1_touches"":{""value"":2,""score"":25.0},""SR2_tightness"":{""value"":0.8100500000000004,""score"":57.13178704809712},""SR3_recency"":{""value"":228,""score"":0.0},""SR4_price_location"":{""score"":30.0},""SR5_reaction"":{""value"":1.9765524592890498,""score"":98.82762296445249},""_score"":38.39,""_levels_found"":5,""_target_level"":50.19},""volume"":{""V1_rvol_day"":{""value"":0.38030024752616504,""score"":0},""V2_rvol_sameslot"":{""value"":1.0785821142735312,""score"":38.57214095156875,""status"":""ok""},""V3_breakout_bar"":{""value"":0.694435185726914,""score"":12.962345715127599},""V4_base_dryup"":{""value"":1.0324450752689553,""score"":46.75549247310447},""V5_bo_expansion"":{""value"":0.38030024752616504,""score"":0},""_score"":20.31},""readiness"":{""_distance_atr"":1.074,""BR1_atr_distance"":{""score"":28.38098694124818},""BR2_compression"":{""score"":0},""BR3_retest"":{""score"":50.0},""BR4_bo_age"":{""score"":50.0},""_score"":28.85},""risk"":{""R1_stop_clarity"":{""score"":60.80182046358297},""R2_stop_distance_pct"":{""value"":10.605954787722842,""score"":34.851130306928944},""R3_stop_distance_atr"":{""value"":1.5269402906088867,""score"":100.0},""R4_rr_potential"":{""value"":-1.795276136343945,""score"":0.0},""_score"":46.74},""market"":{""M1_spy_regime"":{""score"":100.0},""M3_earnings_risk"":{""value"":null,""score"":80.0},""M4_vix"":{""value"":null,""score"":60.0},""_score"":84.0},""liquidity"":{""L1_price"":{""value"":54.41,""score"":100.0},""L2_dollar_vol"":{""value"":32950059.53173406,""score"":75.89281017909664},""L3_spread_proxy"":{""value"":0.06708141885682783,""score"":32.91858114317216},""L4_volume_zscore"":{""value"":-1.0765534228920322,""score"":100.0},""_score"":83.65},""pattern_structure"":{""n_contractions"":5,""contractions_pct"":[19.19,16.55,13.42,20.75,15.55],""descending_strict"":false,""final_low"":49.38,""final_pivot"":58.47,""structural_low"":49.38,""dry_up_ratio"":1.153192268678695,""current_price"":54.41,""neckline_distance_pct"":0.07461863628009562,""base_bars"":78},""pattern_geometry_features"":{""contraction_count"":5.0,""first_contraction_pct"":0.19193363844393593,""last_contraction_pct"":0.155464340687532,""dry_up_ratio"":1.153192268678695,""near_monotone"":0.0,""base_depth_pct"":-0.4124713958810069},""_schema_version"":""1.0""}",,,,,,,,,,
20260610T172453Z-e22c49,2026-06-10T17:24:53.606196+00:00,CTRE,base_on_base,absent,47.12,31.8,50.0,48.1,56.8,23.3,25.8,64.5,84.0,89.0,5.73,12.49,4.81,5.68,2.8,2.07,3.23,5.88,4.45,True,risk_unclear,37.74,42.0,35.1152,45.485,"{""trend"":{""T1_ema_stack"":{""value"":[false,false,true],""score"":33.33333333333333},""T2_ema50_slope"":{""value"":0.053355344819667874,""score"":58.89255746994465},""T3_high_proximity"":{""value"":0.8892554194156457,""score"":44.62770970782282},""T4_rs_1m"":{""value"":-0.05643364444955168,""score"":0},""T5_rs_3m"":{""value"":-0.1303263048269182,""score"":0},""T6_adr_healthy"":{""value"":2.488241006631535,""score"":100.0},""_score"":31.81},""geometry"":{""sub_shallower_second"":0,""sub_second_base_depth"":100.0,""sub_rim_advance"":98.8,""sub_dry_up"":0,""sub_second_base_duration"":68.0,""_score"":49.96},""compression"":{""VC1_atr_ratio"":{""value"":0.6898546854485171,""score"":77.53632863787071},""VC2_range_contraction"":{""value"":1.4847669937340717,""score"":0},""VC3_range_pct_rank"":{""score"":68.33333333333333},""_score"":48.1},""sr_quality"":{""SR1_touches"":{""value"":4,""score"":75.0},""SR2_tightness"":{""value"":0.2602492795379078,""score"":50.879812422909175},""SR3_recency"":{""value"":265,""score"":0.0},""SR4_price_location"":{""score"":59.330143540670036},""SR5_reaction"":{""value"":1.5712841253791732,""score"":78.56420626895866},""_score"":56.75,""_levels_found"":6,""_target_level"":38.2713},""volume"":{""V1_rvol_day"":{""value"":0.36379239787867823,""score"":0},""V2_rvol_sameslot"":{""value"":1.5336466374188502,""score"":68.90977582792334,""status"":""ok""},""V3_breakout_bar"":{""value"":0.7643311223889785,""score"":17.6220748259319},""V4_base_dryup"":{""value"":1.2443793623696355,""score"":25.56206376303645},""V5_bo_expansion"":{""value"":0.3637923978786783,""score"":0},""_score"":23.3},""readiness"":{""_distance_atr"":4.02,""BR1_atr_distance"":{""score"":0},""BR2_compression"":{""score"":33.277863304663406},""BR3_retest"":{""score"":50.0},""BR4_bo_age"":{""score"":50.0},""_score"":25.82},""risk"":{""R1_stop_clarity"":{""score"":0},""R2_stop_distance_pct"":{""value"":6.954822469528367,""score"":100.0},""R3_stop_distance_atr"":{""value"":2.477013818672067,""score"":100.0},""R4_rr_potential"":{""value"":2.950757214972847,""score"":97.53786074864234},""_score"":64.51},""market"":{""M1_spy_regime"":{""score"":100.0},""M3_earnings_risk"":{""value"":null,""score"":80.0},""M4_vix"":{""value"":null,""score"":60.0},""_score"":84.0},""liquidity"":{""L1_price"":{""value"":37.74,""score"":100.0},""L2_dollar_vol"":{""value"":34521601.61507826,""score"":76.90454682095202},""L3_spread_proxy"":{""value"":0.017488076311605632,""score"":82.51192368839438},""L4_volume_zscore"":{""value"":-0.9281688666608934,""score"":100.0},""_score"":89.01},""pattern_structure"":{""first_base_low"":34.74,""first_base_top"":38.225,""first_base_bars"":41,""second_base_low"":35.65,""second_base_top"":42.0,""second_base_bars"":68,""structural_low"":35.65,""stacking_overlap_pct"":0.06736429038587319,""current_price"":37.74,""neckline_distance_pct"":0.1128775834658187,""base_bars"":68},""pattern_geometry_features"":{""first_base_depth_pct"":0.09117069980379332,""second_base_depth_pct"":0.15119047619047624,""second_dry_up_ratio"":1.5117836669837346,""rim_advance_pct"":0.09875735775016346,""atr_pct"":0.028077447195094227},""_schema_version"":""1.0""}",,,,,,,,,,
20260610T172453Z-e22c49,2026-06-10T17:24:53.606196+00:00,MOD,vcp,absent,47.1,59.8,36.0,42.3,54.2,33.3,21.4,42.4,84.0,91.0,8.97,9.01,5.07,6.51,4.33,1.5,2.12,5.04,4.55,False,,258.25,294.055,228.8254,273.6299,"{""trend"":{""T1_ema_stack"":{""value"":[false,true,true],""score"":66.66666666666666},""T2_ema50_slope"":{""value"":0.44933440448914297,""score"":100},""T3_high_proximity"":{""value"":0.8415067287953338,""score"":20.753364397666896},""T4_rs_1m"":{""value"":-0.08035979506122559,""score"":0},""T5_rs_3m"":{""value"":0.20815108115084158,""score"":100},""T6_adr_healthy"":{""value"":7.802600696781227,""score"":100.0},""_score"":59.78},""geometry"":{""sub_contraction_count"":100.0,""sub_reduction_rate"":0,""sub_pivot_tightness"":0,""sub_volume_dryup"":7.0,""sub_base_depth"":0.0,""sub_base_duration"":100.0,""_score"":36.05},""compression"":{""VC1_atr_ratio"":{""value"":0.536100365173393,""score"":100},""VC2_range_contraction"":{""value"":1.08562010025362,""score"":0},""VC3_range_pct_rank"":{""score"":9.166666666666668},""_score"":42.29},""sr_quality"":{""SR1_touches"":{""value"":2,""score"":25.0},""SR2_tightness"":{""value"":0.35354999999998427,""score"":97.3241841916196},""SR3_recency"":{""value"":258,""score"":0.0},""SR4_price_location"":{""score"":94.63026428569283},""SR5_reaction"":{""value"":1.1313448384168807,""score"":56.56724192084403},""_score"":54.24,""_levels_found"":7,""_target_level"":259.6565},""volume"":{""V1_rvol_day"":{""value"":0.43640366075837345,""score"":0},""V2_rvol_sameslot"":{""value"":1.1194752327650053,""score"":41.29834885100035,""status"":""ok""},""V3_breakout_bar"":{""value"":1.1961407587472415,""score"":46.40938391648277},""V4_base_dryup"":{""value"":0.8294011096339007,""score"":67.05988903660993},""V5_bo_expansion"":{""value"":0.4364036607583734,""score"":0},""_score"":33.27},""readiness"":{""_distance_atr"":1.355,""BR1_atr_distance"":{""score"":9.670876331434215},""BR2_compression"":{""score"":0},""BR3_retest"":{""score"":50.0},""BR4_bo_age"":{""score"":50.0},""_score"":21.37},""risk"":{""R1_stop_clarity"":{""score"":73.62668485250488},""R2_stop_distance_pct"":{""value"":11.39382439496612,""score"":15.154390125846984},""R3_stop_distance_atr"":{""value"":1.113487202067693,""score"":80.67436010338464},""R4_rr_potential"":{""value"":0.5226893602779303,""score"":0.0},""_score"":42.42},""market"":{""M1_spy_regime"":{""score"":100.0},""M3_earnings_risk"":{""value"":null,""score"":80.0},""M4_vix"":{""value"":null,""score"":60.0},""_score"":84.0},""liquidity"":{""L1_price"":{""value"":258.25,""score"":100.0},""L2_dollar_vol"":{""value"":159655176.53306448,""score"":100.0},""L3_spread_proxy"":{""value"":0.08960309777347526,""score"":10.39690222652473},""L4_volume_zscore"":{""value"":-1.171034052410173,""score"":100.0},""_score"":91.04},""pattern_structure"":{""n_contractions"":5,""contractions_pct"":[11.27,16.42,10.72,12.31,21.0],""descending_strict"":false,""final_low"":232.3101,""final_pivot"":294.055,""structural_low"":232.3101,""dry_up_ratio"":0.9651945355269765,""current_price"":258.25,""neckline_distance_pct"":0.1386447241045499,""base_bars"":49},""pattern_geometry_features"":{""contraction_count"":5.0,""first_contraction_pct"":0.11267904759657361,""last_contraction_pct"":0.20997738518304399,""dry_up_ratio"":0.9651945355269765,""near_monotone"":0.0,""base_depth_pct"":-0.09639710220166607},""_schema_version"":""1.0""}",,,,,,,,,,
20260610T172453Z-e22c49,2026-06-10T17:24:53.606196+00:00,POWI,vcp,invalidated,47.05,75.9,41.2,45.4,55.9,8.2,17.5,31.4,84.0,85.8,11.39,10.31,5.45,6.7,1.06,1.23,1.57,5.04,4.29,False,,75.09,89.0,79.0857,62.21,"{""trend"":{""T1_ema_stack"":{""value"":[false,true,true],""score"":66.66666666666666},""T2_ema50_slope"":{""value"":0.7090363791231102,""score"":100},""T3_high_proximity"":{""value"":0.8624095555300334,""score"":31.20477776501668},""T4_rs_1m"":{""value"":0.02295230082073796,""score"":72.95230082073796},""T5_rs_3m"":{""value"":0.5237305596888577,""score"":100},""T6_adr_healthy"":{""value"":6.641692422754174,""score"":100.0},""_score"":75.94},""geometry"":{""sub_contraction_count"":100.0,""sub_reduction_rate"":0,""sub_pivot_tightness"":3.0,""sub_volume_dryup"":38.7,""sub_base_depth"":0.0,""sub_base_duration"":100.0,""_score"":41.25},""compression"":{""VC1_atr_ratio"":{""value"":0.46948309382239634,""score"":100},""VC2_range_contraction"":{""value"":1.1500659384712102,""score"":0},""VC3_range_pct_rank"":{""score"":21.666666666666668},""_score"":45.42},""sr_quality"":{""SR1_touches"":{""value"":2,""score"":25.0},""SR2_tightness"":{""value"":0.865000000000002,""score"":72.09805999723508},""SR3_recency"":{""value"":241,""score"":0.0},""SR4_price_location"":{""score"":97.52104770813858},""SR5_reaction"":{""value"":1.7563706741624823,""score"":87.81853370812411},""_score"":55.87,""_levels_found"":8,""_target_level"":75.355},""volume"":{""V1_rvol_day"":{""value"":0.3715938677850421,""score"":0},""V2_rvol_sameslot"":{""value"":0.7583516594846541,""score"":17.223443965643607,""status"":""ok""},""V3_breakout_bar"":{""value"":0.784500049247135,""score"":18.966669949809003},""V4_base_dryup"":{""value"":1.57147262154044,""score"":0},""V5_bo_expansion"":{""value"":0.37159386778504205,""score"":0},""_score"":8.19},""readiness"":{""_distance_atr"":2.243,""BR1_atr_distance"":{""score"":0},""BR2_compression"":{""score"":0},""BR3_retest"":{""score"":50.0},""BR4_bo_age"":{""score"":50.0},""_score"":17.5},""risk"":{""R1_stop_clarity"":{""score"":61.151790240080935},""R2_stop_distance_pct"":{""value"":-5.321147955786387,""score"":0.0},""R3_stop_distance_atr"":{""value"":-0.6444299801852446,""score"":0.0},""R4_rr_potential"":{""value"":null,""score"":50.0},""_score"":31.4},""market"":{""M1_spy_regime"":{""score"":100.0},""M3_earnings_risk"":{""value"":null,""score"":80.0},""M4_vix"":{""value"":null,""score"":60.0},""_score"":84.0},""liquidity"":{""L1_price"":{""value"":75.09,""score"":100.0},""L2_dollar_vol"":{""value"":39130275.20726349,""score"":79.62564511746643},""L3_spread_proxy"":{""value"":0.06019443334665082,""score"":39.80556665334918},""L4_volume_zscore"":{""value"":-1.1584503071180086,""score"":100.0},""_score"":85.83},""pattern_structure"":{""n_contractions"":5,""contractions_pct"":[6.39,14.92,15.93,13.44,9.79],""descending_strict"":false,""final_low"":80.29,""final_pivot"":89.0,""structural_low"":80.29,""dry_up_ratio"":0.8062745122948239,""current_price"":75.09,""neckline_distance_pct"":0.18524437341856434,""base_bars"":41},""pattern_geometry_features"":{""contraction_count"":5.0,""first_contraction_pct"":0.06392523364485984,""last_contraction_pct"":0.09786516853932577,""dry_up_ratio"":0.8062745122948239,""near_monotone"":0.0,""base_depth_pct"":-0.500747663551402},""_schema_version"":""1.0""}",,,,,,,,,,
20260610T172453Z-e22c49,2026-06-10T17:24:53.606196+00:00,GLW,double_bottom,absent,46.88,57.4,35.4,33.9,59.4,19.4,17.5,79.1,84.0,94.0,8.6,8.85,2.71,8.31,2.52,1.4,4.75,5.04,4.7,False,,168.535,208.57,163.51,251.14,"{""trend"":{""T1_ema_stack"":{""value"":[false,true,true],""score"":66.66666666666666},""T2_ema50_slope"":{""value"":0.49416393611892656,""score"":100},""T3_high_proximity"":{""value"":0.8091751488381025,""score"":4.587574419051221},""T4_rs_1m"":{""value"":-0.17448881181086562,""score"":0},""T5_rs_3m"":{""value"":0.20006169666764073,""score"":100},""T6_adr_healthy"":{""value"":6.477204665439721,""score"":100.0},""_score"":57.35},""geometry"":{""sub_low_similarity"":0.1,""sub_bounce_quality"":100,""sub_separation_fit"":0.0,""sub_right_bottom_reaction"":62.4,""sub_base_context"":30.0,""_score"":35.39},""compression"":{""VC1_atr_ratio"":{""value"":0.7504975578140638,""score"":62.37561054648405},""VC2_range_contraction"":{""value"":1.1292220606144066,""score"":0},""VC3_range_pct_rank"":{""score"":35.83333333333333},""_score"":33.91},""sr_quality"":{""SR1_touches"":{""value"":4,""score"":75.0},""SR2_tightness"":{""value"":3.619837703544179,""score"":49.08360153256538},""SR3_recency"":{""value"":232,""score"":0.0},""SR4_price_location"":{""score"":57.931910193773426},""SR5_reaction"":{""value"":2.0295384615384626,""score"":100},""_score"":59.35,""_levels_found"":6,""_target_level"":174.515},""volume"":{""V1_rvol_day"":{""value"":0.46362896496317557,""score"":0},""V2_rvol_sameslot"":{""value"":0.9965981691735173,""score"":33.10654461156782,""status"":""ok""},""V3_breakout_bar"":{""value"":0.6769207897857521,""score"":11.79471931905014},""V4_base_dryup"":{""value"":1.0092074158201205,""score"":49.079258417987944},""V5_bo_expansion"":{""value"":0.46362896496317557,""score"":0},""_score"":19.39},""readiness"":{""_distance_atr"":2.816,""BR1_atr_distance"":{""score"":0},""BR2_compression"":{""score"":0},""BR3_retest"":{""score"":50.0},""BR4_bo_age"":{""score"":50.0},""_score"":17.5},""risk"":{""R1_stop_clarity"":{""score"":64.97582417582404},""R2_stop_distance_pct"":{""value"":2.9815765271308665,""score"":100.0},""R3_stop_distance_atr"":{""value"":0.3534065934065939,""score"":42.6703296703297},""R4_rr_potential"":{""value"":16.438805970149232,""score"":100.0},""_score"":79.14},""market"":{""M1_spy_regime"":{""score"":100.0},""M3_earnings_risk"":{""value"":null,""score"":80.0},""M4_vix"":{""value"":null,""score"":60.0},""_score"":84.0},""liquidity"":{""L1_price"":{""value"":168.535,""score"":100.0},""L2_dollar_vol"":{""value"":1015210864.0712725,""score"":100.0},""L3_spread_proxy"":{""value"":0.06009790251283103,""score"":39.90209748716897},""L4_volume_zscore"":{""value"":-2.0993860378010165,""score"":100.0},""_score"":93.99},""pattern_structure"":{""left_low"":174.5,""left_idx"":29,""right_low"":166.0,""right_idx"":74,""separation_bars"":45,""structural_low"":166.0,""current_price"":169.87,""neckline_distance_pct"":0.22782127509271788,""base_bars"":45},""pattern_geometry_features"":{""low_similarity_pct"":0.049926578560939794,""bounce_pct"":0.2564457831325301,""right_bottom_reaction"":0.6241134751773072,""atr_pct"":0.08436674874655113},""_schema_version"":""1.0""}",,,,,,,,,,
20260610T172453Z-e22c49,2026-06-10T17:24:53.606196+00:00,TTWO,double_bottom,absent,46.76,36.7,45.1,61.1,54.7,15.4,17.5,68.3,84.0,97.5,5.51,11.28,4.89,7.66,2.01,1.4,4.1,5.04,4.87,True,risk_unclear,210.66,231.02,204.7913,254.13,"{""trend"":{""T1_ema_stack"":{""value"":[false,true,false],""score"":33.33333333333333},""T2_ema50_slope"":{""value"":0.12020932671919593,""score"":70.03488778653266},""T3_high_proximity"":{""value"":0.8689160204586702,""score"":34.45801022933509},""T4_rs_1m"":{""value"":-0.035946703057996854,""score"":14.053296942003143},""T5_rs_3m"":{""value"":-0.0810812993547112,""score"":9.459350322644397},""T6_adr_healthy"":{""value"":3.5298799999704187,""score"":100.0},""_score"":36.74},""geometry"":{""sub_low_similarity"":18.1,""sub_bounce_quality"":100,""sub_separation_fit"":0.0,""sub_right_bottom_reaction"":91.3,""sub_base_context"":30.0,""_score"":45.12},""compression"":{""VC1_atr_ratio"":{""value"":0.4246892708431167,""score"":100},""VC2_range_contraction"":{""value"":0.8733957191482326,""score"":21.100713475294576},""VC3_range_pct_rank"":{""score"":55.00000000000001},""_score"":61.14},""sr_quality"":{""SR1_touches"":{""value"":3,""score"":50.0},""SR2_tightness"":{""value"":1.4516427476024083,""score"":65.89153789108599},""SR3_recency"":{""value"":234,""score"":0.0},""SR4_price_location"":{""score"":59.29916612011624},""SR5_reaction"":{""value"":2.4119113612924408,""score"":100},""_score"":54.71,""_levels_found"":6,""_target_level"":214.28},""volume"":{""V1_rvol_day"":{""value"":0.2019412924038581,""score"":0},""V2_rvol_sameslot"":{""value"":0.48618556661955104,""score"":0,""status"":""ok""},""V3_breakout_bar"":{""value"":0.5895802313122928,""score"":5.972015420819518},""V4_base_dryup"":{""value"":0.802609939840424,""score"":69.73900601595761},""V5_bo_expansion"":{""value"":0.20194129240385805,""score"":0},""_score"":15.44},""readiness"":{""_distance_atr"":2.392,""BR1_atr_distance"":{""score"":0},""BR2_compression"":{""score"":0},""BR3_retest"":{""score"":50.0},""BR4_bo_age"":{""score"":50.0},""_score"":17.5},""risk"":{""R1_stop_clarity"":{""score"":26.722772850514616},""R2_stop_distance_pct"":{""value"":2.785839741763981,""score"":100.0},""R3_stop_distance_atr"":{""value"":0.6894624262274178,""score"":59.47312131137089},""R4_rr_potential"":{""value"":7.407154967496785,""score"":100.0},""_score"":68.27},""market"":{""M1_spy_regime"":{""score"":100.0},""M3_earnings_risk"":{""value"":null,""score"":80.0},""M4_vix"":{""value"":null,""score"":60.0},""_score"":84.0},""liquidity"":{""L1_price"":{""value"":210.66,""score"":100.0},""L2_dollar_vol"":{""value"":120323494.38196476,""score"":100.0},""L3_spread_proxy"":{""value"":0.02540586727428085,""score"":74.59413272571915},""L4_volume_zscore"":{""value"":-1.423432882865912,""score"":100.0},""_score"":97.46},""pattern_structure"":{""left_low"":216.6,""left_idx"":28,""right_low"":207.91,""right_idx"":74,""separation_bars"":46,""structural_low"":207.91,""current_price"":211.18,""neckline_distance_pct"":0.09394829055781799,""base_bars"":46},""pattern_geometry_features"":{""low_similarity_pct"":0.040941320581376166,""bounce_pct"":0.11115386465297492,""right_bottom_reaction"":0.9129482071713234,""atr_pct"":0.040405968995402185},""_schema_version"":""1.0""}",,,,,,,,,,
20260610T172453Z-e22c49,2026-06-10T17:24:53.606196+00:00,XEL,double_bottom,absent,46.75,39.2,38.4,56.2,56.2,25.6,24.0,61.7,84.0,98.5,5.88,9.59,4.5,7.86,3.32,1.92,3.7,5.04,4.92,True,risk_unclear,78.155,80.6,76.2784,83.76,"{""trend"":{""T1_ema_stack"":{""value"":[false,false,true],""score"":33.33333333333333},""T2_ema50_slope"":{""value"":-0.0380974858908982,""score"":43.650419018183634},""T3_high_proximity"":{""value"":0.9421940928270042,""score"":71.09704641350206},""T4_rs_1m"":{""value"":-0.017471468047535965,""score"":32.528531952464036},""T5_rs_3m"":{""value"":-0.1141677103349904,""score"":0},""T6_adr_healthy"":{""value"":2.0509995706724857,""score"":100.0},""_score"":39.23},""geometry"":{""sub_low_similarity"":74.6,""sub_bounce_quality"":15.4,""sub_separation_fit"":0.0,""sub_right_bottom_reaction"":46.0,""sub_base_context"":30.0,""_score"":38.36},""compression"":{""VC1_atr_ratio"":{""value"":0.6024554386622308,""score"":99.38614033444229},""VC2_range_contraction"":{""value"":1.3089223938904972,""score"":0},""VC3_range_pct_rank"":{""score"":65.83333333333333},""_score"":56.21},""sr_quality"":{""SR1_touches"":{""value"":2,""score"":25.0},""SR2_tightness"":{""value"":0.13000000000000256,""score"":85.05440361322081},""SR3_recency"":{""value"":254,""score"":0.0},""SR4_price_location"":{""score"":83.61904761904736},""SR5_reaction"":{""value"":2.57811537671936,""score"":100},""_score"":56.16,""_levels_found"":6,""_target_level"":78.37},""volume"":{""V1_rvol_day"":{""value"":0.5937663157970854,""score"":6.2510877198056924},""V2_rvol_sameslot"":{""value"":1.2908096822490096,""score"":52.720645483267305,""status"":""ok""},""V3_breakout_bar"":{""value"":0.8716780641530287,""score"":24.778537610201916},""V4_base_dryup"":{""value"":1.1209253943106257,""score"":37.90746056893744},""V5_bo_expansion"":{""value"":0.5937663157970854,""score"":0},""_score"":25.57},""readiness"":{""_distance_atr"":1.405,""BR1_atr_distance"":{""score"":6.30260726750177},""BR2_compression"":{""score"":16.030033889851488},""BR3_retest"":{""score"":50.0},""BR4_bo_age"":{""score"":50.0},""_score"":24.03},""risk"":{""R1_stop_clarity"":{""score"":0},""R2_stop_distance_pct"":{""value"":2.401125967628444,""score"":100.0},""R3_stop_distance_atr"":{""value"":1.0787271607472864,""score"":78.93635803736431},""R4_rr_potential"":{""value"":2.9867846104657136,""score"":99.33923052328568},""_score"":61.71},""market"":{""M1_spy_regime"":{""score"":100.0},""M3_earnings_risk"":{""value"":null,""score"":80.0},""M4_vix"":{""value"":null,""score"":60.0},""_score"":84.0},""liquidity"":{""L1_price"":{""value"":78.155,""score"":100.0},""L2_dollar_vol"":{""value"":253606847.0645729,""score"":100.0},""L3_spread_proxy"":{""value"":0.015354104024054798,""score"":84.6458959759452},""L4_volume_zscore"":{""value"":-0.9055072737544639,""score"":100.0},""_score"":98.46},""pattern_structure"":{""left_low"":78.43,""left_idx"":29,""right_low"":77.44,""right_idx"":76,""separation_bars"":47,""structural_low"":77.44,""current_price"":78.06,""neckline_distance_pct"":0.03253907250832683,""base_bars"":47},""pattern_geometry_features"":{""low_similarity_pct"":0.012702893436838508,""bounce_pct"":0.040805785123966896,""right_bottom_reaction"":0.4600000000000364,""atr_pct"":0.022258881161062713},""_schema_version"":""1.0""}",,,,,,,,,,
20260610T172453Z-e22c49,2026-06-10T17:24:53.606196+00:00,GFS,vcp,invalidated,46.67,70.0,41.0,49.4,54.0,2.6,17.5,43.9,84.0,94.3,10.51,10.24,5.93,6.48,0.33,1.23,2.2,5.04,4.72,False,,74.5,92.55,75.1949,61.955,"{""trend"":{""T1_ema_stack"":{""value"":[false,true,true],""score"":66.66666666666666},""T2_ema50_slope"":{""value"":0.8980485292423533,""score"":100},""T3_high_proximity"":{""value"":0.8281458425967098,""score"":14.072921298354856},""T4_rs_1m"":{""value"":0.006329314984907963,""score"":56.32931498490797},""T5_rs_3m"":{""value"":0.6106813078069133,""score"":100},""T6_adr_healthy"":{""value"":5.936542261354104,""score"":100.0},""_score"":70.04},""geometry"":{""sub_contraction_count"":100.0,""sub_reduction_rate"":0,""sub_pivot_tightness"":0,""sub_volume_dryup"":39.8,""sub_base_depth"":0.0,""sub_base_duration"":100.0,""_score"":40.97},""compression"":{""VC1_atr_ratio"":{""value"":0.5663631988255786,""score"":100},""VC2_range_contraction"":{""value"":1.0936311188023458,""score"":0},""VC3_range_pct_rank"":{""score"":37.5},""_score"":49.38},""sr_quality"":{""SR1_touches"":{""value"":2,""score"":25.0},""SR2_tightness"":{""value"":0.3200000000000003,""score"":90.38529637109322},""SR3_recency"":{""value"":232,""score"":0.0},""SR4_price_location"":{""score"":81.0193321616872},""SR5_reaction"":{""value"":1.6945915145948196,""score"":84.72957572974099},""_score"":54.02,""_levels_found"":5,""_target_level"":76.66},""volume"":{""V1_rvol_day"":{""value"":0.19655161856352693,""score"":0},""V2_rvol_sameslot"":{""value"":0.4137030627172688,""score"":0,""status"":""ok""},""V3_breakout_bar"":{""value"":0.6371453111573405,""score"":9.143020743822701},""V4_base_dryup"":{""value"":1.4859525839975438,""score"":1.4047416002456146},""V5_bo_expansion"":{""value"":0.19655161856352696,""score"":0},""_score"":2.57},""readiness"":{""_distance_atr"":2.712,""BR1_atr_distance"":{""score"":0},""BR2_compression"":{""score"":0},""BR3_retest"":{""score"":50.0},""BR4_bo_age"":{""score"":50.0},""_score"":17.5},""risk"":{""R1_stop_clarity"":{""score"":65.59438398293392},""R2_stop_distance_pct"":{""value"":-0.9327516778523546,""score"":26.68120805369114},""R3_stop_distance_atr"":{""value"":-0.10439464924573998,""score"":19.780267537713},""R4_rr_potential"":{""value"":null,""score"":50.0},""_score"":43.93},""market"":{""M1_spy_regime"":{""score"":100.0},""M3_earnings_risk"":{""value"":null,""score"":80.0},""M4_vix"":{""value"":null,""score"":60.0},""_score"":84.0},""liquidity"":{""L1_price"":{""value"":74.5,""score"":100.0},""L2_dollar_vol"":{""value"":93063663.246166,""score"":98.43900717898109},""L3_spread_proxy"":{""value"":0.05046979865771819,""score"":49.53020134228181},""L4_volume_zscore"":{""value"":-1.0643210710176068,""score"":100.0},""_score"":94.33},""pattern_structure"":{""n_contractions"":5,""contractions_pct"":[7.29,5.46,10.95,14.9,17.51],""descending_strict"":false,""final_low"":76.34,""final_pivot"":92.55,""structural_low"":76.34,""dry_up_ratio"":0.8011717162313233,""current_price"":74.5,""neckline_distance_pct"":0.24228187919463084,""base_bars"":41},""pattern_geometry_features"":{""contraction_count"":5.0,""first_contraction_pct"":0.07290414252923819,""last_contraction_pct"":0.175148568341437,""dry_up_ratio"":0.8011717162313233,""near_monotone"":0.0,""base_depth_pct"":-0.6688162640725764},""_schema_version"":""1.0""}",,,,,,,,,,
20260610T172453Z-e22c49,2026-06-10T17:24:53.606196+00:00,TTWO,cup_with_handle,forming,46.67,36.7,53.3,61.1,54.7,1.5,17.5,68.3,84.0,97.5,5.14,15.99,4.89,6.57,0.19,1.4,3.41,4.2,4.87,True,risk_unclear,210.66,231.02,204.7913,264.47,"{""trend"":{""T1_ema_stack"":{""value"":[false,true,false],""score"":33.33333333333333},""T2_ema50_slope"":{""value"":0.12020932671919593,""score"":70.03488778653266},""T3_high_proximity"":{""value"":0.8689160204586702,""score"":34.45801022933509},""T4_rs_1m"":{""value"":-0.035946703057996854,""score"":14.053296942003143},""T5_rs_3m"":{""value"":-0.0810812993547112,""score"":9.459350322644397},""T6_adr_healthy"":{""value"":3.5298799999704187,""score"":100.0},""_score"":36.74},""geometry"":{""sub_cup_depth"":71.3,""sub_cup_duration"":100.0,""sub_rim_symmetry"":10.1,""sub_handle_shallowness"":16.6,""sub_handle_proportion"":100.0,""sub_u_shape"":58.1,""_score"":53.31},""compression"":{""VC1_atr_ratio"":{""value"":0.4246892708431167,""score"":100},""VC2_range_contraction"":{""value"":0.8733957191482326,""score"":21.100713475294576},""VC3_range_pct_rank"":{""score"":55.00000000000001},""_score"":61.14},""sr_quality"":{""SR1_touches"":{""value"":3,""score"":50.0},""SR2_tightness"":{""value"":1.4516427476024083,""score"":65.89153789108599},""SR3_recency"":{""value"":234,""score"":0.0},""SR4_price_location"":{""score"":59.29916612011624},""SR5_reaction"":{""value"":2.4119113612924408,""score"":100},""_score"":54.71,""_levels_found"":6,""_target_level"":214.28},""volume"":{""V1_rvol_day"":{""value"":0.2019412924038581,""score"":0},""V2_rvol_sameslot"":{""value"":0.48618556661955104,""score"":0,""status"":""ok""},""V3_breakout_bar"":{""value"":0.5895802313122928,""score"":5.972015420819518},""V4_base_dryup"":{""value"":1.8677869483844989,""score"":0},""V5_bo_expansion"":{""value"":0.20194129240385805,""score"":0},""_score"":1.49},""readiness"":{""_distance_atr"":2.392,""BR1_atr_distance"":{""score"":0},""BR2_compression"":{""score"":0},""BR3_retest"":{""score"":50.0},""BR4_bo_age"":{""score"":50.0},""_score"":17.5},""risk"":{""R1_stop_clarity"":{""score"":26.722772850514616},""R2_stop_distance_pct"":{""value"":2.785839741763981,""score"":100.0},""R3_stop_distance_atr"":{""value"":0.6894624262274178,""score"":59.47312131137089},""R4_rr_potential"":{""value"":9.169059323694547,""score"":100.0},""_score"":68.27},""market"":{""M1_spy_regime"":{""score"":100.0},""M3_earnings_risk"":{""value"":null,""score"":80.0},""M4_vix"":{""value"":null,""score"":60.0},""_score"":84.0},""liquidity"":{""L1_price"":{""value"":210.66,""score"":100.0},""L2_dollar_vol"":{""value"":120323494.38196476,""score"":100.0},""L3_spread_proxy"":{""value"":0.02540586727428085,""score"":74.59413272571915},""L4_volume_zscore"":{""value"":-1.423432882865912,""score"":100.0},""_score"":97.46},""pattern_structure"":{""left_rim"":221.08,""left_rim_idx"":110,""cup_bottom"":187.63,""cup_bottom_idx"":128,""right_rim"":231.02,""right_rim_idx"":172,""handle_low"":207.91,""handle_bars"":7,""cup_bars"":62,""structural_low"":207.91,""current_price"":210.66,""neckline_distance_pct"":0.09664862812114314,""base_bars"":69},""pattern_geometry_features"":{""cup_depth_pct"":0.15130269585670353,""rim_symmetry_pct"":0.04496110005427898,""handle_depth_pct"":0.10003462903644711,""handle_to_cup_ratio"":0.11290322580645161,""cup_duration_bars"":62.0,""atr_pct"":0.040405968995402185,""u_shape_score"":0.2903225806451613},""_schema_version"":""1.0""}",,,,,,,,,,
20260610T172453Z-e22c49,2026-06-10T17:24:53.606196+00:00,FROG,vcp,breakout_confirmed,46.65,95.2,39.4,17.8,38.8,21.6,23.7,32.2,84.0,92.6,14.28,9.84,2.14,4.66,2.8,1.66,1.61,5.04,4.63,False,,82.63,72.06,61.0799,61.895,"{""trend"":{""T1_ema_stack"":{""value"":[true,true,true],""score"":100.0},""T2_ema50_slope"":{""value"":0.9652139540279121,""score"":100},""T3_high_proximity"":{""value"":0.9356811233155927,""score"":67.84056165779634},""T4_rs_1m"":{""value"":0.21022622060333362,""score"":100},""T5_rs_3m"":{""value"":0.895388243468275,""score"":100},""T6_adr_healthy"":{""value"":5.463573536337983,""score"":100.0},""_score"":95.18},""geometry"":{""sub_contraction_count"":100.0,""sub_reduction_rate"":0,""sub_pivot_tightness"":0,""sub_volume_dryup"":29.1,""sub_base_depth"":0.0,""sub_base_duration"":100.0,""_score"":39.37},""compression"":{""VC1_atr_ratio"":{""value"":0.9259699506205475,""score"":18.507512344863112},""VC2_range_contraction"":{""value"":1.095851658460807,""score"":0},""VC3_range_pct_rank"":{""score"":41.666666666666664},""_score"":17.82},""sr_quality"":{""SR1_touches"":{""value"":2,""score"":25.0},""SR2_tightness"":{""value"":0.980000000000004,""score"":58.664613957019455},""SR3_recency"":{""value"":235,""score"":0.0},""SR4_price_location"":{""score"":30.0},""SR5_reaction"":{""value"":2.328278887318893,""score"":100},""_score"":38.8,""_levels_found"":6,""_target_level"":69.36},""volume"":{""V1_rvol_day"":{""value"":0.4272283235457718,""score"":0},""V2_rvol_sameslot"":{""value"":0.9180042145804609,""score"":27.866947638697393,""status"":""ok""},""V3_breakout_bar"":{""value"":0.7754854712558201,""score"":18.36569808372134},""V4_base_dryup"":{""value"":0.9302606929494697,""score"":56.973930705053036},""V5_bo_expansion"":{""value"":0.4272283235457718,""score"":0},""_score"":21.56},""readiness"":{""_distance_atr"":-2.229,""BR1_atr_distance"":{""score"":15.416833625071192},""BR2_compression"":{""score"":0},""BR3_retest"":{""score"":50.0},""BR4_bo_age"":{""score"":50.0},""_score"":23.67},""risk"":{""R1_stop_clarity"":{""score"":60.767235379716226},""R2_stop_distance_pct"":{""value"":26.080297712695145,""score"":0.0},""R3_stop_distance_atr"":{""value"":4.544815150684354,""score"":72.75924246578231},""R4_rr_potential"":{""value"":-0.9621742772092072,""score"":0.0},""_score"":32.18},""market"":{""M1_spy_regime"":{""score"":100.0},""M3_earnings_risk"":{""value"":null,""score"":80.0},""M4_vix"":{""value"":null,""score"":60.0},""_score"":84.0},""liquidity"":{""L1_price"":{""value"":82.63,""score"":100.0},""L2_dollar_vol"":{""value"":83664888.93330541,""score"":96.12716194285476},""L3_spread_proxy"":{""value"":0.05869538908386778,""score"":41.30461091613222},""L4_volume_zscore"":{""value"":-1.6122766706521023,""score"":100.0},""_score"":92.58},""pattern_structure"":{""n_contractions"":5,""contractions_pct"":[34.32,4.24,20.96,9.72,13.95],""descending_strict"":false,""final_low"":62.01,""final_pivot"":72.06,""structural_low"":62.01,""dry_up_ratio"":0.8545972574477247,""current_price"":82.63,""neckline_distance_pct"":-0.12791964177659437,""base_bars"":58},""pattern_geometry_features"":{""contraction_count"":5.0,""first_contraction_pct"":0.3432346417205131,""last_contraction_pct"":0.13946711074104917,""dry_up_ratio"":0.8545972574477247,""near_monotone"":0.0,""base_depth_pct"":-0.19606519432925062},""_schema_version"":""1.0""}",,,,,,,,,,
20260610T172453Z-e22c49,2026-06-10T17:24:53.606196+00:00,DIOD,double_bottom,forming,46.55,61.8,61.4,18.7,36.7,2.3,17.5,80.9,84.0,74.0,9.27,15.35,1.5,5.13,0.3,1.4,4.86,5.04,3.7,False,,100.93,121.96,95.6632,146.8,"{""trend"":{""T1_ema_stack"":{""value"":[false,true,true],""score"":66.66666666666666},""T2_ema50_slope"":{""value"":0.45906471240572816,""score"":100},""T3_high_proximity"":{""value"":0.8684391670968853,""score"":34.21958354844262},""T4_rs_1m"":{""value"":-0.08589529820606889,""score"":0},""T5_rs_3m"":{""value"":0.5046682837217267,""score"":100},""T6_adr_healthy"":{""value"":6.0768754923812836,""score"":100.0},""_score"":61.8},""geometry"":{""sub_low_similarity"":8.5,""sub_bounce_quality"":100,""sub_separation_fit"":40.0,""sub_right_bottom_reaction"":85.7,""sub_base_context"":100.0,""_score"":61.41},""compression"":{""VC1_atr_ratio"":{""value"":0.8397142595960471,""score"":40.07143510098823},""VC2_range_contraction"":{""value"":1.4576791260423838,""score"":0},""VC3_range_pct_rank"":{""score"":10.833333333333329},""_score"":18.74},""sr_quality"":{""SR1_touches"":{""value"":2,""score"":25.0},""SR2_tightness"":{""value"":1.3699999999999974,""score"":65.76290005015973},""SR3_recency"":{""value"":278,""score"":0.0},""SR4_price_location"":{""score"":30.0},""SR5_reaction"":{""value"":1.5747191683133677,""score"":78.73595841566838},""_score"":36.67,""_levels_found"":3,""_target_level"":73.68},""volume"":{""V1_rvol_day"":{""value"":0.17018649424167676,""score"":0},""V2_rvol_sameslot"":{""value"":0.26237700098894895,""score"":0,""status"":""ok""},""V3_breakout_bar"":{""value"":0.4220517627877397,""score"":0},""V4_base_dryup"":{""value"":1.3854960118850708,""score"":11.450398811492917},""V5_bo_expansion"":{""value"":0.17018649424167678,""score"":0},""_score"":2.29},""readiness"":{""_distance_atr"":2.628,""BR1_atr_distance"":{""score"":0},""BR2_compression"":{""score"":0},""BR3_retest"":{""score"":50.0},""BR4_bo_age"":{""score"":50.0},""_score"":17.5},""risk"":{""R1_stop_clarity"":{""score"":63.593717367206246},""R2_stop_distance_pct"":{""value"":5.2182700881799295,""score"":100.0},""R3_stop_distance_atr"":{""value"":0.6581020365540846,""score"":57.90510182770423},""R4_rr_potential"":{""value"":8.709273182957384,""score"":100.0},""_score"":80.94},""market"":{""M1_spy_regime"":{""score"":100.0},""M3_earnings_risk"":{""value"":null,""score"":80.0},""M4_vix"":{""value"":null,""score"":60.0},""_score"":84.0},""liquidity"":{""L1_price"":{""value"":100.93,""score"":100.0},""L2_dollar_vol"":{""value"":11934581.43147457,""score"":53.84035960371776},""L3_spread_proxy"":{""value"":0.07539780045576137,""score"":24.60219954423863},""L4_volume_zscore"":{""value"":-2.2025450593745144,""score"":100.0},""_score"":74.0},""pattern_structure"":{""left_low"":101.665,""left_idx"":35,""right_low"":97.12,""right_idx"":74,""separation_bars"":39,""structural_low"":97.12,""current_price"":100.5,""neckline_distance_pct"":0.21353233830845764,""base_bars"":39},""pattern_geometry_features"":{""low_similarity_pct"":0.04572779636290466,""bounce_pct"":0.2557660626029653,""right_bottom_reaction"":0.8572319201995032,""atr_pct"":0.0792927205559723},""_schema_version"":""1.0""}",,,,,,,,,,
20260610T172453Z-e22c49,2026-06-10T17:24:53.606196+00:00,EPRT,vcp,absent,46.45,40.4,46.6,34.4,65.2,19.2,34.0,53.0,84.0,84.2,6.06,11.65,4.13,7.83,2.49,2.38,2.65,5.04,4.21,True,risk_unclear,31.07,31.6,29.0181,34.77,"{""trend"":{""T1_ema_stack"":{""value"":[true,false,false],""score"":33.33333333333333},""T2_ema50_slope"":{""value"":-0.09888975632726645,""score"":33.51837394545559},""T3_high_proximity"":{""value"":0.9274626865671642,""score"":63.7313432835821},""T4_rs_1m"":{""value"":0.003932100087780777,""score"":53.932100087780775},""T5_rs_3m"":{""value"":-0.13866895088142872,""score"":0},""T6_adr_healthy"":{""value"":1.7822847248003906,""score"":100.0},""_score"":40.38},""geometry"":{""sub_contraction_count"":100.0,""sub_reduction_rate"":0,""sub_pivot_tightness"":46.1,""sub_volume_dryup"":0,""sub_base_depth"":47.1,""sub_base_duration"":100.0,""_score"":46.62},""compression"":{""VC1_atr_ratio"":{""value"":0.701956988151645,""score"":74.51075296208876},""VC2_range_contraction"":{""value"":1.3882787317932284,""score"":0},""VC3_range_pct_rank"":{""score"":18.333333333333336},""_score"":34.39},""sr_quality"":{""SR1_touches"":{""value"":3,""score"":50.0},""SR2_tightness"":{""value"":0.08653836657164805,""score"":71.2871872970003},""SR3_recency"":{""value"":255,""score"":0.0},""SR4_price_location"":{""score"":98.1818181818179},""SR5_reaction"":{""value"":2.455267211754947,""score"":100},""_score"":65.24,""_levels_found"":5,""_target_level"":31.0867},""volume"":{""V1_rvol_day"":{""value"":0.38759835921647523,""score"":0},""V2_rvol_sameslot"":{""value"":0.9284214262838921,""score"":28.561428418926145,""status"":""ok""},""V3_breakout_bar"":{""value"":0.39010173023323047,""score"":0},""V4_base_dryup"":{""value"":0.8265129049250116,""score"":67.34870950749884},""V5_bo_expansion"":{""value"":0.38759835921647523,""score"":0},""_score"":19.18},""readiness"":{""_distance_atr"":0.879,""BR1_atr_distance"":{""score"":41.38326025990432},""BR2_compression"":{""score"":0},""BR3_retest"":{""score"":50.0},""BR4_bo_age"":{""score"":50.0},""_score"":34.05},""risk"":{""R1_stop_clarity"":{""score"":0},""R2_stop_distance_pct"":{""value"":6.604119729642742,""score"":100.0},""R3_stop_distance_atr"":{""value"":3.4040289133783603,""score"":100.0},""R4_rr_potential"":{""value"":1.8032067839563346,""score"":40.16033919781673},""_score"":53.03},""market"":{""M1_spy_regime"":{""score"":100.0},""M3_earnings_risk"":{""value"":null,""score"":80.0},""M4_vix"":{""value"":null,""score"":60.0},""_score"":84.0},""liquidity"":{""L1_price"":{""value"":31.07,""score"":100.0},""L2_dollar_vol"":{""value"":21284361.67495742,""score"":66.40303150366908},""L3_spread_proxy"":{""value"":0.02381718699710338,""score"":76.18281300289662},""L4_volume_zscore"":{""value"":-1.5314547741918192,""score"":100.0},""_score"":84.18},""pattern_structure"":{""n_contractions"":5,""contractions_pct"":[4.78,13.3,7.77,5.11,6.77],""descending_strict"":false,""final_low"":29.46,""final_pivot"":31.6,""structural_low"":29.46,""dry_up_ratio"":1.4786095435845734,""current_price"":31.07,""neckline_distance_pct"":0.01705825555197944,""base_bars"":81},""pattern_geometry_features"":{""contraction_count"":5.0,""first_contraction_pct"":0.04780876494023911,""last_contraction_pct"":0.06772151898734179,""dry_up_ratio"":1.4786095435845734,""near_monotone"":0.0,""base_depth_pct"":0.09714986209010118},""_schema_version"":""1.0""}",,,,,,,,,,
20260610T172453Z-e22c49,2026-06-10T17:24:53.606196+00:00,TT,vcp,absent,46.05,47.6,44.5,42.4,45.8,25.9,25.8,45.0,84.0,94.6,7.15,11.14,5.08,5.49,3.36,1.81,2.25,5.04,4.73,True,risk_unclear,452.53,466.82,434.3404,458.2553,"{""trend"":{""T1_ema_stack"":{""value"":[false,true,true],""score"":66.66666666666666},""T2_ema50_slope"":{""value"":-0.014982066131002975,""score"":47.50298897816617},""T3_high_proximity"":{""value"":0.9187680188411093,""score"":59.384009420554605},""T4_rs_1m"":{""value"":-0.03744078265805173,""score"":12.559217341948269},""T5_rs_3m"":{""value"":-0.03253854150564606,""score"":33.73072924717697},""T6_adr_healthy"":{""value"":2.3502599742342425,""score"":100.0},""_score"":47.65},""geometry"":{""sub_contraction_count"":100.0,""sub_reduction_rate"":0,""sub_pivot_tightness"":63.7,""sub_volume_dryup"":0,""sub_base_depth"":0.0,""sub_base_duration"":100.0,""_score"":44.55},""compression"":{""VC1_atr_ratio"":{""value"":0.5540964615512008,""score"":100},""VC2_range_contraction"":{""value"":0.9703287942221197,""score"":4.945200962980049},""VC3_range_pct_rank"":{""score"":2.500000000000002},""_score"":42.36},""sr_quality"":{""SR1_touches"":{""value"":4,""score"":75.0},""SR2_tightness"":{""value"":2.7808775031453687,""score"":53.79083414454544},""SR3_recency"":{""value"":230,""score"":0.0},""SR4_price_location"":{""score"":0.8519701810436325},""SR5_reaction"":{""value"":2.4941793873876437,""score"":100},""_score"":45.78,""_levels_found"":8,""_target_level"":467.6587},""volume"":{""V1_rvol_day"":{""value"":0.44111705466412576,""score"":0},""V2_rvol_sameslot"":{""value"":1.1097949153564435,""score"":40.65299435709623,""status"":""ok""},""V3_breakout_bar"":{""value"":0.7818864354889737,""score"":18.79242903259825},""V4_base_dryup"":{""value"":0.8484691243872897,""score"":65.15308756127104},""V5_bo_expansion"":{""value"":0.44111705466412576,""score"":0},""_score"":25.86},""readiness"":{""_distance_atr"":1.187,""BR1_atr_distance"":{""score"":20.8488472520433},""BR2_compression"":{""score"":0},""BR3_retest"":{""score"":50.0},""BR4_bo_age"":{""score"":50.0},""_score"":25.84},""risk"":{""R1_stop_clarity"":{""score"":0},""R2_stop_distance_pct"":{""value"":4.019539146575916,""score"":100.0},""R3_stop_distance_atr"":{""value"":1.5112625233969856,""score"":100.0},""R4_rr_potential"":{""value"":0.3147564293603601,""score"":0.0},""_score"":45.0},""market"":{""M1_spy_regime"":{""score"":100.0},""M3_earnings_risk"":{""value"":null,""score"":80.0},""M4_vix"":{""value"":null,""score"":60.0},""_score"":84.0},""liquidity"":{""L1_price"":{""value"":452.53,""score"":100.0},""L2_dollar_vol"":{""value"":266110488.07543162,""score"":100.0},""L3_spread_proxy"":{""value"":0.05400702715842055,""score"":45.99297284157945},""L4_volume_zscore"":{""value"":-1.6683137905492076,""score"":100.0},""_score"":94.6},""pattern_structure"":{""n_contractions"":5,""contractions_pct"":[5.92,7.75,7.83,7.86,5.54],""descending_strict"":false,""final_low"":440.9547,""final_pivot"":466.82,""structural_low"":440.9547,""dry_up_ratio"":1.017076214803895,""current_price"":452.53,""neckline_distance_pct"":0.03157801692705461,""base_bars"":51},""pattern_geometry_features"":{""contraction_count"":5.0,""first_contraction_pct"":0.05920580957006399,""last_contraction_pct"":0.0554074375562315,""dry_up_ratio"":1.017076214803895,""near_monotone"":0.0,""base_depth_pct"":-0.019807812391590962},""_schema_version"":""1.0""}",,,,,,,,,,
20260610T172453Z-e22c49,2026-06-10T17:24:53.606196+00:00,FLEX,vcp,absent,46.02,67.2,40.4,28.1,53.6,15.4,36.7,36.4,84.0,92.3,10.08,10.1,3.37,6.43,2.01,2.57,1.82,5.04,4.61,False,,140.05,147.34,119.4805,93.47,"{""trend"":{""T1_ema_stack"":{""value"":[false,true,true],""score"":66.66666666666666},""T2_ema50_slope"":{""value"":1.1390106144410055,""score"":100},""T3_high_proximity"":{""value"":0.8648264789428184,""score"":32.41323947140917},""T4_rs_1m"":{""value"":-0.02174046473793323,""score"":28.25953526206677},""T5_rs_3m"":{""value"":1.1302947589176666,""score"":100},""T6_adr_healthy"":{""value"":5.599867144282689,""score"":100.0},""_score"":67.18},""geometry"":{""sub_contraction_count"":100.0,""sub_reduction_rate"":0,""sub_pivot_tightness"":0,""sub_volume_dryup"":35.9,""sub_base_depth"":0.0,""sub_base_duration"":100.0,""_score"":40.38},""compression"":{""VC1_atr_ratio"":{""value"":0.7338442748822416,""score"":66.53893127943961},""VC2_range_contraction"":{""value"":1.2156710255136944,""score"":0},""VC3_range_pct_rank"":{""score"":5.833333333333335},""_score"":28.07},""sr_quality"":{""SR1_touches"":{""value"":6,""score"":100},""SR2_tightness"":{""value"":1.5936619256709772,""score"":65.85985591964487},""SR3_recency"":{""value"":278,""score"":0.0},""SR4_price_location"":{""score"":30.0},""SR5_reaction"":{""value"":0.8297611396743791,""score"":41.488056983718955},""_score"":53.6,""_levels_found"":2,""_target_level"":67.765},""volume"":{""V1_rvol_day"":{""value"":0.31912280689280437,""score"":0},""V2_rvol_sameslot"":{""value"":0.7230436760473257,""score"":14.869578403155046,""status"":""ok""},""V3_breakout_bar"":{""value"":0.6210462494707314,""score"":8.069749964715427},""V4_base_dryup"":{""value"":0.9770440142963838,""score"":52.295598570361626},""V5_bo_expansion"":{""value"":0.31912280689280437,""score"":0},""_score"":15.45},""readiness"":{""_distance_atr"":0.781,""BR1_atr_distance"":{""score"":47.943444730077154},""BR2_compression"":{""score"":0},""BR3_retest"":{""score"":50.0},""BR4_bo_age"":{""score"":50.0},""_score"":36.68},""risk"":{""R1_stop_clarity"":{""score"":61.02185089974281},""R2_stop_distance_pct"":{""value"":14.687254551945747,""score"":0.0},""R3_stop_distance_atr"":{""value"":2.20324550128535,""score"":100.0},""R4_rr_potential"":{""value"":-2.264517854104376,""score"":0.0},""_score"":36.36},""market"":{""M1_spy_regime"":{""score"":100.0},""M3_earnings_risk"":{""value"":null,""score"":80.0},""M4_vix"":{""value"":null,""score"":60.0},""_score"":84.0},""liquidity"":{""L1_price"":{""value"":140.05,""score"":100.0},""L2_dollar_vol"":{""value"":257674424.31026897,""score"":100.0},""L3_spread_proxy"":{""value"":0.07711531595858609,""score"":22.884684041413905},""L4_volume_zscore"":{""value"":-2.11604170978696,""score"":100.0},""_score"":92.29},""pattern_structure"":{""n_contractions"":5,""contractions_pct"":[18.2,8.83,7.74,14.78,17.67],""descending_strict"":false,""final_low"":121.3,""final_pivot"":147.34,""structural_low"":121.3,""dry_up_ratio"":0.8205819864292946,""current_price"":140.05,""neckline_distance_pct"":0.05205283827204564,""base_bars"":76},""pattern_geometry_features"":{""contraction_count"":5.0,""first_contraction_pct"":0.18196500074150979,""last_contraction_pct"":0.1767340844305688,""dry_up_ratio"":0.8205819864292946,""near_monotone"":0.0,""base_depth_pct"":-0.7989025656236094},""_schema_version"":""1.0""}",,,,,,,,,,
20260610T172453Z-e22c49,2026-06-10T17:24:53.606196+00:00,PEGA,double_bottom,forming,46.0,11.7,64.7,55.4,44.9,21.4,17.5,66.5,84.0,82.8,1.75,16.18,4.43,6.28,2.78,1.4,3.99,5.04,4.14,False,,33.25,38.06,32.7611,42.86,"{""trend"":{""T1_ema_stack"":{""value"":[false,false,false],""score"":0.0},""T2_ema50_slope"":{""value"":-0.4404950596565755,""score"":0},""T3_high_proximity"":{""value"":0.7495491433724076,""score"":0},""T4_rs_1m"":{""value"":-0.01661692412056681,""score"":33.38307587943319},""T5_rs_3m"":{""value"":-0.31625462289563555,""score"":0},""T6_adr_healthy"":{""value"":4.640158639120877,""score"":100.0},""_score"":11.68},""geometry"":{""sub_low_similarity"":69.6,""sub_bounce_quality"":100,""sub_separation_fit"":20.0,""sub_right_bottom_reaction"":98.9,""sub_base_context"":30.0,""_score"":64.72},""compression"":{""VC1_atr_ratio"":{""value"":0.5906925220232168,""score"":100},""VC2_range_contraction"":{""value"":1.0651033133381616,""score"":0},""VC3_range_pct_rank"":{""score"":61.66666666666667},""_score"":55.42},""sr_quality"":{""SR1_touches"":{""value"":2,""score"":25.0},""SR2_tightness"":{""value"":0.2375000000000007,""score"":72.30620590856458},""SR3_recency"":{""value"":254,""score"":0.0},""SR4_price_location"":{""score"":46.18514750762972},""SR5_reaction"":{""value"":2.085779965518104,""score"":100},""_score"":44.89,""_levels_found"":7,""_target_level"":34.5725},""volume"":{""V1_rvol_day"":{""value"":0.37527973343093946,""score"":0},""V2_rvol_sameslot"":{""value"":0.9194518568954353,""score"":27.96345712636235,""status"":""ok""},""V3_breakout_bar"":{""value"":0.6901007008317108,""score"":12.673380055447389},""V4_base_dryup"":{""value"":0.8701397264653716,""score"":62.98602735346284},""V5_bo_expansion"":{""value"":0.37527973343093957,""score"":0},""_score"":21.36},""readiness"":{""_distance_atr"":2.804,""BR1_atr_distance"":{""score"":0},""BR2_compression"":{""score"":0},""BR3_retest"":{""score"":50.0},""BR4_bo_age"":{""score"":50.0},""_score"":17.5},""risk"":{""R1_stop_clarity"":{""score"":41.825541590665},""R2_stop_distance_pct"":{""value"":1.470375939849627,""score"":86.75939849624068},""R3_stop_distance_atr"":{""value"":0.285042019606374,""score"":39.2521009803187},""R4_rr_potential"":{""value"":19.65637144610347,""score"":100.0},""_score"":66.55},""market"":{""M1_spy_regime"":{""score"":100.0},""M3_earnings_risk"":{""value"":null,""score"":80.0},""M4_vix"":{""value"":null,""score"":60.0},""_score"":84.0},""liquidity"":{""L1_price"":{""value"":33.25,""score"":100.0},""L2_dollar_vol"":{""value"":21457666.7123525,""score"":66.57912477002755},""L3_spread_proxy"":{""value"":0.03864661654135328,""score"":61.35338345864672},""L4_volume_zscore"":{""value"":-2.1984497422011957,""score"":100.0},""_score"":82.77},""pattern_structure"":{""left_low"":33.26,""left_idx"":23,""right_low"":33.77,""right_idx"":65,""separation_bars"":42,""structural_low"":33.26,""current_price"":33.52,""neckline_distance_pct"":0.13544152744630067,""base_bars"":42},""pattern_geometry_features"":{""low_similarity_pct"":0.015217066984932272,""bounce_pct"":0.14431749849669287,""right_bottom_reaction"":0.9891696750902523,""atr_pct"":0.05158453276047259},""_schema_version"":""1.0""}",,,,,,,,,,
20260610T172453Z-e22c49,2026-06-10T17:24:53.606196+00:00,WAY,double_bottom,forming,45.89,6.0,65.4,54.2,44.9,25.3,19.2,69.1,84.0,80.6,0.89,16.34,4.34,6.29,3.28,1.54,4.14,5.04,4.03,False,,18.745,21.895,18.4293,25.08,"{""trend"":{""T1_ema_stack"":{""value"":[false,false,false],""score"":0.0},""T2_ema50_slope"":{""value"":-0.5846145825973026,""score"":0},""T3_high_proximity"":{""value"":0.7017970797454137,""score"":0},""T4_rs_1m"":{""value"":-0.04517668145950904,""score"":4.823318540490959},""T5_rs_3m"":{""value"":-0.31612199062260404,""score"":0},""T6_adr_healthy"":{""value"":4.676646420302564,""score"":100.0},""_score"":5.96},""geometry"":{""sub_low_similarity"":85.1,""sub_bounce_quality"":100,""sub_separation_fit"":0.0,""sub_right_bottom_reaction"":92.2,""sub_base_context"":30.0,""_score"":65.36},""compression"":{""VC1_atr_ratio"":{""value"":0.687087847711905,""score"":78.22803807202374},""VC2_range_contraction"":{""value"":0.9538053692845535,""score"":7.699105119241083},""VC3_range_pct_rank"":{""score"":80.83333333333333},""_score"":54.19},""sr_quality"":{""SR1_touches"":{""value"":3,""score"":50.0},""SR2_tightness"":{""value"":0.22547480765905803,""score"":54.80852238385106},""SR3_recency"":{""value"":247,""score"":0.0},""SR4_price_location"":{""score"":26.743545142840787},""SR5_reaction"":{""value"":4.74680448481638,""score"":100},""_score"":44.91,""_levels_found"":4,""_target_level"":21.1817},""volume"":{""V1_rvol_day"":{""value"":0.34762152594409,""score"":0},""V2_rvol_sameslot"":{""value"":1.1528706028815356,""score"":43.52470685876904,""status"":""ok""},""V3_breakout_bar"":{""value"":0.7619706101466637,""score"":17.46470734311091},""V4_base_dryup"":{""value"":0.8903975762596434,""score"":60.96024237403566},""V5_bo_expansion"":{""value"":0.34762152594409,""score"":0},""_score"":25.26},""readiness"":{""_distance_atr"":3.157,""BR1_atr_distance"":{""score"":0},""BR2_compression"":{""score"":7.012701786374902},""BR3_retest"":{""score"":50.0},""BR4_bo_age"":{""score"":50.0},""_score"":19.25},""risk"":{""R1_stop_clarity"":{""score"":43.74986578478296},""R2_stop_distance_pct"":{""value"":1.6839157108562364,""score"":92.09789277140591},""R3_stop_distance_atr"":{""value"":0.31632558106241326,""score"":40.81627905312067},""R4_rr_potential"":{""value"":20.069697449706847,""score"":100.0},""_score"":69.06},""market"":{""M1_spy_regime"":{""score"":100.0},""M3_earnings_risk"":{""value"":null,""score"":80.0},""M4_vix"":{""value"":null,""score"":60.0},""_score"":84.0},""liquidity"":{""L1_price"":{""value"":18.745,""score"":100.0},""L2_dollar_vol"":{""value"":14917231.012809847,""score"":58.68441076989721},""L3_spread_proxy"":{""value"":0.02880768204854623,""score"":71.19231795145377},""L4_volume_zscore"":{""value"":-2.285727617177604,""score"":100.0},""_score"":80.59},""pattern_structure"":{""left_low"":18.85,""left_idx"":23,""right_low"":18.71,""right_idx"":71,""separation_bars"":48,""structural_low"":18.71,""current_price"":18.79,""neckline_distance_pct"":0.16524747205960622,""base_bars"":48},""pattern_geometry_features"":{""low_similarity_pct"":0.007454739084132085,""bounce_pct"":0.17022982362373054,""right_bottom_reaction"":0.9222471910112335,""atr_pct"":0.0532336242045498},""_schema_version"":""1.0""}",,,,,,,,,,
20260610T172453Z-e22c49,2026-06-10T17:24:53.606196+00:00,TT,double_bottom,absent,45.76,47.6,45.1,42.4,45.8,23.1,17.5,56.1,84.0,94.6,7.15,11.28,3.39,6.41,3.01,1.4,3.36,5.04,4.73,True,risk_unclear,452.53,472.43,444.9343,493.15,"{""trend"":{""T1_ema_stack"":{""value"":[false,true,true],""score"":66.66666666666666},""T2_ema50_slope"":{""value"":-0.014982066131002975,""score"":47.50298897816617},""T3_high_proximity"":{""value"":0.9187680188411093,""score"":59.384009420554605},""T4_rs_1m"":{""value"":-0.03744078265805173,""score"":12.559217341948269},""T5_rs_3m"":{""value"":-0.03253854150564606,""score"":33.73072924717697},""T6_adr_healthy"":{""value"":2.3502599742342425,""score"":100.0},""_score"":47.65},""geometry"":{""sub_low_similarity"":67.2,""sub_bounce_quality"":22.7,""sub_separation_fit"":0.0,""sub_right_bottom_reaction"":96.0,""sub_base_context"":30.0,""_score"":45.1},""compression"":{""VC1_atr_ratio"":{""value"":0.5540964615512008,""score"":100},""VC2_range_contraction"":{""value"":0.9703287942221197,""score"":4.945200962980049},""VC3_range_pct_rank"":{""score"":2.500000000000002},""_score"":42.36},""sr_quality"":{""SR1_touches"":{""value"":4,""score"":75.0},""SR2_tightness"":{""value"":2.7808775031453687,""score"":53.79083414454544},""SR3_recency"":{""value"":230,""score"":0.0},""SR4_price_location"":{""score"":0.8519701810436325},""SR5_reaction"":{""value"":2.4941793873876437,""score"":100},""_score"":45.78,""_levels_found"":8,""_target_level"":467.6587},""volume"":{""V1_rvol_day"":{""value"":0.44111705466412576,""score"":0},""V2_rvol_sameslot"":{""value"":1.1097949153564435,""score"":40.65299435709623,""status"":""ok""},""V3_breakout_bar"":{""value"":0.7818864354889737,""score"":18.79242903259825},""V4_base_dryup"":{""value"":0.9838118010460312,""score"":51.61881989539688},""V5_bo_expansion"":{""value"":0.44111705466412576,""score"":0},""_score"":23.15},""readiness"":{""_distance_atr"":1.653,""BR1_atr_distance"":{""score"":0},""BR2_compression"":{""score"":0},""BR3_retest"":{""score"":50.0},""BR4_bo_age"":{""score"":50.0},""_score"":17.5},""risk"":{""R1_stop_clarity"":{""score"":0},""R2_stop_distance_pct"":{""value"":1.678485404282584,""score"":91.9621351070646},""R3_stop_distance_atr"":{""value"":0.6310753534324858,""score"":56.553767671624286},""R4_rr_potential"":{""value"":5.347797752661086,""score"":100.0},""_score"":56.07},""market"":{""M1_spy_regime"":{""score"":100.0},""M3_earnings_risk"":{""value"":null,""score"":80.0},""M4_vix"":{""value"":null,""score"":60.0},""_score"":84.0},""liquidity"":{""L1_price"":{""value"":452.53,""score"":100.0},""L2_dollar_vol"":{""value"":266110488.07543162,""score"":100.0},""L3_spread_proxy"":{""value"":0.05400702715842055,""score"":45.99297284157945},""L4_volume_zscore"":{""value"":-1.6683137905492076,""score"":100.0},""_score"":94.6},""pattern_structure"":{""left_low"":451.71,""left_idx"":29,""right_low"":459.17,""right_idx"":74,""separation_bars"":45,""structural_low"":451.71,""current_price"":455.3,""neckline_distance_pct"":0.03762354491544036,""base_bars"":45},""pattern_geometry_features"":{""low_similarity_pct"":0.01637976462322158,""bounce_pct"":0.045870137920347186,""right_bottom_reaction"":0.9601386481802393,""atr_pct"":0.026597226387516548},""_schema_version"":""1.0""}",,,,,,,,,,
20260610T172453Z-e22c49,2026-06-10T17:24:53.606196+00:00,GENI,vcp,breakout_confirmed,45.66,91.5,37.9,24.8,47.3,16.5,21.0,25.2,84.0,77.7,13.73,9.47,2.98,5.67,2.15,1.47,1.26,5.04,3.88,False,,6.8943,4.99,3.9515,7.7266,"{""trend"":{""T1_ema_stack"":{""value"":[true,true,false],""score"":66.66666666666666},""T2_ema50_slope"":{""value"":0.29621033156392484,""score"":99.36838859398748},""T3_high_proximity"":{""value"":1.0,""score"":99.99999999999997},""T4_rs_1m"":{""value"":0.5761968528788495,""score"":100},""T5_rs_3m"":{""value"":0.24423789616722513,""score"":100},""T6_adr_healthy"":{""value"":7.610544627217394,""score"":100.0},""_score"":91.54},""geometry"":{""sub_contraction_count"":100.0,""sub_reduction_rate"":11.6,""sub_pivot_tightness"":0,""sub_volume_dryup"":0,""sub_base_depth"":0.0,""sub_base_duration"":100.0,""_score"":37.9},""compression"":{""VC1_atr_ratio"":{""value"":0.833238732373232,""score"":41.690316906692004},""VC2_range_contraction"":{""value"":1.0142408821389952,""score"":0},""VC3_range_pct_rank"":{""score"":32.49999999999999},""_score"":24.8},""sr_quality"":{""SR1_touches"":{""value"":3,""score"":50.0},""SR2_tightness"":{""value"":0.07494442385305695,""score"":65.2920299721205},""SR3_recency"":{""value"":286,""score"":0.0},""SR4_price_location"":{""score"":30.0},""SR5_reaction"":{""value"":2.1148969015326937,""score"":100},""_score"":47.29,""_levels_found"":4,""_target_level"":5.635},""volume"":{""V1_rvol_day"":{""value"":0.36653536860783975,""score"":0},""V2_rvol_sameslot"":{""value"":0.6928710542622146,""score"":12.85807028414764,""status"":""ok""},""V3_breakout_bar"":{""value"":0.39522524988046676,""score"":0},""V4_base_dryup"":{""value"":0.8016251236724112,""score"":69.83748763275888},""V5_bo_expansion"":{""value"":0.36653536860783975,""score"":0},""_score"":16.54},""readiness"":{""_distance_atr"":-4.41,""BR1_atr_distance"":{""score"":0},""BR2_compression"":{""score"":14.026383305158838},""BR3_retest"":{""score"":50.0},""BR4_bo_age"":{""score"":50.0},""_score"":21.01},""risk"":{""R1_stop_clarity"":{""score"":72.13175653324505},""R2_stop_distance_pct"":{""value"":42.684181135140626,""score"":0.0},""R3_stop_distance_atr"":{""value"":6.81423370823685,""score"":0.0},""R4_rr_potential"":{""value"":0.28282823477360064,""score"":0.0},""_score"":25.25},""market"":{""M1_spy_regime"":{""score"":100.0},""M3_earnings_risk"":{""value"":null,""score"":80.0},""M4_vix"":{""value"":null,""score"":60.0},""_score"":84.0},""liquidity"":{""L1_price"":{""value"":6.8943,""score"":98.44715000000001},""L2_dollar_vol"":{""value"":16700503.498956261,""score"":61.1364782385829},""L3_spread_proxy"":{""value"":0.0638208375034448,""score"":36.17916249655519},""L4_volume_zscore"":{""value"":-1.8255940218519537,""score"":100.0},""_score"":77.68},""pattern_structure"":{""n_contractions"":5,""contractions_pct"":[26.5,24.23,17.74,16.34,19.61],""descending_strict"":false,""final_low"":4.0117,""final_pivot"":4.99,""structural_low"":4.0117,""dry_up_ratio"":1.0024820714954543,""current_price"":6.8943,""neckline_distance_pct"":-0.2762136837677502,""base_bars"":51},""pattern_geometry_features"":{""contraction_count"":5.0,""first_contraction_pct"":0.2650000740927345,""last_contraction_pct"":0.19605210420841682,""dry_up_ratio"":1.0024820714954543,""near_monotone"":0.0,""base_depth_pct"":0.4055243542818191},""_schema_version"":""1.0""}",,,,,,,,,,
20260610T172453Z-e22c49,2026-06-10T17:24:53.606196+00:00,VICR,vcp,absent,45.55,56.0,42.8,44.4,43.7,22.5,19.3,41.6,84.0,90.0,8.39,10.69,5.33,5.24,2.93,1.35,2.08,5.04,4.5,False,,275.425,316.82,227.535,257.67,"{""trend"":{""T1_ema_stack"":{""value"":[false,true,true],""score"":66.66666666666666},""T2_ema50_slope"":{""value"":0.8690018893021284,""score"":100},""T3_high_proximity"":{""value"":0.7963942863752025,""score"":0},""T4_rs_1m"":{""value"":-0.10707193546470883,""score"":0},""T5_rs_3m"":{""value"":0.4611056094535113,""score"":100},""T6_adr_healthy"":{""value"":8.573929487659981,""score"":85.65176280850046},""_score"":55.95},""geometry"":{""sub_contraction_count"":100.0,""sub_reduction_rate"":0,""sub_pivot_tightness"":0,""sub_volume_dryup"":51.7,""sub_base_depth"":0.0,""sub_base_duration"":100.0,""_score"":42.76},""compression"":{""VC1_atr_ratio"":{""value"":0.4612163412179521,""score"":100},""VC2_range_contraction"":{""value"":0.9817142507832703,""score"":3.047624869454942},""VC3_range_pct_rank"":{""score"":13.33333333333333},""_score"":44.4},""sr_quality"":{""SR1_touches"":{""value"":2,""score"":25.0},""SR2_tightness"":{""value"":1.25,""score"":91.34009333894825},""SR3_recency"":{""value"":240,""score"":0.0},""SR4_price_location"":{""score"":30.0},""SR5_reaction"":{""value"":3.089335102263601,""score"":100},""_score"":43.7,""_levels_found"":5,""_target_level"":232.25},""volume"":{""V1_rvol_day"":{""value"":0.5199937531652722,""score"":1.3329168776848124},""V2_rvol_sameslot"":{""value"":1.0023875733974459,""score"":33.49250489316306,""status"":""ok""},""V3_breakout_bar"":{""value"":0.6176855896741928,""score"":7.845705978279523},""V4_base_dryup"":{""value"":0.8213049548181105,""score"":67.86950451818895},""V5_bo_expansion"":{""value"":0.5199937531652722,""score"":0},""_score"":22.5},""readiness"":{""_distance_atr"":1.434,""BR1_atr_distance"":{""score"":4.406177004203471},""BR2_compression"":{""score"":0},""BR3_retest"":{""score"":50.0},""BR4_bo_age"":{""score"":50.0},""_score"":19.26},""risk"":{""R1_stop_clarity"":{""score"":75.99473873556452},""R2_stop_distance_pct"":{""value"":17.38767359535264,""score"":0.0},""R3_stop_distance_atr"":{""value"":1.6588917199910733,""score"":100.0},""R4_rr_potential"":{""value"":-0.3707454583420348,""score"":0.0},""_score"":41.6},""market"":{""M1_spy_regime"":{""score"":100.0},""M3_earnings_risk"":{""value"":null,""score"":80.0},""M4_vix"":{""value"":null,""score"":60.0},""_score"":84.0},""liquidity"":{""L1_price"":{""value"":275.425,""score"":100.0},""L2_dollar_vol"":{""value"":118994057.07942848,""score"":100.0},""L3_spread_proxy"":{""value"":0.11654715439774901,""score"":0},""L4_volume_zscore"":{""value"":-1.3163225816562936,""score"":100.0},""_score"":90.0},""pattern_structure"":{""n_contractions"":5,""contractions_pct"":[26.68,24.72,28.3,20.56,27.09],""descending_strict"":false,""final_low"":231.0,""final_pivot"":316.82,""structural_low"":231.0,""dry_up_ratio"":0.7417063137632268,""current_price"":275.425,""neckline_distance_pct"":0.15029499863846776,""base_bars"":66},""pattern_geometry_features"":{""contraction_count"":5.0,""first_contraction_pct"":0.2668024439918533,""last_contraction_pct"":0.27087936367653553,""dry_up_ratio"":0.7417063137632268,""near_monotone"":0.0,""base_depth_pct"":-0.34419551934826886},""_schema_version"":""1.0""}",,,,,,,,,,
20260610T172453Z-e22c49,2026-06-10T17:24:53.606196+00:00,GLW,vcp,invalidated,45.39,57.4,39.4,33.9,59.4,19.7,17.5,44.5,84.0,94.0,8.6,9.85,4.07,7.12,2.56,1.23,2.23,5.04,4.7,False,,168.535,199.93,169.8435,177.75,"{""trend"":{""T1_ema_stack"":{""value"":[false,true,true],""score"":66.66666666666666},""T2_ema50_slope"":{""value"":0.49416393611892656,""score"":100},""T3_high_proximity"":{""value"":0.8091751488381025,""score"":4.587574419051221},""T4_rs_1m"":{""value"":-0.17448881181086562,""score"":0},""T5_rs_3m"":{""value"":0.20006169666764073,""score"":100},""T6_adr_healthy"":{""value"":6.477204665439721,""score"":100.0},""_score"":57.35},""geometry"":{""sub_contraction_count"":100.0,""sub_reduction_rate"":0,""sub_pivot_tightness"":0,""sub_volume_dryup"":29.2,""sub_base_depth"":0.0,""sub_base_duration"":100.0,""_score"":39.38},""compression"":{""VC1_atr_ratio"":{""value"":0.7504975578140638,""score"":62.37561054648405},""VC2_range_contraction"":{""value"":1.1292220606144066,""score"":0},""VC3_range_pct_rank"":{""score"":35.83333333333333},""_score"":33.91},""sr_quality"":{""SR1_touches"":{""value"":4,""score"":75.0},""SR2_tightness"":{""value"":3.619837703544179,""score"":49.08360153256538},""SR3_recency"":{""value"":232,""score"":0.0},""SR4_price_location"":{""score"":57.931910193773426},""SR5_reaction"":{""value"":2.0295384615384626,""score"":100},""_score"":59.35,""_levels_found"":6,""_target_level"":174.515},""volume"":{""V1_rvol_day"":{""value"":0.46362896496317557,""score"":0},""V2_rvol_sameslot"":{""value"":0.9965981691735173,""score"":33.10654461156782,""status"":""ok""},""V3_breakout_bar"":{""value"":0.6769207897857521,""score"":11.79471931905014},""V4_base_dryup"":{""value"":0.9932030263877089,""score"":50.67969736122912},""V5_bo_expansion"":{""value"":0.46362896496317557,""score"":0},""_score"":19.71},""readiness"":{""_distance_atr"":2.208,""BR1_atr_distance"":{""score"":0},""BR2_compression"":{""score"":0},""BR3_retest"":{""score"":50.0},""BR4_bo_age"":{""score"":50.0},""_score"":17.5},""risk"":{""R1_stop_clarity"":{""score"":63.61916483516463},""R2_stop_distance_pct"":{""value"":-0.7764262616073794,""score"":30.58934345981552},""R3_stop_distance_atr"":{""value"":-0.09202989010988992,""score"":20.398505494505503},""R4_rr_potential"":{""value"":null,""score"":50.0},""_score"":44.5},""market"":{""M1_spy_regime"":{""score"":100.0},""M3_earnings_risk"":{""value"":null,""score"":80.0},""M4_vix"":{""value"":null,""score"":60.0},""_score"":84.0},""liquidity"":{""L1_price"":{""value"":168.535,""score"":100.0},""L2_dollar_vol"":{""value"":1015210864.0712725,""score"":100.0},""L3_spread_proxy"":{""value"":0.06009790251283103,""score"":39.90209748716897},""L4_volume_zscore"":{""value"":-2.0993860378010165,""score"":100.0},""_score"":93.99},""pattern_structure"":{""n_contractions"":5,""contractions_pct"":[15.69,10.33,17.26,19.83,13.75],""descending_strict"":false,""final_low"":172.43,""final_pivot"":199.93,""structural_low"":172.43,""dry_up_ratio"":0.8539125731087798,""current_price"":168.535,""neckline_distance_pct"":0.18628178123238504,""base_bars"":46},""pattern_geometry_features"":{""contraction_count"":5.0,""first_contraction_pct"":0.15687188019966716,""last_contraction_pct"":0.13754814184964737,""dry_up_ratio"":0.8539125731087798,""near_monotone"":0.0,""base_depth_pct"":-0.14762063227953415},""_schema_version"":""1.0""}",,,,,,,,,,
20260610T172453Z-e22c49,2026-06-10T17:24:53.606196+00:00,KVYO,vcp,forming,45.38,9.1,54.3,45.7,57.0,13.8,42.9,81.3,84.0,84.6,1.36,13.57,5.49,6.84,1.79,3.0,4.06,5.04,4.23,False,,14.86,15.45,13.9476,22.845,"{""trend"":{""T1_ema_stack"":{""value"":[false,false,false],""score"":0.0},""T2_ema50_slope"":{""value"":-0.6824397237298544,""score"":0},""T3_high_proximity"":{""value"":0.6369481354479212,""score"":0},""T4_rs_1m"":{""value"":-0.029662253650360237,""score"":20.33774634963976},""T5_rs_3m"":{""value"":-0.3308065898993484,""score"":0},""T6_adr_healthy"":{""value"":6.050951483253063,""score"":100.0},""_score"":9.07},""geometry"":{""sub_contraction_count"":100.0,""sub_reduction_rate"":0,""sub_pivot_tightness"":23.6,""sub_volume_dryup"":67.1,""sub_base_depth"":56.9,""sub_base_duration"":100.0,""_score"":54.29},""compression"":{""VC1_atr_ratio"":{""value"":0.6678620143362939,""score"":83.03449641592653},""VC2_range_contraction"":{""value"":1.1509155478628867,""score"":0},""VC3_range_pct_rank"":{""score"":50.0},""_score"":45.71},""sr_quality"":{""SR1_touches"":{""value"":2,""score"":25.0},""SR2_tightness"":{""value"":0.040000000000000036,""score"":92.56075933392226},""SR3_recency"":{""value"":240,""score"":0.0},""SR4_price_location"":{""score"":82.4247939263914},""SR5_reaction"":{""value"":2.1550550304543923,""score"":100},""_score"":56.99,""_levels_found"":6,""_target_level"":15.49},""volume"":{""V1_rvol_day"":{""value"":0.3236264673457369,""score"":0},""V2_rvol_sameslot"":{""value"":0.8585225051921352,""score"":23.90150034614235,""status"":""ok""},""V3_breakout_bar"":{""value"":0.8936824415129063,""score"":26.24549610086042},""V4_base_dryup"":{""value"":1.37800957145024,""score"":12.199042854976},""V5_bo_expansion"":{""value"":0.32362646734573697,""score"":0},""_score"":13.78},""readiness"":{""_distance_atr"":0.549,""BR1_atr_distance"":{""score"":63.42373339178451},""BR2_compression"":{""score"":0},""BR3_retest"":{""score"":50.0},""BR4_bo_age"":{""score"":50.0},""_score"":42.87},""risk"":{""R1_stop_clarity"":{""score"":60.49763206312715},""R2_stop_distance_pct"":{""value"":6.139973082099596,""score"":100.0},""R3_stop_distance_atr"":{""value"":0.8484453979661649,""score"":67.42226989830824},""R4_rr_potential"":{""value"":8.751644015782553,""score"":100.0},""_score"":81.29},""market"":{""M1_spy_regime"":{""score"":100.0},""M3_earnings_risk"":{""value"":null,""score"":80.0},""M4_vix"":{""value"":null,""score"":60.0},""_score"":84.0},""liquidity"":{""L1_price"":{""value"":14.86,""score"":100.0},""L2_dollar_vol"":{""value"":32520519.46606676,""score"":75.60787370871607},""L3_spread_proxy"":{""value"":0.056514131897712004,""score"":43.485868102287995},""L4_volume_zscore"":{""value"":-1.805157469278836,""score"":100.0},""_score"":84.59},""pattern_structure"":{""n_contractions"":5,""contractions_pct"":[18.91,17.92,14.2,42.47,8.35],""descending_strict"":false,""final_low"":14.16,""final_pivot"":15.45,""structural_low"":14.16,""dry_up_ratio"":0.6644403312910879,""current_price"":14.86,""neckline_distance_pct"":0.03970390309555854,""base_bars"":56},""pattern_geometry_features"":{""contraction_count"":5.0,""first_contraction_pct"":0.18905126420784038,""last_contraction_pct"":0.08349514563106791,""dry_up_ratio"":0.6644403312910879,""near_monotone"":0.0,""base_depth_pct"":0.3430758524704245},""_schema_version"":""1.0""}",,,,,,,,,,
20260610T172453Z-e22c49,2026-06-10T17:24:53.606196+00:00,ETN,vcp,invalidated,45.33,44.8,42.3,37.9,55.0,37.1,17.5,22.9,84.0,93.4,6.72,10.57,4.54,6.6,4.82,1.23,1.14,5.04,4.67,True,risk_unclear,376.34,435.43,382.4361,425.24,"{""trend"":{""T1_ema_stack"":{""value"":[false,true,true],""score"":66.66666666666666},""T2_ema50_slope"":{""value"":0.060320520847216404,""score"":60.053420141202736},""T3_high_proximity"":{""value"":0.8691254243550957,""score"":34.56271217754781},""T4_rs_1m"":{""value"":-0.08895032293658434,""score"":0},""T5_rs_3m"":{""value"":-0.021285463247219694,""score"":39.35726837639015},""T6_adr_healthy"":{""value"":3.3188041415059404,""score"":100.0},""_score"":44.77},""geometry"":{""sub_contraction_count"":100.0,""sub_reduction_rate"":0,""sub_pivot_tightness"":0,""sub_volume_dryup"":48.5,""sub_base_depth"":0.0,""sub_base_duration"":100.0,""_score"":42.27},""compression"":{""VC1_atr_ratio"":{""value"":0.6276733631768896,""score"":93.0816592057776},""VC2_range_contraction"":{""value"":1.081801750951583,""score"":0},""VC3_range_pct_rank"":{""score"":2.500000000000002},""_score"":37.86},""sr_quality"":{""SR1_touches"":{""value"":2,""score"":25.0},""SR2_tightness"":{""value"":1.1875,""score"":84.93991592623141},""SR3_recency"":{""value"":278,""score"":0.0},""SR4_price_location"":{""score"":79.16195464555668},""SR5_reaction"":{""value"":2.4814262737547357,""score"":100},""_score"":55.03,""_levels_found"":7,""_target_level"":379.2575},""volume"":{""V1_rvol_day"":{""value"":0.6541785263635129,""score"":10.278568424234196},""V2_rvol_sameslot"":{""value"":1.5673279777464075,""score"":71.15519851642716,""status"":""ok""},""V3_breakout_bar"":{""value"":1.0621646016410156,""score"":37.47764010940104},""V4_base_dryup"":{""value"":0.9277719211057679,""score"":57.22280788942321},""V5_bo_expansion"":{""value"":0.6541785263635129,""score"":0},""_score"":37.1},""readiness"":{""_distance_atr"":3.747,""BR1_atr_distance"":{""score"":0},""BR2_compression"":{""score"":0},""BR3_retest"":{""score"":50.0},""BR4_bo_age"":{""score"":50.0},""_score"":17.5},""risk"":{""R1_stop_clarity"":{""score"":26.14027483181418},""R2_stop_distance_pct"":{""value"":-1.6198384439602582,""score"":9.504038900993539},""R3_stop_distance_atr"":{""value"":-0.38655906746147917,""score"":5.672046626926042},""R4_rr_potential"":{""value"":null,""score"":50.0},""_score"":22.85},""market"":{""M1_spy_regime"":{""score"":100.0},""M3_earnings_risk"":{""value"":null,""score"":80.0},""M4_vix"":{""value"":null,""score"":60.0},""_score"":84.0},""liquidity"":{""L1_price"":{""value"":376.34,""score"":100.0},""L2_dollar_vol"":{""value"":599940904.3363582,""score"":100.0},""L3_spread_proxy"":{""value"":0.06587128660254016,""score"":34.12871339745985},""L4_volume_zscore"":{""value"":-1.8016403082437733,""score"":100.0},""_score"":93.41},""pattern_structure"":{""n_contractions"":5,""contractions_pct"":[10.53,5.28,10.11,7.1,10.83],""descending_strict"":false,""final_low"":388.26,""final_pivot"":435.43,""structural_low"":388.26,""dry_up_ratio"":0.7573931627175917,""current_price"":376.34,""neckline_distance_pct"":0.15701227613328383,""base_bars"":45},""pattern_geometry_features"":{""contraction_count"":5.0,""first_contraction_pct"":0.10532441082339247,""last_contraction_pct"":0.10832969708104635,""dry_up_ratio"":0.7573931627175917,""near_monotone"":0.0,""base_depth_pct"":-0.026952680720501488},""_schema_version"":""1.0""}",,,,,,,,,,
20260610T172453Z-e22c49,2026-06-10T17:24:53.606196+00:00,SBGSY,double_bottom,forming,45.32,43.6,64.0,24.8,45.7,3.8,17.5,59.0,84.0,78.7,6.54,16.0,1.98,6.39,0.5,1.4,3.54,5.04,3.94,True,risk_unclear,59.757,63.01,58.8193,66.305,"{""trend"":{""T1_ema_stack"":{""value"":[false,true,true],""score"":66.66666666666666},""T2_ema50_slope"":{""value"":0.08421400817634749,""score"":64.03566802939125},""T3_high_proximity"":{""value"":0.8944319712617871,""score"":47.21598563089352},""T4_rs_1m"":{""value"":-0.07634544250295228,""score"":0},""T5_rs_3m"":{""value"":-0.07269531450815436,""score"":13.652342745922816},""T6_adr_healthy"":{""value"":2.3548544221514067,""score"":100.0},""_score"":43.6},""geometry"":{""sub_low_similarity"":69.3,""sub_bounce_quality"":36.0,""sub_separation_fit"":100.0,""sub_right_bottom_reaction"":100,""sub_base_context"":30.0,""_score"":63.99},""compression"":{""VC1_atr_ratio"":{""value"":0.8045329266721634,""score"":48.86676833195916},""VC2_range_contraction"":{""value"":1.1188133729017342,""score"":0},""VC3_range_pct_rank"":{""score"":20.833333333333336},""_score"":24.76},""sr_quality"":{""SR1_touches"":{""value"":3,""score"":50.0},""SR2_tightness"":{""value"":0.20154955277108139,""score"":80.80140882880552},""SR3_recency"":{""value"":257,""score"":0.0},""SR4_price_location"":{""score"":14.19047619047619},""SR5_reaction"":{""value"":3.0306947714108143,""score"":100},""_score"":45.67,""_levels_found"":5,""_target_level"":65.4633},""volume"":{""V1_rvol_day"":{""value"":0.6226111356340075,""score"":8.174075708933833},""V2_rvol_sameslot"":{""value"":0.40232368332613183,""score"":0,""status"":""ok""},""V3_breakout_bar"":{""value"":0.26656487578331267,""score"":0},""V4_base_dryup"":{""value"":1.391275067209349,""score"":10.872493279065097},""V5_bo_expansion"":{""value"":0.6226111356340075,""score"":0},""_score"":3.81},""readiness"":{""_distance_atr"":1.549,""BR1_atr_distance"":{""score"":0},""BR2_compression"":{""score"":0},""BR3_retest"":{""score"":50.0},""BR4_bo_age"":{""score"":50.0},""_score"":17.5},""risk"":{""R1_stop_clarity"":{""score"":14.677766135507113},""R2_stop_distance_pct"":{""value"":1.5692303830513468,""score"":89.23075957628367},""R3_stop_distance_atr"":{""value"":0.44661470736320363,""score"":47.330735368160184},""R4_rr_potential"":{""value"":6.982857447545967,""score"":100.0},""_score"":59.01},""market"":{""M1_spy_regime"":{""score"":100.0},""M3_earnings_risk"":{""value"":null,""score"":80.0},""M4_vix"":{""value"":null,""score"":60.0},""_score"":84.0},""liquidity"":{""L1_price"":{""value"":59.757,""score"":100.0},""L2_dollar_vol"":{""value"":12259566.849,""score"":54.423756305154484},""L3_spread_proxy"":{""value"":0.030622353866492664,""score"":69.37764613350734},""L4_volume_zscore"":{""value"":-1.1471782606053107,""score"":100.0},""_score"":78.71},""pattern_structure"":{""left_low"":60.64,""left_idx"":64,""right_low"":59.715,""right_idx"":74,""separation_bars"":10,""structural_low"":59.715,""current_price"":59.7092,""neckline_distance_pct"":0.05528126318892223,""base_bars"":10},""pattern_geometry_features"":{""low_similarity_pct"":0.015371193552407413,""bounce_pct"":0.055178765804236696,""right_bottom_reaction"":1.0,""atr_pct"":0.03513611077243792},""_schema_version"":""1.0""}",,,,,,,,,,
20260610T172453Z-e22c49,2026-06-10T17:24:53.606196+00:00,OMCL,vcp,invalidated,45.3,48.8,45.2,43.1,49.2,34.6,17.5,20.7,84.0,76.4,7.32,11.29,5.17,5.91,4.49,1.23,1.03,5.04,3.82,False,,38.865,44.89,40.1289,46.58,"{""trend"":{""T1_ema_stack"":{""value"":[false,true,true],""score"":66.66666666666666},""T2_ema50_slope"":{""value"":0.26138274684347423,""score"":93.56379114057904},""T3_high_proximity"":{""value"":0.8539881344759395,""score"":26.99406723796971},""T4_rs_1m"":{""value"":-0.08956142271776335,""score"":0},""T5_rs_3m"":{""value"":-0.0420912119226684,""score"":28.954394038665797},""T6_adr_healthy"":{""value"":3.792430218983162,""score"":100.0},""_score"":48.77},""geometry"":{""sub_contraction_count"":100.0,""sub_reduction_rate"":18.0,""sub_pivot_tightness"":10.9,""sub_volume_dryup"":26.9,""sub_base_depth"":0.0,""sub_base_duration"":100.0,""_score"":45.17},""compression"":{""VC1_atr_ratio"":{""value"":0.556733248961985,""score"":100},""VC2_range_contraction"":{""value"":1.087342643129281,""score"":0},""VC3_range_pct_rank"":{""score"":12.5},""_score"":43.12},""sr_quality"":{""SR1_touches"":{""value"":2,""score"":25.0},""SR2_tightness"":{""value"":0.41249999999999787,""score"":53.06270903349846},""SR3_recency"":{""value"":261,""score"":0.0},""SR4_price_location"":{""score"":82.93284041897716},""SR5_reaction"":{""value"":1.7366797657605675,""score"":86.83398828802838},""_score"":49.22,""_levels_found"":5,""_target_level"":39.5575},""volume"":{""V1_rvol_day"":{""value"":0.6953640981553911,""score"":13.024273210359407},""V2_rvol_sameslot"":{""value"":1.3139558956163504,""score"":54.263726374423356,""status"":""ok""},""V3_breakout_bar"":{""value"":0.850180773804932,""score"":23.345384920328797},""V4_base_dryup"":{""value"":0.7365794209556698,""score"":76.34205790443303},""V5_bo_expansion"":{""value"":0.6953640981553912,""score"":0},""_score"":34.56},""readiness"":{""_distance_atr"":3.428,""BR1_atr_distance"":{""score"":0},""BR2_compression"":{""score"":0},""BR3_retest"":{""score"":50.0},""BR4_bo_age"":{""score"":50.0},""_score"":17.5},""risk"":{""R1_stop_clarity"":{""score"":30.46453694635329},""R2_stop_distance_pct"":{""value"":-3.2520262446931674,""score"":0.0},""R3_stop_distance_atr"":{""value"":-0.7190792976068072,""score"":0.0},""R4_rr_potential"":{""value"":null,""score"":50.0},""_score"":20.66},""market"":{""M1_spy_regime"":{""score"":100.0},""M3_earnings_risk"":{""value"":null,""score"":80.0},""M4_vix"":{""value"":null,""score"":60.0},""_score"":84.0},""liquidity"":{""L1_price"":{""value"":38.865,""score"":100.0},""L2_dollar_vol"":{""value"":13198635.41036004,""score"":56.02645161943851},""L3_spread_proxy"":{""value"":0.059693811913032295,""score"":40.30618808696771},""L4_volume_zscore"":{""value"":-1.0988009362851723,""score"":100.0},""_score"":76.44},""pattern_structure"":{""n_contractions"":5,""contractions_pct"":[20.17,10.86,9.31,5.64,9.24],""descending_strict"":false,""final_low"":40.74,""final_pivot"":44.89,""structural_low"":40.74,""dry_up_ratio"":0.8654776586761594,""current_price"":38.865,""neckline_distance_pct"":0.15502380033449115,""base_bars"":62},""pattern_geometry_features"":{""contraction_count"":5.0,""first_contraction_pct"":0.2017440490219185,""last_contraction_pct"":0.09244820672755621,""dry_up_ratio"":0.8654776586761594,""near_monotone"":0.0,""base_depth_pct"":0.039830308743813284},""_schema_version"":""1.0""}",,,,,,,,,,
20260610T172453Z-e22c49,2026-06-10T17:24:53.606196+00:00,APP,bull_flag,absent,45.26,70.6,19.7,61.1,68.4,22.1,21.2,76.0,84.0,96.2,9.88,5.91,5.5,6.84,3.09,1.91,2.28,5.04,4.81,False,,499.955,595.0,490.5793,635.77,"{""trend"":{""T1_ema_stack"":{""value"":[false,true,true],""score"":66.66666666666666},""T2_ema50_slope"":{""value"":0.520809459164584,""score"":100},""T3_high_proximity"":{""value"":0.8146569985334853,""score"":7.328499266742616},""T4_rs_1m"":{""value"":0.05787626984859684,""score"":100},""T5_rs_3m"":{""value"":0.004399239791355702,""score"":52.19961989567785},""T6_adr_healthy"":{""value"":6.552815771867547,""score"":100.0},""_score"":70.6},""geometry"":{""sub_pole_impulse"":0.0,""sub_flag_tightness"":0,""sub_flag_shallowness"":0,""sub_flag_drift"":64.7,""sub_flag_duration"":100.0,""_score"":19.7},""compression"":{""VC1_atr_ratio"":{""value"":0.501075893214711,""score"":100},""VC2_range_contraction"":{""value"":0.9984479222492237,""score"":0.2586796251293766},""VC3_range_pct_rank"":{""score"":84.16666666666667},""_score"":61.13},""sr_quality"":{""SR1_touches"":{""value"":5,""score"":100},""SR2_tightness"":{""value"":9.683416347632685,""score"":49.48635859564179},""SR3_recency"":{""value"":241,""score"":0.0},""SR4_price_location"":{""score"":73.77161227192283},""SR5_reaction"":{""value"":1.6652660709039258,""score"":83.2633035451963},""_score"":68.36,""_levels_found"":5,""_target_level"":509.894},""volume"":{""V1_rvol_day"":{""value"":0.5186203679725258,""score"":1.24135786483505},""V2_rvol_sameslot"":{""value"":0.9789585441632779,""score"":31.93056961088519,""status"":""ok""},""V3_breakout_bar"":{""value"":0.8693812627174424,""score"":24.625417514496164},""V4_base_dryup"":{""value"":1.034984555937562,""score"":46.50154440624381},""V5_bo_expansion"":{""value"":0.5186203679725258,""score"":0},""_score"":22.09},""readiness"":{""_distance_atr"":2.479,""BR1_atr_distance"":{""score"":0},""BR2_compression"":{""score"":14.90553998394691},""BR3_retest"":{""score"":50.0},""BR4_bo_age"":{""score"":50.0},""_score"":21.23},""risk"":{""R1_stop_clarity"":{""score"":61.028755454280684},""R2_stop_distance_pct"":{""value"":1.8753187786900785,""score"":96.88296946725197},""R3_stop_distance_atr"":{""value"":0.24454348361913245,""score"":37.227174180956624},""R4_rr_potential"":{""value"":14.48577447137565,""score"":100.0},""_score"":76.01},""market"":{""M1_spy_regime"":{""score"":100.0},""M3_earnings_risk"":{""value"":null,""score"":80.0},""M4_vix"":{""value"":null,""score"":60.0},""_score"":84.0},""liquidity"":{""L1_price"":{""value"":499.955,""score"":100.0},""L2_dollar_vol"":{""value"":1213064743.757853,""score"":100.0},""L3_spread_proxy"":{""value"":0.03814343290896179,""score"":61.85656709103821},""L4_volume_zscore"":{""value"":-1.4799797432832418,""score"":100.0},""_score"":96.19},""pattern_structure"":{""pole_low"":554.23,""pole_low_idx"":37,""peak_price"":595.0,""peak_idx"":39,""pole_gain"":0.07356151778142644,""flag_bars"":20,""flag_low"":498.05,""flag_high"":573.7,""structural_low"":498.05,""current_price"":506.68,""neckline_distance_pct"":0.1743112023367806,""base_bars"":20},""pattern_geometry_features"":{""pole_gain"":0.07356151778142644,""pullback_pct"":0.16294117647058823,""flag_range_pct"":0.1271428571428572,""flag_drift_per_bar"":-0.00705566117868289,""atr_pct"":0.07668651607216077,""pole_atr_multiple"":0.959249703196925},""_schema_version"":""1.0""}",,,,,,,,,,
20260610T172453Z-e22c49,2026-06-10T17:24:53.606196+00:00,VSEC,double_bottom,absent,45.18,14.4,48.6,52.1,60.6,23.8,17.5,76.0,84.0,82.3,2.16,12.15,4.17,8.49,3.1,1.4,4.56,5.04,4.11,False,,173.21,187.715,165.4307,207.48,"{""trend"":{""T1_ema_stack"":{""value"":[false,false,true],""score"":33.33333333333333},""T2_ema50_slope"":{""value"":-0.26818588891833905,""score"":5.302351846943488},""T3_high_proximity"":{""value"":0.7647240618101545,""score"":0},""T4_rs_1m"":{""value"":-0.08127381636787767,""score"":0},""T5_rs_3m"":{""value"":-0.27453891216075177,""score"":0},""T6_adr_healthy"":{""value"":5.184630550130929,""score"":100.0},""_score"":14.39},""geometry"":{""sub_low_similarity"":25.4,""sub_bounce_quality"":100,""sub_separation_fit"":0.0,""sub_right_bottom_reaction"":100,""sub_base_context"":30.0,""_score"":48.62},""compression"":{""VC1_atr_ratio"":{""value"":0.4940059881790509,""score"":100},""VC2_range_contraction"":{""value"":0.8460007451396925,""score"":25.666542476717925},""VC3_range_pct_rank"":{""score"":12.5},""_score"":52.11},""sr_quality"":{""SR1_touches"":{""value"":4,""score"":75.0},""SR2_tightness"":{""value"":1.696647429491471,""score"":63.26322177431898},""SR3_recency"":{""value"":228,""score"":0.0},""SR4_price_location"":{""score"":55.36666968080297},""SR5_reaction"":{""value"":1.9721846953960183,""score"":98.6092347698009},""_score"":60.62,""_levels_found"":5,""_target_level"":185.55},""volume"":{""V1_rvol_day"":{""value"":0.3935411530786654,""score"":0},""V2_rvol_sameslot"":{""value"":0.8233495062429916,""score"":21.556633749532775,""status"":""ok""},""V3_breakout_bar"":{""value"":0.5667290950076239,""score"":4.448606333841595},""V4_base_dryup"":{""value"":0.5803388673750829,""score"":91.96611326249172},""V5_bo_expansion"":{""value"":0.39354115307866544,""score"":0},""_score"":23.82},""readiness"":{""_distance_atr"":1.57,""BR1_atr_distance"":{""score"":0},""BR2_compression"":{""score"":0},""BR3_retest"":{""score"":50.0},""BR4_bo_age"":{""score"":50.0},""_score"":17.5},""risk"":{""R1_stop_clarity"":{""score"":45.45176155261304},""R2_stop_distance_pct"":{""value"":4.491224525142901,""score"":100.0},""R3_stop_distance_atr"":{""value"":0.8422037986341888,""score"":67.11018993170944},""R4_rr_potential"":{""value"":4.405308995083065,""score"":100.0},""_score"":75.97},""market"":{""M1_spy_regime"":{""score"":100.0},""M3_earnings_risk"":{""value"":null,""score"":80.0},""M4_vix"":{""value"":null,""score"":60.0},""_score"":84.0},""liquidity"":{""L1_price"":{""value"":173.21,""score"":100.0},""L2_dollar_vol"":{""value"":27945611.28801713,""score"":72.31568069510756},""L3_spread_proxy"":{""value"":0.06633566191328434,""score"":33.66433808671566},""L4_volume_zscore"":{""value"":-1.7854631300694945,""score"":100.0},""_score"":82.29},""pattern_structure"":{""left_low"":174.33,""left_idx"":27,""right_low"":167.95,""right_idx"":74,""separation_bars"":47,""structural_low"":167.95,""current_price"":174.38,""neckline_distance_pct"":0.0764709255648584,""base_bars"":47},""pattern_geometry_features"":{""low_similarity_pct"":0.03727942035760211,""bounce_pct"":0.1176838344745461,""right_bottom_reaction"":1.0,""atr_pct"":0.05332705139096225},""_schema_version"":""1.0""}",,,,,,,,,,
20260610T172453Z-e22c49,2026-06-10T17:24:53.606196+00:00,VRT,vcp,invalidated,44.92,43.9,35.0,45.6,62.8,32.9,17.5,27.3,84.0,93.5,6.58,8.75,5.47,7.54,4.27,1.23,1.37,5.04,4.68,False,,277.8099,343.31,302.6906,318.0599,"{""trend"":{""T1_ema_stack"":{""value"":[false,true,true],""score"":66.66666666666666},""T2_ema50_slope"":{""value"":0.23813378277993952,""score"":89.6889637966566},""T3_high_proximity"":{""value"":0.7384044334582569,""score"":0},""T4_rs_1m"":{""value"":-0.23205412559473182,""score"":0},""T5_rs_3m"":{""value"":-0.04344483507025276,""score"":28.277582464873618},""T6_adr_healthy"":{""value"":5.4904310147563455,""score"":100.0},""_score"":43.85},""geometry"":{""sub_contraction_count"":100.0,""sub_reduction_rate"":0,""sub_pivot_tightness"":0,""sub_volume_dryup"":0,""sub_base_depth"":0.0,""sub_base_duration"":100.0,""_score"":35.0},""compression"":{""VC1_atr_ratio"":{""value"":0.5020236062899394,""score"":100},""VC2_range_contraction"":{""value"":1.1142467224662438,""score"":0},""VC3_range_pct_rank"":{""score"":22.499999999999996},""_score"":45.62},""sr_quality"":{""SR1_touches"":{""value"":3,""score"":50.0},""SR2_tightness"":{""value"":3.0832486474856737,""score"":66.18703335175515},""SR3_recency"":{""value"":278,""score"":0.0},""SR4_price_location"":{""score"":99.77175348675924},""SR5_reaction"":{""value"":1.7297616982043256,""score"":86.48808491021627},""_score"":62.84,""_levels_found"":8,""_target_level"":277.8533},""volume"":{""V1_rvol_day"":{""value"":0.6171686964264231,""score"":7.811246428428209},""V2_rvol_sameslot"":{""value"":1.3647559273085685,""score"":57.65039515390457,""status"":""ok""},""V3_breakout_bar"":{""value"":0.6701971823188676,""score"":11.34647882125784},""V4_base_dryup"":{""value"":0.6535108792896578,""score"":84.64891207103422},""V5_bo_expansion"":{""value"":0.6171686964264231,""score"":0},""_score"":32.86},""readiness"":{""_distance_atr"":3.592,""BR1_atr_distance"":{""score"":0},""BR2_compression"":{""score"":0},""BR3_retest"":{""score"":50.0},""BR4_bo_age"":{""score"":50.0},""_score"":17.5},""risk"":{""R1_stop_clarity"":{""score"":49.44912386108182},""R2_stop_distance_pct"":{""value"":-8.956015786334445,""score"":0.0},""R3_stop_distance_atr"":{""value"":-1.3642918959059438,""score"":0.0},""R4_rr_potential"":{""value"":null,""score"":50.0},""_score"":27.31},""market"":{""M1_spy_regime"":{""score"":100.0},""M3_earnings_risk"":{""value"":null,""score"":80.0},""M4_vix"":{""value"":null,""score"":60.0},""_score"":84.0},""liquidity"":{""L1_price"":{""value"":277.8099,""score"":100.0},""L2_dollar_vol"":{""value"":1017163476.0396454,""score"":100.0},""L3_spread_proxy"":{""value"":0.0649364907442104,""score"":35.0635092557896},""L4_volume_zscore"":{""value"":-1.2035095253646402,""score"":100.0},""_score"":93.51},""pattern_structure"":{""n_contractions"":5,""contractions_pct"":[17.85,6.33,11.02,17.29,10.49],""descending_strict"":false,""final_low"":307.3001,""final_pivot"":343.31,""structural_low"":307.3001,""dry_up_ratio"":1.080511931925496,""current_price"":277.8099,""neckline_distance_pct"":0.23577309519927103,""base_bars"":44},""pattern_geometry_features"":{""contraction_count"":5.0,""first_contraction_pct"":0.1785144477929446,""last_contraction_pct"":0.1048903323526842,""dry_up_ratio"":1.080511931925496,""near_monotone"":0.0,""base_depth_pct"":-0.08952348874313056},""_schema_version"":""1.0""}",,,,,,,,,,
20260610T172453Z-e22c49,2026-06-10T17:24:53.606196+00:00,EXLS,vcp,absent,44.66,23.6,50.0,56.7,49.7,11.2,26.2,69.0,84.0,81.8,3.53,12.49,6.8,5.96,1.45,1.84,3.45,5.04,4.09,True,risk_unclear,29.245,30.42,27.9149,33.485,"{""trend"":{""T1_ema_stack"":{""value"":[false,false,false],""score"":0.0},""T2_ema50_slope"":{""value"":-0.19673394691703822,""score"":17.2110088471603},""T3_high_proximity"":{""value"":0.9173462986198244,""score"":58.67314930991219},""T4_rs_1m"":{""value"":-0.0184382360026788,""score"":31.5617639973212},""T5_rs_3m"":{""value"":-0.12207435825690882,""score"":0},""T6_adr_healthy"":{""value"":3.623120371972151,""score"":100.0},""_score"":23.56},""geometry"":{""sub_contraction_count"":100.0,""sub_reduction_rate"":0,""sub_pivot_tightness"":45.1,""sub_volume_dryup"":22.8,""sub_base_depth"":47.6,""sub_base_duration"":100.0,""_score"":49.95},""compression"":{""VC1_atr_ratio"":{""value"":0.4147910803563988,""score"":100},""VC2_range_contraction"":{""value"":0.8852672994521716,""score"":19.122116757971394},""VC3_range_pct_rank"":{""score"":40.0},""_score"":56.69},""sr_quality"":{""SR1_touches"":{""value"":2,""score"":25.0},""SR2_tightness"":{""value"":0.20000000000000107,""score"":60.091524387605986},""SR3_recency"":{""value"":258,""score"":0.0},""SR4_price_location"":{""score"":72.6765799256505},""SR5_reaction"":{""value"":2.6763621457561597,""score"":100},""_score"":49.68,""_levels_found"":9,""_target_level"":29.49},""volume"":{""V1_rvol_day"":{""value"":0.2447731516410773,""score"":0},""V2_rvol_sameslot"":{""value"":0.5509609545844539,""score"":3.397396972296929,""status"":""ok""},""V3_breakout_bar"":{""value"":0.5061401772571164,""score"":0.4093451504744235},""V4_base_dryup"":{""value"":0.9795660824433263,""score"":52.043391755667365},""V5_bo_expansion"":{""value"":0.24477315164107732,""score"":0},""_score"":11.19},""readiness"":{""_distance_atr"":1.172,""BR1_atr_distance"":{""score"":21.845901925728782},""BR2_compression"":{""score"":0},""BR3_retest"":{""score"":50.0},""BR4_bo_age"":{""score"":50.0},""_score"":26.24},""risk"":{""R1_stop_clarity"":{""score"":15.174535085856903},""R2_stop_distance_pct"":{""value"":4.5481278851085705,""score"":100.0},""R3_stop_distance_atr"":{""value"":1.3270565853011262,""score"":91.35282926505631},""R4_rr_potential"":{""value"":3.187730245846172,""score"":100.0},""_score"":69.01},""market"":{""M1_spy_regime"":{""score"":100.0},""M3_earnings_risk"":{""value"":null,""score"":80.0},""M4_vix"":{""value"":null,""score"":60.0},""_score"":84.0},""liquidity"":{""L1_price"":{""value"":29.245,""score"":100.0},""L2_dollar_vol"":{""value"":17774231.096882254,""score"":62.48954112380645},""L3_spread_proxy"":{""value"":0.03231321593434776,""score"":67.68678406565223},""L4_volume_zscore"":{""value"":-2.21570228852186,""score"":100.0},""_score"":81.76},""pattern_structure"":{""n_contractions"":5,""contractions_pct"":[6.73,8.42,8.55,18.74,6.84],""descending_strict"":false,""final_low"":28.34,""final_pivot"":30.42,""structural_low"":28.34,""dry_up_ratio"":0.8859310474643951,""current_price"":29.245,""neckline_distance_pct"":0.040177808172337175,""base_bars"":47},""pattern_geometry_features"":{""contraction_count"":5.0,""first_contraction_pct"":0.06734596401846846,""last_contraction_pct"":0.06837606837606844,""dry_up_ratio"":0.8859310474643951,""near_monotone"":0.0,""base_depth_pct"":0.09759592421588922},""_schema_version"":""1.0""}",,,,,,,,,,
20260610T172453Z-e22c49,2026-06-10T17:24:53.606196+00:00,QFIN,vcp,setup,44.51,66.4,45.0,24.3,37.1,20.4,35.8,39.5,84.0,75.2,9.97,11.25,2.92,4.45,2.65,2.5,1.98,5.04,3.76,False,,14.81,14.0,11.1403,16.4,"{""trend"":{""T1_ema_stack"":{""value"":[true,true,false],""score"":66.66666666666666},""T2_ema50_slope"":{""value"":0.13361423731554917,""score"":72.26903955259152},""T3_high_proximity"":{""value"":0.8758131283264341,""score"":37.90656416321703},""T4_rs_1m"":{""value"":0.13653575019801978,""score"":100},""T5_rs_3m"":{""value"":-0.038285293601086234,""score"":30.85735319945688},""T6_adr_healthy"":{""value"":5.658257729462844,""score"":100.0},""_score"":66.44},""geometry"":{""sub_contraction_count"":100.0,""sub_reduction_rate"":0,""sub_pivot_tightness"":0,""sub_volume_dryup"":0,""sub_base_depth"":100.0,""sub_base_duration"":100.0,""_score"":45.0},""compression"":{""VC1_atr_ratio"":{""value"":0.7920015507901337,""score"":51.99961230246658},""VC2_range_contraction"":{""value"":1.4042117974684944,""score"":0},""VC3_range_pct_rank"":{""score"":14.166666666666671},""_score"":24.34},""sr_quality"":{""SR1_touches"":{""value"":2,""score"":25.0},""SR2_tightness"":{""value"":0.08505000000000074,""score"":84.96125695448704},""SR3_recency"":{""value"":232,""score"":0.0},""SR4_price_location"":{""score"":7.403621208248894},""SR5_reaction"":{""value"":2.2324266976526825,""score"":100},""_score"":37.1,""_levels_found"":4,""_target_level"":17.1651},""volume"":{""V1_rvol_day"":{""value"":0.3631463987199182,""score"":0},""V2_rvol_sameslot"":{""value"":0.620753100523748,""score"":8.0502067015832,""status"":""ok""},""V3_breakout_bar"":{""value"":0.9255117608905579,""score"":28.36745072603719},""V4_base_dryup"":{""value"":0.9177004824375743,""score"":58.22995175624257},""V5_bo_expansion"":{""value"":0.3631463987199183,""score"":0},""_score"":20.35},""readiness"":{""_distance_atr"":-0.716,""BR1_atr_distance"":{""score"":45.67738757570206},""BR2_compression"":{""score"":0},""BR3_retest"":{""score"":50.0},""BR4_bo_age"":{""score"":50.0},""_score"":35.77},""risk"":{""R1_stop_clarity"":{""score"":70.0020839779981},""R2_stop_distance_pct"":{""value"":24.778190411883866,""score"":0.0},""R3_stop_distance_atr"":{""value"":3.2443811532607962,""score"":100.0},""R4_rr_potential"":{""value"":0.4332838281579981,""score"":0.0},""_score"":39.5},""market"":{""M1_spy_regime"":{""score"":100.0},""M3_earnings_risk"":{""value"":null,""score"":80.0},""M4_vix"":{""value"":null,""score"":60.0},""_score"":84.0},""liquidity"":{""L1_price"":{""value"":14.81,""score"":100.0},""L2_dollar_vol"":{""value"":10988258.833563222,""score"":52.04644404390733},""L3_spread_proxy"":{""value"":0.056718433490884526,""score"":43.28156650911547},""L4_volume_zscore"":{""value"":-0.8791969303305395,""score"":100.0},""_score"":75.15},""pattern_structure"":{""n_contractions"":5,""contractions_pct"":[10.36,5.08,13.26,6.19,19.21],""descending_strict"":false,""final_low"":11.31,""final_pivot"":14.0,""structural_low"":11.31,""dry_up_ratio"":1.2682931405200548,""current_price"":14.81,""neckline_distance_pct"":-0.05469277515192441,""base_bars"":41},""pattern_geometry_features"":{""contraction_count"":5.0,""first_contraction_pct"":0.10357403355215183,""last_contraction_pct"":0.19214285714285712,""dry_up_ratio"":1.2682931405200548,""near_monotone"":0.0,""base_depth_pct"":0.17505470459518602},""_schema_version"":""1.0""}",,,,,,,,,,
20260610T172453Z-e22c49,2026-06-10T17:24:53.606196+00:00,VSEC,vcp,forming,44.51,14.4,51.4,52.1,60.6,20.5,17.5,58.5,84.0,82.3,2.16,12.85,6.25,7.27,2.67,1.23,2.93,5.04,4.11,False,,173.21,212.58,153.8718,281.365,"{""trend"":{""T1_ema_stack"":{""value"":[false,false,true],""score"":33.33333333333333},""T2_ema50_slope"":{""value"":-0.26818588891833905,""score"":5.302351846943488},""T3_high_proximity"":{""value"":0.7647240618101545,""score"":0},""T4_rs_1m"":{""value"":-0.08127381636787767,""score"":0},""T5_rs_3m"":{""value"":-0.27453891216075177,""score"":0},""T6_adr_healthy"":{""value"":5.184630550130929,""score"":100.0},""_score"":14.39},""geometry"":{""sub_contraction_count"":100.0,""sub_reduction_rate"":0,""sub_pivot_tightness"":0,""sub_volume_dryup"":46.5,""sub_base_depth"":94.3,""sub_base_duration"":100.0,""_score"":51.41},""compression"":{""VC1_atr_ratio"":{""value"":0.4940059881790509,""score"":100},""VC2_range_contraction"":{""value"":0.8460007451396925,""score"":25.666542476717925},""VC3_range_pct_rank"":{""score"":12.5},""_score"":52.11},""sr_quality"":{""SR1_touches"":{""value"":4,""score"":75.0},""SR2_tightness"":{""value"":1.696647429491471,""score"":63.26322177431898},""SR3_recency"":{""value"":228,""score"":0.0},""SR4_price_location"":{""score"":55.36666968080297},""SR5_reaction"":{""value"":1.9721846953960183,""score"":98.6092347698009},""_score"":60.62,""_levels_found"":5,""_target_level"":185.55},""volume"":{""V1_rvol_day"":{""value"":0.3935411530786654,""score"":0},""V2_rvol_sameslot"":{""value"":0.8233495062429916,""score"":21.556633749532775,""status"":""ok""},""V3_breakout_bar"":{""value"":0.5667290950076239,""score"":4.448606333841595},""V4_base_dryup"":{""value"":0.7452670402195362,""score"":75.47329597804638},""V5_bo_expansion"":{""value"":0.39354115307866544,""score"":0},""_score"":20.52},""readiness"":{""_distance_atr"":4.262,""BR1_atr_distance"":{""score"":0},""BR2_compression"":{""score"":0},""BR3_retest"":{""score"":50.0},""BR4_bo_age"":{""score"":50.0},""_score"":17.5},""risk"":{""R1_stop_clarity"":{""score"":49.26315528991654},""R2_stop_distance_pct"":{""value"":11.164612320304828,""score"":20.884691992379302},""R3_stop_distance_atr"":{""value"":2.0936114090487634,""score"":100.0},""R4_rr_potential"":{""value"":5.592809060810908,""score"":100.0},""_score"":58.51},""market"":{""M1_spy_regime"":{""score"":100.0},""M3_earnings_risk"":{""value"":null,""score"":80.0},""M4_vix"":{""value"":null,""score"":60.0},""_score"":84.0},""liquidity"":{""L1_price"":{""value"":173.21,""score"":100.0},""L2_dollar_vol"":{""value"":27945611.28801713,""score"":72.31568069510756},""L3_spread_proxy"":{""value"":0.06633566191328434,""score"":33.66433808671566},""L4_volume_zscore"":{""value"":-1.7854631300694945,""score"":100.0},""_score"":82.29},""pattern_structure"":{""n_contractions"":5,""contractions_pct"":[17.11,10.31,26.65,31.39,26.51],""descending_strict"":false,""final_low"":156.215,""final_pivot"":212.58,""structural_low"":156.215,""dry_up_ratio"":0.7672932769464074,""current_price"":173.21,""neckline_distance_pct"":0.22729634547658914,""base_bars"":75},""pattern_geometry_features"":{""contraction_count"":5.0,""first_contraction_pct"":0.1711111111111111,""last_contraction_pct"":0.2651472386866121,""dry_up_ratio"":0.7672932769464074,""near_monotone"":0.0,""base_depth_pct"":0.3057111111111111},""_schema_version"":""1.0""}",,,,,,,,,,
20260610T172453Z-e22c49,2026-06-10T17:24:53.606196+00:00,NVT,bull_flag,absent,44.45,62.8,21.7,41.2,39.9,57.2,17.5,73.2,84.0,92.6,8.79,6.51,3.71,3.99,8.01,1.57,2.2,5.04,4.63,False,,155.47,175.99,150.7148,189.71,"{""trend"":{""T1_ema_stack"":{""value"":[false,true,true],""score"":66.66666666666666},""T2_ema50_slope"":{""value"":0.5231613930037236,""score"":100},""T3_high_proximity"":{""value"":0.8813991722886786,""score"":40.69958614433927},""T4_rs_1m"":{""value"":-0.09048730806853322,""score"":0},""T5_rs_3m"":{""value"":0.32045165067693504,""score"":100},""T6_adr_healthy"":{""value"":4.37384384486552,""score"":100.0},""_score"":62.77},""geometry"":{""sub_pole_impulse"":16.0,""sub_flag_tightness"":0,""sub_flag_shallowness"":0,""sub_flag_drift"":79.3,""sub_flag_duration"":50.0,""_score"":21.7},""compression"":{""VC1_atr_ratio"":{""value"":0.5628101355910238,""score"":100},""VC2_range_contraction"":{""value"":1.3171225704727498,""score"":0},""VC3_range_pct_rank"":{""score"":5.000000000000004},""_score"":41.25},""sr_quality"":{""SR1_touches"":{""value"":2,""score"":25.0},""SR2_tightness"":{""value"":2.005499999999998,""score"":50.01593323352074},""SR3_recency"":{""value"":236,""score"":0.0},""SR4_price_location"":{""score"":53.502471536863425},""SR5_reaction"":{""value"":1.5377172572051148,""score"":76.88586286025574},""_score"":39.91,""_levels_found"":7,""_target_level"":172.9945},""volume"":{""V1_rvol_day"":{""value"":0.5381924437911407,""score"":2.546162919409382},""V2_rvol_sameslot"":{""value"":2.427378134786091,""score"":100,""status"":""ok""},""V3_breakout_bar"":{""value"":1.8597708363689194,""score"":90.6513890912613},""V4_base_dryup"":{""value"":0.7969283469471429,""score"":70.30716530528571},""V5_bo_expansion"":{""value"":0.5381924437911408,""score"":0},""_score"":57.23},""readiness"":{""_distance_atr"":2.557,""BR1_atr_distance"":{""score"":0},""BR2_compression"":{""score"":0},""BR3_retest"":{""score"":50.0},""BR4_bo_age"":{""score"":50.0},""_score"":17.5},""risk"":{""R1_stop_clarity"":{""score"":42.796843261488235},""R2_stop_distance_pct"":{""value"":3.0585643532514406,""score"":100.0},""R3_stop_distance_atr"":{""value"":0.5925747571294561,""score"":54.628737856472796},""R4_rr_potential"":{""value"":7.200614071059778,""score"":100.0},""_score"":73.17},""market"":{""M1_spy_regime"":{""score"":100.0},""M3_earnings_risk"":{""value"":null,""score"":80.0},""M4_vix"":{""value"":null,""score"":60.0},""_score"":84.0},""liquidity"":{""L1_price"":{""value"":155.47,""score"":100.0},""L2_dollar_vol"":{""value"":152935226.18405646,""score"":100.0},""L3_spread_proxy"":{""value"":0.07429085997298522,""score"":25.709140027014783},""L4_volume_zscore"":{""value"":-1.9379951777231184,""score"":100.0},""_score"":92.57},""pattern_structure"":{""pole_low"":162.27,""pole_low_idx"":10,""peak_price"":175.99,""peak_idx"":35,""pole_gain"":0.08455044062365193,""flag_bars"":24,""flag_low"":153.01,""flag_high"":175.91,""structural_low"":153.01,""current_price"":155.51,""neckline_distance_pct"":0.13169571088675983,""base_bars"":24},""pattern_geometry_features"":{""pole_gain"":0.08455044062365193,""pullback_pct"":0.1305756008864141,""flag_range_pct"":0.1301210296039548,""flag_drift_per_bar"":-0.004134768349861487,""atr_pct"":0.05161482693032189,""pole_atr_multiple"":1.6381037320495504},""_schema_version"":""1.0""}",,,,,,,,,,
20260610T172453Z-e22c49,2026-06-10T17:24:53.606196+00:00,CNR,bull_flag,absent,44.43,60.2,33.0,59.7,43.8,21.0,23.4,72.0,84.0,81.8,8.42,9.91,5.38,4.38,2.95,2.11,2.16,5.04,4.09,False,,91.82,98.72,88.7189,108.805,"{""trend"":{""T1_ema_stack"":{""value"":[true,true,true],""score"":100.0},""T2_ema50_slope"":{""value"":-0.01983001809543037,""score"":46.694996984094935},""T3_high_proximity"":{""value"":0.810915835026053,""score"":5.457917513026489},""T4_rs_1m"":{""value"":0.07966960761336783,""score"":100},""T5_rs_3m"":{""value"":-0.12058913872232002,""score"":0},""T6_adr_healthy"":{""value"":4.129417425216997,""score"":100.0},""_score"":60.16},""geometry"":{""sub_pole_impulse"":36.3,""sub_flag_tightness"":0,""sub_flag_shallowness"":0,""sub_flag_drift"":89.3,""sub_flag_duration"":87.5,""_score"":33.03},""compression"":{""VC1_atr_ratio"":{""value"":0.6317687737788932,""score"":92.0578065552767},""VC2_range_contraction"":{""value"":1.1397695145128042,""score"":0},""VC3_range_pct_rank"":{""score"":91.66666666666666},""_score"":59.74},""sr_quality"":{""SR1_touches"":{""value"":3,""score"":50.0},""SR2_tightness"":{""value"":0.40998644964058334,""score"":80.76790111905645},""SR3_recency"":{""value"":293,""score"":0.0},""SR4_price_location"":{""score"":6.556016597510073},""SR5_reaction"":{""value"":2.3134008712808467,""score"":100},""_score"":43.75,""_levels_found"":5,""_target_level"":95.5733},""volume"":{""V1_rvol_day"":{""value"":0.2731157170243053,""score"":0},""V2_rvol_sameslot"":{""value"":0.7324390774084739,""score"":15.495938493898262,""status"":""ok""},""V3_breakout_bar"":{""value"":0.7283682637926312,""score"":15.224550919508747},""V4_base_dryup"":{""value"":0.793067347495476,""score"":70.6932652504524},""V5_bo_expansion"":{""value"":0.2731157170243053,""score"":0},""_score"":21.04},""readiness"":{""_distance_atr"":1.618,""BR1_atr_distance"":{""score"":0},""BR2_compression"":{""score"":23.818207119296257},""BR3_retest"":{""score"":50.0},""BR4_bo_age"":{""score"":50.0},""_score"":23.45},""risk"":{""R1_stop_clarity"":{""score"":36.62344885818203},""R2_stop_distance_pct"":{""value"":3.3773143106077117,""score"":100.0},""R3_stop_distance_atr"":{""value"":0.7273374557504703,""score"":61.366872787523505},""R4_rr_potential"":{""value"":5.477177085180824,""score"":100.0},""_score"":72.02},""market"":{""M1_spy_regime"":{""score"":100.0},""M3_earnings_risk"":{""value"":null,""score"":80.0},""M4_vix"":{""value"":null,""score"":60.0},""_score"":84.0},""liquidity"":{""L1_price"":{""value"":91.82,""score"":100.0},""L2_dollar_vol"":{""value"":16638230.987564698,""score"":61.05535746438249},""L3_spread_proxy"":{""value"":0.026138096275321345,""score"":73.86190372467865},""L4_volume_zscore"":{""value"":-2.5261329818380807,""score"":100.0},""_score"":81.81},""pattern_structure"":{""pole_low"":88.635,""pole_low_idx"":14,""peak_price"":98.72,""peak_idx"":38,""pole_gain"":0.1137812376600665,""flag_bars"":21,""flag_low"":90.07,""flag_high"":98.5,""structural_low"":90.07,""current_price"":91.755,""neckline_distance_pct"":0.07590866982725741,""base_bars"":21},""pattern_geometry_features"":{""pole_gain"":0.1137812376600665,""pullback_pct"":0.0876215559157213,""flag_range_pct"":0.08539303079416538,""flag_drift_per_bar"":-0.002138447460664212,""atr_pct"":0.04643393907334228,""pole_atr_multiple"":2.4503895196216146},""_schema_version"":""1.0""}",,,,,,,,,,
20260610T172453Z-e22c49,2026-06-10T17:24:53.606196+00:00,VNET,vcp,invalidated,44.32,48.0,44.1,43.1,66.4,4.7,17.5,42.3,84.0,79.5,7.2,11.02,5.17,7.96,0.6,1.23,2.12,5.04,3.98,False,,8.905,12.02,9.0029,12.185,"{""trend"":{""T1_ema_stack"":{""value"":[false,true,true],""score"":66.66666666666666},""T2_ema50_slope"":{""value"":0.2678413796910016,""score"":94.64022994850026},""T3_high_proximity"":{""value"":0.7894503546099291,""score"":0},""T4_rs_1m"":{""value"":-0.012847640191902099,""score"":37.1523598080979},""T5_rs_3m"":{""value"":-0.2803895450246877,""score"":0},""T6_adr_healthy"":{""value"":7.223128471340666,""score"":100.0},""_score"":48.03},""geometry"":{""sub_contraction_count"":100.0,""sub_reduction_rate"":0,""sub_pivot_tightness"":0,""sub_volume_dryup"":60.5,""sub_base_depth"":0.0,""sub_base_duration"":100.0,""_score"":44.08},""compression"":{""VC1_atr_ratio"":{""value"":0.6881486166748654,""score"":77.96284583128366},""VC2_range_contraction"":{""value"":1.0699555129705856,""score"":0},""VC3_range_pct_rank"":{""score"":47.5},""_score"":43.06},""sr_quality"":{""SR1_touches"":{""value"":5,""score"":100},""SR2_tightness"":{""value"":0.07756287771866092,""score"":80.23030253044972},""SR3_recency"":{""value"":237,""score"":0.0},""SR4_price_location"":{""score"":37.32567678424932},""SR5_reaction"":{""value"":2.3981211255040824,""score"":100},""_score"":66.37,""_levels_found"":6,""_target_level"":9.287},""volume"":{""V1_rvol_day"":{""value"":0.16452623584916662,""score"":0},""V2_rvol_sameslot"":{""value"":0.5283700904665815,""score"":1.8913393644387637,""status"":""ok""},""V3_breakout_bar"":{""value"":0.42159720694495134,""score"":0},""V4_base_dryup"":{""value"":1.2862215150316634,""score"":21.377848496833664},""V5_bo_expansion"":{""value"":0.16452623584916665,""score"":0},""_score"":4.65},""readiness"":{""_distance_atr"":3.97,""BR1_atr_distance"":{""score"":0},""BR2_compression"":{""score"":0},""BR3_retest"":{""score"":50.0},""BR4_bo_age"":{""score"":50.0},""_score"":17.5},""risk"":{""R1_stop_clarity"":{""score"":65.05511911372464},""R2_stop_distance_pct"":{""value"":-1.0993823694553733,""score"":22.51544076361567},""R3_stop_distance_atr"":{""value"":-0.12476673372598052,""score"":18.76166331370097},""R4_rr_potential"":{""value"":null,""score"":50.0},""_score"":42.34},""market"":{""M1_spy_regime"":{""score"":100.0},""M3_earnings_risk"":{""value"":null,""score"":80.0},""M4_vix"":{""value"":null,""score"":60.0},""_score"":84.0},""liquidity"":{""L1_price"":{""value"":8.905,""score"":99.4525},""L2_dollar_vol"":{""value"":18226995.03980979,""score"":63.035753769558056},""L3_spread_proxy"":{""value"":0.055586749017405866,""score"":44.413250982594136},""L4_volume_zscore"":{""value"":-0.7982822480955056,""score"":100.0},""_score"":79.52},""pattern_structure"":{""n_contractions"":5,""contractions_pct"":[16.5,13.76,11.85,14.41,23.96],""descending_strict"":false,""final_low"":9.14,""final_pivot"":12.02,""structural_low"":9.14,""dry_up_ratio"":0.6973513697505177,""current_price"":8.905,""neckline_distance_pct"":0.34980348119034255,""base_bars"":41},""pattern_geometry_features"":{""contraction_count"":5.0,""first_contraction_pct"":0.1649650725416443,""last_contraction_pct"":0.23960066555740425,""dry_up_ratio"":0.6973513697505177,""near_monotone"":0.0,""base_depth_pct"":0.017732401934443757},""_schema_version"":""1.0""}",,,,,,,,,,
20260610T172453Z-e22c49,2026-06-10T17:24:53.606196+00:00,FTAI,base_on_base,absent,44.24,21.0,44.6,57.3,46.2,26.7,19.7,72.1,84.0,93.6,3.78,11.15,5.73,4.62,3.21,1.58,3.6,5.88,4.68,False,,221.39,264.09,199.7935,298.71,"{""trend"":{""T1_ema_stack"":{""value"":[false,false,true],""score"":33.33333333333333},""T2_ema50_slope"":{""value"":-0.06958788692472066,""score"":38.40201884587989},""T3_high_proximity"":{""value"":0.7752836531727132,""score"":0},""T4_rs_1m"":{""value"":-0.19747319039884137,""score"":0},""T5_rs_3m"":{""value"":-0.22724940148069106,""score"":0},""T6_adr_healthy"":{""value"":5.839647041946403,""score"":100.0},""_score"":21.01},""geometry"":{""sub_shallower_second"":0,""sub_second_base_depth"":48.1,""sub_rim_advance"":100,""sub_dry_up"":0,""sub_second_base_duration"":100.0,""_score"":44.62},""compression"":{""VC1_atr_ratio"":{""value"":0.38292096755517324,""score"":100},""VC2_range_contraction"":{""value"":0.9392417868457091,""score"":10.126368859048478},""VC3_range_pct_rank"":{""score"":55.00000000000001},""_score"":57.29},""sr_quality"":{""SR1_touches"":{""value"":2,""score"":25.0},""SR2_tightness"":{""value"":0.41160000000000707,""score"":94.33305125124947},""SR3_recency"":{""value"":275,""score"":0.0},""SR4_price_location"":{""score"":38.23151482462687},""SR5_reaction"":{""value"":2.0902277489112144,""score"":100},""_score"":46.21,""_levels_found"":5,""_target_level"":226.5816},""volume"":{""V1_rvol_day"":{""value"":0.3930339142643984,""score"":0},""V2_rvol_sameslot"":{""value"":1.0327043332687547,""score"":35.51362221791698,""status"":""ok""},""V3_breakout_bar"":{""value"":0.7982149342286129,""score"":19.88099561524086},""V4_base_dryup"":{""value"":0.7667650405593079,""score"":73.32349594406921},""V5_bo_expansion"":{""value"":0.3930339142643984,""score"":0},""_score"":26.74},""readiness"":{""_distance_atr"":2.939,""BR1_atr_distance"":{""score"":0},""BR2_compression"":{""score"":8.865863040483795},""BR3_retest"":{""score"":50.0},""BR4_bo_age"":{""score"":50.0},""_score"":19.72},""risk"":{""R1_stop_clarity"":{""score"":58.110013979535644},""R2_stop_distance_pct"":{""value"":9.754975382808608,""score"":56.1256154297848},""R3_stop_distance_atr"":{""value"":1.48671629410032,""score"":99.335814705016},""R4_rr_potential"":{""value"":3.580203125130233,""score"":100.0},""_score"":72.08},""market"":{""M1_spy_regime"":{""score"":100.0},""M3_earnings_risk"":{""value"":null,""score"":80.0},""M4_vix"":{""value"":null,""score"":60.0},""_score"":84.0},""liquidity"":{""L1_price"":{""value"":221.39,""score"":100.0},""L2_dollar_vol"":{""value"":84740698.14562897,""score"":96.40460188314543},""L3_spread_proxy"":{""value"":0.04950539771444062,""score"":50.49460228555938},""L4_volume_zscore"":{""value"":-1.7652638602602184,""score"":100.0},""_score"":93.61},""pattern_structure"":{""first_base_low"":149.5,""first_base_top"":184.12,""first_base_bars"":55,""second_base_low"":202.836,""second_base_top"":264.09,""second_base_bars"":44,""structural_low"":202.836,""stacking_overlap_pct"":-0.1016510971105801,""current_price"":221.39,""neckline_distance_pct"":0.19287230678892447,""base_bars"":44},""pattern_geometry_features"":{""first_base_depth_pct"":0.1880295459482946,""second_base_depth_pct"":0.23194365557196397,""second_dry_up_ratio"":1.2007376537369672,""rim_advance_pct"":0.4343363024114706,""atr_pct"":0.06561423602821136},""_schema_version"":""1.0""}",,,,,,,,,,
20260610T172453Z-e22c49,2026-06-10T17:24:53.606196+00:00,RBRK,vcp,breakout_confirmed,44.23,81.0,47.5,16.9,35.9,0.7,32.5,36.4,84.0,92.8,12.15,11.88,2.02,4.31,0.09,2.27,1.82,5.04,4.64,False,,72.935,67.31,63.5499,57.7523,"{""trend"":{""T1_ema_stack"":{""value"":[true,true,false],""score"":66.66666666666666},""T2_ema50_slope"":{""value"":0.6828688617378752,""score"":100},""T3_high_proximity"":{""value"":0.857352768308452,""score"":28.676384154225964},""T4_rs_1m"":{""value"":0.1860177740090836,""score"":100},""T5_rs_3m"":{""value"":0.18894948776250442,""score"":100},""T6_adr_healthy"":{""value"":5.8609070605311695,""score"":100.0},""_score"":80.97},""geometry"":{""sub_contraction_count"":100.0,""sub_reduction_rate"":0,""sub_pivot_tightness"":83.6,""sub_volume_dryup"":0,""sub_base_depth"":0.0,""sub_base_duration"":100.0,""_score"":47.54},""compression"":{""VC1_atr_ratio"":{""value"":0.8772095304570917,""score"":30.69761738572707},""VC2_range_contraction"":{""value"":1.5334143982577153,""score"":0},""VC3_range_pct_rank"":{""score"":18.333333333333336},""_score"":16.86},""sr_quality"":{""SR1_touches"":{""value"":2,""score"":25.0},""SR2_tightness"":{""value"":0.9599499999999992,""score"":61.44060137432399},""SR3_recency"":{""value"":334,""score"":0.0},""SR4_price_location"":{""score"":41.10792344406513},""SR5_reaction"":{""value"":1.1869582681796667,""score"":59.34791340898333},""_score"":35.9,""_levels_found"":6,""_target_level"":79.7399},""volume"":{""V1_rvol_day"":{""value"":0.37025932188464605,""score"":0},""V2_rvol_sameslot"":{""value"":0.49009721284112,""score"":0,""status"":""ok""},""V3_breakout_bar"":{""value"":0.4251464979425605,""score"":0},""V4_base_dryup"":{""value"":1.465260856208226,""score"":3.473914379177387},""V5_bo_expansion"":{""value"":0.3702593218846461,""score"":0},""_score"":0.69},""readiness"":{""_distance_atr"":-1.13,""BR1_atr_distance"":{""score"":37.40542556701622},""BR2_compression"":{""score"":0},""BR3_retest"":{""score"":50.0},""BR4_bo_age"":{""score"":50.0},""_score"":32.46},""risk"":{""R1_stop_clarity"":{""score"":61.12666733613559},""R2_stop_distance_pct"":{""value"":12.867711661068068,""score"":0.0},""R3_stop_distance_atr"":{""value"":1.884902764428249,""score"":100.0},""R4_rr_potential"":{""value"":-1.6177510961431234,""score"":0.0},""_score"":36.39},""market"":{""M1_spy_regime"":{""score"":100.0},""M3_earnings_risk"":{""value"":null,""score"":80.0},""M4_vix"":{""value"":null,""score"":60.0},""_score"":84.0},""liquidity"":{""L1_price"":{""value"":72.935,""score"":100.0},""L2_dollar_vol"":{""value"":118867881.39176138,""score"":100.0},""L3_spread_proxy"":{""value"":0.07156920545691363,""score"":28.430794543086378},""L4_volume_zscore"":{""value"":-1.2940930812964764,""score"":100.0},""_score"":92.84},""pattern_structure"":{""n_contractions"":5,""contractions_pct"":[8.97,22.76,24.55,11.71,4.15],""descending_strict"":false,""final_low"":64.5177,""final_pivot"":67.31,""structural_low"":64.5177,""dry_up_ratio"":1.8451143111464425,""current_price"":72.935,""neckline_distance_pct"":-0.077123466099952,""base_bars"":62},""pattern_geometry_features"":{""contraction_count"":5.0,""first_contraction_pct"":0.08970160116448325,""last_contraction_pct"":0.041484177685336465,""dry_up_ratio"":1.8451143111464425,""near_monotone"":0.0,""base_depth_pct"":-0.17390283842794768},""_schema_version"":""1.0""}",,,,,,,,,,
20260610T172453Z-e22c49,2026-06-10T17:24:53.606196+00:00,CTRE,vcp,invalidated,44.04,31.8,43.8,48.1,56.8,30.3,25.8,10.0,84.0,89.0,4.77,10.95,5.77,6.81,3.94,1.81,0.5,5.04,4.45,True,risk_unclear,37.74,43.08,39.9319,44.26,"{""trend"":{""T1_ema_stack"":{""value"":[false,false,true],""score"":33.33333333333333},""T2_ema50_slope"":{""value"":0.053355344819667874,""score"":58.89255746994465},""T3_high_proximity"":{""value"":0.8892554194156457,""score"":44.62770970782282},""T4_rs_1m"":{""value"":-0.05643364444955168,""score"":0},""T5_rs_3m"":{""value"":-0.1303263048269182,""score"":0},""T6_adr_healthy"":{""value"":2.488241006631535,""score"":100.0},""_score"":31.81},""geometry"":{""sub_contraction_count"":100.0,""sub_reduction_rate"":0,""sub_pivot_tightness"":58.6,""sub_volume_dryup"":0,""sub_base_depth"":0.0,""sub_base_duration"":100.0,""_score"":43.79},""compression"":{""VC1_atr_ratio"":{""value"":0.6898546854485171,""score"":77.53632863787071},""VC2_range_contraction"":{""value"":1.4847669937340717,""score"":0},""VC3_range_pct_rank"":{""score"":68.33333333333333},""_score"":48.1},""sr_quality"":{""SR1_touches"":{""value"":4,""score"":75.0},""SR2_tightness"":{""value"":0.2602492795379078,""score"":50.879812422909175},""SR3_recency"":{""value"":265,""score"":0.0},""SR4_price_location"":{""score"":59.330143540670036},""SR5_reaction"":{""value"":1.5712841253791732,""score"":78.56420626895866},""_score"":56.75,""_levels_found"":6,""_target_level"":38.2713},""volume"":{""V1_rvol_day"":{""value"":0.36379239787867823,""score"":0},""V2_rvol_sameslot"":{""value"":1.5336466374188502,""score"":68.90977582792334,""status"":""ok""},""V3_breakout_bar"":{""value"":0.7643311223889785,""score"":17.6220748259319},""V4_base_dryup"":{""value"":0.8939881545895225,""score"":60.60118454104775},""V5_bo_expansion"":{""value"":0.3637923978786783,""score"":0},""_score"":30.31},""readiness"":{""_distance_atr"":5.039,""BR1_atr_distance"":{""score"":0},""BR2_compression"":{""score"":33.277863304663406},""BR3_retest"":{""score"":50.0},""BR4_bo_age"":{""score"":50.0},""_score"":25.82},""risk"":{""R1_stop_clarity"":{""score"":0},""R2_stop_distance_pct"":{""value"":-5.807896131425534,""score"":0.0},""R3_stop_distance_atr"":{""value"":-2.0685271317829446,""score"":0.0},""R4_rr_potential"":{""value"":null,""score"":50.0},""_score"":10.0},""market"":{""M1_spy_regime"":{""score"":100.0},""M3_earnings_risk"":{""value"":null,""score"":80.0},""M4_vix"":{""value"":null,""score"":60.0},""_score"":84.0},""liquidity"":{""L1_price"":{""value"":37.74,""score"":100.0},""L2_dollar_vol"":{""value"":34521601.61507826,""score"":76.90454682095202},""L3_spread_proxy"":{""value"":0.017488076311605632,""score"":82.51192368839438},""L4_volume_zscore"":{""value"":-0.9281688666608934,""score"":100.0},""_score"":89.01},""pattern_structure"":{""n_contractions"":5,""contractions_pct"":[7.5,13.01,3.81,7.93,5.9],""descending_strict"":false,""final_low"":40.54,""final_pivot"":43.08,""structural_low"":40.54,""dry_up_ratio"":1.015810931974232,""current_price"":37.74,""neckline_distance_pct"":0.14149443561208255,""base_bars"":56},""pattern_geometry_features"":{""contraction_count"":5.0,""first_contraction_pct"":0.07502396931927123,""last_contraction_pct"":0.058960074280408524,""dry_up_ratio"":1.015810931974232,""near_monotone"":0.0,""base_depth_pct"":0.028283796740172572},""_schema_version"":""1.0""}",,,,,,,,,,
20260610T172453Z-e22c49,2026-06-10T17:24:53.606196+00:00,FROG,bull_flag,absent,44.03,95.2,27.2,17.8,38.8,18.3,28.1,76.7,84.0,92.6,13.33,8.17,1.6,3.88,2.56,2.53,2.3,5.04,4.63,False,,82.63,87.86,78.4651,94.72,"{""trend"":{""T1_ema_stack"":{""value"":[true,true,true],""score"":100.0},""T2_ema50_slope"":{""value"":0.9652139540279121,""score"":100},""T3_high_proximity"":{""value"":0.9356811233155927,""score"":67.84056165779634},""T4_rs_1m"":{""value"":0.21022622060333362,""score"":100},""T5_rs_3m"":{""value"":0.895388243468275,""score"":100},""T6_adr_healthy"":{""value"":5.463573536337983,""score"":100.0},""_score"":95.18},""geometry"":{""sub_pole_impulse"":11.9,""sub_flag_tightness"":0,""sub_flag_shallowness"":0,""sub_flag_drift"":91.0,""sub_flag_duration"":100.0,""_score"":27.22},""compression"":{""VC1_atr_ratio"":{""value"":0.9259699506205475,""score"":18.507512344863112},""VC2_range_contraction"":{""value"":1.095851658460807,""score"":0},""VC3_range_pct_rank"":{""score"":41.666666666666664},""_score"":17.82},""sr_quality"":{""SR1_touches"":{""value"":2,""score"":25.0},""SR2_tightness"":{""value"":0.980000000000004,""score"":58.664613957019455},""SR3_recency"":{""value"":235,""score"":0.0},""SR4_price_location"":{""score"":30.0},""SR5_reaction"":{""value"":2.328278887318893,""score"":100},""_score"":38.8,""_levels_found"":6,""_target_level"":69.36},""volume"":{""V1_rvol_day"":{""value"":0.4272283235457718,""score"":0},""V2_rvol_sameslot"":{""value"":0.9180042145804609,""score"":27.866947638697393,""status"":""ok""},""V3_breakout_bar"":{""value"":0.7754854712558201,""score"":18.36569808372134},""V4_base_dryup"":{""value"":1.093583878409606,""score"":40.64161215903941},""V5_bo_expansion"":{""value"":0.4272283235457718,""score"":0},""_score"":18.29},""readiness"":{""_distance_atr"":1.103,""BR1_atr_distance"":{""score"":26.46800373986818},""BR2_compression"":{""score"":0},""BR3_retest"":{""score"":50.0},""BR4_bo_age"":{""score"":50.0},""_score"":28.09},""risk"":{""R1_stop_clarity"":{""score"":49.600354303308755},""R2_stop_distance_pct"":{""value"":5.040421154544358,""score"":100.0},""R3_stop_distance_atr"":{""value"":0.8783558639306586,""score"":68.91779319653293},""R4_rr_potential"":{""value"":2.902830800259309,""score"":95.14154001296544},""_score"":76.73},""market"":{""M1_spy_regime"":{""score"":100.0},""M3_earnings_risk"":{""value"":null,""score"":80.0},""M4_vix"":{""value"":null,""score"":60.0},""_score"":84.0},""liquidity"":{""L1_price"":{""value"":82.63,""score"":100.0},""L2_dollar_vol"":{""value"":83664888.93330541,""score"":96.12716194285476},""L3_spread_proxy"":{""value"":0.05869538908386778,""score"":41.30461091613222},""L4_volume_zscore"":{""value"":-1.6122766706521023,""score"":100.0},""_score"":92.58},""pattern_structure"":{""pole_low"":81.0,""pole_low_idx"":33,""peak_price"":87.86,""peak_idx"":49,""pole_gain"":0.08469135802469135,""flag_bars"":10,""flag_low"":79.66,""flag_high"":87.45,""structural_low"":79.66,""current_price"":83.485,""neckline_distance_pct"":0.052404623585075166,""base_bars"":10},""pattern_geometry_features"":{""pole_gain"":0.08469135802469135,""pullback_pct"":0.09333029820168454,""flag_range_pct"":0.08866378329160035,""flag_drift_per_bar"":-0.0018047662345440298,""atr_pct"":0.057384727096696106,""pole_atr_multiple"":1.4758518914271774},""_schema_version"":""1.0""}",,,,,,,,,,
20260610T172453Z-e22c49,2026-06-10T17:24:53.606196+00:00,LUNR,vcp,invalidated,43.98,51.7,38.0,57.0,49.9,3.6,25.4,38.8,84.0,93.7,7.75,9.49,6.84,5.99,0.47,1.78,1.94,5.04,4.69,False,,26.48,38.55,30.4562,26.77,"{""trend"":{""T1_ema_stack"":{""value"":[false,true,true],""score"":66.66666666666666},""T2_ema50_slope"":{""value"":1.3194242151570426,""score"":100},""T3_high_proximity"":{""value"":0.5794310722100656,""score"":0},""T4_rs_1m"":{""value"":-0.17035671487767956,""score"":0},""T5_rs_3m"":{""value"":0.35618609875865603,""score"":100},""T6_adr_healthy"":{""value"":13.321893440620258,""score"":0.0},""_score"":51.67},""geometry"":{""sub_contraction_count"":100.0,""sub_reduction_rate"":0,""sub_pivot_tightness"":0,""sub_volume_dryup"":19.7,""sub_base_depth"":0.0,""sub_base_duration"":100.0,""_score"":37.95},""compression"":{""VC1_atr_ratio"":{""value"":0.6970665081938648,""score"":75.73337295153378},""VC2_range_contraction"":{""value"":0.9308070738237622,""score"":11.532154362706308},""VC3_range_pct_rank"":{""score"":90.83333333333333},""_score"":57.04},""sr_quality"":{""SR1_touches"":{""value"":2,""score"":25.0},""SR2_tightness"":{""value"":0.11499999999999844,""score"":95.58558212736561},""SR3_recency"":{""value"":240,""score"":0.0},""SR4_price_location"":{""score"":52.28617818048501},""SR5_reaction"":{""value"":2.2072089363172243,""score"":100},""_score"":49.91,""_levels_found"":3,""_target_level"":31.035},""volume"":{""V1_rvol_day"":{""value"":0.26532336512081034,""score"":0},""V2_rvol_sameslot"":{""value"":0.4773516072529885,""score"":0,""status"":""ok""},""V3_breakout_bar"":{""value"":0.44316417378860645,""score"":0},""V4_base_dryup"":{""value"":1.3188723518741583,""score"":18.112764812584174},""V5_bo_expansion"":{""value"":0.26532336512081045,""score"":0},""_score"":3.62},""readiness"":{""_distance_atr"":2.317,""BR1_atr_distance"":{""score"":0},""BR2_compression"":{""score"":31.523317493276508},""BR3_retest"":{""score"":50.0},""BR4_bo_age"":{""score"":50.0},""_score"":25.38},""risk"":{""R1_stop_clarity"":{""score"":82.19646078845345},""R2_stop_distance_pct"":{""value"":-15.015861027190342,""score"":0.0},""R3_stop_distance_atr"":{""value"":-0.7631568845725697,""score"":0.0},""R4_rr_potential"":{""value"":null,""score"":50.0},""_score"":38.77},""market"":{""M1_spy_regime"":{""score"":100.0},""M3_earnings_risk"":{""value"":null,""score"":80.0},""M4_vix"":{""value"":null,""score"":60.0},""_score"":84.0},""liquidity"":{""L1_price"":{""value"":26.48,""score"":100.0},""L2_dollar_vol"":{""value"":119615287.22447696,""score"":100.0},""L3_spread_proxy"":{""value"":0.06261329305135956,""score"":37.386706948640445},""L4_volume_zscore"":{""value"":-1.2535995926481833,""score"":100.0},""_score"":93.74},""pattern_structure"":{""n_contractions"":5,""contractions_pct"":[19.38,16.37,27.39,26.97,19.79],""descending_strict"":false,""final_low"":30.92,""final_pivot"":38.55,""structural_low"":30.92,""dry_up_ratio"":0.9014786283663832,""current_price"":26.48,""neckline_distance_pct"":0.4558157099697884,""base_bars"":59},""pattern_geometry_features"":{""contraction_count"":5.0,""first_contraction_pct"":0.1938349007314525,""last_contraction_pct"":0.1979247730220492,""dry_up_ratio"":0.9014786283663832,""near_monotone"":0.0,""base_depth_pct"":-0.6154649947753397},""_schema_version"":""1.0""}",,,,,,,,,,
20260610T172453Z-e22c49,2026-06-10T17:24:53.606196+00:00,HPE,vcp,breakout_confirmed,43.98,86.2,39.0,4.8,51.0,9.3,21.5,42.0,84.0,95.0,12.93,9.76,0.57,6.12,1.21,1.5,2.1,5.04,4.75,False,,45.805,34.695,31.4018,24.955,"{""trend"":{""T1_ema_stack"":{""value"":[true,true,true],""score"":100.0},""T2_ema50_slope"":{""value"":1.052215949460607,""score"":100},""T3_high_proximity"":{""value"":0.8157613535173642,""score"":7.8806767586820925},""T4_rs_1m"":{""value"":0.4966665645730508,""score"":100},""T5_rs_3m"":{""value"":1.0583799181770184,""score"":100},""T6_adr_healthy"":{""value"":6.148189057319307,""score"":100.0},""_score"":86.18},""geometry"":{""sub_contraction_count"":100.0,""sub_reduction_rate"":0,""sub_pivot_tightness"":27.0,""sub_volume_dryup"":0,""sub_base_depth"":0.0,""sub_base_duration"":100.0,""_score"":39.05},""compression"":{""VC1_atr_ratio"":{""value"":1.6564311800231206,""score"":0},""VC2_range_contraction"":{""value"":2.0705432554724865,""score"":0},""VC3_range_pct_rank"":{""score"":19.166666666666664},""_score"":4.79},""sr_quality"":{""SR1_touches"":{""value"":5,""score"":100},""SR2_tightness"":{""value"":0.9207801040422195,""score"":55.86510046360218},""SR3_recency"":{""value"":266,""score"":0.0},""SR4_price_location"":{""score"":30.0},""SR5_reaction"":{""value"":0.6832717063818132,""score"":34.163585319090664},""_score"":51.0,""_levels_found"":2,""_target_level"":25.033},""volume"":{""V1_rvol_day"":{""value"":0.37288911616092824,""score"":0},""V2_rvol_sameslot"":{""value"":0.5995944982363504,""score"":6.639633215756691,""status"":""ok""},""V3_breakout_bar"":{""value"":0.7010820743219925,""score"":13.40547162146617},""V4_base_dryup"":{""value"":1.2685806200050447,""score"":23.141937999495525},""V5_bo_expansion"":{""value"":0.3728891161609282,""score"":0},""_score"":9.31},""readiness"":{""_distance_atr"":-2.663,""BR1_atr_distance"":{""score"":6.747466447548618},""BR2_compression"":{""score"":5.030595499835533},""BR3_retest"":{""score"":50.0},""BR4_bo_age"":{""score"":50.0},""_score"":21.46},""risk"":{""R1_stop_clarity"":{""score"":77.07888249794571},""R2_stop_distance_pct"":{""value"":31.444602117672748,""score"":0.0},""R3_stop_distance_atr"":{""value"":3.4518761983018353,""score"":100.0},""R4_rr_potential"":{""value"":-1.447594978893579,""score"":0.0},""_score"":41.98},""market"":{""M1_spy_regime"":{""score"":100.0},""M3_earnings_risk"":{""value"":null,""score"":80.0},""M4_vix"":{""value"":null,""score"":60.0},""_score"":84.0},""liquidity"":{""L1_price"":{""value"":45.805,""score"":100.0},""L2_dollar_vol"":{""value"":662150161.535756,""score"":100.0},""L3_spread_proxy"":{""value"":0.05021285885820319,""score"":49.78714114179681},""L4_volume_zscore"":{""value"":-0.6445838323572466,""score"":100.0},""_score"":94.98},""pattern_structure"":{""n_contractions"":5,""contractions_pct"":[4.43,15.63,7.16,7.71,8.11],""descending_strict"":false,""final_low"":31.88,""final_pivot"":34.695,""structural_low"":31.88,""dry_up_ratio"":3.520373334619036,""current_price"":45.805,""neckline_distance_pct"":-0.24254993996288612,""base_bars"":49},""pattern_geometry_features"":{""contraction_count"":5.0,""first_contraction_pct"":0.044263775971093065,""last_contraction_pct"":0.08113561031848973,""dry_up_ratio"":3.520373334619036,""near_monotone"":0.0,""base_depth_pct"":-0.43992773261065937},""_schema_version"":""1.0""}",,,,,,,,,,
20260610T172453Z-e22c49,2026-06-10T17:24:53.606196+00:00,NIC,ascending_triangle,absent,43.97,51.8,24.6,43.2,65.0,20.3,47.4,30.8,84.0,85.1,7.77,6.9,3.45,9.1,2.44,3.79,1.23,5.04,4.25,True,risk_unclear,146.61,148.2899,131.2808,163.2998,"{""trend"":{""T1_ema_stack"":{""value"":[true,false,true],""score"":66.66666666666666},""T2_ema50_slope"":{""value"":-0.15330429160603193,""score"":24.449284732328007},""T3_high_proximity"":{""value"":0.9248675246025738,""score"":62.43376230128689},""T4_rs_1m"":{""value"":0.029505916050612813,""score"":79.50591605061281},""T5_rs_3m"":{""value"":-0.10469720762209156,""score"":0},""T6_adr_healthy"":{""value"":2.6872508627536873,""score"":100.0},""_score"":51.82},""geometry"":{""sub_flat_top_quality"":33.3,""sub_hl_slope"":3.8,""sub_compression"":0,""sub_duration"":90.0,""_score"":24.63},""compression"":{""VC1_atr_ratio"":{""value"":0.7100807129613138,""score"":72.47982175967155},""VC2_range_contraction"":{""value"":1.0393503089859129,""score"":0},""VC3_range_pct_rank"":{""score"":56.666666666666664},""_score"":43.16},""sr_quality"":{""SR1_touches"":{""value"":6,""score"":100},""SR2_tightness"":{""value"":1.4810105226012211,""score"":32.94140964209555},""SR3_recency"":{""value"":236,""score"":0.0},""SR4_price_location"":{""score"":60.168745434159845},""SR5_reaction"":{""value"":2.1105609360235484,""score"":100},""_score"":64.98,""_levels_found"":4,""_target_level"":149.0908},""volume"":{""V1_rvol_day"":{""value"":0.8507818825038791,""score"":23.38545883359194},""V2_rvol_sameslot"":{""value"":1.1339351282486514,""score"":42.26234188324342,""status"":""ok""},""V3_breakout_bar"":{""value"":0.3256150437181754,""score"":0},""V4_base_dryup"":{""value"":1.1416674974128023,""score"":35.83325025871977},""V5_bo_expansion"":{""value"":0.850781882503879,""score"":0},""_score"":20.3},""readiness"":{""_distance_atr"":0.38,""BR1_atr_distance"":{""score"":74.64530147420729},""BR2_compression"":{""score"":0},""BR3_retest"":{""score"":50.0},""BR4_bo_age"":{""score"":50.0},""_score"":47.36},""risk"":{""R1_stop_clarity"":{""score"":9.478338068756031},""R2_stop_distance_pct"":{""value"":10.455767000886715,""score"":38.605824977832135},""R3_stop_distance_atr"":{""value"":3.470449830123112,""score"":100.0},""R4_rr_potential"":{""value"":1.088758708869344,""score"":4.4379354434672},""_score"":30.79},""market"":{""M1_spy_regime"":{""score"":100.0},""M3_earnings_risk"":{""value"":null,""score"":80.0},""M4_vix"":{""value"":null,""score"":60.0},""_score"":84.0},""liquidity"":{""L1_price"":{""value"":146.61,""score"":100.0},""L2_dollar_vol"":{""value"":23687708.03004834,""score"":68.72615206936534},""L3_spread_proxy"":{""value"":0.02387285996862424,""score"":76.12714003137576},""L4_volume_zscore"":{""value"":-0.29177396000035405,""score"":100.0},""_score"":85.1},""pattern_structure"":{""top"":148.2899,""top_touches"":2,""low_slope_per_bar"":0.015392977180258028,""lowest_low"":133.28,""structural_low"":133.28,""current_price"":146.98,""neckline_distance_pct"":0.00891209688392978,""base_bars"":62},""pattern_geometry_features"":{""top_touches"":2.0,""low_slope"":0.015392977180258028,""compression"":-0.2911507675729521,""atr_pct"":0.030127987761505267},""_schema_version"":""1.0""}",,,,,,,,,,
20260610T172453Z-e22c49,2026-06-10T17:24:53.606196+00:00,EPRT,double_bottom,setup,43.87,40.4,34.5,34.4,65.2,18.2,37.4,45.0,84.0,84.2,6.06,8.62,2.75,9.13,2.37,2.99,2.7,5.04,4.21,True,risk_unclear,31.07,30.76,29.3973,31.675,"{""trend"":{""T1_ema_stack"":{""value"":[true,false,false],""score"":33.33333333333333},""T2_ema50_slope"":{""value"":-0.09888975632726645,""score"":33.51837394545559},""T3_high_proximity"":{""value"":0.9274626865671642,""score"":63.7313432835821},""T4_rs_1m"":{""value"":0.003932100087780777,""score"":53.932100087780775},""T5_rs_3m"":{""value"":-0.13866895088142872,""score"":0},""T6_adr_healthy"":{""value"":1.7822847248003906,""score"":100.0},""_score"":40.38},""geometry"":{""sub_low_similarity"":61.5,""sub_bounce_quality"":0.9,""sub_separation_fit"":60.0,""sub_right_bottom_reaction"":5.7,""sub_base_context"":30.0,""_score"":34.48},""compression"":{""VC1_atr_ratio"":{""value"":0.701956988151645,""score"":74.51075296208876},""VC2_range_contraction"":{""value"":1.3882787317932284,""score"":0},""VC3_range_pct_rank"":{""score"":18.333333333333336},""_score"":34.39},""sr_quality"":{""SR1_touches"":{""value"":3,""score"":50.0},""SR2_tightness"":{""value"":0.08653836657164805,""score"":71.2871872970003},""SR3_recency"":{""value"":255,""score"":0.0},""SR4_price_location"":{""score"":98.1818181818179},""SR5_reaction"":{""value"":2.455267211754947,""score"":100},""_score"":65.24,""_levels_found"":5,""_target_level"":31.0867},""volume"":{""V1_rvol_day"":{""value"":0.38759835921647523,""score"":0},""V2_rvol_sameslot"":{""value"":0.9284214262838921,""score"":28.561428418926145,""status"":""ok""},""V3_breakout_bar"":{""value"":0.39010173023323047,""score"":0},""V4_base_dryup"":{""value"":0.8746421344211411,""score"":62.535786557885885},""V5_bo_expansion"":{""value"":0.38759835921647523,""score"":0},""_score"":18.22},""readiness"":{""_distance_atr"":-0.514,""BR1_atr_distance"":{""score"":49.71442113994554},""BR2_compression"":{""score"":0},""BR3_retest"":{""score"":50.0},""BR4_bo_age"":{""score"":50.0},""_score"":37.39},""risk"":{""R1_stop_clarity"":{""score"":0},""R2_stop_distance_pct"":{""value"":5.383569359510788,""score"":100.0},""R3_stop_distance_atr"":{""value"":2.774908164474465,""score"":100.0},""R4_rr_potential"":{""value"":0.361696085611373,""score"":0.0},""_score"":45.0},""market"":{""M1_spy_regime"":{""score"":100.0},""M3_earnings_risk"":{""value"":null,""score"":80.0},""M4_vix"":{""value"":null,""score"":60.0},""_score"":84.0},""liquidity"":{""L1_price"":{""value"":31.07,""score"":100.0},""L2_dollar_vol"":{""value"":21284361.67495742,""score"":66.40303150366908},""L3_spread_proxy"":{""value"":0.02381718699710338,""score"":76.18281300289662},""L4_volume_zscore"":{""value"":-1.5314547741918192,""score"":100.0},""_score"":84.18},""pattern_structure"":{""left_low"":29.845,""left_idx"":40,""right_low"":30.425,""right_idx"":76,""separation_bars"":36,""structural_low"":29.845,""current_price"":31.035,""neckline_distance_pct"":-0.00886096342838726,""base_bars"":36},""pattern_geometry_features"":{""low_similarity_pct"":0.019246723079475756,""bounce_pct"":0.03065840174233549,""right_bottom_reaction"":0.05660377358490768,""atr_pct"":0.019400891995034263},""_schema_version"":""1.0""}",,,,,,,,,,
20260610T172453Z-e22c49,2026-06-10T17:24:53.606196+00:00,RCAT,ascending_triangle,absent,43.83,41.0,44.7,55.3,30.9,11.2,29.5,84.0,84.0,86.6,6.14,12.51,4.42,4.32,1.35,2.36,3.36,5.04,4.33,False,,11.185,15.79,10.6479,20.77,"{""trend"":{""T1_ema_stack"":{""value"":[false,true,true],""score"":66.66666666666666},""T2_ema50_slope"":{""value"":-0.010520431841688247,""score"":48.24659469305196},""T3_high_proximity"":{""value"":0.6579411764705883,""score"":0},""T4_rs_1m"":{""value"":0.007085741767738241,""score"":57.08574176773824},""T5_rs_3m"":{""value"":-0.38690316443595607,""score"":0},""T6_adr_healthy"":{""value"":9.420441655389661,""score"":64.48895861525847},""_score"":40.96},""geometry"":{""sub_flat_top_quality"":33.3,""sub_hl_slope"":65.6,""sub_compression"":0,""sub_duration"":100.0,""_score"":44.67},""compression"":{""VC1_atr_ratio"":{""value"":0.6265030258206463,""score"":93.37424354483842},""VC2_range_contraction"":{""value"":1.9204690689181423,""score"":0},""VC3_range_pct_rank"":{""score"":71.66666666666667},""_score"":55.27},""sr_quality"":{""SR1_touches"":{""value"":2,""score"":25.0},""SR2_tightness"":{""value"":0.3224999999999998,""score"":57.9101430495803},""SR3_recency"":{""value"":262,""score"":0.0},""SR4_price_location"":{""score"":2.229072800569284},""SR5_reaction"":{""value"":1.8842552239432084,""score"":94.21276119716042},""_score"":30.88,""_levels_found"":5,""_target_level"":12.6575},""volume"":{""V1_rvol_day"":{""value"":0.24202369201367607,""score"":0},""V2_rvol_sameslot"":{""value"":0.3490317140738308,""score"":0,""status"":""ok""},""V3_breakout_bar"":{""value"":0.4701355064832697,""score"":0},""V4_base_dryup"":{""value"":0.938016269571274,""score"":56.198373042872596},""V5_bo_expansion"":{""value"":0.242023692013676,""score"":0},""_score"":11.24},""readiness"":{""_distance_atr"":3.005,""BR1_atr_distance"":{""score"":0},""BR2_compression"":{""score"":47.89429389281313},""BR3_retest"":{""score"":50.0},""BR4_bo_age"":{""score"":50.0},""_score"":29.47},""risk"":{""R1_stop_clarity"":{""score"":78.83761145888192},""R2_stop_distance_pct"":{""value"":4.802413947250786,""score"":100.0},""R3_stop_distance_atr"":{""value"":0.35052041334756556,""score"":42.526020667378276},""R4_rr_potential"":{""value"":17.8441776040212,""score"":100.0},""_score"":83.97},""market"":{""M1_spy_regime"":{""score"":100.0},""M3_earnings_risk"":{""value"":null,""score"":80.0},""M4_vix"":{""value"":null,""score"":60.0},""_score"":84.0},""liquidity"":{""L1_price"":{""value"":11.185,""score"":100.0},""L2_dollar_vol"":{""value"":51512202.13602809,""score"":85.59550581385294},""L3_spread_proxy"":{""value"":0.07599463567277616,""score"":24.005364327223845},""L4_volume_zscore"":{""value"":-0.8756633273593994,""score"":100.0},""_score"":86.64},""pattern_structure"":{""top"":15.79,""top_touches"":2,""low_slope_per_bar"":0.02127367880964592,""lowest_low"":10.81,""structural_low"":10.81,""current_price"":11.1401,""neckline_distance_pct"":0.4174019981867307,""base_bars"":58},""pattern_geometry_features"":{""top_touches"":2.0,""low_slope"":0.02127367880964592,""compression"":-0.36916309691515936,""atr_pct"":0.13700811035187432},""_schema_version"":""1.0""}",,,,,,,,,,
20260610T172453Z-e22c49,2026-06-10T17:24:53.606196+00:00,RCAT,vcp,absent,43.82,41.0,35.0,55.3,30.9,13.3,61.0,64.3,84.0,86.6,6.14,8.75,6.63,3.71,1.73,4.27,3.21,5.04,4.33,False,,11.185,11.67,8.2297,21.805,"{""trend"":{""T1_ema_stack"":{""value"":[false,true,true],""score"":66.66666666666666},""T2_ema50_slope"":{""value"":-0.010520431841688247,""score"":48.24659469305196},""T3_high_proximity"":{""value"":0.6579411764705883,""score"":0},""T4_rs_1m"":{""value"":0.007085741767738241,""score"":57.08574176773824},""T5_rs_3m"":{""value"":-0.38690316443595607,""score"":0},""T6_adr_healthy"":{""value"":9.420441655389661,""score"":64.48895861525847},""_score"":40.96},""geometry"":{""sub_contraction_count"":100.0,""sub_reduction_rate"":0,""sub_pivot_tightness"":0,""sub_volume_dryup"":0,""sub_base_depth"":0.0,""sub_base_duration"":100.0,""_score"":35.0},""compression"":{""VC1_atr_ratio"":{""value"":0.6265030258206463,""score"":93.37424354483842},""VC2_range_contraction"":{""value"":1.9204690689181423,""score"":0},""VC3_range_pct_rank"":{""score"":71.66666666666667},""_score"":55.27},""sr_quality"":{""SR1_touches"":{""value"":2,""score"":25.0},""SR2_tightness"":{""value"":0.3224999999999998,""score"":57.9101430495803},""SR3_recency"":{""value"":262,""score"":0.0},""SR4_price_location"":{""score"":2.229072800569284},""SR5_reaction"":{""value"":1.8842552239432084,""score"":94.21276119716042},""_score"":30.88,""_levels_found"":5,""_target_level"":12.6575},""volume"":{""V1_rvol_day"":{""value"":0.24202369201367607,""score"":0},""V2_rvol_sameslot"":{""value"":0.3490317140738308,""score"":0,""status"":""ok""},""V3_breakout_bar"":{""value"":0.4701355064832697,""score"":0},""V4_base_dryup"":{""value"":0.8327558114022229,""score"":66.72441885977771},""V5_bo_expansion"":{""value"":0.242023692013676,""score"":0},""_score"":13.34},""readiness"":{""_distance_atr"":0.316,""BR1_atr_distance"":{""score"":78.9006918646475},""BR2_compression"":{""score"":47.89429389281313},""BR3_retest"":{""score"":50.0},""BR4_bo_age"":{""score"":50.0},""_score"":61.03},""risk"":{""R1_stop_clarity"":{""score"":83.64368582229037},""R2_stop_distance_pct"":{""value"":26.422217255252573,""score"":0.0},""R3_stop_distance_atr"":{""value"":1.928514829333321,""score"":100.0},""R4_rr_potential"":{""value"":3.5935134037711585,""score"":100.0},""_score"":64.28},""market"":{""M1_spy_regime"":{""score"":100.0},""M3_earnings_risk"":{""value"":null,""score"":80.0},""M4_vix"":{""value"":null,""score"":60.0},""_score"":84.0},""liquidity"":{""L1_price"":{""value"":11.185,""score"":100.0},""L2_dollar_vol"":{""value"":51512202.13602809,""score"":85.59550581385294},""L3_spread_proxy"":{""value"":0.07599463567277616,""score"":24.005364327223845},""L4_volume_zscore"":{""value"":-0.8756633273593994,""score"":100.0},""_score"":86.64},""pattern_structure"":{""n_contractions"":5,""contractions_pct"":[29.8,33.89,15.28,25.39,28.41],""descending_strict"":false,""final_low"":8.355,""final_pivot"":11.67,""structural_low"":8.355,""dry_up_ratio"":2.302132424637991,""current_price"":11.185,""neckline_distance_pct"":0.043361645060348626,""base_bars"":43},""pattern_geometry_features"":{""contraction_count"":5.0,""first_contraction_pct"":0.29799891833423464,""last_contraction_pct"":0.28406169665809766,""dry_up_ratio"":2.302132424637991,""near_monotone"":0.0,""base_depth_pct"":0.5481341265548945},""_schema_version"":""1.0""}",,,,,,,,,,
20260610T172453Z-e22c49,2026-06-10T17:24:53.606196+00:00,AVAV,vcp,absent,43.74,28.7,35.0,60.1,60.0,15.6,23.2,58.4,84.0,93.2,4.3,8.75,7.21,7.2,2.03,1.63,2.92,5.04,4.66,False,,174.99,195.8499,153.66,317.7699,"{""trend"":{""T1_ema_stack"":{""value"":[false,false,false],""score"":0.0},""T2_ema50_slope"":{""value"":-0.18926791376124613,""score"":18.455347706458973},""T3_high_proximity"":{""value"":0.7864365646487799,""score"":0},""T4_rs_1m"":{""value"":0.06417021825383706,""score"":100},""T5_rs_3m"":{""value"":-0.23665268756980318,""score"":0},""T6_adr_healthy"":{""value"":5.869707168324591,""score"":100.0},""_score"":28.69},""geometry"":{""sub_contraction_count"":100.0,""sub_reduction_rate"":0,""sub_pivot_tightness"":0,""sub_volume_dryup"":0,""sub_base_depth"":0.0,""sub_base_duration"":100.0,""_score"":35.0},""compression"":{""VC1_atr_ratio"":{""value"":0.6345572590398554,""score"":91.36068524003616},""VC2_range_contraction"":{""value"":1.355523803940491,""score"":0},""VC3_range_pct_rank"":{""score"":94.16666666666667},""_score"":60.09},""sr_quality"":{""SR1_touches"":{""value"":2,""score"":25.0},""SR2_tightness"":{""value"":0.34250000000000114,""score"":95.16479527269243},""SR3_recency"":{""value"":267,""score"":0.0},""SR4_price_location"":{""score"":99.5557350565429},""SR5_reaction"":{""value"":1.7754377650161102,""score"":88.7718882508055},""_score"":59.98,""_levels_found"":5,""_target_level"":175.0725},""volume"":{""V1_rvol_day"":{""value"":0.2929140992478106,""score"":0},""V2_rvol_sameslot"":{""value"":0.683947938403014,""score"":12.263195893534268,""status"":""ok""},""V3_breakout_bar"":{""value"":0.7724035607138385,""score"":18.16023738092257},""V4_base_dryup"":{""value"":1.0679653107557912,""score"":43.20346892442088},""V5_bo_expansion"":{""value"":0.2929140992478106,""score"":0},""_score"":15.63},""readiness"":{""_distance_atr"":1.472,""BR1_atr_distance"":{""score"":1.8375794733207442},""BR2_compression"":{""score"":19.92452010001215},""BR3_retest"":{""score"":50.0},""BR4_bo_age"":{""score"":50.0},""_score"":23.22},""risk"":{""R1_stop_clarity"":{""score"":66.96531660759209},""R2_stop_distance_pct"":{""value"":12.189267958169046,""score"":0.0},""R3_stop_distance_atr"":{""value"":1.5056192238462827,""score"":100.0},""R4_rr_potential"":{""value"":6.693853727144862,""score"":100.0},""_score"":58.44},""market"":{""M1_spy_regime"":{""score"":100.0},""M3_earnings_risk"":{""value"":null,""score"":80.0},""M4_vix"":{""value"":null,""score"":60.0},""_score"":84.0},""liquidity"":{""L1_price"":{""value"":174.99,""score"":100.0},""L2_dollar_vol"":{""value"":65248012.36748353,""score"":90.72836432083639},""L3_spread_proxy"":{""value"":0.03143036744956854,""score"":68.56963255043146},""L4_volume_zscore"":{""value"":-1.0830111692191462,""score"":100.0},""_score"":93.15},""pattern_structure"":{""n_contractions"":5,""contractions_pct"":[15.88,34.2,13.09,11.32,20.35],""descending_strict"":false,""final_low"":156.0,""final_pivot"":195.8499,""structural_low"":156.0,""dry_up_ratio"":1.367762773580153,""current_price"":174.99,""neckline_distance_pct"":0.11920624035659169,""base_bars"":64},""pattern_geometry_features"":{""contraction_count"":5.0,""first_contraction_pct"":0.1588226827864134,""last_contraction_pct"":0.20347163822907233,""dry_up_ratio"":1.367762773580153,""near_monotone"":0.0,""base_depth_pct"":0.43868739205526774},""_schema_version"":""1.0""}",,,,,,,,,,
20260610T172453Z-e22c49,2026-06-10T17:24:53.606196+00:00,TT,ascending_triangle,absent,43.7,47.6,37.9,42.4,45.8,23.1,17.5,55.1,84.0,94.6,7.15,10.6,3.39,6.41,2.78,1.4,2.21,5.04,4.73,True,risk_unclear,452.53,472.43,445.3481,492.73,"{""trend"":{""T1_ema_stack"":{""value"":[false,true,true],""score"":66.66666666666666},""T2_ema50_slope"":{""value"":-0.014982066131002975,""score"":47.50298897816617},""T3_high_proximity"":{""value"":0.9187680188411093,""score"":59.384009420554605},""T4_rs_1m"":{""value"":-0.03744078265805173,""score"":12.559217341948269},""T5_rs_3m"":{""value"":-0.03253854150564606,""score"":33.73072924717697},""T6_adr_healthy"":{""value"":2.3502599742342425,""score"":100.0},""_score"":47.65},""geometry"":{""sub_flat_top_quality"":66.7,""sub_hl_slope"":9.5,""sub_compression"":0,""sub_duration"":100.0,""_score"":37.86},""compression"":{""VC1_atr_ratio"":{""value"":0.5540964615512008,""score"":100},""VC2_range_contraction"":{""value"":0.9703287942221197,""score"":4.945200962980049},""VC3_range_pct_rank"":{""score"":2.500000000000002},""_score"":42.36},""sr_quality"":{""SR1_touches"":{""value"":4,""score"":75.0},""SR2_tightness"":{""value"":2.7808775031453687,""score"":53.79083414454544},""SR3_recency"":{""value"":230,""score"":0.0},""SR4_price_location"":{""score"":0.8519701810436325},""SR5_reaction"":{""value"":2.4941793873876437,""score"":100},""_score"":45.78,""_levels_found"":8,""_target_level"":467.6587},""volume"":{""V1_rvol_day"":{""value"":0.44111705466412576,""score"":0},""V2_rvol_sameslot"":{""value"":1.1097949153564435,""score"":40.65299435709623,""status"":""ok""},""V3_breakout_bar"":{""value"":0.7818864354889737,""score"":18.79242903259825},""V4_base_dryup"":{""value"":0.9839725288489108,""score"":51.60274711510892},""V5_bo_expansion"":{""value"":0.44111705466412576,""score"":0},""_score"":23.15},""readiness"":{""_distance_atr"":1.653,""BR1_atr_distance"":{""score"":0},""BR2_compression"":{""score"":0},""BR3_retest"":{""score"":50.0},""BR4_bo_age"":{""score"":50.0},""_score"":17.5},""risk"":{""R1_stop_clarity"":{""score"":0},""R2_stop_distance_pct"":{""value"":1.5870660508695493,""score"":89.67665127173873},""R3_stop_distance_atr"":{""value"":0.5967035914746515,""score"":54.835179573732574},""R4_rr_potential"":{""value"":5.597365617972863,""score"":100.0},""_score"":55.13},""market"":{""M1_spy_regime"":{""score"":100.0},""M3_earnings_risk"":{""value"":null,""score"":80.0},""M4_vix"":{""value"":null,""score"":60.0},""_score"":84.0},""liquidity"":{""L1_price"":{""value"":452.53,""score"":100.0},""L2_dollar_vol"":{""value"":266110488.07543162,""score"":100.0},""L3_spread_proxy"":{""value"":0.05400702715842055,""score"":45.99297284157945},""L4_volume_zscore"":{""value"":-1.6683137905492076,""score"":100.0},""_score"":94.6},""pattern_structure"":{""top"":472.43,""top_touches"":3,""low_slope_per_bar"":0.12932053175775957,""lowest_low"":452.13,""structural_low"":452.13,""current_price"":455.3,""neckline_distance_pct"":0.03762354491544036,""base_bars"":21},""pattern_geometry_features"":{""top_touches"":3.0,""low_slope"":0.12932053175775957,""compression"":-0.27701297748205,""atr_pct"":0.026597226387516548},""_schema_version"":""1.0""}",,,,,,,,,,
20260610T172453Z-e22c49,2026-06-10T17:24:53.606196+00:00,TTAN,vcp,setup,43.62,66.7,38.8,23.6,42.4,7.7,47.7,47.8,84.0,84.8,10.0,9.69,2.83,5.09,1.0,3.34,2.39,5.04,4.24,False,,72.655,68.4899,53.3575,109.3199,"{""trend"":{""T1_ema_stack"":{""value"":[true,true,false],""score"":66.66666666666666},""T2_ema50_slope"":{""value"":0.14612485912769035,""score"":74.3541431879484},""T3_high_proximity"":{""value"":0.9353115345005149,""score"":67.6557672502574},""T4_rs_1m"":{""value"":0.21795557461269133,""score"":100},""T5_rs_3m"":{""value"":-0.1533849338863117,""score"":0},""T6_adr_healthy"":{""value"":6.106483094027043,""score"":100.0},""_score"":66.69},""geometry"":{""sub_contraction_count"":100.0,""sub_reduction_rate"":15.0,""sub_pivot_tightness"":0,""sub_volume_dryup"":0,""sub_base_depth"":0.0,""sub_base_duration"":100.0,""_score"":38.75},""compression"":{""VC1_atr_ratio"":{""value"":0.8450588909552395,""score"":38.735277261190134},""VC2_range_contraction"":{""value"":1.3404644734325082,""score"":0},""VC3_range_pct_rank"":{""score"":32.49999999999999},""_score"":23.62},""sr_quality"":{""SR1_touches"":{""value"":2,""score"":25.0},""SR2_tightness"":{""value"":0.3200000000000003,""score"":87.39178890252276},""SR3_recency"":{""value"":228,""score"":0.0},""SR4_price_location"":{""score"":27.170629746358493},""SR5_reaction"":{""value"":2.980659904762978,""score"":100},""_score"":42.4,""_levels_found"":7,""_target_level"":83.77},""volume"":{""V1_rvol_day"":{""value"":0.287742895904843,""score"":0},""V2_rvol_sameslot"":{""value"":0.8907034697353673,""score"":26.04689798235782,""status"":""ok""},""V3_breakout_bar"":{""value"":0.6490564209899459,""score"":9.93709473266306},""V4_base_dryup"":{""value"":1.6166197736080763,""score"":0},""V5_bo_expansion"":{""value"":0.287742895904843,""score"":0},""_score"":7.69},""readiness"":{""_distance_atr"":-0.821,""BR1_atr_distance"":{""score"":43.58923123684302},""BR2_compression"":{""score"":51.14865951705448},""BR3_retest"":{""score"":50.0},""BR4_bo_age"":{""score"":50.0},""_score"":47.72},""risk"":{""R1_stop_clarity"":{""score"":67.98499397732768},""R2_stop_distance_pct"":{""value"":26.56052577248641,""score"":0.0},""R3_stop_distance_atr"":{""value"":3.8016810010019015,""score"":100.0},""R4_rr_potential"":{""value"":1.8999769400778856,""score"":44.998847003894284},""_score"":47.79},""market"":{""M1_spy_regime"":{""score"":100.0},""M3_earnings_risk"":{""value"":null,""score"":80.0},""M4_vix"":{""value"":null,""score"":60.0},""_score"":84.0},""liquidity"":{""L1_price"":{""value"":72.655,""score"":100.0},""L2_dollar_vol"":{""value"":35469662.03675807,""score"":77.49285252160911},""L3_spread_proxy"":{""value"":0.06193654944601197,""score"":38.06345055398803},""L4_volume_zscore"":{""value"":-1.2705343529466475,""score"":100.0},""_score"":84.8},""pattern_structure"":{""n_contractions"":5,""contractions_pct"":[36.24,28.52,15.99,14.43,20.91],""descending_strict"":false,""final_low"":54.17,""final_pivot"":68.4899,""structural_low"":54.17,""dry_up_ratio"":2.0332727093412495,""current_price"":72.655,""neckline_distance_pct"":-0.05732709379946315,""base_bars"":74},""pattern_geometry_features"":{""contraction_count"":5.0,""first_contraction_pct"":0.3624210526315789,""last_contraction_pct"":0.20908046295877206,""dry_up_ratio"":2.0332727093412495,""near_monotone"":0.0,""base_depth_pct"":0.4297894736842105},""_schema_version"":""1.0""}",,,,,,,,,,
20260610T172453Z-e22c49,2026-06-10T17:24:53.606196+00:00,QTWO,double_bottom,forming,43.59,12.7,60.3,20.0,50.7,25.8,17.5,72.7,84.0,74.8,1.91,15.09,1.6,7.1,3.35,1.4,4.36,5.04,3.74,False,,45.12,52.39,44.0443,60.065,"{""trend"":{""T1_ema_stack"":{""value"":[false,false,false],""score"":0.0},""T2_ema50_slope"":{""value"":-0.2659369318837984,""score"":5.677178019366927},""T3_high_proximity"":{""value"":0.8428918363534466,""score"":21.445918176723254},""T4_rs_1m"":{""value"":-0.03322527538048825,""score"":16.77472461951175},""T5_rs_3m"":{""value"":-0.18593261458999777,""score"":0},""T6_adr_healthy"":{""value"":4.594036660720126,""score"":100.0},""_score"":12.71},""geometry"":{""sub_low_similarity"":98.0,""sub_bounce_quality"":100,""sub_separation_fit"":0.0,""sub_right_bottom_reaction"":32.9,""sub_base_context"":30.0,""_score"":60.34},""compression"":{""VC1_atr_ratio"":{""value"":0.8455182271243474,""score"":38.620443218913145},""VC2_range_contraction"":{""value"":1.1408724546509985,""score"":0},""VC3_range_pct_rank"":{""score"":18.333333333333336},""_score"":20.03},""sr_quality"":{""SR1_touches"":{""value"":4,""score"":75.0},""SR2_tightness"":{""value"":0.6024118192731619,""score"":50.22124556692182},""SR3_recency"":{""value"":253,""score"":0.0},""SR4_price_location"":{""score"":22.773333333333305},""SR5_reaction"":{""value"":2.2202301903497133,""score"":100},""_score"":50.73,""_levels_found"":6,""_target_level"":46.93},""volume"":{""V1_rvol_day"":{""value"":0.3011224714819979,""score"":0},""V2_rvol_sameslot"":{""value"":1.033939379963503,""score"":35.595958664233535,""status"":""ok""},""V3_breakout_bar"":{""value"":0.7266068672802828,""score"":15.107124485352186},""V4_base_dryup"":{""value"":0.7550972004562445,""score"":74.49027995437555},""V5_bo_expansion"":{""value"":0.30112247148199794,""score"":0},""_score"":25.79},""readiness"":{""_distance_atr"":3.004,""BR1_atr_distance"":{""score"":0},""BR2_compression"":{""score"":0},""BR3_retest"":{""score"":50.0},""BR4_bo_age"":{""score"":50.0},""_score"":17.5},""risk"":{""R1_stop_clarity"":{""score"":44.57636122177975},""R2_stop_distance_pct"":{""value"":2.3841422872340234,""score"":100.0},""R3_stop_distance_atr"":{""value"":0.4444488711819355,""score"":47.222443559096774},""R4_rr_potential"":{""value"":13.892955913453829,""score"":100.0},""_score"":72.69},""market"":{""M1_spy_regime"":{""score"":100.0},""M3_earnings_risk"":{""value"":null,""score"":80.0},""M4_vix"":{""value"":null,""score"":60.0},""_score"":84.0},""liquidity"":{""L1_price"":{""value"":45.12,""score"":100.0},""L2_dollar_vol"":{""value"":10230267.93707712,""score"":50.49435041517918},""L3_spread_proxy"":{""value"":0.054078014184397276,""score"":45.921985815602724},""L4_volume_zscore"":{""value"":-1.5959751508633095,""score"":100.0},""_score"":74.79},""pattern_structure"":{""left_low"":44.76,""left_idx"":17,""right_low"":44.715,""right_idx"":65,""separation_bars"":48,""structural_low"":44.715,""current_price"":45.235,""neckline_distance_pct"":0.15817398032496963,""base_bars"":48},""pattern_geometry_features"":{""low_similarity_pct"":0.0010058675607710445,""bounce_pct"":0.1716426255171642,""right_bottom_reaction"":0.3293413173652702,""atr_pct"":0.05364266717325227},""_schema_version"":""1.0""}",,,,,,,,,,
20260610T172453Z-e22c49,2026-06-10T17:24:53.606196+00:00,PCTY,bull_flag,absent,43.4,63.8,21.4,63.4,46.1,23.1,35.3,68.4,84.0,84.7,8.93,6.41,5.71,4.61,3.23,3.17,2.05,5.04,4.23,False,,112.95,117.8899,108.0841,125.4698,"{""trend"":{""T1_ema_stack"":{""value"":[true,true,false],""score"":66.66666666666666},""T2_ema50_slope"":{""value"":0.11422346188639054,""score"":69.03724364773176},""T3_high_proximity"":{""value"":0.9221160911094783,""score"":61.05804555473915},""T4_rs_1m"":{""value"":0.04080308998599658,""score"":90.80308998599658},""T5_rs_3m"":{""value"":-0.08633903294370682,""score"":6.830483528146594},""T6_adr_healthy"":{""value"":4.255472042114268,""score"":100.0},""_score"":63.82},""geometry"":{""sub_pole_impulse"":14.5,""sub_flag_tightness"":0,""sub_flag_shallowness"":0,""sub_flag_drift"":96.8,""sub_flag_duration"":25.0,""_score"":21.37},""compression"":{""VC1_atr_ratio"":{""value"":0.5670994120484634,""score"":100},""VC2_range_contraction"":{""value"":0.923766385306539,""score"":12.70560244891017},""VC3_range_pct_rank"":{""score"":75.83333333333333},""_score"":63.41},""sr_quality"":{""SR1_touches"":{""value"":2,""score"":25.0},""SR2_tightness"":{""value"":0.5949999999999989,""score"":75.74776511142784},""SR3_recency"":{""value"":247,""score"":0.0},""SR4_price_location"":{""score"":48.93407674647439},""SR5_reaction"":{""value"":2.4129852812516845,""score"":100},""_score"":46.1,""_levels_found"":6,""_target_level"":115.545},""volume"":{""V1_rvol_day"":{""value"":0.3186426157537215,""score"":0},""V2_rvol_sameslot"":{""value"":0.9085624440988911,""score"":27.237496273259403,""status"":""ok""},""V3_breakout_bar"":{""value"":0.9128018064451923,""score"":27.520120429679483},""V4_base_dryup"":{""value"":0.9617752511705523,""score"":53.82247488294477},""V5_bo_expansion"":{""value"":0.3186426157537215,""score"":0},""_score"":23.09},""readiness"":{""_distance_atr"":1.007,""BR1_atr_distance"":{""score"":32.883128780920075},""BR2_compression"":{""score"":18.447497749857565},""BR3_retest"":{""score"":50.0},""BR4_bo_age"":{""score"":50.0},""_score"":35.27},""risk"":{""R1_stop_clarity"":{""score"":32.910981487654794},""R2_stop_distance_pct"":{""value"":4.3080566622399274,""score"":100.0},""R3_stop_distance_atr"":{""value"":0.9916820366054442,""score"":74.5841018302722},""R4_rr_potential"":{""value"":2.572940535763827,""score"":78.64702678819135},""_score"":68.44},""market"":{""M1_spy_regime"":{""score"":100.0},""M3_earnings_risk"":{""value"":null,""score"":80.0},""M4_vix"":{""value"":null,""score"":60.0},""_score"":84.0},""liquidity"":{""L1_price"":{""value"":112.95,""score"":100.0},""L2_dollar_vol"":{""value"":23359532.320983153,""score"":68.42320717790523},""L3_spread_proxy"":{""value"":0.026958831341301476,""score"":73.04116865869852},""L4_volume_zscore"":{""value"":-1.9114634636887322,""score"":100.0},""_score"":84.67},""pattern_structure"":{""pole_low"":110.31,""pole_low_idx"":9,""peak_price"":117.8899,""peak_idx"":33,""pole_gain"":0.06871453177409115,""flag_bars"":26,""flag_low"":109.73,""flag_high"":116.91,""structural_low"":109.73,""current_price"":113.085,""neckline_distance_pct"":0.04248927797674319,""base_bars"":26},""pattern_geometry_features"":{""pole_gain"":0.06871453177409115,""pullback_pct"":0.06921627722137344,""flag_range_pct"":0.06090428442131169,""flag_drift_per_bar"":-0.000637254557403115,""atr_pct"":0.04344191488016187,""pole_atr_multiple"":1.5817565124292032},""_schema_version"":""1.0""}",,,,,,,,,,
20260610T172453Z-e22c49,2026-06-10T17:24:53.606196+00:00,PGY,breakout_retest_hold,breakout_confirmed,43.34,73.6,23.2,31.0,41.0,12.9,48.8,65.2,84.0,80.2,10.31,5.12,1.86,5.73,1.68,8.78,3.26,4.2,2.41,False,,14.68,14.039,13.9392,13.957,"{""trend"":{""T1_ema_stack"":{""value"":[true,true,false],""score"":66.66666666666666},""T2_ema50_slope"":{""value"":0.061326311606948604,""score"":60.221051934491435},""T3_high_proximity"":{""value"":0.938618925831202,""score"":69.30946291560097},""T4_rs_1m"":{""value"":0.022492130274539335,""score"":72.49213027453933},""T5_rs_3m"":{""value"":0.19970139105443607,""score"":100},""T6_adr_healthy"":{""value"":7.16940420357233,""score"":100.0},""_score"":73.61},""geometry"":{""sub_retest_depth"":44.0,""sub_retest_timing"":0.0,""sub_retest_freshness"":0.0,""sub_hold_quality"":33.5,""_score"":23.25},""compression"":{""VC1_atr_ratio"":{""value"":0.8167898773430793,""score"":45.802530664230176},""VC2_range_contraction"":{""value"":1.400520635254473,""score"":0},""VC3_range_pct_rank"":{""score"":50.83333333333333},""_score"":31.03},""sr_quality"":{""SR1_touches"":{""value"":2,""score"":25.0},""SR2_tightness"":{""value"":0.014999999999998792,""score"":97.4908895393992},""SR3_recency"":{""value"":323,""score"":0.0},""SR4_price_location"":{""score"":15.351812366737743},""SR5_reaction"":{""value"":2.7035665212975686,""score"":100},""_score"":40.96,""_levels_found"":4,""_target_level"":20.635},""volume"":{""V1_rvol_day"":{""value"":0.35408035955088213,""score"":0},""V2_rvol_sameslot"":{""value"":0.599648985923296,""score"":6.643265728219731,""status"":""ok""},""V3_breakout_bar"":{""value"":0.48310800145068594,""score"":0},""V4_base_dryup"":{""value"":0.9206694037623349,""score"":57.93305962376651},""V5_bo_expansion"":{""value"":0.35408035955088213,""score"":0},""_score"":12.92},""readiness"":{""_distance_atr"":-0.536,""BR1_atr_distance"":{""score"":49.27773463169842},""BR2_compression"":{""score"":18.33000790344602},""BR3_retest"":{""score"":100},""BR4_bo_age"":{""score"":30.0},""_score"":48.79},""risk"":{""R1_stop_clarity"":{""score"":76.44781647649194},""R2_stop_distance_pct"":{""value"":5.04632152588556,""score"":100.0},""R3_stop_distance_atr"":{""value"":0.6195830097377384,""score"":55.97915048688692},""R4_rr_potential"":{""value"":-0.9759719222462212,""score"":0.0},""_score"":65.15},""market"":{""M1_spy_regime"":{""score"":100.0},""M3_earnings_risk"":{""value"":null,""score"":80.0},""M4_vix"":{""value"":null,""score"":60.0},""_score"":84.0},""liquidity"":{""L1_price"":{""value"":14.68,""score"":100.0},""L2_dollar_vol"":{""value"":19502290.867165077,""score"":64.50428147205383},""L3_spread_proxy"":{""value"":0.05585831062670302,""score"":44.141689373296984},""L4_volume_zscore"":{""value"":-1.9711878532587483,""score"":100.0},""_score"":80.22},""pattern_structure"":{""level"":14.039,""level_idx"":17,""breakout_idx"":26,""bo_peak_idx"":54,""bo_peak_price"":16.27,""retest_idx"":65,""retest_low"":14.08,""structural_low"":14.08,""current_price"":14.72,""neckline_distance_pct"":-0.0462635869565218,""base_bars"":62,""bars_since_breakout"":53},""pattern_geometry_features"":{""retest_depth_atr"":-0.09221179796941352,""bars_breakout_to_retest"":39.0,""bars_since_retest"":14.0,""current_above_level_atr"":1.5316154735895153,""bo_peak_excess_pct"":0.15891445259633877,""atr_pct"":0.08144706111327364},""_schema_version"":""1.0""}",,,,,,,,,,
20260610T172453Z-e22c49,2026-06-10T17:24:53.606196+00:00,NTSK,double_bottom,invalidated,43.32,23.4,76.7,26.0,34.9,2.6,26.2,33.8,84.0,83.6,3.52,19.16,2.08,4.88,0.33,2.09,2.03,5.04,4.18,False,,8.67,10.6466,9.259,11.8932,"{""trend"":{""T1_ema_stack"":{""value"":[false,false,false],""score"":0.0},""T2_ema50_slope"":{""value"":0.253108835658654,""score"":92.184805943109},""T3_high_proximity"":{""value"":0.6741835147744946,""score"":0},""T4_rs_1m"":{""value"":-0.21578416728722427,""score"":0},""T5_rs_3m"":{""value"":-0.36428745222582337,""score"":0},""T6_adr_healthy"":{""value"":6.061848297963514,""score"":100.0},""_score"":23.44},""geometry"":{""sub_low_similarity"":70.4,""sub_bounce_quality"":100,""sub_separation_fit"":100.0,""sub_right_bottom_reaction"":96.9,""sub_base_context"":30.0,""_score"":76.66},""compression"":{""VC1_atr_ratio"":{""value"":0.9757182812102719,""score"":6.070429697432017},""VC2_range_contraction"":{""value"":1.1850750562988237,""score"":0},""VC3_range_pct_rank"":{""score"":94.16666666666667},""_score"":25.97},""sr_quality"":{""SR1_touches"":{""value"":2,""score"":25.0},""SR2_tightness"":{""value"":0.14749999999999996,""score"":66.40063781840072},""SR3_recency"":{""value"":95,""score"":0.0},""SR4_price_location"":{""score"":9.737827715355724},""SR5_reaction"":{""value"":2.360497563436084,""score"":100},""_score"":34.89,""_levels_found"":6,""_target_level"":9.2725},""volume"":{""V1_rvol_day"":{""value"":0.44639155605778147,""score"":0},""V2_rvol_sameslot"":{""value"":0.692842233848755,""score"":12.856148923250332,""status"":""ok""},""V3_breakout_bar"":{""value"":0.40431323202174035,""score"":0},""V4_base_dryup"":{""value"":2.0681913508338052,""score"":0},""V5_bo_expansion"":{""value"":0.44639155605778147,""score"":0},""_score"":2.57},""readiness"":{""_distance_atr"":2.251,""BR1_atr_distance"":{""score"":0},""BR2_compression"":{""score"":34.65675083737966},""BR3_retest"":{""score"":50.0},""BR4_bo_age"":{""score"":50.0},""_score"":26.16},""risk"":{""R1_stop_clarity"":{""score"":67.88128767725087},""R2_stop_distance_pct"":{""value"":-6.7935409457900855,""score"":0.0},""R3_stop_distance_atr"":{""value"":-0.6708482822021011,""score"":0.0},""R4_rr_potential"":{""value"":null,""score"":50.0},""_score"":33.76},""market"":{""M1_spy_regime"":{""score"":100.0},""M3_earnings_risk"":{""value"":null,""score"":80.0},""M4_vix"":{""value"":null,""score"":60.0},""_score"":84.0},""liquidity"":{""L1_price"":{""value"":8.67,""score"":99.335},""L2_dollar_vol"":{""value"":22038734.659717828,""score"":67.15933280735977},""L3_spread_proxy"":{""value"":0.030565167243367795,""score"":69.4348327566322},""L4_volume_zscore"":{""value"":-0.8946110290278328,""score"":100.0},""_score"":83.64},""pattern_structure"":{""left_low"":9.4,""left_idx"":53,""right_low"":9.54,""right_idx"":65,""separation_bars"":12,""structural_low"":9.4,""current_price"":8.67,""neckline_distance_pct"":0.22798154555940017,""base_bars"":12},""pattern_geometry_features"":{""low_similarity_pct"":0.014783526927138206,""bounce_pct"":0.13261702127659564,""right_bottom_reaction"":0.9690528290090653,""atr_pct"":0.10126791893227878},""_schema_version"":""1.0""}",,,,,,,,,,
20260610T172453Z-e22c49,2026-06-10T17:24:53.606196+00:00,ADSK,double_bottom,invalidated,43.31,19.9,54.1,36.9,62.3,14.7,17.5,32.2,84.0,96.8,2.99,13.52,2.95,8.73,1.91,1.4,1.93,5.04,4.84,False,,222.87,250.49,224.8361,272.72,"{""trend"":{""T1_ema_stack"":{""value"":[false,false,false],""score"":0.0},""T2_ema50_slope"":{""value"":-0.07662767766282835,""score"":37.228720389528604},""T3_high_proximity"":{""value"":0.8811877273446149,""score"":40.59386367230744},""T4_rs_1m"":{""value"":-0.043052098703308395,""score"":6.9479012966916045},""T5_rs_3m"":{""value"":-0.1940424666251196,""score"":0},""T6_adr_healthy"":{""value"":3.5285546535841346,""score"":100.0},""_score"":19.92},""geometry"":{""sub_low_similarity"":47.2,""sub_bounce_quality"":96.3,""sub_separation_fit"":60.0,""sub_right_bottom_reaction"":37.6,""sub_base_context"":30.0,""_score"":54.06},""compression"":{""VC1_atr_ratio"":{""value"":0.7286303349136061,""score"":67.84241627159848},""VC2_range_contraction"":{""value"":1.224647468061419,""score"":0},""VC3_range_pct_rank"":{""score"":39.16666666666667},""_score"":36.93},""sr_quality"":{""SR1_touches"":{""value"":6,""score"":100},""SR2_tightness"":{""value"":2.818619145767812,""score"":44.72521635978519},""SR3_recency"":{""value"":239,""score"":0.0},""SR4_price_location"":{""score"":51.885014137606134},""SR5_reaction"":{""value"":1.6883083531773824,""score"":84.41541765886912},""_score"":62.34,""_levels_found"":5,""_target_level"":229.6767},""volume"":{""V1_rvol_day"":{""value"":0.23414024959358015,""score"":0},""V2_rvol_sameslot"":{""value"":0.6799142326931588,""score"":11.994282179543918,""status"":""ok""},""V3_breakout_bar"":{""value"":0.6310131201618336,""score"":8.734208010788908},""V4_base_dryup"":{""value"":0.9951616661499292,""score"":50.48383338500708},""V5_bo_expansion"":{""value"":0.23414024959358015,""score"":0},""_score"":14.68},""readiness"":{""_distance_atr"":2.708,""BR1_atr_distance"":{""score"":0},""BR2_compression"":{""score"":0},""BR3_retest"":{""score"":50.0},""BR4_bo_age"":{""score"":50.0},""_score"":17.5},""risk"":{""R1_stop_clarity"":{""score"":32.85530186300598},""R2_stop_distance_pct"":{""value"":-0.882173464351408,""score"":27.945663391214804},""R3_stop_distance_atr"":{""value"":-0.19278190222720096,""score"":15.360904888639947},""R4_rr_potential"":{""value"":null,""score"":50.0},""_score"":32.19},""market"":{""M1_spy_regime"":{""score"":100.0},""M3_earnings_risk"":{""value"":null,""score"":80.0},""M4_vix"":{""value"":null,""score"":60.0},""_score"":84.0},""liquidity"":{""L1_price"":{""value"":222.87,""score"":100.0},""L2_dollar_vol"":{""value"":125196957.28135696,""score"":100.0},""L3_spread_proxy"":{""value"":0.03190200565352005,""score"":68.09799434647995},""L4_volume_zscore"":{""value"":-1.274947257308254,""score"":100.0},""_score"":96.81},""pattern_structure"":{""left_low"":234.37,""left_idx"":11,""right_low"":228.26,""right_idx"":47,""separation_bars"":36,""structural_low"":228.26,""current_price"":224.31,""neckline_distance_pct"":0.11671347688466857,""base_bars"":36},""pattern_geometry_features"":{""low_similarity_pct"":0.02641419709054758,""bounce_pct"":0.0973889424340665,""right_bottom_reaction"":0.37628947104860144,""atr_pct"":0.045760180502406926},""_schema_version"":""1.0""}",,,,,,,,,,
20260610T172453Z-e22c49,2026-06-10T17:24:53.606196+00:00,ASX,vcp,invalidated,43.28,68.3,35.0,15.9,47.2,32.5,17.5,30.1,84.0,94.5,10.24,8.75,1.91,5.66,4.22,1.23,1.5,5.04,4.72,False,,34.48,41.1,36.3662,26.73,"{""trend"":{""T1_ema_stack"":{""value"":[false,true,true],""score"":66.66666666666666},""T2_ema50_slope"":{""value"":0.7544596233812313,""score"":100},""T3_high_proximity"":{""value"":0.8492610837438422,""score"":24.630541871921096},""T4_rs_1m"":{""value"":-0.010365942210857959,""score"":39.63405778914204},""T5_rs_3m"":{""value"":0.4953849701994253,""score"":100},""T6_adr_healthy"":{""value"":4.720326055779787,""score"":100.0},""_score"":68.29},""geometry"":{""sub_contraction_count"":100.0,""sub_reduction_rate"":0,""sub_pivot_tightness"":0,""sub_volume_dryup"":0,""sub_base_depth"":0.0,""sub_base_duration"":100.0,""_score"":35.0},""compression"":{""VC1_atr_ratio"":{""value"":0.8637759422882317,""score"":34.05601442794207},""VC2_range_contraction"":{""value"":1.4628847071642397,""score"":0},""VC3_range_pct_rank"":{""score"":9.166666666666668},""_score"":15.91},""sr_quality"":{""SR1_touches"":{""value"":2,""score"":25.0},""SR2_tightness"":{""value"":0.6050000000000004,""score"":53.4499009367726},""SR3_recency"":{""value"":232,""score"":0.0},""SR4_price_location"":{""score"":72.45778611632267},""SR5_reaction"":{""value"":1.8032777425125521,""score"":90.16388712562761},""_score"":47.16,""_levels_found"":7,""_target_level"":36.315},""volume"":{""V1_rvol_day"":{""value"":0.6934218855723111,""score"":12.894792371487407},""V2_rvol_sameslot"":{""value"":1.8217175540283255,""score"":88.11450360188836,""status"":""ok""},""V3_breakout_bar"":{""value"":0.7434388155563754,""score"":16.229254370425025},""V4_base_dryup"":{""value"":1.0887222415832205,""score"":41.12777584167795},""V5_bo_expansion"":{""value"":0.6934218855723109,""score"":0},""_score"":32.48},""readiness"":{""_distance_atr"":2.547,""BR1_atr_distance"":{""score"":0},""BR2_compression"":{""score"":0},""BR3_retest"":{""score"":50.0},""BR4_bo_age"":{""score"":50.0},""_score"":17.5},""risk"":{""R1_stop_clarity"":{""score"":57.38934733683399},""R2_stop_distance_pct"":{""value"":-5.47041763341068,""score"":0.0},""R3_stop_distance_atr"":{""value"":-0.7256429491988393,""score"":0.0},""R4_rr_potential"":{""value"":null,""score"":50.0},""_score"":30.09},""market"":{""M1_spy_regime"":{""score"":100.0},""M3_earnings_risk"":{""value"":null,""score"":80.0},""M4_vix"":{""value"":null,""score"":60.0},""_score"":84.0},""liquidity"":{""L1_price"":{""value"":34.48,""score"":100.0},""L2_dollar_vol"":{""value"":247682498.2842907,""score"":100.0},""L3_spread_proxy"":{""value"":0.05510440835266838,""score"":44.89559164733162},""L4_volume_zscore"":{""value"":-0.8204326963861913,""score"":100.0},""_score"":94.49},""pattern_structure"":{""n_contractions"":5,""contractions_pct"":[8.6,5.44,8.94,16.31,10.17],""descending_strict"":false,""final_low"":36.92,""final_pivot"":41.1,""structural_low"":36.92,""dry_up_ratio"":1.2726860599888845,""current_price"":34.48,""neckline_distance_pct"":0.19199535962877046,""base_bars"":46},""pattern_geometry_features"":{""contraction_count"":5.0,""first_contraction_pct"":0.08603104212860316,""last_contraction_pct"":0.10170316301703163,""dry_up_ratio"":1.2726860599888845,""near_monotone"":0.0,""base_depth_pct"":-0.6372505543237251},""_schema_version"":""1.0""}",,,,,,,,,,
20260610T172453Z-e22c49,2026-06-10T17:24:53.606196+00:00,SAIL,vcp,breakout_confirmed,43.27,53.3,50.0,2.1,46.7,26.4,30.6,41.1,84.0,85.2,8.0,12.49,0.25,5.6,3.43,2.14,2.05,5.04,4.26,False,,14.56,12.73,11.2093,17.775,"{""trend"":{""T1_ema_stack"":{""value"":[false,true,false],""score"":33.33333333333333},""T2_ema50_slope"":{""value"":0.8178047155244037,""score"":100},""T3_high_proximity"":{""value"":0.7338709677419355,""score"":0},""T4_rs_1m"":{""value"":0.24990685004679047,""score"":100},""T5_rs_3m"":{""value"":-0.15694165696475293,""score"":0},""T6_adr_healthy"":{""value"":7.1243301096194065,""score"":100.0},""_score"":53.33},""geometry"":{""sub_contraction_count"":100.0,""sub_reduction_rate"":22.8,""sub_pivot_tightness"":0,""sub_volume_dryup"":0,""sub_base_depth"":92.8,""sub_base_duration"":100.0,""_score"":49.98},""compression"":{""VC1_atr_ratio"":{""value"":1.047977160364877,""score"":0},""VC2_range_contraction"":{""value"":1.3723509242916512,""score"":0},""VC3_range_pct_rank"":{""score"":8.333333333333337},""_score"":2.08},""sr_quality"":{""SR1_touches"":{""value"":3,""score"":50.0},""SR2_tightness"":{""value"":0.29920595285224927,""score"":55.37260660500098},""SR3_recency"":{""value"":274,""score"":0.0},""SR4_price_location"":{""score"":33.463817433310375},""SR5_reaction"":{""value"":2.3496779898469584,""score"":100},""_score"":46.67,""_levels_found"":6,""_target_level"":16.424},""volume"":{""V1_rvol_day"":{""value"":0.7233101253138909,""score"":14.887341687592729},""V2_rvol_sameslot"":{""value"":1.622675012457105,""score"":74.84500083047367,""status"":""ok""},""V3_breakout_bar"":{""value"":0.7101515204160557,""score"":14.01010136107038},""V4_base_dryup"":{""value"":1.2531284631014359,""score"":24.687153689856416},""V5_bo_expansion"":{""value"":0.7233101253138909,""score"":0},""_score"":26.39},""readiness"":{""_distance_atr"":-1.365,""BR1_atr_distance"":{""score"":32.705045092075196},""BR2_compression"":{""score"":0},""BR3_retest"":{""score"":50.0},""BR4_bo_age"":{""score"":50.0},""_score"":30.58},""risk"":{""R1_stop_clarity"":{""score"":74.53962402850948},""R2_stop_distance_pct"":{""value"":23.013049450549445,""score"":0.0},""R3_stop_distance_atr"":{""value"":2.498830748906657,""score"":100.0},""R4_rr_potential"":{""value"":0.9595009997910879,""score"":0.0},""_score"":41.09},""market"":{""M1_spy_regime"":{""score"":100.0},""M3_earnings_risk"":{""value"":null,""score"":80.0},""M4_vix"":{""value"":null,""score"":60.0},""_score"":84.0},""liquidity"":{""L1_price"":{""value"":14.56,""score"":100.0},""L2_dollar_vol"":{""value"":52461285.1741888,""score"":85.99194627728197},""L3_spread_proxy"":{""value"":0.09237637362637367,""score"":7.623626373626323},""L4_volume_zscore"":{""value"":-0.5657885342341995,""score"":100.0},""_score"":85.16},""pattern_structure"":{""n_contractions"":5,""contractions_pct"":[22.01,28.26,23.87,11.21,10.6],""descending_strict"":false,""final_low"":11.38,""final_pivot"":12.73,""structural_low"":11.38,""dry_up_ratio"":1.883136323212881,""current_price"":14.56,""neckline_distance_pct"":-0.12568681318681318,""base_bars"":56},""pattern_geometry_features"":{""contraction_count"":5.0,""first_contraction_pct"":0.22009132420091324,""last_contraction_pct"":0.10604870384917514,""dry_up_ratio"":1.883136323212881,""near_monotone"":0.0,""base_depth_pct"":0.30715372907153726},""_schema_version"":""1.0""}",,,,,,,,,,
20260610T172453Z-e22c49,2026-06-10T17:24:53.606196+00:00,EXE,vcp,invalidated,43.2,7.4,48.8,75.9,54.6,20.2,17.5,10.0,84.0,96.8,1.11,12.19,9.11,6.56,2.63,1.23,0.5,5.04,4.84,True,risk_unclear,89.92,102.965,93.0529,120.775,"{""trend"":{""T1_ema_stack"":{""value"":[false,false,false],""score"":0.0},""T2_ema50_slope"":{""value"":-0.2283063639437703,""score"":11.948939342704954},""T3_high_proximity"":{""value"":0.7893258426966292,""score"":0},""T4_rs_1m"":{""value"":-0.05725023433245713,""score"":0},""T5_rs_3m"":{""value"":-0.25089910710905927,""score"":0},""T6_adr_healthy"":{""value"":2.126317714970579,""score"":100.0},""_score"":7.39},""geometry"":{""sub_contraction_count"":100.0,""sub_reduction_rate"":0,""sub_pivot_tightness"":25.0,""sub_volume_dryup"":0,""sub_base_depth"":100.0,""sub_base_duration"":100.0,""_score"":48.75},""compression"":{""VC1_atr_ratio"":{""value"":0.4736620138958663,""score"":100},""VC2_range_contraction"":{""value"":0.8018984889784825,""score"":33.016918503586254},""VC3_range_pct_rank"":{""score"":97.5},""_score"":75.93},""sr_quality"":{""SR1_touches"":{""value"":4,""score"":75.0},""SR2_tightness"":{""value"":0.4245217897823377,""score"":57.94747024207274},""SR3_recency"":{""value"":228,""score"":0.0},""SR4_price_location"":{""score"":33.841244458910225},""SR5_reaction"":{""value"":2.377406150830859,""score"":100},""_score"":54.65,""_levels_found"":7,""_target_level"":94.3725},""volume"":{""V1_rvol_day"":{""value"":0.2961082107443019,""score"":0},""V2_rvol_sameslot"":{""value"":1.0430336835743106,""score"":36.20224557162071,""status"":""ok""},""V3_breakout_bar"":{""value"":0.640797645106597,""score"":9.386509673773132},""V4_base_dryup"":{""value"":0.9671275554459354,""score"":53.28724445540646},""V5_bo_expansion"":{""value"":0.2961082107443019,""score"":0},""_score"":20.24},""readiness"":{""_distance_atr"":6.461,""BR1_atr_distance"":{""score"":0},""BR2_compression"":{""score"":0},""BR3_retest"":{""score"":50.0},""BR4_bo_age"":{""score"":50.0},""_score"":17.5},""risk"":{""R1_stop_clarity"":{""score"":0},""R2_stop_distance_pct"":{""value"":-3.4841525800711675,""score"":0.0},""R3_stop_distance_atr"":{""value"":-1.5517280417178172,""score"":0.0},""R4_rr_potential"":{""value"":null,""score"":50.0},""_score"":10.0},""market"":{""M1_spy_regime"":{""score"":100.0},""M3_earnings_risk"":{""value"":null,""score"":80.0},""M4_vix"":{""value"":null,""score"":60.0},""_score"":84.0},""liquidity"":{""L1_price"":{""value"":89.92,""score"":100.0},""L2_dollar_vol"":{""value"":79862873.820656,""score"":95.1172466991248},""L3_spread_proxy"":{""value"":0.012121886120996479,""score"":87.87811387900352},""L4_volume_zscore"":{""value"":-1.9303046082401527,""score"":100.0},""_score"":96.83},""pattern_structure"":{""n_contractions"":5,""contractions_pct"":[10.43,6.54,5.8,17.31,8.25],""descending_strict"":false,""final_low"":94.47,""final_pivot"":102.965,""structural_low"":94.47,""dry_up_ratio"":1.2391202253053712,""current_price"":89.92,""neckline_distance_pct"":0.14507339857651247,""base_bars"":67},""pattern_geometry_features"":{""contraction_count"":5.0,""first_contraction_pct"":0.10429283933024588,""last_contraction_pct"":0.08250376341475263,""dry_up_ratio"":1.2391202253053712,""near_monotone"":0.0,""base_depth_pct"":0.1586213038831493},""_schema_version"":""1.0""}",,,,,,,,,,
20260610T172453Z-e22c49,2026-06-10T17:24:53.606196+00:00,KVYO,double_bottom,forming,43.18,9.1,50.6,45.7,57.0,24.3,17.5,61.6,84.0,84.6,1.36,12.66,3.66,7.98,3.16,1.4,3.7,5.04,4.23,False,,14.86,16.87,14.8157,18.6987,"{""trend"":{""T1_ema_stack"":{""value"":[false,false,false],""score"":0.0},""T2_ema50_slope"":{""value"":-0.6824397237298544,""score"":0},""T3_high_proximity"":{""value"":0.6369481354479212,""score"":0},""T4_rs_1m"":{""value"":-0.029662253650360237,""score"":20.33774634963976},""T5_rs_3m"":{""value"":-0.3308065898993484,""score"":0},""T6_adr_healthy"":{""value"":6.050951483253063,""score"":100.0},""_score"":9.07},""geometry"":{""sub_low_similarity"":13.0,""sub_bounce_quality"":100,""sub_separation_fit"":100.0,""sub_right_bottom_reaction"":38.3,""sub_base_context"":30.0,""_score"":50.64},""compression"":{""VC1_atr_ratio"":{""value"":0.6678620143362939,""score"":83.03449641592653},""VC2_range_contraction"":{""value"":1.1509155478628867,""score"":0},""VC3_range_pct_rank"":{""score"":50.0},""_score"":45.71},""sr_quality"":{""SR1_touches"":{""value"":2,""score"":25.0},""SR2_tightness"":{""value"":0.040000000000000036,""score"":92.56075933392226},""SR3_recency"":{""value"":240,""score"":0.0},""SR4_price_location"":{""score"":82.4247939263914},""SR5_reaction"":{""value"":2.1550550304543923,""score"":100},""_score"":56.99,""_levels_found"":6,""_target_level"":15.49},""volume"":{""V1_rvol_day"":{""value"":0.3236264673457369,""score"":0},""V2_rvol_sameslot"":{""value"":0.8585225051921352,""score"":23.90150034614235,""status"":""ok""},""V3_breakout_bar"":{""value"":0.8936824415129063,""score"":26.24549610086042},""V4_base_dryup"":{""value"":0.8530655278578829,""score"":64.69344721421172},""V5_bo_expansion"":{""value"":0.32362646734573697,""score"":0},""_score"":24.28},""readiness"":{""_distance_atr"":1.869,""BR1_atr_distance"":{""score"":0},""BR2_compression"":{""score"":0},""BR3_retest"":{""score"":50.0},""BR4_bo_age"":{""score"":50.0},""_score"":17.5},""risk"":{""R1_stop_clarity"":{""score"":58.0390560134968},""R2_stop_distance_pct"":{""value"":0.2982469717362065,""score"":57.45617429340516},""R3_stop_distance_atr"":{""value"":0.04121292833752926,""score"":27.060646416876466},""R4_rr_potential"":{""value"":86.61424429427177,""score"":100.0},""_score"":61.61},""market"":{""M1_spy_regime"":{""score"":100.0},""M3_earnings_risk"":{""value"":null,""score"":80.0},""M4_vix"":{""value"":null,""score"":60.0},""_score"":84.0},""liquidity"":{""L1_price"":{""value"":14.86,""score"":100.0},""L2_dollar_vol"":{""value"":32520519.46606676,""score"":75.60787370871607},""L3_spread_proxy"":{""value"":0.056514131897712004,""score"":43.485868102287995},""L4_volume_zscore"":{""value"":-1.805157469278836,""score"":100.0},""_score"":84.59},""pattern_structure"":{""left_low"":15.71,""left_idx"":47,""right_low"":15.0413,""right_idx"":65,""separation_bars"":18,""structural_low"":15.0413,""current_price"":14.945,""neckline_distance_pct"":0.12880562060889933,""base_bars"":18},""pattern_geometry_features"":{""low_similarity_pct"":0.043490844289509785,""bounce_pct"":0.12157858695724448,""right_bottom_reaction"":0.3833821489132103,""atr_pct"":0.07236733320515283},""_schema_version"":""1.0""}",,,,,,,,,,
20260610T172453Z-e22c49,2026-06-10T17:24:53.606196+00:00,BTU,double_bottom,absent,43.03,37.1,44.6,34.2,44.3,11.1,28.2,76.6,84.0,80.8,5.56,11.15,2.74,6.2,1.44,2.25,4.6,5.04,4.04,False,,26.69,31.6,26.0729,36.73,"{""trend"":{""T1_ema_stack"":{""value"":[false,false,true],""score"":33.33333333333333},""T2_ema50_slope"":{""value"":-0.18817959652733635,""score"":18.63673391211061},""T3_high_proximity"":{""value"":0.6756962025316456,""score"":0},""T4_rs_1m"":{""value"":0.09474434646079777,""score"":100},""T5_rs_3m"":{""value"":-0.3058692825135808,""score"":0},""T6_adr_healthy"":{""value"":5.220829830356257,""score"":100.0},""_score"":37.06},""geometry"":{""sub_low_similarity"":44.9,""sub_bounce_quality"":100,""sub_separation_fit"":20.0,""sub_right_bottom_reaction"":14.3,""sub_base_context"":30.0,""_score"":44.62},""compression"":{""VC1_atr_ratio"":{""value"":0.8266710917438215,""score"":43.33222706404463},""VC2_range_contraction"":{""value"":1.4954503380680402,""score"":0},""VC3_range_pct_rank"":{""score"":67.5},""_score"":34.21},""sr_quality"":{""SR1_touches"":{""value"":2,""score"":25.0},""SR2_tightness"":{""value"":0.13500000000000156,""score"":85.82342285579254},""SR3_recency"":{""value"":254,""score"":0.0},""SR4_price_location"":{""score"":54.423076923077},""SR5_reaction"":{""value"":1.3782783334645985,""score"":68.91391667322992},""_score"":44.32,""_levels_found"":7,""_target_level"":27.875},""volume"":{""V1_rvol_day"":{""value"":0.1708313384743154,""score"":0},""V2_rvol_sameslot"":{""value"":0.41976357648096946,""score"":0,""status"":""ok""},""V3_breakout_bar"":{""value"":0.5323728538842539,""score"":2.1581902589502615},""V4_base_dryup"":{""value"":0.9729425309655038,""score"":52.70574690344962},""V5_bo_expansion"":{""value"":0.1708313384743154,""score"":0},""_score"":11.08},""readiness"":{""_distance_atr"":2.578,""BR1_atr_distance"":{""score"":0},""BR2_compression"":{""score"":42.71573630487678},""BR3_retest"":{""score"":50.0},""BR4_bo_age"":{""score"":50.0},""_score"":28.18},""risk"":{""R1_stop_clarity"":{""score"":58.30511144364807},""R2_stop_distance_pct"":{""value"":2.3119145747471057,""score"":100.0},""R3_stop_distance_atr"":{""value"":0.323987293586413,""score"":41.19936467932065},""R4_rr_potential"":{""value"":16.270966696377865,""score"":100.0},""_score"":76.59},""market"":{""M1_spy_regime"":{""score"":100.0},""M3_earnings_risk"":{""value"":null,""score"":80.0},""M4_vix"":{""value"":null,""score"":60.0},""_score"":84.0},""liquidity"":{""L1_price"":{""value"":26.69,""score"":100.0},""L2_dollar_vol"":{""value"":17476219.13035292,""score"":62.12237407959012},""L3_spread_proxy"":{""value"":0.04008992131884602,""score"":59.91007868115398},""L4_volume_zscore"":{""value"":-1.2545312335317536,""score"":100.0},""_score"":80.84},""pattern_structure"":{""left_low"":27.21,""left_idx"":34,""right_low"":26.47,""right_idx"":76,""separation_bars"":42,""structural_low"":26.47,""current_price"":26.95,""neckline_distance_pct"":0.1725417439703155,""base_bars"":42},""pattern_geometry_features"":{""low_similarity_pct"":0.027570789865871907,""bounce_pct"":0.1938043067623726,""right_bottom_reaction"":0.14285714285714768,""atr_pct"":0.07135818658673657},""_schema_version"":""1.0""}",,,,,,,,,,
20260610T172453Z-e22c49,2026-06-10T17:24:53.606196+00:00,IE,double_bottom,invalidated,42.84,13.9,50.5,48.0,45.2,44.3,19.4,30.8,84.0,75.0,2.09,12.63,3.84,6.34,5.76,1.55,1.85,5.04,3.75,False,,10.2201,14.58,12.5095,16.46,"{""trend"":{""T1_ema_stack"":{""value"":[false,false,true],""score"":33.33333333333333},""T2_ema50_slope"":{""value"":-0.28275558860224914,""score"":2.874068566291811},""T3_high_proximity"":{""value"":0.6636428571428572,""score"":0},""T4_rs_1m"":{""value"":-0.3003018030351292,""score"":0},""T5_rs_3m"":{""value"":-0.35007849034943184,""score"":0},""T6_adr_healthy"":{""value"":6.929896651786288,""score"":100.0},""_score"":13.91},""geometry"":{""sub_low_similarity"":15.2,""sub_bounce_quality"":100,""sub_separation_fit"":60.0,""sub_right_bottom_reaction"":73.0,""sub_base_context"":30.0,""_score"":50.51},""compression"":{""VC1_atr_ratio"":{""value"":0.6536114564217922,""score"":86.59713589455194},""VC2_range_contraction"":{""value"":1.2862336385175317,""score"":0},""VC3_range_pct_rank"":{""score"":53.333333333333336},""_score"":47.97},""sr_quality"":{""SR1_touches"":{""value"":3,""score"":50.0},""SR2_tightness"":{""value"":0.2860069929215016,""score"":39.03023440351097},""SR3_recency"":{""value"":240,""score"":0.0},""SR4_price_location"":{""score"":47.88171789230057},""SR5_reaction"":{""value"":1.656198212876325,""score"":82.80991064381625},""_score"":45.25,""_levels_found"":7,""_target_level"":11.85},""volume"":{""V1_rvol_day"":{""value"":0.5678703292272694,""score"":4.5246886151512955},""V2_rvol_sameslot"":{""value"":1.714720608353862,""score"":80.98137389025747,""status"":""ok""},""V3_breakout_bar"":{""value"":1.3300126739050862,""score"":55.33417826033907},""V4_base_dryup"":{""value"":0.829789871408267,""score"":67.02101285917331},""V5_bo_expansion"":{""value"":0.5678703292272695,""score"":0},""_score"":44.34},""readiness"":{""_distance_atr"":4.647,""BR1_atr_distance"":{""score"":0},""BR2_compression"":{""score"":7.712822157405375},""BR3_retest"":{""score"":50.0},""BR4_bo_age"":{""score"":50.0},""_score"":19.43},""risk"":{""R1_stop_clarity"":{""score"":59.39001271441294},""R2_stop_distance_pct"":{""value"":-22.400954980871017,""score"":0.0},""R3_stop_distance_atr"":{""value"":-2.4402232255019136,""score"":0.0},""R4_rr_potential"":{""value"":null,""score"":50.0},""_score"":30.79},""market"":{""M1_spy_regime"":{""score"":100.0},""M3_earnings_risk"":{""value"":null,""score"":80.0},""M4_vix"":{""value"":null,""score"":60.0},""_score"":84.0},""liquidity"":{""L1_price"":{""value"":10.2201,""score"":100.0},""L2_dollar_vol"":{""value"":10861708.176539414,""score"":51.79490651728291},""L3_spread_proxy"":{""value"":0.057572822183735974,""score"":42.42717781626403},""L4_volume_zscore"":{""value"":-1.371733502864564,""score"":100.0},""_score"":74.96},""pattern_structure"":{""left_low"":12.7,""left_idx"":17,""right_low"":13.25,""right_idx"":53,""separation_bars"":36,""structural_low"":12.7,""current_price"":10.315,""neckline_distance_pct"":0.41347552108579744,""base_bars"":36},""pattern_geometry_features"":{""low_similarity_pct"":0.042389210019267876,""bounce_pct"":0.1480314960629922,""right_bottom_reaction"":0.7301587301587306,""atr_pct"":0.09179879425278198},""_schema_version"":""1.0""}",,,,,,,,,,
20260610T172453Z-e22c49,2026-06-10T17:24:53.606196+00:00,PGY,vcp,absent,42.75,73.6,35.0,31.0,41.0,13.5,22.1,39.3,84.0,80.2,11.04,8.75,3.72,4.92,1.76,1.55,1.97,5.04,4.01,False,,14.68,17.14,11.9678,17.19,"{""trend"":{""T1_ema_stack"":{""value"":[true,true,false],""score"":66.66666666666666},""T2_ema50_slope"":{""value"":0.061326311606948604,""score"":60.221051934491435},""T3_high_proximity"":{""value"":0.938618925831202,""score"":69.30946291560097},""T4_rs_1m"":{""value"":0.022492130274539335,""score"":72.49213027453933},""T5_rs_3m"":{""value"":0.19970139105443607,""score"":100},""T6_adr_healthy"":{""value"":7.16940420357233,""score"":100.0},""_score"":73.61},""geometry"":{""sub_contraction_count"":100.0,""sub_reduction_rate"":0,""sub_pivot_tightness"":0,""sub_volume_dryup"":0,""sub_base_depth"":0.0,""sub_base_duration"":100.0,""_score"":35.0},""compression"":{""VC1_atr_ratio"":{""value"":0.8167898773430793,""score"":45.802530664230176},""VC2_range_contraction"":{""value"":1.400520635254473,""score"":0},""VC3_range_pct_rank"":{""score"":50.83333333333333},""_score"":31.03},""sr_quality"":{""SR1_touches"":{""value"":2,""score"":25.0},""SR2_tightness"":{""value"":0.014999999999998792,""score"":97.4908895393992},""SR3_recency"":{""value"":323,""score"":0.0},""SR4_price_location"":{""score"":15.351812366737743},""SR5_reaction"":{""value"":2.7035665212975686,""score"":100},""_score"":40.96,""_levels_found"":4,""_target_level"":20.635},""volume"":{""V1_rvol_day"":{""value"":0.35408035955088213,""score"":0},""V2_rvol_sameslot"":{""value"":0.599648985923296,""score"":6.643265728219731,""status"":""ok""},""V3_breakout_bar"":{""value"":0.48310800145068594,""score"":0},""V4_base_dryup"":{""value"":0.88962918929571,""score"":61.037081070429},""V5_bo_expansion"":{""value"":0.35408035955088213,""score"":0},""_score"":13.54},""readiness"":{""_distance_atr"":2.057,""BR1_atr_distance"":{""score"":0},""BR2_compression"":{""score"":18.33000790344602},""BR3_retest"":{""score"":50.0},""BR4_bo_age"":{""score"":50.0},""_score"":22.08},""risk"":{""R1_stop_clarity"":{""score"":69.51430790369798},""R2_stop_distance_pct"":{""value"":18.475817438692093,""score"":0.0},""R3_stop_distance_atr"":{""value"":2.2684449489216796,""score"":100.0},""R4_rr_potential"":{""value"":0.9254309152917315,""score"":0.0},""_score"":39.33},""market"":{""M1_spy_regime"":{""score"":100.0},""M3_earnings_risk"":{""value"":null,""score"":80.0},""M4_vix"":{""value"":null,""score"":60.0},""_score"":84.0},""liquidity"":{""L1_price"":{""value"":14.68,""score"":100.0},""L2_dollar_vol"":{""value"":19502290.867165077,""score"":64.50428147205383},""L3_spread_proxy"":{""value"":0.05585831062670302,""score"":44.141689373296984},""L4_volume_zscore"":{""value"":-1.9711878532587483,""score"":100.0},""_score"":80.22},""pattern_structure"":{""n_contractions"":5,""contractions_pct"":[12.13,10.36,15.24,17.98,29.11],""descending_strict"":false,""final_low"":12.15,""final_pivot"":17.14,""structural_low"":12.15,""dry_up_ratio"":1.0959120544247203,""current_price"":14.68,""neckline_distance_pct"":0.16757493188010905,""base_bars"":53},""pattern_geometry_features"":{""contraction_count"":5.0,""first_contraction_pct"":0.12131147540983596,""last_contraction_pct"":0.2911318553092182,""dry_up_ratio"":1.0959120544247203,""near_monotone"":0.0,""base_depth_pct"":0.0040983606557376175},""_schema_version"":""1.0""}",,,,,,,,,,
20260610T172453Z-e22c49,2026-06-10T17:24:53.606196+00:00,SNOW,vcp,breakout_confirmed,42.72,81.5,45.0,11.5,41.3,4.5,17.5,27.7,84.0,93.3,12.22,11.25,1.38,4.96,0.59,1.23,1.39,5.04,4.67,False,,242.16,156.7,132.2855,207.0,"{""trend"":{""T1_ema_stack"":{""value"":[true,true,false],""score"":66.66666666666666},""T2_ema50_slope"":{""value"":0.7396510235673748,""score"":100},""T3_high_proximity"":{""value"":0.8643632210165618,""score"":32.18161050828089},""T4_rs_1m"":{""value"":0.6112793611296745,""score"":100},""T5_rs_3m"":{""value"":0.2705628355706655,""score"":100},""T6_adr_healthy"":{""value"":5.534366619205509,""score"":100.0},""_score"":81.49},""geometry"":{""sub_contraction_count"":100.0,""sub_reduction_rate"":0,""sub_pivot_tightness"":0,""sub_volume_dryup"":0,""sub_base_depth"":100.0,""sub_base_duration"":100.0,""_score"":45.0},""compression"":{""VC1_atr_ratio"":{""value"":0.9179803029159488,""score"":20.504924271012804},""VC2_range_contraction"":{""value"":1.4509860673231048,""score"":0},""VC3_range_pct_rank"":{""score"":13.33333333333333},""_score"":11.54},""sr_quality"":{""SR1_touches"":{""value"":3,""score"":50.0},""SR2_tightness"":{""value"":5.41596610854324,""score"":41.342117279671555},""SR3_recency"":{""value"":317,""score"":0.0},""SR4_price_location"":{""score"":30.0},""SR5_reaction"":{""value"":1.6825256838717673,""score"":84.12628419358836},""_score"":41.32,""_levels_found"":5,""_target_level"":221.2867},""volume"":{""V1_rvol_day"":{""value"":0.31753949720894586,""score"":0},""V2_rvol_sameslot"":{""value"":0.5628600577616082,""score"":4.190670517440545,""status"":""ok""},""V3_breakout_bar"":{""value"":0.7214256596827446,""score"":14.76171064551631},""V4_base_dryup"":{""value"":1.5024874394344223,""score"":0},""V5_bo_expansion"":{""value"":0.31753949720894586,""score"":0},""_score"":4.53},""readiness"":{""_distance_atr"":-4.628,""BR1_atr_distance"":{""score"":0},""BR2_compression"":{""score"":0},""BR3_retest"":{""score"":50.0},""BR4_bo_age"":{""score"":50.0},""_score"":17.5},""risk"":{""R1_stop_clarity"":{""score"":78.18186037875977},""R2_stop_distance_pct"":{""value"":45.372687479352486,""score"":0.0},""R3_stop_distance_atr"":{""value"":5.950005415274167,""score"":2.499729236291648},""R4_rr_potential"":{""value"":-0.32000145620685444,""score"":0.0},""_score"":27.74},""market"":{""M1_spy_regime"":{""score"":100.0},""M3_earnings_risk"":{""value"":null,""score"":80.0},""M4_vix"":{""value"":null,""score"":60.0},""_score"":84.0},""liquidity"":{""L1_price"":{""value"":242.16,""score"":100.0},""L2_dollar_vol"":{""value"":867455702.9389485,""score"":100.0},""L3_spread_proxy"":{""value"":0.06656549388833824,""score"":33.43450611166176},""L4_volume_zscore"":{""value"":-0.9227047399922192,""score"":100.0},""_score"":93.34},""pattern_structure"":{""n_contractions"":5,""contractions_pct"":[16.24,14.94,21.51,25.05,14.29],""descending_strict"":false,""final_low"":134.3,""final_pivot"":156.7,""structural_low"":134.3,""dry_up_ratio"":1.6716482716613992,""current_price"":242.16,""neckline_distance_pct"":-0.3529071688140073,""base_bars"":44},""pattern_geometry_features"":{""contraction_count"":5.0,""first_contraction_pct"":0.16237811484290354,""last_contraction_pct"":0.14294830887045296,""dry_up_ratio"":1.6716482716613992,""near_monotone"":0.0,""base_depth_pct"":0.2724810400866738},""_schema_version"":""1.0""}",,,,,,,,,,
20260610T172453Z-e22c49,2026-06-10T17:24:53.606196+00:00,PEGA,vcp,absent,42.56,11.7,46.1,55.4,44.9,20.4,22.7,76.7,84.0,82.8,1.75,11.52,6.65,5.39,2.66,1.59,3.84,5.04,4.14,False,,33.25,35.49,31.52,48.41,"{""trend"":{""T1_ema_stack"":{""value"":[false,false,false],""score"":0.0},""T2_ema50_slope"":{""value"":-0.4404950596565755,""score"":0},""T3_high_proximity"":{""value"":0.7495491433724076,""score"":0},""T4_rs_1m"":{""value"":-0.01661692412056681,""score"":33.38307587943319},""T5_rs_3m"":{""value"":-0.31625462289563555,""score"":0},""T6_adr_healthy"":{""value"":4.640158639120877,""score"":100.0},""_score"":11.68},""geometry"":{""sub_contraction_count"":100.0,""sub_reduction_rate"":0,""sub_pivot_tightness"":2.4,""sub_volume_dryup"":4.7,""sub_base_depth"":100.0,""sub_base_duration"":100.0,""_score"":46.06},""compression"":{""VC1_atr_ratio"":{""value"":0.5906925220232168,""score"":100},""VC2_range_contraction"":{""value"":1.0651033133381616,""score"":0},""VC3_range_pct_rank"":{""score"":61.66666666666667},""_score"":55.42},""sr_quality"":{""SR1_touches"":{""value"":2,""score"":25.0},""SR2_tightness"":{""value"":0.2375000000000007,""score"":72.30620590856458},""SR3_recency"":{""value"":254,""score"":0.0},""SR4_price_location"":{""score"":46.18514750762972},""SR5_reaction"":{""value"":2.085779965518104,""score"":100},""_score"":44.89,""_levels_found"":7,""_target_level"":34.5725},""volume"":{""V1_rvol_day"":{""value"":0.37527973343093946,""score"":0},""V2_rvol_sameslot"":{""value"":0.9194518568954353,""score"":27.96345712636235,""status"":""ok""},""V3_breakout_bar"":{""value"":0.6901007008317108,""score"":12.673380055447389},""V4_base_dryup"":{""value"":0.9167345376058439,""score"":58.32654623941561},""V5_bo_expansion"":{""value"":0.37527973343093957,""score"":0},""_score"":20.43},""readiness"":{""_distance_atr"":1.306,""BR1_atr_distance"":{""score"":12.934598224820746},""BR2_compression"":{""score"":0},""BR3_retest"":{""score"":50.0},""BR4_bo_age"":{""score"":50.0},""_score"":22.67},""risk"":{""R1_stop_clarity"":{""score"":44.02938457309905},""R2_stop_distance_pct"":{""value"":5.203007518796994,""score"":100.0},""R3_stop_distance_atr"":{""value"":1.008637132172277,""score"":75.43185660861384},""R4_rr_potential"":{""value"":8.763005780346822,""score"":100.0},""_score"":76.73},""market"":{""M1_spy_regime"":{""score"":100.0},""M3_earnings_risk"":{""value"":null,""score"":80.0},""M4_vix"":{""value"":null,""score"":60.0},""_score"":84.0},""liquidity"":{""L1_price"":{""value"":33.25,""score"":100.0},""L2_dollar_vol"":{""value"":21457666.7123525,""score"":66.57912477002755},""L3_spread_proxy"":{""value"":0.03864661654135328,""score"":61.35338345864672},""L4_volume_zscore"":{""value"":-2.1984497422011957,""score"":100.0},""_score"":82.77},""pattern_structure"":{""n_contractions"":5,""contractions_pct"":[11.67,13.41,23.55,14.94,9.83],""descending_strict"":false,""final_low"":32.0,""final_pivot"":35.49,""structural_low"":32.0,""dry_up_ratio"":0.976348939053324,""current_price"":33.25,""neckline_distance_pct"":0.06736842105263163,""base_bars"":41},""pattern_geometry_features"":{""contraction_count"":5.0,""first_contraction_pct"":0.11665182546749782,""last_contraction_pct"":0.09833755987602147,""dry_up_ratio"":0.976348939053324,""near_monotone"":0.0,""base_depth_pct"":0.2876224398931434},""_schema_version"":""1.0""}",,,,,,,,,,
20260610T172453Z-e22c49,2026-06-10T17:24:53.606196+00:00,ICE,double_bottom,absent,42.54,9.6,48.8,57.1,58.7,6.5,19.4,62.9,84.0,98.3,1.45,12.2,4.57,8.21,0.84,1.55,3.77,5.04,4.92,True,risk_unclear,140.7,148.88,135.8315,159.86,"{""trend"":{""T1_ema_stack"":{""value"":[false,false,false],""score"":0.0},""T2_ema50_slope"":{""value"":-0.2475593584425567,""score"":8.74010692624055},""T3_high_proximity"":{""value"":0.8385481852315394,""score"":19.27409261576968},""T4_rs_1m"":{""value"":-0.09561449338060235,""score"":0},""T5_rs_3m"":{""value"":-0.18298005790100014,""score"":0},""T6_adr_healthy"":{""value"":2.366315945371037,""score"":100.0},""_score"":9.64},""geometry"":{""sub_low_similarity"":27.2,""sub_bounce_quality"":70.9,""sub_separation_fit"":60.0,""sub_right_bottom_reaction"":76.3,""sub_base_context"":30.0,""_score"":48.79},""compression"":{""VC1_atr_ratio"":{""value"":0.5804417009212124,""score"":100},""VC2_range_contraction"":{""value"":1.3145079056902573,""score"":0},""VC3_range_pct_rank"":{""score"":68.33333333333333},""_score"":57.08},""sr_quality"":{""SR1_touches"":{""value"":6,""score"":100},""SR2_tightness"":{""value"":0.5598620179710871,""score"":72.08913646721189},""SR3_recency"":{""value"":244,""score"":0.0},""SR4_price_location"":{""score"":11.368521321107423},""SR5_reaction"":{""value"":2.5003744918246835,""score"":100},""_score"":58.66,""_levels_found"":5,""_target_level"":152.5523},""volume"":{""V1_rvol_day"":{""value"":0.21107875470854792,""score"":0},""V2_rvol_sameslot"":{""value"":0.48779972291488677,""score"":0,""status"":""ok""},""V3_breakout_bar"":{""value"":0.4844186998235973,""score"":0},""V4_base_dryup"":{""value"":1.1748688875166833,""score"":32.51311124833167},""V5_bo_expansion"":{""value"":0.21107875470854798,""score"":0},""_score"":6.5},""readiness"":{""_distance_atr"":2.039,""BR1_atr_distance"":{""score"":0},""BR2_compression"":{""score"":7.470329091657033},""BR3_retest"":{""score"":50.0},""BR4_bo_age"":{""score"":50.0},""_score"":19.37},""risk"":{""R1_stop_clarity"":{""score"":0},""R2_stop_distance_pct"":{""value"":3.4601990049751126,""score"":100.0},""R3_stop_distance_atr"":{""value"":1.2135493634825918,""score"":85.67746817412959},""R4_rr_potential"":{""value"":3.9355037485878737,""score"":100.0},""_score"":62.85},""market"":{""M1_spy_regime"":{""score"":100.0},""M3_earnings_risk"":{""value"":null,""score"":80.0},""M4_vix"":{""value"":null,""score"":60.0},""_score"":84.0},""liquidity"":{""L1_price"":{""value"":140.7,""score"":100.0},""L2_dollar_vol"":{""value"":129028266.86705549,""score"":100.0},""L3_spread_proxy"":{""value"":0.017022032693674357,""score"":82.97796730632564},""L4_volume_zscore"":{""value"":-1.5724778300913593,""score"":100.0},""_score"":98.3},""pattern_structure"":{""left_low"":143.01,""left_idx"":35,""right_low"":137.9,""right_idx"":71,""separation_bars"":36,""structural_low"":137.9,""current_price"":141.2,""neckline_distance_pct"":0.05439093484419269,""base_bars"":36},""pattern_geometry_features"":{""low_similarity_pct"":0.03638175928233232,""bounce_pct"":0.07962291515591,""right_bottom_reaction"":0.7634408602150543,""atr_pct"":0.028513047009848715},""_schema_version"":""1.0""}",,,,,,,,,,
20260610T172453Z-e22c49,2026-06-10T17:24:53.606196+00:00,BTU,breakout_retest_hold,setup,42.45,37.1,22.5,34.2,44.3,7.1,75.2,59.5,84.0,80.8,5.19,4.95,2.05,6.2,0.92,13.53,2.98,4.2,2.43,False,,26.69,26.3,26.2053,25.96,"{""trend"":{""T1_ema_stack"":{""value"":[false,false,true],""score"":33.33333333333333},""T2_ema50_slope"":{""value"":-0.18817959652733635,""score"":18.63673391211061},""T3_high_proximity"":{""value"":0.6756962025316456,""score"":0},""T4_rs_1m"":{""value"":0.09474434646079777,""score"":100},""T5_rs_3m"":{""value"":-0.3058692825135808,""score"":0},""T6_adr_healthy"":{""value"":5.220829830356257,""score"":100.0},""_score"":37.06},""geometry"":{""sub_retest_depth"":0.0,""sub_retest_timing"":0.0,""sub_retest_freshness"":100.0,""sub_hold_quality"":8.3,""_score"":22.49},""compression"":{""VC1_atr_ratio"":{""value"":0.8266710917438215,""score"":43.33222706404463},""VC2_range_contraction"":{""value"":1.4954503380680402,""score"":0},""VC3_range_pct_rank"":{""score"":67.5},""_score"":34.21},""sr_quality"":{""SR1_touches"":{""value"":2,""score"":25.0},""SR2_tightness"":{""value"":0.13500000000000156,""score"":85.82342285579254},""SR3_recency"":{""value"":254,""score"":0.0},""SR4_price_location"":{""score"":54.423076923077},""SR5_reaction"":{""value"":1.3782783334645985,""score"":68.91391667322992},""_score"":44.32,""_levels_found"":7,""_target_level"":27.875},""volume"":{""V1_rvol_day"":{""value"":0.1708313384743154,""score"":0},""V2_rvol_sameslot"":{""value"":0.41976357648096946,""score"":0,""status"":""ok""},""V3_breakout_bar"":{""value"":0.5323728538842539,""score"":2.1581902589502615},""V4_base_dryup"":{""value"":1.171772282156813,""score"":32.82277178431869},""V5_bo_expansion"":{""value"":0.1708313384743154,""score"":0},""_score"":7.1},""readiness"":{""_distance_atr"":-0.205,""BR1_atr_distance"":{""score"":100.0},""BR2_compression"":{""score"":42.71573630487678},""BR3_retest"":{""score"":100},""BR4_bo_age"":{""score"":30.0},""_score"":75.18},""risk"":{""R1_stop_clarity"":{""score"":72.20340762909859},""R2_stop_distance_pct"":{""value"":1.8160359685275522,""score"":95.40089921318881},""R3_stop_distance_atr"":{""value"":0.2544958126591604,""score"":37.72479063295802},""R4_rr_potential"":{""value"":-1.5060862389106484,""score"":0.0},""_score"":59.55},""market"":{""M1_spy_regime"":{""score"":100.0},""M3_earnings_risk"":{""value"":null,""score"":80.0},""M4_vix"":{""value"":null,""score"":60.0},""_score"":84.0},""liquidity"":{""L1_price"":{""value"":26.69,""score"":100.0},""L2_dollar_vol"":{""value"":17476219.13035292,""score"":62.12237407959012},""L3_spread_proxy"":{""value"":0.04008992131884602,""score"":59.91007868115398},""L4_volume_zscore"":{""value"":-1.2545312335317536,""score"":100.0},""_score"":80.84},""pattern_structure"":{""level"":26.3,""level_idx"":15,""breakout_idx"":21,""bo_peak_idx"":57,""bo_peak_price"":31.6,""retest_idx"":76,""retest_low"":26.47,""structural_low"":26.47,""current_price"":26.95,""neckline_distance_pct"":-0.02411873840445264,""base_bars"":64,""bars_since_breakout"":58},""pattern_geometry_features"":{""retest_depth_atr"":-0.4533851487789033,""bars_breakout_to_retest"":55.0,""bars_since_retest"":3.0,""current_above_level_atr"":1.733531451213469,""bo_peak_excess_pct"":0.20152091254752855,""atr_pct"":0.07135818658673657},""_schema_version"":""1.0""}",,,,,,,,,,
20260610T172453Z-e22c49,2026-06-10T17:24:53.606196+00:00,VSH,vcp,breakout_confirmed,42.45,86.9,35.0,9.9,29.8,19.3,23.3,44.3,84.0,90.0,13.04,8.75,1.19,3.57,2.51,1.63,2.21,5.04,4.5,False,,54.49,40.07,34.0416,26.035,"{""trend"":{""T1_ema_stack"":{""value"":[true,true,true],""score"":100.0},""T2_ema50_slope"":{""value"":1.418179414696797,""score"":100},""T3_high_proximity"":{""value"":0.8518055338439894,""score"":25.90276692199467},""T4_rs_1m"":{""value"":0.5773194483425301,""score"":100},""T5_rs_3m"":{""value"":2.034670032169419,""score"":100},""T6_adr_healthy"":{""value"":9.559444292729605,""score"":61.01389268175987},""_score"":86.94},""geometry"":{""sub_contraction_count"":100.0,""sub_reduction_rate"":0,""sub_pivot_tightness"":0,""sub_volume_dryup"":0,""sub_base_depth"":0.0,""sub_base_duration"":100.0,""_score"":35.0},""compression"":{""VC1_atr_ratio"":{""value"":0.9068406847388281,""score"":23.289828815292985},""VC2_range_contraction"":{""value"":2.0474694966021287,""score"":0},""VC3_range_pct_rank"":{""score"":2.500000000000002},""_score"":9.94},""sr_quality"":{""SR1_touches"":{""value"":2,""score"":25.0},""SR2_tightness"":{""value"":1.1150000000000002,""score"":64.7665189388425},""SR3_recency"":{""value"":255,""score"":0.0},""SR4_price_location"":{""score"":30.0},""SR5_reaction"":{""value"":0.6770200284621525,""score"":33.851001423107625},""_score"":29.79,""_levels_found"":3,""_target_level"":27.365},""volume"":{""V1_rvol_day"":{""value"":0.5879893262020662,""score"":5.865955080137749},""V2_rvol_sameslot"":{""value"":1.631831985623679,""score"":75.45546570824526,""status"":""ok""},""V3_breakout_bar"":{""value"":0.681532130912084,""score"":12.102142060805598},""V4_base_dryup"":{""value"":2.305221802953637,""score"":0},""V5_bo_expansion"":{""value"":0.5879893262020662,""score"":0},""_score"":19.29},""readiness"":{""_distance_atr"":-2.278,""BR1_atr_distance"":{""score"":14.433471129875215},""BR2_compression"":{""score"":0},""BR3_retest"":{""score"":50.0},""BR4_bo_age"":{""score"":50.0},""_score"":23.27},""risk"":{""R1_stop_clarity"":{""score"":83.61880127165557},""R2_stop_distance_pct"":{""value"":37.52688566709488,""score"":0.0},""R3_stop_distance_atr"":{""value"":3.2307996149370997,""score"":100.0},""R4_rr_potential"":{""value"":-1.391551417225798,""score"":0.0},""_score"":44.27},""market"":{""M1_spy_regime"":{""score"":100.0},""M3_earnings_risk"":{""value"":null,""score"":80.0},""M4_vix"":{""value"":null,""score"":60.0},""_score"":84.0},""liquidity"":{""L1_price"":{""value"":54.49,""score"":100.0},""L2_dollar_vol"":{""value"":279941428.870895,""score"":100.0},""L3_spread_proxy"":{""value"":0.14186089190677195,""score"":0},""L4_volume_zscore"":{""value"":-1.0455297975378735,""score"":100.0},""_score"":90.0},""pattern_structure"":{""n_contractions"":5,""contractions_pct"":[23.95,8.26,13.46,7.83,13.75],""descending_strict"":false,""final_low"":34.56,""final_pivot"":40.07,""structural_low"":34.56,""dry_up_ratio"":1.7804413411359763,""current_price"":54.49,""neckline_distance_pct"":-0.2646357129748578,""base_bars"":59},""pattern_geometry_features"":{""contraction_count"":5.0,""first_contraction_pct"":0.23946406820950059,""last_contraction_pct"":0.13750935862241073,""dry_up_ratio"":1.7804413411359763,""near_monotone"":0.0,""base_depth_pct"":-0.6838002436053595},""_schema_version"":""1.0""}",,,,,,,,,,
20260610T172453Z-e22c49,2026-06-10T17:24:53.606196+00:00,EXLS,double_bottom,absent,42.4,23.6,44.1,56.7,49.7,11.0,22.8,66.1,84.0,81.8,3.53,11.03,4.54,6.96,1.44,1.82,3.96,5.04,4.09,True,risk_unclear,29.245,30.55,28.0429,32.63,"{""trend"":{""T1_ema_stack"":{""value"":[false,false,false],""score"":0.0},""T2_ema50_slope"":{""value"":-0.19673394691703822,""score"":17.2110088471603},""T3_high_proximity"":{""value"":0.9173462986198244,""score"":58.67314930991219},""T4_rs_1m"":{""value"":-0.0184382360026788,""score"":31.5617639973212},""T5_rs_3m"":{""value"":-0.12207435825690882,""score"":0},""T6_adr_healthy"":{""value"":3.623120371972151,""score"":100.0},""_score"":23.56},""geometry"":{""sub_low_similarity"":49.7,""sub_bounce_quality"":61.5,""sub_separation_fit"":0.0,""sub_right_bottom_reaction"":72.6,""sub_base_context"":30.0,""_score"":44.1},""compression"":{""VC1_atr_ratio"":{""value"":0.4147910803563988,""score"":100},""VC2_range_contraction"":{""value"":0.8852672994521716,""score"":19.122116757971394},""VC3_range_pct_rank"":{""score"":40.0},""_score"":56.69},""sr_quality"":{""SR1_touches"":{""value"":2,""score"":25.0},""SR2_tightness"":{""value"":0.20000000000000107,""score"":60.091524387605986},""SR3_recency"":{""value"":258,""score"":0.0},""SR4_price_location"":{""score"":72.6765799256505},""SR5_reaction"":{""value"":2.6763621457561597,""score"":100},""_score"":49.68,""_levels_found"":9,""_target_level"":29.49},""volume"":{""V1_rvol_day"":{""value"":0.2447731516410773,""score"":0},""V2_rvol_sameslot"":{""value"":0.5509609545844539,""score"":3.397396972296929,""status"":""ok""},""V3_breakout_bar"":{""value"":0.5061401772571164,""score"":0.4093451504744235},""V4_base_dryup"":{""value"":0.9872745963145991,""score"":51.272540368540085},""V5_bo_expansion"":{""value"":0.24477315164107732,""score"":0},""_score"":11.04},""readiness"":{""_distance_atr"":1.302,""BR1_atr_distance"":{""score"":13.199065543043517},""BR2_compression"":{""score"":0},""BR3_retest"":{""score"":50.0},""BR4_bo_age"":{""score"":50.0},""_score"":22.78},""risk"":{""R1_stop_clarity"":{""score"":14.7854274486359},""R2_stop_distance_pct"":{""value"":4.110275260728341,""score"":100.0},""R3_stop_distance_atr"":{""value"":1.1992995777469524,""score"":84.96497888734763},""R4_rr_potential"":{""value"":2.8160226280104754,""score"":90.80113140052377},""_score"":66.08},""market"":{""M1_spy_regime"":{""score"":100.0},""M3_earnings_risk"":{""value"":null,""score"":80.0},""M4_vix"":{""value"":null,""score"":60.0},""_score"":84.0},""liquidity"":{""L1_price"":{""value"":29.245,""score"":100.0},""L2_dollar_vol"":{""value"":17774231.096882254,""score"":62.48954112380645},""L3_spread_proxy"":{""value"":0.03231321593434776,""score"":67.68678406565223},""L4_volume_zscore"":{""value"":-2.21570228852186,""score"":100.0},""_score"":81.76},""pattern_structure"":{""left_low"":28.47,""left_idx"":23,""right_low"":29.195,""right_idx"":71,""separation_bars"":48,""structural_low"":28.47,""current_price"":29.305,""neckline_distance_pct"":0.04248421771028838,""base_bars"":48},""pattern_geometry_features"":{""low_similarity_pct"":0.025145235411428126,""bounce_pct"":0.07305936073059367,""right_bottom_reaction"":0.7257383966244729,""atr_pct"":0.03427229807293065},""_schema_version"":""1.0""}",,,,,,,,,,
20260610T172453Z-e22c49,2026-06-10T17:24:53.606196+00:00,BTU,vcp,breakout_confirmed,42.16,37.1,44.9,34.2,44.3,7.1,46.5,53.8,84.0,80.8,5.56,11.22,4.11,5.32,0.92,3.26,2.69,5.04,4.04,False,,26.69,25.35,22.8422,36.91,"{""trend"":{""T1_ema_stack"":{""value"":[false,false,true],""score"":33.33333333333333},""T2_ema50_slope"":{""value"":-0.18817959652733635,""score"":18.63673391211061},""T3_high_proximity"":{""value"":0.6756962025316456,""score"":0},""T4_rs_1m"":{""value"":0.09474434646079777,""score"":100},""T5_rs_3m"":{""value"":-0.3058692825135808,""score"":0},""T6_adr_healthy"":{""value"":5.220829830356257,""score"":100.0},""_score"":37.06},""geometry"":{""sub_contraction_count"":100.0,""sub_reduction_rate"":0,""sub_pivot_tightness"":21.1,""sub_volume_dryup"":0,""sub_base_depth"":67.3,""sub_base_duration"":100.0,""_score"":44.89},""compression"":{""VC1_atr_ratio"":{""value"":0.8266710917438215,""score"":43.33222706404463},""VC2_range_contraction"":{""value"":1.4954503380680402,""score"":0},""VC3_range_pct_rank"":{""score"":67.5},""_score"":34.21},""sr_quality"":{""SR1_touches"":{""value"":2,""score"":25.0},""SR2_tightness"":{""value"":0.13500000000000156,""score"":85.82342285579254},""SR3_recency"":{""value"":254,""score"":0.0},""SR4_price_location"":{""score"":54.423076923077},""SR5_reaction"":{""value"":1.3782783334645985,""score"":68.91391667322992},""_score"":44.32,""_levels_found"":7,""_target_level"":27.875},""volume"":{""V1_rvol_day"":{""value"":0.1708313384743154,""score"":0},""V2_rvol_sameslot"":{""value"":0.41976357648096946,""score"":0,""status"":""ok""},""V3_breakout_bar"":{""value"":0.5323728538842539,""score"":2.1581902589502615},""V4_base_dryup"":{""value"":1.171772282156813,""score"":32.82277178431869},""V5_bo_expansion"":{""value"":0.1708313384743154,""score"":0},""_score"":7.1},""readiness"":{""_distance_atr"":-0.704,""BR1_atr_distance"":{""score"":45.92843453834239},""BR2_compression"":{""score"":42.71573630487678},""BR3_retest"":{""score"":50.0},""BR4_bo_age"":{""score"":50.0},""_score"":46.55},""risk"":{""R1_stop_clarity"":{""score"":63.47168622509241},""R2_stop_distance_pct"":{""value"":14.416822780067445,""score"":0.0},""R3_stop_distance_atr"":{""value"":2.020346013494003,""score"":100.0},""R4_rr_potential"":{""value"":2.656028691347114,""score"":82.8014345673557},""_score"":53.78},""market"":{""M1_spy_regime"":{""score"":100.0},""M3_earnings_risk"":{""value"":null,""score"":80.0},""M4_vix"":{""value"":null,""score"":60.0},""_score"":84.0},""liquidity"":{""L1_price"":{""value"":26.69,""score"":100.0},""L2_dollar_vol"":{""value"":17476219.13035292,""score"":62.12237407959012},""L3_spread_proxy"":{""value"":0.04008992131884602,""score"":59.91007868115398},""L4_volume_zscore"":{""value"":-1.2545312335317536,""score"":100.0},""_score"":80.84},""pattern_structure"":{""n_contractions"":5,""contractions_pct"":[12.86,13.03,37.19,15.0,8.52],""descending_strict"":false,""final_low"":23.19,""final_pivot"":25.35,""structural_low"":23.19,""dry_up_ratio"":1.502585182209388,""current_price"":26.69,""neckline_distance_pct"":-0.050206069689022095,""base_bars"":61},""pattern_geometry_features"":{""contraction_count"":5.0,""first_contraction_pct"":0.12863309352517982,""last_contraction_pct"":0.08520710059171598,""dry_up_ratio"":1.502585182209388,""near_monotone"":0.0,""base_depth_pct"":0.3326618705035971},""_schema_version"":""1.0""}",,,,,,,,,,
20260610T172453Z-e22c49,2026-06-10T17:24:53.606196+00:00,UEC,double_bottom,invalidated,42.14,13.3,42.0,16.0,61.9,52.0,17.5,33.2,84.0,89.9,2.0,10.5,1.28,8.66,6.76,1.4,1.99,5.04,4.5,False,,9.522,15.47,12.2439,18.5096,"{""trend"":{""T1_ema_stack"":{""value"":[false,false,true],""score"":33.33333333333333},""T2_ema50_slope"":{""value"":-0.38069149544930075,""score"":0},""T3_high_proximity"":{""value"":0.5781420765027323,""score"":0},""T4_rs_1m"":{""value"":-0.4089944039517517,""score"":0},""T5_rs_3m"":{""value"":-0.4061113913540543,""score"":0},""T6_adr_healthy"":{""value"":7.762299354003284,""score"":100.0},""_score"":13.33},""geometry"":{""sub_low_similarity"":15.0,""sub_bounce_quality"":100,""sub_separation_fit"":0.0,""sub_right_bottom_reaction"":76.7,""sub_base_context"":30.0,""_score"":42.01},""compression"":{""VC1_atr_ratio"":{""value"":0.8500615955372383,""score"":37.48460111569044},""VC2_range_contraction"":{""value"":1.315423080051306,""score"":0},""VC3_range_pct_rank"":{""score"":4.1666666666666625},""_score"":16.04},""sr_quality"":{""SR1_touches"":{""value"":5,""score"":100},""SR2_tightness"":{""value"":0.2467103564911696,""score"":55.581697530509146},""SR3_recency"":{""value"":240,""score"":0.0},""SR4_price_location"":{""score"":34.10451456092183},""SR5_reaction"":{""value"":2.173974884097763,""score"":100},""_score"":61.86,""_levels_found"":6,""_target_level"":11.962},""volume"":{""V1_rvol_day"":{""value"":1.3480907704686103,""score"":56.539384697907344},""V2_rvol_sameslot"":{""value"":2.54318080537921,""score"":100,""status"":""ok""},""V3_breakout_bar"":{""value"":0.8228899905636635,""score"":21.5259993709109},""V4_base_dryup"":{""value"":0.9086851979109825,""score"":59.131480208901756},""V5_bo_expansion"":{""value"":1.3480907704686103,""score"":23.20605136457402},""_score"":52.0},""readiness"":{""_distance_atr"":5.354,""BR1_atr_distance"":{""score"":0},""BR2_compression"":{""score"":0},""BR3_retest"":{""score"":50.0},""BR4_bo_age"":{""score"":50.0},""_score"":17.5},""risk"":{""R1_stop_clarity"":{""score"":66.43003105729852},""R2_stop_distance_pct"":{""value"":-28.58584331022895,""score"":0.0},""R3_stop_distance_atr"":{""value"":-2.4503254264752226,""score"":0.0},""R4_rr_potential"":{""value"":null,""score"":50.0},""_score"":33.25},""market"":{""M1_spy_regime"":{""score"":100.0},""M3_earnings_risk"":{""value"":null,""score"":80.0},""M4_vix"":{""value"":null,""score"":60.0},""_score"":84.0},""liquidity"":{""L1_price"":{""value"":9.522,""score"":99.761},""L2_dollar_vol"":{""value"":136795510.8162409,""score"":100.0},""L3_spread_proxy"":{""value"":0.1218231463978156,""score"":0},""L4_volume_zscore"":{""value"":0.6893633400693874,""score"":100.0},""_score"":89.94},""pattern_structure"":{""left_low"":12.97,""left_idx"":17,""right_low"":12.4304,""right_idx"":64,""separation_bars"":47,""structural_low"":12.4304,""current_price"":9.56,""neckline_distance_pct"":0.6182008368200836,""base_bars"":47},""pattern_geometry_features"":{""low_similarity_pct"":0.042487519881576674,""bounce_pct"":0.24452954048140044,""right_bottom_reaction"":0.7670083876980468,""atr_pct"":0.11666141566897709},""_schema_version"":""1.0""}",,,,,,,,,,
20260610T172453Z-e22c49,2026-06-10T17:24:53.606196+00:00,WAY,vcp,absent,42.05,6.0,46.9,54.2,44.9,24.6,19.2,78.4,84.0,80.6,0.89,11.73,6.5,5.39,3.2,1.35,3.92,5.04,4.03,False,,18.745,21.48,17.6216,31.5,"{""trend"":{""T1_ema_stack"":{""value"":[false,false,false],""score"":0.0},""T2_ema50_slope"":{""value"":-0.5846145825973026,""score"":0},""T3_high_proximity"":{""value"":0.7017970797454137,""score"":0},""T4_rs_1m"":{""value"":-0.04517668145950904,""score"":4.823318540490959},""T5_rs_3m"":{""value"":-0.31612199062260404,""score"":0},""T6_adr_healthy"":{""value"":4.676646420302564,""score"":100.0},""_score"":5.96},""geometry"":{""sub_contraction_count"":100.0,""sub_reduction_rate"":0,""sub_pivot_tightness"":0,""sub_volume_dryup"":52.2,""sub_base_depth"":41.0,""sub_base_duration"":100.0,""_score"":46.93},""compression"":{""VC1_atr_ratio"":{""value"":0.687087847711905,""score"":78.22803807202374},""VC2_range_contraction"":{""value"":0.9538053692845535,""score"":7.699105119241083},""VC3_range_pct_rank"":{""score"":80.83333333333333},""_score"":54.19},""sr_quality"":{""SR1_touches"":{""value"":3,""score"":50.0},""SR2_tightness"":{""value"":0.22547480765905803,""score"":54.80852238385106},""SR3_recency"":{""value"":247,""score"":0.0},""SR4_price_location"":{""score"":26.743545142840787},""SR5_reaction"":{""value"":4.74680448481638,""score"":100},""_score"":44.91,""_levels_found"":4,""_target_level"":21.1817},""volume"":{""V1_rvol_day"":{""value"":0.34762152594409,""score"":0},""V2_rvol_sameslot"":{""value"":1.1528706028815356,""score"":43.52470685876904,""status"":""ok""},""V3_breakout_bar"":{""value"":0.7619706101466637,""score"":17.46470734311091},""V4_base_dryup"":{""value"":0.92273418279092,""score"":57.726581720908},""V5_bo_expansion"":{""value"":0.34762152594409,""score"":0},""_score"":24.62},""readiness"":{""_distance_atr"":2.741,""BR1_atr_distance"":{""score"":0},""BR2_compression"":{""score"":7.012701786374902},""BR3_retest"":{""score"":50.0},""BR4_bo_age"":{""score"":50.0},""_score"":19.25},""risk"":{""R1_stop_clarity"":{""score"":46.2151308866791},""R2_stop_distance_pct"":{""value"":5.992798079487875,""score"":100.0},""R3_stop_distance_atr"":{""value"":1.1257542895183301,""score"":81.2877144759165},""R4_rr_potential"":{""value"":11.35443094316106,""score"":100.0},""_score"":78.37},""market"":{""M1_spy_regime"":{""score"":100.0},""M3_earnings_risk"":{""value"":null,""score"":80.0},""M4_vix"":{""value"":null,""score"":60.0},""_score"":84.0},""liquidity"":{""L1_price"":{""value"":18.745,""score"":100.0},""L2_dollar_vol"":{""value"":14917231.012809847,""score"":58.68441076989721},""L3_spread_proxy"":{""value"":0.02880768204854623,""score"":71.19231795145377},""L4_volume_zscore"":{""value"":-2.285727617177604,""score"":100.0},""_score"":80.59},""pattern_structure"":{""n_contractions"":5,""contractions_pct"":[14.76,10.64,15.28,11.51,16.71],""descending_strict"":false,""final_low"":17.89,""final_pivot"":21.48,""structural_low"":17.89,""dry_up_ratio"":0.7391273842885293,""current_price"":18.745,""neckline_distance_pct"":0.14590557481995195,""base_bars"":50},""pattern_geometry_features"":{""contraction_count"":5.0,""first_contraction_pct"":0.14761734145467578,""last_contraction_pct"":0.16713221601489756,""dry_up_ratio"":0.7391273842885293,""near_monotone"":0.0,""base_depth_pct"":0.3590111071300609},""_schema_version"":""1.0""}",,,,,,,,,,
20260610T172453Z-e22c49,2026-06-10T17:24:53.606196+00:00,ICE,vcp,absent,42.04,9.6,45.0,57.1,58.7,6.9,19.4,65.0,84.0,98.3,1.45,11.25,6.85,7.04,0.89,1.36,3.25,5.04,4.92,True,risk_unclear,140.7,157.39,134.6199,188.915,"{""trend"":{""T1_ema_stack"":{""value"":[false,false,false],""score"":0.0},""T2_ema50_slope"":{""value"":-0.2475593584425567,""score"":8.74010692624055},""T3_high_proximity"":{""value"":0.8385481852315394,""score"":19.27409261576968},""T4_rs_1m"":{""value"":-0.09561449338060235,""score"":0},""T5_rs_3m"":{""value"":-0.18298005790100014,""score"":0},""T6_adr_healthy"":{""value"":2.366315945371037,""score"":100.0},""_score"":9.64},""geometry"":{""sub_contraction_count"":100.0,""sub_reduction_rate"":0,""sub_pivot_tightness"":0,""sub_volume_dryup"":0,""sub_base_depth"":100.0,""sub_base_duration"":100.0,""_score"":45.0},""compression"":{""VC1_atr_ratio"":{""value"":0.5804417009212124,""score"":100},""VC2_range_contraction"":{""value"":1.3145079056902573,""score"":0},""VC3_range_pct_rank"":{""score"":68.33333333333333},""_score"":57.08},""sr_quality"":{""SR1_touches"":{""value"":6,""score"":100},""SR2_tightness"":{""value"":0.5598620179710871,""score"":72.08913646721189},""SR3_recency"":{""value"":244,""score"":0.0},""SR4_price_location"":{""score"":11.368521321107423},""SR5_reaction"":{""value"":2.5003744918246835,""score"":100},""_score"":58.66,""_levels_found"":5,""_target_level"":152.5523},""volume"":{""V1_rvol_day"":{""value"":0.21107875470854792,""score"":0},""V2_rvol_sameslot"":{""value"":0.48779972291488677,""score"":0,""status"":""ok""},""V3_breakout_bar"":{""value"":0.4844186998235973,""score"":0},""V4_base_dryup"":{""value"":1.1561359527654975,""score"":34.386404723450255},""V5_bo_expansion"":{""value"":0.21107875470854798,""score"":0},""_score"":6.88},""readiness"":{""_distance_atr"":4.16,""BR1_atr_distance"":{""score"":0},""BR2_compression"":{""score"":7.470329091657033},""BR3_retest"":{""score"":50.0},""BR4_bo_age"":{""score"":50.0},""_score"":19.37},""risk"":{""R1_stop_clarity"":{""score"":0},""R2_stop_distance_pct"":{""value"":4.321286425017769,""score"":100.0},""R3_stop_distance_atr"":{""value"":1.515547048873854,""score"":100.0},""R4_rr_potential"":{""value"":7.93003347011949,""score"":100.0},""_score"":65.0},""market"":{""M1_spy_regime"":{""score"":100.0},""M3_earnings_risk"":{""value"":null,""score"":80.0},""M4_vix"":{""value"":null,""score"":60.0},""_score"":84.0},""liquidity"":{""L1_price"":{""value"":140.7,""score"":100.0},""L2_dollar_vol"":{""value"":129028266.86705549,""score"":100.0},""L3_spread_proxy"":{""value"":0.017022032693674357,""score"":82.97796730632564},""L4_volume_zscore"":{""value"":-1.5724778300913593,""score"":100.0},""_score"":98.3},""pattern_structure"":{""n_contractions"":5,""contractions_pct"":[6.19,6.38,5.57,3.92,13.16],""descending_strict"":false,""final_low"":136.67,""final_pivot"":157.39,""structural_low"":136.67,""dry_up_ratio"":1.7128896570958376,""current_price"":140.7,""neckline_distance_pct"":0.11862117981520966,""base_bars"":38},""pattern_geometry_features"":{""contraction_count"":5.0,""first_contraction_pct"":0.061922173667469264,""last_contraction_pct"":0.13164749984115892,""dry_up_ratio"":1.7128896570958376,""near_monotone"":0.0,""base_depth_pct"":0.18743125538809124},""_schema_version"":""1.0""}",,,,,,,,,,
20260610T172453Z-e22c49,2026-06-10T17:24:53.606196+00:00,AXON,bull_flag,absent,41.96,61.4,31.8,39.0,48.6,12.1,17.5,81.0,84.0,94.6,8.59,9.53,3.51,4.86,1.69,1.57,2.43,5.04,4.73,False,,459.63,514.99,429.8147,586.01,"{""trend"":{""T1_ema_stack"":{""value"":[true,true,false],""score"":66.66666666666666},""T2_ema50_slope"":{""value"":0.07576568295769909,""score"":62.62761382628318},""T3_high_proximity"":{""value"":0.8956157443491816,""score"":47.80787217459076},""T4_rs_1m"":{""value"":0.1783721918246517,""score"":100},""T5_rs_3m"":{""value"":-0.19099046371933626,""score"":0},""T6_adr_healthy"":{""value"":6.245785542828628,""score"":100.0},""_score"":61.36},""geometry"":{""sub_pole_impulse"":36.1,""sub_flag_tightness"":0,""sub_flag_shallowness"":0,""sub_flag_drift"":72.9,""sub_flag_duration"":100.0,""_score"":31.77},""compression"":{""VC1_atr_ratio"":{""value"":0.6990347595067148,""score"":75.2413101233213},""VC2_range_contraction"":{""value"":1.2376622553773557,""score"":0},""VC3_range_pct_rank"":{""score"":35.83333333333333},""_score"":39.05},""sr_quality"":{""SR1_touches"":{""value"":2,""score"":25.0},""SR2_tightness"":{""value"":0.3149999999999977,""score"":97.90457003297571},""SR3_recency"":{""value"":229,""score"":0.0},""SR4_price_location"":{""score"":45.731079136177165},""SR5_reaction"":{""value"":2.272543690427542,""score"":100},""_score"":48.62,""_levels_found"":4,""_target_level"":516.115},""volume"":{""V1_rvol_day"":{""value"":0.27979291794459593,""score"":0},""V2_rvol_sameslot"":{""value"":0.5418891440304315,""score"":2.7926096020287687,""status"":""ok""},""V3_breakout_bar"":{""value"":0.6028748653307217,""score"":6.858324355381444},""V4_base_dryup"":{""value"":1.01057444247193,""score"":48.942555752806996},""V5_bo_expansion"":{""value"":0.279792917944596,""score"":0},""_score"":12.06},""readiness"":{""_distance_atr"":1.841,""BR1_atr_distance"":{""score"":0},""BR2_compression"":{""score"":0},""BR3_retest"":{""score"":50.0},""BR4_bo_age"":{""score"":50.0},""_score"":17.5},""risk"":{""R1_stop_clarity"":{""score"":56.45895095458459},""R2_stop_distance_pct"":{""value"":6.486804930052441,""score"":100.0},""R3_stop_distance_atr"":{""value"":0.9916805752216606,""score"":74.58402876108303},""R4_rr_potential"":{""value"":4.2387631062526685,""score"":100.0},""_score"":80.95},""market"":{""M1_spy_regime"":{""score"":100.0},""M3_earnings_risk"":{""value"":null,""score"":80.0},""M4_vix"":{""value"":null,""score"":60.0},""_score"":84.0},""liquidity"":{""L1_price"":{""value"":459.63,""score"":100.0},""L2_dollar_vol"":{""value"":150072617.7786592,""score"":100.0},""L3_spread_proxy"":{""value"":0.05441093923373144,""score"":45.58906076626856},""L4_volume_zscore"":{""value"":-2.605510431147752,""score"":100.0},""_score"":94.56},""pattern_structure"":{""pole_low"":443.97,""pole_low_idx"":14,""peak_price"":514.99,""peak_idx"":39,""pole_gain"":0.15996576345248548,""flag_bars"":20,""flag_low"":436.3601,""flag_high"":495.77,""structural_low"":436.3601,""current_price"":459.7,""neckline_distance_pct"":0.1202740917989994,""base_bars"":20},""pattern_geometry_features"":{""pole_gain"":0.15996576345248548,""pullback_pct"":0.15268238218217833,""flag_range_pct"":0.11536126915085729,""flag_drift_per_bar"":-0.005413712113653759,""atr_pct"":0.06541224152346141,""pole_atr_multiple"":2.4455019385799606},""_schema_version"":""1.0""}",,,,,,,,,,
20260610T172453Z-e22c49,2026-06-10T17:24:53.606196+00:00,WOLF,double_bottom,invalidated,41.75,51.7,45.1,26.8,49.0,3.0,17.5,39.8,84.0,90.0,7.75,11.27,2.14,6.86,0.4,1.4,2.39,5.04,4.5,False,,43.48,70.0,53.2983,85.89,"{""trend"":{""T1_ema_stack"":{""value"":[false,true,true],""score"":66.66666666666666},""T2_ema50_slope"":{""value"":2.101532594206269,""score"":100},""T3_high_proximity"":{""value"":0.5915646258503401,""score"":0},""T4_rs_1m"":{""value"":-0.12289477900348034,""score"":0},""T5_rs_3m"":{""value"":1.309966735466122,""score"":100},""T6_adr_healthy"":{""value"":17.261652135523967,""score"":0.0},""_score"":51.67},""geometry"":{""sub_low_similarity"":13.6,""sub_bounce_quality"":100,""sub_separation_fit"":0.0,""sub_right_bottom_reaction"":100,""sub_base_context"":30.0,""_score"":45.08},""compression"":{""VC1_atr_ratio"":{""value"":0.8028652258708957,""score"":49.283693532276075},""VC2_range_contraction"":{""value"":1.0128114418776886,""score"":0},""VC3_range_pct_rank"":{""score"":28.333333333333332},""_score"":26.8},""sr_quality"":{""SR1_touches"":{""value"":2,""score"":25.0},""SR2_tightness"":{""value"":2.0600000000000023,""score"":62.276564839116176},""SR3_recency"":{""value"":232,""score"":0.0},""SR4_price_location"":{""score"":68.58564890268984},""SR5_reaction"":{""value"":2.1690975217508175,""score"":100},""_score"":48.99,""_levels_found"":4,""_target_level"":51.72},""volume"":{""V1_rvol_day"":{""value"":0.4447781796997391,""score"":0},""V2_rvol_sameslot"":{""value"":0.6141728896702237,""score"":7.61152597801491,""status"":""ok""},""V3_breakout_bar"":{""value"":0.5910670782253397,""score"":6.071138548355978},""V4_base_dryup"":{""value"":4.546869929959516,""score"":0},""V5_bo_expansion"":{""value"":0.4447781796997392,""score"":0},""_score"":3.04},""readiness"":{""_distance_atr"":2.428,""BR1_atr_distance"":{""score"":0},""BR2_compression"":{""score"":0},""BR3_retest"":{""score"":50.0},""BR4_bo_age"":{""score"":50.0},""_score"":17.5},""risk"":{""R1_stop_clarity"":{""score"":85.13678342314013},""R2_stop_distance_pct"":{""value"":-22.58130174793009,""score"":0.0},""R3_stop_distance_atr"":{""value"":-0.8989851689608335,""score"":0.0},""R4_rr_potential"":{""value"":null,""score"":50.0},""_score"":39.8},""market"":{""M1_spy_regime"":{""score"":100.0},""M3_earnings_risk"":{""value"":null,""score"":80.0},""M4_vix"":{""value"":null,""score"":60.0},""_score"":84.0},""liquidity"":{""L1_price"":{""value"":43.48,""score"":100.0},""L2_dollar_vol"":{""value"":205949659.80732077,""score"":100.0},""L3_spread_proxy"":{""value"":0.12949632014719423,""score"":0},""L4_volume_zscore"":{""value"":-0.9297617272412378,""score"":100.0},""_score"":90.0},""pattern_structure"":{""left_low"":56.5,""left_idx"":18,""right_low"":54.11,""right_idx"":64,""separation_bars"":46,""structural_low"":54.11,""current_price"":43.6,""neckline_distance_pct"":0.6055045871559632,""base_bars"":46},""pattern_geometry_features"":{""low_similarity_pct"":0.04321489919537114,""bounce_pct"":0.2936610608020699,""right_bottom_reaction"":1.0,""atr_pct"":0.2511865882507557},""_schema_version"":""1.0""}",,,,,,,,,,
20260610T172453Z-e22c49,2026-06-10T17:24:53.606196+00:00,ADSK,vcp,invalidated,41.68,19.9,50.2,36.9,62.3,15.9,17.5,21.0,84.0,96.8,2.99,12.56,4.43,7.48,2.07,1.23,1.05,5.04,4.84,False,,222.87,251.16,229.6971,277.355,"{""trend"":{""T1_ema_stack"":{""value"":[false,false,false],""score"":0.0},""T2_ema50_slope"":{""value"":-0.07662767766282835,""score"":37.228720389528604},""T3_high_proximity"":{""value"":0.8811877273446149,""score"":40.59386367230744},""T4_rs_1m"":{""value"":-0.043052098703308395,""score"":6.9479012966916045},""T5_rs_3m"":{""value"":-0.1940424666251196,""score"":0},""T6_adr_healthy"":{""value"":3.5285546535841346,""score"":100.0},""_score"":19.92},""geometry"":{""sub_contraction_count"":100.0,""sub_reduction_rate"":16.1,""sub_pivot_tightness"":40.7,""sub_volume_dryup"":0,""sub_base_depth"":51.0,""sub_base_duration"":100.0,""_score"":50.23},""compression"":{""VC1_atr_ratio"":{""value"":0.7286303349136061,""score"":67.84241627159848},""VC2_range_contraction"":{""value"":1.224647468061419,""score"":0},""VC3_range_pct_rank"":{""score"":39.16666666666667},""_score"":36.93},""sr_quality"":{""SR1_touches"":{""value"":6,""score"":100},""SR2_tightness"":{""value"":2.818619145767812,""score"":44.72521635978519},""SR3_recency"":{""value"":239,""score"":0.0},""SR4_price_location"":{""score"":51.885014137606134},""SR5_reaction"":{""value"":1.6883083531773824,""score"":84.41541765886912},""_score"":62.34,""_levels_found"":5,""_target_level"":229.6767},""volume"":{""V1_rvol_day"":{""value"":0.23414024959358015,""score"":0},""V2_rvol_sameslot"":{""value"":0.6799142326931588,""score"":11.994282179543918,""status"":""ok""},""V3_breakout_bar"":{""value"":0.6310131201618336,""score"":8.734208010788908},""V4_base_dryup"":{""value"":0.9331315453917245,""score"":56.68684546082755},""V5_bo_expansion"":{""value"":0.23414024959358015,""score"":0},""_score"":15.92},""readiness"":{""_distance_atr"":2.774,""BR1_atr_distance"":{""score"":0},""BR2_compression"":{""score"":0},""BR3_retest"":{""score"":50.0},""BR4_bo_age"":{""score"":50.0},""_score"":17.5},""risk"":{""R1_stop_clarity"":{""score"":31.40362795909776},""R2_stop_distance_pct"":{""value"":-3.0632543635303,""score"":0.0},""R3_stop_distance_atr"":{""value"":-0.6694148340103634,""score"":0.0},""R4_rr_potential"":{""value"":null,""score"":50.0},""_score"":20.99},""market"":{""M1_spy_regime"":{""score"":100.0},""M3_earnings_risk"":{""value"":null,""score"":80.0},""M4_vix"":{""value"":null,""score"":60.0},""_score"":84.0},""liquidity"":{""L1_price"":{""value"":222.87,""score"":100.0},""L2_dollar_vol"":{""value"":125196957.28135696,""score"":100.0},""L3_spread_proxy"":{""value"":0.03190200565352005,""score"":68.09799434647995},""L4_volume_zscore"":{""value"":-1.274947257308254,""score"":100.0},""_score"":96.81},""pattern_structure"":{""n_contractions"":5,""contractions_pct"":[11.62,12.54,9.53,11.7,7.15],""descending_strict"":false,""final_low"":233.195,""final_pivot"":251.16,""structural_low"":233.195,""dry_up_ratio"":1.576456220214792,""current_price"":222.87,""neckline_distance_pct"":0.1269349845201238,""base_bars"":45},""pattern_geometry_features"":{""contraction_count"":5.0,""first_contraction_pct"":0.11623424187516858,""last_contraction_pct"":0.07152810957158785,""dry_up_ratio"":1.576456220214792,""near_monotone"":0.0,""base_depth_pct"":0.10098693087628666},""_schema_version"":""1.0""}",,,,,,,,,,
20260610T172453Z-e22c49,2026-06-10T17:24:53.606196+00:00,NG,vcp,invalidated,41.62,13.3,39.0,49.6,59.1,41.9,17.5,27.6,84.0,74.9,2.0,9.74,5.95,7.09,5.45,1.23,1.38,5.04,3.75,False,,6.89,9.445,7.5451,14.585,"{""trend"":{""T1_ema_stack"":{""value"":[false,false,true],""score"":33.33333333333333},""T2_ema50_slope"":{""value"":-0.5128492702391787,""score"":0},""T3_high_proximity"":{""value"":0.6129893238434163,""score"":0},""T4_rs_1m"":{""value"":-0.23984797720068796,""score"":0},""T5_rs_3m"":{""value"":-0.4901553646559781,""score"":0},""T6_adr_healthy"":{""value"":4.931726384296013,""score"":100.0},""_score"":13.33},""geometry"":{""sub_contraction_count"":100.0,""sub_reduction_rate"":0,""sub_pivot_tightness"":0,""sub_volume_dryup"":26.4,""sub_base_depth"":0.0,""sub_base_duration"":100.0,""_score"":38.96},""compression"":{""VC1_atr_ratio"":{""value"":0.46816991771153676,""score"":100},""VC2_range_contraction"":{""value"":1.29664151649938,""score"":0},""VC3_range_pct_rank"":{""score"":38.33333333333333},""_score"":49.58},""sr_quality"":{""SR1_touches"":{""value"":4,""score"":75.0},""SR2_tightness"":{""value"":0.09364160400164015,""score"":59.44244350875629},""SR3_recency"":{""value"":240,""score"":0.0},""SR4_price_location"":{""score"":50.78734067565901},""SR5_reaction"":{""value"":3.0588726642742223,""score"":100},""_score"":59.11,""_levels_found"":5,""_target_level"":7.6475},""volume"":{""V1_rvol_day"":{""value"":0.7091004948004213,""score"":13.94003298669475},""V2_rvol_sameslot"":{""value"":1.5069292455667367,""score"":67.12861637111578,""status"":""ok""},""V3_breakout_bar"":{""value"":0.982485571288431,""score"":32.165704752562064},""V4_base_dryup"":{""value"":0.616112571151694,""score"":88.38874288483059},""V5_bo_expansion"":{""value"":0.7091004948004213,""score"":0},""_score"":41.93},""readiness"":{""_distance_atr"":5.533,""BR1_atr_distance"":{""score"":0},""BR2_compression"":{""score"":0},""BR3_retest"":{""score"":50.0},""BR4_bo_age"":{""score"":50.0},""_score"":17.5},""risk"":{""R1_stop_clarity"":{""score"":50.235119415913694},""R2_stop_distance_pct"":{""value"":-9.507982583454282,""score"":0.0},""R3_stop_distance_atr"":{""value"":-1.4186672441529509,""score"":0.0},""R4_rr_potential"":{""value"":null,""score"":50.0},""_score"":27.58},""market"":{""M1_spy_regime"":{""score"":100.0},""M3_earnings_risk"":{""value"":null,""score"":80.0},""M4_vix"":{""value"":null,""score"":60.0},""_score"":84.0},""liquidity"":{""L1_price"":{""value"":6.89,""score"":98.44500000000001},""L2_dollar_vol"":{""value"":12695730.107998729,""score"":55.182884070087155},""L3_spread_proxy"":{""value"":0.06748911465892596,""score"":32.510885341074044},""L4_volume_zscore"":{""value"":-0.6987006339541181,""score"":100.0},""_score"":74.94},""pattern_structure"":{""n_contractions"":5,""contractions_pct"":[41.41,11.74,13.22,31.33,18.9],""descending_strict"":false,""final_low"":7.66,""final_pivot"":9.445,""structural_low"":7.66,""dry_up_ratio"":0.868024339839151,""current_price"":6.89,""neckline_distance_pct"":0.37082728592162567,""base_bars"":49},""pattern_geometry_features"":{""contraction_count"":5.0,""first_contraction_pct"":0.41406250000000006,""last_contraction_pct"":0.18898888300688196,""dry_up_ratio"":0.868024339839151,""near_monotone"":0.0,""base_depth_pct"":0.40156250000000004},""_schema_version"":""1.0""}",,,,,,,,,,
20260610T172453Z-e22c49,2026-06-10T17:24:53.606196+00:00,QTWO,vcp,forming,41.62,12.7,55.8,20.0,50.7,25.8,21.0,73.4,84.0,74.8,1.91,13.95,2.4,6.09,3.35,1.47,3.67,5.04,3.74,False,,45.12,48.43,43.8325,55.28,"{""trend"":{""T1_ema_stack"":{""value"":[false,false,false],""score"":0.0},""T2_ema50_slope"":{""value"":-0.2659369318837984,""score"":5.677178019366927},""T3_high_proximity"":{""value"":0.8428918363534466,""score"":21.445918176723254},""T4_rs_1m"":{""value"":-0.03322527538048825,""score"":16.77472461951175},""T5_rs_3m"":{""value"":-0.18593261458999777,""score"":0},""T6_adr_healthy"":{""value"":4.594036660720126,""score"":100.0},""_score"":12.71},""geometry"":{""sub_contraction_count"":100.0,""sub_reduction_rate"":9.9,""sub_pivot_tightness"":27.0,""sub_volume_dryup"":39.6,""sub_base_depth"":83.4,""sub_base_duration"":100.0,""_score"":55.81},""compression"":{""VC1_atr_ratio"":{""value"":0.8455182271243474,""score"":38.620443218913145},""VC2_range_contraction"":{""value"":1.1408724546509985,""score"":0},""VC3_range_pct_rank"":{""score"":18.333333333333336},""_score"":20.03},""sr_quality"":{""SR1_touches"":{""value"":4,""score"":75.0},""SR2_tightness"":{""value"":0.6024118192731619,""score"":50.22124556692182},""SR3_recency"":{""value"":253,""score"":0.0},""SR4_price_location"":{""score"":22.773333333333305},""SR5_reaction"":{""value"":2.2202301903497133,""score"":100},""_score"":50.73,""_levels_found"":6,""_target_level"":46.93},""volume"":{""V1_rvol_day"":{""value"":0.3011224714819979,""score"":0},""V2_rvol_sameslot"":{""value"":1.033939379963503,""score"":35.595958664233535,""status"":""ok""},""V3_breakout_bar"":{""value"":0.7266068672802828,""score"":15.107124485352186},""V4_base_dryup"":{""value"":0.7569747177494396,""score"":74.30252822505604},""V5_bo_expansion"":{""value"":0.30112247148199794,""score"":0},""_score"":25.76},""readiness"":{""_distance_atr"":1.368,""BR1_atr_distance"":{""score"":8.828964635285914},""BR2_compression"":{""score"":0},""BR3_retest"":{""score"":50.0},""BR4_bo_age"":{""score"":50.0},""_score"":21.03},""risk"":{""R1_stop_clarity"":{""score"":44.84285081894609},""R2_stop_distance_pct"":{""value"":2.8535017730496484,""score"":100.0},""R3_stop_distance_atr"":{""value"":0.5319462889184012,""score"":51.59731444592006},""R4_rr_potential"":{""value"":7.8912598058252374,""score"":100.0},""_score"":73.43},""market"":{""M1_spy_regime"":{""score"":100.0},""M3_earnings_risk"":{""value"":null,""score"":80.0},""M4_vix"":{""value"":null,""score"":60.0},""_score"":84.0},""liquidity"":{""L1_price"":{""value"":45.12,""score"":100.0},""L2_dollar_vol"":{""value"":10230267.93707712,""score"":50.49435041517918},""L3_spread_proxy"":{""value"":0.054078014184397276,""score"":45.921985815602724},""L4_volume_zscore"":{""value"":-1.5959751508633095,""score"":100.0},""_score"":74.79},""pattern_structure"":{""n_contractions"":5,""contractions_pct"":[13.05,12.39,13.74,17.65,8.11],""descending_strict"":false,""final_low"":44.5,""final_pivot"":48.429997,""structural_low"":44.5,""dry_up_ratio"":0.8018906223570302,""current_price"":45.12,""neckline_distance_pct"":0.07335986258865254,""base_bars"":50},""pattern_geometry_features"":{""contraction_count"":5.0,""first_contraction_pct"":0.13047711781889001,""last_contraction_pct"":0.08114799181176906,""dry_up_ratio"":0.8018906223570302,""near_monotone"":0.0,""base_depth_pct"":0.133398247322298},""_schema_version"":""1.0""}",,,,,,,,,,
20260610T172453Z-e22c49,2026-06-10T17:24:53.606196+00:00,TTAN,bull_flag,absent,41.53,66.7,34.2,23.6,42.4,7.7,30.3,82.3,84.0,84.8,9.34,10.27,2.13,4.24,1.08,2.73,2.47,5.04,4.24,False,,72.655,84.09,67.4232,97.77,"{""trend"":{""T1_ema_stack"":{""value"":[true,true,false],""score"":66.66666666666666},""T2_ema50_slope"":{""value"":0.14612485912769035,""score"":74.3541431879484},""T3_high_proximity"":{""value"":0.9353115345005149,""score"":67.6557672502574},""T4_rs_1m"":{""value"":0.21795557461269133,""score"":100},""T5_rs_3m"":{""value"":-0.1533849338863117,""score"":0},""T6_adr_healthy"":{""value"":6.106483094027043,""score"":100.0},""_score"":66.69},""geometry"":{""sub_pole_impulse"":44.5,""sub_flag_tightness"":0,""sub_flag_shallowness"":0,""sub_flag_drift"":72.6,""sub_flag_duration"":100.0,""_score"":34.24},""compression"":{""VC1_atr_ratio"":{""value"":0.8450588909552395,""score"":38.735277261190134},""VC2_range_contraction"":{""value"":1.3404644734325082,""score"":0},""VC3_range_pct_rank"":{""score"":32.49999999999999},""_score"":23.62},""sr_quality"":{""SR1_touches"":{""value"":2,""score"":25.0},""SR2_tightness"":{""value"":0.3200000000000003,""score"":87.39178890252276},""SR3_recency"":{""value"":228,""score"":0.0},""SR4_price_location"":{""score"":27.170629746358493},""SR5_reaction"":{""value"":2.980659904762978,""score"":100},""_score"":42.4,""_levels_found"":7,""_target_level"":83.77},""volume"":{""V1_rvol_day"":{""value"":0.287742895904843,""score"":0},""V2_rvol_sameslot"":{""value"":0.8907034697353673,""score"":26.04689798235782,""status"":""ok""},""V3_breakout_bar"":{""value"":0.6490564209899459,""score"":9.93709473266306},""V4_base_dryup"":{""value"":1.6166197736080763,""score"":0},""V5_bo_expansion"":{""value"":0.287742895904843,""score"":0},""_score"":7.69},""readiness"":{""_distance_atr"":2.253,""BR1_atr_distance"":{""score"":0},""BR2_compression"":{""score"":51.14865951705448},""BR3_retest"":{""score"":50.0},""BR4_bo_age"":{""score"":50.0},""_score"":30.29},""risk"":{""R1_stop_clarity"":{""score"":59.54537267395365},""R2_stop_distance_pct"":{""value"":7.200812056981633,""score"":100.0},""R3_stop_distance_atr"":{""value"":1.030672006394165,""score"":76.53360031970826},""R4_rr_potential"":{""value"":4.800496965642468,""score"":100.0},""_score"":82.32},""market"":{""M1_spy_regime"":{""score"":100.0},""M3_earnings_risk"":{""value"":null,""score"":80.0},""M4_vix"":{""value"":null,""score"":60.0},""_score"":84.0},""liquidity"":{""L1_price"":{""value"":72.655,""score"":100.0},""L2_dollar_vol"":{""value"":35469662.03675807,""score"":77.49285252160911},""L3_spread_proxy"":{""value"":0.06193654944601197,""score"":38.06345055398803},""L4_volume_zscore"":{""value"":-1.2705343529466475,""score"":100.0},""_score"":84.8},""pattern_structure"":{""pole_low"":70.41,""pole_low_idx"":21,""peak_price"":84.09,""peak_idx"":39,""pole_gain"":0.19429058372390295,""flag_bars"":20,""flag_low"":68.45,""flag_high"":81.16,""structural_low"":68.45,""current_price"":72.71,""neckline_distance_pct"":0.15651217164076484,""base_bars"":20},""pattern_geometry_features"":{""pole_gain"":0.19429058372390295,""pullback_pct"":0.18599119990486385,""flag_range_pct"":0.1511475799738375,""flag_drift_per_bar"":-0.0054825731637579995,""atr_pct"":0.06986521427096751,""pole_atr_multiple"":2.780934485799472},""_schema_version"":""1.0""}",,,,,,,,,,
20260610T172453Z-e22c49,2026-06-10T17:24:53.606196+00:00,UEC,vcp,invalidated,41.4,13.3,45.0,16.0,61.9,48.8,17.5,33.9,84.0,89.9,2.0,11.25,1.92,7.42,6.35,1.23,1.69,5.04,4.5,False,,9.522,16.8281,11.6033,18.9279,"{""trend"":{""T1_ema_stack"":{""value"":[false,false,true],""score"":33.33333333333333},""T2_ema50_slope"":{""value"":-0.38069149544930075,""score"":0},""T3_high_proximity"":{""value"":0.5781420765027323,""score"":0},""T4_rs_1m"":{""value"":-0.4089944039517517,""score"":0},""T5_rs_3m"":{""value"":-0.4061113913540543,""score"":0},""T6_adr_healthy"":{""value"":7.762299354003284,""score"":100.0},""_score"":13.33},""geometry"":{""sub_contraction_count"":100.0,""sub_reduction_rate"":0,""sub_pivot_tightness"":0,""sub_volume_dryup"":0,""sub_base_depth"":100.0,""sub_base_duration"":100.0,""_score"":45.0},""compression"":{""VC1_atr_ratio"":{""value"":0.8500615955372383,""score"":37.48460111569044},""VC2_range_contraction"":{""value"":1.315423080051306,""score"":0},""VC3_range_pct_rank"":{""score"":4.1666666666666625},""_score"":16.04},""sr_quality"":{""SR1_touches"":{""value"":5,""score"":100},""SR2_tightness"":{""value"":0.2467103564911696,""score"":55.581697530509146},""SR3_recency"":{""value"":240,""score"":0.0},""SR4_price_location"":{""score"":34.10451456092183},""SR5_reaction"":{""value"":2.173974884097763,""score"":100},""_score"":61.86,""_levels_found"":6,""_target_level"":11.962},""volume"":{""V1_rvol_day"":{""value"":1.3480907704686103,""score"":56.539384697907344},""V2_rvol_sameslot"":{""value"":2.54318080537921,""score"":100,""status"":""ok""},""V3_breakout_bar"":{""value"":0.8228899905636635,""score"":21.5259993709109},""V4_base_dryup"":{""value"":1.06697681175112,""score"":43.302318824888},""V5_bo_expansion"":{""value"":1.3480907704686103,""score"":23.20605136457402},""_score"":48.83},""readiness"":{""_distance_atr"":6.577,""BR1_atr_distance"":{""score"":0},""BR2_compression"":{""score"":0},""BR3_retest"":{""score"":50.0},""BR4_bo_age"":{""score"":50.0},""_score"":17.5},""risk"":{""R1_stop_clarity"":{""score"":68.18652383310072},""R2_stop_distance_pct"":{""value"":-21.857802982566675,""score"":0.0},""R3_stop_distance_atr"":{""value"":-1.873610298420128,""score"":0.0},""R4_rr_potential"":{""value"":null,""score"":50.0},""_score"":33.87},""market"":{""M1_spy_regime"":{""score"":100.0},""M3_earnings_risk"":{""value"":null,""score"":80.0},""M4_vix"":{""value"":null,""score"":60.0},""_score"":84.0},""liquidity"":{""L1_price"":{""value"":9.522,""score"":99.761},""L2_dollar_vol"":{""value"":136795510.8162409,""score"":100.0},""L3_spread_proxy"":{""value"":0.1218231463978156,""score"":0},""L4_volume_zscore"":{""value"":0.6893633400693874,""score"":100.0},""_score"":89.94},""pattern_structure"":{""n_contractions"":5,""contractions_pct"":[11.56,12.83,11.23,16.33,30.0],""descending_strict"":false,""final_low"":11.78,""final_pivot"":16.8281,""structural_low"":11.78,""dry_up_ratio"":1.3176395508393752,""current_price"":9.522,""neckline_distance_pct"":0.7672862843940348,""base_bars"":38},""pattern_geometry_features"":{""contraction_count"":5.0,""first_contraction_pct"":0.11562126255421543,""last_contraction_pct"":0.299980389943012,""dry_up_ratio"":1.3176395508393752,""near_monotone"":0.0,""base_depth_pct"":0.15128460064266058},""_schema_version"":""1.0""}",,,,,,,,,,
20260610T172453Z-e22c49,2026-06-10T17:24:53.606196+00:00,OMCL,bull_flag,absent,41.4,48.8,27.9,43.1,49.2,34.6,17.5,71.1,84.0,76.4,6.83,8.36,3.88,4.92,4.84,1.57,2.13,5.04,3.82,False,,38.865,44.53,37.6565,48.32,"{""trend"":{""T1_ema_stack"":{""value"":[false,true,true],""score"":66.66666666666666},""T2_ema50_slope"":{""value"":0.26138274684347423,""score"":93.56379114057904},""T3_high_proximity"":{""value"":0.8539881344759395,""score"":26.99406723796971},""T4_rs_1m"":{""value"":-0.08956142271776335,""score"":0},""T5_rs_3m"":{""value"":-0.0420912119226684,""score"":28.954394038665797},""T6_adr_healthy"":{""value"":3.792430218983162,""score"":100.0},""_score"":48.77},""geometry"":{""sub_pole_impulse"":26.4,""sub_flag_tightness"":0,""sub_flag_shallowness"":0,""sub_flag_drift"":66.3,""sub_flag_duration"":100.0,""_score"":27.86},""compression"":{""VC1_atr_ratio"":{""value"":0.556733248961985,""score"":100},""VC2_range_contraction"":{""value"":1.087342643129281,""score"":0},""VC3_range_pct_rank"":{""score"":12.5},""_score"":43.12},""sr_quality"":{""SR1_touches"":{""value"":2,""score"":25.0},""SR2_tightness"":{""value"":0.41249999999999787,""score"":53.06270903349846},""SR3_recency"":{""value"":261,""score"":0.0},""SR4_price_location"":{""score"":82.93284041897716},""SR5_reaction"":{""value"":1.7366797657605675,""score"":86.83398828802838},""_score"":49.22,""_levels_found"":5,""_target_level"":39.5575},""volume"":{""V1_rvol_day"":{""value"":0.6953640981553911,""score"":13.024273210359407},""V2_rvol_sameslot"":{""value"":1.3139558956163504,""score"":54.263726374423356,""status"":""ok""},""V3_breakout_bar"":{""value"":0.850180773804932,""score"":23.345384920328797},""V4_base_dryup"":{""value"":0.7365794209556698,""score"":76.34205790443303},""V5_bo_expansion"":{""value"":0.6953640981553912,""score"":0},""_score"":34.56},""readiness"":{""_distance_atr"":3.223,""BR1_atr_distance"":{""score"":0},""BR2_compression"":{""score"":0},""BR3_retest"":{""score"":50.0},""BR4_bo_age"":{""score"":50.0},""_score"":17.5},""risk"":{""R1_stop_clarity"":{""score"":34.74863150365938},""R2_stop_distance_pct"":{""value"":3.109352888202769,""score"":100.0},""R3_stop_distance_atr"":{""value"":0.6875317487087198,""score"":59.376587435435994},""R4_rr_potential"":{""value"":7.824072158550167,""score"":100.0},""_score"":71.07},""market"":{""M1_spy_regime"":{""score"":100.0},""M3_earnings_risk"":{""value"":null,""score"":80.0},""M4_vix"":{""value"":null,""score"":60.0},""_score"":84.0},""liquidity"":{""L1_price"":{""value"":38.865,""score"":100.0},""L2_dollar_vol"":{""value"":13198635.41036004,""score"":56.02645161943851},""L3_spread_proxy"":{""value"":0.059693811913032295,""score"":40.30618808696771},""L4_volume_zscore"":{""value"":-1.0988009362851723,""score"":100.0},""_score"":76.44},""pattern_structure"":{""pole_low"":40.74,""pole_low_idx"":27,""peak_price"":44.53,""peak_idx"":39,""pole_gain"":0.09302896416298476,""flag_bars"":20,""flag_low"":38.23,""flag_high"":43.71,""structural_low"":38.23,""current_price"":38.63,""neckline_distance_pct"":0.15273103805332638,""base_bars"":20},""pattern_geometry_features"":{""pole_gain"":0.09302896416298476,""pullback_pct"":0.1414776555131373,""flag_range_pct"":0.12306310352571309,""flag_drift_per_bar"":-0.0067316803528365676,""atr_pct"":0.045224862619690887,""pole_atr_multiple"":2.0570314374483027},""_schema_version"":""1.0""}",,,,,,,,,,
20260610T172453Z-e22c49,2026-06-10T17:24:53.606196+00:00,POWI,bull_flag,absent,41.4,75.9,18.9,45.4,55.9,15.8,17.5,76.3,84.0,85.8,10.63,5.68,4.09,5.59,2.22,1.57,2.29,5.04,4.29,False,,75.09,87.36,68.3295,94.43,"{""trend"":{""T1_ema_stack"":{""value"":[false,true,true],""score"":66.66666666666666},""T2_ema50_slope"":{""value"":0.7090363791231102,""score"":100},""T3_high_proximity"":{""value"":0.8624095555300334,""score"":31.20477776501668},""T4_rs_1m"":{""value"":0.02295230082073796,""score"":72.95230082073796},""T5_rs_3m"":{""value"":0.5237305596888577,""score"":100},""T6_adr_healthy"":{""value"":6.641692422754174,""score"":100.0},""_score"":75.94},""geometry"":{""sub_pole_impulse"":1.7,""sub_flag_tightness"":0,""sub_flag_shallowness"":0,""sub_flag_drift"":72.9,""sub_flag_duration"":75.0,""_score"":18.95},""compression"":{""VC1_atr_ratio"":{""value"":0.46948309382239634,""score"":100},""VC2_range_contraction"":{""value"":1.1500659384712102,""score"":0},""VC3_range_pct_rank"":{""score"":21.666666666666668},""_score"":45.42},""sr_quality"":{""SR1_touches"":{""value"":2,""score"":25.0},""SR2_tightness"":{""value"":0.865000000000002,""score"":72.09805999723508},""SR3_recency"":{""value"":241,""score"":0.0},""SR4_price_location"":{""score"":97.52104770813858},""SR5_reaction"":{""value"":1.7563706741624823,""score"":87.81853370812411},""_score"":55.87,""_levels_found"":8,""_target_level"":75.355},""volume"":{""V1_rvol_day"":{""value"":0.3715938677850421,""score"":0},""V2_rvol_sameslot"":{""value"":0.7583516594846541,""score"":17.223443965643607,""status"":""ok""},""V3_breakout_bar"":{""value"":0.784500049247135,""score"":18.966669949809003},""V4_base_dryup"":{""value"":1.1166827122537937,""score"":38.33172877462063},""V5_bo_expansion"":{""value"":0.37159386778504205,""score"":0},""_score"":15.85},""readiness"":{""_distance_atr"":1.979,""BR1_atr_distance"":{""score"":0},""BR2_compression"":{""score"":0},""BR3_retest"":{""score"":50.0},""BR4_bo_age"":{""score"":50.0},""_score"":17.5},""risk"":{""R1_stop_clarity"":{""score"":66.43541772268571},""R2_stop_distance_pct"":{""value"":9.003262751365021,""score"":74.91843121587448},""R3_stop_distance_atr"":{""value"":1.0903610432698947,""score"":79.51805216349473},""R4_rr_potential"":{""value"":2.860713995163116,""score"":93.0356997581558},""_score"":76.26},""market"":{""M1_spy_regime"":{""score"":100.0},""M3_earnings_risk"":{""value"":null,""score"":80.0},""M4_vix"":{""value"":null,""score"":60.0},""_score"":84.0},""liquidity"":{""L1_price"":{""value"":75.09,""score"":100.0},""L2_dollar_vol"":{""value"":39130275.20726349,""score"":79.62564511746643},""L3_spread_proxy"":{""value"":0.06019443334665082,""score"":39.80556665334918},""L4_volume_zscore"":{""value"":-1.1584503071180086,""score"":100.0},""_score"":85.83},""pattern_structure"":{""pole_low"":80.29,""pole_low_idx"":15,""peak_price"":87.36,""peak_idx"":37,""pole_gain"":0.08805579773321699,""flag_bars"":22,""flag_low"":69.37,""flag_high"":87.195,""structural_low"":69.37,""current_price"":74.72,""neckline_distance_pct"":0.16916488222698073,""base_bars"":22},""pattern_geometry_features"":{""pole_gain"":0.08805579773321699,""pullback_pct"":0.20592948717948711,""flag_range_pct"":0.20404075091575077,""flag_drift_per_bar"":-0.005427176573077805,""atr_pct"":0.08257139052184996,""pole_atr_multiple"":1.0664201871460037},""_schema_version"":""1.0""}",,,,,,,,,,
20260610T172453Z-e22c49,2026-06-10T17:24:53.606196+00:00,AOSL,vcp,absent,41.39,64.8,38.9,12.0,41.5,9.7,32.8,65.3,84.0,73.2,9.72,9.73,1.44,4.98,1.26,2.3,3.27,5.04,3.66,False,,38.29,43.6,35.8047,29.37,"{""trend"":{""T1_ema_stack"":{""value"":[false,true,true],""score"":66.66666666666666},""T2_ema50_slope"":{""value"":0.9581713615265198,""score"":100},""T3_high_proximity"":{""value"":0.7181170292573144,""score"":0},""T4_rs_1m"":{""value"":0.004318724102740257,""score"":54.318724102740255},""T5_rs_3m"":{""value"":0.693640931640318,""score"":100},""T6_adr_healthy"":{""value"":10.205879227120482,""score"":44.85301932198795},""_score"":64.77},""geometry"":{""sub_contraction_count"":100.0,""sub_reduction_rate"":0,""sub_pivot_tightness"":0,""sub_volume_dryup"":26.1,""sub_base_depth"":0.0,""sub_base_duration"":100.0,""_score"":38.91},""compression"":{""VC1_atr_ratio"":{""value"":0.9112319586881609,""score"":22.192010327959782},""VC2_range_contraction"":{""value"":1.4408687972084513,""score"":0},""VC3_range_pct_rank"":{""score"":12.5},""_score"":12.0},""sr_quality"":{""SR1_touches"":{""value"":3,""score"":50.0},""SR2_tightness"":{""value"":1.2428326096283275,""score"":56.62604673561786},""SR3_recency"":{""value"":232,""score"":0.0},""SR4_price_location"":{""score"":25.05254308532997},""SR5_reaction"":{""value"":1.5628940969127856,""score"":78.14470484563928},""_score"":41.48,""_levels_found"":3,""_target_level"":44.2333},""volume"":{""V1_rvol_day"":{""value"":0.3782858885605649,""score"":0},""V2_rvol_sameslot"":{""value"":0.9443280194679978,""score"":29.621867964533187,""status"":""ok""},""V3_breakout_bar"":{""value"":0.7285686389487337,""score"":15.237909263248914},""V4_base_dryup"":{""value"":3.261562630763889,""score"":0},""V5_bo_expansion"":{""value"":0.3782858885605649,""score"":0},""_score"":9.73},""readiness"":{""_distance_atr"":0.927,""BR1_atr_distance"":{""score"":38.228288602022396},""BR2_compression"":{""score"":0},""BR3_retest"":{""score"":50.0},""BR4_bo_age"":{""score"":50.0},""_score"":32.79},""risk"":{""R1_stop_clarity"":{""score"":80.97117195494494},""R2_stop_distance_pct"":{""value"":6.490598067380519,""score"":100.0},""R3_stop_distance_atr"":{""value"":0.43366707839498253,""score"":46.68335391974912},""R4_rr_potential"":{""value"":-3.5891761392214048,""score"":0.0},""_score"":65.34},""market"":{""M1_spy_regime"":{""score"":100.0},""M3_earnings_risk"":{""value"":null,""score"":80.0},""M4_vix"":{""value"":null,""score"":60.0},""_score"":84.0},""liquidity"":{""L1_price"":{""value"":38.29,""score"":100.0},""L2_dollar_vol"":{""value"":14452765.42428929,""score"":57.997547695804165},""L3_spread_proxy"":{""value"":0.11308435622878033,""score"":0},""L4_volume_zscore"":{""value"":-1.6078361592057424,""score"":100.0},""_score"":73.2},""pattern_structure"":{""n_contractions"":5,""contractions_pct"":[8.05,12.46,18.29,29.96,16.63],""descending_strict"":false,""final_low"":36.35,""final_pivot"":43.6,""structural_low"":36.35,""dry_up_ratio"":0.8692530059845335,""current_price"":38.29,""neckline_distance_pct"":0.13867850613737273,""base_bars"":45},""pattern_geometry_features"":{""contraction_count"":5.0,""first_contraction_pct"":0.08047016274864381,""last_contraction_pct"":0.16628440366972477,""dry_up_ratio"":0.8692530059845335,""near_monotone"":0.0,""base_depth_pct"":-0.6433092224231465},""_schema_version"":""1.0""}",,,,,,,,,,
20260610T172453Z-e22c49,2026-06-10T17:24:53.606196+00:00,SRAD,vcp,breakout_confirmed,41.19,36.7,39.7,48.5,56.6,11.3,18.1,22.2,84.0,84.9,5.5,9.94,5.82,6.79,1.47,1.27,1.11,5.04,4.24,False,,16.63,13.73,12.3224,21.58,"{""trend"":{""T1_ema_stack"":{""value"":[true,false,false],""score"":33.33333333333333},""T2_ema50_slope"":{""value"":-0.3450165624486468,""score"":0},""T3_high_proximity"":{""value"":0.8445911630269171,""score"":22.295581513458508},""T4_rs_1m"":{""value"":0.3120822695455159,""score"":100},""T5_rs_3m"":{""value"":-0.15720389877768293,""score"":0},""T6_adr_healthy"":{""value"":4.6156250626822315,""score"":100.0},""_score"":36.68},""geometry"":{""sub_contraction_count"":100.0,""sub_reduction_rate"":0,""sub_pivot_tightness"":15.9,""sub_volume_dryup"":6.1,""sub_base_depth"":14.4,""sub_base_duration"":100.0,""_score"":39.74},""compression"":{""VC1_atr_ratio"":{""value"":0.5815393562143937,""score"":100},""VC2_range_contraction"":{""value"":1.039299430262324,""score"":0},""VC3_range_pct_rank"":{""score"":34.166666666666664},""_score"":48.54},""sr_quality"":{""SR1_touches"":{""value"":3,""score"":50.0},""SR2_tightness"":{""value"":0.1359092916454035,""score"":64.54132773575256},""SR3_recency"":{""value"":269,""score"":0.0},""SR4_price_location"":{""score"":67.76294509470681},""SR5_reaction"":{""value"":2.73505340675792,""score"":100},""_score"":56.62,""_levels_found"":4,""_target_level"":17.61},""volume"":{""V1_rvol_day"":{""value"":0.6818523439871307,""score"":12.123489599142045},""V2_rvol_sameslot"":{""value"":1.1642737477063527,""score"":44.28491651375685,""status"":""ok""},""V3_breakout_bar"":{""value"":0.4662377341623584,""score"":0},""V4_base_dryup"":{""value"":1.6754402982964547,""score"":0},""V5_bo_expansion"":{""value"":0.6818523439871308,""score"":0},""_score"":11.28},""readiness"":{""_distance_atr"":-3.783,""BR1_atr_distance"":{""score"":0},""BR2_compression"":{""score"":2.510024415268523},""BR3_retest"":{""score"":50.0},""BR4_bo_age"":{""score"":50.0},""_score"":18.13},""risk"":{""R1_stop_clarity"":{""score"":51.04220050129992},""R2_stop_distance_pct"":{""value"":25.90288634996993,""score"":0.0},""R3_stop_distance_atr"":{""value"":5.619319611259679,""score"":19.034019437016035},""R4_rr_potential"":{""value"":1.149118428841712,""score"":7.4559214420856},""_score"":22.21},""market"":{""M1_spy_regime"":{""score"":100.0},""M3_earnings_risk"":{""value"":null,""score"":80.0},""M4_vix"":{""value"":null,""score"":60.0},""_score"":84.0},""liquidity"":{""L1_price"":{""value"":16.63,""score"":100.0},""L2_dollar_vol"":{""value"":31988091.63928651,""score"":75.24941657555728},""L3_spread_proxy"":{""value"":0.05231509320505118,""score"":47.68490679494882},""L4_volume_zscore"":{""value"":-0.694553993895745,""score"":100.0},""_score"":84.87},""pattern_structure"":{""n_contractions"":5,""contractions_pct"":[20.14,15.61,37.22,16.76,8.89],""descending_strict"":false,""final_low"":12.51,""final_pivot"":13.73,""structural_low"":12.51,""dry_up_ratio"":0.9697002581988514,""current_price"":16.63,""neckline_distance_pct"":-0.17438364401683695,""base_bars"":46},""pattern_geometry_features"":{""contraction_count"":5.0,""first_contraction_pct"":0.20137524557956768,""last_contraction_pct"":0.0888565185724691,""dry_up_ratio"":0.9697002581988514,""near_monotone"":0.0,""base_depth_pct"":0.3855599214145383},""_schema_version"":""1.0""}",,,,,,,,,,
20260610T172453Z-e22c49,2026-06-10T17:24:53.606196+00:00,WOLF,vcp,invalidated,40.85,51.7,43.3,26.8,49.0,3.0,17.5,40.2,84.0,90.0,7.75,10.83,3.22,5.88,0.4,1.23,2.01,5.04,4.5,False,,43.48,80.82,48.9151,49.66,"{""trend"":{""T1_ema_stack"":{""value"":[false,true,true],""score"":66.66666666666666},""T2_ema50_slope"":{""value"":2.101532594206269,""score"":100},""T3_high_proximity"":{""value"":0.5915646258503401,""score"":0},""T4_rs_1m"":{""value"":-0.12289477900348034,""score"":0},""T5_rs_3m"":{""value"":1.309966735466122,""score"":100},""T6_adr_healthy"":{""value"":17.261652135523967,""score"":0.0},""_score"":51.67},""geometry"":{""sub_contraction_count"":100.0,""sub_reduction_rate"":0,""sub_pivot_tightness"":0,""sub_volume_dryup"":55.4,""sub_base_depth"":0.0,""sub_base_duration"":100.0,""_score"":43.31},""compression"":{""VC1_atr_ratio"":{""value"":0.8028652258708957,""score"":49.283693532276075},""VC2_range_contraction"":{""value"":1.0128114418776886,""score"":0},""VC3_range_pct_rank"":{""score"":28.333333333333332},""_score"":26.8},""sr_quality"":{""SR1_touches"":{""value"":2,""score"":25.0},""SR2_tightness"":{""value"":2.0600000000000023,""score"":62.276564839116176},""SR3_recency"":{""value"":232,""score"":0.0},""SR4_price_location"":{""score"":68.58564890268984},""SR5_reaction"":{""value"":2.1690975217508175,""score"":100},""_score"":48.99,""_levels_found"":4,""_target_level"":51.72},""volume"":{""V1_rvol_day"":{""value"":0.4447781796997391,""score"":0},""V2_rvol_sameslot"":{""value"":0.6141728896702237,""score"":7.61152597801491,""status"":""ok""},""V3_breakout_bar"":{""value"":0.5910670782253397,""score"":6.071138548355978},""V4_base_dryup"":{""value"":4.546869929959516,""score"":0},""V5_bo_expansion"":{""value"":0.4447781796997392,""score"":0},""_score"":3.04},""readiness"":{""_distance_atr"":3.419,""BR1_atr_distance"":{""score"":0},""BR2_compression"":{""score"":0},""BR3_retest"":{""score"":50.0},""BR4_bo_age"":{""score"":50.0},""_score"":17.5},""risk"":{""R1_stop_clarity"":{""score"":86.35913259643574},""R2_stop_distance_pct"":{""value"":-12.500229990800365,""score"":0.0},""R3_stop_distance_atr"":{""value"":-0.4976471903954354,""score"":0.11764048022823159},""R4_rr_potential"":{""value"":null,""score"":50.0},""_score"":40.24},""market"":{""M1_spy_regime"":{""score"":100.0},""M3_earnings_risk"":{""value"":null,""score"":80.0},""M4_vix"":{""value"":null,""score"":60.0},""_score"":84.0},""liquidity"":{""L1_price"":{""value"":43.48,""score"":100.0},""L2_dollar_vol"":{""value"":205949659.80732077,""score"":100.0},""L3_spread_proxy"":{""value"":0.12949632014719423,""score"":0},""L4_volume_zscore"":{""value"":-0.9297617272412378,""score"":100.0},""_score"":90.0},""pattern_structure"":{""n_contractions"":5,""contractions_pct"":[21.19,16.99,23.47,27.07,38.55],""descending_strict"":false,""final_low"":49.66,""final_pivot"":80.82,""structural_low"":49.66,""dry_up_ratio"":0.7232373175095254,""current_price"":43.48,""neckline_distance_pct"":0.858785648574057,""base_bars"":46},""pattern_geometry_features"":{""contraction_count"":5.0,""first_contraction_pct"":0.2118918918918919,""last_contraction_pct"":0.38554813165058155,""dry_up_ratio"":0.7232373175095254,""near_monotone"":0.0,""base_depth_pct"":-1.6843243243243242},""_schema_version"":""1.0""}",,,,,,,,,,
20260610T172453Z-e22c49,2026-06-10T17:24:53.606196+00:00,VSH,bull_flag,absent,40.84,86.9,28.4,9.9,29.8,19.4,17.5,81.8,84.0,90.0,12.17,8.52,0.89,2.98,2.71,1.57,2.45,5.04,4.5,False,,54.49,66.65,52.8551,78.74,"{""trend"":{""T1_ema_stack"":{""value"":[true,true,true],""score"":100.0},""T2_ema50_slope"":{""value"":1.418179414696797,""score"":100},""T3_high_proximity"":{""value"":0.8518055338439894,""score"":25.90276692199467},""T4_rs_1m"":{""value"":0.5773194483425301,""score"":100},""T5_rs_3m"":{""value"":2.034670032169419,""score"":100},""T6_adr_healthy"":{""value"":9.559444292729605,""score"":61.01389268175987},""_score"":86.94},""geometry"":{""sub_pole_impulse"":22.7,""sub_flag_tightness"":0,""sub_flag_shallowness"":0,""sub_flag_drift"":77.2,""sub_flag_duration"":100.0,""_score"":28.39},""compression"":{""VC1_atr_ratio"":{""value"":0.9068406847388281,""score"":23.289828815292985},""VC2_range_contraction"":{""value"":2.0474694966021287,""score"":0},""VC3_range_pct_rank"":{""score"":2.500000000000002},""_score"":9.94},""sr_quality"":{""SR1_touches"":{""value"":2,""score"":25.0},""SR2_tightness"":{""value"":1.1150000000000002,""score"":64.7665189388425},""SR3_recency"":{""value"":255,""score"":0.0},""SR4_price_location"":{""score"":30.0},""SR5_reaction"":{""value"":0.6770200284621525,""score"":33.851001423107625},""_score"":29.79,""_levels_found"":3,""_target_level"":27.365},""volume"":{""V1_rvol_day"":{""value"":0.5879893262020662,""score"":5.865955080137749},""V2_rvol_sameslot"":{""value"":1.631831985623679,""score"":75.45546570824526,""status"":""ok""},""V3_breakout_bar"":{""value"":0.681532130912084,""score"":12.102142060805598},""V4_base_dryup"":{""value"":1.4955236736101074,""score"":0.447632638989262},""V5_bo_expansion"":{""value"":0.5879893262020662,""score"":0},""_score"":19.38},""readiness"":{""_distance_atr"":1.921,""BR1_atr_distance"":{""score"":0},""BR2_compression"":{""score"":0},""BR3_retest"":{""score"":50.0},""BR4_bo_age"":{""score"":50.0},""_score"":17.5},""risk"":{""R1_stop_clarity"":{""score"":74.56553461334008},""R2_stop_distance_pct"":{""value"":3.0003670398238373,""score"":100.0},""R3_stop_distance_atr"":{""value"":0.25831039545689116,""score"":37.915519772844554},""R4_rr_potential"":{""value"":14.83271148082444,""score"":100.0},""_score"":81.79},""market"":{""M1_spy_regime"":{""score"":100.0},""M3_earnings_risk"":{""value"":null,""score"":80.0},""M4_vix"":{""value"":null,""score"":60.0},""_score"":84.0},""liquidity"":{""L1_price"":{""value"":54.49,""score"":100.0},""L2_dollar_vol"":{""value"":279941428.870895,""score"":100.0},""L3_spread_proxy"":{""value"":0.14186089190677195,""score"":0},""L4_volume_zscore"":{""value"":-1.0455297975378735,""score"":100.0},""_score"":90.0},""pattern_structure"":{""pole_low"":54.56,""pole_low_idx"":45,""peak_price"":66.65,""peak_idx"":51,""pole_gain"":0.22159090909090914,""flag_bars"":8,""flag_low"":53.66,""flag_high"":62.885,""structural_low"":53.66,""current_price"":54.6,""neckline_distance_pct"":0.22069597069597077,""base_bars"":8},""pattern_geometry_features"":{""pole_gain"":0.22159090909090914,""pullback_pct"":0.19489872468117042,""flag_range_pct"":0.13840960240060016,""flag_drift_per_bar"":-0.004555860805860869,""atr_pct"":0.1161535537320085,""pole_atr_multiple"":1.9077411062443044},""_schema_version"":""1.0""}",,,,,,,,,,
20260610T172453Z-e22c49,2026-06-10T17:24:53.606196+00:00,TTWO,vcp,invalidated,40.81,36.7,35.0,61.1,54.7,1.5,17.5,26.4,84.0,97.5,5.51,8.75,7.34,6.57,0.19,1.23,1.32,5.04,4.87,True,risk_unclear,210.66,247.0,213.0653,244.22,"{""trend"":{""T1_ema_stack"":{""value"":[false,true,false],""score"":33.33333333333333},""T2_ema50_slope"":{""value"":0.12020932671919593,""score"":70.03488778653266},""T3_high_proximity"":{""value"":0.8689160204586702,""score"":34.45801022933509},""T4_rs_1m"":{""value"":-0.035946703057996854,""score"":14.053296942003143},""T5_rs_3m"":{""value"":-0.0810812993547112,""score"":9.459350322644397},""T6_adr_healthy"":{""value"":3.5298799999704187,""score"":100.0},""_score"":36.74},""geometry"":{""sub_contraction_count"":100.0,""sub_reduction_rate"":0,""sub_pivot_tightness"":0,""sub_volume_dryup"":0,""sub_base_depth"":0.0,""sub_base_duration"":100.0,""_score"":35.0},""compression"":{""VC1_atr_ratio"":{""value"":0.4246892708431167,""score"":100},""VC2_range_contraction"":{""value"":0.8733957191482326,""score"":21.100713475294576},""VC3_range_pct_rank"":{""score"":55.00000000000001},""_score"":61.14},""sr_quality"":{""SR1_touches"":{""value"":3,""score"":50.0},""SR2_tightness"":{""value"":1.4516427476024083,""score"":65.89153789108599},""SR3_recency"":{""value"":234,""score"":0.0},""SR4_price_location"":{""score"":59.29916612011624},""SR5_reaction"":{""value"":2.4119113612924408,""score"":100},""_score"":54.71,""_levels_found"":6,""_target_level"":214.28},""volume"":{""V1_rvol_day"":{""value"":0.2019412924038581,""score"":0},""V2_rvol_sameslot"":{""value"":0.48618556661955104,""score"":0,""status"":""ok""},""V3_breakout_bar"":{""value"":0.5895802313122928,""score"":5.972015420819518},""V4_base_dryup"":{""value"":1.8677869483844989,""score"":0},""V5_bo_expansion"":{""value"":0.20194129240385805,""score"":0},""_score"":1.49},""readiness"":{""_distance_atr"":4.269,""BR1_atr_distance"":{""score"":0},""BR2_compression"":{""score"":0},""BR3_retest"":{""score"":50.0},""BR4_bo_age"":{""score"":50.0},""_score"":17.5},""risk"":{""R1_stop_clarity"":{""score"":23.762219206843298},""R2_stop_distance_pct"":{""value"":-1.1418161967150853,""score"":21.454595082122864},""R3_stop_distance_atr"":{""value"":-0.28258602011128925,""score"":10.870698994435536},""R4_rr_potential"":{""value"":null,""score"":50.0},""_score"":26.38},""market"":{""M1_spy_regime"":{""score"":100.0},""M3_earnings_risk"":{""value"":null,""score"":80.0},""M4_vix"":{""value"":null,""score"":60.0},""_score"":84.0},""liquidity"":{""L1_price"":{""value"":210.66,""score"":100.0},""L2_dollar_vol"":{""value"":120323494.38196476,""score"":100.0},""L3_spread_proxy"":{""value"":0.02540586727428085,""score"":74.59413272571915},""L4_volume_zscore"":{""value"":-1.423432882865912,""score"":100.0},""_score"":97.46},""pattern_structure"":{""n_contractions"":5,""contractions_pct"":[11.65,5.85,11.91,6.68,12.43],""descending_strict"":false,""final_low"":216.31,""final_pivot"":247.0,""structural_low"":216.31,""dry_up_ratio"":1.0768105767329048,""current_price"":210.66,""neckline_distance_pct"":0.17250545903351375,""base_bars"":74},""pattern_geometry_features"":{""contraction_count"":5.0,""first_contraction_pct"":0.11651758535100452,""last_contraction_pct"":0.12425101214574898,""dry_up_ratio"":1.0768105767329048,""near_monotone"":0.0,""base_depth_pct"":-0.013019247880859838},""_schema_version"":""1.0""}",,,,,,,,,,
20260610T172453Z-e22c49,2026-06-10T17:24:53.606196+00:00,QBTS,bull_flag,absent,40.77,66.6,22.0,45.9,55.7,5.6,24.1,82.3,84.0,93.2,9.33,6.61,4.13,5.57,0.79,2.17,2.47,5.04,4.66,False,,24.07,28.82,22.0147,31.19,"{""trend"":{""T1_ema_stack"":{""value"":[false,true,true],""score"":66.66666666666666},""T2_ema50_slope"":{""value"":0.8284635214191826,""score"":100},""T3_high_proximity"":{""value"":0.7986065029860651,""score"":0},""T4_rs_1m"":{""value"":0.014528105479764797,""score"":64.5281054797648},""T5_rs_3m"":{""value"":0.1938272430177983,""score"":100},""T6_adr_healthy"":{""value"":10.36474845159061,""score"":40.88128871023473},""_score"":66.62},""geometry"":{""sub_pole_impulse"":0.0,""sub_flag_tightness"":0,""sub_flag_shallowness"":0,""sub_flag_drift"":88.6,""sub_flag_duration"":87.5,""_score"":22.04},""compression"":{""VC1_atr_ratio"":{""value"":0.689378769044859,""score"":77.65530773878527},""VC2_range_contraction"":{""value"":1.134441563055571,""score"":0},""VC3_range_pct_rank"":{""score"":59.166666666666664},""_score"":45.85},""sr_quality"":{""SR1_touches"":{""value"":2,""score"":25.0},""SR2_tightness"":{""value"":0.007500000000000284,""score"":99.55802686354815},""SR3_recency"":{""value"":246,""score"":0.0},""SR4_price_location"":{""score"":75.51952049623065},""SR5_reaction"":{""value"":1.9174267903068976,""score"":95.87133951534487},""_score"":55.69,""_levels_found"":4,""_target_level"":24.7725},""volume"":{""V1_rvol_day"":{""value"":0.3296714146981006,""score"":0},""V2_rvol_sameslot"":{""value"":0.5250552343024457,""score"":1.6703489534963811,""status"":""ok""},""V3_breakout_bar"":{""value"":0.542649366625389,""score"":2.8432911083592654},""V4_base_dryup"":{""value"":1.2710634736807824,""score"":22.893652631921753},""V5_bo_expansion"":{""value"":0.3296714146981005,""score"":0},""_score"":5.62},""readiness"":{""_distance_atr"":1.4,""BR1_atr_distance"":{""score"":6.694560082389415},""BR2_compression"":{""score"":15.87696519507259},""BR3_retest"":{""score"":50.0},""BR4_bo_age"":{""score"":50.0},""_score"":24.15},""risk"":{""R1_stop_clarity"":{""score"":80.24380080060266},""R2_stop_distance_pct"":{""value"":8.5386373078521,""score"":86.53406730369748},""R3_stop_distance_atr"":{""value"":0.6055768591284292,""score"":55.27884295642146},""R4_rr_potential"":{""value"":3.464298747111056,""score"":100.0},""_score"":82.34},""market"":{""M1_spy_regime"":{""score"":100.0},""M3_earnings_risk"":{""value"":null,""score"":80.0},""M4_vix"":{""value"":null,""score"":60.0},""_score"":84.0},""liquidity"":{""L1_price"":{""value"":24.07,""score"":100.0},""L2_dollar_vol"":{""value"":349376172.03576654,""score"":100.0},""L3_spread_proxy"":{""value"":0.06790195263813874,""score"":32.09804736186126},""L4_volume_zscore"":{""value"":-0.9276707875662923,""score"":100.0},""_score"":93.21},""pattern_structure"":{""pole_low"":26.45,""pole_low_idx"":33,""peak_price"":28.82,""peak_idx"":38,""pole_gain"":0.08960302457466923,""flag_bars"":21,""flag_low"":22.35,""flag_high"":26.7299,""structural_low"":22.35,""current_price"":23.9301,""neckline_distance_pct"":0.20434097642717752,""base_bars"":21},""pattern_geometry_features"":{""pole_gain"":0.08960302457466923,""pullback_pct"":0.22449687716863284,""flag_range_pct"":0.1519743233865371,""flag_drift_per_bar"":-0.0022779765981842115,""atr_pct"":0.1410000593507033,""pole_atr_multiple"":0.6354821763003909},""_schema_version"":""1.0""}",,,,,,,,,,
20260610T172453Z-e22c49,2026-06-10T17:24:53.606196+00:00,SBGSY,vcp,invalidated,40.6,43.6,48.1,24.8,45.7,18.1,17.5,20.4,84.0,78.7,6.54,12.04,2.97,5.48,2.35,1.23,1.02,5.04,3.94,True,risk_unclear,59.757,64.04,60.5381,61.34,"{""trend"":{""T1_ema_stack"":{""value"":[false,true,true],""score"":66.66666666666666},""T2_ema50_slope"":{""value"":0.08421400817634749,""score"":64.03566802939125},""T3_high_proximity"":{""value"":0.8944319712617871,""score"":47.21598563089352},""T4_rs_1m"":{""value"":-0.07634544250295228,""score"":0},""T5_rs_3m"":{""value"":-0.07269531450815436,""score"":13.652342745922816},""T6_adr_healthy"":{""value"":2.3548544221514067,""score"":100.0},""_score"":43.6},""geometry"":{""sub_contraction_count"":100.0,""sub_reduction_rate"":1.4,""sub_pivot_tightness"":85.3,""sub_volume_dryup"":0,""sub_base_depth"":0.0,""sub_base_duration"":100.0,""_score"":48.15},""compression"":{""VC1_atr_ratio"":{""value"":0.8045329266721634,""score"":48.86676833195916},""VC2_range_contraction"":{""value"":1.1188133729017342,""score"":0},""VC3_range_pct_rank"":{""score"":20.833333333333336},""_score"":24.76},""sr_quality"":{""SR1_touches"":{""value"":3,""score"":50.0},""SR2_tightness"":{""value"":0.20154955277108139,""score"":80.80140882880552},""SR3_recency"":{""value"":257,""score"":0.0},""SR4_price_location"":{""score"":14.19047619047619},""SR5_reaction"":{""value"":3.0306947714108143,""score"":100},""_score"":45.67,""_levels_found"":5,""_target_level"":65.4633},""volume"":{""V1_rvol_day"":{""value"":0.6226111356340075,""score"":8.174075708933833},""V2_rvol_sameslot"":{""value"":0.40232368332613183,""score"":0,""status"":""ok""},""V3_breakout_bar"":{""value"":0.26656487578331267,""score"":0},""V4_base_dryup"":{""value"":0.6763150957750419,""score"":82.36849042249581},""V5_bo_expansion"":{""value"":0.6226111356340075,""score"":0},""_score"":18.11},""readiness"":{""_distance_atr"":2.04,""BR1_atr_distance"":{""score"":0},""BR2_compression"":{""score"":0},""BR3_retest"":{""score"":50.0},""BR4_bo_age"":{""score"":50.0},""_score"":17.5},""risk"":{""R1_stop_clarity"":{""score"":12.184468001143017},""R2_stop_distance_pct"":{""value"":-1.3071271984872102,""score"":17.321820037819748},""R3_stop_distance_atr"":{""value"":-0.3720181800862746,""score"":6.399090995686274},""R4_rr_potential"":{""value"":null,""score"":50.0},""_score"":20.42},""market"":{""M1_spy_regime"":{""score"":100.0},""M3_earnings_risk"":{""value"":null,""score"":80.0},""M4_vix"":{""value"":null,""score"":60.0},""_score"":84.0},""liquidity"":{""L1_price"":{""value"":59.757,""score"":100.0},""L2_dollar_vol"":{""value"":12259566.849,""score"":54.423756305154484},""L3_spread_proxy"":{""value"":0.030622353866492664,""score"":69.37764613350734},""L4_volume_zscore"":{""value"":-1.1471782606053107,""score"":100.0},""_score"":78.71},""pattern_structure"":{""n_contractions"":5,""contractions_pct"":[7.95,5.95,8.0,12.44,4.03],""descending_strict"":false,""final_low"":61.46,""final_pivot"":64.04,""structural_low"":61.46,""dry_up_ratio"":1.1888389767656447,""current_price"":59.757,""neckline_distance_pct"":0.07167361145974545,""base_bars"":49},""pattern_geometry_features"":{""contraction_count"":5.0,""first_contraction_pct"":0.07947583390061257,""last_contraction_pct"":0.040287320424734624,""dry_up_ratio"":1.1888389767656447,""near_monotone"":0.0,""base_depth_pct"":-0.04594962559564335},""_schema_version"":""1.0""}",,,,,,,,,,
20260610T172453Z-e22c49,2026-06-10T17:24:53.606196+00:00,TRMB,vcp,invalidated,40.39,5.0,53.0,54.6,44.5,21.7,17.5,15.0,84.0,93.5,0.75,13.25,6.55,5.34,2.82,1.23,0.75,5.04,4.67,True,risk_unclear,51.325,57.74,53.3082,72.67,"{""trend"":{""T1_ema_stack"":{""value"":[false,false,false],""score"":0.0},""T2_ema50_slope"":{""value"":-0.5662373043719383,""score"":0},""T3_high_proximity"":{""value"":0.7384892086330935,""score"":0},""T4_rs_1m"":{""value"":-0.10283255212919107,""score"":0},""T5_rs_3m"":{""value"":-0.3197986914146894,""score"":0},""T6_adr_healthy"":{""value"":3.2925793472788087,""score"":100.0},""_score"":5.0},""geometry"":{""sub_contraction_count"":100.0,""sub_reduction_rate"":0,""sub_pivot_tightness"":53.3,""sub_volume_dryup"":0,""sub_base_depth"":100.0,""sub_base_duration"":100.0,""_score"":52.99},""compression"":{""VC1_atr_ratio"":{""value"":0.5684690547060989,""score"":100},""VC2_range_contraction"":{""value"":0.9495378942232573,""score"":8.410350962790451},""VC3_range_pct_rank"":{""score"":46.666666666666664},""_score"":54.61},""sr_quality"":{""SR1_touches"":{""value"":2,""score"":25.0},""SR2_tightness"":{""value"":0.23874999999999957,""score"":74.79251430058189},""SR3_recency"":{""value"":234,""score"":0.0},""SR4_price_location"":{""score"":51.95400435144935},""SR5_reaction"":{""value"":1.701228134344397,""score"":85.06140671721984},""_score"":44.47,""_levels_found"":8,""_target_level"":54.3588},""volume"":{""V1_rvol_day"":{""value"":0.44494084719995947,""score"":0},""V2_rvol_sameslot"":{""value"":1.572454929894108,""score"":71.49699532627386,""status"":""ok""},""V3_breakout_bar"":{""value"":0.8919218419369217,""score"":26.128122795794777},""V4_base_dryup"":{""value"":1.4585560369502397,""score"":4.144396304976027},""V5_bo_expansion"":{""value"":0.44494084719995947,""score"":0},""_score"":21.66},""readiness"":{""_distance_atr"":3.387,""BR1_atr_distance"":{""score"":0},""BR2_compression"":{""score"":0},""BR3_retest"":{""score"":50.0},""BR4_bo_age"":{""score"":50.0},""_score"":17.5},""risk"":{""R1_stop_clarity"":{""score"":14.289269567381723},""R2_stop_distance_pct"":{""value"":-3.864003896736476,""score"":0.0},""R3_stop_distance_atr"":{""value"":-1.046942107624838,""score"":0.0},""R4_rr_potential"":{""value"":null,""score"":50.0},""_score"":15.0},""market"":{""M1_spy_regime"":{""score"":100.0},""M3_earnings_risk"":{""value"":null,""score"":80.0},""M4_vix"":{""value"":null,""score"":60.0},""_score"":84.0},""liquidity"":{""L1_price"":{""value"":51.325,""score"":100.0},""L2_dollar_vol"":{""value"":65188898.90817055,""score"":90.70868227631972},""L3_spread_proxy"":{""value"":0.027959084266926355,""score"":72.04091573307365},""L4_volume_zscore"":{""value"":-1.594046781434368,""score"":100.0},""_score"":93.49},""pattern_structure"":{""n_contractions"":5,""contractions_pct"":[6.08,8.8,7.01,21.77,6.27],""descending_strict"":false,""final_low"":54.12,""final_pivot"":57.74,""structural_low"":54.12,""dry_up_ratio"":1.2106122987211974,""current_price"":51.325,""neckline_distance_pct"":0.12498782269848999,""base_bars"":67},""pattern_geometry_features"":{""contraction_count"":5.0,""first_contraction_pct"":0.06082548877624914,""last_contraction_pct"":0.06269483893314867,""dry_up_ratio"":1.2106122987211974,""near_monotone"":0.0,""base_depth_pct"":0.2162201303403331},""_schema_version"":""1.0""}",,,,,,,,,,
20260610T172453Z-e22c49,2026-06-10T17:24:53.606196+00:00,INOD,bull_flag,absent,40.39,74.5,28.2,25.9,37.1,13.1,26.4,59.7,84.0,87.8,10.43,8.47,2.33,3.71,1.84,2.38,1.79,5.04,4.39,False,,102.2904,123.89,88.256,147.52,"{""trend"":{""T1_ema_stack"":{""value"":[true,true,true],""score"":100.0},""T2_ema50_slope"":{""value"":1.4163188084011062,""score"":100},""T3_high_proximity"":{""value"":0.8418962962962964,""score"":20.94814814814816},""T4_rs_1m"":{""value"":-0.0019645648231635393,""score"":48.03543517683646},""T5_rs_3m"":{""value"":1.2016781544818889,""score"":100},""T6_adr_healthy"":{""value"":10.577103651651019,""score"":35.57240870872454},""_score"":74.53},""geometry"":{""sub_pole_impulse"":27.6,""sub_flag_tightness"":0,""sub_flag_shallowness"":0,""sub_flag_drift"":74.6,""sub_flag_duration"":87.5,""_score"":28.22},""compression"":{""VC1_atr_ratio"":{""value"":0.8928037222165388,""score"":26.7990694458653},""VC2_range_contraction"":{""value"":1.1093764659941148,""score"":0},""VC3_range_pct_rank"":{""score"":60.83333333333334},""_score"":25.93},""sr_quality"":{""SR1_touches"":{""value"":2,""score"":25.0},""SR2_tightness"":{""value"":1.0300000000000011,""score"":82.03846036472386},""SR3_recency"":{""value"":237,""score"":0.0},""SR4_price_location"":{""score"":30.0},""SR5_reaction"":{""value"":1.3131106160546513,""score"":65.65553080273257},""_score"":37.15,""_levels_found"":6,""_target_level"":100.47},""volume"":{""V1_rvol_day"":{""value"":0.24758968273470358,""score"":0},""V2_rvol_sameslot"":{""value"":0.3325491812933987,""score"":0,""status"":""ok""},""V3_breakout_bar"":{""value"":0.33545227922511833,""score"":0},""V4_base_dryup"":{""value"":0.8439494405665439,""score"":65.6050559433456},""V5_bo_expansion"":{""value"":0.24758968273470358,""score"":0},""_score"":13.12},""readiness"":{""_distance_atr"":1.883,""BR1_atr_distance"":{""score"":0},""BR2_compression"":{""score"":35.74629712162995},""BR3_retest"":{""score"":50.0},""BR4_bo_age"":{""score"":50.0},""_score"":26.44},""risk"":{""R1_stop_clarity"":{""score"":76.56280653416408},""R2_stop_distance_pct"":{""value"":13.720153601902041,""score"":0.0},""R3_stop_distance_atr"":{""value"":1.2236865624141708,""score"":86.18432812070854},""R4_rr_potential"":{""value"":3.2227669155788603,""score"":100.0},""_score"":59.72},""market"":{""M1_spy_regime"":{""score"":100.0},""M3_earnings_risk"":{""value"":null,""score"":80.0},""M4_vix"":{""value"":null,""score"":60.0},""_score"":84.0},""liquidity"":{""L1_price"":{""value"":102.2904,""score"":100.0},""L2_dollar_vol"":{""value"":48885488.52587706,""score"":84.45899797822247},""L3_spread_proxy"":{""value"":0.05992742231920097,""score"":40.07257768079903},""L4_volume_zscore"":{""value"":-2.3038719775002425,""score"":100.0},""_score"":87.79},""pattern_structure"":{""pole_low"":100.26,""pole_low_idx"":15,""peak_price"":123.89,""peak_idx"":38,""pole_gain"":0.2356872132455615,""flag_bars"":21,""flag_low"":89.6,""flag_high"":119.2,""structural_low"":89.6,""current_price"":102.5,""neckline_distance_pct"":0.2086829268292683,""base_bars"":21},""pattern_geometry_features"":{""pole_gain"":0.2356872132455615,""pullback_pct"":0.27677778674630726,""flag_range_pct"":0.2389216240213093,""flag_drift_per_bar"":-0.00507584162179283,""atr_pct"":0.1121214698544536,""pole_atr_multiple"":2.102070313130128},""_schema_version"":""1.0""}",,,,,,,,,,
20260610T172453Z-e22c49,2026-06-10T17:24:53.606196+00:00,BILI,vcp,absent,40.32,5.0,44.1,50.8,32.1,35.4,18.3,64.7,84.0,88.6,0.75,11.03,6.09,3.86,4.6,1.28,3.24,5.04,4.43,False,,18.475,22.8,16.6662,42.28,"{""trend"":{""T1_ema_stack"":{""value"":[false,false,false],""score"":0.0},""T2_ema50_slope"":{""value"":-0.9052141271805292,""score"":0},""T3_high_proximity"":{""value"":0.6903961136023916,""score"":0},""T4_rs_1m"":{""value"":-0.1504064079907157,""score"":0},""T5_rs_3m"":{""value"":-0.3551022472752744,""score"":0},""T6_adr_healthy"":{""value"":3.8871030989524957,""score"":100.0},""_score"":5.0},""geometry"":{""sub_contraction_count"":100.0,""sub_reduction_rate"":0,""sub_pivot_tightness"":0,""sub_volume_dryup"":60.7,""sub_base_depth"":0.0,""sub_base_duration"":100.0,""_score"":44.11},""compression"":{""VC1_atr_ratio"":{""value"":0.6179580330163497,""score"":95.51049174591259},""VC2_range_contraction"":{""value"":0.9171137822732763,""score"":13.814369621120612},""VC3_range_pct_rank"":{""score"":30.833333333333336},""_score"":50.75},""sr_quality"":{""SR1_touches"":{""value"":2,""score"":25.0},""SR2_tightness"":{""value"":0.14499999999999957,""score"":64.3076923076924},""SR3_recency"":{""value"":290,""score"":0.0},""SR4_price_location"":{""score"":0},""SR5_reaction"":{""value"":3.818461538461535,""score"":100},""_score"":32.15,""_levels_found"":3,""_target_level"":24.315},""volume"":{""V1_rvol_day"":{""value"":0.4603880738920608,""score"":0},""V2_rvol_sameslot"":{""value"":1.2818014423279342,""score"":52.12009615519562,""status"":""ok""},""V3_breakout_bar"":{""value"":2.0813230110612437,""score"":100},""V4_base_dryup"":{""value"":2.1562379987054565,""score"":0},""V5_bo_expansion"":{""value"":0.4603880738920608,""score"":0},""_score"":35.42},""readiness"":{""_distance_atr"":5.323,""BR1_atr_distance"":{""score"":0},""BR2_compression"":{""score"":3.115768491026942},""BR3_retest"":{""score"":50.0},""BR4_bo_age"":{""score"":50.0},""_score"":18.28},""risk"":{""R1_stop_clarity"":{""score"":37.5261538461534},""R2_stop_distance_pct"":{""value"":9.790527740189454,""score"":55.23680649526366},""R3_stop_distance_atr"":{""value"":2.2262153846153865,""score"":100.0},""R4_rr_potential"":{""value"":13.160659000442271,""score"":100.0},""_score"":64.71},""market"":{""M1_spy_regime"":{""score"":100.0},""M3_earnings_risk"":{""value"":null,""score"":80.0},""M4_vix"":{""value"":null,""score"":60.0},""_score"":84.0},""liquidity"":{""L1_price"":{""value"":18.475,""score"":100.0},""L2_dollar_vol"":{""value"":39304836.249967,""score"":79.72229956387267},""L3_spread_proxy"":{""value"":0.03274695534506091,""score"":67.25304465493909},""L4_volume_zscore"":{""value"":-0.894862473326172,""score"":100.0},""_score"":88.61},""pattern_structure"":{""n_contractions"":5,""contractions_pct"":[19.75,7.66,19.65,18.09,25.79],""descending_strict"":false,""final_low"":16.92,""final_pivot"":22.8,""structural_low"":16.92,""dry_up_ratio"":0.6965288813793092,""current_price"":18.475,""neckline_distance_pct"":0.23410013531799723,""base_bars"":80},""pattern_geometry_features"":{""contraction_count"":5.0,""first_contraction_pct"":0.19752747252747246,""last_contraction_pct"":0.25789473684210523,""dry_up_ratio"":0.6965288813793092,""near_monotone"":0.0,""base_depth_pct"":0.5351648351648352},""_schema_version"":""1.0""}",,,,,,,,,,
20260610T172453Z-e22c49,2026-06-10T17:24:53.606196+00:00,OMCL,double_bottom,invalidated,40.3,48.8,27.0,43.1,49.2,34.3,17.5,19.4,84.0,76.4,7.32,6.75,3.45,6.89,4.46,1.4,1.17,5.04,3.82,True,risk_unclear,38.865,44.8399,42.1285,46.9098,"{""trend"":{""T1_ema_stack"":{""value"":[false,true,true],""score"":66.66666666666666},""T2_ema50_slope"":{""value"":0.26138274684347423,""score"":93.56379114057904},""T3_high_proximity"":{""value"":0.8539881344759395,""score"":26.99406723796971},""T4_rs_1m"":{""value"":-0.08956142271776335,""score"":0},""T5_rs_3m"":{""value"":-0.0420912119226684,""score"":28.954394038665797},""T6_adr_healthy"":{""value"":3.792430218983162,""score"":100.0},""_score"":48.77},""geometry"":{""sub_low_similarity"":47.3,""sub_bounce_quality"":26.3,""sub_separation_fit"":0.0,""sub_right_bottom_reaction"":10.5,""sub_base_context"":30.0,""_score"":27.02},""compression"":{""VC1_atr_ratio"":{""value"":0.556733248961985,""score"":100},""VC2_range_contraction"":{""value"":1.087342643129281,""score"":0},""VC3_range_pct_rank"":{""score"":12.5},""_score"":43.12},""sr_quality"":{""SR1_touches"":{""value"":2,""score"":25.0},""SR2_tightness"":{""value"":0.41249999999999787,""score"":53.06270903349846},""SR3_recency"":{""value"":261,""score"":0.0},""SR4_price_location"":{""score"":82.93284041897716},""SR5_reaction"":{""value"":1.7366797657605675,""score"":86.83398828802838},""_score"":49.22,""_levels_found"":5,""_target_level"":39.5575},""volume"":{""V1_rvol_day"":{""value"":0.6953640981553911,""score"":13.024273210359407},""V2_rvol_sameslot"":{""value"":1.3139558956163504,""score"":54.263726374423356,""status"":""ok""},""V3_breakout_bar"":{""value"":0.850180773804932,""score"":23.345384920328797},""V4_base_dryup"":{""value"":0.7483689240218636,""score"":75.16310759781364},""V5_bo_expansion"":{""value"":0.6953640981553912,""score"":0},""_score"":34.33},""readiness"":{""_distance_atr"":3.399,""BR1_atr_distance"":{""score"":0},""BR2_compression"":{""score"":0},""BR3_retest"":{""score"":50.0},""BR4_bo_age"":{""score"":50.0},""_score"":17.5},""risk"":{""R1_stop_clarity"":{""score"":26.999711467734954},""R2_stop_distance_pct"":{""value"":-8.396886658947636,""score"":0.0},""R3_stop_distance_atr"":{""value"":-1.8566969964197604,""score"":0.0},""R4_rr_potential"":{""value"":null,""score"":50.0},""_score"":19.45},""market"":{""M1_spy_regime"":{""score"":100.0},""M3_earnings_risk"":{""value"":null,""score"":80.0},""M4_vix"":{""value"":null,""score"":60.0},""_score"":84.0},""liquidity"":{""L1_price"":{""value"":38.865,""score"":100.0},""L2_dollar_vol"":{""value"":13198635.41036004,""score"":56.02645161943851},""L3_spread_proxy"":{""value"":0.059693811913032295,""score"":40.30618808696771},""L4_volume_zscore"":{""value"":-1.0988009362851723,""score"":100.0},""_score"":76.44},""pattern_structure"":{""left_low"":43.9123,""left_idx"":8,""right_low"":42.77,""right_idx"":57,""separation_bars"":49,""structural_low"":42.77,""current_price"":38.63,""neckline_distance_pct"":0.1607533005436189,""base_bars"":49},""pattern_geometry_features"":{""low_similarity_pct"":0.026356015011138347,""bounce_pct"":0.04839607201309321,""right_bottom_reaction"":0.10526315789471716,""atr_pct"":0.045224862619690887},""_schema_version"":""1.0""}",,,,,,,,,,
20260610T172453Z-e22c49,2026-06-10T17:24:53.606196+00:00,MIR,double_bottom,invalidated,40.25,5.0,58.0,44.7,49.9,16.8,17.5,30.4,84.0,79.5,0.75,14.51,3.58,6.98,2.19,1.4,1.82,5.04,3.98,False,,15.93,18.65,16.1885,20.865,"{""trend"":{""T1_ema_stack"":{""value"":[false,false,false],""score"":0.0},""T2_ema50_slope"":{""value"":-0.3844223130695703,""score"":0},""T3_high_proximity"":{""value"":0.7812653261402648,""score"":0},""T4_rs_1m"":{""value"":-0.12465678364885324,""score"":0},""T5_rs_3m"":{""value"":-0.34188553073135475,""score"":0},""T6_adr_healthy"":{""value"":4.560156389719048,""score"":100.0},""_score"":5.0},""geometry"":{""sub_low_similarity"":63.8,""sub_bounce_quality"":100,""sub_separation_fit"":0.0,""sub_right_bottom_reaction"":86.0,""sub_base_context"":30.0,""_score"":58.04},""compression"":{""VC1_atr_ratio"":{""value"":0.602779180032503,""score"":99.30520499187425},""VC2_range_contraction"":{""value"":0.9930497669208582,""score"":1.1583721798569628},""VC3_range_pct_rank"":{""score"":18.333333333333336},""_score"":44.71},""sr_quality"":{""SR1_touches"":{""value"":2,""score"":25.0},""SR2_tightness"":{""value"":0.20500000000000007,""score"":54.731861198738144},""SR3_recency"":{""value"":234,""score"":0.0},""SR4_price_location"":{""score"":76.64826498422718},""SR5_reaction"":{""value"":3.406151419558359,""score"":100},""_score"":49.87,""_levels_found"":6,""_target_level"":16.635},""volume"":{""V1_rvol_day"":{""value"":0.30666930330125897,""score"":0},""V2_rvol_sameslot"":{""value"":0.5958752744154123,""score"":6.391684961027488,""status"":""ok""},""V3_breakout_bar"":{""value"":0.8260555646827035,""score"":21.737037645513567},""V4_base_dryup"":{""value"":0.9934449558511232,""score"":50.65550441488767},""V5_bo_expansion"":{""value"":0.30666930330125897,""score"":0},""_score"":16.84},""readiness"":{""_distance_atr"":3.003,""BR1_atr_distance"":{""score"":0},""BR2_compression"":{""score"":0},""BR3_retest"":{""score"":50.0},""BR4_bo_age"":{""score"":50.0},""_score"":17.5},""risk"":{""R1_stop_clarity"":{""score"":45.562302839116285},""R2_stop_distance_pct"":{""value"":-1.622567482736956,""score"":9.435812931576093},""R3_stop_distance_atr"":{""value"":-0.2853824921135616,""score"":10.730875394321915},""R4_rr_potential"":{""value"":null,""score"":50.0},""_score"":30.39},""market"":{""M1_spy_regime"":{""score"":100.0},""M3_earnings_risk"":{""value"":null,""score"":80.0},""M4_vix"":{""value"":null,""score"":60.0},""_score"":84.0},""liquidity"":{""L1_price"":{""value"":15.93,""score"":100.0},""L2_dollar_vol"":{""value"":18674208.41792886,""score"":63.56211007721888},""L3_spread_proxy"":{""value"":0.05900816070307582,""score"":40.991839296924184},""L4_volume_zscore"":{""value"":-1.8242629055076354,""score"":100.0},""_score"":79.52},""pattern_structure"":{""left_low"":16.735,""left_idx"":28,""right_low"":16.435,""right_idx"":74,""separation_bars"":46,""structural_low"":16.435,""current_price"":16.073306,""neckline_distance_pct"":0.16030889973724136,""base_bars"":46},""pattern_geometry_features"":{""low_similarity_pct"":0.01808863430810978,""bounce_pct"":0.13477334955886827,""right_bottom_reaction"":0.8602150537634458,""atr_pct"":0.05685588736436192},""_schema_version"":""1.0""}",,,,,,,,,,
20260610T172453Z-e22c49,2026-06-10T17:24:53.606196+00:00,TRMB,double_bottom,invalidated,40.18,5.0,52.0,54.6,44.5,29.3,17.5,15.3,84.0,93.5,0.75,13.0,4.37,6.23,3.81,1.4,0.92,5.04,4.67,True,risk_unclear,51.325,58.3,52.6975,63.1,"{""trend"":{""T1_ema_stack"":{""value"":[false,false,false],""score"":0.0},""T2_ema50_slope"":{""value"":-0.5662373043719383,""score"":0},""T3_high_proximity"":{""value"":0.7384892086330935,""score"":0},""T4_rs_1m"":{""value"":-0.10283255212919107,""score"":0},""T5_rs_3m"":{""value"":-0.3197986914146894,""score"":0},""T6_adr_healthy"":{""value"":3.2925793472788087,""score"":100.0},""_score"":5.0},""geometry"":{""sub_low_similarity"":64.6,""sub_bounce_quality"":85.3,""sub_separation_fit"":0.0,""sub_right_bottom_reaction"":63.7,""sub_base_context"":30.0,""_score"":51.99},""compression"":{""VC1_atr_ratio"":{""value"":0.5684690547060989,""score"":100},""VC2_range_contraction"":{""value"":0.9495378942232573,""score"":8.410350962790451},""VC3_range_pct_rank"":{""score"":46.666666666666664},""_score"":54.61},""sr_quality"":{""SR1_touches"":{""value"":2,""score"":25.0},""SR2_tightness"":{""value"":0.23874999999999957,""score"":74.79251430058189},""SR3_recency"":{""value"":234,""score"":0.0},""SR4_price_location"":{""score"":51.95400435144935},""SR5_reaction"":{""value"":1.701228134344397,""score"":85.06140671721984},""_score"":44.47,""_levels_found"":8,""_target_level"":54.3588},""volume"":{""V1_rvol_day"":{""value"":0.44494084719995947,""score"":0},""V2_rvol_sameslot"":{""value"":1.572454929894108,""score"":71.49699532627386,""status"":""ok""},""V3_breakout_bar"":{""value"":0.8919218419369217,""score"":26.128122795794777},""V4_base_dryup"":{""value"":1.0768888540719563,""score"":42.311114592804365},""V5_bo_expansion"":{""value"":0.44494084719995947,""score"":0},""_score"":29.29},""readiness"":{""_distance_atr"":3.682,""BR1_atr_distance"":{""score"":0},""BR2_compression"":{""score"":0},""BR3_retest"":{""score"":50.0},""BR4_bo_age"":{""score"":50.0},""_score"":17.5},""risk"":{""R1_stop_clarity"":{""score"":15.271173722374357},""R2_stop_distance_pct"":{""value"":-2.6741354115927813,""score"":0.0},""R3_stop_distance_atr"":{""value"":-0.7245502434021215,""score"":0.0},""R4_rr_potential"":{""value"":null,""score"":50.0},""_score"":15.34},""market"":{""M1_spy_regime"":{""score"":100.0},""M3_earnings_risk"":{""value"":null,""score"":80.0},""M4_vix"":{""value"":null,""score"":60.0},""_score"":84.0},""liquidity"":{""L1_price"":{""value"":51.325,""score"":100.0},""L2_dollar_vol"":{""value"":65188898.90817055,""score"":90.70868227631972},""L3_spread_proxy"":{""value"":0.027959084266926355,""score"":72.04091573307365},""L4_volume_zscore"":{""value"":-1.594046781434368,""score"":100.0},""_score"":93.49},""pattern_structure"":{""left_low"":54.455,""left_idx"":19,""right_low"":53.5,""right_idx"":65,""separation_bars"":46,""structural_low"":53.5,""current_price"":51.47,""neckline_distance_pct"":0.1326986594132504,""base_bars"":46},""pattern_geometry_features"":{""low_similarity_pct"":0.01769255708397014,""bounce_pct"":0.08971962616822425,""right_bottom_reaction"":0.6374999999999997,""atr_pct"":0.03690752209310418},""_schema_version"":""1.0""}",,,,,,,,,,
20260610T172453Z-e22c49,2026-06-10T17:24:53.606196+00:00,HUBS,double_bottom,absent,40.13,21.9,43.0,27.0,52.5,9.5,17.5,69.4,84.0,94.9,3.28,10.75,2.16,7.36,1.24,1.4,4.16,5.04,4.74,False,,195.48,260.24,193.6609,323.87,"{""trend"":{""T1_ema_stack"":{""value"":[false,false,false],""score"":0.0},""T2_ema50_slope"":{""value"":-0.32669865456290187,""score"":0},""T3_high_proximity"":{""value"":0.7361325550743739,""score"":0},""T4_rs_1m"":{""value"":0.03450039630939172,""score"":84.50039630939173},""T5_rs_3m"":{""value"":-0.324586515219896,""score"":0},""T6_adr_healthy"":{""value"":6.528024124044843,""score"":100.0},""_score"":21.9},""geometry"":{""sub_low_similarity"":14.2,""sub_bounce_quality"":100,""sub_separation_fit"":0.0,""sub_right_bottom_reaction"":85.0,""sub_base_context"":30.0,""_score"":43.01},""compression"":{""VC1_atr_ratio"":{""value"":0.8762230085333828,""score"":30.94424786665431},""VC2_range_contraction"":{""value"":1.1996039629501312,""score"":0},""VC3_range_pct_rank"":{""score"":58.33333333333333},""_score"":26.96},""sr_quality"":{""SR1_touches"":{""value"":4,""score"":75.0},""SR2_tightness"":{""value"":3.79975883280768,""score"":55.31794420998244},""SR3_recency"":{""value"":253,""score"":0.0},""SR4_price_location"":{""score"":26.96040488240549},""SR5_reaction"":{""value"":2.5939520846929884,""score"":100},""_score"":52.54,""_levels_found"":6,""_target_level"":210.8137},""volume"":{""V1_rvol_day"":{""value"":0.33443421445081956,""score"":0},""V2_rvol_sameslot"":{""value"":0.562943907415606,""score"":4.19626049437373,""status"":""ok""},""V3_breakout_bar"":{""value"":0.38692523181392285,""score"":0},""V4_base_dryup"":{""value"":1.066365318944146,""score"":43.3634681055854},""V5_bo_expansion"":{""value"":0.3344342144508195,""score"":0},""_score"":9.51},""readiness"":{""_distance_atr"":3.808,""BR1_atr_distance"":{""score"":0},""BR2_compression"":{""score"":0},""BR3_retest"":{""score"":50.0},""BR4_bo_age"":{""score"":50.0},""_score"":17.5},""risk"":{""R1_stop_clarity"":{""score"":65.32040831239775},""R2_stop_distance_pct"":{""value"":0.9306067116840492,""score"":73.26516779210122},""R3_stop_distance_atr"":{""value"":0.10695857996117668,""score"":30.347928998058837},""R4_rr_potential"":{""value"":70.57691779127695,""score"":100.0},""_score"":69.39},""market"":{""M1_spy_regime"":{""score"":100.0},""M3_earnings_risk"":{""value"":null,""score"":80.0},""M4_vix"":{""value"":null,""score"":60.0},""_score"":84.0},""liquidity"":{""L1_price"":{""value"":195.48,""score"":100.0},""L2_dollar_vol"":{""value"":142212132.97588474,""score"":100.0},""L3_spread_proxy"":{""value"":0.051053816247186364,""score"":48.94618375281364},""L4_volume_zscore"":{""value"":-1.111330910978107,""score"":100.0},""_score"":94.89},""pattern_structure"":{""left_low"":196.61,""left_idx"":17,""right_low"":205.23,""right_idx"":65,""separation_bars"":48,""structural_low"":196.61,""current_price"":196.82,""neckline_distance_pct"":0.32222335128543855,""base_bars"":48},""pattern_geometry_features"":{""low_similarity_pct"":0.04290264782002775,""bounce_pct"":0.3236356238238136,""right_bottom_reaction"":0.8499267935578325,""atr_pct"":0.08700627027975094},""_schema_version"":""1.0""}",,,,,,,,,,
20260610T172453Z-e22c49,2026-06-10T17:24:53.606196+00:00,KTOS,vcp,absent,40.12,10.5,35.0,58.5,46.0,15.4,19.8,83.4,84.0,93.1,1.58,8.75,7.02,5.52,2.0,1.38,4.17,5.04,4.65,False,,54.9852,64.13,50.8851,106.14,"{""trend"":{""T1_ema_stack"":{""value"":[false,false,false],""score"":0.0},""T2_ema50_slope"":{""value"":-0.6084023397022177,""score"":0},""T3_high_proximity"":{""value"":0.5769090336795719,""score"":0},""T4_rs_1m"":{""value"":-0.022314581875786055,""score"":27.685418124213946},""T5_rs_3m"":{""value"":-0.4606771820199007,""score"":0},""T6_adr_healthy"":{""value"":6.16397504950981,""score"":100.0},""_score"":10.54},""geometry"":{""sub_contraction_count"":100.0,""sub_reduction_rate"":0,""sub_pivot_tightness"":0,""sub_volume_dryup"":0,""sub_base_depth"":0.0,""sub_base_duration"":100.0,""_score"":35.0},""compression"":{""VC1_atr_ratio"":{""value"":0.5425682627408519,""score"":100},""VC2_range_contraction"":{""value"":1.3910499904200355,""score"":0},""VC3_range_pct_rank"":{""score"":74.16666666666667},""_score"":58.54},""sr_quality"":{""SR1_touches"":{""value"":2,""score"":25.0},""SR2_tightness"":{""value"":0.14499999999999602,""score"":93.35426358365625},""SR3_recency"":{""value"":251,""score"":0.0},""SR4_price_location"":{""score"":38.12727731053921},""SR5_reaction"":{""value"":2.8324586933107216,""score"":100},""_score"":46.03,""_levels_found"":5,""_target_level"":63.985},""volume"":{""V1_rvol_day"":{""value"":0.29015615515049625,""score"":0},""V2_rvol_sameslot"":{""value"":0.6404415866272475,""score"":9.362772441816498,""status"":""ok""},""V3_breakout_bar"":{""value"":0.7084284222999787,""score"":13.895228153331916},""V4_base_dryup"":{""value"":0.9995309258013674,""score"":50.04690741986326},""V5_bo_expansion"":{""value"":0.29015615515049625,""score"":0},""_score"":15.36},""readiness"":{""_distance_atr"":2.096,""BR1_atr_distance"":{""score"":0},""BR2_compression"":{""score"":9.098453477041895},""BR3_retest"":{""score"":50.0},""BR4_bo_age"":{""score"":50.0},""_score"":19.77},""risk"":{""R1_stop_clarity"":{""score"":64.48426793775914},""R2_stop_distance_pct"":{""value"":7.456733812007603,""score"":100.0},""R3_stop_distance_atr"":{""value"":0.9395925476086818,""score"":71.97962738043408},""R4_rr_potential"":{""value"":12.476476183507705,""score"":100.0},""_score"":83.37},""market"":{""M1_spy_regime"":{""score"":100.0},""M3_earnings_risk"":{""value"":null,""score"":80.0},""M4_vix"":{""value"":null,""score"":60.0},""_score"":84.0},""liquidity"":{""L1_price"":{""value"":54.9852,""score"":100.0},""L2_dollar_vol"":{""value"":76276715.8437438,""score"":94.1195992936562},""L3_spread_proxy"":{""value"":0.04583051439296385,""score"":54.16948560703615},""L4_volume_zscore"":{""value"":-1.2834356931991666,""score"":100.0},""_score"":93.06},""pattern_structure"":{""n_contractions"":5,""contractions_pct"":[8.84,34.1,15.12,23.52,19.44],""descending_strict"":false,""final_low"":51.66,""final_pivot"":64.13,""structural_low"":51.66,""dry_up_ratio"":1.2288625317371882,""current_price"":54.9852,""neckline_distance_pct"":0.166313844452689,""base_bars"":48},""pattern_geometry_features"":{""contraction_count"":5.0,""first_contraction_pct"":0.08839543076758835,""last_contraction_pct"":0.19444877592390455,""dry_up_ratio"":1.2288625317371882,""near_monotone"":0.0,""base_depth_pct"":0.44848937760222063},""_schema_version"":""1.0""}",,,,,,,,,,
20260610T172453Z-e22c49,2026-06-10T17:24:53.606196+00:00,NOK,vcp,invalidated,40.03,61.6,35.0,24.1,51.5,0.1,22.6,31.6,84.0,95.2,9.24,8.75,2.9,6.17,0.01,1.58,1.58,5.04,4.76,False,,13.39,16.625,14.312,10.63,"{""trend"":{""T1_ema_stack"":{""value"":[false,true,true],""score"":66.66666666666666},""T2_ema50_slope"":{""value"":1.0342052587923363,""score"":100},""T3_high_proximity"":{""value"":0.7946587537091988,""score"":0},""T4_rs_1m"":{""value"":-0.02521119309816211,""score"":24.78880690183789},""T5_rs_3m"":{""value"":0.6158924553158924,""score"":100},""T6_adr_healthy"":{""value"":6.3327653527042,""score"":100.0},""_score"":61.62},""geometry"":{""sub_contraction_count"":100.0,""sub_reduction_rate"":0,""sub_pivot_tightness"":0,""sub_volume_dryup"":0,""sub_base_depth"":0.0,""sub_base_duration"":100.0,""_score"":35.0},""compression"":{""VC1_atr_ratio"":{""value"":0.8378461873233476,""score"":40.538453169163105},""VC2_range_contraction"":{""value"":1.119815669225907,""score"":0},""VC3_range_pct_rank"":{""score"":31.666666666666664},""_score"":24.13},""sr_quality"":{""SR1_touches"":{""value"":2,""score"":25.0},""SR2_tightness"":{""value"":0.27499999999999947,""score"":51.70899968642216},""SR3_recency"":{""value"":233,""score"":0.0},""SR4_price_location"":{""score"":84.77112676056339},""SR5_reaction"":{""value"":2.094073377234243,""score"":100},""_score"":51.45,""_levels_found"":4,""_target_level"":14.255},""volume"":{""V1_rvol_day"":{""value"":0.5039726704337641,""score"":0.2648446955842765},""V2_rvol_sameslot"":{""value"":0.4850585280140115,""score"":0,""status"":""ok""},""V3_breakout_bar"":{""value"":0.38553065470036146,""score"":0},""V4_base_dryup"":{""value"":2.2464586270539817,""score"":0},""V5_bo_expansion"":{""value"":0.5039726704337641,""score"":0},""_score"":0.05},""readiness"":{""_distance_atr"":2.84,""BR1_atr_distance"":{""score"":0},""BR2_compression"":{""score"":20.25918666696212},""BR3_retest"":{""score"":50.0},""BR4_bo_age"":{""score"":50.0},""_score"":22.56},""risk"":{""R1_stop_clarity"":{""score"":61.72718720602068},""R2_stop_distance_pct"":{""value"":-6.886109036594464,""score"":0.0},""R3_stop_distance_atr"":{""value"":-0.8095766698024449,""score"":0.0},""R4_rr_potential"":{""value"":null,""score"":50.0},""_score"":31.6},""market"":{""M1_spy_regime"":{""score"":100.0},""M3_earnings_risk"":{""value"":null,""score"":80.0},""M4_vix"":{""value"":null,""score"":60.0},""_score"":84.0},""liquidity"":{""L1_price"":{""value"":13.39,""score"":100.0},""L2_dollar_vol"":{""value"":848192911.4471713,""score"":100.0},""L3_spread_proxy"":{""value"":0.048543689320388245,""score"":51.456310679611754},""L4_volume_zscore"":{""value"":-1.5916521888188448,""score"":100.0},""_score"":95.15},""pattern_structure"":{""n_contractions"":5,""contractions_pct"":[8.73,7.29,13.23,13.82,12.6],""descending_strict"":false,""final_low"":14.53,""final_pivot"":16.625,""structural_low"":14.53,""dry_up_ratio"":1.1213159520888323,""current_price"":13.39,""neckline_distance_pct"":0.24159820761762504,""base_bars"":45},""pattern_geometry_features"":{""contraction_count"":5.0,""first_contraction_pct"":0.08728763913298185,""last_contraction_pct"":0.126015037593985,""dry_up_ratio"":1.1213159520888323,""near_monotone"":0.0,""base_depth_pct"":-0.7024018746338605},""_schema_version"":""1.0""}",,,,,,,,,,
20260610T172453Z-e22c49,2026-06-10T17:24:53.606196+00:00,NOW,vcp,breakout_confirmed,39.92,53.3,42.5,10.0,51.4,0.2,29.4,41.1,84.0,95.3,8.0,10.61,1.2,6.16,0.03,2.06,2.05,5.04,4.77,False,,108.53,95.62,84.1584,136.85,"{""trend"":{""T1_ema_stack"":{""value"":[false,true,false],""score"":33.33333333333333},""T2_ema50_slope"":{""value"":0.3272568733369485,""score"":100},""T3_high_proximity"":{""value"":0.7988370381274841,""score"":0},""T4_rs_1m"":{""value"":0.1991133829185623,""score"":100},""T5_rs_3m"":{""value"":-0.14044700369621177,""score"":0},""T6_adr_healthy"":{""value"":5.992854223455475,""score"":100.0},""_score"":53.33},""geometry"":{""sub_contraction_count"":100.0,""sub_reduction_rate"":0,""sub_pivot_tightness"":0,""sub_volume_dryup"":0,""sub_base_depth"":74.5,""sub_base_duration"":100.0,""_score"":42.45},""compression"":{""VC1_atr_ratio"":{""value"":1.1010863719479402,""score"":0},""VC2_range_contraction"":{""value"":1.3167732238657341,""score"":0},""VC3_range_pct_rank"":{""score"":40.0},""_score"":10.0},""sr_quality"":{""SR1_touches"":{""value"":3,""score"":50.0},""SR2_tightness"":{""value"":0.4102032016777364,""score"":90.36829750322299},""SR3_recency"":{""value"":240,""score"":0.0},""SR4_price_location"":{""score"":53.37716676628822},""SR5_reaction"":{""value"":1.2632412233917654,""score"":63.16206116958827},""_score"":51.37,""_levels_found"":6,""_target_level"":111.13},""volume"":{""V1_rvol_day"":{""value"":0.3339578227012502,""score"":0},""V2_rvol_sameslot"":{""value"":0.49358474105197553,""score"":0,""status"":""ok""},""V3_breakout_bar"":{""value"":0.4302926903465165,""score"":0},""V4_base_dryup"":{""value"":1.48783247839486,""score"":1.2167521605140053},""V5_bo_expansion"":{""value"":0.3339578227012502,""score"":0},""_score"":0.24},""readiness"":{""_distance_atr"":-1.516,""BR1_atr_distance"":{""score"":29.686906702625105},""BR2_compression"":{""score"":0},""BR3_retest"":{""score"":50.0},""BR4_bo_age"":{""score"":50.0},""_score"":29.37},""risk"":{""R1_stop_clarity"":{""score"":69.90762171191665},""R2_stop_distance_pct"":{""value"":22.456095088915507,""score"":0.0},""R3_stop_distance_atr"":{""value"":2.8612648513024874,""score"":100.0},""R4_rr_potential"":{""value"":1.1620082390979674,""score"":8.100411954898368},""_score"":41.09},""market"":{""M1_spy_regime"":{""score"":100.0},""M3_earnings_risk"":{""value"":null,""score"":80.0},""M4_vix"":{""value"":null,""score"":60.0},""_score"":84.0},""liquidity"":{""L1_price"":{""value"":108.53,""score"":100.0},""L2_dollar_vol"":{""value"":1268975169.0376954,""score"":100.0},""L3_spread_proxy"":{""value"":0.046669123744586725,""score"":53.33087625541327},""L4_volume_zscore"":{""value"":-1.517727785891657,""score"":100.0},""_score"":95.33},""pattern_structure"":{""n_contractions"":5,""contractions_pct"":[11.81,17.35,23.05,20.02,10.65],""descending_strict"":false,""final_low"":85.44,""final_pivot"":95.62,""structural_low"":85.44,""dry_up_ratio"":1.3795247757506515,""current_price"":108.53,""neckline_distance_pct"":-0.11895328480604438,""base_bars"":47},""pattern_geometry_features"":{""contraction_count"":5.0,""first_contraction_pct"":0.118102155206442,""last_contraction_pct"":0.10646308303702161,""dry_up_ratio"":1.3795247757506515,""near_monotone"":0.0,""base_depth_pct"":0.3254914344359359},""_schema_version"":""1.0""}",,,,,,,,,,
20260610T172453Z-e22c49,2026-06-10T17:24:53.606196+00:00,PGY,bull_flag,absent,39.79,73.6,27.1,31.0,41.0,4.1,26.6,81.5,84.0,80.2,10.31,8.14,2.79,4.1,0.57,2.4,2.44,5.04,4.01,False,,14.68,16.27,13.8688,18.79,"{""trend"":{""T1_ema_stack"":{""value"":[true,true,false],""score"":66.66666666666666},""T2_ema50_slope"":{""value"":0.061326311606948604,""score"":60.221051934491435},""T3_high_proximity"":{""value"":0.938618925831202,""score"":69.30946291560097},""T4_rs_1m"":{""value"":0.022492130274539335,""score"":72.49213027453933},""T5_rs_3m"":{""value"":0.19970139105443607,""score"":100},""T6_adr_healthy"":{""value"":7.16940420357233,""score"":100.0},""_score"":73.61},""geometry"":{""sub_pole_impulse"":31.3,""sub_flag_tightness"":0,""sub_flag_shallowness"":0,""sub_flag_drift"":93.2,""sub_flag_duration"":37.5,""_score"":27.12},""compression"":{""VC1_atr_ratio"":{""value"":0.8167898773430793,""score"":45.802530664230176},""VC2_range_contraction"":{""value"":1.400520635254473,""score"":0},""VC3_range_pct_rank"":{""score"":50.83333333333333},""_score"":31.03},""sr_quality"":{""SR1_touches"":{""value"":2,""score"":25.0},""SR2_tightness"":{""value"":0.014999999999998792,""score"":97.4908895393992},""SR3_recency"":{""value"":323,""score"":0.0},""SR4_price_location"":{""score"":15.351812366737743},""SR5_reaction"":{""value"":2.7035665212975686,""score"":100},""_score"":40.96,""_levels_found"":4,""_target_level"":20.635},""volume"":{""V1_rvol_day"":{""value"":0.35408035955088213,""score"":0},""V2_rvol_sameslot"":{""value"":0.599648985923296,""score"":6.643265728219731,""status"":""ok""},""V3_breakout_bar"":{""value"":0.48310800145068594,""score"":0},""V4_base_dryup"":{""value"":1.363349254971348,""score"":13.66507450286521},""V5_bo_expansion"":{""value"":0.35408035955088213,""score"":0},""_score"":4.06},""readiness"":{""_distance_atr"":1.33,""BR1_atr_distance"":{""score"":11.344763725431633},""BR2_compression"":{""score"":18.33000790344602},""BR3_retest"":{""score"":50.0},""BR4_bo_age"":{""score"":50.0},""_score"":26.62},""risk"":{""R1_stop_clarity"":{""score"":64.67172471473806},""R2_stop_distance_pct"":{""value"":5.525885558583102,""score"":100.0},""R3_stop_distance_atr"":{""value"":0.6784634685465077,""score"":58.92317342732538},""R4_rr_potential"":{""value"":5.066568047337281,""score"":100.0},""_score"":81.47},""market"":{""M1_spy_regime"":{""score"":100.0},""M3_earnings_risk"":{""value"":null,""score"":80.0},""M4_vix"":{""value"":null,""score"":60.0},""_score"":84.0},""liquidity"":{""L1_price"":{""value"":14.68,""score"":100.0},""L2_dollar_vol"":{""value"":19502290.867165077,""score"":64.50428147205383},""L3_spread_proxy"":{""value"":0.05585831062670302,""score"":44.141689373296984},""L4_volume_zscore"":{""value"":-1.9711878532587483,""score"":100.0},""_score"":80.22},""pattern_structure"":{""pole_low"":13.75,""pole_low_idx"":30,""peak_price"":16.27,""peak_idx"":34,""pole_gain"":0.18327272727272725,""flag_bars"":25,""flag_low"":14.08,""flag_high"":16.265,""structural_low"":14.08,""current_price"":14.72,""neckline_distance_pct"":0.10529891304347819,""base_bars"":25},""pattern_geometry_features"":{""pole_gain"":0.18327272727272725,""pullback_pct"":0.1346035648432698,""flag_range_pct"":0.13429625076828522,""flag_drift_per_bar"":-0.001357127926421403,""atr_pct"":0.08144706111327364,""pole_atr_multiple"":2.2502067572191233},""_schema_version"":""1.0""}",,,,,,,,,,
20260610T172453Z-e22c49,2026-06-10T17:24:53.606196+00:00,ZS,vcp,absent,39.45,15.5,45.0,38.1,49.9,1.2,17.5,83.1,84.0,94.8,2.32,11.25,4.57,5.99,0.16,1.23,4.16,5.04,4.74,False,,127.695,191.25,120.4754,230.84,"{""trend"":{""T1_ema_stack"":{""value"":[false,false,false],""score"":0.0},""T2_ema50_slope"":{""value"":0.014541957714408452,""score"":52.423659619068076},""T3_high_proximity"":{""value"":0.691738894907909,""score"":0},""T4_rs_1m"":{""value"":-0.12937467485228082,""score"":0},""T5_rs_3m"":{""value"":-0.24883165358387627,""score"":0},""T6_adr_healthy"":{""value"":6.425970056522387,""score"":100.0},""_score"":15.48},""geometry"":{""sub_contraction_count"":100.0,""sub_reduction_rate"":0,""sub_pivot_tightness"":0,""sub_volume_dryup"":0,""sub_base_depth"":100.0,""sub_base_duration"":100.0,""_score"":45.0},""compression"":{""VC1_atr_ratio"":{""value"":0.7006385987824766,""score"":74.84035030438085},""VC2_range_contraction"":{""value"":1.2316059354589877,""score"":0},""VC3_range_pct_rank"":{""score"":32.49999999999999},""_score"":38.06},""sr_quality"":{""SR1_touches"":{""value"":4,""score"":75.0},""SR2_tightness"":{""value"":1.5676079011407038,""score"":76.23132319875468},""SR3_recency"":{""value"":244,""score"":0.0},""SR4_price_location"":{""score"":3.8095207085707217},""SR5_reaction"":{""value"":2.0068337688006816,""score"":100},""_score"":49.89,""_levels_found"":6,""_target_level"":142.4663},""volume"":{""V1_rvol_day"":{""value"":0.24231187177964547,""score"":0},""V2_rvol_sameslot"":{""value"":0.4031182381193474,""score"":0,""status"":""ok""},""V3_breakout_bar"":{""value"":0.5746925752299797,""score"":4.979505015331983},""V4_base_dryup"":{""value"":1.5672900810975698,""score"":0},""V5_bo_expansion"":{""value"":0.24231187177964547,""score"":0},""_score"":1.24},""readiness"":{""_distance_atr"":4.818,""BR1_atr_distance"":{""score"":0},""BR2_compression"":{""score"":0},""BR3_retest"":{""score"":50.0},""BR4_bo_age"":{""score"":50.0},""_score"":17.5},""risk"":{""R1_stop_clarity"":{""score"":72.18232769707724},""R2_stop_distance_pct"":{""value"":5.653823563960991,""score"":100.0},""R3_stop_distance_atr"":{""value"":0.54733561671653,""score"":52.366780835826496},""R4_rr_potential"":{""value"":14.286703649068887,""score"":100.0},""_score"":83.12},""market"":{""M1_spy_regime"":{""score"":100.0},""M3_earnings_risk"":{""value"":null,""score"":80.0},""M4_vix"":{""value"":null,""score"":60.0},""_score"":84.0},""liquidity"":{""L1_price"":{""value"":127.695,""score"":100.0},""L2_dollar_vol"":{""value"":229541553.76338562,""score"":100.0},""L3_spread_proxy"":{""value"":0.05180469086495177,""score"":48.19530913504823},""L4_volume_zscore"":{""value"":-0.8263401450602912,""score"":100.0},""_score"":94.82},""pattern_structure"":{""n_contractions"":5,""contractions_pct"":[20.94,23.84,9.93,6.8,36.05],""descending_strict"":false,""final_low"":122.31,""final_pivot"":191.25,""structural_low"":122.31,""dry_up_ratio"":1.4597236012428034,""current_price"":127.695,""neckline_distance_pct"":0.49770938564548345,""base_bars"":48},""pattern_geometry_features"":{""contraction_count"":5.0,""first_contraction_pct"":0.2093885114268067,""last_contraction_pct"":0.3604705882352941,""dry_up_ratio"":1.4597236012428034,""near_monotone"":0.0,""base_depth_pct"":0.2445336627547869},""_schema_version"":""1.0""}",,,,,,,,,,
20260610T172453Z-e22c49,2026-06-10T17:24:53.606196+00:00,IE,vcp,invalidated,39.27,13.9,35.0,48.0,45.2,42.2,19.4,32.2,84.0,75.0,2.09,8.75,5.76,5.43,5.49,1.36,1.61,5.04,3.75,False,,10.2201,15.2967,11.298,24.2667,"{""trend"":{""T1_ema_stack"":{""value"":[false,false,true],""score"":33.33333333333333},""T2_ema50_slope"":{""value"":-0.28275558860224914,""score"":2.874068566291811},""T3_high_proximity"":{""value"":0.6636428571428572,""score"":0},""T4_rs_1m"":{""value"":-0.3003018030351292,""score"":0},""T5_rs_3m"":{""value"":-0.35007849034943184,""score"":0},""T6_adr_healthy"":{""value"":6.929896651786288,""score"":100.0},""_score"":13.91},""geometry"":{""sub_contraction_count"":100.0,""sub_reduction_rate"":0,""sub_pivot_tightness"":0,""sub_volume_dryup"":0,""sub_base_depth"":0.0,""sub_base_duration"":100.0,""_score"":35.0},""compression"":{""VC1_atr_ratio"":{""value"":0.6536114564217922,""score"":86.59713589455194},""VC2_range_contraction"":{""value"":1.2862336385175317,""score"":0},""VC3_range_pct_rank"":{""score"":53.333333333333336},""_score"":47.97},""sr_quality"":{""SR1_touches"":{""value"":3,""score"":50.0},""SR2_tightness"":{""value"":0.2860069929215016,""score"":39.03023440351097},""SR3_recency"":{""value"":240,""score"":0.0},""SR4_price_location"":{""score"":47.88171789230057},""SR5_reaction"":{""value"":1.656198212876325,""score"":82.80991064381625},""_score"":45.25,""_levels_found"":7,""_target_level"":11.85},""volume"":{""V1_rvol_day"":{""value"":0.5678703292272694,""score"":4.5246886151512955},""V2_rvol_sameslot"":{""value"":1.714720608353862,""score"":80.98137389025747,""status"":""ok""},""V3_breakout_bar"":{""value"":1.3300126739050862,""score"":55.33417826033907},""V4_base_dryup"":{""value"":0.9361166686557523,""score"":56.38833313442477},""V5_bo_expansion"":{""value"":0.5678703292272695,""score"":0},""_score"":42.21},""readiness"":{""_distance_atr"":5.411,""BR1_atr_distance"":{""score"":0},""BR2_compression"":{""score"":7.712822157405375},""BR3_retest"":{""score"":50.0},""BR4_bo_age"":{""score"":50.0},""_score"":19.43},""risk"":{""R1_stop_clarity"":{""score"":63.32310597120594},""R2_stop_distance_pct"":{""value"":-10.546374301621313,""score"":0.0},""R3_stop_distance_atr"":{""value"":-1.1488576061881883,""score"":0.0},""R4_rr_potential"":{""value"":null,""score"":50.0},""_score"":32.16},""market"":{""M1_spy_regime"":{""score"":100.0},""M3_earnings_risk"":{""value"":null,""score"":80.0},""M4_vix"":{""value"":null,""score"":60.0},""_score"":84.0},""liquidity"":{""L1_price"":{""value"":10.2201,""score"":100.0},""L2_dollar_vol"":{""value"":10861708.176539414,""score"":51.79490651728291},""L3_spread_proxy"":{""value"":0.057572822183735974,""score"":42.42717781626403},""L4_volume_zscore"":{""value"":-1.371733502864564,""score"":100.0},""_score"":74.96},""pattern_structure"":{""n_contractions"":5,""contractions_pct"":[20.16,22.96,28.5,22.37,25.02],""descending_strict"":false,""final_low"":11.47,""final_pivot"":15.2967,""structural_low"":11.47,""dry_up_ratio"":1.0525914363527558,""current_price"":10.2201,""neckline_distance_pct"":0.4967270378959109,""base_bars"":72},""pattern_geometry_features"":{""contraction_count"":5.0,""first_contraction_pct"":0.20156555772994134,""last_contraction_pct"":0.2501650682827014,""dry_up_ratio"":1.0525914363527558,""near_monotone"":0.0,""base_depth_pct"":0.4388454011741683},""_schema_version"":""1.0""}",,,,,,,,,,
20260610T172453Z-e22c49,2026-06-10T17:24:53.606196+00:00,DIOD,vcp,absent,39.19,61.8,39.0,18.7,36.7,10.5,17.5,43.6,84.0,74.0,9.27,9.76,2.25,4.4,1.37,1.23,2.18,5.04,3.7,False,,100.93,117.8,89.6547,108.4899,"{""trend"":{""T1_ema_stack"":{""value"":[false,true,true],""score"":66.66666666666666},""T2_ema50_slope"":{""value"":0.45906471240572816,""score"":100},""T3_high_proximity"":{""value"":0.8684391670968853,""score"":34.21958354844262},""T4_rs_1m"":{""value"":-0.08589529820606889,""score"":0},""T5_rs_3m"":{""value"":0.5046682837217267,""score"":100},""T6_adr_healthy"":{""value"":6.0768754923812836,""score"":100.0},""_score"":61.8},""geometry"":{""sub_contraction_count"":100.0,""sub_reduction_rate"":0,""sub_pivot_tightness"":0,""sub_volume_dryup"":26.9,""sub_base_depth"":0.0,""sub_base_duration"":100.0,""_score"":39.03},""compression"":{""VC1_atr_ratio"":{""value"":0.8397142595960471,""score"":40.07143510098823},""VC2_range_contraction"":{""value"":1.4576791260423838,""score"":0},""VC3_range_pct_rank"":{""score"":10.833333333333329},""_score"":18.74},""sr_quality"":{""SR1_touches"":{""value"":2,""score"":25.0},""SR2_tightness"":{""value"":1.3699999999999974,""score"":65.76290005015973},""SR3_recency"":{""value"":278,""score"":0.0},""SR4_price_location"":{""score"":30.0},""SR5_reaction"":{""value"":1.5747191683133677,""score"":78.73595841566838},""_score"":36.67,""_levels_found"":3,""_target_level"":73.68},""volume"":{""V1_rvol_day"":{""value"":0.17018649424167676,""score"":0},""V2_rvol_sameslot"":{""value"":0.26237700098894895,""score"":0,""status"":""ok""},""V3_breakout_bar"":{""value"":0.4220517627877397,""score"":0},""V4_base_dryup"":{""value"":0.973556752122963,""score"":52.6443247877037},""V5_bo_expansion"":{""value"":0.17018649424167678,""score"":0},""_score"":10.53},""readiness"":{""_distance_atr"":2.108,""BR1_atr_distance"":{""score"":0},""BR2_compression"":{""score"":0},""BR3_retest"":{""score"":50.0},""BR4_bo_age"":{""score"":50.0},""_score"":17.5},""risk"":{""R1_stop_clarity"":{""score"":65.88035579451301},""R2_stop_distance_pct"":{""value"":11.171405924898458,""score"":20.714851877538543},""R3_stop_distance_atr"":{""value"":1.4088816535198367,""score"":95.44408267599184},""R4_rr_potential"":{""value"":0.6704832687378596,""score"":0.0},""_score"":43.59},""market"":{""M1_spy_regime"":{""score"":100.0},""M3_earnings_risk"":{""value"":null,""score"":80.0},""M4_vix"":{""value"":null,""score"":60.0},""_score"":84.0},""liquidity"":{""L1_price"":{""value"":100.93,""score"":100.0},""L2_dollar_vol"":{""value"":11934581.43147457,""score"":53.84035960371776},""L3_spread_proxy"":{""value"":0.07539780045576137,""score"":24.60219954423863},""L4_volume_zscore"":{""value"":-2.2025450593745144,""score"":100.0},""_score"":74.0},""pattern_structure"":{""n_contractions"":5,""contractions_pct"":[20.36,19.33,14.96,11.96,22.73],""descending_strict"":false,""final_low"":91.02,""final_pivot"":117.8,""structural_low"":91.02,""dry_up_ratio"":0.8655827422834076,""current_price"":100.93,""neckline_distance_pct"":0.16714554641830962,""base_bars"":67},""pattern_geometry_features"":{""contraction_count"":5.0,""first_contraction_pct"":0.20364606981528566,""last_contraction_pct"":0.2273344651952462,""dry_up_ratio"":0.8655827422834076,""near_monotone"":0.0,""base_depth_pct"":-0.11394090556958203},""_schema_version"":""1.0""}",,,,,,,,,,
20260610T172453Z-e22c49,2026-06-10T17:24:53.606196+00:00,HUBS,vcp,absent,39.03,21.9,39.7,27.0,52.5,9.9,17.5,79.6,84.0,94.9,3.28,9.93,3.24,6.3,1.29,1.23,3.98,5.04,4.74,False,,195.48,225.58,189.3072,330.39,"{""trend"":{""T1_ema_stack"":{""value"":[false,false,false],""score"":0.0},""T2_ema50_slope"":{""value"":-0.32669865456290187,""score"":0},""T3_high_proximity"":{""value"":0.7361325550743739,""score"":0},""T4_rs_1m"":{""value"":0.03450039630939172,""score"":84.50039630939173},""T5_rs_3m"":{""value"":-0.324586515219896,""score"":0},""T6_adr_healthy"":{""value"":6.528024124044843,""score"":100.0},""_score"":21.9},""geometry"":{""sub_contraction_count"":100.0,""sub_reduction_rate"":0,""sub_pivot_tightness"":0,""sub_volume_dryup"":0,""sub_base_depth"":47.1,""sub_base_duration"":100.0,""_score"":39.71},""compression"":{""VC1_atr_ratio"":{""value"":0.8762230085333828,""score"":30.94424786665431},""VC2_range_contraction"":{""value"":1.1996039629501312,""score"":0},""VC3_range_pct_rank"":{""score"":58.33333333333333},""_score"":26.96},""sr_quality"":{""SR1_touches"":{""value"":4,""score"":75.0},""SR2_tightness"":{""value"":3.79975883280768,""score"":55.31794420998244},""SR3_recency"":{""value"":253,""score"":0.0},""SR4_price_location"":{""score"":26.96040488240549},""SR5_reaction"":{""value"":2.5939520846929884,""score"":100},""_score"":52.54,""_levels_found"":6,""_target_level"":210.8137},""volume"":{""V1_rvol_day"":{""value"":0.33443421445081956,""score"":0},""V2_rvol_sameslot"":{""value"":0.562943907415606,""score"":4.19626049437373,""status"":""ok""},""V3_breakout_bar"":{""value"":0.38692523181392285,""score"":0},""V4_base_dryup"":{""value"":1.0465839417027267,""score"":45.34160582972733},""V5_bo_expansion"":{""value"":0.3344342144508195,""score"":0},""_score"":9.91},""readiness"":{""_distance_atr"":1.77,""BR1_atr_distance"":{""score"":0},""BR2_compression"":{""score"":0},""BR3_retest"":{""score"":50.0},""BR4_bo_age"":{""score"":50.0},""_score"":17.5},""risk"":{""R1_stop_clarity"":{""score"":66.10004208107296},""R2_stop_distance_pct"":{""value"":3.1577910783711802,""score"":100.0},""R3_stop_distance_atr"":{""value"":0.36293833400948533,""score"":43.14691670047427},""R4_rr_potential"":{""value"":21.855382845849224,""score"":100.0},""_score"":79.61},""market"":{""M1_spy_regime"":{""score"":100.0},""M3_earnings_risk"":{""value"":null,""score"":80.0},""M4_vix"":{""value"":null,""score"":60.0},""_score"":84.0},""liquidity"":{""L1_price"":{""value"":195.48,""score"":100.0},""L2_dollar_vol"":{""value"":142212132.97588474,""score"":100.0},""L3_spread_proxy"":{""value"":0.051053816247186364,""score"":48.94618375281364},""L4_volume_zscore"":{""value"":-1.111330910978107,""score"":100.0},""_score"":94.89},""pattern_structure"":{""n_contractions"":5,""contractions_pct"":[14.03,17.7,15.09,32.06,14.8],""descending_strict"":false,""final_low"":192.19,""final_pivot"":225.58,""structural_low"":192.19,""dry_up_ratio"":1.2254035879948049,""current_price"":195.48,""neckline_distance_pct"":0.15397994679762647,""base_bars"":54},""pattern_geometry_features"":{""contraction_count"":5.0,""first_contraction_pct"":0.14030303030303026,""last_contraction_pct"":0.14801844135118367,""dry_up_ratio"":1.2254035879948049,""near_monotone"":0.0,""base_depth_pct"":0.35289562289562293},""_schema_version"":""1.0""}",,,,,,,,,,
20260610T172453Z-e22c49,2026-06-10T17:24:53.606196+00:00,EXE,double_bottom,absent,38.85,7.4,22.7,75.9,54.6,24.6,17.5,64.5,84.0,96.8,1.11,5.67,6.07,7.65,3.19,1.4,3.87,5.04,4.84,True,risk_unclear,89.92,94.33,87.0297,100.305,"{""trend"":{""T1_ema_stack"":{""value"":[false,false,false],""score"":0.0},""T2_ema50_slope"":{""value"":-0.2283063639437703,""score"":11.948939342704954},""T3_high_proximity"":{""value"":0.7893258426966292,""score"":0},""T4_rs_1m"":{""value"":-0.05725023433245713,""score"":0},""T5_rs_3m"":{""value"":-0.25089910710905927,""score"":0},""T6_adr_healthy"":{""value"":2.126317714970579,""score"":100.0},""_score"":7.39},""geometry"":{""sub_low_similarity"":9.2,""sub_bounce_quality"":53.7,""sub_separation_fit"":0.0,""sub_right_bottom_reaction"":21.3,""sub_base_context"":30.0,""_score"":22.7},""compression"":{""VC1_atr_ratio"":{""value"":0.4736620138958663,""score"":100},""VC2_range_contraction"":{""value"":0.8018984889784825,""score"":33.016918503586254},""VC3_range_pct_rank"":{""score"":97.5},""_score"":75.93},""sr_quality"":{""SR1_touches"":{""value"":4,""score"":75.0},""SR2_tightness"":{""value"":0.4245217897823377,""score"":57.94747024207274},""SR3_recency"":{""value"":228,""score"":0.0},""SR4_price_location"":{""score"":33.841244458910225},""SR5_reaction"":{""value"":2.377406150830859,""score"":100},""_score"":54.65,""_levels_found"":7,""_target_level"":94.3725},""volume"":{""V1_rvol_day"":{""value"":0.2961082107443019,""score"":0},""V2_rvol_sameslot"":{""value"":1.0430336835743106,""score"":36.20224557162071,""status"":""ok""},""V3_breakout_bar"":{""value"":0.640797645106597,""score"":9.386509673773132},""V4_base_dryup"":{""value"":0.7519227976136678,""score"":74.80772023863322},""V5_bo_expansion"":{""value"":0.2961082107443019,""score"":0},""_score"":24.55},""readiness"":{""_distance_atr"":2.184,""BR1_atr_distance"":{""score"":0},""BR2_compression"":{""score"":0},""BR3_retest"":{""score"":50.0},""BR4_bo_age"":{""score"":50.0},""_score"":17.5},""risk"":{""R1_stop_clarity"":{""score"":0},""R2_stop_distance_pct"":{""value"":3.2143294039145953,""score"":100.0},""R3_stop_distance_atr"":{""value"":1.431557590187544,""score"":96.5778795093772},""R4_rr_potential"":{""value"":3.593021546019903,""score"":100.0},""_score"":64.49},""market"":{""M1_spy_regime"":{""score"":100.0},""M3_earnings_risk"":{""value"":null,""score"":80.0},""M4_vix"":{""value"":null,""score"":60.0},""_score"":84.0},""liquidity"":{""L1_price"":{""value"":89.92,""score"":100.0},""L2_dollar_vol"":{""value"":79862873.820656,""score"":95.1172466991248},""L3_spread_proxy"":{""value"":0.012121886120996479,""score"":87.87811387900352},""L4_volume_zscore"":{""value"":-1.9303046082401527,""score"":100.0},""_score"":96.83},""pattern_structure"":{""left_low"":92.4586,""left_idx"":30,""right_low"":88.355,""right_idx"":76,""separation_bars"":46,""structural_low"":88.355,""current_price"":89.775,""neckline_distance_pct"":0.05073795600111381,""base_bars"":46},""pattern_geometry_features"":{""low_similarity_pct"":0.04539039098828849,""bounce_pct"":0.067624922188897,""right_bottom_reaction"":0.21276595744679694,""atr_pct"":0.022453371250635446},""_schema_version"":""1.0""}",,,,,,,,,,
20260610T172453Z-e22c49,2026-06-10T17:24:53.606196+00:00,AXTI,bull_flag,absent,38.82,51.7,15.5,54.6,53.6,26.8,17.5,59.5,84.0,90.0,7.23,4.66,4.91,5.36,3.75,1.57,1.78,5.04,4.5,False,,87.05,112.99,74.86,132.749,"{""trend"":{""T1_ema_stack"":{""value"":[false,true,true],""score"":66.66666666666666},""T2_ema50_slope"":{""value"":1.2201507927440869,""score"":100},""T3_high_proximity"":{""value"":0.6181211389618688,""score"":0},""T4_rs_1m"":{""value"":-0.2952200986088438,""score"":0},""T5_rs_3m"":{""value"":0.7590047329416194,""score"":100},""T6_adr_healthy"":{""value"":14.681915464898388,""score"":0.0},""_score"":51.67},""geometry"":{""sub_pole_impulse"":3.7,""sub_flag_tightness"":0,""sub_flag_shallowness"":0,""sub_flag_drift"":46.2,""sub_flag_duration"":75.0,""_score"":15.54},""compression"":{""VC1_atr_ratio"":{""value"":0.5322653373553166,""score"":100},""VC2_range_contraction"":{""value"":1.0758584566354308,""score"":0},""VC3_range_pct_rank"":{""score"":58.33333333333333},""_score"":54.58},""sr_quality"":{""SR1_touches"":{""value"":2,""score"":25.0},""SR2_tightness"":{""value"":1.5655000000000001,""score"":80.49234206269206},""SR3_recency"":{""value"":232,""score"":0.0},""SR4_price_location"":{""score"":84.68415105797325},""SR5_reaction"":{""value"":1.714910670378258,""score"":85.7455335189129},""_score"":53.61,""_levels_found"":5,""_target_level"":91.6655},""volume"":{""V1_rvol_day"":{""value"":0.6716824505695094,""score"":11.445496704633957},""V2_rvol_sameslot"":{""value"":0.9716822641923212,""score"":31.445484279488078,""status"":""ok""},""V3_breakout_bar"":{""value"":0.6009501601460372,""score"":6.73001067640248},""V4_base_dryup"":{""value"":0.6726134359571538,""score"":82.73865640428461},""V5_bo_expansion"":{""value"":0.6716824505695096,""score"":0},""_score"":26.81},""readiness"":{""_distance_atr"":1.616,""BR1_atr_distance"":{""score"":0},""BR2_compression"":{""score"":0},""BR3_retest"":{""score"":50.0},""BR4_bo_age"":{""score"":50.0},""_score"":17.5},""risk"":{""R1_stop_clarity"":{""score"":85.79448735322194},""R2_stop_distance_pct"":{""value"":14.00344629523262,""score"":0.0},""R3_stop_distance_atr"":{""value"":0.7594964875623883,""score"":62.97482437811941},""R4_rr_potential"":{""value"":3.748892534864644,""score"":100.0},""_score"":59.47},""market"":{""M1_spy_regime"":{""score"":100.0},""M3_earnings_risk"":{""value"":null,""score"":80.0},""M4_vix"":{""value"":null,""score"":60.0},""_score"":84.0},""liquidity"":{""L1_price"":{""value"":87.05,""score"":100.0},""L2_dollar_vol"":{""value"":503109336.24942917,""score"":100.0},""L3_spread_proxy"":{""value"":0.12199885123492252,""score"":0},""L4_volume_zscore"":{""value"":-1.37796892097961,""score"":100.0},""_score"":90.0},""pattern_structure"":{""pole_low"":93.231,""pole_low_idx"":15,""peak_price"":112.99,""peak_idx"":37,""pole_gain"":0.21193594405294378,""flag_bars"":22,""flag_low"":76.0,""flag_high"":110.64,""structural_low"":76.0,""current_price"":87.86,""neckline_distance_pct"":0.28602321875711356,""base_bars"":22},""pattern_geometry_features"":{""pole_gain"":0.21193594405294378,""pullback_pct"":0.32737410390300026,""flag_range_pct"":0.306575803168422,""flag_drift_per_bar"":-0.010755477215111603,""atr_pct"":0.18437802576515958,""pole_atr_multiple"":1.1494642226123217},""_schema_version"":""1.0""}",,,,,,,,,,
20260610T172453Z-e22c49,2026-06-10T17:24:53.606196+00:00,INTU,double_bottom,invalidated,38.75,5.0,50.2,42.7,37.5,21.9,22.4,37.8,84.0,96.5,0.75,12.56,3.42,5.25,2.85,1.79,2.27,5.04,4.83,False,,282.63,363.175,286.8714,435.11,"{""trend"":{""T1_ema_stack"":{""value"":[false,false,false],""score"":0.0},""T2_ema50_slope"":{""value"":-0.9131369805078849,""score"":0},""T3_high_proximity"":{""value"":0.6153762410729838,""score"":0},""T4_rs_1m"":{""value"":-0.2685064618931171,""score"":0},""T5_rs_3m"":{""value"":-0.4373596128365005,""score"":0},""T6_adr_healthy"":{""value"":4.906131935975107,""score"":100.0},""_score"":5.0},""geometry"":{""sub_low_similarity"":37.4,""sub_bounce_quality"":100,""sub_separation_fit"":0.0,""sub_right_bottom_reaction"":86.9,""sub_base_context"":30.0,""_score"":50.25},""compression"":{""VC1_atr_ratio"":{""value"":0.7271482738447481,""score"":68.21293153881297},""VC2_range_contraction"":{""value"":1.2377176568055461,""score"":0},""VC3_range_pct_rank"":{""score"":61.66666666666667},""_score"":42.7},""sr_quality"":{""SR1_touches"":{""value"":2,""score"":25.0},""SR2_tightness"":{""value"":3.447499999999991,""score"":70.01625452606089},""SR3_recency"":{""value"":267,""score"":0.0},""SR4_price_location"":{""score"":17.912158466253587},""SR5_reaction"":{""value"":3.1206795280254678,""score"":100},""_score"":37.48,""_levels_found"":6,""_target_level"":345.5525},""volume"":{""V1_rvol_day"":{""value"":0.4985292861385453,""score"":0},""V2_rvol_sameslot"":{""value"":0.9864692367233915,""score"":32.4312824482261,""status"":""ok""},""V3_breakout_bar"":{""value"":0.918968474095856,""score"":27.9312316063904},""V4_base_dryup"":{""value"":1.0791185143112891,""score"":42.088148568871084},""V5_bo_expansion"":{""value"":0.4985292861385453,""score"":0},""_score"":21.89},""readiness"":{""_distance_atr"":3.503,""BR1_atr_distance"":{""score"":0},""BR2_compression"":{""score"":19.684293350659228},""BR3_retest"":{""score"":50.0},""BR4_bo_age"":{""score"":50.0},""_score"":22.42},""risk"":{""R1_stop_clarity"":{""score"":62.00522393692497},""R2_stop_distance_pct"":{""value"":-1.5006899479885358,""score"":12.482751300286598},""R3_stop_distance_atr"":{""value"":-0.1844424337246782,""score"":15.777878313766092},""R4_rr_potential"":{""value"":null,""score"":50.0},""_score"":37.81},""market"":{""M1_spy_regime"":{""score"":100.0},""M3_earnings_risk"":{""value"":null,""score"":80.0},""M4_vix"":{""value"":null,""score"":60.0},""_score"":84.0},""liquidity"":{""L1_price"":{""value"":282.63,""score"":100.0},""L2_dollar_vol"":{""value"":973533554.0397123,""score"":100.0},""L3_spread_proxy"":{""value"":0.03459293068676357,""score"":65.40706931323643},""L4_volume_zscore"":{""value"":-0.7776319809619664,""score"":100.0},""_score"":96.54},""pattern_structure"":{""left_low"":300.5,""left_idx"":17,""right_low"":291.24,""right_idx"":65,""separation_bars"":48,""structural_low"":291.24,""current_price"":284.835,""neckline_distance_pct"":0.27503642459669647,""base_bars"":48},""pattern_geometry_features"":{""low_similarity_pct"":0.03129752932030956,""bounce_pct"":0.24699560499931328,""right_bottom_reaction"":0.8685567010309301,""atr_pct"":0.08136359500811256},""_schema_version"":""1.0""}",,,,,,,,,,
20260610T172453Z-e22c49,2026-06-10T17:24:53.606196+00:00,MOD,bull_flag,absent,38.72,59.8,14.2,42.3,54.2,23.2,17.5,81.1,84.0,91.0,8.37,4.27,3.81,5.42,3.26,1.57,2.43,5.04,4.55,False,,258.25,306.7499,249.6384,345.4798,"{""trend"":{""T1_ema_stack"":{""value"":[false,true,true],""score"":66.66666666666666},""T2_ema50_slope"":{""value"":0.44933440448914297,""score"":100},""T3_high_proximity"":{""value"":0.8415067287953338,""score"":20.753364397666896},""T4_rs_1m"":{""value"":-0.08035979506122559,""score"":0},""T5_rs_3m"":{""value"":0.20815108115084158,""score"":100},""T6_adr_healthy"":{""value"":7.802600696781227,""score"":100.0},""_score"":59.78},""geometry"":{""sub_pole_impulse"":10.3,""sub_flag_tightness"":0,""sub_flag_shallowness"":0,""sub_flag_drift"":74.3,""sub_flag_duration"":0.0,""_score"":14.23},""compression"":{""VC1_atr_ratio"":{""value"":0.536100365173393,""score"":100},""VC2_range_contraction"":{""value"":1.08562010025362,""score"":0},""VC3_range_pct_rank"":{""score"":9.166666666666668},""_score"":42.29},""sr_quality"":{""SR1_touches"":{""value"":2,""score"":25.0},""SR2_tightness"":{""value"":0.35354999999998427,""score"":97.3241841916196},""SR3_recency"":{""value"":258,""score"":0.0},""SR4_price_location"":{""score"":94.63026428569283},""SR5_reaction"":{""value"":1.1313448384168807,""score"":56.56724192084403},""_score"":54.24,""_levels_found"":7,""_target_level"":259.6565},""volume"":{""V1_rvol_day"":{""value"":0.43640366075837345,""score"":0},""V2_rvol_sameslot"":{""value"":1.1194752327650053,""score"":41.29834885100035,""status"":""ok""},""V3_breakout_bar"":{""value"":1.1961407587472415,""score"":46.40938391648277},""V4_base_dryup"":{""value"":1.3304993631922555,""score"":16.95006368077445},""V5_bo_expansion"":{""value"":0.4364036607583734,""score"":0},""_score"":23.25},""readiness"":{""_distance_atr"":1.835,""BR1_atr_distance"":{""score"":0},""BR2_compression"":{""score"":0},""BR3_retest"":{""score"":50.0},""BR4_bo_age"":{""score"":50.0},""_score"":17.5},""risk"":{""R1_stop_clarity"":{""score"":71.22788466372683},""R2_stop_distance_pct"":{""value"":3.334598257502424,""score"":100.0},""R3_stop_distance_atr"":{""value"":0.32588114008555585,""score"":41.294057004277796},""R4_rr_potential"":{""value"":10.12933717311533,""score"":100.0},""_score"":81.12},""market"":{""M1_spy_regime"":{""score"":100.0},""M3_earnings_risk"":{""value"":null,""score"":80.0},""M4_vix"":{""value"":null,""score"":60.0},""_score"":84.0},""liquidity"":{""L1_price"":{""value"":258.25,""score"":100.0},""L2_dollar_vol"":{""value"":159655176.53306448,""score"":100.0},""L3_spread_proxy"":{""value"":0.08960309777347526,""score"":10.39690222652473},""L4_volume_zscore"":{""value"":-1.171034052410173,""score"":100.0},""_score"":91.04},""pattern_structure"":{""pole_low"":268.02,""pole_low_idx"":10,""peak_price"":306.7499,""peak_idx"":30,""pole_gain"":0.14450376837549453,""flag_bars"":29,""flag_low"":253.44,""flag_high"":305.097,""structural_low"":253.44,""current_price"":257.8,""neckline_distance_pct"":0.18987548487199385,""base_bars"":29},""pattern_geometry_features"":{""pole_gain"":0.14450376837549453,""pullback_pct"":0.17378946170805606,""flag_range_pct"":0.1684010328935722,""flag_drift_per_bar"":-0.005148209365338406,""atr_pct"":0.102325598119209,""pole_atr_multiple"":1.412195687409011},""_schema_version"":""1.0""}",,,,,,,,,,
20260610T172453Z-e22c49,2026-06-10T17:24:53.606196+00:00,HLNE,double_bottom,absent,38.65,5.0,47.0,46.0,55.4,6.4,17.5,57.0,84.0,80.0,0.75,11.76,3.68,7.75,0.84,1.4,3.42,5.04,4.0,False,,78.105,90.35,77.9135,101.6,"{""trend"":{""T1_ema_stack"":{""value"":[false,false,false],""score"":0.0},""T2_ema50_slope"":{""value"":-0.5093435080974253,""score"":0},""T3_high_proximity"":{""value"":0.7311148553777029,""score"":0},""T4_rs_1m"":{""value"":-0.10519203601003957,""score"":0},""T5_rs_3m"":{""value"":-0.2835966519561104,""score"":0},""T6_adr_healthy"":{""value"":4.309542294294574,""score"":100.0},""_score"":5.0},""geometry"":{""sub_low_similarity"":22.4,""sub_bounce_quality"":100,""sub_separation_fit"":20.0,""sub_right_bottom_reaction"":75.5,""sub_base_context"":30.0,""_score"":47.05},""compression"":{""VC1_atr_ratio"":{""value"":0.402744230185009,""score"":100},""VC2_range_contraction"":{""value"":1.158598408213157,""score"":0},""VC3_range_pct_rank"":{""score"":24.16666666666667},""_score"":46.04},""sr_quality"":{""SR1_touches"":{""value"":3,""score"":50.0},""SR2_tightness"":{""value"":0.7870867522424398,""score"":64.19415000083133},""SR3_recency"":{""value"":234,""score"":0.0},""SR4_price_location"":{""score"":66.60915226369544},""SR5_reaction"":{""value"":1.8799411208484826,""score"":93.99705604242413},""_score"":55.38,""_levels_found"":4,""_target_level"":82.9983},""volume"":{""V1_rvol_day"":{""value"":0.24982544449224534,""score"":0},""V2_rvol_sameslot"":{""value"":0.582356611246398,""score"":5.49044074975987,""status"":""ok""},""V3_breakout_bar"":{""value"":0.4591892324558734,""score"":0},""V4_base_dryup"":{""value"":1.2329974001100659,""score"":26.70025998899341},""V5_bo_expansion"":{""value"":0.24982544449224534,""score"":0},""_score"":6.44},""readiness"":{""_distance_atr"":2.785,""BR1_atr_distance"":{""score"":0},""BR2_compression"":{""score"":0},""BR3_retest"":{""score"":50.0},""BR4_bo_age"":{""score"":50.0},""_score"":17.5},""risk"":{""R1_stop_clarity"":{""score"":46.024195042063724},""R2_stop_distance_pct"":{""value"":0.24518276678830409,""score"":56.12956916970761},""R3_stop_distance_atr"":{""value"":0.04355822439715593,""score"":27.177911219857798},""R4_rr_potential"":{""value"":122.68929503916131,""score"":100.0},""_score"":57.02},""market"":{""M1_spy_regime"":{""score"":100.0},""M3_earnings_risk"":{""value"":null,""score"":80.0},""M4_vix"":{""value"":null,""score"":60.0},""_score"":84.0},""liquidity"":{""L1_price"":{""value"":78.105,""score"":100.0},""L2_dollar_vol"":{""value"":18477518.40294237,""score"":63.33218217462204},""L3_spread_proxy"":{""value"":0.05364573330772675,""score"":46.35426669227325},""L4_volume_zscore"":{""value"":-1.7511271041725873,""score"":100.0},""_score"":79.97},""pattern_structure"":{""left_low"":82.23,""left_idx"":23,""right_low"":79.1,""right_idx"":65,""separation_bars"":42,""structural_low"":79.1,""current_price"":78.36,""neckline_distance_pct"":0.1530117406840224,""base_bars"":42},""pattern_geometry_features"":{""low_similarity_pct"":0.03880245459616947,""bounce_pct"":0.1422250316055626,""right_bottom_reaction"":0.7553841208614605,""atr_pct"":0.05628851271639826},""_schema_version"":""1.0""}",,,,,,,,,,
20260610T172453Z-e22c49,2026-06-10T17:24:53.606196+00:00,GFS,bull_flag,absent,38.57,70.0,15.9,49.4,54.0,2.3,17.5,83.3,84.0,94.3,9.81,4.76,4.44,5.4,0.32,1.57,2.5,5.04,4.72,False,,74.5,88.4,69.4277,100.46,"{""trend"":{""T1_ema_stack"":{""value"":[false,true,true],""score"":66.66666666666666},""T2_ema50_slope"":{""value"":0.8980485292423533,""score"":100},""T3_high_proximity"":{""value"":0.8281458425967098,""score"":14.072921298354856},""T4_rs_1m"":{""value"":0.006329314984907963,""score"":56.32931498490797},""T5_rs_3m"":{""value"":0.6106813078069133,""score"":100},""T6_adr_healthy"":{""value"":5.936542261354104,""score"":100.0},""_score"":70.04},""geometry"":{""sub_pole_impulse"":19.2,""sub_flag_tightness"":0,""sub_flag_shallowness"":0,""sub_flag_drift"":67.4,""sub_flag_duration"":0.0,""_score"":15.87},""compression"":{""VC1_atr_ratio"":{""value"":0.5663631988255786,""score"":100},""VC2_range_contraction"":{""value"":1.0936311188023458,""score"":0},""VC3_range_pct_rank"":{""score"":37.5},""_score"":49.38},""sr_quality"":{""SR1_touches"":{""value"":2,""score"":25.0},""SR2_tightness"":{""value"":0.3200000000000003,""score"":90.38529637109322},""SR3_recency"":{""value"":232,""score"":0.0},""SR4_price_location"":{""score"":81.0193321616872},""SR5_reaction"":{""value"":1.6945915145948196,""score"":84.72957572974099},""_score"":54.02,""_levels_found"":5,""_target_level"":76.66},""volume"":{""V1_rvol_day"":{""value"":0.19655161856352693,""score"":0},""V2_rvol_sameslot"":{""value"":0.4137030627172688,""score"":0,""status"":""ok""},""V3_breakout_bar"":{""value"":0.6371453111573405,""score"":9.143020743822701},""V4_base_dryup"":{""value"":1.775910590105729,""score"":0},""V5_bo_expansion"":{""value"":0.19655161856352696,""score"":0},""_score"":2.29},""readiness"":{""_distance_atr"":2.088,""BR1_atr_distance"":{""score"":0},""BR2_compression"":{""score"":0},""BR3_retest"":{""score"":50.0},""BR4_bo_age"":{""score"":50.0},""_score"":17.5},""risk"":{""R1_stop_clarity"":{""score"":68.23316943983609},""R2_stop_distance_pct"":{""value"":6.808422818791953,""score"":100.0},""R3_stop_distance_atr"":{""value"":0.7620065757705182,""score"":63.100328788525914},""R4_rr_potential"":{""value"":5.118019034851223,""score"":100.0},""_score"":83.35},""market"":{""M1_spy_regime"":{""score"":100.0},""M3_earnings_risk"":{""value"":null,""score"":80.0},""M4_vix"":{""value"":null,""score"":60.0},""_score"":84.0},""liquidity"":{""L1_price"":{""value"":74.5,""score"":100.0},""L2_dollar_vol"":{""value"":93063663.246166,""score"":98.43900717898109},""L3_spread_proxy"":{""value"":0.05046979865771819,""score"":49.53020134228181},""L4_volume_zscore"":{""value"":-1.0643210710176068,""score"":100.0},""_score"":94.33},""pattern_structure"":{""pole_low"":76.34,""pole_low_idx"":15,""peak_price"":88.4,""peak_idx"":31,""pole_gain"":0.15797746921666234,""flag_bars"":28,""flag_low"":70.485,""flag_high"":87.52,""structural_low"":70.485,""current_price"":74.55,""neckline_distance_pct"":0.18578135479543942,""base_bars"":28},""pattern_geometry_features"":{""pole_gain"":0.15797746921666234,""pullback_pct"":0.20265837104072404,""flag_range_pct"":0.19270361990950222,""flag_drift_per_bar"":-0.006512888680376352,""atr_pct"":0.08934860977948228,""pole_atr_multiple"":1.768102151858436},""_schema_version"":""1.0""}",,,,,,,,,,
20260610T172453Z-e22c49,2026-06-10T17:24:53.606196+00:00,ETN,bull_flag,absent,38.56,44.8,19.2,37.9,55.0,31.2,17.5,65.9,84.0,93.4,6.27,5.76,3.41,5.5,4.37,1.57,1.98,5.04,4.67,True,risk_unclear,376.34,421.61,369.4144,449.625,"{""trend"":{""T1_ema_stack"":{""value"":[false,true,true],""score"":66.66666666666666},""T2_ema50_slope"":{""value"":0.060320520847216404,""score"":60.053420141202736},""T3_high_proximity"":{""value"":0.8691254243550957,""score"":34.56271217754781},""T4_rs_1m"":{""value"":-0.08895032293658434,""score"":0},""T5_rs_3m"":{""value"":-0.021285463247219694,""score"":39.35726837639015},""T6_adr_healthy"":{""value"":3.3188041415059404,""score"":100.0},""_score"":44.77},""geometry"":{""sub_pole_impulse"":17.5,""sub_flag_tightness"":0,""sub_flag_shallowness"":0,""sub_flag_drift"":84.6,""sub_flag_duration"":12.5,""_score"":19.19},""compression"":{""VC1_atr_ratio"":{""value"":0.6276733631768896,""score"":93.0816592057776},""VC2_range_contraction"":{""value"":1.081801750951583,""score"":0},""VC3_range_pct_rank"":{""score"":2.500000000000002},""_score"":37.86},""sr_quality"":{""SR1_touches"":{""value"":2,""score"":25.0},""SR2_tightness"":{""value"":1.1875,""score"":84.93991592623141},""SR3_recency"":{""value"":278,""score"":0.0},""SR4_price_location"":{""score"":79.16195464555668},""SR5_reaction"":{""value"":2.4814262737547357,""score"":100},""_score"":55.03,""_levels_found"":7,""_target_level"":379.2575},""volume"":{""V1_rvol_day"":{""value"":0.6541785263635129,""score"":10.278568424234196},""V2_rvol_sameslot"":{""value"":1.5673279777464075,""score"":71.15519851642716,""status"":""ok""},""V3_breakout_bar"":{""value"":1.0621646016410156,""score"":37.47764010940104},""V4_base_dryup"":{""value"":1.2236263703330221,""score"":27.637362966697793},""V5_bo_expansion"":{""value"":0.6541785263635129,""score"":0},""_score"":31.18},""readiness"":{""_distance_atr"":2.871,""BR1_atr_distance"":{""score"":0},""BR2_compression"":{""score"":0},""BR3_retest"":{""score"":50.0},""BR4_bo_age"":{""score"":50.0},""_score"":17.5},""risk"":{""R1_stop_clarity"":{""score"":28.655150344932252},""R2_stop_distance_pct"":{""value"":1.840250837009081,""score"":96.00627092522703},""R3_stop_distance_atr"":{""value"":0.4391583926791219,""score"":46.95791963395609},""R4_rr_potential"":{""value"":10.5817546494167,""score"":100.0},""_score"":65.87},""market"":{""M1_spy_regime"":{""score"":100.0},""M3_earnings_risk"":{""value"":null,""score"":80.0},""M4_vix"":{""value"":null,""score"":60.0},""_score"":84.0},""liquidity"":{""L1_price"":{""value"":376.34,""score"":100.0},""L2_dollar_vol"":{""value"":599940904.3363582,""score"":100.0},""L3_spread_proxy"":{""value"":0.06587128660254016,""score"":34.12871339745985},""L4_volume_zscore"":{""value"":-1.8016403082437733,""score"":100.0},""_score"":93.41},""pattern_structure"":{""pole_low"":393.595,""pole_low_idx"":15,""peak_price"":421.61,""peak_idx"":32,""pole_gain"":0.07117722532044356,""flag_bars"":27,""flag_low"":375.04,""flag_high"":421.55,""structural_low"":375.04,""current_price"":376.46,""neckline_distance_pct"":0.11993306061732996,""base_bars"":27},""pattern_geometry_features"":{""pole_gain"":0.07117722532044356,""pullback_pct"":0.11045753184222383,""flag_range_pct"":0.11031522022722419,""flag_drift_per_bar"":-0.0030763053760184986,""atr_pct"":0.04190403434584227,""pole_atr_multiple"":1.6985769134542956},""_schema_version"":""1.0""}",,,,,,,,,,
20260610T172453Z-e22c49,2026-06-10T17:24:53.606196+00:00,MIR,vcp,invalidated,38.46,5.0,49.8,44.7,49.9,16.5,17.5,30.7,84.0,79.5,0.75,12.44,5.37,5.98,2.14,1.23,1.53,5.04,3.98,False,,15.93,18.7,16.1836,22.25,"{""trend"":{""T1_ema_stack"":{""value"":[false,false,false],""score"":0.0},""T2_ema50_slope"":{""value"":-0.3844223130695703,""score"":0},""T3_high_proximity"":{""value"":0.7812653261402648,""score"":0},""T4_rs_1m"":{""value"":-0.12465678364885324,""score"":0},""T5_rs_3m"":{""value"":-0.34188553073135475,""score"":0},""T6_adr_healthy"":{""value"":4.560156389719048,""score"":100.0},""_score"":5.0},""geometry"":{""sub_contraction_count"":100.0,""sub_reduction_rate"":0,""sub_pivot_tightness"":0,""sub_volume_dryup"":31.8,""sub_base_depth"":100.0,""sub_base_duration"":100.0,""_score"":49.77},""compression"":{""VC1_atr_ratio"":{""value"":0.602779180032503,""score"":99.30520499187425},""VC2_range_contraction"":{""value"":0.9930497669208582,""score"":1.1583721798569628},""VC3_range_pct_rank"":{""score"":18.333333333333336},""_score"":44.71},""sr_quality"":{""SR1_touches"":{""value"":2,""score"":25.0},""SR2_tightness"":{""value"":0.20500000000000007,""score"":54.731861198738144},""SR3_recency"":{""value"":234,""score"":0.0},""SR4_price_location"":{""score"":76.64826498422718},""SR5_reaction"":{""value"":3.406151419558359,""score"":100},""_score"":49.87,""_levels_found"":6,""_target_level"":16.635},""volume"":{""V1_rvol_day"":{""value"":0.30666930330125897,""score"":0},""V2_rvol_sameslot"":{""value"":0.5958752744154123,""score"":6.391684961027488,""status"":""ok""},""V3_breakout_bar"":{""value"":0.8260555646827035,""score"":21.737037645513567},""V4_base_dryup"":{""value"":1.0121557654233155,""score"":48.784423457668446},""V5_bo_expansion"":{""value"":0.30666930330125897,""score"":0},""_score"":16.47},""readiness"":{""_distance_atr"":3.058,""BR1_atr_distance"":{""score"":0},""BR2_compression"":{""score"":0},""BR3_retest"":{""score"":50.0},""BR4_bo_age"":{""score"":50.0},""_score"":17.5},""risk"":{""R1_stop_clarity"":{""score"":45.57886435331242},""R2_stop_distance_pct"":{""value"":-1.591650973006909,""score"":10.208725674827267},""R3_stop_distance_atr"":{""value"":-0.27994479495268215,""score"":11.002760252365896},""R4_rr_potential"":{""value"":null,""score"":50.0},""_score"":30.67},""market"":{""M1_spy_regime"":{""score"":100.0},""M3_earnings_risk"":{""value"":null,""score"":80.0},""M4_vix"":{""value"":null,""score"":60.0},""_score"":84.0},""liquidity"":{""L1_price"":{""value"":15.93,""score"":100.0},""L2_dollar_vol"":{""value"":18674208.41792886,""score"":63.56211007721888},""L3_spread_proxy"":{""value"":0.05900816070307582,""score"":40.991839296924184},""L4_volume_zscore"":{""value"":-1.8242629055076354,""score"":100.0},""_score"":79.52},""pattern_structure"":{""n_contractions"":5,""contractions_pct"":[8.96,13.97,8.3,16.72,12.14],""descending_strict"":false,""final_low"":16.43,""final_pivot"":18.7,""structural_low"":16.43,""dry_up_ratio"":0.8411873203629463,""current_price"":15.93,""neckline_distance_pct"":0.17388575015693658,""base_bars"":48},""pattern_geometry_features"":{""contraction_count"":5.0,""first_contraction_pct"":0.08958958958958954,""last_contraction_pct"":0.12139037433155078,""dry_up_ratio"":0.8411873203629463,""near_monotone"":0.0,""base_depth_pct"":0.1776776776776777},""_schema_version"":""1.0""}",,,,,,,,,,
20260610T172453Z-e22c49,2026-06-10T17:24:53.606196+00:00,GLW,bull_flag,absent,38.27,57.4,19.6,33.9,59.4,12.2,17.5,79.1,84.0,94.0,8.03,5.87,3.05,5.94,1.7,1.57,2.37,5.04,4.7,False,,168.535,201.91,163.51,231.39,"{""trend"":{""T1_ema_stack"":{""value"":[false,true,true],""score"":66.66666666666666},""T2_ema50_slope"":{""value"":0.49416393611892656,""score"":100},""T3_high_proximity"":{""value"":0.8091751488381025,""score"":4.587574419051221},""T4_rs_1m"":{""value"":-0.17448881181086562,""score"":0},""T5_rs_3m"":{""value"":0.20006169666764073,""score"":100},""T6_adr_healthy"":{""value"":6.477204665439721,""score"":100.0},""_score"":57.35},""geometry"":{""sub_pole_impulse"":25.7,""sub_flag_tightness"":0,""sub_flag_shallowness"":0,""sub_flag_drift"":70.6,""sub_flag_duration"":12.5,""_score"":19.55},""compression"":{""VC1_atr_ratio"":{""value"":0.7504975578140638,""score"":62.37561054648405},""VC2_range_contraction"":{""value"":1.1292220606144066,""score"":0},""VC3_range_pct_rank"":{""score"":35.83333333333333},""_score"":33.91},""sr_quality"":{""SR1_touches"":{""value"":4,""score"":75.0},""SR2_tightness"":{""value"":3.619837703544179,""score"":49.08360153256538},""SR3_recency"":{""value"":232,""score"":0.0},""SR4_price_location"":{""score"":57.931910193773426},""SR5_reaction"":{""value"":2.0295384615384626,""score"":100},""_score"":59.35,""_levels_found"":6,""_target_level"":174.515},""volume"":{""V1_rvol_day"":{""value"":0.46362896496317557,""score"":0},""V2_rvol_sameslot"":{""value"":0.9965981691735173,""score"":33.10654461156782,""status"":""ok""},""V3_breakout_bar"":{""value"":0.6769207897857521,""score"":11.79471931905014},""V4_base_dryup"":{""value"":1.3703993890157207,""score"":12.960061098427929},""V5_bo_expansion"":{""value"":0.46362896496317557,""score"":0},""_score"":12.16},""readiness"":{""_distance_atr"":2.347,""BR1_atr_distance"":{""score"":0},""BR2_compression"":{""score"":0},""BR3_retest"":{""score"":50.0},""BR4_bo_age"":{""score"":50.0},""_score"":17.5},""risk"":{""R1_stop_clarity"":{""score"":64.97582417582404},""R2_stop_distance_pct"":{""value"":2.9815765271308665,""score"":100.0},""R3_stop_distance_atr"":{""value"":0.3534065934065939,""score"":42.6703296703297},""R4_rr_potential"":{""value"":12.50845771144277,""score"":100.0},""_score"":79.14},""market"":{""M1_spy_regime"":{""score"":100.0},""M3_earnings_risk"":{""value"":null,""score"":80.0},""M4_vix"":{""value"":null,""score"":60.0},""_score"":84.0},""liquidity"":{""L1_price"":{""value"":168.535,""score"":100.0},""L2_dollar_vol"":{""value"":1015210864.0712725,""score"":100.0},""L3_spread_proxy"":{""value"":0.06009790251283103,""score"":39.90209748716897},""L4_volume_zscore"":{""value"":-2.0993860378010165,""score"":100.0},""_score"":93.99},""pattern_structure"":{""pole_low"":172.43,""pole_low_idx"":15,""peak_price"":201.91,""peak_idx"":32,""pole_gain"":0.17096792901467256,""flag_bars"":27,""flag_low"":166.0,""flag_high"":199.35,""structural_low"":166.0,""current_price"":169.87,""neckline_distance_pct"":0.18861482310001762,""base_bars"":27},""pattern_geometry_features"":{""pole_gain"":0.17096792901467256,""pullback_pct"":0.17785151800307067,""flag_range_pct"":0.16517260165420233,""flag_drift_per_bar"":-0.005881638785329832,""atr_pct"":0.08436674874655113,""pole_atr_multiple"":2.0264847413793654},""_schema_version"":""1.0""}",,,,,,,,,,
20260610T172453Z-e22c49,2026-06-10T17:24:53.606196+00:00,AVAV,bull_flag,absent,37.93,28.7,20.6,60.1,60.0,15.5,22.5,80.7,84.0,93.2,4.02,6.19,5.41,6.0,2.17,2.02,2.42,5.04,4.66,False,,174.99,205.552,166.465,221.984,"{""trend"":{""T1_ema_stack"":{""value"":[false,false,false],""score"":0.0},""T2_ema50_slope"":{""value"":-0.18926791376124613,""score"":18.455347706458973},""T3_high_proximity"":{""value"":0.7864365646487799,""score"":0},""T4_rs_1m"":{""value"":0.06417021825383706,""score"":100},""T5_rs_3m"":{""value"":-0.23665268756980318,""score"":0},""T6_adr_healthy"":{""value"":5.869707168324591,""score"":100.0},""_score"":28.69},""geometry"":{""sub_pole_impulse"":1.8,""sub_flag_tightness"":0,""sub_flag_shallowness"":0,""sub_flag_drift"":75.6,""sub_flag_duration"":87.5,""_score"":20.63},""compression"":{""VC1_atr_ratio"":{""value"":0.6345572590398554,""score"":91.36068524003616},""VC2_range_contraction"":{""value"":1.355523803940491,""score"":0},""VC3_range_pct_rank"":{""score"":94.16666666666667},""_score"":60.09},""sr_quality"":{""SR1_touches"":{""value"":2,""score"":25.0},""SR2_tightness"":{""value"":0.34250000000000114,""score"":95.16479527269243},""SR3_recency"":{""value"":267,""score"":0.0},""SR4_price_location"":{""score"":99.5557350565429},""SR5_reaction"":{""value"":1.7754377650161102,""score"":88.7718882508055},""_score"":59.98,""_levels_found"":5,""_target_level"":175.0725},""volume"":{""V1_rvol_day"":{""value"":0.2929140992478106,""score"":0},""V2_rvol_sameslot"":{""value"":0.683947938403014,""score"":12.263195893534268,""status"":""ok""},""V3_breakout_bar"":{""value"":0.7724035607138385,""score"":18.16023738092257},""V4_base_dryup"":{""value"":1.072927686062156,""score"":42.707231393784404},""V5_bo_expansion"":{""value"":0.2929140992478106,""score"":0},""_score"":15.53},""readiness"":{""_distance_atr"":2.157,""BR1_atr_distance"":{""score"":0},""BR2_compression"":{""score"":19.92452010001215},""BR3_retest"":{""score"":50.0},""BR4_bo_age"":{""score"":50.0},""_score"":22.48},""risk"":{""R1_stop_clarity"":{""score"":64.21242632489152},""R2_stop_distance_pct"":{""value"":4.871706954683128,""score"":100.0},""R3_stop_distance_atr"":{""value"":0.6017535810262334,""score"":55.08767905131167},""R4_rr_potential"":{""value"":5.512492668621694,""score"":100.0},""_score"":80.74},""market"":{""M1_spy_regime"":{""score"":100.0},""M3_earnings_risk"":{""value"":null,""score"":80.0},""M4_vix"":{""value"":null,""score"":60.0},""_score"":84.0},""liquidity"":{""L1_price"":{""value"":174.99,""score"":100.0},""L2_dollar_vol"":{""value"":65248012.36748353,""score"":90.72836432083639},""L3_spread_proxy"":{""value"":0.03143036744956854,""score"":68.56963255043146},""L4_volume_zscore"":{""value"":-1.0830111692191462,""score"":100.0},""_score"":93.15},""pattern_structure"":{""pole_low"":189.12,""pole_low_idx"":33,""peak_price"":205.552,""peak_idx"":38,""pole_gain"":0.08688663282571905,""flag_bars"":21,""flag_low"":169.0,""flag_high"":200.87,""structural_low"":169.0,""current_price"":175.86,""neckline_distance_pct"":0.1688388490844989,""base_bars"":21},""pattern_geometry_features"":{""pole_gain"":0.08688663282571905,""pullback_pct"":0.1778236164085,""flag_range_pct"":0.1550459251187048,""flag_drift_per_bar"":-0.004883977957672924,""atr_pct"":0.08095850375123477,""pole_atr_multiple"":1.073224291455533},""_schema_version"":""1.0""}",,,,,,,,,,
20260610T172453Z-e22c49,2026-06-10T17:24:53.606196+00:00,VRT,bull_flag,absent,37.75,43.9,13.5,45.6,62.8,25.9,17.5,75.2,84.0,93.5,6.14,4.04,4.11,6.28,3.63,1.57,2.25,5.04,4.68,False,,277.8099,335.97,272.1653,363.94,"{""trend"":{""T1_ema_stack"":{""value"":[false,true,true],""score"":66.66666666666666},""T2_ema50_slope"":{""value"":0.23813378277993952,""score"":89.6889637966566},""T3_high_proximity"":{""value"":0.7384044334582569,""score"":0},""T4_rs_1m"":{""value"":-0.23205412559473182,""score"":0},""T5_rs_3m"":{""value"":-0.04344483507025276,""score"":28.277582464873618},""T6_adr_healthy"":{""value"":5.4904310147563455,""score"":100.0},""_score"":43.85},""geometry"":{""sub_pole_impulse"":9.6,""sub_flag_tightness"":0,""sub_flag_shallowness"":0,""sub_flag_drift"":70.7,""sub_flag_duration"":0.0,""_score"":13.48},""compression"":{""VC1_atr_ratio"":{""value"":0.5020236062899394,""score"":100},""VC2_range_contraction"":{""value"":1.1142467224662438,""score"":0},""VC3_range_pct_rank"":{""score"":22.499999999999996},""_score"":45.62},""sr_quality"":{""SR1_touches"":{""value"":3,""score"":50.0},""SR2_tightness"":{""value"":3.0832486474856737,""score"":66.18703335175515},""SR3_recency"":{""value"":278,""score"":0.0},""SR4_price_location"":{""score"":99.77175348675924},""SR5_reaction"":{""value"":1.7297616982043256,""score"":86.48808491021627},""_score"":62.84,""_levels_found"":8,""_target_level"":277.8533},""volume"":{""V1_rvol_day"":{""value"":0.6171686964264231,""score"":7.811246428428209},""V2_rvol_sameslot"":{""value"":1.3647559273085685,""score"":57.65039515390457,""status"":""ok""},""V3_breakout_bar"":{""value"":0.6701971823188676,""score"":11.34647882125784},""V4_base_dryup"":{""value"":0.9994113454769188,""score"":50.05886545230812},""V5_bo_expansion"":{""value"":0.6171686964264231,""score"":0},""_score"":25.94},""readiness"":{""_distance_atr"":3.189,""BR1_atr_distance"":{""score"":0},""BR2_compression"":{""score"":0},""BR3_retest"":{""score"":50.0},""BR4_bo_age"":{""score"":50.0},""_score"":17.5},""risk"":{""R1_stop_clarity"":{""score"":54.546996288174135},""R2_stop_distance_pct"":{""value"":2.0318030422962026,""score"":100.0},""R3_stop_distance_atr"":{""value"":0.3095095509893328,""score"":40.475477549466646},""R4_rr_potential"":{""value"":15.258984330017352,""score"":100.0},""_score"":75.16},""market"":{""M1_spy_regime"":{""score"":100.0},""M3_earnings_risk"":{""value"":null,""score"":80.0},""M4_vix"":{""value"":null,""score"":60.0},""_score"":84.0},""liquidity"":{""L1_price"":{""value"":277.8099,""score"":100.0},""L2_dollar_vol"":{""value"":1017163476.0396454,""score"":100.0},""L3_spread_proxy"":{""value"":0.0649364907442104,""score"":35.0635092557896},""L4_volume_zscore"":{""value"":-1.2035095253646402,""score"":100.0},""_score"":93.51},""pattern_structure"":{""pole_low"":308.0,""pole_low_idx"":10,""peak_price"":335.97,""peak_idx"":31,""pole_gain"":0.0908116883116884,""flag_bars"":28,""flag_low"":276.31,""flag_high"":334.5,""structural_low"":276.31,""current_price"":279.17,""neckline_distance_pct"":0.20346025719095895,""base_bars"":28},""pattern_geometry_features"":{""pole_gain"":0.0908116883116884,""pullback_pct"":0.1775753787540555,""flag_range_pct"":0.17319998809417506,""flag_drift_per_bar"":-0.0058619391726891365,""atr_pct"":0.0656458915662421,""pole_atr_multiple"":1.383356766813837},""_schema_version"":""1.0""}",,,,,,,,,,
20260610T172453Z-e22c49,2026-06-10T17:24:53.606196+00:00,FLEX,bull_flag,absent,37.65,67.2,20.5,28.1,53.6,5.0,17.5,76.0,84.0,92.3,9.41,6.15,2.53,5.36,0.7,1.57,2.28,5.04,4.61,False,,140.05,165.51,136.5703,186.61,"{""trend"":{""T1_ema_stack"":{""value"":[false,true,true],""score"":66.66666666666666},""T2_ema50_slope"":{""value"":1.1390106144410055,""score"":100},""T3_high_proximity"":{""value"":0.8648264789428184,""score"":32.41323947140917},""T4_rs_1m"":{""value"":-0.02174046473793323,""score"":28.25953526206677},""T5_rs_3m"":{""value"":1.1302947589176666,""score"":100},""T6_adr_healthy"":{""value"":5.599867144282689,""score"":100.0},""_score"":67.18},""geometry"":{""sub_pole_impulse"":29.8,""sub_flag_tightness"":0,""sub_flag_shallowness"":0,""sub_flag_drift"":77.0,""sub_flag_duration"":0.0,""_score"":20.49},""compression"":{""VC1_atr_ratio"":{""value"":0.7338442748822416,""score"":66.53893127943961},""VC2_range_contraction"":{""value"":1.2156710255136944,""score"":0},""VC3_range_pct_rank"":{""score"":5.833333333333335},""_score"":28.07},""sr_quality"":{""SR1_touches"":{""value"":6,""score"":100},""SR2_tightness"":{""value"":1.5936619256709772,""score"":65.85985591964487},""SR3_recency"":{""value"":278,""score"":0.0},""SR4_price_location"":{""score"":30.0},""SR5_reaction"":{""value"":0.8297611396743791,""score"":41.488056983718955},""_score"":53.6,""_levels_found"":2,""_target_level"":67.765},""volume"":{""V1_rvol_day"":{""value"":0.31912280689280437,""score"":0},""V2_rvol_sameslot"":{""value"":0.7230436760473257,""score"":14.869578403155046,""status"":""ok""},""V3_breakout_bar"":{""value"":0.6210462494707314,""score"":8.069749964715427},""V4_base_dryup"":{""value"":1.906659856145879,""score"":0},""V5_bo_expansion"":{""value"":0.31912280689280437,""score"":0},""_score"":4.99},""readiness"":{""_distance_atr"":2.727,""BR1_atr_distance"":{""score"":0},""BR2_compression"":{""score"":0},""BR3_retest"":{""score"":50.0},""BR4_bo_age"":{""score"":50.0},""_score"":17.5},""risk"":{""R1_stop_clarity"":{""score"":55.44665809768657},""R2_stop_distance_pct"":{""value"":2.4846483398786114,""score"":100.0},""R3_stop_distance_atr"":{""value"":0.3727238646101111,""score"":43.63619323050556},""R4_rr_potential"":{""value"":13.380271571233575,""score"":100.0},""_score"":75.95},""market"":{""M1_spy_regime"":{""score"":100.0},""M3_earnings_risk"":{""value"":null,""score"":80.0},""M4_vix"":{""value"":null,""score"":60.0},""_score"":84.0},""liquidity"":{""L1_price"":{""value"":140.05,""score"":100.0},""L2_dollar_vol"":{""value"":257674424.31026897,""score"":100.0},""L3_spread_proxy"":{""value"":0.07711531595858609,""score"":22.884684041413905},""L4_volume_zscore"":{""value"":-2.11604170978696,""score"":100.0},""_score"":92.29},""pattern_structure"":{""pole_low"":144.41,""pole_low_idx"":8,""peak_price"":165.51,""peak_idx"":31,""pole_gain"":0.14611176511321927,""flag_bars"":28,""flag_low"":138.65,""flag_high"":165.305,""structural_low"":138.65,""current_price"":140.315,""neckline_distance_pct"":0.1795602750953212,""base_bars"":28},""pattern_geometry_features"":{""pole_gain"":0.14611176511321927,""pullback_pct"":0.16228626669083432,""flag_range_pct"":0.16104767083559907,""flag_drift_per_bar"":-0.004607630329608075,""atr_pct"":0.06666190646197784,""pole_atr_multiple"":2.1918329803027388},""_schema_version"":""1.0""}",,,,,,,,,,
20260610T172453Z-e22c49,2026-06-10T17:24:53.606196+00:00,ASX,bull_flag,absent,37.51,68.3,14.4,15.9,47.2,26.3,17.5,82.0,84.0,94.5,9.56,4.33,1.43,4.72,3.68,1.57,2.46,5.04,4.72,False,,34.48,40.1,32.239,43.28,"{""trend"":{""T1_ema_stack"":{""value"":[false,true,true],""score"":66.66666666666666},""T2_ema50_slope"":{""value"":0.7544596233812313,""score"":100},""T3_high_proximity"":{""value"":0.8492610837438422,""score"":24.630541871921096},""T4_rs_1m"":{""value"":-0.010365942210857959,""score"":39.63405778914204},""T5_rs_3m"":{""value"":0.4953849701994253,""score"":100},""T6_adr_healthy"":{""value"":4.720326055779787,""score"":100.0},""_score"":68.29},""geometry"":{""sub_pole_impulse"":3.6,""sub_flag_tightness"":0,""sub_flag_shallowness"":0,""sub_flag_drift"":80.6,""sub_flag_duration"":12.5,""_score"":14.42},""compression"":{""VC1_atr_ratio"":{""value"":0.8637759422882317,""score"":34.05601442794207},""VC2_range_contraction"":{""value"":1.4628847071642397,""score"":0},""VC3_range_pct_rank"":{""score"":9.166666666666668},""_score"":15.91},""sr_quality"":{""SR1_touches"":{""value"":2,""score"":25.0},""SR2_tightness"":{""value"":0.6050000000000004,""score"":53.4499009367726},""SR3_recency"":{""value"":232,""score"":0.0},""SR4_price_location"":{""score"":72.45778611632267},""SR5_reaction"":{""value"":1.8032777425125521,""score"":90.16388712562761},""_score"":47.16,""_levels_found"":7,""_target_level"":36.315},""volume"":{""V1_rvol_day"":{""value"":0.6934218855723111,""score"":12.894792371487407},""V2_rvol_sameslot"":{""value"":1.8217175540283255,""score"":88.11450360188836,""status"":""ok""},""V3_breakout_bar"":{""value"":0.7434388155563754,""score"":16.229254370425025},""V4_base_dryup"":{""value"":1.3996420309352462,""score"":10.035796906475383},""V5_bo_expansion"":{""value"":0.6934218855723109,""score"":0},""_score"":26.27},""readiness"":{""_distance_atr"":2.162,""BR1_atr_distance"":{""score"":0},""BR2_compression"":{""score"":0},""BR3_retest"":{""score"":50.0},""BR4_bo_age"":{""score"":50.0},""_score"":17.5},""risk"":{""R1_stop_clarity"":{""score"":62.22517167753491},""R2_stop_distance_pct"":{""value"":6.499274941995354,""score"":100.0},""R3_stop_distance_atr"":{""value"":0.8621193759978452,""score"":68.10596879989225},""R4_rr_potential"":{""value"":3.926905999687638,""score"":100.0},""_score"":81.99},""market"":{""M1_spy_regime"":{""score"":100.0},""M3_earnings_risk"":{""value"":null,""score"":80.0},""M4_vix"":{""value"":null,""score"":60.0},""_score"":84.0},""liquidity"":{""L1_price"":{""value"":34.48,""score"":100.0},""L2_dollar_vol"":{""value"":247682498.2842907,""score"":100.0},""L3_spread_proxy"":{""value"":0.05510440835266838,""score"":44.89559164733162},""L4_volume_zscore"":{""value"":-0.8204326963861913,""score"":100.0},""_score"":94.49},""pattern_structure"":{""pole_low"":36.92,""pole_low_idx"":15,""peak_price"":40.1,""peak_idx"":32,""pole_gain"":0.08613217768147345,""flag_bars"":27,""flag_low"":32.73,""flag_high"":38.68,""structural_low"":32.73,""current_price"":34.67,""neckline_distance_pct"":0.15661955581194115,""base_bars"":27},""pattern_geometry_features"":{""pole_gain"":0.08613217768147345,""pullback_pct"":0.18379052369077317,""flag_range_pct"":0.14837905236907736,""flag_drift_per_bar"":-0.0038864254035872116,""atr_pct"":0.07538718097447794,""pole_atr_multiple"":1.1425308198038762},""_schema_version"":""1.0""}",,,,,,,,,,
20260610T172453Z-e22c49,2026-06-10T17:24:53.606196+00:00,WK,bull_flag,absent,37.47,25.1,25.9,50.1,64.1,9.3,31.5,73.3,84.0,78.0,3.51,7.76,4.51,6.41,1.31,2.83,2.2,5.04,3.9,False,,49.485,51.95,46.4033,57.19,"{""trend"":{""T1_ema_stack"":{""value"":[false,false,false],""score"":0.0},""T2_ema50_slope"":{""value"":-0.45182877140110694,""score"":0},""T3_high_proximity"":{""value"":0.8013765182186234,""score"":0.6882591093116952},""T4_rs_1m"":{""value"":0.07889109386692916,""score"":100},""T5_rs_3m"":{""value"":-0.28359336140533964,""score"":0},""T6_adr_healthy"":{""value"":5.0957581485398284,""score"":100.0},""_score"":25.1},""geometry"":{""sub_pole_impulse"":30.0,""sub_flag_tightness"":0,""sub_flag_shallowness"":0,""sub_flag_drift"":95.7,""sub_flag_duration"":25.0,""_score"":25.86},""compression"":{""VC1_atr_ratio"":{""value"":0.5171282595700056,""score"":100},""VC2_range_contraction"":{""value"":0.9560107045058883,""score"":7.331549249018614},""VC3_range_pct_rank"":{""score"":30.000000000000004},""_score"":50.07},""sr_quality"":{""SR1_touches"":{""value"":4,""score"":75.0},""SR2_tightness"":{""value"":0.5502769189235556,""score"":56.416791655867215},""SR3_recency"":{""value"":240,""score"":0.0},""SR4_price_location"":{""score"":72.63064846899088},""SR5_reaction"":{""value"":2.243900714235201,""score"":100},""_score"":64.12,""_levels_found"":2,""_target_level"":51.7888},""volume"":{""V1_rvol_day"":{""value"":0.28472915483349825,""score"":0},""V2_rvol_sameslot"":{""value"":0.47086102256533124,""score"":0,""status"":""ok""},""V3_breakout_bar"":{""value"":0.6233460272168079,""score"":8.223068481120526},""V4_base_dryup"":{""value"":1.1360515371272129,""score"":36.39484628727872},""V5_bo_expansion"":{""value"":0.2847291548334983,""score"":0},""_score"":9.33},""readiness"":{""_distance_atr"":0.976,""BR1_atr_distance"":{""score"":34.92209414704284},""BR2_compression"":{""score"":0},""BR3_retest"":{""score"":50.0},""BR4_bo_age"":{""score"":50.0},""_score"":31.47},""risk"":{""R1_stop_clarity"":{""score"":44.03168092779838},""R2_stop_distance_pct"":{""value"":6.227442659391742,""score"":100.0},""R3_stop_distance_atr"":{""value"":1.2203691393819394,""score"":86.01845696909697},""R4_rr_potential"":{""value"":2.500283938799019,""score"":75.01419693995095},""_score"":73.32},""market"":{""M1_spy_regime"":{""score"":100.0},""M3_earnings_risk"":{""value"":null,""score"":80.0},""M4_vix"":{""value"":null,""score"":60.0},""_score"":84.0},""liquidity"":{""L1_price"":{""value"":49.485,""score"":100.0},""L2_dollar_vol"":{""value"":14350284.670208056,""score"":57.84302581821925},""L3_spread_proxy"":{""value"":0.05102556330201083,""score"":48.97443669798917},""L4_volume_zscore"":{""value"":-1.5956108918608043,""score"":100.0},""_score"":78.03},""pattern_structure"":{""pole_low"":46.71,""pole_low_idx"":9,""peak_price"":51.95,""peak_idx"":33,""pole_gain"":0.11218154570755731,""flag_bars"":26,""flag_low"":47.11,""flag_high"":51.87,""structural_low"":47.11,""current_price"":49.74,""neckline_distance_pct"":0.04443104141535989,""base_bars"":26},""pattern_geometry_features"":{""pole_gain"":0.11218154570755731,""pullback_pct"":0.09316650625601545,""flag_range_pct"":0.09162656400384982,""flag_drift_per_bar"":-0.0008665058303176726,""atr_pct"":0.05102917189913253,""pole_atr_multiple"":2.19838068172657},""_schema_version"":""1.0""}",,,,,,,,,,
20260610T172453Z-e22c49,2026-06-10T17:24:53.606196+00:00,RBRK,bull_flag,absent,37.4,81.0,21.5,16.9,35.9,5.8,17.5,80.7,84.0,92.8,11.34,6.46,1.52,3.59,0.81,1.57,2.42,5.04,4.64,False,,72.935,80.7,66.9209,90.41,"{""trend"":{""T1_ema_stack"":{""value"":[true,true,false],""score"":66.66666666666666},""T2_ema50_slope"":{""value"":0.6828688617378752,""score"":100},""T3_high_proximity"":{""value"":0.857352768308452,""score"":28.676384154225964},""T4_rs_1m"":{""value"":0.1860177740090836,""score"":100},""T5_rs_3m"":{""value"":0.18894948776250442,""score"":100},""T6_adr_healthy"":{""value"":5.8609070605311695,""score"":100.0},""_score"":80.97},""geometry"":{""sub_pole_impulse"":25.1,""sub_flag_tightness"":0,""sub_flag_shallowness"":0,""sub_flag_drift"":85.1,""sub_flag_duration"":12.5,""_score"":21.54},""compression"":{""VC1_atr_ratio"":{""value"":0.8772095304570917,""score"":30.69761738572707},""VC2_range_contraction"":{""value"":1.5334143982577153,""score"":0},""VC3_range_pct_rank"":{""score"":18.333333333333336},""_score"":16.86},""sr_quality"":{""SR1_touches"":{""value"":2,""score"":25.0},""SR2_tightness"":{""value"":0.9599499999999992,""score"":61.44060137432399},""SR3_recency"":{""value"":334,""score"":0.0},""SR4_price_location"":{""score"":41.10792344406513},""SR5_reaction"":{""value"":1.1869582681796667,""score"":59.34791340898333},""_score"":35.9,""_levels_found"":6,""_target_level"":79.7399},""volume"":{""V1_rvol_day"":{""value"":0.37025932188464605,""score"":0},""V2_rvol_sameslot"":{""value"":0.49009721284112,""score"":0,""status"":""ok""},""V3_breakout_bar"":{""value"":0.4251464979425605,""score"":0},""V4_base_dryup"":{""value"":1.2092247728828418,""score"":29.077522711715815},""V5_bo_expansion"":{""value"":0.3702593218846461,""score"":0},""_score"":5.82},""readiness"":{""_distance_atr"":1.56,""BR1_atr_distance"":{""score"":0},""BR2_compression"":{""score"":0},""BR3_retest"":{""score"":50.0},""BR4_bo_age"":{""score"":50.0},""_score"":17.5},""risk"":{""R1_stop_clarity"":{""score"":59.064656347282416},""R2_stop_distance_pct"":{""value"":8.2458353328306,""score"":93.854116679235},""R3_stop_distance_atr"":{""value"":1.2078758230880684,""score"":85.39379115440342},""R4_rr_potential"":{""value"":2.9056716715718083,""score"":95.28358357859041},""_score"":80.69},""market"":{""M1_spy_regime"":{""score"":100.0},""M3_earnings_risk"":{""value"":null,""score"":80.0},""M4_vix"":{""value"":null,""score"":60.0},""_score"":84.0},""liquidity"":{""L1_price"":{""value"":72.935,""score"":100.0},""L2_dollar_vol"":{""value"":118867881.39176138,""score"":100.0},""L3_spread_proxy"":{""value"":0.07156920545691363,""score"":28.430794543086378},""L4_volume_zscore"":{""value"":-1.2940930812964764,""score"":100.0},""_score"":92.84},""pattern_structure"":{""pole_low"":70.99,""pole_low_idx"":8,""peak_price"":80.7,""peak_idx"":32,""pole_gain"":0.13677982814480924,""flag_bars"":27,""flag_low"":67.94,""flag_high"":78.25,""structural_low"":67.94,""current_price"":72.98,""neckline_distance_pct"":0.1057824061386681,""base_bars"":27},""pattern_geometry_features"":{""pole_gain"":0.13677982814480924,""pullback_pct"":0.1581164807930608,""flag_range_pct"":0.1277571251548947,""flag_drift_per_bar"":-0.0029880809334084245,""atr_pct"":0.06826724382767434,""pole_atr_multiple"":2.003593824442069},""_schema_version"":""1.0""}",,,,,,,,,,
20260610T172453Z-e22c49,2026-06-10T17:24:53.606196+00:00,ALKT,bull_flag,absent,37.29,16.0,15.4,45.2,55.0,56.4,17.5,79.0,84.0,79.8,2.24,4.62,4.07,5.5,7.89,1.57,2.37,5.04,3.99,False,,15.5,17.3,14.5484,18.29,"{""trend"":{""T1_ema_stack"":{""value"":[false,false,false],""score"":0.0},""T2_ema50_slope"":{""value"":-0.010363319611226607,""score"":48.27278006479557},""T3_high_proximity"":{""value"":0.8179419525065963,""score"":8.970976253298124},""T4_rs_1m"":{""value"":-0.0870203364359009,""score"":0},""T5_rs_3m"":{""value"":-0.244364662807118,""score"":0},""T6_adr_healthy"":{""value"":5.026282362130016,""score"":100.0},""_score"":16.0},""geometry"":{""sub_pole_impulse"":0.3,""sub_flag_tightness"":0,""sub_flag_shallowness"":0,""sub_flag_drift"":85.4,""sub_flag_duration"":25.0,""_score"":15.4},""compression"":{""VC1_atr_ratio"":{""value"":0.6565699117919195,""score"":85.85752205202013},""VC2_range_contraction"":{""value"":1.2596476116116324,""score"":0},""VC3_range_pct_rank"":{""score"":43.333333333333336},""_score"":45.18},""sr_quality"":{""SR1_touches"":{""value"":4,""score"":75.0},""SR2_tightness"":{""value"":0.06922562748000245,""score"":85.07838668637359},""SR3_recency"":{""value"":239,""score"":0.0},""SR4_price_location"":{""score"":18.91663525160208},""SR5_reaction"":{""value"":2.247113163972288,""score"":100},""_score"":54.99,""_levels_found"":6,""_target_level"":16.1238},""volume"":{""V1_rvol_day"":{""value"":0.7359446211128666,""score"":15.729641407524442},""V2_rvol_sameslot"":{""value"":3.9296695386273144,""score"":100,""status"":""ok""},""V3_breakout_bar"":{""value"":2.3334860134650186,""score"":100},""V4_base_dryup"":{""value"":1.088105130219474,""score"":41.1894869780526},""V5_bo_expansion"":{""value"":0.7359446211128666,""score"":0},""_score"":56.38},""readiness"":{""_distance_atr"":1.94,""BR1_atr_distance"":{""score"":0},""BR2_compression"":{""score"":0},""BR3_retest"":{""score"":50.0},""BR4_bo_age"":{""score"":50.0},""_score"":17.5},""risk"":{""R1_stop_clarity"":{""score"":52.24480369514998},""R2_stop_distance_pct"":{""value"":6.139032258064522,""score"":100.0},""R3_stop_distance_atr"":{""value"":1.0255350269438042,""score"":76.27675134719021},""R4_rr_potential"":{""value"":2.9320582207976456,""score"":96.60291103988227},""_score"":79.05},""market"":{""M1_spy_regime"":{""score"":100.0},""M3_earnings_risk"":{""value"":null,""score"":80.0},""M4_vix"":{""value"":null,""score"":60.0},""_score"":84.0},""liquidity"":{""L1_price"":{""value"":15.5,""score"":100.0},""L2_dollar_vol"":{""value"":17842615.5816855,""score"":62.572925936505456},""L3_spread_proxy"":{""value"":0.05225806451612906,""score"":47.74193548387094},""L4_volume_zscore"":{""value"":-0.7028753284988556,""score"":100.0},""_score"":79.8},""pattern_structure"":{""pole_low"":16.31,""pole_low_idx"":32,""peak_price"":17.3,""peak_idx"":33,""pole_gain"":0.060698957694665975,""flag_bars"":26,""flag_low"":14.77,""flag_high"":16.96,""structural_low"":14.77,""current_price"":15.54,""neckline_distance_pct"":0.11325611325611336,""base_bars"":26},""pattern_geometry_features"":{""pole_gain"":0.060698957694665975,""pullback_pct"":0.14624277456647405,""flag_range_pct"":0.12658959537572262,""flag_drift_per_bar"":-0.002924053922053921,""atr_pct"":0.059861751152073726,""pole_atr_multiple"":1.013985667416668},""_schema_version"":""1.0""}",,,,,,,,,,
20260610T172453Z-e22c49,2026-06-10T17:24:53.606196+00:00,EXLS,ascending_triangle,absent,37.19,23.6,27.5,56.7,49.7,7.2,24.4,63.0,84.0,81.8,3.53,7.71,4.54,6.96,0.86,1.95,2.52,5.04,4.09,True,risk_unclear,29.245,30.49,28.6143,31.93,"{""trend"":{""T1_ema_stack"":{""value"":[false,false,false],""score"":0.0},""T2_ema50_slope"":{""value"":-0.19673394691703822,""score"":17.2110088471603},""T3_high_proximity"":{""value"":0.9173462986198244,""score"":58.67314930991219},""T4_rs_1m"":{""value"":-0.0184382360026788,""score"":31.5617639973212},""T5_rs_3m"":{""value"":-0.12207435825690882,""score"":0},""T6_adr_healthy"":{""value"":3.623120371972151,""score"":100.0},""_score"":23.56},""geometry"":{""sub_flat_top_quality"":33.3,""sub_hl_slope"":8.5,""sub_compression"":0,""sub_duration"":100.0,""_score"":27.54},""compression"":{""VC1_atr_ratio"":{""value"":0.4147910803563988,""score"":100},""VC2_range_contraction"":{""value"":0.8852672994521716,""score"":19.122116757971394},""VC3_range_pct_rank"":{""score"":40.0},""_score"":56.69},""sr_quality"":{""SR1_touches"":{""value"":2,""score"":25.0},""SR2_tightness"":{""value"":0.20000000000000107,""score"":60.091524387605986},""SR3_recency"":{""value"":258,""score"":0.0},""SR4_price_location"":{""score"":72.6765799256505},""SR5_reaction"":{""value"":2.6763621457561597,""score"":100},""_score"":49.68,""_levels_found"":9,""_target_level"":29.49},""volume"":{""V1_rvol_day"":{""value"":0.2447731516410773,""score"":0},""V2_rvol_sameslot"":{""value"":0.5509609545844539,""score"":3.397396972296929,""status"":""ok""},""V3_breakout_bar"":{""value"":0.5061401772571164,""score"":0.4093451504744235},""V4_base_dryup"":{""value"":1.1813350687634578,""score"":31.86649312365421},""V5_bo_expansion"":{""value"":0.24477315164107732,""score"":0},""_score"":7.16},""readiness"":{""_distance_atr"":1.242,""BR1_atr_distance"":{""score"":17.18991310428305},""BR2_compression"":{""score"":0},""BR3_retest"":{""score"":50.0},""BR4_bo_age"":{""score"":50.0},""_score"":24.38},""risk"":{""R1_stop_clarity"":{""score"":13.049408759497268},""R2_stop_distance_pct"":{""value"":2.1567789365703507,""score"":100.0},""R3_stop_distance_atr"":{""value"":0.6293067748129336,""score"":56.46533874064667},""R4_rr_potential"":{""value"":4.256837098692032,""score"":100.0},""_score"":63.04},""market"":{""M1_spy_regime"":{""score"":100.0},""M3_earnings_risk"":{""value"":null,""score"":80.0},""M4_vix"":{""value"":null,""score"":60.0},""_score"":84.0},""liquidity"":{""L1_price"":{""value"":29.245,""score"":100.0},""L2_dollar_vol"":{""value"":17774231.096882254,""score"":62.48954112380645},""L3_spread_proxy"":{""value"":0.03231321593434776,""score"":67.68678406565223},""L4_volume_zscore"":{""value"":-2.21570228852186,""score"":100.0},""_score"":81.76},""pattern_structure"":{""top"":30.49,""top_touches"":2,""low_slope_per_bar"":0.007440191387559914,""lowest_low"":29.05,""structural_low"":29.05,""current_price"":29.305,""neckline_distance_pct"":0.040436785531479225,""base_bars"":29},""pattern_geometry_features"":{""top_touches"":2.0,""low_slope"":0.007440191387559914,""compression"":-0.1472030711375727,""atr_pct"":0.03427229807293065},""_schema_version"":""1.0""}",,,,,,,,,,
20260610T172453Z-e22c49,2026-06-10T17:24:53.606196+00:00,VSEC,bull_flag,absent,36.73,14.4,25.0,52.1,60.6,20.5,24.3,75.3,84.0,82.3,2.01,7.49,4.69,6.06,2.87,2.18,2.26,5.04,4.11,False,,173.21,184.725,165.4307,196.0399,"{""trend"":{""T1_ema_stack"":{""value"":[false,false,true],""score"":33.33333333333333},""T2_ema50_slope"":{""value"":-0.26818588891833905,""score"":5.302351846943488},""T3_high_proximity"":{""value"":0.7647240618101545,""score"":0},""T4_rs_1m"":{""value"":-0.08127381636787767,""score"":0},""T5_rs_3m"":{""value"":-0.27453891216075177,""score"":0},""T6_adr_healthy"":{""value"":5.184630550130929,""score"":100.0},""_score"":14.39},""geometry"":{""sub_pole_impulse"":5.6,""sub_flag_tightness"":0,""sub_flag_shallowness"":0,""sub_flag_drift"":88.6,""sub_flag_duration"":100.0,""_score"":24.97},""compression"":{""VC1_atr_ratio"":{""value"":0.4940059881790509,""score"":100},""VC2_range_contraction"":{""value"":0.8460007451396925,""score"":25.666542476717925},""VC3_range_pct_rank"":{""score"":12.5},""_score"":52.11},""sr_quality"":{""SR1_touches"":{""value"":4,""score"":75.0},""SR2_tightness"":{""value"":1.696647429491471,""score"":63.26322177431898},""SR3_recency"":{""value"":228,""score"":0.0},""SR4_price_location"":{""score"":55.36666968080297},""SR5_reaction"":{""value"":1.9721846953960183,""score"":98.6092347698009},""_score"":60.62,""_levels_found"":5,""_target_level"":185.55},""volume"":{""V1_rvol_day"":{""value"":0.3935411530786654,""score"":0},""V2_rvol_sameslot"":{""value"":0.8233495062429916,""score"":21.556633749532775,""status"":""ok""},""V3_breakout_bar"":{""value"":0.5667290950076239,""score"":4.448606333841595},""V4_base_dryup"":{""value"":0.7452670402195362,""score"":75.47329597804638},""V5_bo_expansion"":{""value"":0.39354115307866544,""score"":0},""_score"":20.52},""readiness"":{""_distance_atr"":1.247,""BR1_atr_distance"":{""score"":16.890216569526643},""BR2_compression"":{""score"":0},""BR3_retest"":{""score"":50.0},""BR4_bo_age"":{""score"":50.0},""_score"":24.26},""risk"":{""R1_stop_clarity"":{""score"":45.45176155261304},""R2_stop_distance_pct"":{""value"":4.491224525142901,""score"":100.0},""R3_stop_distance_atr"":{""value"":0.8422037986341888,""score"":67.11018993170944},""R4_rr_potential"":{""value"":2.9347173570716873,""score"":96.73586785358437},""_score"":75.32},""market"":{""M1_spy_regime"":{""score"":100.0},""M3_earnings_risk"":{""value"":null,""score"":80.0},""M4_vix"":{""value"":null,""score"":60.0},""_score"":84.0},""liquidity"":{""L1_price"":{""value"":173.21,""score"":100.0},""L2_dollar_vol"":{""value"":27945611.28801713,""score"":72.31568069510756},""L3_spread_proxy"":{""value"":0.06633566191328434,""score"":33.66433808671566},""L4_volume_zscore"":{""value"":-1.7854631300694945,""score"":100.0},""_score"":82.29},""pattern_structure"":{""pole_low"":173.4101,""pole_low_idx"":16,""peak_price"":184.725,""peak_idx"":39,""pole_gain"":0.0652493712880622,""flag_bars"":20,""flag_low"":167.95,""flag_high"":184.54,""structural_low"":167.95,""current_price"":174.38,""neckline_distance_pct"":0.05932446381465764,""base_bars"":20},""pattern_geometry_features"":{""pole_gain"":0.0652493712880622,""pullback_pct"":0.09081066450128573,""flag_range_pct"":0.08980917580186766,""flag_drift_per_bar"":-0.0022700187215372084,""atr_pct"":0.05332705139096225,""pole_atr_multiple"":1.2235698315605823},""_schema_version"":""1.0""}",,,,,,,,,,
20260610T172453Z-e22c49,2026-06-10T17:24:53.606196+00:00,HLNE,vcp,invalidated,36.53,5.0,45.0,46.0,55.4,6.4,17.5,25.4,84.0,80.0,0.75,11.25,5.52,6.65,0.83,1.23,1.27,5.04,4.0,False,,78.105,93.52,80.9965,115.505,"{""trend"":{""T1_ema_stack"":{""value"":[false,false,false],""score"":0.0},""T2_ema50_slope"":{""value"":-0.5093435080974253,""score"":0},""T3_high_proximity"":{""value"":0.7311148553777029,""score"":0},""T4_rs_1m"":{""value"":-0.10519203601003957,""score"":0},""T5_rs_3m"":{""value"":-0.2835966519561104,""score"":0},""T6_adr_healthy"":{""value"":4.309542294294574,""score"":100.0},""_score"":5.0},""geometry"":{""sub_contraction_count"":100.0,""sub_reduction_rate"":0,""sub_pivot_tightness"":0,""sub_volume_dryup"":0,""sub_base_depth"":100.0,""sub_base_duration"":100.0,""_score"":45.0},""compression"":{""VC1_atr_ratio"":{""value"":0.402744230185009,""score"":100},""VC2_range_contraction"":{""value"":1.158598408213157,""score"":0},""VC3_range_pct_rank"":{""score"":24.16666666666667},""_score"":46.04},""sr_quality"":{""SR1_touches"":{""value"":3,""score"":50.0},""SR2_tightness"":{""value"":0.7870867522424398,""score"":64.19415000083133},""SR3_recency"":{""value"":234,""score"":0.0},""SR4_price_location"":{""score"":66.60915226369544},""SR5_reaction"":{""value"":1.8799411208484826,""score"":93.99705604242413},""_score"":55.38,""_levels_found"":4,""_target_level"":82.9983},""volume"":{""V1_rvol_day"":{""value"":0.24982544449224534,""score"":0},""V2_rvol_sameslot"":{""value"":0.582356611246398,""score"":5.49044074975987,""status"":""ok""},""V3_breakout_bar"":{""value"":0.4591892324558734,""score"":0},""V4_base_dryup"":{""value"":1.2364754989660816,""score"":26.352450103391845},""V5_bo_expansion"":{""value"":0.24982544449224534,""score"":0},""_score"":6.37},""readiness"":{""_distance_atr"":3.506,""BR1_atr_distance"":{""score"":0},""BR2_compression"":{""score"":0},""BR3_retest"":{""score"":50.0},""BR4_bo_age"":{""score"":50.0},""_score"":17.5},""risk"":{""R1_stop_clarity"":{""score"":43.88836356901219},""R2_stop_distance_pct"":{""value"":-3.7021317457269,""score"":0.0},""R3_stop_distance_atr"":{""value"":-0.6577064425879521,""score"":0.0},""R4_rr_potential"":{""value"":null,""score"":50.0},""_score"":25.36},""market"":{""M1_spy_regime"":{""score"":100.0},""M3_earnings_risk"":{""value"":null,""score"":80.0},""M4_vix"":{""value"":null,""score"":60.0},""_score"":84.0},""liquidity"":{""L1_price"":{""value"":78.105,""score"":100.0},""L2_dollar_vol"":{""value"":18477518.40294237,""score"":63.33218217462204},""L3_spread_proxy"":{""value"":0.05364573330772675,""score"":46.35426669227325},""L4_volume_zscore"":{""value"":-1.7511271041725873,""score"":100.0},""_score"":79.97},""pattern_structure"":{""n_contractions"":5,""contractions_pct"":[10.53,11.24,10.56,22.1,12.07],""descending_strict"":false,""final_low"":82.23,""final_pivot"":93.52,""structural_low"":82.23,""dry_up_ratio"":1.233103520094334,""current_price"":78.105,""neckline_distance_pct"":0.1973625248063503,""base_bars"":49},""pattern_geometry_features"":{""contraction_count"":5.0,""first_contraction_pct"":0.10531113563306634,""last_contraction_pct"":0.1207228400342172,""dry_up_ratio"":1.233103520094334,""near_monotone"":0.0,""base_depth_pct"":0.2109581154344384},""_schema_version"":""1.0""}",,,,,,,,,,
20260610T172453Z-e22c49,2026-06-10T17:24:53.606196+00:00,LUNR,bull_flag,absent,36.22,51.7,10.2,57.0,49.9,8.7,25.4,85.3,84.0,93.7,7.23,3.07,5.13,4.99,1.22,2.28,2.56,5.04,4.69,False,,26.48,34.7299,25.285,37.6998,"{""trend"":{""T1_ema_stack"":{""value"":[false,true,true],""score"":66.66666666666666},""T2_ema50_slope"":{""value"":1.3194242151570426,""score"":100},""T3_high_proximity"":{""value"":0.5794310722100656,""score"":0},""T4_rs_1m"":{""value"":-0.17035671487767956,""score"":0},""T5_rs_3m"":{""value"":0.35618609875865603,""score"":100},""T6_adr_healthy"":{""value"":13.321893440620258,""score"":0.0},""_score"":51.67},""geometry"":{""sub_pole_impulse"":0.0,""sub_flag_tightness"":0,""sub_flag_shallowness"":0,""sub_flag_drift"":43.3,""sub_flag_duration"":37.5,""_score"":10.24},""compression"":{""VC1_atr_ratio"":{""value"":0.6970665081938648,""score"":75.73337295153378},""VC2_range_contraction"":{""value"":0.9308070738237622,""score"":11.532154362706308},""VC3_range_pct_rank"":{""score"":90.83333333333333},""_score"":57.04},""sr_quality"":{""SR1_touches"":{""value"":2,""score"":25.0},""SR2_tightness"":{""value"":0.11499999999999844,""score"":95.58558212736561},""SR3_recency"":{""value"":240,""score"":0.0},""SR4_price_location"":{""score"":52.28617818048501},""SR5_reaction"":{""value"":2.2072089363172243,""score"":100},""_score"":49.91,""_levels_found"":3,""_target_level"":31.035},""volume"":{""V1_rvol_day"":{""value"":0.26532336512081034,""score"":0},""V2_rvol_sameslot"":{""value"":0.4773516072529885,""score"":0,""status"":""ok""},""V3_breakout_bar"":{""value"":0.44316417378860645,""score"":0},""V4_base_dryup"":{""value"":1.0654561214596352,""score"":43.45438785403648},""V5_bo_expansion"":{""value"":0.26532336512081045,""score"":0},""_score"":8.69},""readiness"":{""_distance_atr"":1.583,""BR1_atr_distance"":{""score"":0},""BR2_compression"":{""score"":31.523317493276508},""BR3_retest"":{""score"":50.0},""BR4_bo_age"":{""score"":50.0},""_score"":25.38},""risk"":{""R1_stop_clarity"":{""score"":85.21937737514875},""R2_stop_distance_pct"":{""value"":4.513028700906338,""score"":100.0},""R3_stop_distance_atr"":{""value"":0.22936739472573,""score"":36.4683697362865},""R4_rr_potential"":{""value"":9.388561148069128,""score"":100.0},""_score"":85.3},""market"":{""M1_spy_regime"":{""score"":100.0},""M3_earnings_risk"":{""value"":null,""score"":80.0},""M4_vix"":{""value"":null,""score"":60.0},""_score"":84.0},""liquidity"":{""L1_price"":{""value"":26.48,""score"":100.0},""L2_dollar_vol"":{""value"":119615287.22447696,""score"":100.0},""L3_spread_proxy"":{""value"":0.06261329305135956,""score"":37.386706948640445},""L4_volume_zscore"":{""value"":-1.2535995926481833,""score"":100.0},""_score"":93.74},""pattern_structure"":{""pole_low"":31.76,""pole_low_idx"":33,""peak_price"":34.7299,""peak_idx"":34,""pole_gain"":0.09351070528967251,""flag_bars"":25,""flag_low"":25.67,""flag_high"":34.63,""structural_low"":25.67,""current_price"":26.52,""neckline_distance_pct"":0.30957390648567124,""base_bars"":25},""pattern_geometry_features"":{""pole_gain"":0.09351070528967251,""pullback_pct"":0.2608674369923322,""flag_range_pct"":0.2579909530404637,""flag_drift_per_bar"":-0.011337133078083322,""atr_pct"":0.1967598187311178,""pole_atr_multiple"":0.47525305671001655},""_schema_version"":""1.0""}",,,,,,,,,,
20260610T172453Z-e22c49,2026-06-10T17:24:53.606196+00:00,FTAI,bull_flag,absent,36.19,21.0,19.2,57.3,46.2,29.2,19.7,70.7,84.0,93.6,2.94,5.77,5.16,4.62,4.09,1.77,2.12,5.04,4.68,False,,221.39,253.8799,218.079,269.7598,"{""trend"":{""T1_ema_stack"":{""value"":[false,false,true],""score"":33.33333333333333},""T2_ema50_slope"":{""value"":-0.06958788692472066,""score"":38.40201884587989},""T3_high_proximity"":{""value"":0.7752836531727132,""score"":0},""T4_rs_1m"":{""value"":-0.19747319039884137,""score"":0},""T5_rs_3m"":{""value"":-0.22724940148069106,""score"":0},""T6_adr_healthy"":{""value"":5.839647041946403,""score"":100.0},""_score"":21.01},""geometry"":{""sub_pole_impulse"":0.4,""sub_flag_tightness"":0,""sub_flag_shallowness"":0,""sub_flag_drift"":77.4,""sub_flag_duration"":75.0,""_score"":19.23},""compression"":{""VC1_atr_ratio"":{""value"":0.38292096755517324,""score"":100},""VC2_range_contraction"":{""value"":0.9392417868457091,""score"":10.126368859048478},""VC3_range_pct_rank"":{""score"":55.00000000000001},""_score"":57.29},""sr_quality"":{""SR1_touches"":{""value"":2,""score"":25.0},""SR2_tightness"":{""value"":0.41160000000000707,""score"":94.33305125124947},""SR3_recency"":{""value"":275,""score"":0.0},""SR4_price_location"":{""score"":38.23151482462687},""SR5_reaction"":{""value"":2.0902277489112144,""score"":100},""_score"":46.21,""_levels_found"":5,""_target_level"":226.5816},""volume"":{""V1_rvol_day"":{""value"":0.3930339142643984,""score"":0},""V2_rvol_sameslot"":{""value"":1.0327043332687547,""score"":35.51362221791698,""status"":""ok""},""V3_breakout_bar"":{""value"":0.7982149342286129,""score"":19.88099561524086},""V4_base_dryup"":{""value"":0.6448257966252351,""score"":85.5174203374765},""V5_bo_expansion"":{""value"":0.3930339142643984,""score"":0},""_score"":29.18},""readiness"":{""_distance_atr"":2.237,""BR1_atr_distance"":{""score"":0},""BR2_compression"":{""score"":8.865863040483795},""BR3_retest"":{""score"":50.0},""BR4_bo_age"":{""score"":50.0},""_score"":19.72},""risk"":{""R1_stop_clarity"":{""score"":54.276149672983124},""R2_stop_distance_pct"":{""value"":1.4955508378878806,""score"":87.38877094719702},""R3_stop_distance_atr"":{""value"":0.2279308467822222,""score"":36.396542339111114},""R4_rr_potential"":{""value"":14.608819087888948,""score"":100.0},""_score"":70.67},""market"":{""M1_spy_regime"":{""score"":100.0},""M3_earnings_risk"":{""value"":null,""score"":80.0},""M4_vix"":{""value"":null,""score"":60.0},""_score"":84.0},""liquidity"":{""L1_price"":{""value"":221.39,""score"":100.0},""L2_dollar_vol"":{""value"":84740698.14562897,""score"":96.40460188314543},""L3_spread_proxy"":{""value"":0.04950539771444062,""score"":50.49460228555938},""L4_volume_zscore"":{""value"":-1.7652638602602184,""score"":100.0},""_score"":93.61},""pattern_structure"":{""pole_low"":238.0,""pole_low_idx"":27,""peak_price"":253.8799,""peak_idx"":37,""pole_gain"":0.066722268907563,""flag_bars"":22,""flag_low"":221.4,""flag_high"":251.93,""structural_low"":221.4,""current_price"":223.21,""neckline_distance_pct"":0.13740379015277085,""base_bars"":22},""pattern_geometry_features"":{""pole_gain"":0.066722268907563,""pullback_pct"":0.1279341137285779,""flag_range_pct"":0.12025371051430224,""flag_drift_per_bar"":-0.004522799881235974,""atr_pct"":0.06561423602821136,""pole_atr_multiple"":1.0168870804024182},""_schema_version"":""1.0""}",,,,,,,,,,
20260610T172453Z-e22c49,2026-06-10T17:24:53.606196+00:00,BTU,bull_flag,absent,35.93,37.1,27.4,34.2,44.3,7.8,28.2,76.6,84.0,80.8,5.19,8.23,3.08,4.43,1.09,2.54,2.3,5.04,4.04,False,,26.69,31.6,26.0729,35.99,"{""trend"":{""T1_ema_stack"":{""value"":[false,false,true],""score"":33.33333333333333},""T2_ema50_slope"":{""value"":-0.18817959652733635,""score"":18.63673391211061},""T3_high_proximity"":{""value"":0.6756962025316456,""score"":0},""T4_rs_1m"":{""value"":0.09474434646079777,""score"":100},""T5_rs_3m"":{""value"":-0.3058692825135808,""score"":0},""T6_adr_healthy"":{""value"":5.220829830356257,""score"":100.0},""_score"":37.06},""geometry"":{""sub_pole_impulse"":31.5,""sub_flag_tightness"":0,""sub_flag_shallowness"":0,""sub_flag_drift"":69.8,""sub_flag_duration"":75.0,""_score"":27.42},""compression"":{""VC1_atr_ratio"":{""value"":0.8266710917438215,""score"":43.33222706404463},""VC2_range_contraction"":{""value"":1.4954503380680402,""score"":0},""VC3_range_pct_rank"":{""score"":67.5},""_score"":34.21},""sr_quality"":{""SR1_touches"":{""value"":2,""score"":25.0},""SR2_tightness"":{""value"":0.13500000000000156,""score"":85.82342285579254},""SR3_recency"":{""value"":254,""score"":0.0},""SR4_price_location"":{""score"":54.423076923077},""SR5_reaction"":{""value"":1.3782783334645985,""score"":68.91391667322992},""_score"":44.32,""_levels_found"":7,""_target_level"":27.875},""volume"":{""V1_rvol_day"":{""value"":0.1708313384743154,""score"":0},""V2_rvol_sameslot"":{""value"":0.41976357648096946,""score"":0,""status"":""ok""},""V3_breakout_bar"":{""value"":0.5323728538842539,""score"":2.1581902589502615},""V4_base_dryup"":{""value"":1.1393077135280552,""score"":36.069228647194485},""V5_bo_expansion"":{""value"":0.1708313384743154,""score"":0},""_score"":7.75},""readiness"":{""_distance_atr"":2.578,""BR1_atr_distance"":{""score"":0},""BR2_compression"":{""score"":42.71573630487678},""BR3_retest"":{""score"":50.0},""BR4_bo_age"":{""score"":50.0},""_score"":28.18},""risk"":{""R1_stop_clarity"":{""score"":58.30511144364807},""R2_stop_distance_pct"":{""value"":2.3119145747471057,""score"":100.0},""R3_stop_distance_atr"":{""value"":0.323987293586413,""score"":41.19936467932065},""R4_rr_potential"":{""value"":15.071712178915748,""score"":100.0},""_score"":76.59},""market"":{""M1_spy_regime"":{""score"":100.0},""M3_earnings_risk"":{""value"":null,""score"":80.0},""M4_vix"":{""value"":null,""score"":60.0},""_score"":84.0},""liquidity"":{""L1_price"":{""value"":26.69,""score"":100.0},""L2_dollar_vol"":{""value"":17476219.13035292,""score"":62.12237407959012},""L3_spread_proxy"":{""value"":0.04008992131884602,""score"":59.91007868115398},""L4_volume_zscore"":{""value"":-1.2545312335317536,""score"":100.0},""_score"":80.84},""pattern_structure"":{""pole_low"":27.21,""pole_low_idx"":14,""peak_price"":31.6,""peak_idx"":37,""pole_gain"":0.16133774347666302,""flag_bars"":22,""flag_low"":26.47,""flag_high"":31.5,""structural_low"":26.47,""current_price"":26.95,""neckline_distance_pct"":0.1725417439703155,""base_bars"":22},""pattern_geometry_features"":{""pole_gain"":0.16133774347666302,""pullback_pct"":0.1623417721518988,""flag_range_pct"":0.15917721518987343,""flag_drift_per_bar"":-0.006036965373901729,""atr_pct"":0.07135818658673657,""pole_atr_multiple"":2.2609563274222984},""_schema_version"":""1.0""}",,,,,,,,,,
20260610T172453Z-e22c49,2026-06-10T17:24:53.606196+00:00,EXLS,bull_flag,absent,35.85,23.6,26.6,56.7,49.7,8.9,24.4,64.3,84.0,81.8,3.3,7.98,5.1,4.97,1.25,2.19,1.93,5.04,4.09,True,risk_unclear,29.245,30.49,28.4665,32.64,"{""trend"":{""T1_ema_stack"":{""value"":[false,false,false],""score"":0.0},""T2_ema50_slope"":{""value"":-0.19673394691703822,""score"":17.2110088471603},""T3_high_proximity"":{""value"":0.9173462986198244,""score"":58.67314930991219},""T4_rs_1m"":{""value"":-0.0184382360026788,""score"":31.5617639973212},""T5_rs_3m"":{""value"":-0.12207435825690882,""score"":0},""T6_adr_healthy"":{""value"":3.623120371972151,""score"":100.0},""_score"":23.56},""geometry"":{""sub_pole_impulse"":30.3,""sub_flag_tightness"":0,""sub_flag_shallowness"":0,""sub_flag_drift"":100,""sub_flag_duration"":25.0,""_score"":26.59},""compression"":{""VC1_atr_ratio"":{""value"":0.4147910803563988,""score"":100},""VC2_range_contraction"":{""value"":0.8852672994521716,""score"":19.122116757971394},""VC3_range_pct_rank"":{""score"":40.0},""_score"":56.69},""sr_quality"":{""SR1_touches"":{""value"":2,""score"":25.0},""SR2_tightness"":{""value"":0.20000000000000107,""score"":60.091524387605986},""SR3_recency"":{""value"":258,""score"":0.0},""SR4_price_location"":{""score"":72.6765799256505},""SR5_reaction"":{""value"":2.6763621457561597,""score"":100},""_score"":49.68,""_levels_found"":9,""_target_level"":29.49},""volume"":{""V1_rvol_day"":{""value"":0.2447731516410773,""score"":0},""V2_rvol_sameslot"":{""value"":0.5509609545844539,""score"":3.397396972296929,""status"":""ok""},""V3_breakout_bar"":{""value"":0.5061401772571164,""score"":0.4093451504744235},""V4_base_dryup"":{""value"":1.0919993355277733,""score"":40.80006644722267},""V5_bo_expansion"":{""value"":0.24477315164107732,""score"":0},""_score"":8.94},""readiness"":{""_distance_atr"":1.242,""BR1_atr_distance"":{""score"":17.18991310428305},""BR2_compression"":{""score"":0},""BR3_retest"":{""score"":50.0},""BR4_bo_age"":{""score"":50.0},""_score"":24.38},""risk"":{""R1_stop_clarity"":{""score"":13.49837911013671},""R2_stop_distance_pct"":{""value"":2.6619935031629374,""score"":100.0},""R3_stop_distance_atr"":{""value"":0.7767187066062153,""score"":63.83593533031077},""R4_rr_potential"":{""value"":4.3609505459216376,""score"":100.0},""_score"":64.3},""market"":{""M1_spy_regime"":{""score"":100.0},""M3_earnings_risk"":{""value"":null,""score"":80.0},""M4_vix"":{""value"":null,""score"":60.0},""_score"":84.0},""liquidity"":{""L1_price"":{""value"":29.245,""score"":100.0},""L2_dollar_vol"":{""value"":17774231.096882254,""score"":62.48954112380645},""L3_spread_proxy"":{""value"":0.03231321593434776,""score"":67.68678406565223},""L4_volume_zscore"":{""value"":-2.21570228852186,""score"":100.0},""_score"":81.76},""pattern_structure"":{""pole_low"":28.34,""pole_low_idx"":9,""peak_price"":30.49,""peak_idx"":33,""pole_gain"":0.075864502470007,""flag_bars"":26,""flag_low"":28.9,""flag_high"":30.38,""structural_low"":28.9,""current_price"":29.305,""neckline_distance_pct"":0.040436785531479225,""base_bars"":26},""pattern_geometry_features"":{""pole_gain"":0.075864502470007,""pullback_pct"":0.0521482453263365,""flag_range_pct"":0.04854050508363399,""flag_drift_per_bar"":7.62799732258903e-05,""atr_pct"":0.03427229807293065,""pole_atr_multiple"":2.2135808432970885},""_schema_version"":""1.0""}",,,,,,,,,,
20260610T172453Z-e22c49,2026-06-10T17:24:53.606196+00:00,INTU,vcp,invalidated,35.8,5.0,38.3,42.7,37.5,21.9,22.4,31.3,84.0,96.5,0.75,9.57,5.12,4.5,2.85,1.57,1.56,5.04,4.83,False,,282.63,423.99,295.9925,598.26,"{""trend"":{""T1_ema_stack"":{""value"":[false,false,false],""score"":0.0},""T2_ema50_slope"":{""value"":-0.9131369805078849,""score"":0},""T3_high_proximity"":{""value"":0.6153762410729838,""score"":0},""T4_rs_1m"":{""value"":-0.2685064618931171,""score"":0},""T5_rs_3m"":{""value"":-0.4373596128365005,""score"":0},""T6_adr_healthy"":{""value"":4.906131935975107,""score"":100.0},""_score"":5.0},""geometry"":{""sub_contraction_count"":100.0,""sub_reduction_rate"":0,""sub_pivot_tightness"":0,""sub_volume_dryup"":0,""sub_base_depth"":32.9,""sub_base_duration"":100.0,""_score"":38.29},""compression"":{""VC1_atr_ratio"":{""value"":0.7271482738447481,""score"":68.21293153881297},""VC2_range_contraction"":{""value"":1.2377176568055461,""score"":0},""VC3_range_pct_rank"":{""score"":61.66666666666667},""_score"":42.7},""sr_quality"":{""SR1_touches"":{""value"":2,""score"":25.0},""SR2_tightness"":{""value"":3.447499999999991,""score"":70.01625452606089},""SR3_recency"":{""value"":267,""score"":0.0},""SR4_price_location"":{""score"":17.912158466253587},""SR5_reaction"":{""value"":3.1206795280254678,""score"":100},""_score"":37.48,""_levels_found"":6,""_target_level"":345.5525},""volume"":{""V1_rvol_day"":{""value"":0.4985292861385453,""score"":0},""V2_rvol_sameslot"":{""value"":0.9864692367233915,""score"":32.4312824482261,""status"":""ok""},""V3_breakout_bar"":{""value"":0.918968474095856,""score"":27.9312316063904},""V4_base_dryup"":{""value"":1.076094723975435,""score"":42.390527602456494},""V5_bo_expansion"":{""value"":0.4985292861385453,""score"":0},""_score"":21.95},""readiness"":{""_distance_atr"":6.147,""BR1_atr_distance"":{""score"":0},""BR2_compression"":{""score"":19.684293350659228},""BR3_retest"":{""score"":50.0},""BR4_bo_age"":{""score"":50.0},""_score"":22.42},""risk"":{""R1_stop_clarity"":{""score"":60.79717687490046},""R2_stop_distance_pct"":{""value"":-4.727912818879812,""score"":0.0},""R3_stop_distance_atr"":{""value"":-0.5810845524227886,""score"":0.0},""R4_rr_potential"":{""value"":null,""score"":50.0},""_score"":31.28},""market"":{""M1_spy_regime"":{""score"":100.0},""M3_earnings_risk"":{""value"":null,""score"":80.0},""M4_vix"":{""value"":null,""score"":60.0},""_score"":84.0},""liquidity"":{""L1_price"":{""value"":282.63,""score"":100.0},""L2_dollar_vol"":{""value"":973533554.0397123,""score"":100.0},""L3_spread_proxy"":{""value"":0.03459293068676357,""score"":65.40706931323643},""L4_volume_zscore"":{""value"":-0.7776319809619664,""score"":100.0},""_score"":96.54},""pattern_structure"":{""n_contractions"":5,""contractions_pct"":[13.75,21.64,10.75,8.76,29.13],""descending_strict"":false,""final_low"":300.5,""final_pivot"":423.99,""structural_low"":300.5,""dry_up_ratio"":1.3108830264940425,""current_price"":282.63,""neckline_distance_pct"":0.5001592187665853,""base_bars"":49},""pattern_geometry_features"":{""contraction_count"":5.0,""first_contraction_pct"":0.13747688354361062,""last_contraction_pct"":0.2912568692657846,""dry_up_ratio"":1.3108830264940425,""near_monotone"":0.0,""base_depth_pct"":0.3670619457842745},""_schema_version"":""1.0""}",,,,,,,,,,
20260610T172453Z-e22c49,2026-06-10T17:24:53.606196+00:00,VICR,bull_flag,absent,35.66,56.0,10.6,44.4,43.7,18.7,17.5,84.6,84.0,90.0,7.83,3.19,4.0,4.37,2.62,1.57,2.54,5.04,4.5,False,,275.425,331.97,255.0264,351.96,"{""trend"":{""T1_ema_stack"":{""value"":[false,true,true],""score"":66.66666666666666},""T2_ema50_slope"":{""value"":0.8690018893021284,""score"":100},""T3_high_proximity"":{""value"":0.7963942863752025,""score"":0},""T4_rs_1m"":{""value"":-0.10707193546470883,""score"":0},""T5_rs_3m"":{""value"":0.4611056094535113,""score"":100},""T6_adr_healthy"":{""value"":8.573929487659981,""score"":85.65176280850046},""_score"":55.95},""geometry"":{""sub_pole_impulse"":0.0,""sub_flag_tightness"":0,""sub_flag_shallowness"":0,""sub_flag_drift"":70.8,""sub_flag_duration"":0.0,""_score"":10.62},""compression"":{""VC1_atr_ratio"":{""value"":0.4612163412179521,""score"":100},""VC2_range_contraction"":{""value"":0.9817142507832703,""score"":3.047624869454942},""VC3_range_pct_rank"":{""score"":13.33333333333333},""_score"":44.4},""sr_quality"":{""SR1_touches"":{""value"":2,""score"":25.0},""SR2_tightness"":{""value"":1.25,""score"":91.34009333894825},""SR3_recency"":{""value"":240,""score"":0.0},""SR4_price_location"":{""score"":30.0},""SR5_reaction"":{""value"":3.089335102263601,""score"":100},""_score"":43.7,""_levels_found"":5,""_target_level"":232.25},""volume"":{""V1_rvol_day"":{""value"":0.5199937531652722,""score"":1.3329168776848124},""V2_rvol_sameslot"":{""value"":1.0023875733974459,""score"":33.49250489316306,""status"":""ok""},""V3_breakout_bar"":{""value"":0.6176855896741928,""score"":7.845705978279523},""V4_base_dryup"":{""value"":1.0109104105149487,""score"":48.90895894850513},""V5_bo_expansion"":{""value"":0.5199937531652722,""score"":0},""_score"":18.71},""readiness"":{""_distance_atr"":1.959,""BR1_atr_distance"":{""score"":0},""BR2_compression"":{""score"":0},""BR3_retest"":{""score"":50.0},""BR4_bo_age"":{""score"":50.0},""_score"":17.5},""risk"":{""R1_stop_clarity"":{""score"":73.09436279664499},""R2_stop_distance_pct"":{""value"":7.4062448942543355,""score"":100.0},""R3_stop_distance_atr"":{""value"":0.7066016200458531,""score"":60.33008100229266},""R4_rr_potential"":{""value"":3.7519639780083494,""score"":100.0},""_score"":84.63},""market"":{""M1_spy_regime"":{""score"":100.0},""M3_earnings_risk"":{""value"":null,""score"":80.0},""M4_vix"":{""value"":null,""score"":60.0},""_score"":84.0},""liquidity"":{""L1_price"":{""value"":275.425,""score"":100.0},""L2_dollar_vol"":{""value"":118994057.07942848,""score"":100.0},""L3_spread_proxy"":{""value"":0.11654715439774901,""score"":0},""L4_volume_zscore"":{""value"":-1.3163225816562936,""score"":100.0},""_score"":90.0},""pattern_structure"":{""pole_low"":311.98,""pole_low_idx"":15,""peak_price"":331.97,""peak_idx"":31,""pole_gain"":0.0640746201679595,""flag_bars"":28,""flag_low"":258.91,""flag_high"":331.56,""structural_low"":258.91,""current_price"":271.82,""neckline_distance_pct"":0.22128614524317577,""base_bars"":28},""pattern_geometry_features"":{""pole_gain"":0.0640746201679595,""pullback_pct"":0.22008012772238456,""flag_range_pct"":0.2188450763623218,""flag_drift_per_bar"":-0.005835937965966937,""atr_pct"":0.10481500019450458,""pole_atr_multiple"":0.6113115493875553},""_schema_version"":""1.0""}",,,,,,,,,,
20260610T172453Z-e22c49,2026-06-10T17:24:53.606196+00:00,NTSK,vcp,invalidated,35.18,23.4,41.7,26.0,34.9,9.9,26.2,31.9,84.0,83.6,3.52,10.43,3.12,4.19,1.28,1.83,1.59,5.04,4.18,False,,8.67,12.365,10.7875,11.2432,"{""trend"":{""T1_ema_stack"":{""value"":[false,false,false],""score"":0.0},""T2_ema50_slope"":{""value"":0.253108835658654,""score"":92.184805943109},""T3_high_proximity"":{""value"":0.6741835147744946,""score"":0},""T4_rs_1m"":{""value"":-0.21578416728722427,""score"":0},""T5_rs_3m"":{""value"":-0.36428745222582337,""score"":0},""T6_adr_healthy"":{""value"":6.061848297963514,""score"":100.0},""_score"":23.44},""geometry"":{""sub_contraction_count"":100.0,""sub_reduction_rate"":26.8,""sub_pivot_tightness"":0,""sub_volume_dryup"":0,""sub_base_depth"":0.0,""sub_base_duration"":100.0,""_score"":41.7},""compression"":{""VC1_atr_ratio"":{""value"":0.9757182812102719,""score"":6.070429697432017},""VC2_range_contraction"":{""value"":1.1850750562988237,""score"":0},""VC3_range_pct_rank"":{""score"":94.16666666666667},""_score"":25.97},""sr_quality"":{""SR1_touches"":{""value"":2,""score"":25.0},""SR2_tightness"":{""value"":0.14749999999999996,""score"":66.40063781840072},""SR3_recency"":{""value"":95,""score"":0.0},""SR4_price_location"":{""score"":9.737827715355724},""SR5_reaction"":{""value"":2.360497563436084,""score"":100},""_score"":34.89,""_levels_found"":6,""_target_level"":9.2725},""volume"":{""V1_rvol_day"":{""value"":0.44639155605778147,""score"":0},""V2_rvol_sameslot"":{""value"":0.692842233848755,""score"":12.856148923250332,""status"":""ok""},""V3_breakout_bar"":{""value"":0.40431323202174035,""score"":0},""V4_base_dryup"":{""value"":1.1348748920079275,""score"":36.512510799207256},""V5_bo_expansion"":{""value"":0.44639155605778147,""score"":0},""_score"":9.87},""readiness"":{""_distance_atr"":4.208,""BR1_atr_distance"":{""score"":0},""BR2_compression"":{""score"":34.65675083737966},""BR3_retest"":{""score"":50.0},""BR4_bo_age"":{""score"":50.0},""_score"":26.16},""risk"":{""R1_stop_clarity"":{""score"":62.57896663656549},""R2_stop_distance_pct"":{""value"":-24.423564013840835,""score"":0.0},""R3_stop_distance_atr"":{""value"":-2.4117770238937846,""score"":0.0},""R4_rr_potential"":{""value"":null,""score"":50.0},""_score"":31.9},""market"":{""M1_spy_regime"":{""score"":100.0},""M3_earnings_risk"":{""value"":null,""score"":80.0},""M4_vix"":{""value"":null,""score"":60.0},""_score"":84.0},""liquidity"":{""L1_price"":{""value"":8.67,""score"":99.335},""L2_dollar_vol"":{""value"":22038734.659717828,""score"":67.15933280735977},""L3_spread_proxy"":{""value"":0.030565167243367795,""score"":69.4348327566322},""L4_volume_zscore"":{""value"":-0.8946110290278328,""score"":100.0},""_score"":83.64},""pattern_structure"":{""n_contractions"":5,""contractions_pct"":[22.02,16.75,11.09,12.46,11.43],""descending_strict"":false,""final_low"":10.9518,""final_pivot"":12.365,""structural_low"":10.9518,""dry_up_ratio"":2.1915172430507996,""current_price"":8.67,""neckline_distance_pct"":0.4261822376009228,""base_bars"":45},""pattern_geometry_features"":{""contraction_count"":5.0,""first_contraction_pct"":0.22024415055951171,""last_contraction_pct"":0.11429033562474725,""dry_up_ratio"":2.1915172430507996,""near_monotone"":0.0,""base_depth_pct"":-0.11412004069175995},""_schema_version"":""1.0""}",,,,,,,,,,
20260610T172453Z-e22c49,2026-06-10T17:24:53.606196+00:00,ADSK,bull_flag,absent,35.07,19.9,25.2,36.9,62.3,10.4,18.3,72.3,84.0,96.8,2.79,7.57,3.32,6.23,1.46,1.65,2.17,5.04,4.84,False,,222.87,237.86,214.73,258.72,"{""trend"":{""T1_ema_stack"":{""value"":[false,false,false],""score"":0.0},""T2_ema50_slope"":{""value"":-0.07662767766282835,""score"":37.228720389528604},""T3_high_proximity"":{""value"":0.8811877273446149,""score"":40.59386367230744},""T4_rs_1m"":{""value"":-0.043052098703308395,""score"":6.9479012966916045},""T5_rs_3m"":{""value"":-0.1940424666251196,""score"":0},""T6_adr_healthy"":{""value"":3.5285546535841346,""score"":100.0},""_score"":19.92},""geometry"":{""sub_pole_impulse"":27.5,""sub_flag_tightness"":0,""sub_flag_shallowness"":0,""sub_flag_drift"":88.2,""sub_flag_duration"":37.5,""_score"":25.23},""compression"":{""VC1_atr_ratio"":{""value"":0.7286303349136061,""score"":67.84241627159848},""VC2_range_contraction"":{""value"":1.224647468061419,""score"":0},""VC3_range_pct_rank"":{""score"":39.16666666666667},""_score"":36.93},""sr_quality"":{""SR1_touches"":{""value"":6,""score"":100},""SR2_tightness"":{""value"":2.818619145767812,""score"":44.72521635978519},""SR3_recency"":{""value"":239,""score"":0.0},""SR4_price_location"":{""score"":51.885014137606134},""SR5_reaction"":{""value"":1.6883083531773824,""score"":84.41541765886912},""_score"":62.34,""_levels_found"":5,""_target_level"":229.6767},""volume"":{""V1_rvol_day"":{""value"":0.23414024959358015,""score"":0},""V2_rvol_sameslot"":{""value"":0.6799142326931588,""score"":11.994282179543918,""status"":""ok""},""V3_breakout_bar"":{""value"":0.6310131201618336,""score"":8.734208010788908},""V4_base_dryup"":{""value"":1.2073394435807854,""score"":29.26605564192147},""V5_bo_expansion"":{""value"":0.23414024959358015,""score"":0},""_score"":10.44},""readiness"":{""_distance_atr"":1.47,""BR1_atr_distance"":{""score"":2.0124200401549928},""BR2_compression"":{""score"":0},""BR3_retest"":{""score"":50.0},""BR4_bo_age"":{""score"":50.0},""_score"":18.3},""risk"":{""R1_stop_clarity"":{""score"":35.87337162067499},""R2_stop_distance_pct"":{""value"":3.65235338986854,""score"":100.0},""R3_stop_distance_atr"":{""value"":0.7981510015408332,""score"":64.90755007704165},""R4_rr_potential"":{""value"":4.404176904176899,""score"":100.0},""_score"":72.29},""market"":{""M1_spy_regime"":{""score"":100.0},""M3_earnings_risk"":{""value"":null,""score"":80.0},""M4_vix"":{""value"":null,""score"":60.0},""_score"":84.0},""liquidity"":{""L1_price"":{""value"":222.87,""score"":100.0},""L2_dollar_vol"":{""value"":125196957.28135696,""score"":100.0},""L3_spread_proxy"":{""value"":0.03190200565352005,""score"":68.09799434647995},""L4_volume_zscore"":{""value"":-1.274947257308254,""score"":100.0},""_score"":96.81},""pattern_structure"":{""pole_low"":217.0,""pole_low_idx"":9,""peak_price"":237.86,""peak_idx"":34,""pole_gain"":0.09612903225806457,""flag_bars"":25,""flag_low"":218.0,""flag_high"":237.24,""structural_low"":218.0,""current_price"":224.31,""neckline_distance_pct"":0.060407471802416346,""base_bars"":25},""pattern_geometry_features"":{""pole_gain"":0.09612903225806457,""pullback_pct"":0.08349449255864799,""flag_range_pct"":0.08088791726225514,""flag_drift_per_bar"":-0.0023561914657942444,""atr_pct"":0.045760180502406926,""pole_atr_multiple"":2.1007135724258847},""_schema_version"":""1.0""}",,,,,,,,,,
20260610T172453Z-e22c49,2026-06-10T17:24:53.606196+00:00,NOK,bull_flag,absent,35.05,61.6,15.8,24.1,51.5,1.2,22.6,79.3,84.0,95.2,8.63,4.74,2.17,5.15,0.16,2.03,2.38,5.04,4.76,False,,13.39,17.0,12.9823,19.47,"{""trend"":{""T1_ema_stack"":{""value"":[false,true,true],""score"":66.66666666666666},""T2_ema50_slope"":{""value"":1.0342052587923363,""score"":100},""T3_high_proximity"":{""value"":0.7946587537091988,""score"":0},""T4_rs_1m"":{""value"":-0.02521119309816211,""score"":24.78880690183789},""T5_rs_3m"":{""value"":0.6158924553158924,""score"":100},""T6_adr_healthy"":{""value"":6.3327653527042,""score"":100.0},""_score"":61.62},""geometry"":{""sub_pole_impulse"":25.0,""sub_flag_tightness"":0,""sub_flag_shallowness"":0,""sub_flag_drift"":55.3,""sub_flag_duration"":0.0,""_score"":15.79},""compression"":{""VC1_atr_ratio"":{""value"":0.8378461873233476,""score"":40.538453169163105},""VC2_range_contraction"":{""value"":1.119815669225907,""score"":0},""VC3_range_pct_rank"":{""score"":31.666666666666664},""_score"":24.13},""sr_quality"":{""SR1_touches"":{""value"":2,""score"":25.0},""SR2_tightness"":{""value"":0.27499999999999947,""score"":51.70899968642216},""SR3_recency"":{""value"":233,""score"":0.0},""SR4_price_location"":{""score"":84.77112676056339},""SR5_reaction"":{""value"":2.094073377234243,""score"":100},""_score"":51.45,""_levels_found"":4,""_target_level"":14.255},""volume"":{""V1_rvol_day"":{""value"":0.5039726704337641,""score"":0.2648446955842765},""V2_rvol_sameslot"":{""value"":0.4850585280140115,""score"":0,""status"":""ok""},""V3_breakout_bar"":{""value"":0.38553065470036146,""score"":0},""V4_base_dryup"":{""value"":1.4447942309103017,""score"":5.520576908969829},""V5_bo_expansion"":{""value"":0.5039726704337641,""score"":0},""_score"":1.16},""readiness"":{""_distance_atr"":3.17,""BR1_atr_distance"":{""score"":0},""BR2_compression"":{""score"":20.25918666696212},""BR3_retest"":{""score"":50.0},""BR4_bo_age"":{""score"":50.0},""_score"":22.56},""risk"":{""R1_stop_clarity"":{""score"":65.2831608654752},""R2_stop_distance_pct"":{""value"":3.044809559372667,""score"":100.0},""R3_stop_distance_atr"":{""value"":0.35796801505174053,""score"":42.89840075258703},""R4_rr_potential"":{""value"":14.912926171204306,""score"":100.0},""_score"":79.28},""market"":{""M1_spy_regime"":{""score"":100.0},""M3_earnings_risk"":{""value"":null,""score"":80.0},""M4_vix"":{""value"":null,""score"":60.0},""_score"":84.0},""liquidity"":{""L1_price"":{""value"":13.39,""score"":100.0},""L2_dollar_vol"":{""value"":848192911.4471713,""score"":100.0},""L3_spread_proxy"":{""value"":0.048543689320388245,""score"":51.456310679611754},""L4_volume_zscore"":{""value"":-1.5916521888188448,""score"":100.0},""_score"":95.15},""pattern_structure"":{""pole_low"":14.53,""pole_low_idx"":10,""peak_price"":17.0,""peak_idx"":30,""pole_gain"":0.16999311768754308,""flag_bars"":29,""flag_low"":13.18,""flag_high"":17.0,""structural_low"":13.18,""current_price"":13.5226,""neckline_distance_pct"":0.25715468918699064,""base_bars"":29},""pattern_geometry_features"":{""pole_gain"":0.16999311768754308,""pullback_pct"":0.2247058823529412,""flag_range_pct"":0.2247058823529412,""flag_drift_per_bar"":-0.008938224125290257,""atr_pct"":0.08505814573775737,""pole_atr_multiple"":1.9985518872189922},""_schema_version"":""1.0""}",,,,,,,,,,
20260610T172453Z-e22c49,2026-06-10T17:24:53.606196+00:00,WAY,bull_flag,absent,34.57,6.0,25.3,54.2,44.9,27.2,19.2,72.2,84.0,80.6,0.83,7.6,4.88,4.49,3.81,1.73,2.17,5.04,4.03,False,,18.745,20.69,18.3407,22.1,"{""trend"":{""T1_ema_stack"":{""value"":[false,false,false],""score"":0.0},""T2_ema50_slope"":{""value"":-0.5846145825973026,""score"":0},""T3_high_proximity"":{""value"":0.7017970797454137,""score"":0},""T4_rs_1m"":{""value"":-0.04517668145950904,""score"":4.823318540490959},""T5_rs_3m"":{""value"":-0.31612199062260404,""score"":0},""T6_adr_healthy"":{""value"":4.676646420302564,""score"":100.0},""_score"":5.96},""geometry"":{""sub_pole_impulse"":9.3,""sub_flag_tightness"":0,""sub_flag_shallowness"":0,""sub_flag_drift"":83.5,""sub_flag_duration"":100.0,""_score"":25.32},""compression"":{""VC1_atr_ratio"":{""value"":0.687087847711905,""score"":78.22803807202374},""VC2_range_contraction"":{""value"":0.9538053692845535,""score"":7.699105119241083},""VC3_range_pct_rank"":{""score"":80.83333333333333},""_score"":54.19},""sr_quality"":{""SR1_touches"":{""value"":3,""score"":50.0},""SR2_tightness"":{""value"":0.22547480765905803,""score"":54.80852238385106},""SR3_recency"":{""value"":247,""score"":0.0},""SR4_price_location"":{""score"":26.743545142840787},""SR5_reaction"":{""value"":4.74680448481638,""score"":100},""_score"":44.91,""_levels_found"":4,""_target_level"":21.1817},""volume"":{""V1_rvol_day"":{""value"":0.34762152594409,""score"":0},""V2_rvol_sameslot"":{""value"":1.1528706028815356,""score"":43.52470685876904,""status"":""ok""},""V3_breakout_bar"":{""value"":0.7619706101466637,""score"":17.46470734311091},""V4_base_dryup"":{""value"":0.7936212792027356,""score"":70.63787207972644},""V5_bo_expansion"":{""value"":0.34762152594409,""score"":0},""_score"":27.2},""readiness"":{""_distance_atr"":1.949,""BR1_atr_distance"":{""score"":0},""BR2_compression"":{""score"":7.012701786374902},""BR3_retest"":{""score"":50.0},""BR4_bo_age"":{""score"":50.0},""_score"":19.25},""risk"":{""R1_stop_clarity"":{""score"":44.020443661820785},""R2_stop_distance_pct"":{""value"":2.1568418244865257,""score"":100.0},""R3_stop_distance_atr"":{""value"":0.40516531735635297,""score"":45.25826586781765},""R4_rr_potential"":{""value"":8.298293346524876,""score"":100.0},""_score"":72.2},""market"":{""M1_spy_regime"":{""score"":100.0},""M3_earnings_risk"":{""value"":null,""score"":80.0},""M4_vix"":{""value"":null,""score"":60.0},""_score"":84.0},""liquidity"":{""L1_price"":{""value"":18.745,""score"":100.0},""L2_dollar_vol"":{""value"":14917231.012809847,""score"":58.68441076989721},""L3_spread_proxy"":{""value"":0.02880768204854623,""score"":71.19231795145377},""L4_volume_zscore"":{""value"":-2.285727617177604,""score"":100.0},""_score"":80.59},""pattern_structure"":{""pole_low"":19.28,""pole_low_idx"":32,""peak_price"":20.69,""peak_idx"":39,""pole_gain"":0.07313278008298756,""flag_bars"":20,""flag_low"":18.62,""flag_high"":20.36,""structural_low"":18.62,""current_price"":18.79,""neckline_distance_pct"":0.10111761575306026,""base_bars"":20},""pattern_geometry_features"":{""pole_gain"":0.07313278008298756,""pullback_pct"":0.10004833252779122,""flag_range_pct"":0.08409859835669398,""flag_drift_per_bar"":-0.0033037329886718213,""atr_pct"":0.0532336242045498,""pole_atr_multiple"":1.3738080240784545},""_schema_version"":""1.0""}",,,,,,,,,,
20260610T172453Z-e22c49,2026-06-10T17:24:53.606196+00:00,NOW,bull_flag,absent,33.98,53.3,19.5,10.0,51.4,5.6,17.5,82.2,84.0,95.3,7.47,5.85,0.9,5.14,0.78,1.57,2.47,5.04,4.77,False,,108.53,124.8,101.5338,140.39,"{""trend"":{""T1_ema_stack"":{""value"":[false,true,false],""score"":33.33333333333333},""T2_ema50_slope"":{""value"":0.3272568733369485,""score"":100},""T3_high_proximity"":{""value"":0.7988370381274841,""score"":0},""T4_rs_1m"":{""value"":0.1991133829185623,""score"":100},""T5_rs_3m"":{""value"":-0.14044700369621177,""score"":0},""T6_adr_healthy"":{""value"":5.992854223455475,""score"":100.0},""_score"":53.33},""geometry"":{""sub_pole_impulse"":20.5,""sub_flag_tightness"":0,""sub_flag_shallowness"":0,""sub_flag_drift"":72.3,""sub_flag_duration"":25.0,""_score"":19.49},""compression"":{""VC1_atr_ratio"":{""value"":1.1010863719479402,""score"":0},""VC2_range_contraction"":{""value"":1.3167732238657341,""score"":0},""VC3_range_pct_rank"":{""score"":40.0},""_score"":10.0},""sr_quality"":{""SR1_touches"":{""value"":3,""score"":50.0},""SR2_tightness"":{""value"":0.4102032016777364,""score"":90.36829750322299},""SR3_recency"":{""value"":240,""score"":0.0},""SR4_price_location"":{""score"":53.37716676628822},""SR5_reaction"":{""value"":1.2632412233917654,""score"":63.16206116958827},""_score"":51.37,""_levels_found"":6,""_target_level"":111.13},""volume"":{""V1_rvol_day"":{""value"":0.3339578227012502,""score"":0},""V2_rvol_sameslot"":{""value"":0.49358474105197553,""score"":0,""status"":""ok""},""V3_breakout_bar"":{""value"":0.4302926903465165,""score"":0},""V4_base_dryup"":{""value"":1.221886238470901,""score"":27.8113761529099},""V5_bo_expansion"":{""value"":0.3339578227012502,""score"":0},""_score"":5.56},""readiness"":{""_distance_atr"":1.91,""BR1_atr_distance"":{""score"":0},""BR2_compression"":{""score"":0},""BR3_retest"":{""score"":50.0},""BR4_bo_age"":{""score"":50.0},""_score"":17.5},""risk"":{""R1_stop_clarity"":{""score"":63.694729003562315},""R2_stop_distance_pct"":{""value"":6.446328204183177,""score"":100.0},""R3_stop_distance_atr"":{""value"":0.8213650787261595,""score"":66.06825393630797},""R4_rr_potential"":{""value"":4.553900688945424,""score"":100.0},""_score"":82.2},""market"":{""M1_spy_regime"":{""score"":100.0},""M3_earnings_risk"":{""value"":null,""score"":80.0},""M4_vix"":{""value"":null,""score"":60.0},""_score"":84.0},""liquidity"":{""L1_price"":{""value"":108.53,""score"":100.0},""L2_dollar_vol"":{""value"":1268975169.0376954,""score"":100.0},""L3_spread_proxy"":{""value"":0.046669123744586725,""score"":53.33087625541327},""L4_volume_zscore"":{""value"":-1.517727785891657,""score"":100.0},""_score"":95.33},""pattern_structure"":{""pole_low"":109.21,""pole_low_idx"":8,""peak_price"":124.8,""peak_idx"":33,""pole_gain"":0.14275249519274796,""flag_bars"":26,""flag_low"":103.08,""flag_high"":123.7499,""structural_low"":103.08,""current_price"":109.36,""neckline_distance_pct"":0.141185076810534,""base_bars"":26},""pattern_geometry_features"":{""pole_gain"":0.14275249519274796,""pullback_pct"":0.17403846153846153,""flag_range_pct"":0.1656241987179487,""flag_drift_per_bar"":-0.0055391039708889015,""atr_pct"":0.07848310539547984,""pole_atr_multiple"":1.8188945821321905},""_schema_version"":""1.0""}",,,,,,,,,,
20260610T172453Z-e22c49,2026-06-10T17:24:53.606196+00:00,DIOD,bull_flag,absent,33.67,61.8,21.0,18.7,36.7,4.4,17.5,80.9,84.0,74.0,8.65,6.3,1.69,3.67,0.62,1.57,2.43,5.04,3.7,False,,100.93,119.23,95.6632,137.71,"{""trend"":{""T1_ema_stack"":{""value"":[false,true,true],""score"":66.66666666666666},""T2_ema50_slope"":{""value"":0.45906471240572816,""score"":100},""T3_high_proximity"":{""value"":0.8684391670968853,""score"":34.21958354844262},""T4_rs_1m"":{""value"":-0.08589529820606889,""score"":0},""T5_rs_3m"":{""value"":0.5046682837217267,""score"":100},""T6_adr_healthy"":{""value"":6.0768754923812836,""score"":100.0},""_score"":61.8},""geometry"":{""sub_pole_impulse"":32.8,""sub_flag_tightness"":0,""sub_flag_shallowness"":0,""sub_flag_drift"":74.4,""sub_flag_duration"":0.0,""_score"":21.0},""compression"":{""VC1_atr_ratio"":{""value"":0.8397142595960471,""score"":40.07143510098823},""VC2_range_contraction"":{""value"":1.4576791260423838,""score"":0},""VC3_range_pct_rank"":{""score"":10.833333333333329},""_score"":18.74},""sr_quality"":{""SR1_touches"":{""value"":2,""score"":25.0},""SR2_tightness"":{""value"":1.3699999999999974,""score"":65.76290005015973},""SR3_recency"":{""value"":278,""score"":0.0},""SR4_price_location"":{""score"":30.0},""SR5_reaction"":{""value"":1.5747191683133677,""score"":78.73595841566838},""_score"":36.67,""_levels_found"":3,""_target_level"":73.68},""volume"":{""V1_rvol_day"":{""value"":0.17018649424167676,""score"":0},""V2_rvol_sameslot"":{""value"":0.26237700098894895,""score"":0,""status"":""ok""},""V3_breakout_bar"":{""value"":0.4220517627877397,""score"":0},""V4_base_dryup"":{""value"":1.2788154338994442,""score"":22.118456610055574},""V5_bo_expansion"":{""value"":0.17018649424167678,""score"":0},""_score"":4.42},""readiness"":{""_distance_atr"":2.287,""BR1_atr_distance"":{""score"":0},""BR2_compression"":{""score"":0},""BR3_retest"":{""score"":50.0},""BR4_bo_age"":{""score"":50.0},""_score"":17.5},""risk"":{""R1_stop_clarity"":{""score"":63.593717367206246},""R2_stop_distance_pct"":{""value"":5.2182700881799295,""score"":100.0},""R3_stop_distance_atr"":{""value"":0.6581020365540846,""score"":57.90510182770423},""R4_rr_potential"":{""value"":6.983367509683295,""score"":100.0},""_score"":80.94},""market"":{""M1_spy_regime"":{""score"":100.0},""M3_earnings_risk"":{""value"":null,""score"":80.0},""M4_vix"":{""value"":null,""score"":60.0},""_score"":84.0},""liquidity"":{""L1_price"":{""value"":100.93,""score"":100.0},""L2_dollar_vol"":{""value"":11934581.43147457,""score"":53.84035960371776},""L3_spread_proxy"":{""value"":0.07539780045576137,""score"":24.60219954423863},""L4_volume_zscore"":{""value"":-2.2025450593745144,""score"":100.0},""_score"":74.0},""pattern_structure"":{""pole_low"":100.75,""pole_low_idx"":20,""peak_price"":119.23,""peak_idx"":31,""pole_gain"":0.18342431761786604,""flag_bars"":28,""flag_low"":97.12,""flag_high"":118.85,""structural_low"":97.12,""current_price"":100.5,""neckline_distance_pct"":0.18636815920398014,""base_bars"":28},""pattern_geometry_features"":{""pole_gain"":0.18342431761786604,""pullback_pct"":0.1854399060639101,""flag_range_pct"":0.18225278872766912,""flag_drift_per_bar"":-0.005127578037562573,""atr_pct"":0.0792927205559723,""pole_atr_multiple"":2.3132554455410297},""_schema_version"":""1.0""}",,,,,,,,,,
20260610T172453Z-e22c49,2026-06-10T17:24:53.606196+00:00,KTOS,bull_flag,absent,33.34,10.5,21.9,58.5,46.0,11.0,19.8,80.2,84.0,93.1,1.48,6.57,5.27,4.6,1.54,1.78,2.41,5.04,4.65,False,,54.9852,63.59,52.5104,69.28,"{""trend"":{""T1_ema_stack"":{""value"":[false,false,false],""score"":0.0},""T2_ema50_slope"":{""value"":-0.6084023397022177,""score"":0},""T3_high_proximity"":{""value"":0.5769090336795719,""score"":0},""T4_rs_1m"":{""value"":-0.022314581875786055,""score"":27.685418124213946},""T5_rs_3m"":{""value"":-0.4606771820199007,""score"":0},""T6_adr_healthy"":{""value"":6.16397504950981,""score"":100.0},""_score"":10.54},""geometry"":{""sub_pole_impulse"":6.0,""sub_flag_tightness"":0,""sub_flag_shallowness"":0,""sub_flag_drift"":75.6,""sub_flag_duration"":87.5,""_score"":21.89},""compression"":{""VC1_atr_ratio"":{""value"":0.5425682627408519,""score"":100},""VC2_range_contraction"":{""value"":1.3910499904200355,""score"":0},""VC3_range_pct_rank"":{""score"":74.16666666666667},""_score"":58.54},""sr_quality"":{""SR1_touches"":{""value"":2,""score"":25.0},""SR2_tightness"":{""value"":0.14499999999999602,""score"":93.35426358365625},""SR3_recency"":{""value"":251,""score"":0.0},""SR4_price_location"":{""score"":38.12727731053921},""SR5_reaction"":{""value"":2.8324586933107216,""score"":100},""_score"":46.03,""_levels_found"":5,""_target_level"":63.985},""volume"":{""V1_rvol_day"":{""value"":0.29015615515049625,""score"":0},""V2_rvol_sameslot"":{""value"":0.6404415866272475,""score"":9.362772441816498,""status"":""ok""},""V3_breakout_bar"":{""value"":0.7084284222999787,""score"":13.895228153331916},""V4_base_dryup"":{""value"":1.2159272294835406,""score"":28.407277051645934},""V5_bo_expansion"":{""value"":0.29015615515049625,""score"":0},""_score"":11.03},""readiness"":{""_distance_atr"":1.972,""BR1_atr_distance"":{""score"":0},""BR2_compression"":{""score"":9.098453477041895},""BR3_retest"":{""score"":50.0},""BR4_bo_age"":{""score"":50.0},""_score"":19.77},""risk"":{""R1_stop_clarity"":{""score"":63.34990948048675},""R2_stop_distance_pct"":{""value"":4.500938434342325,""score"":100.0},""R3_stop_distance_atr"":{""value"":0.567144854137543,""score"":53.35724270687715},""R4_rr_potential"":{""value"":5.776026829908893,""score"":100.0},""_score"":80.18},""market"":{""M1_spy_regime"":{""score"":100.0},""M3_earnings_risk"":{""value"":null,""score"":80.0},""M4_vix"":{""value"":null,""score"":60.0},""_score"":84.0},""liquidity"":{""L1_price"":{""value"":54.9852,""score"":100.0},""L2_dollar_vol"":{""value"":76276715.8437438,""score"":94.1195992936562},""L3_spread_proxy"":{""value"":0.04583051439296385,""score"":54.16948560703615},""L4_volume_zscore"":{""value"":-1.2834356931991666,""score"":100.0},""_score"":93.06},""pattern_structure"":{""pole_low"":57.9,""pole_low_idx"":30,""peak_price"":63.59,""peak_idx"":38,""pole_gain"":0.09827288428324707,""flag_bars"":21,""flag_low"":53.31,""flag_high"":62.1,""structural_low"":53.31,""current_price"":55.045,""neckline_distance_pct"":0.1552366245798892,""base_bars"":21},""pattern_geometry_features"":{""pole_gain"":0.09827288428324707,""pullback_pct"":0.16166063846516748,""flag_range_pct"":0.13822928133354298,""flag_drift_per_bar"":-0.0048745902113147,""atr_pct"":0.07936135541927646,""pole_atr_multiple"":1.2382964449644103},""_schema_version"":""1.0""}",,,,,,,,,,
20260610T172453Z-e22c49,2026-06-10T17:24:53.606196+00:00,WOLF,bull_flag,absent,33.07,51.7,14.8,26.8,49.0,3.0,17.5,85.3,84.0,90.0,7.23,4.42,2.41,4.9,0.43,1.57,2.56,5.04,4.5,False,,43.48,70.0,42.419,90.34,"{""trend"":{""T1_ema_stack"":{""value"":[false,true,true],""score"":66.66666666666666},""T2_ema50_slope"":{""value"":2.101532594206269,""score"":100},""T3_high_proximity"":{""value"":0.5915646258503401,""score"":0},""T4_rs_1m"":{""value"":-0.12289477900348034,""score"":0},""T5_rs_3m"":{""value"":1.309966735466122,""score"":100},""T6_adr_healthy"":{""value"":17.261652135523967,""score"":0.0},""_score"":51.67},""geometry"":{""sub_pole_impulse"":15.8,""sub_flag_tightness"":0,""sub_flag_shallowness"":0,""sub_flag_drift"":8.4,""sub_flag_duration"":87.5,""_score"":14.75},""compression"":{""VC1_atr_ratio"":{""value"":0.8028652258708957,""score"":49.283693532276075},""VC2_range_contraction"":{""value"":1.0128114418776886,""score"":0},""VC3_range_pct_rank"":{""score"":28.333333333333332},""_score"":26.8},""sr_quality"":{""SR1_touches"":{""value"":2,""score"":25.0},""SR2_tightness"":{""value"":2.0600000000000023,""score"":62.276564839116176},""SR3_recency"":{""value"":232,""score"":0.0},""SR4_price_location"":{""score"":68.58564890268984},""SR5_reaction"":{""value"":2.1690975217508175,""score"":100},""_score"":48.99,""_levels_found"":4,""_target_level"":51.72},""volume"":{""V1_rvol_day"":{""value"":0.4447781796997391,""score"":0},""V2_rvol_sameslot"":{""value"":0.6141728896702237,""score"":7.61152597801491,""status"":""ok""},""V3_breakout_bar"":{""value"":0.5910670782253397,""score"":6.071138548355978},""V4_base_dryup"":{""value"":1.710505031155216,""score"":0},""V5_bo_expansion"":{""value"":0.4447781796997392,""score"":0},""_score"":3.04},""readiness"":{""_distance_atr"":2.428,""BR1_atr_distance"":{""score"":0},""BR2_compression"":{""score"":0},""BR3_retest"":{""score"":50.0},""BR4_bo_age"":{""score"":50.0},""_score"":17.5},""risk"":{""R1_stop_clarity"":{""score"":88.17068153978063},""R2_stop_distance_pct"":{""value"":2.4401448942042303,""score"":100.0},""R3_stop_distance_atr"":{""value"":0.09714471266946272,""score"":29.857235633473135},""R4_rr_potential"":{""value"":44.16692193501265,""score"":100.0},""_score"":85.34},""market"":{""M1_spy_regime"":{""score"":100.0},""M3_earnings_risk"":{""value"":null,""score"":80.0},""M4_vix"":{""value"":null,""score"":60.0},""_score"":84.0},""liquidity"":{""L1_price"":{""value"":43.48,""score"":100.0},""L2_dollar_vol"":{""value"":205949659.80732077,""score"":100.0},""L3_spread_proxy"":{""value"":0.12949632014719423,""score"":0},""L4_volume_zscore"":{""value"":-0.9297617272412378,""score"":100.0},""_score"":90.0},""pattern_structure"":{""pole_low"":49.66,""pole_low_idx"":18,""peak_price"":70.0,""peak_idx"":38,""pole_gain"":0.40958517921868715,""flag_bars"":21,""flag_low"":43.065,""flag_high"":63.503,""structural_low"":43.065,""current_price"":43.6,""neckline_distance_pct"":0.6055045871559632,""base_bars"":21},""pattern_geometry_features"":{""pole_gain"":0.40958517921868715,""pullback_pct"":0.38478571428571434,""flag_range_pct"":0.2919714285714286,""flag_drift_per_bar"":-0.018312084475157833,""atr_pct"":0.2511865882507557,""pole_atr_multiple"":1.630601307462342},""_schema_version"":""1.0""}",,,,,,,,,,
20260610T172453Z-e22c49,2026-06-10T17:24:53.606196+00:00,PEGA,bull_flag,absent,32.87,11.7,18.1,55.4,44.9,24.2,17.5,73.2,84.0,82.8,1.64,5.42,4.99,4.49,3.39,1.57,2.2,5.04,4.14,False,,33.25,36.3999,32.2243,38.7697,"{""trend"":{""T1_ema_stack"":{""value"":[false,false,false],""score"":0.0},""T2_ema50_slope"":{""value"":-0.4404950596565755,""score"":0},""T3_high_proximity"":{""value"":0.7495491433724076,""score"":0},""T4_rs_1m"":{""value"":-0.01661692412056681,""score"":33.38307587943319},""T5_rs_3m"":{""value"":-0.31625462289563555,""score"":0},""T6_adr_healthy"":{""value"":4.640158639120877,""score"":100.0},""_score"":11.68},""geometry"":{""sub_pole_impulse"":8.7,""sub_flag_tightness"":0,""sub_flag_shallowness"":0,""sub_flag_drift"":86.3,""sub_flag_duration"":25.0,""_score"":18.05},""compression"":{""VC1_atr_ratio"":{""value"":0.5906925220232168,""score"":100},""VC2_range_contraction"":{""value"":1.0651033133381616,""score"":0},""VC3_range_pct_rank"":{""score"":61.66666666666667},""_score"":55.42},""sr_quality"":{""SR1_touches"":{""value"":2,""score"":25.0},""SR2_tightness"":{""value"":0.2375000000000007,""score"":72.30620590856458},""SR3_recency"":{""value"":254,""score"":0.0},""SR4_price_location"":{""score"":46.18514750762972},""SR5_reaction"":{""value"":2.085779965518104,""score"":100},""_score"":44.89,""_levels_found"":7,""_target_level"":34.5725},""volume"":{""V1_rvol_day"":{""value"":0.37527973343093946,""score"":0},""V2_rvol_sameslot"":{""value"":0.9194518568954353,""score"":27.96345712636235,""status"":""ok""},""V3_breakout_bar"":{""value"":0.6901007008317108,""score"":12.673380055447389},""V4_base_dryup"":{""value"":0.7270343141048657,""score"":77.29656858951343},""V5_bo_expansion"":{""value"":0.37527973343093957,""score"":0},""_score"":24.22},""readiness"":{""_distance_atr"":1.836,""BR1_atr_distance"":{""score"":0},""BR2_compression"":{""score"":0},""BR3_retest"":{""score"":50.0},""BR4_bo_age"":{""score"":50.0},""_score"":17.5},""risk"":{""R1_stop_clarity"":{""score"":42.77879113465456},""R2_stop_distance_pct"":{""value"":3.0848872180450955,""score"":100.0},""R3_stop_distance_atr"":{""value"":0.5980256198828917,""score"":54.901280994144585},""R4_rr_potential"":{""value"":5.381266908771882,""score"":100.0},""_score"":73.21},""market"":{""M1_spy_regime"":{""score"":100.0},""M3_earnings_risk"":{""value"":null,""score"":80.0},""M4_vix"":{""value"":null,""score"":60.0},""_score"":84.0},""liquidity"":{""L1_price"":{""value"":33.25,""score"":100.0},""L2_dollar_vol"":{""value"":21457666.7123525,""score"":66.57912477002755},""L3_spread_proxy"":{""value"":0.03864661654135328,""score"":61.35338345864672},""L4_volume_zscore"":{""value"":-2.1984497422011957,""score"":100.0},""_score"":82.77},""pattern_structure"":{""pole_low"":34.0301,""pole_low_idx"":9,""peak_price"":36.3999,""peak_idx"":33,""pole_gain"":0.06963834957875543,""flag_bars"":26,""flag_low"":32.715,""flag_high"":36.365,""structural_low"":32.715,""current_price"":33.52,""neckline_distance_pct"":0.08591587112171835,""base_bars"":26},""pattern_geometry_features"":{""pole_gain"":0.06963834957875543,""pullback_pct"":0.10123379459833677,""flag_range_pct"":0.10027500075549653,""flag_drift_per_bar"":-0.002746406788650211,""atr_pct"":0.05158453276047259,""pole_atr_multiple"":1.3499850798710122},""_schema_version"":""1.0""}",,,,,,,,,,
20260610T172453Z-e22c49,2026-06-10T17:24:53.606196+00:00,RCAT,bull_flag,absent,32.5,41.0,13.8,55.3,30.9,0.0,29.5,84.0,84.0,86.6,5.73,4.15,4.97,3.09,0.0,2.65,2.52,5.04,4.33,False,,11.185,15.225,10.6479,17.16,"{""trend"":{""T1_ema_stack"":{""value"":[false,true,true],""score"":66.66666666666666},""T2_ema50_slope"":{""value"":-0.010520431841688247,""score"":48.24659469305196},""T3_high_proximity"":{""value"":0.6579411764705883,""score"":0},""T4_rs_1m"":{""value"":0.007085741767738241,""score"":57.08574176773824},""T5_rs_3m"":{""value"":-0.38690316443595607,""score"":0},""T6_adr_healthy"":{""value"":9.420441655389661,""score"":64.48895861525847},""_score"":40.96},""geometry"":{""sub_pole_impulse"":1.6,""sub_flag_tightness"":0,""sub_flag_shallowness"":0,""sub_flag_drift"":39.1,""sub_flag_duration"":75.0,""_score"":13.85},""compression"":{""VC1_atr_ratio"":{""value"":0.6265030258206463,""score"":93.37424354483842},""VC2_range_contraction"":{""value"":1.9204690689181423,""score"":0},""VC3_range_pct_rank"":{""score"":71.66666666666667},""_score"":55.27},""sr_quality"":{""SR1_touches"":{""value"":2,""score"":25.0},""SR2_tightness"":{""value"":0.3224999999999998,""score"":57.9101430495803},""SR3_recency"":{""value"":262,""score"":0.0},""SR4_price_location"":{""score"":2.229072800569284},""SR5_reaction"":{""value"":1.8842552239432084,""score"":94.21276119716042},""_score"":30.88,""_levels_found"":5,""_target_level"":12.6575},""volume"":{""V1_rvol_day"":{""value"":0.24202369201367607,""score"":0},""V2_rvol_sameslot"":{""value"":0.3490317140738308,""score"":0,""status"":""ok""},""V3_breakout_bar"":{""value"":0.4701355064832697,""score"":0},""V4_base_dryup"":{""value"":1.8754945455989882,""score"":0},""V5_bo_expansion"":{""value"":0.242023692013676,""score"":0},""_score"":0.0},""readiness"":{""_distance_atr"":2.636,""BR1_atr_distance"":{""score"":0},""BR2_compression"":{""score"":47.89429389281313},""BR3_retest"":{""score"":50.0},""BR4_bo_age"":{""score"":50.0},""_score"":29.47},""risk"":{""R1_stop_clarity"":{""score"":78.83761145888192},""R2_stop_distance_pct"":{""value"":4.802413947250786,""score"":100.0},""R3_stop_distance_atr"":{""value"":0.35052041334756556,""score"":42.526020667378276},""R4_rr_potential"":{""value"":11.123522293586511,""score"":100.0},""_score"":83.97},""market"":{""M1_spy_regime"":{""score"":100.0},""M3_earnings_risk"":{""value"":null,""score"":80.0},""M4_vix"":{""value"":null,""score"":60.0},""_score"":84.0},""liquidity"":{""L1_price"":{""value"":11.185,""score"":100.0},""L2_dollar_vol"":{""value"":51512202.13602809,""score"":85.59550581385294},""L3_spread_proxy"":{""value"":0.07599463567277616,""score"":24.005364327223845},""L4_volume_zscore"":{""value"":-0.8756633273593994,""score"":100.0},""_score"":86.64},""pattern_structure"":{""pole_low"":13.29,""pole_low_idx"":33,""peak_price"":15.225,""peak_idx"":37,""pole_gain"":0.14559819413092556,""flag_bars"":22,""flag_low"":10.81,""flag_high"":15.2,""structural_low"":10.81,""current_price"":11.1401,""neckline_distance_pct"":0.36668432060753486,""base_bars"":22},""pattern_geometry_features"":{""pole_gain"":0.14559819413092556,""pullback_pct"":0.289983579638752,""flag_range_pct"":0.28834154351395724,""flag_drift_per_bar"":-0.012182146762157939,""atr_pct"":0.13700811035187432,""pole_atr_multiple"":1.0626976297752706},""_schema_version"":""1.0""}",,,,,,,,,,
20260610T172453Z-e22c49,2026-06-10T17:24:53.606196+00:00,SAIL,bull_flag,absent,32.42,53.3,12.8,2.1,46.7,21.4,17.5,79.7,84.0,85.2,7.47,3.83,0.19,4.67,3.0,1.57,2.39,5.04,4.26,False,,14.56,19.125,14.1594,20.5,"{""trend"":{""T1_ema_stack"":{""value"":[false,true,false],""score"":33.33333333333333},""T2_ema50_slope"":{""value"":0.8178047155244037,""score"":100},""T3_high_proximity"":{""value"":0.7338709677419355,""score"":0},""T4_rs_1m"":{""value"":0.24990685004679047,""score"":100},""T5_rs_3m"":{""value"":-0.15694165696475293,""score"":0},""T6_adr_healthy"":{""value"":7.1243301096194065,""score"":100.0},""_score"":53.33},""geometry"":{""sub_pole_impulse"":0.0,""sub_flag_tightness"":0,""sub_flag_shallowness"":0,""sub_flag_drift"":18.4,""sub_flag_duration"":100.0,""_score"":12.76},""compression"":{""VC1_atr_ratio"":{""value"":1.047977160364877,""score"":0},""VC2_range_contraction"":{""value"":1.3723509242916512,""score"":0},""VC3_range_pct_rank"":{""score"":8.333333333333337},""_score"":2.08},""sr_quality"":{""SR1_touches"":{""value"":3,""score"":50.0},""SR2_tightness"":{""value"":0.29920595285224927,""score"":55.37260660500098},""SR3_recency"":{""value"":274,""score"":0.0},""SR4_price_location"":{""score"":33.463817433310375},""SR5_reaction"":{""value"":2.3496779898469584,""score"":100},""_score"":46.67,""_levels_found"":6,""_target_level"":16.424},""volume"":{""V1_rvol_day"":{""value"":0.7233101253138909,""score"":14.887341687592729},""V2_rvol_sameslot"":{""value"":1.622675012457105,""score"":74.84500083047367,""status"":""ok""},""V3_breakout_bar"":{""value"":0.7101515204160557,""score"":14.01010136107038},""V4_base_dryup"":{""value"":1.9328150450662192,""score"":0},""V5_bo_expansion"":{""value"":0.7233101253138909,""score"":0},""_score"":21.45},""readiness"":{""_distance_atr"":3.404,""BR1_atr_distance"":{""score"":0},""BR2_compression"":{""score"":0},""BR3_retest"":{""score"":50.0},""BR4_bo_age"":{""score"":50.0},""_score"":17.5},""risk"":{""R1_stop_clarity"":{""score"":67.83893632775238},""R2_stop_distance_pct"":{""value"":2.7515453296703405,""score"":100.0},""R3_stop_distance_atr"":{""value"":0.2987716204914595,""score"":39.93858102457297},""R4_rr_potential"":{""value"":14.826833073322874,""score"":100.0},""_score"":79.73},""market"":{""M1_spy_regime"":{""score"":100.0},""M3_earnings_risk"":{""value"":null,""score"":80.0},""M4_vix"":{""value"":null,""score"":60.0},""_score"":84.0},""liquidity"":{""L1_price"":{""value"":14.56,""score"":100.0},""L2_dollar_vol"":{""value"":52461285.1741888,""score"":85.99194627728197},""L3_spread_proxy"":{""value"":0.09237637362637367,""score"":7.623626373626323},""L4_volume_zscore"":{""value"":-0.5657885342341995,""score"":100.0},""_score"":85.16},""pattern_structure"":{""pole_low"":17.75,""pole_low_idx"":33,""peak_price"":19.125,""peak_idx"":39,""pole_gain"":0.07746478873239436,""flag_bars"":20,""flag_low"":14.375,""flag_high"":18.65,""structural_low"":14.375,""current_price"":14.605,""neckline_distance_pct"":0.30948305374871615,""base_bars"":20},""pattern_geometry_features"":{""pole_gain"":0.07746478873239436,""pullback_pct"":0.24836601307189543,""flag_range_pct"":0.2235294117647058,""flag_drift_per_bar"":-0.016329509154605123,""atr_pct"":0.09209527080062795,""pole_atr_multiple"":0.841137531373285},""_schema_version"":""1.0""}",,,,,,,,,,
20260610T172453Z-e22c49,2026-06-10T17:24:53.606196+00:00,UEC,bull_flag,absent,32.05,13.3,9.1,16.0,61.9,46.4,17.5,73.7,84.0,89.9,1.87,2.74,1.44,6.19,6.49,1.57,2.21,5.04,4.5,False,,9.522,14.46,9.4166,15.995,"{""trend"":{""T1_ema_stack"":{""value"":[false,false,true],""score"":33.33333333333333},""T2_ema50_slope"":{""value"":-0.38069149544930075,""score"":0},""T3_high_proximity"":{""value"":0.5781420765027323,""score"":0},""T4_rs_1m"":{""value"":-0.4089944039517517,""score"":0},""T5_rs_3m"":{""value"":-0.4061113913540543,""score"":0},""T6_adr_healthy"":{""value"":7.762299354003284,""score"":100.0},""_score"":13.33},""geometry"":{""sub_pole_impulse"":0.5,""sub_flag_tightness"":0,""sub_flag_shallowness"":0,""sub_flag_drift"":1.6,""sub_flag_duration"":87.5,""_score"":9.14},""compression"":{""VC1_atr_ratio"":{""value"":0.8500615955372383,""score"":37.48460111569044},""VC2_range_contraction"":{""value"":1.315423080051306,""score"":0},""VC3_range_pct_rank"":{""score"":4.1666666666666625},""_score"":16.04},""sr_quality"":{""SR1_touches"":{""value"":5,""score"":100},""SR2_tightness"":{""value"":0.2467103564911696,""score"":55.581697530509146},""SR3_recency"":{""value"":240,""score"":0.0},""SR4_price_location"":{""score"":34.10451456092183},""SR5_reaction"":{""value"":2.173974884097763,""score"":100},""_score"":61.86,""_levels_found"":6,""_target_level"":11.962},""volume"":{""V1_rvol_day"":{""value"":1.3480907704686103,""score"":56.539384697907344},""V2_rvol_sameslot"":{""value"":2.54318080537921,""score"":100,""status"":""ok""},""V3_breakout_bar"":{""value"":0.8228899905636635,""score"":21.5259993709109},""V4_base_dryup"":{""value"":1.189676631636601,""score"":31.03233683633991},""V5_bo_expansion"":{""value"":1.3480907704686103,""score"":23.20605136457402},""_score"":46.38},""readiness"":{""_distance_atr"":4.445,""BR1_atr_distance"":{""score"":0},""BR2_compression"":{""score"":0},""BR3_retest"":{""score"":50.0},""BR4_bo_age"":{""score"":50.0},""_score"":17.5},""risk"":{""R1_stop_clarity"":{""score"":74.18193275419728},""R2_stop_distance_pct"":{""value"":1.106910312959457,""score"":77.67275782398643},""R3_stop_distance_atr"":{""value"":0.09488229733987442,""score"":29.74411486699372},""R4_rr_potential"":{""value"":61.41366223908948,""score"":100.0},""_score"":73.73},""market"":{""M1_spy_regime"":{""score"":100.0},""M3_earnings_risk"":{""value"":null,""score"":80.0},""M4_vix"":{""value"":null,""score"":60.0},""_score"":84.0},""liquidity"":{""L1_price"":{""value"":9.522,""score"":99.761},""L2_dollar_vol"":{""value"":136795510.8162409,""score"":100.0},""L3_spread_proxy"":{""value"":0.1218231463978156,""score"":0},""L4_volume_zscore"":{""value"":0.6893633400693874,""score"":100.0},""_score"":89.94},""pattern_structure"":{""pole_low"":12.925,""pole_low_idx"":15,""peak_price"":14.46,""peak_idx"":38,""pole_gain"":0.11876208897485493,""flag_bars"":21,""flag_low"":9.56,""flag_high"":13.86,""structural_low"":9.56,""current_price"":9.56,""neckline_distance_pct"":0.5125523012552301,""base_bars"":21},""pattern_geometry_features"":{""pole_gain"":0.11876208897485493,""pullback_pct"":0.338865836791148,""flag_range_pct"":0.2973720608575379,""flag_drift_per_bar"":-0.019677987284681824,""atr_pct"":0.11666141566897709,""pole_atr_multiple"":1.018006581643398},""_schema_version"":""1.0""}",,,,,,,,,,
20260610T172453Z-e22c49,2026-06-10T17:24:53.606196+00:00,IE,bull_flag,absent,31.98,13.9,8.2,48.0,45.2,42.0,19.4,77.2,84.0,75.0,1.95,2.46,4.32,4.53,5.87,1.75,2.32,5.04,3.75,False,,10.2201,13.88,10.0371,14.98,"{""trend"":{""T1_ema_stack"":{""value"":[false,false,true],""score"":33.33333333333333},""T2_ema50_slope"":{""value"":-0.28275558860224914,""score"":2.874068566291811},""T3_high_proximity"":{""value"":0.6636428571428572,""score"":0},""T4_rs_1m"":{""value"":-0.3003018030351292,""score"":0},""T5_rs_3m"":{""value"":-0.35007849034943184,""score"":0},""T6_adr_healthy"":{""value"":6.929896651786288,""score"":100.0},""_score"":13.91},""geometry"":{""sub_pole_impulse"":0.0,""sub_flag_tightness"":0,""sub_flag_shallowness"":0,""sub_flag_drift"":38.1,""sub_flag_duration"":25.0,""_score"":8.21},""compression"":{""VC1_atr_ratio"":{""value"":0.6536114564217922,""score"":86.59713589455194},""VC2_range_contraction"":{""value"":1.2862336385175317,""score"":0},""VC3_range_pct_rank"":{""score"":53.333333333333336},""_score"":47.97},""sr_quality"":{""SR1_touches"":{""value"":3,""score"":50.0},""SR2_tightness"":{""value"":0.2860069929215016,""score"":39.03023440351097},""SR3_recency"":{""value"":240,""score"":0.0},""SR4_price_location"":{""score"":47.88171789230057},""SR5_reaction"":{""value"":1.656198212876325,""score"":82.80991064381625},""_score"":45.25,""_levels_found"":7,""_target_level"":11.85},""volume"":{""V1_rvol_day"":{""value"":0.5678703292272694,""score"":4.5246886151512955},""V2_rvol_sameslot"":{""value"":1.714720608353862,""score"":80.98137389025747,""status"":""ok""},""V3_breakout_bar"":{""value"":1.3300126739050862,""score"":55.33417826033907},""V4_base_dryup"":{""value"":0.9487560277646768,""score"":55.12439722353232},""V5_bo_expansion"":{""value"":0.5678703292272695,""score"":0},""_score"":41.96},""readiness"":{""_distance_atr"":3.901,""BR1_atr_distance"":{""score"":0},""BR2_compression"":{""score"":7.712822157405375},""BR3_retest"":{""score"":50.0},""BR4_bo_age"":{""score"":50.0},""_score"":19.43},""risk"":{""R1_stop_clarity"":{""score"":67.41608106770599},""R2_stop_distance_pct"":{""value"":1.7900999011751522,""score"":94.7524975293788},""R3_stop_distance_atr"":{""value"":0.1950025504960162,""score"":34.75012752480081},""R4_rr_potential"":{""value"":26.01749111779151,""score"":100.0},""_score"":77.23},""market"":{""M1_spy_regime"":{""score"":100.0},""M3_earnings_risk"":{""value"":null,""score"":80.0},""M4_vix"":{""value"":null,""score"":60.0},""_score"":84.0},""liquidity"":{""L1_price"":{""value"":10.2201,""score"":100.0},""L2_dollar_vol"":{""value"":10861708.176539414,""score"":51.79490651728291},""L3_spread_proxy"":{""value"":0.057572822183735974,""score"":42.42717781626403},""L4_volume_zscore"":{""value"":-1.371733502864564,""score"":100.0},""_score"":74.96},""pattern_structure"":{""pole_low"":12.78,""pole_low_idx"":9,""peak_price"":13.88,""peak_idx"":33,""pole_gain"":0.0860719874804383,""flag_bars"":26,""flag_low"":10.19,""flag_high"":13.71,""structural_low"":10.19,""current_price"":10.315,""neckline_distance_pct"":0.34561318468250135,""base_bars"":26},""pattern_geometry_features"":{""pole_gain"":0.0860719874804383,""pullback_pct"":0.2658501440922191,""flag_range_pct"":0.2536023054755044,""flag_drift_per_bar"":-0.012384639414014107,""atr_pct"":0.09179879425278198,""pole_atr_multiple"":0.937615664574264},""_schema_version"":""1.0""}",,,,,,,,,,
20260610T172453Z-e22c49,2026-06-10T17:24:53.606196+00:00,KVYO,bull_flag,absent,31.83,9.1,19.8,45.7,57.0,11.3,17.5,79.4,84.0,84.6,1.27,5.93,4.11,5.7,1.59,1.57,2.38,5.04,4.23,False,,14.86,16.52,14.184,18.27,"{""trend"":{""T1_ema_stack"":{""value"":[false,false,false],""score"":0.0},""T2_ema50_slope"":{""value"":-0.6824397237298544,""score"":0},""T3_high_proximity"":{""value"":0.6369481354479212,""score"":0},""T4_rs_1m"":{""value"":-0.029662253650360237,""score"":20.33774634963976},""T5_rs_3m"":{""value"":-0.3308065898993484,""score"":0},""T6_adr_healthy"":{""value"":6.050951483253063,""score"":100.0},""_score"":9.07},""geometry"":{""sub_pole_impulse"":15.9,""sub_flag_tightness"":0,""sub_flag_shallowness"":0,""sub_flag_drift"":83.3,""sub_flag_duration"":25.0,""_score"":19.77},""compression"":{""VC1_atr_ratio"":{""value"":0.6678620143362939,""score"":83.03449641592653},""VC2_range_contraction"":{""value"":1.1509155478628867,""score"":0},""VC3_range_pct_rank"":{""score"":50.0},""_score"":45.71},""sr_quality"":{""SR1_touches"":{""value"":2,""score"":25.0},""SR2_tightness"":{""value"":0.040000000000000036,""score"":92.56075933392226},""SR3_recency"":{""value"":240,""score"":0.0},""SR4_price_location"":{""score"":82.4247939263914},""SR5_reaction"":{""value"":2.1550550304543923,""score"":100},""_score"":56.99,""_levels_found"":6,""_target_level"":15.49},""volume"":{""V1_rvol_day"":{""value"":0.3236264673457369,""score"":0},""V2_rvol_sameslot"":{""value"":0.8585225051921352,""score"":23.90150034614235,""status"":""ok""},""V3_breakout_bar"":{""value"":0.8936824415129063,""score"":26.24549610086042},""V4_base_dryup"":{""value"":1.806630984500389,""score"":0},""V5_bo_expansion"":{""value"":0.32362646734573697,""score"":0},""_score"":11.34},""readiness"":{""_distance_atr"":1.544,""BR1_atr_distance"":{""score"":0},""BR2_compression"":{""score"":0},""BR3_retest"":{""score"":50.0},""BR4_bo_age"":{""score"":50.0},""_score"":17.5},""risk"":{""R1_stop_clarity"":{""score"":59.82810040318006},""R2_stop_distance_pct"":{""value"":4.549125168236879,""score"":100.0},""R3_stop_distance_atr"":{""value"":0.6286158362835683,""score"":56.43079181417841},""R4_rr_potential"":{""value"":5.044378698224851,""score"":100.0},""_score"":79.4},""market"":{""M1_spy_regime"":{""score"":100.0},""M3_earnings_risk"":{""value"":null,""score"":80.0},""M4_vix"":{""value"":null,""score"":60.0},""_score"":84.0},""liquidity"":{""L1_price"":{""value"":14.86,""score"":100.0},""L2_dollar_vol"":{""value"":32520519.46606676,""score"":75.60787370871607},""L3_spread_proxy"":{""value"":0.056514131897712004,""score"":43.485868102287995},""L4_volume_zscore"":{""value"":-1.805157469278836,""score"":100.0},""_score"":84.59},""pattern_structure"":{""pole_low"":14.77,""pole_low_idx"":9,""peak_price"":16.52,""peak_idx"":33,""pole_gain"":0.11848341232227488,""flag_bars"":26,""flag_low"":14.4,""flag_high"":16.475,""structural_low"":14.4,""current_price"":14.945,""neckline_distance_pct"":0.10538641686182665,""base_bars"":26},""pattern_geometry_features"":{""pole_gain"":0.11848341232227488,""pullback_pct"":0.1283292978208232,""flag_range_pct"":0.12560532687651338,""flag_drift_per_bar"":-0.003343999222219366,""atr_pct"":0.07236733320515283,""pole_atr_multiple"":1.637249945170543},""_schema_version"":""1.0""}",,,,,,,,,,
20260610T172453Z-e22c49,2026-06-10T17:24:53.606196+00:00,AOSL,bull_flag,absent,31.65,64.8,10.8,12.0,41.5,9.7,17.5,83.2,84.0,73.2,9.07,3.23,1.08,4.15,1.36,1.57,2.5,5.04,3.66,False,,38.29,54.3,37.2231,65.4699,"{""trend"":{""T1_ema_stack"":{""value"":[false,true,true],""score"":66.66666666666666},""T2_ema50_slope"":{""value"":0.9581713615265198,""score"":100},""T3_high_proximity"":{""value"":0.7181170292573144,""score"":0},""T4_rs_1m"":{""value"":0.004318724102740257,""score"":54.318724102740255},""T5_rs_3m"":{""value"":0.693640931640318,""score"":100},""T6_adr_healthy"":{""value"":10.205879227120482,""score"":44.85301932198795},""_score"":64.77},""geometry"":{""sub_pole_impulse"":18.3,""sub_flag_tightness"":0,""sub_flag_shallowness"":0,""sub_flag_drift"":35.1,""sub_flag_duration"":0.0,""_score"":10.75},""compression"":{""VC1_atr_ratio"":{""value"":0.9112319586881609,""score"":22.192010327959782},""VC2_range_contraction"":{""value"":1.4408687972084513,""score"":0},""VC3_range_pct_rank"":{""score"":12.5},""_score"":12.0},""sr_quality"":{""SR1_touches"":{""value"":3,""score"":50.0},""SR2_tightness"":{""value"":1.2428326096283275,""score"":56.62604673561786},""SR3_recency"":{""value"":232,""score"":0.0},""SR4_price_location"":{""score"":25.05254308532997},""SR5_reaction"":{""value"":1.5628940969127856,""score"":78.14470484563928},""_score"":41.48,""_levels_found"":3,""_target_level"":44.2333},""volume"":{""V1_rvol_day"":{""value"":0.3782858885605649,""score"":0},""V2_rvol_sameslot"":{""value"":0.9443280194679978,""score"":29.621867964533187,""status"":""ok""},""V3_breakout_bar"":{""value"":0.7285686389487337,""score"":15.237909263248914},""V4_base_dryup"":{""value"":1.5294892359378303,""score"":0},""V5_bo_expansion"":{""value"":0.3782858885605649,""score"":0},""_score"":9.73},""readiness"":{""_distance_atr"":2.794,""BR1_atr_distance"":{""score"":0},""BR2_compression"":{""score"":0},""BR3_retest"":{""score"":50.0},""BR4_bo_age"":{""score"":50.0},""_score"":17.5},""risk"":{""R1_stop_clarity"":{""score"":80.21734768025777},""R2_stop_distance_pct"":{""value"":2.786236615304263,""score"":100.0},""R3_stop_distance_atr"":{""value"":0.1861614415393574,""score"":34.30807207696787},""R4_rr_potential"":{""value"":25.476777428879352,""score"":100.0},""_score"":83.22},""market"":{""M1_spy_regime"":{""score"":100.0},""M3_earnings_risk"":{""value"":null,""score"":80.0},""M4_vix"":{""value"":null,""score"":60.0},""_score"":84.0},""liquidity"":{""L1_price"":{""value"":38.29,""score"":100.0},""L2_dollar_vol"":{""value"":14452765.42428929,""score"":57.997547695804165},""L3_spread_proxy"":{""value"":0.11308435622878033,""score"":0},""L4_volume_zscore"":{""value"":-1.6078361592057424,""score"":100.0},""_score"":73.2},""pattern_structure"":{""pole_low"":43.1301,""pole_low_idx"":16,""peak_price"":54.3,""peak_idx"":31,""pole_gain"":0.25898154653014943,""flag_bars"":28,""flag_low"":37.79,""flag_high"":53.25,""structural_low"":37.79,""current_price"":38.33,""neckline_distance_pct"":0.4166449256457083,""base_bars"":28},""pattern_geometry_features"":{""pole_gain"":0.25898154653014943,""pullback_pct"":0.3040515653775322,""flag_range_pct"":0.2847145488029466,""flag_drift_per_bar"":-0.012984021884675899,""atr_pct"":0.14966776107152185,""pole_atr_multiple"":1.730376299317992},""_schema_version"":""1.0""}",,,,,,,,,,
20260610T172453Z-e22c49,2026-06-10T17:24:53.606196+00:00,HLNE,bull_flag,absent,31.33,5.0,22.2,46.0,55.4,9.4,19.0,73.6,84.0,80.0,0.7,6.67,4.14,5.54,1.32,1.71,2.21,5.04,4.0,False,,78.105,84.45,76.1504,92.11,"{""trend"":{""T1_ema_stack"":{""value"":[false,false,false],""score"":0.0},""T2_ema50_slope"":{""value"":-0.5093435080974253,""score"":0},""T3_high_proximity"":{""value"":0.7311148553777029,""score"":0},""T4_rs_1m"":{""value"":-0.10519203601003957,""score"":0},""T5_rs_3m"":{""value"":-0.2835966519561104,""score"":0},""T6_adr_healthy"":{""value"":4.309542294294574,""score"":100.0},""_score"":5.0},""geometry"":{""sub_pole_impulse"":19.3,""sub_flag_tightness"":0,""sub_flag_shallowness"":0,""sub_flag_drift"":93.0,""sub_flag_duration"":25.0,""_score"":22.24},""compression"":{""VC1_atr_ratio"":{""value"":0.402744230185009,""score"":100},""VC2_range_contraction"":{""value"":1.158598408213157,""score"":0},""VC3_range_pct_rank"":{""score"":24.16666666666667},""_score"":46.04},""sr_quality"":{""SR1_touches"":{""value"":3,""score"":50.0},""SR2_tightness"":{""value"":0.7870867522424398,""score"":64.19415000083133},""SR3_recency"":{""value"":234,""score"":0.0},""SR4_price_location"":{""score"":66.60915226369544},""SR5_reaction"":{""value"":1.8799411208484826,""score"":93.99705604242413},""_score"":55.38,""_levels_found"":4,""_target_level"":82.9983},""volume"":{""V1_rvol_day"":{""value"":0.24982544449224534,""score"":0},""V2_rvol_sameslot"":{""value"":0.582356611246398,""score"":5.49044074975987,""status"":""ok""},""V3_breakout_bar"":{""value"":0.4591892324558734,""score"":0},""V4_base_dryup"":{""value"":1.0841136554904782,""score"":41.58863445095218},""V5_bo_expansion"":{""value"":0.24982544449224534,""score"":0},""_score"":9.42},""readiness"":{""_distance_atr"":1.443,""BR1_atr_distance"":{""score"":3.785227571819931},""BR2_compression"":{""score"":0},""BR3_retest"":{""score"":50.0},""BR4_bo_age"":{""score"":50.0},""_score"":19.01},""risk"":{""R1_stop_clarity"":{""score"":47.24564498991065},""R2_stop_distance_pct"":{""value"":2.502592663721914,""score"":100.0},""R3_stop_distance_atr"":{""value"":0.4446009572736225,""score"":47.23004786368112},""R4_rr_potential"":{""value"":7.164965594863525,""score"":100.0},""_score"":73.62},""market"":{""M1_spy_regime"":{""score"":100.0},""M3_earnings_risk"":{""value"":null,""score"":80.0},""M4_vix"":{""value"":null,""score"":60.0},""_score"":84.0},""liquidity"":{""L1_price"":{""value"":78.105,""score"":100.0},""L2_dollar_vol"":{""value"":18477518.40294237,""score"":63.33218217462204},""L3_spread_proxy"":{""value"":0.05364573330772675,""score"":46.35426669227325},""L4_volume_zscore"":{""value"":-1.7511271041725873,""score"":100.0},""_score"":79.97},""pattern_structure"":{""pole_low"":76.79,""pole_low_idx"":28,""peak_price"":84.45,""peak_idx"":33,""pole_gain"":0.09975257194947254,""flag_bars"":26,""flag_low"":77.31,""flag_high"":83.96,""structural_low"":77.31,""current_price"":78.36,""neckline_distance_pct"":0.07771822358346099,""base_bars"":26},""pattern_geometry_features"":{""pole_gain"":0.09975257194947254,""pullback_pct"":0.08454706927175844,""flag_range_pct"":0.07874481941977492,""flag_drift_per_bar"":-0.0013989760168933278,""atr_pct"":0.05628851271639826,""pole_atr_multiple"":1.7721657072742678},""_schema_version"":""1.0""}",,,,,,,,,,
20260610T172453Z-e22c49,2026-06-10T17:24:53.606196+00:00,EH,vcp,invalidated,31.13,5.0,45.0,1.0,37.3,23.7,17.5,33.0,84.0,70.8,0.75,11.25,0.12,4.47,3.08,1.23,1.65,5.04,3.54,False,,6.815,11.94,9.1113,15.115,"{""trend"":{""T1_ema_stack"":{""value"":[false,false,false],""score"":0.0},""T2_ema50_slope"":{""value"":-0.5772699115523177,""score"":0},""T3_high_proximity"":{""value"":0.5627580511973577,""score"":0},""T4_rs_1m"":{""value"":-0.31965362051324997,""score"":0},""T5_rs_3m"":{""value"":-0.5236245306434815,""score"":0},""T6_adr_healthy"":{""value"":6.729721074374159,""score"":100.0},""_score"":5.0},""geometry"":{""sub_contraction_count"":100.0,""sub_reduction_rate"":0,""sub_pivot_tightness"":0,""sub_volume_dryup"":0,""sub_base_depth"":100.0,""sub_base_duration"":100.0,""_score"":45.0},""compression"":{""VC1_atr_ratio"":{""value"":1.1496803044090667,""score"":0},""VC2_range_contraction"":{""value"":1.9885328271015732,""score"":0},""VC3_range_pct_rank"":{""score"":4.1666666666666625},""_score"":1.04},""sr_quality"":{""SR1_touches"":{""value"":2,""score"":25.0},""SR2_tightness"":{""value"":0.09750000000000014,""score"":75.94056526452157},""SR3_recency"":{""value"":254,""score"":0.0},""SR4_price_location"":{""score"":13.478571239721916},""SR5_reaction"":{""value"":2.205448184085521,""score"":100},""_score"":37.26,""_levels_found"":6,""_target_level"":9.1525},""volume"":{""V1_rvol_day"":{""value"":1.1288042999621966,""score"":41.92028666414644},""V2_rvol_sameslot"":{""value"":1.1639787482331234,""score"":44.26524988220823,""status"":""ok""},""V3_breakout_bar"":{""value"":0.29470710104577447,""score"":0},""V4_base_dryup"":{""value"":1.2419196962997754,""score"":25.808030370022465},""V5_bo_expansion"":{""value"":1.1288042999621961,""score"":8.586953330813074},""_score"":23.69},""readiness"":{""_distance_atr"":6.323,""BR1_atr_distance"":{""score"":0},""BR2_compression"":{""score"":0},""BR3_retest"":{""score"":50.0},""BR4_bo_age"":{""score"":50.0},""_score"":17.5},""risk"":{""R1_stop_clarity"":{""score"":65.76157364566537},""R2_stop_distance_pct"":{""value"":-33.69405722670579,""score"":0.0},""R3_stop_distance_atr"":{""value"":-2.833152667248322,""score"":0.0},""R4_rr_potential"":{""value"":null,""score"":50.0},""_score"":33.02},""market"":{""M1_spy_regime"":{""score"":100.0},""M3_earnings_risk"":{""value"":null,""score"":80.0},""M4_vix"":{""value"":null,""score"":60.0},""_score"":84.0},""liquidity"":{""L1_price"":{""value"":6.815,""score"":98.4075},""L2_dollar_vol"":{""value"":10044707.34670133,""score"":50.096864403321376},""L3_spread_proxy"":{""value"":0.08802641232575212,""score"":11.97358767424788},""L4_volume_zscore"":{""value"":0.1312374209396068,""score"":100.0},""_score"":70.84},""pattern_structure"":{""n_contractions"":5,""contractions_pct"":[8.17,13.51,32.93,9.3,22.53],""descending_strict"":false,""final_low"":9.25,""final_pivot"":11.94,""structural_low"":9.25,""dry_up_ratio"":3.28236978821773,""current_price"":6.815,""neckline_distance_pct"":0.7520176082171678,""base_bars"":54},""pattern_geometry_features"":{""contraction_count"":5.0,""first_contraction_pct"":0.08169014084507047,""last_contraction_pct"":0.22529313232830817,""dry_up_ratio"":3.28236978821773,""near_monotone"":0.0,""base_depth_pct"":0.2555331991951711},""_schema_version"":""1.0""}",,,,,,,,,,
20260610T172453Z-e22c49,2026-06-10T17:24:53.606196+00:00,MIR,bull_flag,absent,30.64,5.0,20.6,44.7,49.9,16.4,17.5,62.7,84.0,79.5,0.7,6.17,4.02,4.99,2.29,1.57,1.88,5.04,3.98,False,,15.93,18.65,15.7945,20.565,"{""trend"":{""T1_ema_stack"":{""value"":[false,false,false],""score"":0.0},""T2_ema50_slope"":{""value"":-0.3844223130695703,""score"":0},""T3_high_proximity"":{""value"":0.7812653261402648,""score"":0},""T4_rs_1m"":{""value"":-0.12465678364885324,""score"":0},""T5_rs_3m"":{""value"":-0.34188553073135475,""score"":0},""T6_adr_healthy"":{""value"":4.560156389719048,""score"":100.0},""_score"":5.0},""geometry"":{""sub_pole_impulse"":25.3,""sub_flag_tightness"":0,""sub_flag_shallowness"":0,""sub_flag_drift"":78.1,""sub_flag_duration"":12.5,""_score"":20.55},""compression"":{""VC1_atr_ratio"":{""value"":0.602779180032503,""score"":99.30520499187425},""VC2_range_contraction"":{""value"":0.9930497669208582,""score"":1.1583721798569628},""VC3_range_pct_rank"":{""score"":18.333333333333336},""_score"":44.71},""sr_quality"":{""SR1_touches"":{""value"":2,""score"":25.0},""SR2_tightness"":{""value"":0.20500000000000007,""score"":54.731861198738144},""SR3_recency"":{""value"":234,""score"":0.0},""SR4_price_location"":{""score"":76.64826498422718},""SR5_reaction"":{""value"":3.406151419558359,""score"":100},""_score"":49.87,""_levels_found"":6,""_target_level"":16.635},""volume"":{""V1_rvol_day"":{""value"":0.30666930330125897,""score"":0},""V2_rvol_sameslot"":{""value"":0.5958752744154123,""score"":6.391684961027488,""status"":""ok""},""V3_breakout_bar"":{""value"":0.8260555646827035,""score"":21.737037645513567},""V4_base_dryup"":{""value"":1.01678457662173,""score"":48.321542337827},""V5_bo_expansion"":{""value"":0.30666930330125897,""score"":0},""_score"":16.38},""readiness"":{""_distance_atr"":3.003,""BR1_atr_distance"":{""score"":0},""BR2_compression"":{""score"":0},""BR3_retest"":{""score"":50.0},""BR4_bo_age"":{""score"":50.0},""_score"":17.5},""risk"":{""R1_stop_clarity"":{""score"":46.887223974763415},""R2_stop_distance_pct"":{""value"":0.8507532956685465,""score"":71.26883239171366},""R3_stop_distance_atr"":{""value"":0.14963328075709723,""score"":32.48166403785486},""R4_rr_potential"":{""value"":34.20033204205878,""score"":100.0},""_score"":62.66},""market"":{""M1_spy_regime"":{""score"":100.0},""M3_earnings_risk"":{""value"":null,""score"":80.0},""M4_vix"":{""value"":null,""score"":60.0},""_score"":84.0},""liquidity"":{""L1_price"":{""value"":15.93,""score"":100.0},""L2_dollar_vol"":{""value"":18674208.41792886,""score"":63.56211007721888},""L3_spread_proxy"":{""value"":0.05900816070307582,""score"":40.991839296924184},""L4_volume_zscore"":{""value"":-1.8242629055076354,""score"":100.0},""_score"":79.52},""pattern_structure"":{""pole_low"":16.735,""pole_low_idx"":8,""peak_price"":18.65,""peak_idx"":32,""pole_gain"":0.11443083358231247,""flag_bars"":27,""flag_low"":16.035,""flag_high"":18.44,""structural_low"":16.035,""current_price"":16.073306,""neckline_distance_pct"":0.16030889973724136,""base_bars"":27},""pattern_geometry_features"":{""pole_gain"":0.11443083358231247,""pullback_pct"":0.14021447721179617,""flag_range_pct"":0.12895442359249337,""flag_drift_per_bar"":-0.004372796757947624,""atr_pct"":0.05685588736436192,""pole_atr_multiple"":2.0126470430226604},""_schema_version"":""1.0""}",,,,,,,,,,
20260610T172453Z-e22c49,2026-06-10T17:24:53.606196+00:00,HUBS,bull_flag,absent,30.62,21.9,19.9,27.0,52.5,0.8,17.5,80.7,84.0,94.9,3.07,5.98,2.43,5.25,0.12,1.57,2.42,5.04,4.74,False,,195.48,234.88,187.1697,269.3,"{""trend"":{""T1_ema_stack"":{""value"":[false,false,false],""score"":0.0},""T2_ema50_slope"":{""value"":-0.32669865456290187,""score"":0},""T3_high_proximity"":{""value"":0.7361325550743739,""score"":0},""T4_rs_1m"":{""value"":0.03450039630939172,""score"":84.50039630939173},""T5_rs_3m"":{""value"":-0.324586515219896,""score"":0},""T6_adr_healthy"":{""value"":6.528024124044843,""score"":100.0},""_score"":21.9},""geometry"":{""sub_pole_impulse"":24.3,""sub_flag_tightness"":0,""sub_flag_shallowness"":0,""sub_flag_drift"":67.6,""sub_flag_duration"":25.0,""_score"":19.93},""compression"":{""VC1_atr_ratio"":{""value"":0.8762230085333828,""score"":30.94424786665431},""VC2_range_contraction"":{""value"":1.1996039629501312,""score"":0},""VC3_range_pct_rank"":{""score"":58.33333333333333},""_score"":26.96},""sr_quality"":{""SR1_touches"":{""value"":4,""score"":75.0},""SR2_tightness"":{""value"":3.79975883280768,""score"":55.31794420998244},""SR3_recency"":{""value"":253,""score"":0.0},""SR4_price_location"":{""score"":26.96040488240549},""SR5_reaction"":{""value"":2.5939520846929884,""score"":100},""_score"":52.54,""_levels_found"":6,""_target_level"":210.8137},""volume"":{""V1_rvol_day"":{""value"":0.33443421445081956,""score"":0},""V2_rvol_sameslot"":{""value"":0.562943907415606,""score"":4.19626049437373,""status"":""ok""},""V3_breakout_bar"":{""value"":0.38692523181392285,""score"":0},""V4_base_dryup"":{""value"":1.6307838437687716,""score"":0},""V5_bo_expansion"":{""value"":0.3344342144508195,""score"":0},""_score"":0.84},""readiness"":{""_distance_atr"":2.317,""BR1_atr_distance"":{""score"":0},""BR2_compression"":{""score"":0},""BR3_retest"":{""score"":50.0},""BR4_bo_age"":{""score"":50.0},""_score"":17.5},""risk"":{""R1_stop_clarity"":{""score"":66.48280345619153},""R2_stop_distance_pct"":{""value"":4.2512277470840925,""score"":100.0},""R3_stop_distance_atr"":{""value"":0.4886116521734739,""score"":49.4305826086737},""R4_rr_potential"":{""value"":8.882952480656547,""score"":100.0},""_score"":80.68},""market"":{""M1_spy_regime"":{""score"":100.0},""M3_earnings_risk"":{""value"":null,""score"":80.0},""M4_vix"":{""value"":null,""score"":60.0},""_score"":84.0},""liquidity"":{""L1_price"":{""value"":195.48,""score"":100.0},""L2_dollar_vol"":{""value"":142212132.97588474,""score"":100.0},""L3_spread_proxy"":{""value"":0.051053816247186364,""score"":48.94618375281364},""L4_volume_zscore"":{""value"":-1.111330910978107,""score"":100.0},""_score"":94.89},""pattern_structure"":{""pole_low"":200.46,""pole_low_idx"":8,""peak_price"":234.88,""peak_idx"":33,""pole_gain"":0.17170507831986423,""flag_bars"":26,""flag_low"":190.02,""flag_high"":231.32,""structural_low"":190.02,""current_price"":196.82,""neckline_distance_pct"":0.1933746570470481,""base_bars"":26},""pattern_geometry_features"":{""pole_gain"":0.17170507831986423,""pullback_pct"":0.19099114441416887,""flag_range_pct"":0.17583446866485006,""flag_drift_per_bar"":-0.006471586255652921,""atr_pct"":0.08700627027975094,""pole_atr_multiple"":1.9734793569219957},""_schema_version"":""1.0""}",,,,,,,,,,
20260610T172453Z-e22c49,2026-06-10T17:24:53.606196+00:00,NTSK,bull_flag,absent,27.84,23.4,12.2,26.0,34.9,8.1,26.2,78.6,84.0,83.6,3.28,3.66,2.34,3.49,1.14,2.35,2.36,5.04,4.18,False,,8.67,12.67,8.5104,14.01,"{""trend"":{""T1_ema_stack"":{""value"":[false,false,false],""score"":0.0},""T2_ema50_slope"":{""value"":0.253108835658654,""score"":92.184805943109},""T3_high_proximity"":{""value"":0.6741835147744946,""score"":0},""T4_rs_1m"":{""value"":-0.21578416728722427,""score"":0},""T5_rs_3m"":{""value"":-0.36428745222582337,""score"":0},""T6_adr_healthy"":{""value"":6.061848297963514,""score"":100.0},""_score"":23.44},""geometry"":{""sub_pole_impulse"":4.2,""sub_flag_tightness"":0,""sub_flag_shallowness"":0,""sub_flag_drift"":64.6,""sub_flag_duration"":12.5,""_score"":12.2},""compression"":{""VC1_atr_ratio"":{""value"":0.9757182812102719,""score"":6.070429697432017},""VC2_range_contraction"":{""value"":1.1850750562988237,""score"":0},""VC3_range_pct_rank"":{""score"":94.16666666666667},""_score"":25.97},""sr_quality"":{""SR1_touches"":{""value"":2,""score"":25.0},""SR2_tightness"":{""value"":0.14749999999999996,""score"":66.40063781840072},""SR3_recency"":{""value"":95,""score"":0.0},""SR4_price_location"":{""score"":9.737827715355724},""SR5_reaction"":{""value"":2.360497563436084,""score"":100},""_score"":34.89,""_levels_found"":6,""_target_level"":9.2725},""volume"":{""V1_rvol_day"":{""value"":0.44639155605778147,""score"":0},""V2_rvol_sameslot"":{""value"":0.692842233848755,""score"":12.856148923250332,""status"":""ok""},""V3_breakout_bar"":{""value"":0.40431323202174035,""score"":0},""V4_base_dryup"":{""value"":1.2214567616288317,""score"":27.854323837116837},""V5_bo_expansion"":{""value"":0.44639155605778147,""score"":0},""_score"":8.14},""readiness"":{""_distance_atr"":4.556,""BR1_atr_distance"":{""score"":0},""BR2_compression"":{""score"":34.65675083737966},""BR3_retest"":{""score"":50.0},""BR4_bo_age"":{""score"":50.0},""_score"":26.16},""risk"":{""R1_stop_clarity"":{""score"":70.47811973738804},""R2_stop_distance_pct"":{""value"":1.8408304498269814,""score"":96.02076124567454},""R3_stop_distance_atr"":{""value"":0.18177824420960068,""score"":34.08891221048004},""R4_rr_potential"":{""value"":33.4586466165415,""score"":100.0},""_score"":78.59},""market"":{""M1_spy_regime"":{""score"":100.0},""M3_earnings_risk"":{""value"":null,""score"":80.0},""M4_vix"":{""value"":null,""score"":60.0},""_score"":84.0},""liquidity"":{""L1_price"":{""value"":8.67,""score"":99.335},""L2_dollar_vol"":{""value"":22038734.659717828,""score"":67.15933280735977},""L3_spread_proxy"":{""value"":0.030565167243367795,""score"":69.4348327566322},""L4_volume_zscore"":{""value"":-0.8946110290278328,""score"":100.0},""_score"":83.64},""pattern_structure"":{""pole_low"":11.33,""pole_low_idx"":9,""peak_price"":12.67,""peak_idx"":32,""pole_gain"":0.11827007943512796,""flag_bars"":27,""flag_low"":8.64,""flag_high"":10.6466,""structural_low"":8.64,""current_price"":8.67,""neckline_distance_pct"":0.461361014994233,""base_bars"":27},""pattern_geometry_features"":{""pole_gain"":0.11827007943512796,""pullback_pct"":0.3180741910023677,""flag_range_pct"":0.15837411207576943,""flag_drift_per_bar"":-0.007089531639704653,""atr_pct"":0.10126791893227878,""pole_atr_multiple"":1.1678928596747316},""_schema_version"":""1.0""}",,,,,,,,,,
20260610T172453Z-e22c49,2026-06-10T17:24:53.606196+00:00,TT,breakout_retest_hold,invalidated,0.0,47.6,0.0,42.4,45.8,0.0,0.0,0.0,84.0,94.6,0.0,0.0,0.0,0.0,0.0,0.0,0.0,0.0,0.0,False,,452.53,466.155,454.5783,,"{""_source"":""active_monitor"",""_prior_state"":""setup"",""_schema_version"":""1.0""}",active_monitor_event,,,,,,,,,
20260610T172453Z-e22c49,2026-06-10T17:24:53.606196+00:00,JCI,breakout_retest_hold,invalidated,0.0,61.5,0.0,18.4,56.5,0.0,0.0,0.0,84.0,94.0,0.0,0.0,0.0,0.0,0.0,0.0,0.0,0.0,0.0,False,,141.31,142.195,141.8868,,"{""_source"":""active_monitor"",""_prior_state"":""breakout_confirmed"",""_schema_version"":""1.0""}",active_monitor_event,,,,,,,,,
20260610T172453Z-e22c49,2026-06-10T17:24:53.606196+00:00,SAIL,breakout_retest_hold,invalidated,0.0,53.3,0.0,2.1,46.7,0.0,0.0,0.0,84.0,85.2,0.0,0.0,0.0,0.0,0.0,0.0,0.0,0.0,0.0,False,,14.56,15.05,14.8401,,"{""_source"":""active_monitor"",""_prior_state"":""breakout_confirmed"",""_schema_version"":""1.0""}",active_monitor_event,,,,,,,,,
