run_id,asof,ticker,pattern,pattern_state,final_score,trend,geometry,compression,sr_quality,volume,readiness,risk,market,liquidity,comp_trend,comp_geometry,comp_compression,comp_sr,comp_volume,comp_readiness,comp_risk,comp_market,comp_liquidity,veto_triggered,veto_reasons,price,trigger,invalid_below,measured_move_target,features_json,note,ret_1h,ret_eod,ret_1d,ret_3d,ret_5d,max_dd_5d,max_fav_5d,touched_invalid_5d,post_hoc_tag
20260520T193044Z-73e07b,2026-05-20T19:30:44.960382+00:00,RBRK,double_bottom,candidate,64.35,90.8,64.4,60.1,51.6,35.6,67.3,47.0,84.0,94.8,13.61,16.09,4.8,7.23,4.63,5.38,2.82,5.04,4.74,False,,66.685,67.31,60.1835,73.52,"{""trend"":{""T1_ema_stack"":{""value"":[true,true,false],""score"":66.66666666666666},""T2_ema50_slope"":{""value"":0.2726402843196492,""score"":95.4400473866082},""T3_high_proximity"":{""value"":1.0,""score"":99.99999999999997},""T4_rs_1m"":{""value"":0.18266631543376266,""score"":100},""T5_rs_3m"":{""value"":0.1493576423776488,""score"":100},""T6_adr_healthy"":{""value"":4.634544576075171,""score"":100.0},""_score"":90.75},""geometry"":{""sub_low_similarity"":29.3,""sub_bounce_quality"":100,""sub_separation_fit"":20.0,""sub_right_bottom_reaction"":83.8,""sub_base_context"":100.0,""_score"":64.36},""compression"":{""VC1_atr_ratio"":{""value"":0.4403920444610298,""score"":100},""VC2_range_contraction"":{""value"":0.8060819019920673,""score"":32.31968300132212},""VC3_range_pct_rank"":{""score"":35.0},""_score"":60.06},""sr_quality"":{""SR1_touches"":{""value"":3,""score"":50.0},""SR2_tightness"":{""value"":0.09010630758535743,""score"":94.26156712666291},""SR3_recency"":{""value"":229,""score"":0.0},""SR4_price_location"":{""score"":30.0},""SR5_reaction"":{""value"":2.3988494217919927,""score"":100},""_score"":51.64,""_levels_found"":3,""_target_level"":58.0468},""volume"":{""V1_rvol_day"":{""value"":0.793903314156168,""score"":19.593554277077864},""V2_rvol_sameslot"":{""value"":1.2366262011253788,""score"":49.10841340835859,""status"":""ok""},""V3_breakout_bar"":{""value"":0.9101790085290701,""score"":27.345267235271336},""V4_base_dryup"":{""value"":0.7471179108119306,""score"":75.28820891880694},""V5_bo_expansion"":{""value"":0.7939033141561683,""score"":0},""_score"":35.63},""readiness"":{""_distance_atr"":0.199,""BR1_atr_distance"":{""score"":86.73226236155116},""BR2_compression"":{""score"":60.36432777791819},""BR3_retest"":{""score"":50.0},""BR4_bo_age"":{""score"":50.0},""_score"":67.28},""risk"":{""R1_stop_clarity"":{""score"":41.632568580935946},""R2_stop_distance_pct"":{""value"":9.749568868561145,""score"":56.260778285971384},""R3_stop_distance_atr"":{""value"":2.070244710153002,""score"":100.0},""R4_rr_potential"":{""value"":1.0512958548027391,""score"":2.5647927401369564},""_score"":46.96},""market"":{""M1_spy_regime"":{""score"":100.0},""M3_earnings_risk"":{""value"":null,""score"":80.0},""M4_vix"":{""value"":null,""score"":60.0},""_score"":84.0},""liquidity"":{""L1_price"":{""value"":66.685,""score"":100.0},""L2_dollar_vol"":{""value"":157836842.83458322,""score"":100.0},""L3_spread_proxy"":{""value"":0.05233560770788047,""score"":47.66439229211953},""L4_volume_zscore"":{""value"":-1.0056255645146548,""score"":100.0},""_score"":94.77},""pattern_structure"":{""left_low"":61.1,""left_idx"":32,""right_low"":63.3,""right_idx"":74,""separation_bars"":42,""structural_low"":61.1,""current_price"":66.82,""neckline_distance_pct"":0.007333133792277898,""base_bars"":42},""pattern_geometry_features"":{""low_similarity_pct"":0.03536977491961408,""bounce_pct"":0.10163666121112931,""right_bottom_reaction"":0.8375000000000005,""atr_pct"":0.0470937992052186},""_schema_version"":""1.0""}",,,,,,,,,,
20260520T193044Z-73e07b,2026-05-20T19:30:44.960382+00:00,INOD,double_bottom,candidate,63.27,88.9,95.0,4.6,47.1,7.4,56.4,69.4,84.0,91.0,13.34,23.75,0.37,6.59,0.96,4.51,4.16,5.04,4.55,False,,92.57,99.44,83.7349,113.87,"{""trend"":{""T1_ema_stack"":{""value"":[true,true,true],""score"":100.0},""T2_ema50_slope"":{""value"":0.7790869863756428,""score"":100},""T3_high_proximity"":{""value"":0.8915535009149571,""score"":45.776750457478535},""T4_rs_1m"":{""value"":0.9527635349323713,""score"":100},""T5_rs_3m"":{""value"":0.94725229034943,""score"":100},""T6_adr_healthy"":{""value"":10.358549875260097,""score"":41.03625311849757},""_score"":88.92},""geometry"":{""sub_low_similarity"":92.4,""sub_bounce_quality"":100,""sub_separation_fit"":100.0,""sub_right_bottom_reaction"":81.8,""sub_base_context"":100.0,""_score"":94.99},""compression"":{""VC1_atr_ratio"":{""value"":1.8480465760562996,""score"":0},""VC2_range_contraction"":{""value"":2.1667376466889214,""score"":0},""VC3_range_pct_rank"":{""score"":18.333333333333336},""_score"":4.58},""sr_quality"":{""SR1_touches"":{""value"":4,""score"":75.0},""SR2_tightness"":{""value"":2.3074282220688924,""score"":62.563303090697985},""SR3_recency"":{""value"":301,""score"":0.0},""SR4_price_location"":{""score"":30.0},""SR5_reaction"":{""value"":1.0249780706611042,""score"":51.24890353305521},""_score"":47.07,""_levels_found"":3,""_target_level"":64.725},""volume"":{""V1_rvol_day"":{""value"":0.4656469002407172,""score"":0},""V2_rvol_sameslot"":{""value"":0.7539610274423728,""score"":16.930735162824853,""status"":""ok""},""V3_breakout_bar"":{""value"":0.7416540350677818,""score"":16.110269004518788},""V4_base_dryup"":{""value"":2.761641980648634,""score"":0},""V5_bo_expansion"":{""value"":0.4656469002407172,""score"":0},""_score"":7.41},""readiness"":{""_distance_atr"":0.557,""BR1_atr_distance"":{""score"":62.846065978410294},""BR2_compression"":{""score"":55.13674904943648},""BR3_retest"":{""score"":50.0},""BR4_bo_age"":{""score"":50.0},""_score"":56.42},""risk"":{""R1_stop_clarity"":{""score"":79.31142403160264},""R2_stop_distance_pct"":{""value"":9.544290806956882,""score"":61.392729826077954},""R3_stop_distance_atr"":{""value"":0.7167261575782696,""score"":60.83630787891347},""R4_rr_potential"":{""value"":2.4108249435493496,""score"":70.54124717746748},""_score"":69.41},""market"":{""M1_spy_regime"":{""score"":100.0},""M3_earnings_risk"":{""value"":null,""score"":80.0},""M4_vix"":{""value"":null,""score"":60.0},""_score"":84.0},""liquidity"":{""L1_price"":{""value"":92.57,""score"":100.0},""L2_dollar_vol"":{""value"":130734867.258262,""score"":100.0},""L3_spread_proxy"":{""value"":0.09049043966727882,""score"":9.509560332721179},""L4_volume_zscore"":{""value"":-0.3637533553145738,""score"":100.0},""_score"":90.95},""pattern_structure"":{""left_low"":85.335,""left_idx"":44,""right_low"":85.01,""right_idx"":70,""separation_bars"":26,""structural_low"":85.01,""current_price"":92.455,""neckline_distance_pct"":0.07555026769779892,""base_bars"":26},""pattern_geometry_features"":{""low_similarity_pct"":0.003815785611552891,""bounce_pct"":0.16974473591342185,""right_bottom_reaction"":0.818452380952381,""atr_pct"":0.1331650966835908},""_schema_version"":""1.0""}",,,,,,,,,,
20260520T193044Z-73e07b,2026-05-20T19:30:44.960382+00:00,QBTS,breakout_retest_hold,setup,62.63,33.7,88.4,43.9,48.8,20.8,89.1,64.7,84.0,94.4,4.71,19.45,2.63,6.83,2.71,16.03,3.23,4.2,2.83,False,,19.175,19.165,18.7159,19.685,"{""trend"":{""T1_ema_stack"":{""value"":[false,true,false],""score"":33.33333333333333},""T2_ema50_slope"":{""value"":0.42286056814026557,""score"":100},""T3_high_proximity"":{""value"":0.7979608822305452,""score"":0},""T4_rs_1m"":{""value"":-0.10998624575837379,""score"":0},""T5_rs_3m"":{""value"":-0.09247950490449341,""score"":3.760247547753295},""T6_adr_healthy"":{""value"":8.178499212670134,""score"":95.53751968324664},""_score"":33.67},""geometry"":{""sub_retest_depth"":100.0,""sub_retest_timing"":100.0,""sub_retest_freshness"":75.0,""sub_hold_quality"":78.1,""_score"":88.43},""compression"":{""VC1_atr_ratio"":{""value"":0.7548369242793571,""score"":61.29076893016072},""VC2_range_contraction"":{""value"":1.0904967851682912,""score"":0},""VC3_range_pct_rank"":{""score"":77.5},""_score"":43.89},""sr_quality"":{""SR1_touches"":{""value"":3,""score"":50.0},""SR2_tightness"":{""value"":0.42171922202126605,""score"":55.15516550164844},""SR3_recency"":{""value"":247,""score"":0.0},""SR4_price_location"":{""score"":41.91867933768164},""SR5_reaction"":{""value"":2.2576648905666676,""score"":100},""_score"":48.75,""_levels_found"":5,""_target_level"":21.9029},""volume"":{""V1_rvol_day"":{""value"":0.6749964544466034,""score"":11.666430296440227},""V2_rvol_sameslot"":{""value"":0.760966686109493,""score"":17.397779073966202,""status"":""ok""},""V3_breakout_bar"":{""value"":0.7632479569297501,""score"":17.549863795316675},""V4_base_dryup"":{""value"":0.9695532006126498,""score"":53.044679938735015},""V5_bo_expansion"":{""value"":0.6749964544466034,""score"":0},""_score"":20.81},""readiness"":{""_distance_atr"":-0.005,""BR1_atr_distance"":{""score"":100.0},""BR2_compression"":{""score"":67.8626749442484},""BR3_retest"":{""score"":93.08802138915584},""BR4_bo_age"":{""score"":90},""_score"":89.08},""risk"":{""R1_stop_clarity"":{""score"":79.89677605569062},""R2_stop_distance_pct"":{""value"":2.3940026075619363,""score"":100.0},""R3_stop_distance_atr"":{""value"":0.24407259856215718,""score"":37.20362992810786},""R4_rr_potential"":{""value"":1.1109900882256682,""score"":5.549504411283412},""_score"":64.65},""market"":{""M1_spy_regime"":{""score"":100.0},""M3_earnings_risk"":{""value"":null,""score"":80.0},""M4_vix"":{""value"":null,""score"":60.0},""_score"":84.0},""liquidity"":{""L1_price"":{""value"":19.175,""score"":100.0},""L2_dollar_vol"":{""value"":331294894.4428523,""score"":100.0},""L3_spread_proxy"":{""value"":0.05606258148631026,""score"":43.937418513689735},""L4_volume_zscore"":{""value"":-1.063789056687119,""score"":100.0},""_score"":94.39},""pattern_structure"":{""level"":19.165,""level_idx"":67,""breakout_idx"":75,""bo_peak_idx"":75,""bo_peak_price"":19.395,""retest_idx"":79,""retest_low"":18.905,""structural_low"":18.905,""current_price"":19.1769,""neckline_distance_pct"":-0.0006205382517508402,""base_bars"":12,""bars_since_breakout"":4},""pattern_geometry_features"":{""retest_depth_atr"":0.5341707879019084,""bars_breakout_to_retest"":4.0,""bars_since_retest"":0.0,""current_above_level_atr"":0.024448586061665868,""bo_peak_excess_pct"":0.012001043569006024,""atr_pct"":0.09808567703482958},""_schema_version"":""1.0""}",,,,,,,,,,
20260520T193044Z-73e07b,2026-05-20T19:30:44.960382+00:00,GDYN,double_bottom,setup,61.85,69.0,84.8,40.6,56.9,27.0,57.5,38.1,84.0,72.6,10.35,21.21,3.25,7.97,3.51,4.6,2.29,5.04,3.63,False,,7.065,6.96,5.9543,7.875,"{""trend"":{""T1_ema_stack"":{""value"":[true,true,false],""score"":66.66666666666666},""T2_ema50_slope"":{""value"":0.047948922068314526,""score"":57.99148701138576},""T3_high_proximity"":{""value"":0.9812500000000001,""score"":90.62500000000001},""T4_rs_1m"":{""value"":0.14567373892412094,""score"":100},""T5_rs_3m"":{""value"":-0.07117197579391088,""score"":14.414012103044563},""T6_adr_healthy"":{""value"":7.08671797941181,""score"":100.0},""_score"":69.02},""geometry"":{""sub_low_similarity"":52.6,""sub_bounce_quality"":100,""sub_separation_fit"":100.0,""sub_right_bottom_reaction"":93.8,""sub_base_context"":100.0,""_score"":84.85},""compression"":{""VC1_atr_ratio"":{""value"":0.586562182023569,""score"":100},""VC2_range_contraction"":{""value"":1.1787041718695455,""score"":0},""VC3_range_pct_rank"":{""score"":2.500000000000002},""_score"":40.62},""sr_quality"":{""SR1_touches"":{""value"":2,""score"":25.0},""SR2_tightness"":{""value"":0.0674999999999999,""score"":74.70353615118992},""SR3_recency"":{""value"":233,""score"":0.0},""SR4_price_location"":{""score"":92.91158536585368},""SR5_reaction"":{""value"":1.9956099258505762,""score"":99.78049629252881},""_score"":56.9,""_levels_found"":5,""_target_level"":7.1425},""volume"":{""V1_rvol_day"":{""value"":0.8322986419233903,""score"":22.153242794892687},""V2_rvol_sameslot"":{""value"":1.038172991954106,""score"":35.87819946360707,""status"":""ok""},""V3_breakout_bar"":{""value"":1.1321852170902018,""score"":42.145681139346785},""V4_base_dryup"":{""value"":1.255886864496618,""score"":24.411313550338207},""V5_bo_expansion"":{""value"":0.8322986419233903,""score"":0},""_score"":27.02},""readiness"":{""_distance_atr"":-0.197,""BR1_atr_distance"":{""score"":100.0},""BR2_compression"":{""score"":0},""BR3_retest"":{""score"":50.0},""BR4_bo_age"":{""score"":50.0},""_score"":57.5},""risk"":{""R1_stop_clarity"":{""score"":66.01841689643172},""R2_stop_distance_pct"":{""value"":15.720806794055209,""score"":0.0},""R3_stop_distance_atr"":{""value"":2.0811962952057184,""score"":100.0},""R4_rr_potential"":{""value"":0.7292862448511034,""score"":0.0},""_score"":38.11},""market"":{""M1_spy_regime"":{""score"":100.0},""M3_earnings_risk"":{""value"":null,""score"":80.0},""M4_vix"":{""value"":null,""score"":60.0},""_score"":84.0},""liquidity"":{""L1_price"":{""value"":7.065,""score"":98.5325},""L2_dollar_vol"":{""value"":14109659.746569406,""score"":57.47582704502045},""L3_spread_proxy"":{""value"":0.12951167728237792,""score"":0},""L4_volume_zscore"":{""value"":-0.21719972550157404,""score"":100.0},""_score"":72.62},""pattern_structure"":{""left_low"":6.045,""left_idx"":47,""right_low"":6.19,""right_idx"":74,""separation_bars"":27,""structural_low"":6.045,""current_price"":7.065,""neckline_distance_pct"":-0.014861995753715558,""base_bars"":27},""pattern_geometry_features"":{""low_similarity_pct"":0.023702492848385857,""bounce_pct"":0.1513647642679901,""right_bottom_reaction"":0.9384615384615397,""atr_pct"":0.07553735719340816},""_schema_version"":""1.0""}",,,,,,,,,,
20260520T193044Z-73e07b,2026-05-20T19:30:44.960382+00:00,RBRK,high_tight_pullback,candidate,61.51,90.8,57.3,60.1,51.6,27.9,67.3,70.8,84.0,94.8,10.89,20.04,6.01,4.13,3.9,6.06,0.71,5.04,4.74,False,,66.685,67.31,62.3505,76.58,"{""trend"":{""T1_ema_stack"":{""value"":[true,true,false],""score"":66.66666666666666},""T2_ema50_slope"":{""value"":0.2726402843196492,""score"":95.4400473866082},""T3_high_proximity"":{""value"":1.0,""score"":99.99999999999997},""T4_rs_1m"":{""value"":0.18266631543376266,""score"":100},""T5_rs_3m"":{""value"":0.1493576423776488,""score"":100},""T6_adr_healthy"":{""value"":4.634544576075171,""score"":100.0},""_score"":90.75},""geometry"":{""sub_pole_impulse"":59.8,""sub_flag_tightness"":45.0,""sub_flag_shallowness"":25.4,""sub_flag_drift"":100,""sub_flag_duration"":80.0,""_score"":57.27},""compression"":{""VC1_atr_ratio"":{""value"":0.4403920444610298,""score"":100},""VC2_range_contraction"":{""value"":0.8060819019920673,""score"":32.31968300132212},""VC3_range_pct_rank"":{""score"":35.0},""_score"":60.06},""sr_quality"":{""SR1_touches"":{""value"":3,""score"":50.0},""SR2_tightness"":{""value"":0.09010630758535743,""score"":94.26156712666291},""SR3_recency"":{""value"":229,""score"":0.0},""SR4_price_location"":{""score"":30.0},""SR5_reaction"":{""value"":2.3988494217919927,""score"":100},""_score"":51.64,""_levels_found"":3,""_target_level"":58.0468},""volume"":{""V1_rvol_day"":{""value"":0.793903314156168,""score"":19.593554277077864},""V2_rvol_sameslot"":{""value"":1.2366262011253788,""score"":49.10841340835859,""status"":""ok""},""V3_breakout_bar"":{""value"":0.9101790085290701,""score"":27.345267235271336},""V4_base_dryup"":{""value"":1.1356514077080433,""score"":36.43485922919567},""V5_bo_expansion"":{""value"":0.7939033141561683,""score"":0},""_score"":27.86},""readiness"":{""_distance_atr"":0.199,""BR1_atr_distance"":{""score"":86.73226236155116},""BR2_compression"":{""score"":60.36432777791819},""BR3_retest"":{""score"":50.0},""BR4_bo_age"":{""score"":50.0},""_score"":67.28},""risk"":{""R1_stop_clarity"":{""score"":39.530958939005565},""R2_stop_distance_pct"":{""value"":6.499962510309673,""score"":100.0},""R3_stop_distance_atr"":{""value"":1.3802162110525569,""score"":94.01081055262785},""R4_rr_potential"":{""value"":2.2828469258276614,""score"":64.14234629138306},""_score"":70.77},""market"":{""M1_spy_regime"":{""score"":100.0},""M3_earnings_risk"":{""value"":null,""score"":80.0},""M4_vix"":{""value"":null,""score"":60.0},""_score"":84.0},""liquidity"":{""L1_price"":{""value"":66.685,""score"":100.0},""L2_dollar_vol"":{""value"":157836842.83458322,""score"":100.0},""L3_spread_proxy"":{""value"":0.05233560770788047,""score"":47.66439229211953},""L4_volume_zscore"":{""value"":-1.0056255645146548,""score"":100.0},""_score"":94.77},""pattern_structure"":{""pole_low"":58.04,""pole_low_idx"":24,""peak_price"":67.31,""peak_idx"":48,""pole_gain"":0.15971743625086154,""flag_bars"":11,""flag_low"":63.3,""flag_high"":66.85,""structural_low"":63.3,""current_price"":66.82,""neckline_distance_pct"":0.007333133792277898,""base_bars"":11},""pattern_geometry_features"":{""pole_gain"":0.15971743625086154,""pullback_pct"":0.05957510028227611,""flag_range_pct"":0.05274104887832413,""flag_drift_per_bar"":0.002223612962912592,""atr_pct"":0.0470937992052186,""pole_atr_multiple"":3.3914748639171757},""_schema_version"":""1.0""}",,,,,,,,,,
20260520T193044Z-73e07b,2026-05-20T19:30:44.960382+00:00,NTSK,double_bottom,forming,59.85,66.2,66.2,50.2,69.1,12.4,70.6,56.1,84.0,80.3,9.93,16.54,4.02,9.67,1.62,5.65,3.37,5.04,4.01,False,,11.66,11.72,10.6183,12.66,"{""trend"":{""T1_ema_stack"":{""value"":[true,true,false],""score"":66.66666666666666},""T2_ema50_slope"":{""value"":0.06137822580757178,""score"":60.22970430126196},""T3_high_proximity"":{""value"":0.9487388120423109,""score"":74.36940602115544},""T4_rs_1m"":{""value"":0.10381571537336587,""score"":100},""T5_rs_3m"":{""value"":-0.08190158952781657,""score"":9.049205236091716},""T6_adr_healthy"":{""value"":5.831742533023025,""score"":100.0},""_score"":66.23},""geometry"":{""sub_low_similarity"":56.0,""sub_bounce_quality"":81.7,""sub_separation_fit"":0.0,""sub_right_bottom_reaction"":86.7,""sub_base_context"":100.0,""_score"":66.15},""compression"":{""VC1_atr_ratio"":{""value"":0.3800537568473546,""score"":100},""VC2_range_contraction"":{""value"":1.128229702993269,""score"":0},""VC3_range_pct_rank"":{""score"":40.833333333333336},""_score"":50.21},""sr_quality"":{""SR1_touches"":{""value"":3,""score"":50.0},""SR2_tightness"":{""value"":0.11897712198383131,""score"":64.57884725627562},""SR3_recency"":{""value"":57,""score"":55.00000000000001},""SR4_price_location"":{""score"":84.65941614195768},""SR5_reaction"":{""value"":3.2078681552365764,""score"":100},""_score"":69.1,""_levels_found"":5,""_target_level"":11.8833},""volume"":{""V1_rvol_day"":{""value"":0.5550703010640429,""score"":3.671353404269525},""V2_rvol_sameslot"":{""value"":0.6911888105132648,""score"":12.745920700884316,""status"":""ok""},""V3_breakout_bar"":{""value"":0.8407785328733728,""score"":22.718568858224852},""V4_base_dryup"":{""value"":1.326221160256673,""score"":17.377883974332704},""V5_bo_expansion"":{""value"":0.5550703010640428,""score"":0},""_score"":12.44},""readiness"":{""_distance_atr"":0.089,""BR1_atr_distance"":{""score"":94.04572036150978},""BR2_compression"":{""score"":62.09786917340209},""BR3_retest"":{""score"":50.0},""BR4_bo_age"":{""score"":50.0},""_score"":70.64},""risk"":{""R1_stop_clarity"":{""score"":51.8596491228071},""R2_stop_distance_pct"":{""value"":8.933962264150948,""score"":76.65094339622631},""R3_stop_distance_atr"":{""value"":1.550643274853802,""score"":100.0},""R4_rr_potential"":{""value"":0.9599692809830098,""score"":0.0},""_score"":56.15},""market"":{""M1_spy_regime"":{""score"":100.0},""M3_earnings_risk"":{""value"":null,""score"":80.0},""M4_vix"":{""value"":null,""score"":60.0},""_score"":84.0},""liquidity"":{""L1_price"":{""value"":11.66,""score"":100.0},""L2_dollar_vol"":{""value"":21711560.72322644,""score"":66.83455217945134},""L3_spread_proxy"":{""value"":0.06475128644939972,""score"":35.248713550600286},""L4_volume_zscore"":{""value"":-1.1357675460376608,""score"":100.0},""_score"":80.26},""pattern_structure"":{""left_low"":10.78,""left_idx"":26,""right_low"":11.02,""right_idx"":74,""separation_bars"":48,""structural_low"":10.78,""current_price"":11.645,""neckline_distance_pct"":0.006440532417346593,""base_bars"":48},""pattern_geometry_features"":{""low_similarity_pct"":0.022018348623853233,""bounce_pct"":0.08719851576994446,""right_bottom_reaction"":0.8666666666666665,""atr_pct"":0.057614555256064695},""_schema_version"":""1.0""}",,,,,,,,,,
20260520T193044Z-73e07b,2026-05-20T19:30:44.960382+00:00,SRAD,breakout_retest_hold,setup,59.52,5.0,96.0,82.1,46.0,32.6,68.7,59.7,84.0,84.3,0.7,21.12,4.93,6.45,4.24,12.37,2.99,4.2,2.53,False,,13.32,13.22,12.9294,13.54,"{""trend"":{""T1_ema_stack"":{""value"":[false,false,false],""score"":0.0},""T2_ema50_slope"":{""value"":-0.9681310434545071,""score"":0},""T3_high_proximity"":{""value"":0.6764855256475368,""score"":0},""T4_rs_1m"":{""value"":-0.26081001646055646,""score"":0},""T5_rs_3m"":{""value"":-0.3190149915896723,""score"":0},""T6_adr_healthy"":{""value"":6.249996140121463,""score"":100.0},""_score"":5.0},""geometry"":{""sub_retest_depth"":100.0,""sub_retest_timing"":80.0,""sub_retest_freshness"":100.0,""sub_hold_quality"":100.0,""_score"":96.0},""compression"":{""VC1_atr_ratio"":{""value"":0.27206603657050227,""score"":100},""VC2_range_contraction"":{""value"":0.5889061476717079,""score"":68.51564205471536},""VC3_range_pct_rank"":{""score"":72.5},""_score"":82.11},""sr_quality"":{""SR1_touches"":{""value"":2,""score"":25.0},""SR2_tightness"":{""value"":0.13004999999999978,""score"":62.23397635345371},""SR3_recency"":{""value"":233,""score"":0.0},""SR4_price_location"":{""score"":56.823088481666375},""SR5_reaction"":{""value"":4.602706907280647,""score"":100},""_score"":46.04,""_levels_found"":6,""_target_level"":14.5699},""volume"":{""V1_rvol_day"":{""value"":0.3846526842819955,""score"":0},""V2_rvol_sameslot"":{""value"":0.4796426362257267,""score"":0,""status"":""ok""},""V3_breakout_bar"":{""value"":1.28108089863609,""score"":52.072059909072664},""V4_base_dryup"":{""value"":0.5188792269780206,""score"":98.11207730219795},""V5_bo_expansion"":{""value"":0.3846526842819955,""score"":0},""_score"":32.64},""readiness"":{""_distance_atr"":-0.145,""BR1_atr_distance"":{""score"":100.0},""BR2_compression"":{""score"":26.185713218932484},""BR3_retest"":{""score"":88.3841526654221},""BR4_bo_age"":{""score"":30.0},""_score"":68.72},""risk"":{""R1_stop_clarity"":{""score"":62.07425845260339},""R2_stop_distance_pct"":{""value"":2.9324324324324262,""score"":100.0},""R3_stop_distance_atr"":{""value"":0.567143746110764,""score"":53.357187305538204},""R4_rr_potential"":{""value"":0.5632360471070177,""score"":0.0},""_score"":59.73},""market"":{""M1_spy_regime"":{""score"":100.0},""M3_earnings_risk"":{""value"":null,""score"":80.0},""M4_vix"":{""value"":null,""score"":60.0},""_score"":84.0},""liquidity"":{""L1_price"":{""value"":13.32,""score"":100.0},""L2_dollar_vol"":{""value"":23406307.04769552,""score"":68.4666448938788},""L3_spread_proxy"":{""value"":0.03078078078078079,""score"":69.21921921921921},""L4_volume_zscore"":{""value"":-0.9842190707023731,""score"":100.0},""_score"":84.31},""pattern_structure"":{""level"":13.22,""level_idx"":64,""breakout_idx"":68,""bo_peak_idx"":68,""bo_peak_price"":13.73,""retest_idx"":77,""retest_low"":13.06,""structural_low"":13.06,""current_price"":13.305,""neckline_distance_pct"":-0.006388575723412181,""base_bars"":15,""bars_since_breakout"":11},""pattern_geometry_features"":{""retest_depth_atr"":0.642773106832334,""bars_breakout_to_retest"":9.0,""bars_since_retest"":2.0,""current_above_level_atr"":0.3414732130046735,""bo_peak_excess_pct"":0.038577912254160344,""atr_pct"":0.05170527670527672},""_schema_version"":""1.0""}",,,,,,,,,,
20260520T193044Z-73e07b,2026-05-20T19:30:44.960382+00:00,RBRK,breakout_retest_hold,setup,59.18,90.8,48.4,60.1,51.6,37.6,54.8,64.2,84.0,94.8,12.71,10.64,3.6,7.23,4.89,9.86,3.21,4.2,2.84,False,,66.685,63.62,62.667,64.26,"{""trend"":{""T1_ema_stack"":{""value"":[true,true,false],""score"":66.66666666666666},""T2_ema50_slope"":{""value"":0.2726402843196492,""score"":95.4400473866082},""T3_high_proximity"":{""value"":1.0,""score"":99.99999999999997},""T4_rs_1m"":{""value"":0.18266631543376266,""score"":100},""T5_rs_3m"":{""value"":0.1493576423776488,""score"":100},""T6_adr_healthy"":{""value"":4.634544576075171,""score"":100.0},""_score"":90.75},""geometry"":{""sub_retest_depth"":94.5,""sub_retest_timing"":0.0,""sub_retest_freshness"":100.0,""sub_hold_quality"":0.0,""_score"":48.35},""compression"":{""VC1_atr_ratio"":{""value"":0.4403920444610298,""score"":100},""VC2_range_contraction"":{""value"":0.8060819019920673,""score"":32.31968300132212},""VC3_range_pct_rank"":{""score"":35.0},""_score"":60.06},""sr_quality"":{""SR1_touches"":{""value"":3,""score"":50.0},""SR2_tightness"":{""value"":0.09010630758535743,""score"":94.26156712666291},""SR3_recency"":{""value"":229,""score"":0.0},""SR4_price_location"":{""score"":30.0},""SR5_reaction"":{""value"":2.3988494217919927,""score"":100},""_score"":51.64,""_levels_found"":3,""_target_level"":58.0468},""volume"":{""V1_rvol_day"":{""value"":0.793903314156168,""score"":19.593554277077864},""V2_rvol_sameslot"":{""value"":1.2366262011253788,""score"":49.10841340835859,""status"":""ok""},""V3_breakout_bar"":{""value"":0.9101790085290701,""score"":27.345267235271336},""V4_base_dryup"":{""value"":0.6484520740362306,""score"":85.15479259637694},""V5_bo_expansion"":{""value"":0.7939033141561683,""score"":0},""_score"":37.61},""readiness"":{""_distance_atr"":-0.976,""BR1_atr_distance"":{""score"":40.480504386314045},""BR2_compression"":{""score"":60.36432777791819},""BR3_retest"":{""score"":94.90518874683565},""BR4_bo_age"":{""score"":30.0},""_score"":54.76},""risk"":{""R1_stop_clarity"":{""score"":59.687305959336896},""R2_stop_distance_pct"":{""value"":6.025343030666578,""score"":100.0},""R3_stop_distance_atr"":{""value"":1.2794344759509004,""score"":88.97172379754502},""R4_rr_potential"":{""value"":-0.6035340965654571,""score"":0.0},""_score"":64.24},""market"":{""M1_spy_regime"":{""score"":100.0},""M3_earnings_risk"":{""value"":null,""score"":80.0},""M4_vix"":{""value"":null,""score"":60.0},""_score"":84.0},""liquidity"":{""L1_price"":{""value"":66.685,""score"":100.0},""L2_dollar_vol"":{""value"":157836842.83458322,""score"":100.0},""L3_spread_proxy"":{""value"":0.05233560770788047,""score"":47.66439229211953},""L4_volume_zscore"":{""value"":-1.0056255645146548,""score"":100.0},""_score"":94.77},""pattern_structure"":{""level"":63.62,""level_idx"":52,""breakout_idx"":59,""bo_peak_idx"":68,""bo_peak_price"":67.31,""retest_idx"":74,""retest_low"":63.3,""structural_low"":63.3,""current_price"":66.82,""neckline_distance_pct"":-0.047889853337324095,""base_bars"":27,""bars_since_breakout"":20},""pattern_geometry_features"":{""retest_depth_atr"":0.26166084549160734,""bars_breakout_to_retest"":15.0,""bars_since_retest"":5.0,""current_above_level_atr"":2.6166084549160673,""bo_peak_excess_pct"":0.058000628733102876,""atr_pct"":0.0470937992052186},""_schema_version"":""1.0""}",,,,,,,,,,
20260520T193044Z-73e07b,2026-05-20T19:30:44.960382+00:00,ZS,high_tight_pullback,forming,58.62,67.8,75.7,53.3,29.8,9.3,48.5,76.3,84.0,96.1,8.13,26.5,5.33,2.38,1.3,4.37,0.76,5.04,4.81,False,,174.04,182.9699,165.5686,222.9098,"{""trend"":{""T1_ema_stack"":{""value"":[true,true,false],""score"":66.66666666666666},""T2_ema50_slope"":{""value"":-0.058907763172488956,""score"":40.18203947125184},""T3_high_proximity"":{""value"":0.993095577746077,""score"":96.5477888730385},""T4_rs_1m"":{""value"":0.1948316837559101,""score"":100},""T5_rs_3m"":{""value"":-0.05201816447307972,""score"":23.99091776346014},""T6_adr_healthy"":{""value"":4.790668508494779,""score"":100.0},""_score"":67.78},""geometry"":{""sub_pole_impulse"":100.0,""sub_flag_tightness"":62.6,""sub_flag_shallowness"":41.8,""sub_flag_drift"":91.4,""sub_flag_duration"":80.0,""_score"":75.72},""compression"":{""VC1_atr_ratio"":{""value"":0.5286066418715643,""score"":100},""VC2_range_contraction"":{""value"":1.1714862743822656,""score"":0},""VC3_range_pct_rank"":{""score"":53.333333333333336},""_score"":53.33},""sr_quality"":{""SR1_touches"":{""value"":2,""score"":25.0},""SR2_tightness"":{""value"":2.2250000000000085,""score"":50.982474857864716},""SR3_recency"":{""value"":311,""score"":0.0},""SR4_price_location"":{""score"":15.795060594700002},""SR5_reaction"":{""value"":1.421568812579958,""score"":71.0784406289979},""_score"":29.76,""_levels_found"":7,""_target_level"":224.015},""volume"":{""V1_rvol_day"":{""value"":0.6140066721061087,""score"":7.600444807073914},""V2_rvol_sameslot"":{""value"":0.8496845525587944,""score"":23.312303503919626,""status"":""ok""},""V3_breakout_bar"":{""value"":0.6862608041195645,""score"":12.417386941304297},""V4_base_dryup"":{""value"":1.5316834278800269,""score"":0},""V5_bo_expansion"":{""value"":0.6140066721061087,""score"":0},""_score"":9.29},""readiness"":{""_distance_atr"":0.984,""BR1_atr_distance"":{""score"":34.42373067164756},""BR2_compression"":{""score"":68.91364071364383},""BR3_retest"":{""score"":50.0},""BR4_bo_age"":{""score"":50.0},""_score"":48.5},""risk"":{""R1_stop_clarity"":{""score"":44.453781115899794},""R2_stop_distance_pct"":{""value"":4.86747299471386,""score"":100.0},""R3_stop_distance_atr"":{""value"":0.9331339586805085,""score"":71.65669793402543},""R4_rr_potential"":{""value"":5.768832594568751,""score"":100.0},""_score"":76.31},""market"":{""M1_spy_regime"":{""score"":100.0},""M3_earnings_risk"":{""value"":null,""score"":80.0},""M4_vix"":{""value"":null,""score"":60.0},""_score"":84.0},""liquidity"":{""L1_price"":{""value"":174.04,""score"":100.0},""L2_dollar_vol"":{""value"":319227903.098372,""score"":100.0},""L3_spread_proxy"":{""value"":0.038841645598712886,""score"":61.15835440128711},""L4_volume_zscore"":{""value"":-0.9591121925565625,""score"":100.0},""_score"":96.12},""pattern_structure"":{""pole_low"":143.03,""pole_low_idx"":24,""peak_price"":182.9699,""peak_idx"":48,""pole_gain"":0.2792414178843599,""flag_bars"":11,""flag_low"":168.09,""flag_high"":179.57,""structural_low"":168.09,""current_price"":174.15,""neckline_distance_pct"":0.0506454206144128,""base_bars"":11},""pattern_geometry_features"":{""pole_gain"":0.2792414178843599,""pullback_pct"":0.08132430525458008,""flag_range_pct"":0.06274256038834797,""flag_drift_per_bar"":-0.0017263591992274002,""atr_pct"":0.05216263913057752,""pole_atr_multiple"":5.35328393153846},""_schema_version"":""1.0""}",,,,,,,,,,
20260520T193044Z-73e07b,2026-05-20T19:30:44.960382+00:00,PCTY,double_bottom,forming,57.88,51.7,81.8,42.7,43.2,22.0,45.2,72.9,84.0,86.6,7.76,20.45,3.42,6.04,2.86,3.62,4.37,5.04,4.33,False,,112.265,118.3,105.0601,129.94,"{""trend"":{""T1_ema_stack"":{""value"":[true,false,false],""score"":33.33333333333333},""T2_ema50_slope"":{""value"":-0.06789541890468408,""score"":38.684096849219316},""T3_high_proximity"":{""value"":0.9347626977518735,""score"":67.38134887593672},""T4_rs_1m"":{""value"":0.031855107944473104,""score"":81.8551079444731},""T5_rs_3m"":{""value"":-0.04452402530678534,""score"":27.73798734660733},""T6_adr_healthy"":{""value"":4.646484079578263,""score"":100.0},""_score"":51.71},""geometry"":{""sub_low_similarity"":97.0,""sub_bounce_quality"":100,""sub_separation_fit"":0.0,""sub_right_bottom_reaction"":84.6,""sub_base_context"":100.0,""_score"":81.79},""compression"":{""VC1_atr_ratio"":{""value"":0.4442381305624558,""score"":100},""VC2_range_contraction"":{""value"":1.217447679487039,""score"":0},""VC3_range_pct_rank"":{""score"":10.833333333333329},""_score"":42.71},""sr_quality"":{""SR1_touches"":{""value"":2,""score"":25.0},""SR2_tightness"":{""value"":0.5949999999999989,""score"":78.61426605598805},""SR3_recency"":{""value"":232,""score"":0.0},""SR4_price_location"":{""score"":35.454247294194936},""SR5_reaction"":{""value"":2.1277816858017204,""score"":100},""_score"":43.16,""_levels_found"":5,""_target_level"":115.545},""volume"":{""V1_rvol_day"":{""value"":0.4472476412745976,""score"":0},""V2_rvol_sameslot"":{""value"":0.6257212854212143,""score"":8.381419028080954,""status"":""ok""},""V3_breakout_bar"":{""value"":0.9974263426674906,""score"":33.16175617783271},""V4_base_dryup"":{""value"":0.8996230687534761,""score"":60.03769312465239},""V5_bo_expansion"":{""value"":0.4472476412745976,""score"":0},""_score"":21.97},""readiness"":{""_distance_atr"":1.085,""BR1_atr_distance"":{""score"":27.695851903578557},""BR2_compression"":{""score"":66.62205752733873},""BR3_retest"":{""score"":50.0},""BR4_bo_age"":{""score"":50.0},""_score"":45.23},""risk"":{""R1_stop_clarity"":{""score"":42.49573825710103},""R2_stop_distance_pct"":{""value"":6.417761546341254,""score"":100.0},""R3_stop_distance_atr"":{""value"":1.294807348682455,""score"":89.74036743412275},""R4_rr_potential"":{""value"":2.453191577953889,""score"":72.65957889769446},""_score"":72.87},""market"":{""M1_spy_regime"":{""score"":100.0},""M3_earnings_risk"":{""value"":null,""score"":80.0},""M4_vix"":{""value"":null,""score"":60.0},""_score"":84.0},""liquidity"":{""L1_price"":{""value"":112.265,""score"":100.0},""L2_dollar_vol"":{""value"":43292335.675646074,""score"":81.82055085878073},""L3_spread_proxy"":{""value"":0.06110542021110764,""score"":38.89457978889236},""L4_volume_zscore"":{""value"":-1.3767713442622262,""score"":100.0},""_score"":86.62},""pattern_structure"":{""left_low"":106.82,""left_idx"":26,""right_low"":106.66,""right_idx"":74,""separation_bars"":48,""structural_low"":106.66,""current_price"":112.155,""neckline_distance_pct"":0.05479024564219157,""base_bars"":48},""pattern_geometry_features"":{""low_similarity_pct"":0.0014989694584972512,""bounce_pct"":0.10913182073879618,""right_bottom_reaction"":0.8462214411247803,""atr_pct"":0.04956537783687833},""_schema_version"":""1.0""}",,,,,,,,,,
20260520T193044Z-73e07b,2026-05-20T19:30:44.960382+00:00,SNOW,double_bottom,forming,57.39,40.8,68.2,64.2,53.5,25.1,77.9,37.5,84.0,96.4,6.12,17.04,5.14,7.49,3.26,6.23,2.25,5.04,4.82,False,,164.49,165.06,145.9376,181.96,"{""trend"":{""T1_ema_stack"":{""value"":[true,false,false],""score"":33.33333333333333},""T2_ema50_slope"":{""value"":-0.23267809315974294,""score"":11.22031780670951},""T3_high_proximity"":{""value"":0.8996390286589369,""score"":49.819514329468404},""T4_rs_1m"":{""value"":0.03870934967341633,""score"":88.70934967341633},""T5_rs_3m"":{""value"":-0.163988643099245,""score"":0},""T6_adr_healthy"":{""value"":4.7698952447342675,""score"":100.0},""_score"":40.79},""geometry"":{""sub_low_similarity"":7.3,""sub_bounce_quality"":100,""sub_separation_fit"":100.0,""sub_right_bottom_reaction"":73.2,""sub_base_context"":100.0,""_score"":68.17},""compression"":{""VC1_atr_ratio"":{""value"":0.37636773418793523,""score"":100},""VC2_range_contraction"":{""value"":0.8707496799346415,""score"":21.54172001089309},""VC3_range_pct_rank"":{""score"":66.66666666666667},""_score"":64.21},""sr_quality"":{""SR1_touches"":{""value"":4,""score"":75.0},""SR2_tightness"":{""value"":1.698315341743107,""score"":60.921242647954635},""SR3_recency"":{""value"":272,""score"":0.0},""SR4_price_location"":{""score"":27.44226079472099},""SR5_reaction"":{""value"":2.609656439680946,""score"":100},""_score"":53.5,""_levels_found"":6,""_target_level"":185.565},""volume"":{""V1_rvol_day"":{""value"":0.5544673790240763,""score"":3.6311586016050854},""V2_rvol_sameslot"":{""value"":1.1291844274543326,""score"":41.94562849695551,""status"":""ok""},""V3_breakout_bar"":{""value"":0.9567780277129181,""score"":30.45186851419454},""V4_base_dryup"":{""value"":1.0816815212985433,""score"":41.831847870145666},""V5_bo_expansion"":{""value"":0.5544673790240763,""score"":0},""_score"":25.09},""readiness"":{""_distance_atr"":0.066,""BR1_atr_distance"":{""score"":95.62804167495317},""BR2_compression"":{""score"":88.63544209550344},""BR3_retest"":{""score"":50.0},""BR4_bo_age"":{""score"":50.0},""_score"":77.91},""risk"":{""R1_stop_clarity"":{""score"":48.86189378113597},""R2_stop_distance_pct"":{""value"":11.278740348957387,""score"":18.03149127606534},""R3_stop_distance_atr"":{""value"":2.1344820955157853,""score"":100.0},""R4_rr_potential"":{""value"":0.9416571440891741,""score"":0.0},""_score"":37.51},""market"":{""M1_spy_regime"":{""score"":100.0},""M3_earnings_risk"":{""value"":null,""score"":80.0},""M4_vix"":{""value"":null,""score"":60.0},""_score"":84.0},""liquidity"":{""L1_price"":{""value"":164.49,""score"":100.0},""L2_dollar_vol"":{""value"":676047650.0774376,""score"":100.0},""L3_spread_proxy"":{""value"":0.03567998054592984,""score"":64.32001945407015},""L4_volume_zscore"":{""value"":-1.1447598402096242,""score"":100.0},""_score"":96.43},""pattern_structure"":{""left_low"":148.16,""left_idx"":37,""right_low"":155.19,""right_idx"":62,""separation_bars"":25,""structural_low"":148.16,""current_price"":164.495,""neckline_distance_pct"":0.003434754855770678,""base_bars"":25},""pattern_geometry_features"":{""low_similarity_pct"":0.04634910169770892,""bounce_pct"":0.11406587473002164,""right_bottom_reaction"":0.7320162107396141,""atr_pct"":0.05284064163692104},""_schema_version"":""1.0""}",,,,,,,,,,
20260520T193044Z-73e07b,2026-05-20T19:30:44.960382+00:00,NTSK,vcp,forming,56.83,66.2,58.2,50.2,69.1,15.4,70.6,40.8,84.0,80.3,9.93,14.54,6.03,8.29,2.0,4.94,2.04,5.04,4.01,False,,11.66,11.72,10.1061,14.28,"{""trend"":{""T1_ema_stack"":{""value"":[true,true,false],""score"":66.66666666666666},""T2_ema50_slope"":{""value"":0.06137822580757178,""score"":60.22970430126196},""T3_high_proximity"":{""value"":0.9487388120423109,""score"":74.36940602115544},""T4_rs_1m"":{""value"":0.10381571537336587,""score"":100},""T5_rs_3m"":{""value"":-0.08190158952781657,""score"":9.049205236091716},""T6_adr_healthy"":{""value"":5.831742533023025,""score"":100.0},""_score"":66.23},""geometry"":{""sub_contraction_count"":100.0,""sub_reduction_rate"":37.5,""sub_pivot_tightness"":0,""sub_volume_dryup"":25.2,""sub_base_depth"":100.0,""sub_base_duration"":100.0,""_score"":58.16},""compression"":{""VC1_atr_ratio"":{""value"":0.3800537568473546,""score"":100},""VC2_range_contraction"":{""value"":1.128229702993269,""score"":0},""VC3_range_pct_rank"":{""score"":40.833333333333336},""_score"":50.21},""sr_quality"":{""SR1_touches"":{""value"":3,""score"":50.0},""SR2_tightness"":{""value"":0.11897712198383131,""score"":64.57884725627562},""SR3_recency"":{""value"":57,""score"":55.00000000000001},""SR4_price_location"":{""score"":84.65941614195768},""SR5_reaction"":{""value"":3.2078681552365764,""score"":100},""_score"":69.1,""_levels_found"":5,""_target_level"":11.8833},""volume"":{""V1_rvol_day"":{""value"":0.5550703010640429,""score"":3.671353404269525},""V2_rvol_sameslot"":{""value"":0.6911888105132648,""score"":12.745920700884316,""status"":""ok""},""V3_breakout_bar"":{""value"":0.8407785328733728,""score"":22.718568858224852},""V4_base_dryup"":{""value"":1.1793827546679048,""score"":32.06172453320953},""V5_bo_expansion"":{""value"":0.5550703010640428,""score"":0},""_score"":15.38},""readiness"":{""_distance_atr"":0.089,""BR1_atr_distance"":{""score"":94.04572036150978},""BR2_compression"":{""score"":62.09786917340209},""BR3_retest"":{""score"":50.0},""BR4_bo_age"":{""score"":50.0},""_score"":70.64},""risk"":{""R1_stop_clarity"":{""score"":54.181818181818144},""R2_stop_distance_pct"":{""value"":13.326758147512868,""score"":0.0},""R3_stop_distance_atr"":{""value"":2.3130887825624673,""score"":100.0},""R4_rr_potential"":{""value"":1.6860801853401122,""score"":34.30400926700561},""_score"":40.82},""market"":{""M1_spy_regime"":{""score"":100.0},""M3_earnings_risk"":{""value"":null,""score"":80.0},""M4_vix"":{""value"":null,""score"":60.0},""_score"":84.0},""liquidity"":{""L1_price"":{""value"":11.66,""score"":100.0},""L2_dollar_vol"":{""value"":21711560.72322644,""score"":66.83455217945134},""L3_spread_proxy"":{""value"":0.06475128644939972,""score"":35.248713550600286},""L4_volume_zscore"":{""value"":-1.1357675460376608,""score"":100.0},""_score"":80.26},""pattern_structure"":{""n_contractions"":5,""contractions_pct"":[31.28,22.02,16.75,11.09,12.46],""descending_strict"":false,""final_low"":10.26,""final_pivot"":11.72,""structural_low"":10.26,""dry_up_ratio"":0.8739358949175372,""current_price"":11.66,""neckline_distance_pct"":0.00514579759862783,""base_bars"":45},""pattern_geometry_features"":{""contraction_count"":5.0,""first_contraction_pct"":0.312792511700468,""last_contraction_pct"":0.1245733788395905,""dry_up_ratio"":0.8739358949175372,""near_monotone"":0.0,""base_depth_pct"":0.19968798751950081},""_schema_version"":""1.0""}",,,,,,,,,,
20260520T193044Z-73e07b,2026-05-20T19:30:44.960382+00:00,SAIL,high_tight_pullback,forming,56.56,45.2,79.8,45.6,40.6,0.0,62.4,79.8,84.0,78.9,5.42,27.93,4.56,3.25,0.0,5.61,0.8,5.04,3.95,False,,14.63,15.09,13.6961,18.86,"{""trend"":{""T1_ema_stack"":{""value"":[true,false,false],""score"":33.33333333333333},""T2_ema50_slope"":{""value"":-0.22977740120208398,""score"":11.703766466319337},""T3_high_proximity"":{""value"":0.9265357821405954,""score"":63.26789107029768},""T4_rs_1m"":{""value"":0.15134111180547682,""score"":100},""T5_rs_3m"":{""value"":-0.1482704472176697,""score"":0},""T6_adr_healthy"":{""value"":5.841630517409713,""score"":100.0},""_score"":45.16},""geometry"":{""sub_pole_impulse"":100.0,""sub_flag_tightness"":65.3,""sub_flag_shallowness"":52.8,""sub_flag_drift"":99.5,""sub_flag_duration"":80.0,""_score"":79.81},""compression"":{""VC1_atr_ratio"":{""value"":0.5236137792706117,""score"":100},""VC2_range_contraction"":{""value"":1.0207015764455105,""score"":0},""VC3_range_pct_rank"":{""score"":22.499999999999996},""_score"":45.62},""sr_quality"":{""SR1_touches"":{""value"":2,""score"":25.0},""SR2_tightness"":{""value"":0.18395000000000117,""score"":56.76524162476575},""SR3_recency"":{""value"":246,""score"":0.0},""SR4_price_location"":{""score"":38.47549216169258},""SR5_reaction"":{""value"":4.537416793277987,""score"":100},""_score"":40.63,""_levels_found"":6,""_target_level"":16.2411},""volume"":{""V1_rvol_day"":{""value"":0.44117955261630293,""score"":0},""V2_rvol_sameslot"":{""value"":0.3687313381770672,""score"":0,""status"":""ok""},""V3_breakout_bar"":{""value"":0.2882281398714489,""score"":0},""V4_base_dryup"":{""value"":1.6508903623035505,""score"":0},""V5_bo_expansion"":{""value"":0.44117955261630293,""score"":0},""_score"":0.0},""readiness"":{""_distance_atr"":0.541,""BR1_atr_distance"":{""score"":63.96124154642097},""BR2_compression"":{""score"":77.07065172991211},""BR3_retest"":{""score"":50.0},""BR4_bo_age"":{""score"":50.0},""_score"":62.35},""risk"":{""R1_stop_clarity"":{""score"":50.978553021463675},""R2_stop_distance_pct"":{""value"":6.383257006151751,""score"":100.0},""R3_stop_distance_atr"":{""value"":1.0974630448833649,""score"":79.87315224416824},""R4_rr_potential"":{""value"":4.52953594743596,""score"":100.0},""_score"":79.82},""market"":{""M1_spy_regime"":{""score"":100.0},""M3_earnings_risk"":{""value"":null,""score"":80.0},""M4_vix"":{""value"":null,""score"":60.0},""_score"":84.0},""liquidity"":{""L1_price"":{""value"":14.63,""score"":100.0},""L2_dollar_vol"":{""value"":20152811.7854525,""score"":65.2167824437409},""L3_spread_proxy"":{""value"":0.07144907723855087,""score"":28.55092276144913},""L4_volume_zscore"":{""value"":-1.1975013039471334,""score"":100.0},""_score"":78.94},""pattern_structure"":{""pole_low"":11.32,""pole_low_idx"":24,""peak_price"":15.09,""peak_idx"":48,""pole_gain"":0.3330388692579505,""flag_bars"":11,""flag_low"":13.9047,""flag_high"":14.95,""structural_low"":13.9047,""current_price"":14.655,""neckline_distance_pct"":0.029682702149437086,""base_bars"":11},""pattern_geometry_features"":{""pole_gain"":0.3330388692579505,""pullback_pct"":0.07854870775347911,""flag_range_pct"":0.06927104042412188,""flag_drift_per_bar"":-9.304922303896068e-05,""atr_pct"":0.0581637535396934,""pole_atr_multiple"":5.725883372204835},""_schema_version"":""1.0""}",,,,,,,,,,
20260520T193044Z-73e07b,2026-05-20T19:30:44.960382+00:00,APP,double_bottom,forming,56.48,62.1,55.2,51.0,61.6,19.1,46.8,77.2,84.0,95.6,9.31,13.79,4.08,8.62,2.48,3.74,4.63,5.04,4.78,False,,480.48,515.39,440.7629,583.305,"{""trend"":{""T1_ema_stack"":{""value"":[true,true,false],""score"":66.66666666666666},""T2_ema50_slope"":{""value"":0.12496103588704666,""score"":70.82683931450778},""T3_high_proximity"":{""value"":0.928948436865611,""score"":64.47421843280549},""T4_rs_1m"":{""value"":-0.036356355331764734,""score"":13.643644668235268},""T5_rs_3m"":{""value"":0.08431200270519312,""score"":92.15600135259656},""T6_adr_healthy"":{""value"":5.937204207367495,""score"":100.0},""_score"":62.06},""geometry"":{""sub_low_similarity"":40.4,""sub_bounce_quality"":100,""sub_separation_fit"":0.0,""sub_right_bottom_reaction"":20.4,""sub_base_context"":100.0,""_score"":55.18},""compression"":{""VC1_atr_ratio"":{""value"":0.6695828733989427,""score"":82.60428165026431},""VC2_range_contraction"":{""value"":1.4700669821269907,""score"":0},""VC3_range_pct_rank"":{""score"":71.66666666666667},""_score"":50.96},""sr_quality"":{""SR1_touches"":{""value"":3,""score"":50.0},""SR2_tightness"":{""value"":7.756145950148183,""score"":51.141739203253955},""SR3_recency"":{""value"":245,""score"":0.0},""SR4_price_location"":{""score"":95.68739437030138},""SR5_reaction"":{""value"":3.043924917488594,""score"":100},""_score"":61.59,""_levels_found"":6,""_target_level"":482.33},""volume"":{""V1_rvol_day"":{""value"":0.4083989807049909,""score"":0},""V2_rvol_sameslot"":{""value"":0.49313021824474423,""score"":0,""status"":""ok""},""V3_breakout_bar"":{""value"":0.6460207852758397,""score"":9.734719018389315},""V4_base_dryup"":{""value"":0.6686205255065764,""score"":83.13794744934236},""V5_bo_expansion"":{""value"":0.408398980704991,""score"":0},""_score"":19.06},""readiness"":{""_distance_atr"":1.1,""BR1_atr_distance"":{""score"":26.6971897564745},""BR2_compression"":{""score"":74.50618320148288},""BR3_retest"":{""score"":50.0},""BR4_bo_age"":{""score"":50.0},""_score"":46.81},""risk"":{""R1_stop_clarity"":{""score"":57.7183364188635},""R2_stop_distance_pct"":{""value"":8.266134906759909,""score"":93.34662733100228},""R3_stop_distance_atr"":{""value"":1.2509496751475446,""score"":87.54748375737724},""R4_rr_potential"":{""value"":2.5889336149079245,""score"":79.44668074539622},""_score"":77.23},""market"":{""M1_spy_regime"":{""score"":100.0},""M3_earnings_risk"":{""value"":null,""score"":80.0},""M4_vix"":{""value"":null,""score"":60.0},""_score"":84.0},""liquidity"":{""L1_price"":{""value"":480.48,""score"":100.0},""L2_dollar_vol"":{""value"":907298968.9437275,""score"":100.0},""L3_spread_proxy"":{""value"":0.04370608558108563,""score"":56.29391441891437},""L4_volume_zscore"":{""value"":-1.0834494649695465,""score"":100.0},""_score"":95.63},""pattern_structure"":{""left_low"":447.475,""left_idx"":27,""right_low"":461.0,""right_idx"":74,""separation_bars"":47,""structural_low"":447.475,""current_price"":480.3101,""neckline_distance_pct"":0.07303594073911836,""base_bars"":47},""pattern_geometry_features"":{""low_similarity_pct"":0.029775172679490303,""bounce_pct"":0.15177384211408448,""right_bottom_reaction"":0.20382352941176324,""atr_pct"":0.06607887648066217},""_schema_version"":""1.0""}",,,,,,,,,,
20260520T193044Z-73e07b,2026-05-20T19:30:44.960382+00:00,WAY,breakout_retest_hold,setup,55.76,5.0,84.8,64.7,50.2,11.9,78.9,59.7,84.0,85.9,0.7,18.65,3.88,7.03,1.54,14.19,2.98,4.2,2.58,False,,19.15,18.9,18.7301,18.8613,"{""trend"":{""T1_ema_stack"":{""value"":[false,false,false],""score"":0.0},""T2_ema50_slope"":{""value"":-0.7067496214790607,""score"":0},""T3_high_proximity"":{""value"":0.7111028592647605,""score"":0},""T4_rs_1m"":{""value"":-0.31154422835687345,""score"":0},""T5_rs_3m"":{""value"":-0.3393657229128495,""score"":0},""T6_adr_healthy"":{""value"":5.224162868260442,""score"":100.0},""_score"":5.0},""geometry"":{""sub_retest_depth"":49.3,""sub_retest_timing"":100.0,""sub_retest_freshness"":100.0,""sub_hold_quality"":100.0,""_score"":84.79},""compression"":{""VC1_atr_ratio"":{""value"":0.5671123013248326,""score"":100},""VC2_range_contraction"":{""value"":0.9059172108420548,""score"":15.680464859657537},""VC3_range_pct_rank"":{""score"":76.66666666666666},""_score"":64.65},""sr_quality"":{""SR1_touches"":{""value"":3,""score"":50.0},""SR2_tightness"":{""value"":0.22547480765905803,""score"":59.40466589564879},""SR3_recency"":{""value"":232,""score"":0.0},""SR4_price_location"":{""score"":45.131661506912245},""SR5_reaction"":{""value"":4.264036587294372,""score"":100},""_score"":50.19,""_levels_found"":5,""_target_level"":21.1817},""volume"":{""V1_rvol_day"":{""value"":0.5361255940260288,""score"":2.408372935068585},""V2_rvol_sameslot"":{""value"":0.5679612286497219,""score"":4.530748576648125,""status"":""ok""},""V3_breakout_bar"":{""value"":0.7985842277345123,""score"":19.90561518230082},""V4_base_dryup"":{""value"":1.2243805130907996,""score"":27.561948690920033},""V5_bo_expansion"":{""value"":0.5361255940260289,""score"":0},""_score"":11.88},""readiness"":{""_distance_atr"":-0.225,""BR1_atr_distance"":{""score"":100.0},""BR2_compression"":{""score"":57.452987538333325},""BR3_retest"":{""score"":100},""BR4_bo_age"":{""score"":30.0},""_score"":78.86},""risk"":{""R1_stop_clarity"":{""score"":65.93693246828309},""R2_stop_distance_pct"":{""value"":2.1925183289817056,""score"":100.0},""R3_stop_distance_atr"":{""value"":0.377972419095079,""score"":43.89862095475395},""R4_rr_potential"":{""value"":-0.6874839443304258,""score"":0.0},""_score"":59.66},""market"":{""M1_spy_regime"":{""score"":100.0},""M3_earnings_risk"":{""value"":null,""score"":80.0},""M4_vix"":{""value"":null,""score"":60.0},""_score"":84.0},""liquidity"":{""L1_price"":{""value"":19.15,""score"":100.0},""L2_dollar_vol"":{""value"":27925990.051630747,""score"":72.30042894853734},""L3_spread_proxy"":{""value"":0.02980020887728443,""score"":70.19979112271557},""L4_volume_zscore"":{""value"":-0.8508380016534547,""score"":100.0},""_score"":85.94},""pattern_structure"":{""level"":18.9,""level_idx"":62,""breakout_idx"":68,""bo_peak_idx"":68,""bo_peak_price"":20.39,""retest_idx"":76,""retest_low"":18.919326,""structural_low"":18.919326,""current_price"":19.11,""neckline_distance_pct"":-0.010989010989011033,""base_bars"":17,""bars_since_breakout"":11},""pattern_geometry_features"":{""retest_depth_atr"":-0.054985150408265855,""bars_breakout_to_retest"":8.0,""bars_since_retest"":3.0,""current_above_level_atr"":0.5974791258270747,""bo_peak_excess_pct"":0.07883597883597895,""atr_pct"":0.058007362924281984},""_schema_version"":""1.0""}",,,,,,,,,,
20260520T193044Z-73e07b,2026-05-20T19:30:44.960382+00:00,GDYN,inverse_head_shoulders,setup,55.46,69.0,62.6,40.6,56.9,26.5,57.5,38.1,84.0,72.6,8.28,17.53,3.25,7.97,3.71,4.6,2.29,4.2,3.63,False,,7.065,7.06,5.9543,8.075,"{""trend"":{""T1_ema_stack"":{""value"":[true,true,false],""score"":66.66666666666666},""T2_ema50_slope"":{""value"":0.047948922068314526,""score"":57.99148701138576},""T3_high_proximity"":{""value"":0.9812500000000001,""score"":90.62500000000001},""T4_rs_1m"":{""value"":0.14567373892412094,""score"":100},""T5_rs_3m"":{""value"":-0.07117197579391088,""score"":14.414012103044563},""T6_adr_healthy"":{""value"":7.08671797941181,""score"":100.0},""_score"":69.02},""geometry"":{""sub_head_depth"":75.5,""sub_shoulder_price_sym"":18.0,""sub_shoulder_time_sym"":55.6,""sub_right_shoulder_reaction"":93.8,""sub_base_context"":100.0,""_score"":62.6},""compression"":{""VC1_atr_ratio"":{""value"":0.586562182023569,""score"":100},""VC2_range_contraction"":{""value"":1.1787041718695455,""score"":0},""VC3_range_pct_rank"":{""score"":2.500000000000002},""_score"":40.62},""sr_quality"":{""SR1_touches"":{""value"":2,""score"":25.0},""SR2_tightness"":{""value"":0.0674999999999999,""score"":74.70353615118992},""SR3_recency"":{""value"":233,""score"":0.0},""SR4_price_location"":{""score"":92.91158536585368},""SR5_reaction"":{""value"":1.9956099258505762,""score"":99.78049629252881},""_score"":56.9,""_levels_found"":5,""_target_level"":7.1425},""volume"":{""V1_rvol_day"":{""value"":0.8322986419233903,""score"":22.153242794892687},""V2_rvol_sameslot"":{""value"":1.038172991954106,""score"":35.87819946360707,""status"":""ok""},""V3_breakout_bar"":{""value"":1.1321852170902018,""score"":42.145681139346785},""V4_base_dryup"":{""value"":1.2808835207392695,""score"":21.91164792607306},""V5_bo_expansion"":{""value"":0.8322986419233903,""score"":0},""_score"":26.53},""readiness"":{""_distance_atr"":-0.009,""BR1_atr_distance"":{""score"":100.0},""BR2_compression"":{""score"":0},""BR3_retest"":{""score"":50.0},""BR4_bo_age"":{""score"":50.0},""_score"":57.5},""risk"":{""R1_stop_clarity"":{""score"":66.01841689643172},""R2_stop_distance_pct"":{""value"":15.720806794055209,""score"":0.0},""R3_stop_distance_atr"":{""value"":2.0811962952057184,""score"":100.0},""R4_rr_potential"":{""value"":0.909356922592116,""score"":0.0},""_score"":38.11},""market"":{""M1_spy_regime"":{""score"":100.0},""M3_earnings_risk"":{""value"":null,""score"":80.0},""M4_vix"":{""value"":null,""score"":60.0},""_score"":84.0},""liquidity"":{""L1_price"":{""value"":7.065,""score"":98.5325},""L2_dollar_vol"":{""value"":14109659.746569406,""score"":57.47582704502045},""L3_spread_proxy"":{""value"":0.12951167728237792,""score"":0},""L4_volume_zscore"":{""value"":-0.21719972550157404,""score"":100.0},""_score"":72.62},""pattern_structure"":{""left_shoulder"":6.61,""left_shoulder_idx"":46,""head"":6.045,""head_idx"":67,""right_shoulder"":6.19,""right_shoulder_idx"":94,""left_to_head_bars"":21,""head_to_right_bars"":27,""structural_low"":6.045,""current_price"":7.065,""neckline_distance_pct"":-0.0007077140835103725,""base_bars"":48},""pattern_geometry_features"":{""head_depth_pct"":0.05546875000000007,""shoulder_price_asymmetry"":0.06562499999999999,""shoulder_time_asymmetry"":0.2222222222222222,""right_shoulder_reaction"":0.9384615384615397,""atr_pct"":0.07553735719340816},""_schema_version"":""1.0""}",,,,,,,,,,
20260520T193044Z-73e07b,2026-05-20T19:30:44.960382+00:00,VNET,double_bottom,forming,55.39,62.7,78.0,17.7,43.1,7.1,56.7,68.9,84.0,88.0,9.41,19.5,1.42,6.04,0.93,4.54,4.13,5.04,4.4,False,,10.225,10.67,9.3526,11.845,"{""trend"":{""T1_ema_stack"":{""value"":[true,true,true],""score"":100.0},""T2_ema50_slope"":{""value"":-0.03896156644507975,""score"":43.50640559248671},""T3_high_proximity"":{""value"":0.8535058430717862,""score"":26.752921535893094},""T4_rs_1m"":{""value"":0.126211503510546,""score"":100},""T5_rs_3m"":{""value"":-0.2602864830593554,""score"":0},""T6_adr_healthy"":{""value"":5.636214138468367,""score"":100.0},""_score"":62.71},""geometry"":{""sub_low_similarity"":36.8,""sub_bounce_quality"":100,""sub_separation_fit"":100.0,""sub_right_bottom_reaction"":79.6,""sub_base_context"":100.0,""_score"":77.98},""compression"":{""VC1_atr_ratio"":{""value"":0.9205615027802284,""score"":19.859624304942898},""VC2_range_contraction"":{""value"":1.6272222748889618,""score"":0},""VC3_range_pct_rank"":{""score"":39.16666666666667},""_score"":17.74},""sr_quality"":{""SR1_touches"":{""value"":2,""score"":25.0},""SR2_tightness"":{""value"":0.10749999999999993,""score"":72.14252660805182},""SR3_recency"":{""value"":274,""score"":0.0},""SR4_price_location"":{""score"":39.15900131406041},""SR5_reaction"":{""value"":2.4942156409069893,""score"":100},""_score"":43.11,""_levels_found"":6,""_target_level"":11.3825},""volume"":{""V1_rvol_day"":{""value"":0.505013466392328,""score"":0.33423109282186836},""V2_rvol_sameslot"":{""value"":0.6559490701351854,""score"":10.39660467567903,""status"":""ok""},""V3_breakout_bar"":{""value"":0.7983446186516778,""score"":19.88964124344519},""V4_base_dryup"":{""value"":2.016309581260006,""score"":0},""V5_bo_expansion"":{""value"":0.505013466392328,""score"":0},""_score"":7.12},""readiness"":{""_distance_atr"":0.577,""BR1_atr_distance"":{""score"":61.56100570723426},""BR2_compression"":{""score"":58.372312869564624},""BR3_retest"":{""score"":50.0},""BR4_bo_age"":{""score"":50.0},""_score"":56.72},""risk"":{""R1_stop_clarity"":{""score"":63.09208699676091},""R2_stop_distance_pct"":{""value"":8.532273838630806,""score"":86.69315403422986},""R3_stop_distance_atr"":{""value"":1.1303979639055994,""score"":81.51989819527998},""R4_rr_potential"":{""value"":1.8568931426770225,""score"":42.84465713385113},""_score"":68.89},""market"":{""M1_spy_regime"":{""score"":100.0},""M3_earnings_risk"":{""value"":null,""score"":80.0},""M4_vix"":{""value"":null,""score"":60.0},""_score"":84.0},""liquidity"":{""L1_price"":{""value"":10.225,""score"":100.0},""L2_dollar_vol"":{""value"":49848737.04406477,""score"":84.88270798018536},""L3_spread_proxy"":{""value"":0.05916870415647909,""score"":40.83129584352091},""L4_volume_zscore"":{""value"":-0.35190989308272286,""score"":100.0},""_score"":88.04},""pattern_structure"":{""left_low"":9.495,""left_idx"":56,""right_low"":9.8,""right_idx"":74,""separation_bars"":18,""structural_low"":9.495,""current_price"":10.225,""neckline_distance_pct"":0.04352078239608805,""base_bars"":18},""pattern_geometry_features"":{""low_similarity_pct"":0.03161440787768867,""bounce_pct"":0.12374934175882052,""right_bottom_reaction"":0.7956989247311813,""atr_pct"":0.07548026545581554},""_schema_version"":""1.0""}",,,,,,,,,,
20260520T193044Z-73e07b,2026-05-20T19:30:44.960382+00:00,ZS,inverse_head_shoulders,breakout_confirmed,55.09,67.8,75.6,53.3,29.8,19.8,44.6,33.5,84.0,96.1,8.13,21.16,4.27,4.17,2.78,3.57,2.01,4.2,4.81,False,,174.04,158.0375,140.8845,173.045,"{""trend"":{""T1_ema_stack"":{""value"":[true,true,false],""score"":66.66666666666666},""T2_ema50_slope"":{""value"":-0.058907763172488956,""score"":40.18203947125184},""T3_high_proximity"":{""value"":0.993095577746077,""score"":96.5477888730385},""T4_rs_1m"":{""value"":0.1948316837559101,""score"":100},""T5_rs_3m"":{""value"":-0.05201816447307972,""score"":23.99091776346014},""T6_adr_healthy"":{""value"":4.790668508494779,""score"":100.0},""_score"":67.78},""geometry"":{""sub_head_depth"":65.8,""sub_shoulder_price_sym"":62.8,""sub_shoulder_time_sym"":83.3,""sub_right_shoulder_reaction"":80.4,""sub_base_context"":100.0,""_score"":75.58},""compression"":{""VC1_atr_ratio"":{""value"":0.5286066418715643,""score"":100},""VC2_range_contraction"":{""value"":1.1714862743822656,""score"":0},""VC3_range_pct_rank"":{""score"":53.333333333333336},""_score"":53.33},""sr_quality"":{""SR1_touches"":{""value"":2,""score"":25.0},""SR2_tightness"":{""value"":2.2250000000000085,""score"":50.982474857864716},""SR3_recency"":{""value"":311,""score"":0.0},""SR4_price_location"":{""score"":15.795060594700002},""SR5_reaction"":{""value"":1.421568812579958,""score"":71.0784406289979},""_score"":29.76,""_levels_found"":7,""_target_level"":224.015},""volume"":{""V1_rvol_day"":{""value"":0.6140066721061087,""score"":7.600444807073914},""V2_rvol_sameslot"":{""value"":0.8496845525587944,""score"":23.312303503919626,""status"":""ok""},""V3_breakout_bar"":{""value"":0.6862608041195645,""score"":12.417386941304297},""V4_base_dryup"":{""value"":0.9723305221382397,""score"":52.76694778617603},""V5_bo_expansion"":{""value"":0.6140066721061087,""score"":0},""_score"":19.84},""readiness"":{""_distance_atr"":-1.763,""BR1_atr_distance"":{""score"":24.74593500732508},""BR2_compression"":{""score"":68.91364071364383},""BR3_retest"":{""score"":50.0},""BR4_bo_age"":{""score"":50.0},""_score"":44.63},""risk"":{""R1_stop_clarity"":{""score"":52.73498907137334},""R2_stop_distance_pct"":{""value"":19.050476901861643,""score"":0.0},""R3_stop_distance_atr"":{""value"":3.6521305707276484,""score"":100.0},""R4_rr_potential"":{""value"":-0.0300101491609978,""score"":0.0},""_score"":33.46},""market"":{""M1_spy_regime"":{""score"":100.0},""M3_earnings_risk"":{""value"":null,""score"":80.0},""M4_vix"":{""value"":null,""score"":60.0},""_score"":84.0},""liquidity"":{""L1_price"":{""value"":174.04,""score"":100.0},""L2_dollar_vol"":{""value"":319227903.098372,""score"":100.0},""L3_spread_proxy"":{""value"":0.038841645598712886,""score"":61.15835440128711},""L4_volume_zscore"":{""value"":-0.9591121925565625,""score"":100.0},""_score"":96.12},""pattern_structure"":{""left_shoulder"":147.66,""left_shoulder_idx"":53,""head"":143.03,""head_idx"":64,""right_shoulder"":152.12,""right_shoulder_idx"":76,""left_to_head_bars"":11,""head_to_right_bars"":12,""structural_low"":143.03,""current_price"":174.15,""neckline_distance_pct"":-0.0925208153890325,""base_bars"":23},""pattern_geometry_features"":{""head_depth_pct"":0.045766895723530494,""shoulder_price_asymmetry"":0.029755153779438312,""shoulder_time_asymmetry"":0.08333333333333333,""right_shoulder_reaction"":0.8043267230619877,""atr_pct"":0.05216263913057752},""_schema_version"":""1.0""}",,,,,,,,,,
20260520T193044Z-73e07b,2026-05-20T19:30:44.960382+00:00,ICE,ascending_triangle,forming,55.0,20.2,64.3,73.6,79.7,21.5,31.8,56.5,84.0,98.9,3.03,18.02,5.89,11.16,2.58,2.55,2.26,5.04,4.95,True,risk_unclear,152.34,158.9025,149.8382,165.685,"{""trend"":{""T1_ema_stack"":{""value"":[false,false,false],""score"":0.0},""T2_ema50_slope"":{""value"":-0.10212546674827684,""score"":32.97908887528719},""T3_high_proximity"":{""value"":0.9079206150545325,""score"":53.96030752726622},""T4_rs_1m"":{""value"":-0.0914359086194112,""score"":0},""T5_rs_3m"":{""value"":-0.09338689223367613,""score"":3.306553883161932},""T6_adr_healthy"":{""value"":2.330944887505885,""score"":100.0},""_score"":20.19},""geometry"":{""sub_flat_top_quality"":100,""sub_hl_slope"":3.5,""sub_compression"":73.2,""sub_duration"":100.0,""_score"":64.35},""compression"":{""VC1_atr_ratio"":{""value"":0.3961576585586394,""score"":100},""VC2_range_contraction"":{""value"":0.8066891223122887,""score"":32.218479614618545},""VC3_range_pct_rank"":{""score"":89.16666666666666},""_score"":73.57},""sr_quality"":{""SR1_touches"":{""value"":6,""score"":100},""SR2_tightness"":{""value"":0.5598620179710871,""score"":67.82956858179124},""SR3_recency"":{""value"":229,""score"":0.0},""SR4_price_location"":{""score"":98.16971211860036},""SR5_reaction"":{""value"":2.8819647953417995,""score"":100},""_score"":79.72,""_levels_found"":7,""_target_level"":152.5523},""volume"":{""V1_rvol_day"":{""value"":0.607399433382571,""score"":7.159962225504731},""V2_rvol_sameslot"":{""value"":0.7500849690129985,""score"":16.672331267533234,""status"":""ok""},""V3_breakout_bar"":{""value"":0.7631934973769333,""score"":17.546233158462222},""V4_base_dryup"":{""value"":0.8821032680764267,""score"":61.78967319235733},""V5_bo_expansion"":{""value"":0.6073994333825709,""score"":0},""_score"":21.51},""readiness"":{""_distance_atr"":1.885,""BR1_atr_distance"":{""score"":0},""BR2_compression"":{""score"":57.26786461317411},""BR3_retest"":{""score"":50.0},""BR4_bo_age"":{""score"":50.0},""_score"":31.82},""risk"":{""R1_stop_clarity"":{""score"":0},""R2_stop_distance_pct"":{""value"":1.6422476040435885,""score"":91.05619010108971},""R3_stop_distance_atr"":{""value"":0.7187841176808606,""score"":60.93920588404303},""R4_rr_potential"":{""value"":5.334159405228229,""score"":100.0},""_score"":56.46},""market"":{""M1_spy_regime"":{""score"":100.0},""M3_earnings_risk"":{""value"":null,""score"":80.0},""M4_vix"":{""value"":null,""score"":60.0},""_score"":84.0},""liquidity"":{""L1_price"":{""value"":152.34,""score"":100.0},""L2_dollar_vol"":{""value"":286943806.4868039,""score"":100.0},""L3_spread_proxy"":{""value"":0.01063410791650259,""score"":89.36589208349741},""L4_volume_zscore"":{""value"":-1.3135606074551864,""score"":100.0},""_score"":98.94},""pattern_structure"":{""top"":158.9025,""top_touches"":4,""low_slope_per_bar"":0.016185844370860496,""lowest_low"":152.12,""structural_low"":152.12,""current_price"":152.41,""neckline_distance_pct"":0.04259891083262258,""base_bars"":29},""pattern_geometry_features"":{""top_touches"":4.0,""low_slope"":0.016185844370860496,""compression"":0.3660636633619716,""atr_pct"":0.022847577786530127},""_schema_version"":""1.0""}",,,,,,,,,,
20260520T193044Z-73e07b,2026-05-20T19:30:44.960382+00:00,TTWO,ascending_triangle,forming,55.0,81.2,51.4,60.6,46.8,29.3,42.4,59.7,84.0,98.2,12.18,14.38,4.85,6.56,3.52,3.39,2.39,5.04,4.91,True,risk_unclear,235.525,246.2499,218.404,270.7698,"{""trend"":{""T1_ema_stack"":{""value"":[true,true,false],""score"":66.66666666666666},""T2_ema50_slope"":{""value"":0.19672160564860852,""score"":82.78693427476809},""T3_high_proximity"":{""value"":0.9714774789638674,""score"":85.73873948193366},""T4_rs_1m"":{""value"":0.030343380355901894,""score"":80.3433803559019},""T5_rs_3m"":{""value"":0.08771156039521077,""score"":93.85578019760538},""T6_adr_healthy"":{""value"":2.81270573750592,""score"":100.0},""_score"":81.23},""geometry"":{""sub_flat_top_quality"":66.7,""sub_hl_slope"":54.5,""sub_compression"":0,""sub_duration"":100.0,""_score"":51.36},""compression"":{""VC1_atr_ratio"":{""value"":0.554487358347611,""score"":100},""VC2_range_contraction"":{""value"":1.0581983627349358,""score"":0},""VC3_range_pct_rank"":{""score"":82.5},""_score"":60.62},""sr_quality"":{""SR1_touches"":{""value"":2,""score"":25.0},""SR2_tightness"":{""value"":0.9549999999999983,""score"":74.67668740008945},""SR3_recency"":{""value"":329,""score"":0.0},""SR4_price_location"":{""score"":71.57082399800844},""SR5_reaction"":{""value"":1.3649398074140295,""score"":68.24699037070148},""_score"":46.83,""_levels_found"":6,""_target_level"":241.235},""volume"":{""V1_rvol_day"":{""value"":0.7117809363111518,""score"":14.11872908741012},""V2_rvol_sameslot"":{""value"":0.8785425212651444,""score"":25.236168084342964,""status"":""ok""},""V3_breakout_bar"":{""value"":0.8039954093741423,""score"":20.266360624942816},""V4_base_dryup"":{""value"":0.6809057255769332,""score"":81.90942744230668},""V5_bo_expansion"":{""value"":0.7117809363111516,""score"":0},""_score"":29.32},""readiness"":{""_distance_atr"":1.422,""BR1_atr_distance"":{""score"":5.204190121193392},""BR2_compression"":{""score"":91.19879693018983},""BR3_retest"":{""score"":50.0},""BR4_bo_age"":{""score"":50.0},""_score"":42.38},""risk"":{""R1_stop_clarity"":{""score"":11.807254930185536},""R2_stop_distance_pct"":{""value"":7.269270778049049,""score"":100.0},""R3_stop_distance_atr"":{""value"":2.2699432924473295,""score"":100.0},""R4_rr_potential"":{""value"":2.058577356980774,""score"":52.928867849038696},""_score"":59.72},""market"":{""M1_spy_regime"":{""score"":100.0},""M3_earnings_risk"":{""value"":null,""score"":80.0},""M4_vix"":{""value"":null,""score"":60.0},""_score"":84.0},""liquidity"":{""L1_price"":{""value"":235.525,""score"":100.0},""L2_dollar_vol"":{""value"":284847688.9335835,""score"":100.0},""L3_spread_proxy"":{""value"":0.01779004351979619,""score"":82.20995648020381},""L4_volume_zscore"":{""value"":-0.805687181582606,""score"":100.0},""_score"":98.22},""pattern_structure"":{""top"":246.2499,""top_touches"":3,""low_slope_per_bar"":0.3627824463118575,""lowest_low"":221.73,""structural_low"":221.73,""current_price"":235.55,""neckline_distance_pct"":0.0454251751220547,""base_bars"":43},""pattern_geometry_features"":{""top_touches"":3.0,""low_slope"":0.3627824463118575,""compression"":-0.1909766248568654,""atr_pct"":0.0320240192882163},""_schema_version"":""1.0""}",,,,,,,,,,
20260520T193044Z-73e07b,2026-05-20T19:30:44.960382+00:00,V,breakout_retest_hold,retest_hold,55.0,66.1,76.9,59.6,51.3,10.6,68.4,42.6,84.0,98.5,9.25,16.92,3.58,7.18,1.38,12.31,2.13,4.2,2.96,True,risk_unclear,330.71,329.01,323.5519,333.3898,"{""trend"":{""T1_ema_stack"":{""value"":[true,true,false],""score"":66.66666666666666},""T2_ema50_slope"":{""value"":0.09511142414868726,""score"":65.8519040247812},""T3_high_proximity"":{""value"":0.9876067610344621,""score"":93.80338051723103},""T4_rs_1m"":{""value"":0.015229082057783616,""score"":65.22908205778361},""T5_rs_3m"":{""value"":-0.04496558476188062,""score"":27.51720761905969},""T6_adr_healthy"":{""value"":1.7822766532794416,""score"":100.0},""_score"":66.08},""geometry"":{""sub_retest_depth"":76.4,""sub_retest_timing"":20.0,""sub_retest_freshness"":100.0,""sub_hold_quality"":100.0,""_score"":76.92},""compression"":{""VC1_atr_ratio"":{""value"":0.548111892029641,""score"":100},""VC2_range_contraction"":{""value"":0.9424377114496939,""score"":9.59371475838435},""VC3_range_pct_rank"":{""score"":65.0},""_score"":59.61},""sr_quality"":{""SR1_touches"":{""value"":3,""score"":50.0},""SR2_tightness"":{""value"":0.7586537784493997,""score"":74.91754530754766},""SR3_recency"":{""value"":239,""score"":0.0},""SR4_price_location"":{""score"":40.2981979075446},""SR5_reaction"":{""value"":2.8554369135713533,""score"":100},""_score"":51.31,""_levels_found"":5,""_target_level"":343.0467},""volume"":{""V1_rvol_day"":{""value"":0.529952074982459,""score"":1.9968049988305998},""V2_rvol_sameslot"":{""value"":0.5449772560660812,""score"":2.998483737738744,""status"":""ok""},""V3_breakout_bar"":{""value"":0.5492820083750625,""score"":3.2854672250041648},""V4_base_dryup"":{""value"":1.0598869493375656,""score"":44.011305066243445},""V5_bo_expansion"":{""value"":0.5299520749824589,""score"":0},""_score"":10.62},""readiness"":{""_distance_atr"":-0.281,""BR1_atr_distance"":{""score"":100.0},""BR2_compression"":{""score"":30.100047149183908},""BR3_retest"":{""score"":81.89949450879058},""BR4_bo_age"":{""score"":30.0},""_score"":68.4},""risk"":{""R1_stop_clarity"":{""score"":0},""R2_stop_distance_pct"":{""value"":2.1644646366907354,""score"":100.0},""R3_stop_distance_atr"":{""value"":1.183298291767956,""score"":84.16491458839779},""R4_rr_potential"":{""value"":0.37437303552994977,""score"":0.0},""_score"":42.62},""market"":{""M1_spy_regime"":{""score"":100.0},""M3_earnings_risk"":{""value"":null,""score"":80.0},""M4_vix"":{""value"":null,""score"":60.0},""_score"":84.0},""liquidity"":{""L1_price"":{""value"":330.71,""score"":100.0},""L2_dollar_vol"":{""value"":1345337715.9242084,""score"":100.0},""L3_spread_proxy"":{""value"":0.014619757491457617,""score"":85.38024250854238},""L4_volume_zscore"":{""value"":-1.2093915864703337,""score"":100.0},""_score"":98.54},""pattern_structure"":{""level"":329.01,""level_idx"":56,""breakout_idx"":62,""bo_peak_idx"":68,""bo_peak_price"":335.17,""retest_idx"":74,""retest_low"":326.8201,""structural_low"":326.8201,""current_price"":330.62,""neckline_distance_pct"":-0.0048696388603230705,""base_bars"":23,""bars_since_breakout"":17},""pattern_geometry_features"":{""retest_depth_atr"":1.1652743042622093,""bars_breakout_to_retest"":12.0,""bars_since_retest"":5.0,""current_above_level_atr"":0.8567019634970555,""bo_peak_excess_pct"":0.018722835172183292,""atr_pct"":0.0182917921182564},""_schema_version"":""1.0""}",,,,,,,,,,
20260520T193044Z-73e07b,2026-05-20T19:30:44.960382+00:00,TTWO,vcp,breakout_confirmed,55.0,81.2,57.3,60.6,46.8,25.6,49.1,19.3,84.0,98.2,12.18,14.31,7.27,5.62,3.32,3.44,0.96,5.04,4.91,True,risk_unclear,235.525,221.22,203.3532,263.32,"{""trend"":{""T1_ema_stack"":{""value"":[true,true,false],""score"":66.66666666666666},""T2_ema50_slope"":{""value"":0.19672160564860852,""score"":82.78693427476809},""T3_high_proximity"":{""value"":0.9714774789638674,""score"":85.73873948193366},""T4_rs_1m"":{""value"":0.030343380355901894,""score"":80.3433803559019},""T5_rs_3m"":{""value"":0.08771156039521077,""score"":93.85578019760538},""T6_adr_healthy"":{""value"":2.81270573750592,""score"":100.0},""_score"":81.23},""geometry"":{""sub_contraction_count"":100.0,""sub_reduction_rate"":20.6,""sub_pivot_tightness"":47.4,""sub_volume_dryup"":0,""sub_base_depth"":100.0,""sub_base_duration"":100.0,""_score"":57.26},""compression"":{""VC1_atr_ratio"":{""value"":0.554487358347611,""score"":100},""VC2_range_contraction"":{""value"":1.0581983627349358,""score"":0},""VC3_range_pct_rank"":{""score"":82.5},""_score"":60.62},""sr_quality"":{""SR1_touches"":{""value"":2,""score"":25.0},""SR2_tightness"":{""value"":0.9549999999999983,""score"":74.67668740008945},""SR3_recency"":{""value"":329,""score"":0.0},""SR4_price_location"":{""score"":71.57082399800844},""SR5_reaction"":{""value"":1.3649398074140295,""score"":68.24699037070148},""_score"":46.83,""_levels_found"":6,""_target_level"":241.235},""volume"":{""V1_rvol_day"":{""value"":0.7117809363111518,""score"":14.11872908741012},""V2_rvol_sameslot"":{""value"":0.8785425212651444,""score"":25.236168084342964,""status"":""ok""},""V3_breakout_bar"":{""value"":0.8039954093741423,""score"":20.266360624942816},""V4_base_dryup"":{""value"":0.8695233821179696,""score"":63.04766178820304},""V5_bo_expansion"":{""value"":0.7117809363111516,""score"":0},""_score"":25.55},""readiness"":{""_distance_atr"":-1.897,""BR1_atr_distance"":{""score"":22.06806421552657},""BR2_compression"":{""score"":91.19879693018983},""BR3_retest"":{""score"":50.0},""BR4_bo_age"":{""score"":50.0},""_score"":49.13},""risk"":{""R1_stop_clarity"":{""score"":17.884849954163855},""R2_stop_distance_pct"":{""value"":13.659590277040667,""score"":0.0},""R3_stop_distance_atr"":{""value"":4.265420325320286,""score"":86.7289837339857},""R4_rr_potential"":{""value"":0.8639567322262549,""score"":0.0},""_score"":19.27},""market"":{""M1_spy_regime"":{""score"":100.0},""M3_earnings_risk"":{""value"":null,""score"":80.0},""M4_vix"":{""value"":null,""score"":60.0},""_score"":84.0},""liquidity"":{""L1_price"":{""value"":235.525,""score"":100.0},""L2_dollar_vol"":{""value"":284847688.9335835,""score"":100.0},""L3_spread_proxy"":{""value"":0.01779004351979619,""score"":82.20995648020381},""L4_volume_zscore"":{""value"":-0.805687181582606,""score"":100.0},""_score"":98.22},""pattern_structure"":{""n_contractions"":5,""contractions_pct"":[23.78,11.65,5.85,11.91,6.68],""descending_strict"":false,""final_low"":206.45,""final_pivot"":221.22,""structural_low"":206.45,""dry_up_ratio"":1.358898035072111,""current_price"":235.525,""neckline_distance_pct"":-0.06073665216006796,""base_bars"":59},""pattern_geometry_features"":{""contraction_count"":5.0,""first_contraction_pct"":0.23777911888955952,""last_contraction_pct"":0.0667661151794594,""dry_up_ratio"":1.358898035072111,""near_monotone"":0.0,""base_depth_pct"":0.16938241802454243},""_schema_version"":""1.0""}",,,,,,,,,,
20260520T193044Z-73e07b,2026-05-20T19:30:44.960382+00:00,EXE,breakout_retest_hold,forming,55.0,32.5,84.3,55.0,41.7,33.6,61.4,43.0,84.0,97.2,4.55,18.54,3.3,5.83,4.37,11.06,2.15,4.2,2.92,True,risk_unclear,98.8,98.815,97.1388,100.205,"{""trend"":{""T1_ema_stack"":{""value"":[true,false,false],""score"":33.33333333333333},""T2_ema50_slope"":{""value"":-0.1553098286391872,""score"":24.115028560135464},""T3_high_proximity"":{""value"":0.8672752808988764,""score"":33.63764044943818},""T4_rs_1m"":{""value"":-0.0036192372291083963,""score"":46.38076277089161},""T5_rs_3m"":{""value"":-0.13052941812675734,""score"":0},""T6_adr_healthy"":{""value"":2.3894241919500874,""score"":100.0},""_score"":32.48},""geometry"":{""sub_retest_depth"":100.0,""sub_retest_timing"":60.0,""sub_retest_freshness"":100.0,""sub_hold_quality"":74.3,""_score"":84.29},""compression"":{""VC1_atr_ratio"":{""value"":0.3913010461675463,""score"":100},""VC2_range_contraction"":{""value"":0.932782815805419,""score"":11.202864032430169},""VC3_range_pct_rank"":{""score"":44.166666666666664},""_score"":54.96},""sr_quality"":{""SR1_touches"":{""value"":3,""score"":50.0},""SR2_tightness"":{""value"":0.3968696959400577,""score"":66.97656906462839},""SR3_recency"":{""value"":238,""score"":0.0},""SR4_price_location"":{""score"":6.4633742127942195},""SR5_reaction"":{""value"":3.3810897902618806,""score"":100},""_score"":41.66,""_levels_found"":6,""_target_level"":103.5033},""volume"":{""V1_rvol_day"":{""value"":0.9472500551051231,""score"":29.81667034034154},""V2_rvol_sameslot"":{""value"":1.0561585249184267,""score"":37.07723499456178,""status"":""ok""},""V3_breakout_bar"":{""value"":0.8426678235006014,""score"":22.844521566706764},""V4_base_dryup"":{""value"":0.7738131130929121,""score"":72.61868869070878},""V5_bo_expansion"":{""value"":0.9472500551051231,""score"":0},""_score"":33.61},""readiness"":{""_distance_atr"":0.006,""BR1_atr_distance"":{""score"":99.5839512153082},""BR2_compression"":{""score"":0},""BR3_retest"":{""score"":85.54230473196071},""BR4_bo_age"":{""score"":30.0},""_score"":61.44},""risk"":{""R1_stop_clarity"":{""score"":18.354586492084607},""R2_stop_distance_pct"":{""value"":1.6813765182186173,""score"":92.03441295546544},""R3_stop_distance_atr"":{""value"":0.6911402411299856,""score"":59.55701205649928},""R4_rr_potential"":{""value"":0.8457741391764942,""score"":0.0},""_score"":42.97},""market"":{""M1_spy_regime"":{""score"":100.0},""M3_earnings_risk"":{""value"":null,""score"":80.0},""M4_vix"":{""value"":null,""score"":60.0},""_score"":84.0},""liquidity"":{""L1_price"":{""value"":98.8,""score"":100.0},""L2_dollar_vol"":{""value"":255468131.4874572,""score"":100.0},""L3_spread_proxy"":{""value"":0.027980769230769212,""score"":72.01923076923079},""L4_volume_zscore"":{""value"":-0.1908785190191915,""score"":100.0},""_score"":97.2},""pattern_structure"":{""level"":98.815,""level_idx"":64,""breakout_idx"":68,""bo_peak_idx"":74,""bo_peak_price"":100.8845,""retest_idx"":78,""retest_low"":98.12,""structural_low"":98.12,""current_price"":98.81,""neckline_distance_pct"":5.060216577264905e-05,""base_bars"":15,""bars_since_breakout"":11},""pattern_geometry_features"":{""retest_depth_atr"":0.8270644736282815,""bars_breakout_to_retest"":10.0,""bars_since_retest"":1.0,""current_above_level_atr"":-0.005950104126816816,""bo_peak_excess_pct"":0.020943176643222233,""atr_pct"":0.024327573742047436},""_schema_version"":""1.0""}",,,,,,,,,,
20260520T193044Z-73e07b,2026-05-20T19:30:44.960382+00:00,TTWO,cup_with_handle,forming,55.0,81.2,61.4,60.6,46.8,22.1,42.4,63.5,84.0,98.2,11.37,18.41,4.85,5.62,2.87,3.39,3.17,4.2,4.91,True,risk_unclear,235.525,246.2499,228.4806,302.8599,"{""trend"":{""T1_ema_stack"":{""value"":[true,true,false],""score"":66.66666666666666},""T2_ema50_slope"":{""value"":0.19672160564860852,""score"":82.78693427476809},""T3_high_proximity"":{""value"":0.9714774789638674,""score"":85.73873948193366},""T4_rs_1m"":{""value"":0.030343380355901894,""score"":80.3433803559019},""T5_rs_3m"":{""value"":0.08771156039521077,""score"":93.85578019760538},""T6_adr_healthy"":{""value"":2.81270573750592,""score"":100.0},""_score"":81.23},""geometry"":{""sub_cup_depth"":100.0,""sub_cup_duration"":0.0,""sub_rim_symmetry"":83.5,""sub_handle_shallowness"":51.6,""sub_handle_proportion"":61.1,""sub_u_shape"":55.0,""_score"":61.38},""compression"":{""VC1_atr_ratio"":{""value"":0.554487358347611,""score"":100},""VC2_range_contraction"":{""value"":1.0581983627349358,""score"":0},""VC3_range_pct_rank"":{""score"":82.5},""_score"":60.62},""sr_quality"":{""SR1_touches"":{""value"":2,""score"":25.0},""SR2_tightness"":{""value"":0.9549999999999983,""score"":74.67668740008945},""SR3_recency"":{""value"":329,""score"":0.0},""SR4_price_location"":{""score"":71.57082399800844},""SR5_reaction"":{""value"":1.3649398074140295,""score"":68.24699037070148},""_score"":46.83,""_levels_found"":6,""_target_level"":241.235},""volume"":{""V1_rvol_day"":{""value"":0.7117809363111518,""score"":14.11872908741012},""V2_rvol_sameslot"":{""value"":0.8785425212651444,""score"":25.236168084342964,""status"":""ok""},""V3_breakout_bar"":{""value"":0.8039954093741423,""score"":20.266360624942816},""V4_base_dryup"":{""value"":1.0445803547381574,""score"":45.541964526184266},""V5_bo_expansion"":{""value"":0.7117809363111516,""score"":0},""_score"":22.05},""readiness"":{""_distance_atr"":1.422,""BR1_atr_distance"":{""score"":5.204190121193392},""BR2_compression"":{""score"":91.19879693018983},""BR3_retest"":{""score"":50.0},""BR4_bo_age"":{""score"":50.0},""_score"":42.38},""risk"":{""R1_stop_clarity"":{""score"":7.738289151697501},""R2_stop_distance_pct"":{""value"":2.9909351448890757,""score"":100.0},""R3_stop_distance_atr"":{""value"":0.9339661951770163,""score"":71.69830975885081},""R4_rr_potential"":{""value"":9.5586423258191,""score"":100.0},""_score"":63.46},""market"":{""M1_spy_regime"":{""score"":100.0},""M3_earnings_risk"":{""value"":null,""score"":80.0},""M4_vix"":{""value"":null,""score"":60.0},""_score"":84.0},""liquidity"":{""L1_price"":{""value"":235.525,""score"":100.0},""L2_dollar_vol"":{""value"":284847688.9335835,""score"":100.0},""L3_spread_proxy"":{""value"":0.01779004351979619,""score"":82.20995648020381},""L4_volume_zscore"":{""value"":-0.805687181582606,""score"":100.0},""_score"":98.22},""pattern_structure"":{""left_rim"":244.24,""left_rim_idx"":55,""cup_bottom"":187.63,""cup_bottom_idx"":142,""right_rim"":246.2499,""right_rim_idx"":175,""handle_low"":231.96,""handle_bars"":4,""cup_bars"":120,""structural_low"":231.96,""current_price"":235.525,""neckline_distance_pct"":0.04553614266001482,""base_bars"":124},""pattern_geometry_features"":{""cup_depth_pct"":0.23178021618080583,""rim_symmetry_pct"":0.00822920078611197,""handle_depth_pct"":0.05803007432693369,""handle_to_cup_ratio"":0.03333333333333333,""cup_duration_bars"":120.0,""atr_pct"":0.0320240192882163,""u_shape_score"":0.275},""_schema_version"":""1.0""}",,,,,,,,,,
20260520T193044Z-73e07b,2026-05-20T19:30:44.960382+00:00,TTWO,double_bottom,forming,55.0,81.2,78.5,60.6,46.8,14.3,49.9,63.0,84.0,98.2,12.18,19.62,4.85,6.56,1.86,3.99,3.78,5.04,4.91,True,risk_unclear,235.525,244.1299,228.4806,256.2998,"{""trend"":{""T1_ema_stack"":{""value"":[true,true,false],""score"":66.66666666666666},""T2_ema50_slope"":{""value"":0.19672160564860852,""score"":82.78693427476809},""T3_high_proximity"":{""value"":0.9714774789638674,""score"":85.73873948193366},""T4_rs_1m"":{""value"":0.030343380355901894,""score"":80.3433803559019},""T5_rs_3m"":{""value"":0.08771156039521077,""score"":93.85578019760538},""T6_adr_healthy"":{""value"":2.81270573750592,""score"":100.0},""_score"":81.23},""geometry"":{""sub_low_similarity"":89.9,""sub_bounce_quality"":32.1,""sub_separation_fit"":100.0,""sub_right_bottom_reaction"":67.4,""sub_base_context"":100.0,""_score"":78.5},""compression"":{""VC1_atr_ratio"":{""value"":0.554487358347611,""score"":100},""VC2_range_contraction"":{""value"":1.0581983627349358,""score"":0},""VC3_range_pct_rank"":{""score"":82.5},""_score"":60.62},""sr_quality"":{""SR1_touches"":{""value"":2,""score"":25.0},""SR2_tightness"":{""value"":0.9549999999999983,""score"":74.67668740008945},""SR3_recency"":{""value"":329,""score"":0.0},""SR4_price_location"":{""score"":71.57082399800844},""SR5_reaction"":{""value"":1.3649398074140295,""score"":68.24699037070148},""_score"":46.83,""_levels_found"":6,""_target_level"":241.235},""volume"":{""V1_rvol_day"":{""value"":0.7117809363111518,""score"":14.11872908741012},""V2_rvol_sameslot"":{""value"":0.8785425212651444,""score"":25.236168084342964,""status"":""ok""},""V3_breakout_bar"":{""value"":0.8039954093741423,""score"":20.266360624942816},""V4_base_dryup"":{""value"":1.429718346768451,""score"":7.028165323154894},""V5_bo_expansion"":{""value"":0.7117809363111516,""score"":0},""_score"":14.34},""readiness"":{""_distance_atr"":1.141,""BR1_atr_distance"":{""score"":23.94255755987072},""BR2_compression"":{""score"":91.19879693018983},""BR3_retest"":{""score"":50.0},""BR4_bo_age"":{""score"":50.0},""_score"":49.88},""risk"":{""R1_stop_clarity"":{""score"":7.738289151697501},""R2_stop_distance_pct"":{""value"":2.9909351448890757,""score"":100.0},""R3_stop_distance_atr"":{""value"":0.9339661951770163,""score"":71.69830975885081},""R4_rr_potential"":{""value"":2.9491227073987862,""score"":97.45613536993932},""_score"":62.95},""market"":{""M1_spy_regime"":{""score"":100.0},""M3_earnings_risk"":{""value"":null,""score"":80.0},""M4_vix"":{""value"":null,""score"":60.0},""_score"":84.0},""liquidity"":{""L1_price"":{""value"":235.525,""score"":100.0},""L2_dollar_vol"":{""value"":284847688.9335835,""score"":100.0},""L3_spread_proxy"":{""value"":0.01779004351979619,""score"":82.20995648020381},""L4_volume_zscore"":{""value"":-0.805687181582606,""score"":100.0},""_score"":98.22},""pattern_structure"":{""left_low"":231.96,""left_idx"":62,""right_low"":233.13,""right_idx"":74,""separation_bars"":12,""structural_low"":231.96,""current_price"":235.55,""neckline_distance_pct"":0.03642496285289739,""base_bars"":12},""pattern_geometry_features"":{""low_similarity_pct"":0.005031284267561063,""bounce_pct"":0.0524655112950508,""right_bottom_reaction"":0.674479166666667,""atr_pct"":0.0320240192882163},""_schema_version"":""1.0""}",,,,,,,,,,
20260520T193044Z-73e07b,2026-05-20T19:30:44.960382+00:00,STEP,double_bottom,forming,55.0,37.3,58.5,67.4,50.5,67.7,17.5,67.8,84.0,88.2,5.59,14.63,5.39,7.06,8.8,1.4,4.07,5.04,4.41,True,risk_unclear,52.59,57.01,50.9639,62.28,"{""trend"":{""T1_ema_stack"":{""value"":[false,true,false],""score"":33.33333333333333},""T2_ema50_slope"":{""value"":0.11668696207237826,""score"":69.44782701206304},""T3_high_proximity"":{""value"":0.9339371337240278,""score"":66.96856686201386},""T4_rs_1m"":{""value"":-0.10164838683950961,""score"":0},""T5_rs_3m"":{""value"":-0.10439229584751908,""score"":0},""T6_adr_healthy"":{""value"":4.31571858770378,""score"":100.0},""_score"":37.27},""geometry"":{""sub_low_similarity"":66.7,""sub_bounce_quality"":100,""sub_separation_fit"":0.0,""sub_right_bottom_reaction"":83.3,""sub_base_context"":30.0,""_score"":58.51},""compression"":{""VC1_atr_ratio"":{""value"":0.3329514661854589,""score"":100},""VC2_range_contraction"":{""value"":0.7692632636505361,""score"":38.45612272491065},""VC3_range_pct_rank"":{""score"":55.833333333333336},""_score"":67.42},""sr_quality"":{""SR1_touches"":{""value"":3,""score"":50.0},""SR2_tightness"":{""value"":0.34292856398964466,""score"":65.89896194012236},""SR3_recency"":{""value"":231,""score"":0.0},""SR4_price_location"":{""score"":42.31004277857002},""SR5_reaction"":{""value"":3.7530557281955637,""score"":100},""_score"":50.46,""_levels_found"":6,""_target_level"":57.31},""volume"":{""V1_rvol_day"":{""value"":0.9450285172688426,""score"":29.668567817922842},""V2_rvol_sameslot"":{""value"":2.2376353092251855,""score"":100,""status"":""ok""},""V3_breakout_bar"":{""value"":2.061945769710366,""score"":100},""V4_base_dryup"":{""value"":0.660496981752954,""score"":83.9503018247046},""V5_bo_expansion"":{""value"":0.9450285172688427,""score"":0},""_score"":67.72},""readiness"":{""_distance_atr"":2.198,""BR1_atr_distance"":{""score"":0},""BR2_compression"":{""score"":0},""BR3_retest"":{""score"":50.0},""BR4_bo_age"":{""score"":50.0},""_score"":17.5},""risk"":{""R1_stop_clarity"":{""score"":22.824114356743394},""R2_stop_distance_pct"":{""value"":3.0920327058376134,""score"":100.0},""R3_stop_distance_atr"":{""value"":0.8085021752641394,""score"":65.42510876320698},""R4_rr_potential"":{""value"":5.959043109279863,""score"":100.0},""_score"":67.8},""market"":{""M1_spy_regime"":{""score"":100.0},""M3_earnings_risk"":{""value"":null,""score"":80.0},""M4_vix"":{""value"":null,""score"":60.0},""_score"":84.0},""liquidity"":{""L1_price"":{""value"":52.59,""score"":100.0},""L2_dollar_vol"":{""value"":38665853.74752235,""score"":79.36638019517765},""L3_spread_proxy"":{""value"":0.03536794067313176,""score"":64.63205932686824},""L4_volume_zscore"":{""value"":-0.13558304719251524,""score"":100.0},""_score"":88.21},""pattern_structure"":{""left_low"":52.61,""left_idx"":26,""right_low"":51.74,""right_idx"":74,""separation_bars"":48,""structural_low"":51.74,""current_price"":52.6799,""neckline_distance_pct"":0.08219643545261085,""base_bars"":48},""pattern_geometry_features"":{""low_similarity_pct"":0.01667465261140388,""bounce_pct"":0.10185543100115957,""right_bottom_reaction"":0.8327402135231271,""atr_pct"":0.038243962730557156},""_schema_version"":""1.0""}",,,,,,,,,,
20260520T193044Z-73e07b,2026-05-20T19:30:44.960382+00:00,NIC,breakout_retest_hold,forming,55.0,25.7,99.2,51.5,70.5,19.3,85.5,39.2,84.0,80.7,3.6,21.82,3.09,9.87,2.51,15.39,1.96,4.2,2.42,True,risk_unclear,141.58,141.59,139.8375,142.27,"{""trend"":{""T1_ema_stack"":{""value"":[false,false,true],""score"":33.33333333333333},""T2_ema50_slope"":{""value"":-0.10282540293460302,""score"":32.86243284423283},""T3_high_proximity"":{""value"":0.8773625828840553,""score"":38.68129144202764},""T4_rs_1m"":{""value"":-0.13753876356582628,""score"":0},""T5_rs_3m"":{""value"":-0.1896094107920756,""score"":0},""T6_adr_healthy"":{""value"":2.5217115866465862,""score"":100.0},""_score"":25.71},""geometry"":{""sub_retest_depth"":97.3,""sub_retest_timing"":100.0,""sub_retest_freshness"":100.0,""sub_hold_quality"":100.0,""_score"":99.19},""compression"":{""VC1_atr_ratio"":{""value"":0.5183904184862177,""score"":100},""VC2_range_contraction"":{""value"":0.9418060949986284,""score"":9.698984166895261},""VC3_range_pct_rank"":{""score"":32.49999999999999},""_score"":51.52},""sr_quality"":{""SR1_touches"":{""value"":4,""score"":75.0},""SR2_tightness"":{""value"":0.5179949324076392,""score"":71.28227536850112},""SR3_recency"":{""value"":238,""score"":0.0},""SR4_price_location"":{""score"":89.33469821740071},""SR5_reaction"":{""value"":2.5448768337329586,""score"":100},""_score"":70.53,""_levels_found"":3,""_target_level"":142.8625},""volume"":{""V1_rvol_day"":{""value"":0.7766074238713015,""score"":18.440494924753438},""V2_rvol_sameslot"":{""value"":0.5515703243008313,""score"":3.4380216200554203,""status"":""ok""},""V3_breakout_bar"":{""value"":0.4685809363180685,""score"":0},""V4_base_dryup"":{""value"":0.7530681484508784,""score"":74.69318515491216},""V5_bo_expansion"":{""value"":0.7766074238713018,""score"":0},""_score"":19.31},""readiness"":{""_distance_atr"":0.003,""BR1_atr_distance"":{""score"":99.81519944929452},""BR2_compression"":{""score"":58.0442655800803},""BR3_retest"":{""score"":95.28758595700612},""BR4_bo_age"":{""score"":80},""_score"":85.49},""risk"":{""R1_stop_clarity"":{""score"":21.690766638485016},""R2_stop_distance_pct"":{""value"":1.230752931204977,""score"":80.76882328012442},""R3_stop_distance_atr"":{""value"":0.4830224394068706,""score"":49.151121970343524},""R4_rr_potential"":{""value"":0.39598278335724246,""score"":0.0},""_score"":39.2},""market"":{""M1_spy_regime"":{""score"":100.0},""M3_earnings_risk"":{""value"":null,""score"":80.0},""M4_vix"":{""value"":null,""score"":60.0},""_score"":84.0},""liquidity"":{""L1_price"":{""value"":141.58,""score"":100.0},""L2_dollar_vol"":{""value"":15198209.751985582,""score"":59.089621697817705},""L3_spread_proxy"":{""value"":0.029594575505014813,""score"":70.40542449498518},""L4_volume_zscore"":{""value"":-0.8531449373065447,""score"":100.0},""_score"":80.68},""pattern_structure"":{""level"":141.59,""level_idx"":67,""breakout_idx"":74,""bo_peak_idx"":76,""bo_peak_price"":143.4,""retest_idx"":78,""retest_low"":141.25,""structural_low"":141.25,""current_price"":141.93,""neckline_distance_pct"":-0.0023955471006834594,""base_bars"":12,""bars_since_breakout"":5},""pattern_geometry_features"":{""retest_depth_atr"":0.2809917355371924,""bars_breakout_to_retest"":4.0,""bars_since_retest"":1.0,""current_above_level_atr"":0.2809917355371924,""bo_peak_excess_pct"":0.012783388657391075,""atr_pct"":0.025480243375779504},""_schema_version"":""1.0""}",,,,,,,,,,
20260520T193044Z-73e07b,2026-05-20T19:30:44.960382+00:00,RBRK,vcp,breakout_confirmed,54.97,90.8,41.4,60.1,51.6,34.4,32.6,21.4,84.0,94.8,13.61,10.35,7.21,6.2,4.48,2.28,1.07,5.04,4.74,False,,66.685,56.4999,49.1332,62.0435,"{""trend"":{""T1_ema_stack"":{""value"":[true,true,false],""score"":66.66666666666666},""T2_ema50_slope"":{""value"":0.2726402843196492,""score"":95.4400473866082},""T3_high_proximity"":{""value"":1.0,""score"":99.99999999999997},""T4_rs_1m"":{""value"":0.18266631543376266,""score"":100},""T5_rs_3m"":{""value"":0.1493576423776488,""score"":100},""T6_adr_healthy"":{""value"":4.634544576075171,""score"":100.0},""_score"":90.75},""geometry"":{""sub_contraction_count"":100.0,""sub_reduction_rate"":0,""sub_pivot_tightness"":0,""sub_volume_dryup"":9.2,""sub_base_depth"":50.0,""sub_base_duration"":100.0,""_score"":41.38},""compression"":{""VC1_atr_ratio"":{""value"":0.4403920444610298,""score"":100},""VC2_range_contraction"":{""value"":0.8060819019920673,""score"":32.31968300132212},""VC3_range_pct_rank"":{""score"":35.0},""_score"":60.06},""sr_quality"":{""SR1_touches"":{""value"":3,""score"":50.0},""SR2_tightness"":{""value"":0.09010630758535743,""score"":94.26156712666291},""SR3_recency"":{""value"":229,""score"":0.0},""SR4_price_location"":{""score"":30.0},""SR5_reaction"":{""value"":2.3988494217919927,""score"":100},""_score"":51.64,""_levels_found"":3,""_target_level"":58.0468},""volume"":{""V1_rvol_day"":{""value"":0.793903314156168,""score"":19.593554277077864},""V2_rvol_sameslot"":{""value"":1.2366262011253788,""score"":49.10841340835859,""status"":""ok""},""V3_breakout_bar"":{""value"":0.9101790085290701,""score"":27.345267235271336},""V4_base_dryup"":{""value"":0.8075071271707704,""score"":69.24928728292295},""V5_bo_expansion"":{""value"":0.7939033141561683,""score"":0},""_score"":34.43},""readiness"":{""_distance_atr"":-3.243,""BR1_atr_distance"":{""score"":0},""BR2_compression"":{""score"":60.36432777791819},""BR3_retest"":{""score"":50.0},""BR4_bo_age"":{""score"":50.0},""_score"":32.59},""risk"":{""R1_stop_clarity"":{""score"":52.349440366826386},""R2_stop_distance_pct"":{""value"":26.320493364324815,""score"":0.0},""R3_stop_distance_atr"":{""value"":5.5889509465204,""score"":20.55245267397998},""R4_rr_potential"":{""value"":-0.2644454954275119,""score"":0.0},""_score"":21.41},""market"":{""M1_spy_regime"":{""score"":100.0},""M3_earnings_risk"":{""value"":null,""score"":80.0},""M4_vix"":{""value"":null,""score"":60.0},""_score"":84.0},""liquidity"":{""L1_price"":{""value"":66.685,""score"":100.0},""L2_dollar_vol"":{""value"":157836842.83458322,""score"":100.0},""L3_spread_proxy"":{""value"":0.05233560770788047,""score"":47.66439229211953},""L4_volume_zscore"":{""value"":-1.0056255645146548,""score"":100.0},""_score"":94.77},""pattern_structure"":{""n_contractions"":5,""contractions_pct"":[16.36,8.97,22.76,24.55,11.71],""descending_strict"":false,""final_low"":49.8814,""final_pivot"":56.4999,""structural_low"":49.8814,""dry_up_ratio"":0.9537714326186519,""current_price"":66.685,""neckline_distance_pct"":-0.1527344980130465,""base_bars"":43},""pattern_geometry_features"":{""contraction_count"":5.0,""first_contraction_pct"":0.16355435272891292,""last_contraction_pct"":0.11714180025097386,""dry_up_ratio"":0.9537714326186519,""near_monotone"":0.0,""base_depth_pct"":0.10001984663960303},""_schema_version"":""1.0""}",,,,,,,,,,
20260520T193044Z-73e07b,2026-05-20T19:30:44.960382+00:00,CEPT,double_bottom,breakout_confirmed,54.94,94.7,61.3,2.1,44.4,34.3,36.6,44.3,84.0,78.5,14.21,15.33,0.17,6.22,4.46,2.93,2.66,5.04,3.93,True,risk_unclear,13.28,12.97,12.0367,13.72,"{""trend"":{""T1_ema_stack"":{""value"":[true,true,true],""score"":100.0},""T2_ema50_slope"":{""value"":0.18727007889142713,""score"":81.21167981523786},""T3_high_proximity"":{""value"":1.0,""score"":99.99999999999997},""T4_rs_1m"":{""value"":0.15111466253011452,""score"":100},""T5_rs_3m"":{""value"":0.07995317862616425,""score"":89.97658931308212},""T6_adr_healthy"":{""value"":3.5389608973068336,""score"":100.0},""_score"":94.74},""geometry"":{""sub_low_similarity"":36.2,""sub_bounce_quality"":44.8,""sub_separation_fit"":100.0,""sub_right_bottom_reaction"":43.4,""sub_base_context"":100.0,""_score"":61.33},""compression"":{""VC1_atr_ratio"":{""value"":1.0283841260943776,""score"":0},""VC2_range_contraction"":{""value"":1.3278848130364735,""score"":0},""VC3_range_pct_rank"":{""score"":8.333333333333337},""_score"":2.08},""sr_quality"":{""SR1_touches"":{""value"":2,""score"":25.0},""SR2_tightness"":{""value"":0.009999999999999787,""score"":96.02831245833283},""SR3_recency"":{""value"":201,""score"":0.0},""SR4_price_location"":{""score"":30.0},""SR5_reaction"":{""value"":2.055249010624263,""score"":100},""_score"":44.4,""_levels_found"":3,""_target_level"":11.65},""volume"":{""V1_rvol_day"":{""value"":1.7409565739286446,""score"":82.73043826190964},""V2_rvol_sameslot"":{""value"":0.9504937678752879,""score"":30.03291785835253,""status"":""ok""},""V3_breakout_bar"":{""value"":0.27959635893345286,""score"":0},""V4_base_dryup"":{""value"":1.281566948074198,""score"":21.843305192580203},""V5_bo_expansion"":{""value"":1.7409565739286448,""score"":49.39710492857632},""_score"":34.33},""readiness"":{""_distance_atr"":-0.616,""BR1_atr_distance"":{""score"":47.68776862083155},""BR2_compression"":{""score"":0},""BR3_retest"":{""score"":50.0},""BR4_bo_age"":{""score"":50.0},""_score"":36.58},""risk"":{""R1_stop_clarity"":{""score"":27.1989673612388},""R2_stop_distance_pct"":{""value"":9.36219879518072,""score"":65.94503012048199},""R3_stop_distance_atr"":{""value"":2.46899956027745,""score"":100.0},""R4_rr_potential"":{""value"":0.353896887316015,""score"":0.0},""_score"":44.3},""market"":{""M1_spy_regime"":{""score"":100.0},""M3_earnings_risk"":{""value"":null,""score"":80.0},""M4_vix"":{""value"":null,""score"":60.0},""_score"":84.0},""liquidity"":{""L1_price"":{""value"":13.28,""score"":100.0},""L2_dollar_vol"":{""value"":17130540.30892176,""score"":61.68855305628092},""L3_spread_proxy"":{""value"":0.0612650602409638,""score"":38.7349397590362},""L4_volume_zscore"":{""value"":1.2606437125897059,""score"":100.0},""_score"":78.55},""pattern_structure"":{""left_low"":12.22,""left_idx"":49,""right_low"":12.6164,""right_idx"":74,""separation_bars"":25,""structural_low"":12.22,""current_price"":13.28,""neckline_distance_pct"":-0.02334337349397581,""base_bars"":25},""pattern_geometry_features"":{""low_similarity_pct"":0.03192089030616352,""bounce_pct"":0.0613747954173486,""right_bottom_reaction"":0.4343891402714904,""atr_pct"":0.03791899741824441},""_schema_version"":""1.0""}",,,,,,,,,,
20260520T193044Z-73e07b,2026-05-20T19:30:44.960382+00:00,HQY,double_bottom,setup,54.8,60.0,55.8,55.4,43.5,46.4,36.9,45.2,84.0,91.5,9.0,13.96,4.43,6.1,6.03,2.95,2.71,5.04,4.58,True,risk_unclear,86.38,84.9699,80.4548,88.2598,"{""trend"":{""T1_ema_stack"":{""value"":[true,true,false],""score"":66.66666666666666},""T2_ema50_slope"":{""value"":0.007862362778095197,""score"":51.3103937963492},""T3_high_proximity"":{""value"":1.0,""score"":99.99999999999997},""T4_rs_1m"":{""value"":-0.027110104090134035,""score"":22.889895909865963},""T5_rs_3m"":{""value"":0.013179546374820328,""score"":56.58977318741017},""T6_adr_healthy"":{""value"":3.5651719725501443,""score"":100.0},""_score"":60.0},""geometry"":{""sub_low_similarity"":53.1,""sub_bounce_quality"":14.7,""sub_separation_fit"":40.0,""sub_right_bottom_reaction"":73.1,""sub_base_context"":100.0,""_score"":55.84},""compression"":{""VC1_atr_ratio"":{""value"":0.4463937621832362,""score"":100},""VC2_range_contraction"":{""value"":0.8433639072563229,""score"":26.106015457279515},""VC3_range_pct_rank"":{""score"":25.0},""_score"":55.39},""sr_quality"":{""SR1_touches"":{""value"":2,""score"":25.0},""SR2_tightness"":{""value"":0.41449999999999676,""score"":66.34322601599636},""SR3_recency"":{""value"":245,""score"":0.0},""SR4_price_location"":{""score"":44.376646789626726},""SR5_reaction"":{""value"":4.539198570906581,""score"":100},""_score"":43.55,""_levels_found"":8,""_target_level"":88.3855},""volume"":{""V1_rvol_day"":{""value"":0.7881251940103977,""score"":19.208346267359847},""V2_rvol_sameslot"":{""value"":1.7379684284727266,""score"":82.53122856484843,""status"":""ok""},""V3_breakout_bar"":{""value"":1.3828888474529777,""score"":58.85925649686518},""V4_base_dryup"":{""value"":0.9337682719304871,""score"":56.623172806951295},""V5_bo_expansion"":{""value"":0.7881251940103979,""score"":0},""_score"":46.39},""readiness"":{""_distance_atr"":-0.572,""BR1_atr_distance"":{""score"":48.550200966262025},""BR2_compression"":{""score"":0},""BR3_retest"":{""score"":50.0},""BR4_bo_age"":{""score"":50.0},""_score"":36.92},""risk"":{""R1_stop_clarity"":{""score"":0.5156104096463139},""R2_stop_distance_pct"":{""value"":6.859458207918488,""score"":100.0},""R3_stop_distance_atr"":{""value"":2.4055864560919122,""score"":100.0},""R4_rr_potential"":{""value"":0.3172551137514332,""score"":0.0},""_score"":45.18},""market"":{""M1_spy_regime"":{""score"":100.0},""M3_earnings_risk"":{""value"":null,""score"":80.0},""M4_vix"":{""value"":null,""score"":60.0},""_score"":84.0},""liquidity"":{""L1_price"":{""value"":86.38,""score"":100.0},""L2_dollar_vol"":{""value"":59919289.921977915,""score"":88.87833290413494},""L3_spread_proxy"":{""value"":0.04040287103496174,""score"":59.59712896503826},""L4_volume_zscore"":{""value"":-0.7536397881442105,""score"":100.0},""_score"":91.51},""pattern_structure"":{""left_low"":81.68,""left_idx"":34,""right_low"":83.62,""right_idx"":73,""separation_bars"":39,""structural_low"":81.68,""current_price"":86.5,""neckline_distance_pct"":-0.017689017341040513,""base_bars"":39},""pattern_geometry_features"":{""low_similarity_pct"":0.023472474289171173,""bounce_pct"":0.04027791380999007,""right_bottom_reaction"":0.7314814814814848,""atr_pct"":0.028514702477425335},""_schema_version"":""1.0""}",,,,,,,,,,
20260520T193044Z-73e07b,2026-05-20T19:30:44.960382+00:00,AGYS,bull_flag,forming,54.32,54.8,63.7,34.9,54.3,37.7,27.4,65.7,84.0,84.2,7.67,19.11,3.14,5.43,5.28,2.47,1.97,5.04,4.21,False,,80.41,94.77,71.7671,124.715,"{""trend"":{""T1_ema_stack"":{""value"":[true,false,false],""score"":33.33333333333333},""T2_ema50_slope"":{""value"":-0.1989982649488889,""score"":16.833622508518516},""T3_high_proximity"":{""value"":1.0,""score"":99.99999999999997},""T4_rs_1m"":{""value"":0.13193464559025503,""score"":100},""T5_rs_3m"":{""value"":-0.05887359970593353,""score"":20.563200147033236},""T6_adr_healthy"":{""value"":6.090326000086986,""score"":100.0},""_score"":54.78},""geometry"":{""sub_pole_impulse"":100.0,""sub_flag_tightness"":34.8,""sub_flag_shallowness"":0,""sub_flag_drift"":100,""sub_flag_duration"":100.0,""_score"":63.7},""compression"":{""VC1_atr_ratio"":{""value"":0.6550453706180965,""score"":86.23865734547587},""VC2_range_contraction"":{""value"":1.6671883157279048,""score"":0},""VC3_range_pct_rank"":{""score"":1.6666666666666718},""_score"":34.91},""sr_quality"":{""SR1_touches"":{""value"":2,""score"":25.0},""SR2_tightness"":{""value"":0.6649999999999991,""score"":76.22270463542336},""SR3_recency"":{""value"":277,""score"":0.0},""SR4_price_location"":{""score"":86.7740852635111},""SR5_reaction"":{""value"":1.824415783424851,""score"":91.22078917124254},""_score"":54.31,""_levels_found"":7,""_target_level"":81.395},""volume"":{""V1_rvol_day"":{""value"":1.4759489963731958,""score"":65.06326642487971},""V2_rvol_sameslot"":{""value"":1.993371755837129,""score"":99.5581170558086,""status"":""ok""},""V3_breakout_bar"":{""value"":0.41577643532890424,""score"":0},""V4_base_dryup"":{""value"":2.4275261578460547,""score"":0},""V5_bo_expansion"":{""value"":1.4759489963731962,""score"":31.729933091546414},""_score"":37.68},""readiness"":{""_distance_atr"":2.567,""BR1_atr_distance"":{""score"":0},""BR2_compression"":{""score"":39.8075165683805},""BR3_retest"":{""score"":50.0},""BR4_bo_age"":{""score"":50.0},""_score"":27.45},""risk"":{""R1_stop_clarity"":{""score"":60.92299833993104},""R2_stop_distance_pct"":{""value"":10.748538738962813,""score"":31.286531525929682},""R3_stop_distance_atr"":{""value"":1.545148767718043,""score"":100.0},""R4_rr_potential"":{""value"":5.126172928068126,""score"":100.0},""_score"":65.71},""market"":{""M1_spy_regime"":{""score"":100.0},""M3_earnings_risk"":{""value"":null,""score"":80.0},""M4_vix"":{""value"":null,""score"":60.0},""_score"":84.0},""liquidity"":{""L1_price"":{""value"":80.41,""score"":100.0},""L2_dollar_vol"":{""value"":51275492.38540894,""score"":85.4954919739503},""L3_spread_proxy"":{""value"":0.11428926750404177,""score"":0},""L4_volume_zscore"":{""value"":0.3630112019769939,""score"":100.0},""_score"":84.2},""pattern_structure"":{""pole_low"":64.825,""pole_low_idx"":25,""peak_price"":94.77,""peak_idx"":48,""pole_gain"":0.4619359814886231,""flag_bars"":11,""flag_low"":72.86,""flag_high"":89.99,""structural_low"":72.86,""current_price"":80.45,""neckline_distance_pct"":0.17799875699192036,""base_bars"":11},""pattern_geometry_features"":{""pole_gain"":0.4619359814886231,""pullback_pct"":0.23119130526537932,""flag_range_pct"":0.18075340297562514,""flag_drift_per_bar"":0.0026512797333183174,""atr_pct"":0.06956313180663387,""pole_atr_multiple"":6.64052881880989},""_schema_version"":""1.0""}",,,,,,,,,,
20260520T193044Z-73e07b,2026-05-20T19:30:44.960382+00:00,ICE,vcp,forming,54.27,20.2,59.1,73.6,79.7,24.9,31.8,52.6,84.0,98.9,3.03,14.77,8.83,9.57,3.24,2.23,2.63,5.04,4.95,True,risk_unclear,152.34,158.9025,150.3799,169.1025,"{""trend"":{""T1_ema_stack"":{""value"":[false,false,false],""score"":0.0},""T2_ema50_slope"":{""value"":-0.10212546674827684,""score"":32.97908887528719},""T3_high_proximity"":{""value"":0.9079206150545325,""score"":53.96030752726622},""T4_rs_1m"":{""value"":-0.0914359086194112,""score"":0},""T5_rs_3m"":{""value"":-0.09338689223367613,""score"":3.306553883161932},""T6_adr_healthy"":{""value"":2.330944887505885,""score"":100.0},""_score"":20.19},""geometry"":{""sub_contraction_count"":100.0,""sub_reduction_rate"":21.6,""sub_pivot_tightness"":86.9,""sub_volume_dryup"":29.1,""sub_base_depth"":12.6,""sub_base_duration"":100.0,""_score"":59.06},""compression"":{""VC1_atr_ratio"":{""value"":0.3961576585586394,""score"":100},""VC2_range_contraction"":{""value"":0.8066891223122887,""score"":32.218479614618545},""VC3_range_pct_rank"":{""score"":89.16666666666666},""_score"":73.57},""sr_quality"":{""SR1_touches"":{""value"":6,""score"":100},""SR2_tightness"":{""value"":0.5598620179710871,""score"":67.82956858179124},""SR3_recency"":{""value"":229,""score"":0.0},""SR4_price_location"":{""score"":98.16971211860036},""SR5_reaction"":{""value"":2.8819647953417995,""score"":100},""_score"":79.72,""_levels_found"":7,""_target_level"":152.5523},""volume"":{""V1_rvol_day"":{""value"":0.607399433382571,""score"":7.159962225504731},""V2_rvol_sameslot"":{""value"":0.7500849690129985,""score"":16.672331267533234,""status"":""ok""},""V3_breakout_bar"":{""value"":0.7631934973769333,""score"":17.546233158462222},""V4_base_dryup"":{""value"":0.7124919177118667,""score"":78.75080822881333},""V5_bo_expansion"":{""value"":0.6073994333825709,""score"":0},""_score"":24.9},""readiness"":{""_distance_atr"":1.885,""BR1_atr_distance"":{""score"":0},""BR2_compression"":{""score"":57.26786461317411},""BR3_retest"":{""score"":50.0},""BR4_bo_age"":{""score"":50.0},""_score"":31.82},""risk"":{""R1_stop_clarity"":{""score"":0},""R2_stop_distance_pct"":{""value"":1.2866285939346356,""score"":82.1657148483659},""R3_stop_distance_atr"":{""value"":0.5631356662644441,""score"":53.1567833132222},""R4_rr_potential"":{""value"":8.552077753118448,""score"":100.0},""_score"":52.62},""market"":{""M1_spy_regime"":{""score"":100.0},""M3_earnings_risk"":{""value"":null,""score"":80.0},""M4_vix"":{""value"":null,""score"":60.0},""_score"":84.0},""liquidity"":{""L1_price"":{""value"":152.34,""score"":100.0},""L2_dollar_vol"":{""value"":286943806.4868039,""score"":100.0},""L3_spread_proxy"":{""value"":0.01063410791650259,""score"":89.36589208349741},""L4_volume_zscore"":{""value"":-1.3135606074551864,""score"":100.0},""_score"":98.94},""pattern_structure"":{""n_contractions"":5,""contractions_pct"":[6.44,6.19,6.38,5.57,3.92],""descending_strict"":false,""final_low"":152.67,""final_pivot"":158.9025,""structural_low"":152.67,""dry_up_ratio"":0.8543064486936199,""current_price"":152.34,""neckline_distance_pct"":0.04307798345805435,""base_bars"":40},""pattern_geometry_features"":{""contraction_count"":5.0,""first_contraction_pct"":0.06440719592312893,""last_contraction_pct"":0.03922216453485638,""dry_up_ratio"":0.8543064486936199,""near_monotone"":0.0,""base_depth_pct"":0.06262663473936278},""_schema_version"":""1.0""}",,,,,,,,,,
20260520T193044Z-73e07b,2026-05-20T19:30:44.960382+00:00,SNOW,high_tight_pullback,forming,54.19,40.8,60.2,64.2,53.5,23.0,41.3,72.2,84.0,96.4,4.89,21.07,6.42,4.28,3.22,3.72,0.72,5.04,4.82,False,,164.49,176.98,160.8308,207.91,"{""trend"":{""T1_ema_stack"":{""value"":[true,false,false],""score"":33.33333333333333},""T2_ema50_slope"":{""value"":-0.23267809315974294,""score"":11.22031780670951},""T3_high_proximity"":{""value"":0.8996390286589369,""score"":49.819514329468404},""T4_rs_1m"":{""value"":0.03870934967341633,""score"":88.70934967341633},""T5_rs_3m"":{""value"":-0.163988643099245,""score"":0},""T6_adr_healthy"":{""value"":4.7698952447342675,""score"":100.0},""_score"":40.79},""geometry"":{""sub_pole_impulse"":75.2,""sub_flag_tightness"":48.7,""sub_flag_shallowness"":26.9,""sub_flag_drift"":80.6,""sub_flag_duration"":80.0,""_score"":60.2},""compression"":{""VC1_atr_ratio"":{""value"":0.37636773418793523,""score"":100},""VC2_range_contraction"":{""value"":0.8707496799346415,""score"":21.54172001089309},""VC3_range_pct_rank"":{""score"":66.66666666666667},""_score"":64.21},""sr_quality"":{""SR1_touches"":{""value"":4,""score"":75.0},""SR2_tightness"":{""value"":1.698315341743107,""score"":60.921242647954635},""SR3_recency"":{""value"":272,""score"":0.0},""SR4_price_location"":{""score"":27.44226079472099},""SR5_reaction"":{""value"":2.609656439680946,""score"":100},""_score"":53.5,""_levels_found"":6,""_target_level"":185.565},""volume"":{""V1_rvol_day"":{""value"":0.5544673790240763,""score"":3.6311586016050854},""V2_rvol_sameslot"":{""value"":1.1291844274543326,""score"":41.94562849695551,""status"":""ok""},""V3_breakout_bar"":{""value"":0.9567780277129181,""score"":30.45186851419454},""V4_base_dryup"":{""value"":1.1851185643914233,""score"":31.48814356085768},""V5_bo_expansion"":{""value"":0.5544673790240763,""score"":0},""_score"":23.03},""readiness"":{""_distance_atr"":1.437,""BR1_atr_distance"":{""score"":4.2004219652008885},""BR2_compression"":{""score"":88.63544209550344},""BR3_retest"":{""score"":50.0},""BR4_bo_age"":{""score"":50.0},""_score"":41.34},""risk"":{""R1_stop_clarity"":{""score"":43.643156159448495},""R2_stop_distance_pct"":{""value"":2.2245729223661,""score"":100.0},""R3_stop_distance_atr"":{""value"":0.4209965763950408,""score"":46.04982881975204},""R4_rr_potential"":{""value"":11.86598163533012,""score"":100.0},""_score"":72.18},""market"":{""M1_spy_regime"":{""score"":100.0},""M3_earnings_risk"":{""value"":null,""score"":80.0},""M4_vix"":{""value"":null,""score"":60.0},""_score"":84.0},""liquidity"":{""L1_price"":{""value"":164.49,""score"":100.0},""L2_dollar_vol"":{""value"":676047650.0774376,""score"":100.0},""L3_spread_proxy"":{""value"":0.03567998054592984,""score"":64.32001945407015},""L4_volume_zscore"":{""value"":-1.1447598402096242,""score"":100.0},""_score"":96.43},""pattern_structure"":{""pole_low"":146.05,""pole_low_idx"":24,""peak_price"":176.98,""peak_idx"":48,""pole_gain"":0.21177678877096867,""flag_bars"":11,""flag_low"":163.28,""flag_high"":174.81,""structural_low"":163.28,""current_price"":164.495,""neckline_distance_pct"":0.07589896349433105,""base_bars"":11},""pattern_geometry_features"":{""pole_gain"":0.21177678877096867,""pullback_pct"":0.07740987682223974,""flag_range_pct"":0.06514860436207483,""flag_drift_per_bar"":-0.0038707891093677765,""atr_pct"":0.05284064163692104,""pole_atr_multiple"":4.007839083903082},""_schema_version"":""1.0""}",,,,,,,,,,
20260520T193044Z-73e07b,2026-05-20T19:30:44.960382+00:00,AXON,double_bottom,forming,54.14,13.3,73.0,50.2,70.7,11.8,54.0,72.1,84.0,95.1,2.0,18.25,4.02,9.9,1.53,4.32,4.33,5.04,4.76,False,,397.33,414.5,373.5021,449.81,"{""trend"":{""T1_ema_stack"":{""value"":[true,false,false],""score"":33.33333333333333},""T2_ema50_slope"":{""value"":-0.3972479045256277,""score"":0},""T3_high_proximity"":{""value"":0.6861282356801187,""score"":0},""T4_rs_1m"":{""value"":-0.07052833154135718,""score"":0},""T5_rs_3m"":{""value"":-0.18117162942625697,""score"":0},""T6_adr_healthy"":{""value"":5.695375446246507,""score"":100.0},""_score"":13.33},""geometry"":{""sub_low_similarity"":85.2,""sub_bounce_quality"":90.2,""sub_separation_fit"":60.0,""sub_right_bottom_reaction"":96.1,""sub_base_context"":30.0,""_score"":73.02},""compression"":{""VC1_atr_ratio"":{""value"":0.4043715662158299,""score"":100},""VC2_range_contraction"":{""value"":1.3730383330747264,""score"":0},""VC3_range_pct_rank"":{""score"":40.833333333333336},""_score"":50.21},""sr_quality"":{""SR1_touches"":{""value"":5,""score"":100},""SR2_tightness"":{""value"":3.271657638812473,""score"":74.15200999571414},""SR3_recency"":{""value"":237,""score"":0.0},""SR4_price_location"":{""score"":58.38911495770213},""SR5_reaction"":{""value"":2.585765526613101,""score"":100},""_score"":70.72,""_levels_found"":4,""_target_level"":414.6621},""volume"":{""V1_rvol_day"":{""value"":0.5981487393474927,""score"":6.543249289832846},""V2_rvol_sameslot"":{""value"":0.5245313777611055,""score"":1.6354251840736984,""status"":""ok""},""V3_breakout_bar"":{""value"":0.6520774501044322,""score"":10.138496673628811},""V4_base_dryup"":{""value"":1.1206834715357925,""score"":37.93165284642075},""V5_bo_expansion"":{""value"":0.5981487393474927,""score"":0},""_score"":11.76},""readiness"":{""_distance_atr"":0.678,""BR1_atr_distance"":{""score"":54.78235221308383},""BR2_compression"":{""score"":58.13974691336592},""BR3_retest"":{""score"":50.0},""BR4_bo_age"":{""score"":50.0},""_score"":53.95},""risk"":{""R1_stop_clarity"":{""score"":55.06269109525707},""R2_stop_distance_pct"":{""value"":5.9969924244330945,""score"":100.0},""R3_stop_distance_atr"":{""value"":0.9412690700228333,""score"":72.06345350114167},""R4_rr_potential"":{""value"":2.202464762872017,""score"":60.12323814360086},""_score"":72.11},""market"":{""M1_spy_regime"":{""score"":100.0},""M3_earnings_risk"":{""value"":null,""score"":80.0},""M4_vix"":{""value"":null,""score"":60.0},""_score"":84.0},""liquidity"":{""L1_price"":{""value"":397.33,""score"":100.0},""L2_dollar_vol"":{""value"":279798291.95377403,""score"":100.0},""L3_spread_proxy"":{""value"":0.048863664963632154,""score"":51.136335036367846},""L4_volume_zscore"":{""value"":-0.9145771658303503,""score"":100.0},""_score"":95.11},""pattern_structure"":{""left_low"":379.19,""left_idx"":35,""right_low"":382.0,""right_idx"":71,""separation_bars"":36,""structural_low"":379.19,""current_price"":397.87,""neckline_distance_pct"":0.04179757207127955,""base_bars"":36},""pattern_geometry_features"":{""low_similarity_pct"":0.007383176342306131,""bounce_pct"":0.09311954429177985,""right_bottom_reaction"":0.9607250755287023,""atr_pct"":0.06371177610550423},""_schema_version"":""1.0""}",,,,,,,,,,
20260520T193044Z-73e07b,2026-05-20T19:30:44.960382+00:00,TTWO,bull_flag,absent,53.4,81.2,42.4,60.6,46.8,24.9,42.4,63.5,84.0,98.2,11.37,12.73,5.46,4.68,3.49,3.81,1.9,5.04,4.91,True,risk_unclear,235.525,246.2499,228.4806,273.4598,"{""trend"":{""T1_ema_stack"":{""value"":[true,true,false],""score"":66.66666666666666},""T2_ema50_slope"":{""value"":0.19672160564860852,""score"":82.78693427476809},""T3_high_proximity"":{""value"":0.9714774789638674,""score"":85.73873948193366},""T4_rs_1m"":{""value"":0.030343380355901894,""score"":80.3433803559019},""T5_rs_3m"":{""value"":0.08771156039521077,""score"":93.85578019760538},""T6_adr_healthy"":{""value"":2.81270573750592,""score"":100.0},""_score"":81.23},""geometry"":{""sub_pole_impulse"":72.0,""sub_flag_tightness"":22.2,""sub_flag_shallowness"":6.6,""sub_flag_drift"":93.1,""sub_flag_duration"":0.0,""_score"":42.43},""compression"":{""VC1_atr_ratio"":{""value"":0.554487358347611,""score"":100},""VC2_range_contraction"":{""value"":1.0581983627349358,""score"":0},""VC3_range_pct_rank"":{""score"":82.5},""_score"":60.62},""sr_quality"":{""SR1_touches"":{""value"":2,""score"":25.0},""SR2_tightness"":{""value"":0.9549999999999983,""score"":74.67668740008945},""SR3_recency"":{""value"":329,""score"":0.0},""SR4_price_location"":{""score"":71.57082399800844},""SR5_reaction"":{""value"":1.3649398074140295,""score"":68.24699037070148},""_score"":46.83,""_levels_found"":6,""_target_level"":241.235},""volume"":{""V1_rvol_day"":{""value"":0.7117809363111518,""score"":14.11872908741012},""V2_rvol_sameslot"":{""value"":0.8785425212651444,""score"":25.236168084342964,""status"":""ok""},""V3_breakout_bar"":{""value"":0.8039954093741423,""score"":20.266360624942816},""V4_base_dryup"":{""value"":0.9014051018383887,""score"":59.85948981616113},""V5_bo_expansion"":{""value"":0.7117809363111516,""score"":0},""_score"":24.91},""readiness"":{""_distance_atr"":1.422,""BR1_atr_distance"":{""score"":5.204190121193392},""BR2_compression"":{""score"":91.19879693018983},""BR3_retest"":{""score"":50.0},""BR4_bo_age"":{""score"":50.0},""_score"":42.38},""risk"":{""R1_stop_clarity"":{""score"":7.738289151697501},""R2_stop_distance_pct"":{""value"":2.9909351448890757,""score"":100.0},""R3_stop_distance_atr"":{""value"":0.9339661951770163,""score"":71.69830975885081},""R4_rr_potential"":{""value"":5.3851002214524994,""score"":100.0},""_score"":63.46},""market"":{""M1_spy_regime"":{""score"":100.0},""M3_earnings_risk"":{""value"":null,""score"":80.0},""M4_vix"":{""value"":null,""score"":60.0},""_score"":84.0},""liquidity"":{""L1_price"":{""value"":235.525,""score"":100.0},""L2_dollar_vol"":{""value"":284847688.9335835,""score"":100.0},""L3_spread_proxy"":{""value"":0.01779004351979619,""score"":82.20995648020381},""L4_volume_zscore"":{""value"":-0.805687181582606,""score"":100.0},""_score"":98.22},""pattern_structure"":{""pole_low"":219.04,""pole_low_idx"":17,""peak_price"":246.2499,""peak_idx"":31,""pole_gain"":0.1242234295105917,""flag_bars"":28,""flag_low"":231.96,""flag_high"":246.2399,""structural_low"":231.96,""current_price"":235.55,""neckline_distance_pct"":0.0454251751220547,""base_bars"":28},""pattern_geometry_features"":{""pole_gain"":0.1242234295105917,""pullback_pct"":0.05803007432693369,""flag_range_pct"":0.057989465173386864,""flag_drift_per_bar"":-0.0013737241920730016,""atr_pct"":0.0320240192882163,""pole_atr_multiple"":3.8790705311716294},""_schema_version"":""1.0""}",,,,,,,,,,
20260520T193044Z-73e07b,2026-05-20T19:30:44.960382+00:00,STEP,vcp,absent,53.25,37.3,44.0,67.4,50.5,70.3,17.5,54.2,84.0,88.2,5.59,10.99,8.09,6.06,9.14,1.23,2.71,5.04,4.41,True,risk_unclear,52.59,57.79,48.7329,56.145,"{""trend"":{""T1_ema_stack"":{""value"":[false,true,false],""score"":33.33333333333333},""T2_ema50_slope"":{""value"":0.11668696207237826,""score"":69.44782701206304},""T3_high_proximity"":{""value"":0.9339371337240278,""score"":66.96856686201386},""T4_rs_1m"":{""value"":-0.10164838683950961,""score"":0},""T5_rs_3m"":{""value"":-0.10439229584751908,""score"":0},""T6_adr_healthy"":{""value"":4.31571858770378,""score"":100.0},""_score"":37.27},""geometry"":{""sub_contraction_count"":100.0,""sub_reduction_rate"":0,""sub_pivot_tightness"":0,""sub_volume_dryup"":59.8,""sub_base_depth"":0.0,""sub_base_duration"":100.0,""_score"":43.97},""compression"":{""VC1_atr_ratio"":{""value"":0.3329514661854589,""score"":100},""VC2_range_contraction"":{""value"":0.7692632636505361,""score"":38.45612272491065},""VC3_range_pct_rank"":{""score"":55.833333333333336},""_score"":67.42},""sr_quality"":{""SR1_touches"":{""value"":3,""score"":50.0},""SR2_tightness"":{""value"":0.34292856398964466,""score"":65.89896194012236},""SR3_recency"":{""value"":231,""score"":0.0},""SR4_price_location"":{""score"":42.31004277857002},""SR5_reaction"":{""value"":3.7530557281955637,""score"":100},""_score"":50.46,""_levels_found"":6,""_target_level"":57.31},""volume"":{""V1_rvol_day"":{""value"":0.9450285172688426,""score"":29.668567817922842},""V2_rvol_sameslot"":{""value"":2.2376353092251855,""score"":100,""status"":""ok""},""V3_breakout_bar"":{""value"":2.061945769710366,""score"":100},""V4_base_dryup"":{""value"":0.532385476931986,""score"":96.7614523068014},""V5_bo_expansion"":{""value"":0.9450285172688427,""score"":0},""_score"":70.29},""readiness"":{""_distance_atr"":2.585,""BR1_atr_distance"":{""score"":0},""BR2_compression"":{""score"":0},""BR3_retest"":{""score"":50.0},""BR4_bo_age"":{""score"":50.0},""_score"":17.5},""risk"":{""R1_stop_clarity"":{""score"":26.20261031696694},""R2_stop_distance_pct"":{""value"":7.334331621981372,""score"":100.0},""R3_stop_distance_atr"":{""value"":1.9177750155376019,""score"":100.0},""R4_rr_potential"":{""value"":0.9216709336617271,""score"":0.0},""_score"":54.17},""market"":{""M1_spy_regime"":{""score"":100.0},""M3_earnings_risk"":{""value"":null,""score"":80.0},""M4_vix"":{""value"":null,""score"":60.0},""_score"":84.0},""liquidity"":{""L1_price"":{""value"":52.59,""score"":100.0},""L2_dollar_vol"":{""value"":38665853.74752235,""score"":79.36638019517765},""L3_spread_proxy"":{""value"":0.03536794067313176,""score"":64.63205932686824},""L4_volume_zscore"":{""value"":-0.13558304719251524,""score"":100.0},""_score"":88.21},""pattern_structure"":{""n_contractions"":5,""contractions_pct"":[9.9,9.28,7.96,12.26,14.39],""descending_strict"":false,""final_low"":49.475,""final_pivot"":57.79,""structural_low"":49.475,""dry_up_ratio"":0.7010001887432502,""current_price"":52.59,""neckline_distance_pct"":0.09887811370983068,""base_bars"":37},""pattern_geometry_features"":{""contraction_count"":5.0,""first_contraction_pct"":0.0989964457453481,""last_contraction_pct"":0.1438830247447655,""dry_up_ratio"":0.7010001887432502,""near_monotone"":0.0,""base_depth_pct"":-0.03439264060213262},""_schema_version"":""1.0""}",,,,,,,,,,
20260520T193044Z-73e07b,2026-05-20T19:30:44.960382+00:00,CTRE,cup_with_handle,forming,53.2,77.0,60.3,45.6,39.4,12.7,28.0,64.3,84.0,93.2,10.78,18.08,3.65,4.73,1.65,2.24,3.22,4.2,4.66,True,risk_unclear,41.37,43.08,39.9319,48.79,"{""trend"":{""T1_ema_stack"":{""value"":[true,true,true],""score"":100.0},""T2_ema50_slope"":{""value"":0.134663293336536,""score"":72.443882222756},""T3_high_proximity"":{""value"":0.9747879359095193,""score"":87.39396795475962},""T4_rs_1m"":{""value"":0.02668326509014829,""score"":76.6832650901483},""T5_rs_3m"":{""value"":-0.046097883969479,""score"":26.9510580152605},""T6_adr_healthy"":{""value"":2.262076972871483,""score"":100.0},""_score"":76.98},""geometry"":{""sub_cup_depth"":58.1,""sub_cup_duration"":100.0,""sub_rim_symmetry"":16.8,""sub_handle_shallowness"":50.9,""sub_handle_proportion"":88.0,""sub_u_shape"":75.4,""_score"":60.27},""compression"":{""VC1_atr_ratio"":{""value"":0.7646147890050337,""score"":58.846302748741586},""VC2_range_contraction"":{""value"":1.203351742326154,""score"":0},""VC3_range_pct_rank"":{""score"":88.33333333333333},""_score"":45.62},""sr_quality"":{""SR1_touches"":{""value"":2,""score"":25.0},""SR2_tightness"":{""value"":0.19000000000000128,""score"":62.79720279720258},""SR3_recency"":{""value"":271,""score"":0.0},""SR4_price_location"":{""score"":30.0},""SR5_reaction"":{""value"":3.4657342657342625,""score"":100},""_score"":39.42,""_levels_found"":5,""_target_level"":41.17},""volume"":{""V1_rvol_day"":{""value"":0.5438402329853859,""score"":2.922682199025724},""V2_rvol_sameslot"":{""value"":0.8290476755334591,""score"":21.93651170223061,""status"":""ok""},""V3_breakout_bar"":{""value"":0.37380970090832644,""score"":0},""V4_base_dryup"":{""value"":1.1137008522586223,""score"":38.629914774137774},""V5_bo_expansion"":{""value"":0.5438402329853859,""score"":0},""_score"":12.7},""readiness"":{""_distance_atr"":1.674,""BR1_atr_distance"":{""score"":0},""BR2_compression"":{""score"":41.934442782558534},""BR3_retest"":{""score"":50.0},""BR4_bo_age"":{""score"":50.0},""_score"":27.98},""risk"":{""R1_stop_clarity"":{""score"":0},""R2_stop_distance_pct"":{""value"":3.476190476190473,""score"":100.0},""R3_stop_distance_atr"":{""value"":1.4079300699300674,""score"":95.39650349650337},""R4_rr_potential"":{""value"":5.159585564286218,""score"":100.0},""_score"":64.31},""market"":{""M1_spy_regime"":{""score"":100.0},""M3_earnings_risk"":{""value"":null,""score"":80.0},""M4_vix"":{""value"":null,""score"":60.0},""_score"":84.0},""liquidity"":{""L1_price"":{""value"":41.37,""score"":100.0},""L2_dollar_vol"":{""value"":52438617.03136896,""score"":85.9825614739715},""L3_spread_proxy"":{""value"":0.0123277737490935,""score"":87.6722262509065},""L4_volume_zscore"":{""value"":-0.606406734894904,""score"":100.0},""_score"":93.16},""pattern_structure"":{""left_rim"":41.36,""left_rim_idx"":114,""cup_bottom"":35.65,""cup_bottom_idx"":137,""right_rim"":43.08,""right_rim_idx"":175,""handle_low"":40.54,""handle_bars"":4,""cup_bars"":61,""structural_low"":40.54,""current_price"":41.37,""neckline_distance_pct"":0.04133430021754897,""base_bars"":65},""pattern_geometry_features"":{""cup_depth_pct"":0.1380560928433269,""rim_symmetry_pct"":0.04158607350096709,""handle_depth_pct"":0.058960074280408524,""handle_to_cup_ratio"":0.06557377049180328,""cup_duration_bars"":61.0,""atr_pct"":0.024690079077316227,""u_shape_score"":0.3770491803278688},""_schema_version"":""1.0""}",,,,,,,,,,
20260520T193044Z-73e07b,2026-05-20T19:30:44.960382+00:00,NTES,double_bottom,forming,52.94,39.0,66.2,35.0,64.2,25.2,28.5,55.2,84.0,97.3,5.84,16.54,2.8,8.98,3.27,2.28,3.31,5.04,4.86,True,risk_unclear,116.95,120.72,111.2262,128.52,"{""trend"":{""T1_ema_stack"":{""value"":[true,false,false],""score"":33.33333333333333},""T2_ema50_slope"":{""value"":-0.028304927118192706,""score"":45.28251214696788},""T3_high_proximity"":{""value"":0.9757216752878358,""score"":87.86083764391789},""T4_rs_1m"":{""value"":-0.03310003296173725,""score"":16.89996703826275},""T5_rs_3m"":{""value"":-0.10044808163926333,""score"":0},""T6_adr_healthy"":{""value"":2.004118214256952,""score"":100.0},""_score"":38.95},""geometry"":{""sub_low_similarity"":56.0,""sub_bounce_quality"":55.8,""sub_separation_fit"":46.7,""sub_right_bottom_reaction"":74.6,""sub_base_context"":100.0,""_score"":66.16},""compression"":{""VC1_atr_ratio"":{""value"":0.6895112635293914,""score"":77.62218411765215},""VC2_range_contraction"":{""value"":1.1674796626923272,""score"":0},""VC3_range_pct_rank"":{""score"":15.833333333333332},""_score"":35.01},""sr_quality"":{""SR1_touches"":{""value"":6,""score"":100},""SR2_tightness"":{""value"":0.5367701763531779,""score"":59.99050994838553},""SR3_recency"":{""value"":229,""score"":0.0},""SR4_price_location"":{""score"":40.627227369921634},""SR5_reaction"":{""value"":2.6904920360264426,""score"":100},""_score"":64.16,""_levels_found"":5,""_target_level"":119.7267},""volume"":{""V1_rvol_day"":{""value"":1.036822494368231,""score"":35.7881662912154},""V2_rvol_sameslot"":{""value"":0.6509942621547758,""score"":10.066284143651723,""status"":""ok""},""V3_breakout_bar"":{""value"":0.4808327124499678,""score"":0},""V4_base_dryup"":{""value"":0.7187650793791298,""score"":78.12349206208702},""V5_bo_expansion"":{""value"":1.036822494368231,""score"":2.4548329578820622},""_score"":25.16},""readiness"":{""_distance_atr"":1.405,""BR1_atr_distance"":{""score"":6.33124805892021},""BR2_compression"":{""score"":33.9864783174327},""BR3_retest"":{""score"":50.0},""BR4_bo_age"":{""score"":50.0},""_score"":28.53},""risk"":{""R1_stop_clarity"":{""score"":0},""R2_stop_distance_pct"":{""value"":4.894228302693456,""score"":100.0},""R3_stop_distance_atr"":{""value"":2.133187807799812,""score"":100.0},""R4_rr_potential"":{""value"":2.0213843949823516,""score"":51.06921974911758},""_score"":55.21},""market"":{""M1_spy_regime"":{""score"":100.0},""M3_earnings_risk"":{""value"":null,""score"":80.0},""M4_vix"":{""value"":null,""score"":60.0},""_score"":84.0},""liquidity"":{""L1_price"":{""value"":116.95,""score"":100.0},""L2_dollar_vol"":{""value"":96487634.7622994,""score"":99.223583025434},""L3_spread_proxy"":{""value"":0.024155622060709727,""score"":75.84437793929027},""L4_volume_zscore"":{""value"":0.13741646570437316,""score"":100.0},""_score"":97.27},""pattern_structure"":{""left_low"":115.43,""left_idx"":29,""right_low"":112.92,""right_idx"":67,""separation_bars"":38,""structural_low"":112.92,""current_price"":116.97,""neckline_distance_pct"":0.03205950243652218,""base_bars"":38},""pattern_geometry_features"":{""low_similarity_pct"":0.021983796803153096,""bounce_pct"":0.06907545164718382,""right_bottom_reaction"":0.7460317460317496,""atr_pct"":0.022943260245526176},""_schema_version"":""1.0""}",,,,,,,,,,
20260520T193044Z-73e07b,2026-05-20T19:30:44.960382+00:00,HUBS,double_bottom,forming,52.86,5.0,81.9,44.0,69.0,0.2,46.2,82.5,84.0,94.8,0.75,20.48,3.52,9.66,0.02,3.7,4.95,5.04,4.74,False,,204.3,225.58,192.8762,255.3466,"{""trend"":{""T1_ema_stack"":{""value"":[false,false,false],""score"":0.0},""T2_ema50_slope"":{""value"":-0.510360821816009,""score"":0},""T3_high_proximity"":{""value"":0.6888993795521986,""score"":0},""T4_rs_1m"":{""value"":-0.16529599441686105,""score"":0},""T5_rs_3m"":{""value"":-0.22841117719544402,""score"":0},""T6_adr_healthy"":{""value"":6.068604862939294,""score"":100.0},""_score"":5.0},""geometry"":{""sub_low_similarity"":96.8,""sub_bounce_quality"":100,""sub_separation_fit"":100.0,""sub_right_bottom_reaction"":79.2,""sub_base_context"":30.0,""_score"":81.92},""compression"":{""VC1_atr_ratio"":{""value"":0.6829657085165627,""score"":79.25857287085933},""VC2_range_contraction"":{""value"":1.1684481005775853,""score"":0},""VC3_range_pct_rank"":{""score"":49.16666666666667},""_score"":44.0},""sr_quality"":{""SR1_touches"":{""value"":4,""score"":75.0},""SR2_tightness"":{""value"":3.79975883280768,""score"":60.38141736334446},""SR3_recency"":{""value"":238,""score"":0.0},""SR4_price_location"":{""score"":89.812555717168},""SR5_reaction"":{""value"":2.2999994786697724,""score"":100},""_score"":69.01,""_levels_found"":4,""_target_level"":210.8137},""volume"":{""V1_rvol_day"":{""value"":0.36658724711215995,""score"":0},""V2_rvol_sameslot"":{""value"":0.4314433668187306,""score"":0,""status"":""ok""},""V3_breakout_bar"":{""value"":0.5114083617173301,""score"":0.7605574478220041},""V4_base_dryup"":{""value"":2.0573170169341157,""score"":0},""V5_bo_expansion"":{""value"":0.36658724711216006,""score"":0},""_score"":0.19},""readiness"":{""_distance_atr"":1.109,""BR1_atr_distance"":{""score"":26.040618575691084},""BR2_compression"":{""score"":73.21909702938957},""BR3_retest"":{""score"":50.0},""BR4_bo_age"":{""score"":50.0},""_score"":46.22},""risk"":{""R1_stop_clarity"":{""score"":69.37496676519793},""R2_stop_distance_pct"":{""value"":5.591679393049449,""score"":100.0},""R3_stop_distance_atr"":{""value"":0.5955572759453032,""score"":54.777863797265155},""R4_rr_potential"":{""value"":4.468442683831756,""score"":100.0},""_score"":82.5},""market"":{""M1_spy_regime"":{""score"":100.0},""M3_earnings_risk"":{""value"":null,""score"":80.0},""M4_vix"":{""value"":null,""score"":60.0},""_score"":84.0},""liquidity"":{""L1_price"":{""value"":204.3,""score"":100.0},""L2_dollar_vol"":{""value"":147090963.5490024,""score"":100.0},""L3_spread_proxy"":{""value"":0.05199363680861476,""score"":48.00636319138524},""L4_volume_zscore"":{""value"":-0.9432456812049803,""score"":100.0},""_score"":94.8},""pattern_structure"":{""left_low"":195.8134,""left_idx"":62,""right_low"":196.13,""right_idx"":74,""separation_bars"":12,""structural_low"":195.8134,""current_price"":204.2,""neckline_distance_pct"":0.10470127326150845,""base_bars"":12},""pattern_geometry_features"":{""low_similarity_pct"":0.0016155393865542524,""bounce_pct"":0.15201513277436585,""right_bottom_reaction"":0.7924281984334198,""atr_pct"":0.09388986784140972},""_schema_version"":""1.0""}",,,,,,,,,,
20260520T193044Z-73e07b,2026-05-20T19:30:44.960382+00:00,PEGA,double_bottom,forming,52.75,5.0,75.8,52.2,56.4,23.2,56.9,68.4,84.0,85.4,0.75,18.95,4.18,7.89,3.01,4.55,4.1,5.04,4.27,False,,34.145,35.49,31.52,38.98,"{""trend"":{""T1_ema_stack"":{""value"":[false,false,false],""score"":0.0},""T2_ema50_slope"":{""value"":-0.6777533658168561,""score"":0},""T3_high_proximity"":{""value"":0.7218816067653278,""score"":0},""T4_rs_1m"":{""value"":-0.1827332391744162,""score"":0},""T5_rs_3m"":{""value"":-0.31905529819627043,""score"":0},""T6_adr_healthy"":{""value"":4.8304399100531805,""score"":100.0},""_score"":5.0},""geometry"":{""sub_low_similarity"":67.1,""sub_bounce_quality"":100,""sub_separation_fit"":100.0,""sub_right_bottom_reaction"":97.9,""sub_base_context"":30.0,""_score"":75.81},""compression"":{""VC1_atr_ratio"":{""value"":0.3670670395217566,""score"":100},""VC2_range_contraction"":{""value"":0.857947448414297,""score"":23.675425264283827},""VC3_range_pct_rank"":{""score"":15.833333333333332},""_score"":52.24},""sr_quality"":{""SR1_touches"":{""value"":2,""score"":25.0},""SR2_tightness"":{""value"":0.2375000000000007,""score"":71.70212765957437},""SR3_recency"":{""value"":239,""score"":0.0},""SR4_price_location"":{""score"":92.35957446808507},""SR5_reaction"":{""value"":2.131276595744681,""score"":100},""_score"":56.35,""_levels_found"":6,""_target_level"":34.5725},""volume"":{""V1_rvol_day"":{""value"":0.5460278889268918,""score"":3.0685259284594535},""V2_rvol_sameslot"":{""value"":0.7481620124726577,""score"":16.544134164843847,""status"":""ok""},""V3_breakout_bar"":{""value"":1.2409235466130082,""score"":49.39490310753388},""V4_base_dryup"":{""value"":1.1543015754461612,""score"":34.56984245538388},""V5_bo_expansion"":{""value"":0.5460278889268919,""score"":0},""_score"":23.19},""readiness"":{""_distance_atr"":0.801,""BR1_atr_distance"":{""score"":46.58156028368799},""BR2_compression"":{""score"":82.97974104107149},""BR3_retest"":{""score"":50.0},""BR4_bo_age"":{""score"":50.0},""_score"":56.88},""risk"":{""R1_stop_clarity"":{""score"":42.808510638297825},""R2_stop_distance_pct"":{""value"":7.687802020793684,""score"":100.0},""R3_stop_distance_atr"":{""value"":1.5638297872340445,""score"":100.0},""R4_rr_potential"":{""value"":1.8419047619047597,""score"":42.09523809523799},""_score"":68.4},""market"":{""M1_spy_regime"":{""score"":100.0},""M3_earnings_risk"":{""value"":null,""score"":80.0},""M4_vix"":{""value"":null,""score"":60.0},""_score"":84.0},""liquidity"":{""L1_price"":{""value"":34.145,""score"":100.0},""L2_dollar_vol"":{""value"":40059471.60010806,""score"":80.13526082417495},""L3_spread_proxy"":{""value"":0.06618831454092833,""score"":33.81168545907167},""L4_volume_zscore"":{""value"":-1.1274407255630083,""score"":100.0},""_score"":85.44},""pattern_structure"":{""left_low"":32.53,""left_idx"":44,""right_low"":32.0,""right_idx"":74,""separation_bars"":30,""structural_low"":32.0,""current_price"":34.14,""neckline_distance_pct"":0.0395430579964851,""base_bars"":30},""pattern_geometry_features"":{""low_similarity_pct"":0.016426468309313533,""bounce_pct"":0.10906250000000006,""right_bottom_reaction"":0.9787234042553197,""atr_pct"":0.04916009455473506},""_schema_version"":""1.0""}",,,,,,,,,,
20260520T193044Z-73e07b,2026-05-20T19:30:44.960382+00:00,NTSK,ascending_triangle,absent,52.53,66.2,40.5,50.2,69.1,12.4,70.6,34.0,84.0,80.3,9.93,11.35,4.02,9.67,1.49,5.65,1.36,5.04,4.01,False,,11.66,11.72,10.1061,13.18,"{""trend"":{""T1_ema_stack"":{""value"":[true,true,false],""score"":66.66666666666666},""T2_ema50_slope"":{""value"":0.06137822580757178,""score"":60.22970430126196},""T3_high_proximity"":{""value"":0.9487388120423109,""score"":74.36940602115544},""T4_rs_1m"":{""value"":0.10381571537336587,""score"":100},""T5_rs_3m"":{""value"":-0.08190158952781657,""score"":9.049205236091716},""T6_adr_healthy"":{""value"":5.831742533023025,""score"":100.0},""_score"":66.23},""geometry"":{""sub_flat_top_quality"":66.7,""sub_hl_slope"":8.7,""sub_compression"":11.6,""sub_duration"":100.0,""_score"":40.52},""compression"":{""VC1_atr_ratio"":{""value"":0.3800537568473546,""score"":100},""VC2_range_contraction"":{""value"":1.128229702993269,""score"":0},""VC3_range_pct_rank"":{""score"":40.833333333333336},""_score"":50.21},""sr_quality"":{""SR1_touches"":{""value"":3,""score"":50.0},""SR2_tightness"":{""value"":0.11897712198383131,""score"":64.57884725627562},""SR3_recency"":{""value"":57,""score"":55.00000000000001},""SR4_price_location"":{""score"":84.65941614195768},""SR5_reaction"":{""value"":3.2078681552365764,""score"":100},""_score"":69.1,""_levels_found"":5,""_target_level"":11.8833},""volume"":{""V1_rvol_day"":{""value"":0.5550703010640429,""score"":3.671353404269525},""V2_rvol_sameslot"":{""value"":0.6911888105132648,""score"":12.745920700884316,""status"":""ok""},""V3_breakout_bar"":{""value"":0.8407785328733728,""score"":22.718568858224852},""V4_base_dryup"":{""value"":1.326221160256673,""score"":17.377883974332704},""V5_bo_expansion"":{""value"":0.5550703010640428,""score"":0},""_score"":12.44},""readiness"":{""_distance_atr"":0.089,""BR1_atr_distance"":{""score"":94.04572036150978},""BR2_compression"":{""score"":62.09786917340209},""BR3_retest"":{""score"":50.0},""BR4_bo_age"":{""score"":50.0},""_score"":70.64},""risk"":{""R1_stop_clarity"":{""score"":54.181818181818144},""R2_stop_distance_pct"":{""value"":13.326758147512868,""score"":0.0},""R3_stop_distance_atr"":{""value"":2.3130887825624673,""score"":100.0},""R4_rr_potential"":{""value"":0.9781839243194548,""score"":0.0},""_score"":33.96},""market"":{""M1_spy_regime"":{""score"":100.0},""M3_earnings_risk"":{""value"":null,""score"":80.0},""M4_vix"":{""value"":null,""score"":60.0},""_score"":84.0},""liquidity"":{""L1_price"":{""value"":11.66,""score"":100.0},""L2_dollar_vol"":{""value"":21711560.72322644,""score"":66.83455217945134},""L3_spread_proxy"":{""value"":0.06475128644939972,""score"":35.248713550600286},""L4_volume_zscore"":{""value"":-1.1357675460376608,""score"":100.0},""_score"":80.26},""pattern_structure"":{""top"":11.72,""top_touches"":3,""low_slope_per_bar"":0.002676487747957847,""lowest_low"":10.26,""structural_low"":10.26,""current_price"":11.645,""neckline_distance_pct"":0.006440532417346593,""base_bars"":48},""pattern_geometry_features"":{""top_touches"":3.0,""low_slope"":0.002676487747957847,""compression"":0.058194186765615497,""atr_pct"":0.057614555256064695},""_schema_version"":""1.0""}",,,,,,,,,,
20260520T193044Z-73e07b,2026-05-20T19:30:44.960382+00:00,APPF,double_bottom,forming,52.04,26.8,59.1,41.5,63.7,22.6,58.8,69.2,84.0,83.2,4.02,14.79,3.32,8.92,2.94,4.7,4.15,5.04,4.16,False,,161.44,168.18,150.1485,183.925,"{""trend"":{""T1_ema_stack"":{""value"":[true,false,false],""score"":33.33333333333333},""T2_ema50_slope"":{""value"":-0.10996580424764524,""score"":31.67236595872579},""T3_high_proximity"":{""value"":0.8444839671496575,""score"":22.241983574828705},""T4_rs_1m"":{""value"":-0.03085174375640265,""score"":19.148256243597352},""T5_rs_3m"":{""value"":-0.16660507064812502,""score"":0},""T6_adr_healthy"":{""value"":4.622914117010722,""score"":100.0},""_score"":26.83},""geometry"":{""sub_low_similarity"":41.1,""sub_bounce_quality"":100,""sub_separation_fit"":53.3,""sub_right_bottom_reaction"":85.5,""sub_base_context"":30.0,""_score"":59.15},""compression"":{""VC1_atr_ratio"":{""value"":0.46010170334264866,""score"":100},""VC2_range_contraction"":{""value"":1.0998002216447218,""score"":0},""VC3_range_pct_rank"":{""score"":5.833333333333335},""_score"":41.46},""sr_quality"":{""SR1_touches"":{""value"":3,""score"":50.0},""SR2_tightness"":{""value"":1.5616871218866646,""score"":60.76710911879148},""SR3_recency"":{""value"":238,""score"":0.0},""SR4_price_location"":{""score"":98.47848321682453},""SR5_reaction"":{""value"":2.8136774115079386,""score"":100},""_score"":63.73,""_levels_found"":7,""_target_level"":161.62},""volume"":{""V1_rvol_day"":{""value"":0.5101542434877361,""score"":0.6769495658490721},""V2_rvol_sameslot"":{""value"":0.6511518789381355,""score"":10.076791929209035,""status"":""ok""},""V3_breakout_bar"":{""value"":0.8460046434444889,""score"":23.066976229632594},""V4_base_dryup"":{""value"":0.7669291979027729,""score"":73.30708020972271},""V5_bo_expansion"":{""value"":0.5101542434877362,""score"":0},""_score"":22.58},""readiness"":{""_distance_atr"":0.847,""BR1_atr_distance"":{""score"":43.5589709715371},""BR2_compression"":{""score"":95.41482157691445},""BR3_retest"":{""score"":50.0},""BR4_bo_age"":{""score"":50.0},""_score"":58.78},""risk"":{""R1_stop_clarity"":{""score"":42.557645148676585},""R2_stop_distance_pct"":{""value"":6.994254831516357,""score"":100.0},""R3_stop_distance_atr"":{""value"":1.4183352158025535,""score"":95.91676079012768},""R4_rr_potential"":{""value"":1.9913164962217238,""score"":49.56582481108619},""_score"":69.2},""market"":{""M1_spy_regime"":{""score"":100.0},""M3_earnings_risk"":{""value"":null,""score"":80.0},""M4_vix"":{""value"":null,""score"":60.0},""_score"":84.0},""liquidity"":{""L1_price"":{""value"":161.44,""score"":100.0},""L2_dollar_vol"":{""value"":29723722.990750723,""score"":73.65516026296604},""L3_spread_proxy"":{""value"":0.062344524281466765,""score"":37.65547571853323},""L4_volume_zscore"":{""value"":-1.1361531096529653,""score"":100.0},""_score"":83.23},""pattern_structure"":{""left_low"":156.9875,""left_idx"":37,""right_low"":152.435,""right_idx"":74,""separation_bars"":37,""structural_low"":152.435,""current_price"":161.44,""neckline_distance_pct"":0.04174925668979193,""base_bars"":37},""pattern_geometry_features"":{""low_similarity_pct"":0.029425785131979795,""bounce_pct"":0.10328992685406897,""right_bottom_reaction"":0.85473145780051,""atr_pct"":0.04931312960144415},""_schema_version"":""1.0""}",,,,,,,,,,
20260520T193044Z-73e07b,2026-05-20T19:30:44.960382+00:00,HQY,vcp,setup,52.02,60.0,45.0,55.4,43.5,44.7,37.0,37.6,84.0,91.5,9.0,11.26,6.65,5.23,5.81,2.59,1.88,5.04,4.58,True,risk_unclear,86.38,84.99,78.4946,89.66,"{""trend"":{""T1_ema_stack"":{""value"":[true,true,false],""score"":66.66666666666666},""T2_ema50_slope"":{""value"":0.007862362778095197,""score"":51.3103937963492},""T3_high_proximity"":{""value"":1.0,""score"":99.99999999999997},""T4_rs_1m"":{""value"":-0.027110104090134035,""score"":22.889895909865963},""T5_rs_3m"":{""value"":0.013179546374820328,""score"":56.58977318741017},""T6_adr_healthy"":{""value"":3.5651719725501443,""score"":100.0},""_score"":60.0},""geometry"":{""sub_contraction_count"":100.0,""sub_reduction_rate"":0,""sub_pivot_tightness"":53.7,""sub_volume_dryup"":9.5,""sub_base_depth"":5.4,""sub_base_duration"":100.0,""_score"":45.02},""compression"":{""VC1_atr_ratio"":{""value"":0.4463937621832362,""score"":100},""VC2_range_contraction"":{""value"":0.8433639072563229,""score"":26.106015457279515},""VC3_range_pct_rank"":{""score"":25.0},""_score"":55.39},""sr_quality"":{""SR1_touches"":{""value"":2,""score"":25.0},""SR2_tightness"":{""value"":0.41449999999999676,""score"":66.34322601599636},""SR3_recency"":{""value"":245,""score"":0.0},""SR4_price_location"":{""score"":44.376646789626726},""SR5_reaction"":{""value"":4.539198570906581,""score"":100},""_score"":43.55,""_levels_found"":8,""_target_level"":88.3855},""volume"":{""V1_rvol_day"":{""value"":0.7881251940103977,""score"":19.208346267359847},""V2_rvol_sameslot"":{""value"":1.7379684284727266,""score"":82.53122856484843,""status"":""ok""},""V3_breakout_bar"":{""value"":1.3828888474529777,""score"":58.85925649686518},""V4_base_dryup"":{""value"":1.0203389960504428,""score"":47.966100394955724},""V5_bo_expansion"":{""value"":0.7881251940103979,""score"":0},""_score"":44.66},""readiness"":{""_distance_atr"":-0.564,""BR1_atr_distance"":{""score"":48.71340993057529},""BR2_compression"":{""score"":0},""BR3_retest"":{""score"":50.0},""BR4_bo_age"":{""score"":50.0},""_score"":36.99},""risk"":{""R1_stop_clarity"":{""score"":2.9393853274325323},""R2_stop_distance_pct"":{""value"":9.128675619356336,""score"":71.7831095160916},""R3_stop_distance_atr"":{""value"":3.2013925540984944,""score"":100.0},""R4_rr_potential"":{""value"":0.41596124458648,""score"":0.0},""_score"":37.56},""market"":{""M1_spy_regime"":{""score"":100.0},""M3_earnings_risk"":{""value"":null,""score"":80.0},""M4_vix"":{""value"":null,""score"":60.0},""_score"":84.0},""liquidity"":{""L1_price"":{""value"":86.38,""score"":100.0},""L2_dollar_vol"":{""value"":59919289.921977915,""score"":88.87833290413494},""L3_spread_proxy"":{""value"":0.04040287103496174,""score"":59.59712896503826},""L4_volume_zscore"":{""value"":-0.7536397881442105,""score"":100.0},""_score"":91.51},""pattern_structure"":{""n_contractions"":5,""contractions_pct"":[5.17,10.7,12.51,6.96,6.24],""descending_strict"":false,""final_low"":79.69,""final_pivot"":84.99,""structural_low"":79.69,""dry_up_ratio"":0.9524254613438832,""current_price"":86.38,""neckline_distance_pct"":-0.01609168789071545,""base_bars"":33},""pattern_geometry_features"":{""contraction_count"":5.0,""first_contraction_pct"":0.051683262209577994,""last_contraction_pct"":0.062360277679726996,""dry_up_ratio"":0.9524254613438832,""near_monotone"":0.0,""base_depth_pct"":0.055357989568515904},""_schema_version"":""1.0""}",,,,,,,,,,
20260520T193044Z-73e07b,2026-05-20T19:30:44.960382+00:00,FRMI,double_bottom,breakout_failed,51.92,31.0,63.2,57.1,58.6,10.8,35.5,82.8,84.0,89.0,4.65,15.79,4.57,8.21,1.4,2.84,4.97,5.04,4.45,False,,5.875,7.74,5.383,10.015,"{""trend"":{""T1_ema_stack"":{""value"":[true,false,false],""score"":33.33333333333333},""T2_ema50_slope"":{""value"":-0.7956946418903097,""score"":0},""T3_high_proximity"":{""value"":0.49830364715860903,""score"":0},""T4_rs_1m"":{""value"":0.10928330548136622,""score"":100},""T5_rs_3m"":{""value"":-0.46736184057384167,""score"":0},""T6_adr_healthy"":{""value"":9.88633804501813,""score"":52.84154887454675},""_score"":30.98},""geometry"":{""sub_low_similarity"":47.6,""sub_bounce_quality"":100,""sub_separation_fit"":100.0,""sub_right_bottom_reaction"":52.6,""sub_base_context"":30.0,""_score"":63.17},""compression"":{""VC1_atr_ratio"":{""value"":0.6602033874028718,""score"":84.94915314928205},""VC2_range_contraction"":{""value"":1.1263964258667387,""score"":0},""VC3_range_pct_rank"":{""score"":92.5},""_score"":57.1},""sr_quality"":{""SR1_touches"":{""value"":3,""score"":50.0},""SR2_tightness"":{""value"":0.0984321537348894,""score"":69.4218509915691},""SR3_recency"":{""value"":63,""score"":45.0},""SR4_price_location"":{""score"":45.955369595536936},""SR5_reaction"":{""value"":3.867617853616322,""score"":100},""_score"":58.65,""_levels_found"":6,""_target_level"":7.1667},""volume"":{""V1_rvol_day"":{""value"":0.5729687637821165,""score"":4.864584252141099},""V2_rvol_sameslot"":{""value"":0.857831951323106,""score"":23.8554634215404,""status"":""ok""},""V3_breakout_bar"":{""value"":0.8036150987349008,""score"":20.24100658232672},""V4_base_dryup"":{""value"":1.7672653255952735,""score"":0},""V5_bo_expansion"":{""value"":0.5729687637821166,""score"":0},""_score"":10.8},""readiness"":{""_distance_atr"":2.897,""BR1_atr_distance"":{""score"":0},""BR2_compression"":{""score"":71.79049592291},""BR3_retest"":{""score"":50.0},""BR4_bo_age"":{""score"":50.0},""_score"":35.45},""risk"":{""R1_stop_clarity"":{""score"":74.53429931323714},""R2_stop_distance_pct"":{""value"":8.37404255319149,""score"":90.64893617021275},""R3_stop_distance_atr"":{""value"":0.7641651781256588,""score"":63.20825890628294},""R4_rr_potential"":{""value"":8.415061740942122,""score"":100.0},""_score"":82.76},""market"":{""M1_spy_regime"":{""score"":100.0},""M3_earnings_risk"":{""value"":null,""score"":80.0},""M4_vix"":{""value"":null,""score"":60.0},""_score"":84.0},""liquidity"":{""L1_price"":{""value"":5.875,""score"":97.9375},""L2_dollar_vol"":{""value"":55253329.43317662,""score"":87.1179226345006},""L3_spread_proxy"":{""value"":0.05276595744680845,""score"":47.23404255319155},""L4_volume_zscore"":{""value"":-0.6737917330455394,""score"":100.0},""_score"":89.05},""pattern_structure"":{""left_low"":5.465,""left_idx"":48,""right_low"":5.61,""right_idx"":74,""separation_bars"":26,""structural_low"":5.465,""current_price"":5.84,""neckline_distance_pct"":0.32534246575342474,""base_bars"":26},""pattern_geometry_features"":{""low_similarity_pct"":0.026185101580135525,""bounce_pct"":0.41628545288197627,""right_bottom_reaction"":0.5263157894736852,""atr_pct"":0.10958419452887538},""_schema_version"":""1.0""}",,,,,,,,,,
20260520T193044Z-73e07b,2026-05-20T19:30:44.960382+00:00,HBAN,breakout_retest_hold,setup,51.86,18.1,57.2,44.4,56.5,13.5,85.7,37.8,84.0,96.8,2.54,12.58,2.66,7.91,1.76,15.42,1.89,4.2,2.9,True,risk_unclear,15.7772,15.61,15.5727,15.37,"{""trend"":{""T1_ema_stack"":{""value"":[false,false,false],""score"":0.0},""T2_ema50_slope"":{""value"":-0.077170133976206,""score"":37.13831100396567},""T3_high_proximity"":{""value"":0.8760244308717379,""score"":38.01221543586891},""T4_rs_1m"":{""value"":-0.12207263303836513,""score"":0},""T5_rs_3m"":{""value"":-0.19802483882753652,""score"":0},""T6_adr_healthy"":{""value"":2.3392455579498805,""score"":100.0},""_score"":18.13},""geometry"":{""sub_retest_depth"":0.0,""sub_retest_timing"":100.0,""sub_retest_freshness"":100.0,""sub_hold_quality"":57.2,""_score"":57.16},""compression"":{""VC1_atr_ratio"":{""value"":0.47578440131026867,""score"":100},""VC2_range_contraction"":{""value"":1.0153088368615992,""score"":0},""VC3_range_pct_rank"":{""score"":17.500000000000004},""_score"":44.38},""sr_quality"":{""SR1_touches"":{""value"":3,""score"":50.0},""SR2_tightness"":{""value"":0.07575545451575626,""score"":58.97983511040075},""SR3_recency"":{""value"":243,""score"":0.0},""SR4_price_location"":{""score"":70.74552957359029},""SR5_reaction"":{""value"":2.0756784632243948,""score"":100},""_score"":56.53,""_levels_found"":6,""_target_level"":16.1317},""volume"":{""V1_rvol_day"":{""value"":0.3633184313144235,""score"":0},""V2_rvol_sameslot"":{""value"":0.33531857154988093,""score"":0,""status"":""ok""},""V3_breakout_bar"":{""value"":0.6957686805231829,""score"":13.051245368212191},""V4_base_dryup"":{""value"":0.9883779015684694,""score"":51.162209843153065},""V5_bo_expansion"":{""value"":0.36331843131442343,""score"":0},""_score"":13.5},""readiness"":{""_distance_atr"":-0.453,""BR1_atr_distance"":{""score"":100.0},""BR2_compression"":{""score"":54.744192587607564},""BR3_retest"":{""score"":100},""BR4_bo_age"":{""score"":80},""_score"":85.69},""risk"":{""R1_stop_clarity"":{""score"":14.824985496035879},""R2_stop_distance_pct"":{""value"":1.296174226098417,""score"":82.40435565246042},""R3_stop_distance_atr"":{""value"":0.5536646683426794,""score"":52.68323341713397},""R4_rr_potential"":{""value"":-1.9911980440098005,""score"":0.0},""_score"":37.81},""market"":{""M1_spy_regime"":{""score"":100.0},""M3_earnings_risk"":{""value"":null,""score"":80.0},""M4_vix"":{""value"":null,""score"":60.0},""_score"":84.0},""liquidity"":{""L1_price"":{""value"":15.7772,""score"":100.0},""L2_dollar_vol"":{""value"":116521130.78211284,""score"":100.0},""L3_spread_proxy"":{""value"":0.03200821438531545,""score"":67.99178561468455},""L4_volume_zscore"":{""value"":-1.611962991595585,""score"":100.0},""_score"":96.8},""pattern_structure"":{""level"":15.61,""level_idx"":70,""breakout_idx"":74,""bo_peak_idx"":75,""bo_peak_price"":15.885,""retest_idx"":78,""retest_low"":15.73,""structural_low"":15.73,""current_price"":15.77,""neckline_distance_pct"":-0.01014584654407103,""base_bars"":9,""bars_since_breakout"":5},""pattern_geometry_features"":{""retest_depth_atr"":-1.0066510875427028,""bars_breakout_to_retest"":4.0,""bars_since_retest"":1.0,""current_above_level_atr"":1.3422014500569273,""bo_peak_excess_pct"":0.01761691223574634,""atr_pct"":0.023410817056077286},""_schema_version"":""1.0""}",,,,,,,,,,
20260520T193044Z-73e07b,2026-05-20T19:30:44.960382+00:00,CLBT,inverse_head_shoulders,breakout_confirmed,51.73,28.1,77.4,44.1,58.6,1.7,59.4,33.5,84.0,75.3,3.37,21.66,3.53,8.2,0.24,4.75,2.01,4.2,3.76,False,,13.505,13.045,11.3718,14.545,"{""trend"":{""T1_ema_stack"":{""value"":[true,false,false],""score"":33.33333333333333},""T2_ema50_slope"":{""value"":-0.14831349129392762,""score"":25.281084784345396},""T3_high_proximity"":{""value"":0.8826797385620915,""score"":41.339869281045715},""T4_rs_1m"":{""value"":-0.0325386051756551,""score"":17.4613948243449},""T5_rs_3m"":{""value"":-0.1018580481635204,""score"":0},""T6_adr_healthy"":{""value"":4.830557500684527,""score"":100.0},""_score"":28.08},""geometry"":{""sub_head_depth"":85.9,""sub_shoulder_price_sym"":65.6,""sub_shoulder_time_sym"":66.7,""sub_right_shoulder_reaction"":77.5,""sub_base_context"":100.0,""_score"":77.37},""compression"":{""VC1_atr_ratio"":{""value"":0.6168026005467754,""score"":95.79934986330615},""VC2_range_contraction"":{""value"":1.2144878281817213,""score"":0},""VC3_range_pct_rank"":{""score"":23.33333333333333},""_score"":44.15},""sr_quality"":{""SR1_touches"":{""value"":4,""score"":75.0},""SR2_tightness"":{""value"":0.1868488694105479,""score"":49.053292464818355},""SR3_recency"":{""value"":236,""score"":0.0},""SR4_price_location"":{""score"":58.10810810810819},""SR5_reaction"":{""value"":1.891563038630454,""score"":94.5781519315227},""_score"":58.57,""_levels_found"":8,""_target_level"":13.815},""volume"":{""V1_rvol_day"":{""value"":0.33201290824703256,""score"":0},""V2_rvol_sameslot"":{""value"":0.2477427028694144,""score"":0,""status"":""ok""},""V3_breakout_bar"":{""value"":0.33112715077002913,""score"":0},""V4_base_dryup"":{""value"":1.4155037336139917,""score"":8.449626638600833},""V5_bo_expansion"":{""value"":0.3320129082470325,""score"":0},""_score"":1.69},""readiness"":{""_distance_atr"":-0.627,""BR1_atr_distance"":{""score"":47.45751818562482},""BR2_compression"":{""score"":91.68127997202271},""BR3_retest"":{""score"":50.0},""BR4_bo_age"":{""score"":50.0},""_score"":59.4},""risk"":{""R1_stop_clarity"":{""score"":52.781645908599465},""R2_stop_distance_pct"":{""value"":15.79544613106258,""score"":0.0},""R3_stop_distance_atr"":{""value"":2.9081857222151895,""score"":100.0},""R4_rr_potential"":{""value"":0.48753618432617973,""score"":0.0},""_score"":33.47},""market"":{""M1_spy_regime"":{""score"":100.0},""M3_earnings_risk"":{""value"":null,""score"":80.0},""M4_vix"":{""value"":null,""score"":60.0},""_score"":84.0},""liquidity"":{""L1_price"":{""value"":13.505,""score"":100.0},""L2_dollar_vol"":{""value"":10553794.190637296,""score"":51.17043103771537},""L3_spread_proxy"":{""value"":0.051832654572380545,""score"":48.16734542761945},""L4_volume_zscore"":{""value"":-1.10103805102988,""score"":100.0},""_score"":75.28},""pattern_structure"":{""left_shoulder"":12.19,""left_shoulder_idx"":65,""head"":11.545,""head_idx"":70,""right_shoulder"":12.53,""right_shoulder_idx"":76,""left_to_head_bars"":5,""head_to_right_bars"":6,""structural_low"":11.545,""current_price"":13.5,""neckline_distance_pct"":-0.03370370370370371,""base_bars"":11},""pattern_geometry_features"":{""head_depth_pct"":0.06593851132686081,""shoulder_price_asymmetry"":0.02750809061488672,""shoulder_time_asymmetry"":0.16666666666666666,""right_shoulder_reaction"":0.7751937984496108,""atr_pct"":0.05431374623155447},""_schema_version"":""1.0""}",,,,,,,,,,
20260520T193044Z-73e07b,2026-05-20T19:30:44.960382+00:00,SAIL,double_bottom,forming,51.67,45.2,73.6,45.6,40.6,0.0,62.4,53.0,84.0,78.9,6.77,18.41,3.65,5.69,0.0,4.99,3.18,5.04,3.95,False,,14.63,15.09,13.1596,16.82,"{""trend"":{""T1_ema_stack"":{""value"":[true,false,false],""score"":33.33333333333333},""T2_ema50_slope"":{""value"":-0.22977740120208398,""score"":11.703766466319337},""T3_high_proximity"":{""value"":0.9265357821405954,""score"":63.26789107029768},""T4_rs_1m"":{""value"":0.15134111180547682,""score"":100},""T5_rs_3m"":{""value"":-0.1482704472176697,""score"":0},""T6_adr_healthy"":{""value"":5.841630517409713,""score"":100.0},""_score"":45.16},""geometry"":{""sub_low_similarity"":20.1,""sub_bounce_quality"":100,""sub_separation_fit"":100.0,""sub_right_bottom_reaction"":83.9,""sub_base_context"":100.0,""_score"":73.62},""compression"":{""VC1_atr_ratio"":{""value"":0.5236137792706117,""score"":100},""VC2_range_contraction"":{""value"":1.0207015764455105,""score"":0},""VC3_range_pct_rank"":{""score"":22.499999999999996},""_score"":45.62},""sr_quality"":{""SR1_touches"":{""value"":2,""score"":25.0},""SR2_tightness"":{""value"":0.18395000000000117,""score"":56.76524162476575},""SR3_recency"":{""value"":246,""score"":0.0},""SR4_price_location"":{""score"":38.47549216169258},""SR5_reaction"":{""value"":4.537416793277987,""score"":100},""_score"":40.63,""_levels_found"":6,""_target_level"":16.2411},""volume"":{""V1_rvol_day"":{""value"":0.44117955261630293,""score"":0},""V2_rvol_sameslot"":{""value"":0.3687313381770672,""score"":0,""status"":""ok""},""V3_breakout_bar"":{""value"":0.2882281398714489,""score"":0},""V4_base_dryup"":{""value"":1.5247580381073937,""score"":0},""V5_bo_expansion"":{""value"":0.44117955261630293,""score"":0},""_score"":0.0},""readiness"":{""_distance_atr"":0.541,""BR1_atr_distance"":{""score"":63.96124154642097},""BR2_compression"":{""score"":77.07065172991211},""BR3_retest"":{""score"":50.0},""BR4_bo_age"":{""score"":50.0},""_score"":62.35},""risk"":{""R1_stop_clarity"":{""score"":52.89890960371354},""R2_stop_distance_pct"":{""value"":10.05058099794943,""score"":48.73547505126425},""R3_stop_distance_atr"":{""value"":1.7279801227220468,""score"":100.0},""R4_rr_potential"":{""value"":1.4893906420021745,""score"":24.469532100108726},""_score"":53.03},""market"":{""M1_spy_regime"":{""score"":100.0},""M3_earnings_risk"":{""value"":null,""score"":80.0},""M4_vix"":{""value"":null,""score"":60.0},""_score"":84.0},""liquidity"":{""L1_price"":{""value"":14.63,""score"":100.0},""L2_dollar_vol"":{""value"":20152811.7854525,""score"":65.2167824437409},""L3_spread_proxy"":{""value"":0.07144907723855087,""score"":28.55092276144913},""L4_volume_zscore"":{""value"":-1.1975013039471334,""score"":100.0},""_score"":78.94},""pattern_structure"":{""left_low"":13.36,""left_idx"":62,""right_low"":13.9047,""right_idx"":74,""separation_bars"":12,""structural_low"":13.36,""current_price"":14.655,""neckline_distance_pct"":0.029682702149437086,""base_bars"":12},""pattern_geometry_features"":{""low_similarity_pct"":0.03995642717506524,""bounce_pct"":0.1294910179640719,""right_bottom_reaction"":0.8385921066333445,""atr_pct"":0.0581637535396934},""_schema_version"":""1.0""}",,,,,,,,,,
20260520T193044Z-73e07b,2026-05-20T19:30:44.960382+00:00,GENI,bull_flag,forming,51.61,30.6,77.8,40.0,41.4,0.0,54.5,80.4,84.0,77.5,4.29,23.35,3.6,4.14,0.0,4.9,2.41,5.04,3.88,False,,5.06,5.45,4.8019,6.8883,"{""trend"":{""T1_ema_stack"":{""value"":[true,false,false],""score"":33.33333333333333},""T2_ema50_slope"":{""value"":-0.5503889742691959,""score"":0},""T3_high_proximity"":{""value"":0.7820710973724884,""score"":0},""T4_rs_1m"":{""value"":0.03638815481622926,""score"":86.38815481622926},""T5_rs_3m"":{""value"":-0.29251001386479014,""score"":0},""T6_adr_healthy"":{""value"":7.017210556825951,""score"":100.0},""_score"":30.61},""geometry"":{""sub_pole_impulse"":94.5,""sub_flag_tightness"":65.0,""sub_flag_shallowness"":41.1,""sub_flag_drift"":100,""sub_flag_duration"":100.0,""_score"":77.82},""compression"":{""VC1_atr_ratio"":{""value"":0.7268029348005849,""score"":68.29926629985378},""VC2_range_contraction"":{""value"":1.6313290798987656,""score"":0},""VC3_range_pct_rank"":{""score"":50.83333333333333},""_score"":40.03},""sr_quality"":{""SR1_touches"":{""value"":3,""score"":50.0},""SR2_tightness"":{""value"":0.07494442385305695,""score"":60.49021185634895},""SR3_recency"":{""value"":271,""score"":0.0},""SR4_price_location"":{""score"":9.448818897637725},""SR5_reaction"":{""value"":2.407491088015263,""score"":100},""_score"":41.44,""_levels_found"":7,""_target_level"":5.635},""volume"":{""V1_rvol_day"":{""value"":0.48747015427758345,""score"":0},""V2_rvol_sameslot"":{""value"":0.2854280074347942,""score"":0,""status"":""ok""},""V3_breakout_bar"":{""value"":0.2958036398711259,""score"":0},""V4_base_dryup"":{""value"":1.693719627958094,""score"":0},""V5_bo_expansion"":{""value"":0.4874701542775834,""score"":0},""_score"":0.0},""readiness"":{""_distance_atr"":1.028,""BR1_atr_distance"":{""score"":31.465582165988764},""BR2_compression"":{""score"":97.63124057054816},""BR3_retest"":{""score"":50.0},""BR4_bo_age"":{""score"":50.0},""_score"":54.49},""risk"":{""R1_stop_clarity"":{""score"":61.44938996836868},""R2_stop_distance_pct"":{""value"":5.101284584980232,""score"":100.0},""R3_stop_distance_atr"":{""value"":0.6804017924386194,""score"":59.02008962193097},""R4_rr_potential"":{""value"":7.083002421307516,""score"":100.0},""_score"":80.36},""market"":{""M1_spy_regime"":{""score"":100.0},""M3_earnings_risk"":{""value"":null,""score"":80.0},""M4_vix"":{""value"":null,""score"":60.0},""_score"":84.0},""liquidity"":{""L1_price"":{""value"":5.06,""score"":97.53},""L2_dollar_vol"":{""value"":14423446.676580258,""score"":57.95345266465088},""L3_spread_proxy"":{""value"":0.05019762845849794,""score"":49.802371541502055},""L4_volume_zscore"":{""value"":-0.9039497251564034,""score"":100.0},""_score"":77.54},""pattern_structure"":{""pole_low"":4.0117,""pole_low_idx"":36,""peak_price"":5.45,""peak_idx"":48,""pole_gain"":0.35852631054166556,""flag_bars"":11,""flag_low"":4.875,""flag_high"":5.285,""structural_low"":4.875,""current_price"":5.055,""neckline_distance_pct"":0.0781404549950545,""base_bars"":11},""pattern_geometry_features"":{""pole_gain"":0.35852631054166556,""pullback_pct"":0.10550458715596334,""flag_range_pct"":0.07522935779816516,""flag_drift_per_bar"":0.0008092797410304685,""atr_pct"":0.07497459062676456,""pole_atr_multiple"":4.781970899000523},""_schema_version"":""1.0""}",,,,,,,,,,
20260520T193044Z-73e07b,2026-05-20T19:30:44.960382+00:00,APP,ascending_triangle,absent,51.45,62.1,37.2,51.0,61.6,19.1,46.8,79.7,84.0,95.6,9.31,10.4,4.08,8.62,2.29,3.74,3.19,5.04,4.78,False,,480.48,515.39,443.5455,580.48,"{""trend"":{""T1_ema_stack"":{""value"":[true,true,false],""score"":66.66666666666666},""T2_ema50_slope"":{""value"":0.12496103588704666,""score"":70.82683931450778},""T3_high_proximity"":{""value"":0.928948436865611,""score"":64.47421843280549},""T4_rs_1m"":{""value"":-0.036356355331764734,""score"":13.643644668235268},""T5_rs_3m"":{""value"":0.08431200270519312,""score"":92.15600135259656},""T6_adr_healthy"":{""value"":5.937204207367495,""score"":100.0},""_score"":62.06},""geometry"":{""sub_flat_top_quality"":33.3,""sub_hl_slope"":22.0,""sub_compression"":22.3,""sub_duration"":100.0,""_score"":37.16},""compression"":{""VC1_atr_ratio"":{""value"":0.6695828733989427,""score"":82.60428165026431},""VC2_range_contraction"":{""value"":1.4700669821269907,""score"":0},""VC3_range_pct_rank"":{""score"":71.66666666666667},""_score"":50.96},""sr_quality"":{""SR1_touches"":{""value"":3,""score"":50.0},""SR2_tightness"":{""value"":7.756145950148183,""score"":51.141739203253955},""SR3_recency"":{""value"":245,""score"":0.0},""SR4_price_location"":{""score"":95.68739437030138},""SR5_reaction"":{""value"":3.043924917488594,""score"":100},""_score"":61.59,""_levels_found"":6,""_target_level"":482.33},""volume"":{""V1_rvol_day"":{""value"":0.4083989807049909,""score"":0},""V2_rvol_sameslot"":{""value"":0.49313021824474423,""score"":0,""status"":""ok""},""V3_breakout_bar"":{""value"":0.6460207852758397,""score"":9.734719018389315},""V4_base_dryup"":{""value"":0.6686205255065764,""score"":83.13794744934236},""V5_bo_expansion"":{""value"":0.408398980704991,""score"":0},""_score"":19.06},""readiness"":{""_distance_atr"":1.1,""BR1_atr_distance"":{""score"":26.6971897564745},""BR2_compression"":{""score"":74.50618320148288},""BR3_retest"":{""score"":50.0},""BR4_bo_age"":{""score"":50.0},""_score"":46.81},""risk"":{""R1_stop_clarity"":{""score"":57.45140374191688},""R2_stop_distance_pct"":{""value"":7.687000499500502,""score"":100.0},""R3_stop_distance_atr"":{""value"":1.1633067795500556,""score"":83.16533897750278},""R4_rr_potential"":{""value"":2.707495701850572,""score"":85.37478509252861},""_score"":79.66},""market"":{""M1_spy_regime"":{""score"":100.0},""M3_earnings_risk"":{""value"":null,""score"":80.0},""M4_vix"":{""value"":null,""score"":60.0},""_score"":84.0},""liquidity"":{""L1_price"":{""value"":480.48,""score"":100.0},""L2_dollar_vol"":{""value"":907298968.9437275,""score"":100.0},""L3_spread_proxy"":{""value"":0.04370608558108563,""score"":56.29391441891437},""L4_volume_zscore"":{""value"":-1.0834494649695465,""score"":100.0},""_score"":95.63},""pattern_structure"":{""top"":515.39,""top_touches"":2,""low_slope_per_bar"":0.2976306281935632,""lowest_low"":450.3,""structural_low"":450.3,""current_price"":480.3101,""neckline_distance_pct"":0.07303594073911836,""base_bars"":47},""pattern_geometry_features"":{""top_touches"":2.0,""low_slope"":0.2976306281935632,""compression"":0.11163292879236342,""atr_pct"":0.06607887648066217},""_schema_version"":""1.0""}",,,,,,,,,,
20260520T193044Z-73e07b,2026-05-20T19:30:44.960382+00:00,EBC,base_on_base,forming,51.4,39.8,66.7,51.0,45.2,31.9,21.0,48.2,84.0,82.7,7.17,16.68,5.11,4.52,3.83,1.68,2.41,5.88,4.13,True,risk_unclear,19.76,20.64,17.9999,23.335,"{""trend"":{""T1_ema_stack"":{""value"":[true,false,true],""score"":66.66666666666666},""T2_ema50_slope"":{""value"":-0.031438303769223776,""score"":44.76028270512937},""T3_high_proximity"":{""value"":0.9225023342670402,""score"":61.25116713352008},""T4_rs_1m"":{""value"":-0.08268138696843186,""score"":0},""T5_rs_3m"":{""value"":-0.14585232377698742,""score"":0},""T6_adr_healthy"":{""value"":2.4478081194127213,""score"":100.0},""_score"":39.81},""geometry"":{""sub_shallower_second"":35.7,""sub_second_base_depth"":100.0,""sub_rim_advance"":68.9,""sub_dry_up"":78.1,""sub_second_base_duration"":56.0,""_score"":66.72},""compression"":{""VC1_atr_ratio"":{""value"":0.4412271630472245,""score"":100},""VC2_range_contraction"":{""value"":0.8890882219455759,""score"":18.485296342404016},""VC3_range_pct_rank"":{""score"":18.333333333333336},""_score"":51.05},""sr_quality"":{""SR1_touches"":{""value"":3,""score"":50.0},""SR2_tightness"":{""value"":0.07363574011458156,""score"":66.24978354545293},""SR3_recency"":{""value"":253,""score"":0.0},""SR4_price_location"":{""score"":21.01581835790394},""SR5_reaction"":{""value"":2.0625306924210145,""score"":100},""_score"":45.19,""_levels_found"":5,""_target_level"":20.9833},""volume"":{""V1_rvol_day"":{""value"":0.49138670740437057,""score"":0},""V2_rvol_sameslot"":{""value"":0.9596345267901101,""score"":30.642301786007337,""status"":""ok""},""V3_breakout_bar"":{""value"":1.526792736884504,""score"":68.45284912563359},""V4_base_dryup"":{""value"":1.0665102283362207,""score"":43.348977166377935},""V5_bo_expansion"":{""value"":0.49138670740437057,""score"":0},""_score"":31.91},""readiness"":{""_distance_atr"":2.017,""BR1_atr_distance"":{""score"":0},""BR2_compression"":{""score"":13.92756097685007},""BR3_retest"":{""score"":50.0},""BR4_bo_age"":{""score"":50.0},""_score"":20.98},""risk"":{""R1_stop_clarity"":{""score"":0},""R2_stop_distance_pct"":{""value"":8.907439271255065,""score"":77.31401821862337},""R3_stop_distance_atr"":{""value"":4.0336454411523945,""score"":98.31772794238027},""R4_rr_potential"":{""value"":2.031123054809073,""score"":51.55615274045364},""_score"":48.25},""market"":{""M1_spy_regime"":{""score"":100.0},""M3_earnings_risk"":{""value"":null,""score"":80.0},""M4_vix"":{""value"":null,""score"":60.0},""_score"":84.0},""liquidity"":{""L1_price"":{""value"":19.76,""score"":100.0},""L2_dollar_vol"":{""value"":20164777.79625088,""score"":65.22967203527314},""L3_spread_proxy"":{""value"":0.03441295546558703,""score"":65.58704453441297},""L4_volume_zscore"":{""value"":-0.7328603698302282,""score"":100.0},""_score"":82.65},""pattern_structure"":{""first_base_low"":16.615,""first_base_top"":19.31,""first_base_bars"":36,""second_base_low"":18.274,""second_base_top"":20.64,""second_base_bars"":71,""structural_low"":18.274,""stacking_overlap_pct"":0.05365095805282226,""current_price"":19.76,""neckline_distance_pct"":0.044534412955465535,""base_bars"":71},""pattern_geometry_features"":{""first_base_depth_pct"":0.13956499223200416,""second_base_depth_pct"":0.11463178294573642,""second_dry_up_ratio"":0.6096314946051542,""rim_advance_pct"":0.06887622993267747,""atr_pct"":0.02208285135916718},""_schema_version"":""1.0""}",,,,,,,,,,
20260520T193044Z-73e07b,2026-05-20T19:30:44.960382+00:00,INOD,inverse_head_shoulders,forming,51.36,88.9,53.4,4.6,47.1,7.4,59.5,70.8,84.0,91.0,10.67,14.94,0.37,6.59,1.04,4.76,4.25,4.2,4.55,False,,92.57,98.0,84.2668,110.45,"{""trend"":{""T1_ema_stack"":{""value"":[true,true,true],""score"":100.0},""T2_ema50_slope"":{""value"":0.7790869863756428,""score"":100},""T3_high_proximity"":{""value"":0.8915535009149571,""score"":45.776750457478535},""T4_rs_1m"":{""value"":0.9527635349323713,""score"":100},""T5_rs_3m"":{""value"":0.94725229034943,""score"":100},""T6_adr_healthy"":{""value"":10.358549875260097,""score"":41.03625311849757},""_score"":88.92},""geometry"":{""sub_head_depth"":64.1,""sub_shoulder_price_sym"":16.2,""sub_shoulder_time_sym"":100,""sub_right_shoulder_reaction"":28.4,""sub_base_context"":100.0,""_score"":53.36},""compression"":{""VC1_atr_ratio"":{""value"":1.8480465760562996,""score"":0},""VC2_range_contraction"":{""value"":2.1667376466889214,""score"":0},""VC3_range_pct_rank"":{""score"":18.333333333333336},""_score"":4.58},""sr_quality"":{""SR1_touches"":{""value"":4,""score"":75.0},""SR2_tightness"":{""value"":2.3074282220688924,""score"":62.563303090697985},""SR3_recency"":{""value"":301,""score"":0.0},""SR4_price_location"":{""score"":30.0},""SR5_reaction"":{""value"":1.0249780706611042,""score"":51.24890353305521},""_score"":47.07,""_levels_found"":3,""_target_level"":64.725},""volume"":{""V1_rvol_day"":{""value"":0.4656469002407172,""score"":0},""V2_rvol_sameslot"":{""value"":0.7539610274423728,""score"":16.930735162824853,""status"":""ok""},""V3_breakout_bar"":{""value"":0.7416540350677818,""score"":16.110269004518788},""V4_base_dryup"":{""value"":5.0724640147055124,""score"":0},""V5_bo_expansion"":{""value"":0.4656469002407172,""score"":0},""_score"":7.41},""readiness"":{""_distance_atr"":0.44,""BR1_atr_distance"":{""score"":70.63379014014086},""BR2_compression"":{""score"":55.13674904943648},""BR3_retest"":{""score"":50.0},""BR4_bo_age"":{""score"":50.0},""_score"":59.54},""risk"":{""R1_stop_clarity"":{""score"":79.18000618637345},""R2_stop_distance_pct"":{""value"":8.969698606459968,""score"":75.7575348385008},""R3_stop_distance_atr"":{""value"":0.6735772983946816,""score"":58.67886491973409},""R4_rr_potential"":{""value"":2.1533736789811253,""score"":57.668683949056266},""_score"":70.78},""market"":{""M1_spy_regime"":{""score"":100.0},""M3_earnings_risk"":{""value"":null,""score"":80.0},""M4_vix"":{""value"":null,""score"":60.0},""_score"":84.0},""liquidity"":{""L1_price"":{""value"":92.57,""score"":100.0},""L2_dollar_vol"":{""value"":130734867.258262,""score"":100.0},""L3_spread_proxy"":{""value"":0.09049043966727882,""score"":9.509560332721179},""L4_volume_zscore"":{""value"":-0.3637533553145738,""score"":100.0},""_score"":90.95},""pattern_structure"":{""left_shoulder"":86.5,""left_shoulder_idx"":70,""head"":85.55,""head_idx"":76,""right_shoulder"":92.5,""right_shoulder_idx"":82,""left_to_head_bars"":6,""head_to_right_bars"":6,""structural_low"":85.55,""current_price"":92.455,""neckline_distance_pct"":0.0599751230328268,""base_bars"":12},""pattern_geometry_features"":{""head_depth_pct"":0.04413407821229053,""shoulder_price_asymmetry"":0.0670391061452514,""shoulder_time_asymmetry"":0.0,""right_shoulder_reaction"":0.2844812680115274,""atr_pct"":0.1331650966835908},""_schema_version"":""1.0""}",,,,,,,,,,
20260520T193044Z-73e07b,2026-05-20T19:30:44.960382+00:00,EPRT,vcp,forming,51.29,36.9,59.1,76.0,41.6,14.1,52.2,45.0,84.0,81.9,5.53,14.78,9.11,5.0,1.83,3.66,2.25,5.04,4.1,True,risk_unclear,31.36,31.73,29.6583,32.82,"{""trend"":{""T1_ema_stack"":{""value"":[true,false,true],""score"":66.66666666666666},""T2_ema50_slope"":{""value"":-0.08436231192118004,""score"":35.93961467980333},""T3_high_proximity"":{""value"":0.9066204105232725,""score"":53.31020526163621},""T4_rs_1m"":{""value"":-0.10032757751491161,""score"":0},""T5_rs_3m"":{""value"":-0.11875662638285356,""score"":0},""T6_adr_healthy"":{""value"":1.766785610926908,""score"":100.0},""_score"":36.85},""geometry"":{""sub_contraction_count"":100.0,""sub_reduction_rate"":0,""sub_pivot_tightness"":69.9,""sub_volume_dryup"":91.0,""sub_base_depth"":0.0,""sub_base_duration"":100.0,""_score"":59.13},""compression"":{""VC1_atr_ratio"":{""value"":0.4408619381388374,""score"":100},""VC2_range_contraction"":{""value"":0.765823915954354,""score"":39.029347340941015},""VC3_range_pct_rank"":{""score"":89.16666666666666},""_score"":75.95},""sr_quality"":{""SR1_touches"":{""value"":2,""score"":25.0},""SR2_tightness"":{""value"":0.005000000000002558,""score"":97.92130660727436},""SR3_recency"":{""value"":253,""score"":0.0},""SR4_price_location"":{""score"":17.768147345611943},""SR5_reaction"":{""value"":2.754268745360055,""score"":100},""_score"":41.63,""_levels_found"":4,""_target_level"":32.625},""volume"":{""V1_rvol_day"":{""value"":0.23560845756223336,""score"":0},""V2_rvol_sameslot"":{""value"":0.24905704822304714,""score"":0,""status"":""ok""},""V3_breakout_bar"":{""value"":0.6040064528883946,""score"":6.9337635258929735},""V4_base_dryup"":{""value"":0.8816748573753264,""score"":61.83251426246736},""V5_bo_expansion"":{""value"":0.23560845756223336,""score"":0},""_score"":14.1},""readiness"":{""_distance_atr"":0.769,""BR1_atr_distance"":{""score"":48.725562979460435},""BR2_compression"":{""score"":61.00058725615297},""BR3_retest"":{""score"":50.0},""BR4_bo_age"":{""score"":50.0},""_score"":52.24},""risk"":{""R1_stop_clarity"":{""score"":0},""R2_stop_distance_pct"":{""value"":5.426179846938778,""score"":100.0},""R3_stop_distance_atr"":{""value"":3.537208611729768,""score"":100.0},""R4_rr_potential"":{""value"":0.8579907736608587,""score"":0.0},""_score"":45.0},""market"":{""M1_spy_regime"":{""score"":100.0},""M3_earnings_risk"":{""value"":null,""score"":80.0},""M4_vix"":{""value"":null,""score"":60.0},""_score"":84.0},""liquidity"":{""L1_price"":{""value"":31.36,""score"":100.0},""L2_dollar_vol"":{""value"":14227611.15403712,""score"":57.65659936222192},""L3_spread_proxy"":{""value"":0.011479591836734675,""score"":88.52040816326533},""L4_volume_zscore"":{""value"":-1.2158065697766436,""score"":100.0},""_score"":81.91},""pattern_structure"":{""n_contractions"":5,""contractions_pct"":[6.09,4.78,13.3,7.77,5.11],""descending_strict"":false,""final_low"":30.11,""final_pivot"":31.73,""structural_low"":30.11,""dry_up_ratio"":0.5452268324053544,""current_price"":31.36,""neckline_distance_pct"":0.011798469387755134,""base_bars"":80},""pattern_geometry_features"":{""contraction_count"":5.0,""first_contraction_pct"":0.060897435897435855,""last_contraction_pct"":0.051055783170501134,""dry_up_ratio"":0.5452268324053544,""near_monotone"":0.0,""base_depth_pct"":0.03493589743589743},""_schema_version"":""1.0""}",,,,,,,,,,
20260520T193044Z-73e07b,2026-05-20T19:30:44.960382+00:00,CTRE,double_bottom,forming,51.19,77.0,58.6,45.6,39.4,5.0,28.0,54.0,84.0,93.2,11.55,14.65,3.65,5.52,0.65,2.24,3.24,5.04,4.66,True,risk_unclear,41.37,43.08,38.2279,47.35,"{""trend"":{""T1_ema_stack"":{""value"":[true,true,true],""score"":100.0},""T2_ema50_slope"":{""value"":0.134663293336536,""score"":72.443882222756},""T3_high_proximity"":{""value"":0.9747879359095193,""score"":87.39396795475962},""T4_rs_1m"":{""value"":0.02668326509014829,""score"":76.6832650901483},""T5_rs_3m"":{""value"":-0.046097883969479,""score"":26.9510580152605},""T6_adr_healthy"":{""value"":2.262076972871483,""score"":100.0},""_score"":76.98},""geometry"":{""sub_low_similarity"":12.8,""sub_bounce_quality"":100,""sub_separation_fit"":0.0,""sub_right_bottom_reaction"":98.3,""sub_base_context"":100.0,""_score"":58.59},""compression"":{""VC1_atr_ratio"":{""value"":0.7646147890050337,""score"":58.846302748741586},""VC2_range_contraction"":{""value"":1.203351742326154,""score"":0},""VC3_range_pct_rank"":{""score"":88.33333333333333},""_score"":45.62},""sr_quality"":{""SR1_touches"":{""value"":2,""score"":25.0},""SR2_tightness"":{""value"":0.19000000000000128,""score"":62.79720279720258},""SR3_recency"":{""value"":271,""score"":0.0},""SR4_price_location"":{""score"":30.0},""SR5_reaction"":{""value"":3.4657342657342625,""score"":100},""_score"":39.42,""_levels_found"":5,""_target_level"":41.17},""volume"":{""V1_rvol_day"":{""value"":0.5438402329853859,""score"":2.922682199025724},""V2_rvol_sameslot"":{""value"":0.8290476755334591,""score"":21.93651170223061,""status"":""ok""},""V3_breakout_bar"":{""value"":0.37380970090832644,""score"":0},""V4_base_dryup"":{""value"":1.6306865462498965,""score"":0},""V5_bo_expansion"":{""value"":0.5438402329853859,""score"":0},""_score"":4.97},""readiness"":{""_distance_atr"":1.674,""BR1_atr_distance"":{""score"":0},""BR2_compression"":{""score"":41.934442782558534},""BR3_retest"":{""score"":50.0},""BR4_bo_age"":{""score"":50.0},""_score"":27.98},""risk"":{""R1_stop_clarity"":{""score"":0},""R2_stop_distance_pct"":{""value"":7.595238095238082,""score"":100.0},""R3_stop_distance_atr"":{""value"":3.0762307692307607,""score"":100.0},""R4_rr_potential"":{""value"":1.9031554827108854,""score"":45.15777413554427},""_score"":54.03},""market"":{""M1_spy_regime"":{""score"":100.0},""M3_earnings_risk"":{""value"":null,""score"":80.0},""M4_vix"":{""value"":null,""score"":60.0},""_score"":84.0},""liquidity"":{""L1_price"":{""value"":41.37,""score"":100.0},""L2_dollar_vol"":{""value"":52438617.03136896,""score"":85.9825614739715},""L3_spread_proxy"":{""value"":0.0123277737490935,""score"":87.6722262509065},""L4_volume_zscore"":{""value"":-0.606406734894904,""score"":100.0},""_score"":93.16},""pattern_structure"":{""left_low"":38.81,""left_idx"":20,""right_low"":40.54,""right_idx"":68,""separation_bars"":48,""structural_low"":38.81,""current_price"":41.38,""neckline_distance_pct"":0.04108264862252285,""base_bars"":48},""pattern_geometry_features"":{""low_similarity_pct"":0.04360428481411461,""bounce_pct"":0.11002318989951032,""right_bottom_reaction"":0.9826086956521651,""atr_pct"":0.024690079077316227},""_schema_version"":""1.0""}",,,,,,,,,,
20260520T193044Z-73e07b,2026-05-20T19:30:44.960382+00:00,CEPT,inverse_head_shoulders,setup,51.18,94.7,59.9,2.1,44.4,30.0,35.1,25.4,84.0,78.5,11.37,16.77,0.17,6.22,4.19,2.81,1.52,4.2,3.93,True,risk_unclear,13.28,12.88,11.6328,13.95,"{""trend"":{""T1_ema_stack"":{""value"":[true,true,true],""score"":100.0},""T2_ema50_slope"":{""value"":0.18727007889142713,""score"":81.21167981523786},""T3_high_proximity"":{""value"":1.0,""score"":99.99999999999997},""T4_rs_1m"":{""value"":0.15111466253011452,""score"":100},""T5_rs_3m"":{""value"":0.07995317862616425,""score"":89.97658931308212},""T6_adr_healthy"":{""value"":3.5389608973068336,""score"":100.0},""_score"":94.74},""geometry"":{""sub_head_depth"":64.4,""sub_shoulder_price_sym"":47.8,""sub_shoulder_time_sym"":60.0,""sub_right_shoulder_reaction"":43.4,""sub_base_context"":100.0,""_score"":59.9},""compression"":{""VC1_atr_ratio"":{""value"":1.0283841260943776,""score"":0},""VC2_range_contraction"":{""value"":1.3278848130364735,""score"":0},""VC3_range_pct_rank"":{""score"":8.333333333333337},""_score"":2.08},""sr_quality"":{""SR1_touches"":{""value"":2,""score"":25.0},""SR2_tightness"":{""value"":0.009999999999999787,""score"":96.02831245833283},""SR3_recency"":{""value"":201,""score"":0.0},""SR4_price_location"":{""score"":30.0},""SR5_reaction"":{""value"":2.055249010624263,""score"":100},""_score"":44.4,""_levels_found"":3,""_target_level"":11.65},""volume"":{""V1_rvol_day"":{""value"":1.7409565739286446,""score"":82.73043826190964},""V2_rvol_sameslot"":{""value"":0.9504937678752879,""score"":30.03291785835253,""status"":""ok""},""V3_breakout_bar"":{""value"":0.27959635893345286,""score"":0},""V4_base_dryup"":{""value"":1.5751609104664985,""score"":0},""V5_bo_expansion"":{""value"":1.7409565739286448,""score"":49.39710492857632},""_score"":29.96},""readiness"":{""_distance_atr"":-0.794,""BR1_atr_distance"":{""score"":44.113249833331025},""BR2_compression"":{""score"":0},""BR3_retest"":{""score"":50.0},""BR4_bo_age"":{""score"":50.0},""_score"":35.15},""risk"":{""R1_stop_clarity"":{""score"":29.64155519936412},""R2_stop_distance_pct"":{""value"":12.40323795180723,""score"":0.0},""R3_stop_distance_atr"":{""value"":3.2709825671286117,""score"":100.0},""R4_rr_potential"":{""value"":0.4067631970373079,""score"":0.0},""_score"":25.37},""market"":{""M1_spy_regime"":{""score"":100.0},""M3_earnings_risk"":{""value"":null,""score"":80.0},""M4_vix"":{""value"":null,""score"":60.0},""_score"":84.0},""liquidity"":{""L1_price"":{""value"":13.28,""score"":100.0},""L2_dollar_vol"":{""value"":17130540.30892176,""score"":61.68855305628092},""L3_spread_proxy"":{""value"":0.0612650602409638,""score"":38.7349397590362},""L4_volume_zscore"":{""value"":1.2606437125897059,""score"":100.0},""_score"":78.55},""pattern_structure"":{""left_shoulder"":12.1001,""left_shoulder_idx"":76,""head"":11.81,""head_idx"":84,""right_shoulder"":12.6164,""right_shoulder_idx"":94,""left_to_head_bars"":8,""head_to_right_bars"":10,""structural_low"":11.81,""current_price"":13.28,""neckline_distance_pct"":-0.03012048192771074,""base_bars"":18},""pattern_geometry_features"":{""head_depth_pct"":0.04436307729654275,""shoulder_price_asymmetry"":0.04177775979608772,""shoulder_time_asymmetry"":0.2,""right_shoulder_reaction"":0.4343891402714904,""atr_pct"":0.03791899741824441},""_schema_version"":""1.0""}",,,,,,,,,,
20260520T193044Z-73e07b,2026-05-20T19:30:44.960382+00:00,SNOW,vcp,setup,51.0,40.8,47.7,64.2,53.5,24.3,56.5,37.0,84.0,96.4,6.12,11.92,7.71,6.42,3.16,3.95,1.85,5.04,4.82,False,,164.49,156.7,132.2855,207.0,"{""trend"":{""T1_ema_stack"":{""value"":[true,false,false],""score"":33.33333333333333},""T2_ema50_slope"":{""value"":-0.23267809315974294,""score"":11.22031780670951},""T3_high_proximity"":{""value"":0.8996390286589369,""score"":49.819514329468404},""T4_rs_1m"":{""value"":0.03870934967341633,""score"":88.70934967341633},""T5_rs_3m"":{""value"":-0.163988643099245,""score"":0},""T6_adr_healthy"":{""value"":4.7698952447342675,""score"":100.0},""_score"":40.79},""geometry"":{""sub_contraction_count"":100.0,""sub_reduction_rate"":0,""sub_pivot_tightness"":0,""sub_volume_dryup"":17.9,""sub_base_depth"":100.0,""sub_base_duration"":100.0,""_score"":47.69},""compression"":{""VC1_atr_ratio"":{""value"":0.37636773418793523,""score"":100},""VC2_range_contraction"":{""value"":0.8707496799346415,""score"":21.54172001089309},""VC3_range_pct_rank"":{""score"":66.66666666666667},""_score"":64.21},""sr_quality"":{""SR1_touches"":{""value"":4,""score"":75.0},""SR2_tightness"":{""value"":1.698315341743107,""score"":60.921242647954635},""SR3_recency"":{""value"":272,""score"":0.0},""SR4_price_location"":{""score"":27.44226079472099},""SR5_reaction"":{""value"":2.609656439680946,""score"":100},""_score"":53.5,""_levels_found"":6,""_target_level"":185.565},""volume"":{""V1_rvol_day"":{""value"":0.5544673790240763,""score"":3.6311586016050854},""V2_rvol_sameslot"":{""value"":1.1291844274543326,""score"":41.94562849695551,""status"":""ok""},""V3_breakout_bar"":{""value"":0.9567780277129181,""score"":30.45186851419454},""V4_base_dryup"":{""value"":1.1195097101760232,""score"":38.04902898239768},""V5_bo_expansion"":{""value"":0.5544673790240763,""score"":0},""_score"":24.34},""readiness"":{""_distance_atr"":-0.896,""BR1_atr_distance"":{""score"":42.07497086730773},""BR2_compression"":{""score"":88.63544209550344},""BR3_retest"":{""score"":50.0},""BR4_bo_age"":{""score"":50.0},""_score"":56.49},""risk"":{""R1_stop_clarity"":{""score"":53.64573660101611},""R2_stop_distance_pct"":{""value"":19.57839382333272,""score"":0.0},""R3_stop_distance_atr"":{""value"":3.7051771547097987,""score"":100.0},""R4_rr_potential"":{""value"":1.320001863093666,""score"":16.000093154683302},""_score"":36.98},""market"":{""M1_spy_regime"":{""score"":100.0},""M3_earnings_risk"":{""value"":null,""score"":80.0},""M4_vix"":{""value"":null,""score"":60.0},""_score"":84.0},""liquidity"":{""L1_price"":{""value"":164.49,""score"":100.0},""L2_dollar_vol"":{""value"":676047650.0774376,""score"":100.0},""L3_spread_proxy"":{""value"":0.03567998054592984,""score"":64.32001945407015},""L4_volume_zscore"":{""value"":-1.1447598402096242,""score"":100.0},""_score"":96.43},""pattern_structure"":{""n_contractions"":5,""contractions_pct"":[16.24,14.94,21.51,25.05,14.29],""descending_strict"":false,""final_low"":134.3,""final_pivot"":156.7,""structural_low"":134.3,""dry_up_ratio"":0.910380265457079,""current_price"":164.49,""neckline_distance_pct"":-0.04735850203659809,""base_bars"":44},""pattern_geometry_features"":{""contraction_count"":5.0,""first_contraction_pct"":0.16237811484290354,""last_contraction_pct"":0.14294830887045296,""dry_up_ratio"":0.910380265457079,""near_monotone"":0.0,""base_depth_pct"":0.2724810400866738},""_schema_version"":""1.0""}",,,,,,,,,,
20260520T193044Z-73e07b,2026-05-20T19:30:44.960382+00:00,V,double_bottom,absent,50.81,66.1,42.6,59.6,51.3,14.4,45.4,47.2,84.0,98.5,9.91,10.65,4.77,7.18,1.87,3.63,2.83,5.04,4.93,True,risk_unclear,330.71,335.17,311.4176,354.18,"{""trend"":{""T1_ema_stack"":{""value"":[true,true,false],""score"":66.66666666666666},""T2_ema50_slope"":{""value"":0.09511142414868726,""score"":65.8519040247812},""T3_high_proximity"":{""value"":0.9876067610344621,""score"":93.80338051723103},""T4_rs_1m"":{""value"":0.015229082057783616,""score"":65.22908205778361},""T5_rs_3m"":{""value"":-0.04496558476188062,""score"":27.51720761905969},""T6_adr_healthy"":{""value"":1.7822766532794416,""score"":100.0},""_score"":66.08},""geometry"":{""sub_low_similarity"":33.7,""sub_bounce_quality"":43.0,""sub_separation_fit"":0.0,""sub_right_bottom_reaction"":26.0,""sub_base_context"":100.0,""_score"":42.61},""compression"":{""VC1_atr_ratio"":{""value"":0.548111892029641,""score"":100},""VC2_range_contraction"":{""value"":0.9424377114496939,""score"":9.59371475838435},""VC3_range_pct_rank"":{""score"":65.0},""_score"":59.61},""sr_quality"":{""SR1_touches"":{""value"":3,""score"":50.0},""SR2_tightness"":{""value"":0.7586537784493997,""score"":74.91754530754766},""SR3_recency"":{""value"":239,""score"":0.0},""SR4_price_location"":{""score"":40.2981979075446},""SR5_reaction"":{""value"":2.8554369135713533,""score"":100},""_score"":51.31,""_levels_found"":5,""_target_level"":343.0467},""volume"":{""V1_rvol_day"":{""value"":0.529952074982459,""score"":1.9968049988305998},""V2_rvol_sameslot"":{""value"":0.5449772560660812,""score"":2.998483737738744,""status"":""ok""},""V3_breakout_bar"":{""value"":0.5492820083750625,""score"":3.2854672250041648},""V4_base_dryup"":{""value"":0.8710207478066153,""score"":62.89792521933847},""V5_bo_expansion"":{""value"":0.5299520749824589,""score"":0},""_score"":14.4},""readiness"":{""_distance_atr"":0.737,""BR1_atr_distance"":{""score"":50.848133405911454},""BR2_compression"":{""score"":30.100047149183908},""BR3_retest"":{""score"":50.0},""BR4_bo_age"":{""score"":50.0},""_score"":45.36},""risk"":{""R1_stop_clarity"":{""score"":0},""R2_stop_distance_pct"":{""value"":5.833630673399651,""score"":100.0},""R3_stop_distance_atr"":{""value"":3.189206741299727,""score"":100.0},""R4_rr_potential"":{""value"":1.2165412286703594,""score"":10.82706143351797},""_score"":47.17},""market"":{""M1_spy_regime"":{""score"":100.0},""M3_earnings_risk"":{""value"":null,""score"":80.0},""M4_vix"":{""value"":null,""score"":60.0},""_score"":84.0},""liquidity"":{""L1_price"":{""value"":330.71,""score"":100.0},""L2_dollar_vol"":{""value"":1345337715.9242084,""score"":100.0},""L3_spread_proxy"":{""value"":0.014619757491457617,""score"":85.38024250854238},""L4_volume_zscore"":{""value"":-1.2093915864703337,""score"":100.0},""_score"":98.54},""pattern_structure"":{""left_low"":316.16,""left_idx"":26,""right_low"":326.8201,""right_idx"":74,""separation_bars"":48,""structural_low"":316.16,""current_price"":330.62,""neckline_distance_pct"":0.013762022866130335,""base_bars"":48},""pattern_geometry_features"":{""low_similarity_pct"":0.03315841345634181,""bounce_pct"":0.06012778340080968,""right_bottom_reaction"":0.25975585910220605,""atr_pct"":0.0182917921182564},""_schema_version"":""1.0""}",,,,,,,,,,
20260520T193044Z-73e07b,2026-05-20T19:30:44.960382+00:00,NOW,bull_flag,forming,50.79,18.7,70.9,44.8,54.6,15.1,35.4,78.6,84.0,94.5,2.62,21.26,4.03,5.46,2.11,3.19,2.36,5.04,4.72,False,,102.19,110.83,96.0375,136.22,"{""trend"":{""T1_ema_stack"":{""value"":[true,false,false],""score"":33.33333333333333},""T2_ema50_slope"":{""value"":-0.41401622655035325,""score"":0},""T3_high_proximity"":{""value"":0.8218594177255911,""score"":10.92970886279554},""T4_rs_1m"":{""value"":-0.03131254807069661,""score"":18.68745192930339},""T5_rs_3m"":{""value"":-0.13014597809072992,""score"":0},""T6_adr_healthy"":{""value"":5.045730766495273,""score"":100.0},""_score"":18.71},""geometry"":{""sub_pole_impulse"":100.0,""sub_flag_tightness"":49.7,""sub_flag_shallowness"":19.1,""sub_flag_drift"":97.5,""sub_flag_duration"":100.0,""_score"":70.87},""compression"":{""VC1_atr_ratio"":{""value"":0.5209829779239799,""score"":100},""VC2_range_contraction"":{""value"":1.0353100215546143,""score"":0},""VC3_range_pct_rank"":{""score"":19.166666666666664},""_score"":44.79},""sr_quality"":{""SR1_touches"":{""value"":3,""score"":50.0},""SR2_tightness"":{""value"":0.8493657764604252,""score"":69.23180993714735},""SR3_recency"":{""value"":245,""score"":0.0},""SR4_price_location"":{""score"":56.70456983479936},""SR5_reaction"":{""value"":3.3133708261045243,""score"":100},""_score"":54.56,""_levels_found"":5,""_target_level"":105.5533},""volume"":{""V1_rvol_day"":{""value"":0.720643235388196,""score"":14.709549025879731},""V2_rvol_sameslot"":{""value"":0.6000333866983705,""score"":6.668892446558032,""status"":""ok""},""V3_breakout_bar"":{""value"":0.3700955212400054,""score"":0},""V4_base_dryup"":{""value"":0.9585591158935093,""score"":54.14408841064907},""V5_bo_expansion"":{""value"":0.720643235388196,""score"":0},""_score"":15.1},""readiness"":{""_distance_atr"":1.565,""BR1_atr_distance"":{""score"":0},""BR2_compression"":{""score"":71.58657466976925},""BR3_retest"":{""score"":50.0},""BR4_bo_age"":{""score"":50.0},""_score"":35.4},""risk"":{""R1_stop_clarity"":{""score"":47.02108418537298},""R2_stop_distance_pct"":{""value"":6.020647812897547,""score"":100.0},""R3_stop_distance_atr"":{""value"":1.1143684770922793,""score"":80.71842385461396},""R4_rr_potential"":{""value"":5.5310849248273035,""score"":100.0},""_score"":78.57},""market"":{""M1_spy_regime"":{""score"":100.0},""M3_earnings_risk"":{""value"":null,""score"":80.0},""M4_vix"":{""value"":null,""score"":60.0},""_score"":84.0},""liquidity"":{""L1_price"":{""value"":102.19,""score"":100.0},""L2_dollar_vol"":{""value"":2268566924.807794,""score"":100.0},""L3_spread_proxy"":{""value"":0.0550934533711713,""score"":44.9065466288287},""L4_volume_zscore"":{""value"":-0.5344240172127426,""score"":100.0},""_score"":94.49},""pattern_structure"":{""pole_low"":85.44,""pole_low_idx"":30,""peak_price"":110.83,""peak_idx"":48,""pole_gain"":0.2971676029962547,""flag_bars"":11,""flag_low"":97.5,""flag_high"":107.44,""structural_low"":97.5,""current_price"":102.19,""neckline_distance_pct"":0.08454839025344947,""base_bars"":11},""pattern_geometry_features"":{""pole_gain"":0.2971676029962547,""pullback_pct"":0.12027429396372821,""flag_range_pct"":0.08968690787692861,""flag_drift_per_bar"":-0.0005017391845848159,""atr_pct"":0.0540274418799715,""pole_atr_multiple"":5.500308596073242},""_schema_version"":""1.0""}",,,,,,,,,,
20260520T193044Z-73e07b,2026-05-20T19:30:44.960382+00:00,CLBT,double_bottom,forming,50.71,28.1,63.4,44.1,58.6,8.2,60.6,69.8,84.0,75.3,4.21,15.85,3.53,8.2,1.07,4.85,4.19,5.04,3.76,False,,13.505,14.05,12.7607,15.145,"{""trend"":{""T1_ema_stack"":{""value"":[true,false,false],""score"":33.33333333333333},""T2_ema50_slope"":{""value"":-0.14831349129392762,""score"":25.281084784345396},""T3_high_proximity"":{""value"":0.8826797385620915,""score"":41.339869281045715},""T4_rs_1m"":{""value"":-0.0325386051756551,""score"":17.4613948243449},""T5_rs_3m"":{""value"":-0.1018580481635204,""score"":0},""T6_adr_healthy"":{""value"":4.830557500684527,""score"":100.0},""_score"":28.08},""geometry"":{""sub_low_similarity"":48.9,""sub_bounce_quality"":77.9,""sub_separation_fit"":0.0,""sub_right_bottom_reaction"":87.7,""sub_base_context"":100.0,""_score"":63.41},""compression"":{""VC1_atr_ratio"":{""value"":0.6168026005467754,""score"":95.79934986330615},""VC2_range_contraction"":{""value"":1.2144878281817213,""score"":0},""VC3_range_pct_rank"":{""score"":23.33333333333333},""_score"":44.15},""sr_quality"":{""SR1_touches"":{""value"":4,""score"":75.0},""SR2_tightness"":{""value"":0.1868488694105479,""score"":49.053292464818355},""SR3_recency"":{""value"":236,""score"":0.0},""SR4_price_location"":{""score"":58.10810810810819},""SR5_reaction"":{""value"":1.891563038630454,""score"":94.5781519315227},""_score"":58.57,""_levels_found"":8,""_target_level"":13.815},""volume"":{""V1_rvol_day"":{""value"":0.33201290824703256,""score"":0},""V2_rvol_sameslot"":{""value"":0.2477427028694144,""score"":0,""status"":""ok""},""V3_breakout_bar"":{""value"":0.33112715077002913,""score"":0},""V4_base_dryup"":{""value"":1.0898871505314214,""score"":41.01128494685786},""V5_bo_expansion"":{""value"":0.3320129082470325,""score"":0},""_score"":8.2},""readiness"":{""_distance_atr"":0.743,""BR1_atr_distance"":{""score"":50.46628558815609},""BR2_compression"":{""score"":91.68127997202271},""BR3_retest"":{""score"":50.0},""BR4_bo_age"":{""score"":50.0},""_score"":60.61},""risk"":{""R1_stop_clarity"":{""score"":47.01483090046816},""R2_stop_distance_pct"":{""value"":5.511477230655324,""score"":100.0},""R3_stop_distance_atr"":{""value"":1.0147481278787838,""score"":75.73740639393918},""R4_rr_potential"":{""value"":2.2033385953716413,""score"":60.166929768582065},""_score"":69.85},""market"":{""M1_spy_regime"":{""score"":100.0},""M3_earnings_risk"":{""value"":null,""score"":80.0},""M4_vix"":{""value"":null,""score"":60.0},""_score"":84.0},""liquidity"":{""L1_price"":{""value"":13.505,""score"":100.0},""L2_dollar_vol"":{""value"":10553794.190637296,""score"":51.17043103771537},""L3_spread_proxy"":{""value"":0.051832654572380545,""score"":48.16734542761945},""L4_volume_zscore"":{""value"":-1.10103805102988,""score"":100.0},""_score"":75.28},""pattern_structure"":{""left_low"":13.29,""left_idx"":26,""right_low"":12.955,""right_idx"":74,""separation_bars"":48,""structural_low"":12.955,""current_price"":13.5,""neckline_distance_pct"":0.04074074074074079,""base_bars"":48},""pattern_geometry_features"":{""low_similarity_pct"":0.02552867212802432,""bounce_pct"":0.08452335005789276,""right_bottom_reaction"":0.876631746031744,""atr_pct"":0.05431374623155447},""_schema_version"":""1.0""}",,,,,,,,,,
20260520T193044Z-73e07b,2026-05-20T19:30:44.960382+00:00,APP,vcp,absent,50.69,62.1,36.2,51.0,61.6,19.1,66.5,37.3,84.0,95.6,9.31,9.06,6.12,7.39,2.48,4.65,1.86,5.04,4.78,False,,480.48,491.99,423.7962,496.74,"{""trend"":{""T1_ema_stack"":{""value"":[true,true,false],""score"":66.66666666666666},""T2_ema50_slope"":{""value"":0.12496103588704666,""score"":70.82683931450778},""T3_high_proximity"":{""value"":0.928948436865611,""score"":64.47421843280549},""T4_rs_1m"":{""value"":-0.036356355331764734,""score"":13.643644668235268},""T5_rs_3m"":{""value"":0.08431200270519312,""score"":92.15600135259656},""T6_adr_healthy"":{""value"":5.937204207367495,""score"":100.0},""_score"":62.06},""geometry"":{""sub_contraction_count"":100.0,""sub_reduction_rate"":4.9,""sub_pivot_tightness"":0,""sub_volume_dryup"":0,""sub_base_depth"":0.0,""sub_base_duration"":100.0,""_score"":36.23},""compression"":{""VC1_atr_ratio"":{""value"":0.6695828733989427,""score"":82.60428165026431},""VC2_range_contraction"":{""value"":1.4700669821269907,""score"":0},""VC3_range_pct_rank"":{""score"":71.66666666666667},""_score"":50.96},""sr_quality"":{""SR1_touches"":{""value"":3,""score"":50.0},""SR2_tightness"":{""value"":7.756145950148183,""score"":51.141739203253955},""SR3_recency"":{""value"":245,""score"":0.0},""SR4_price_location"":{""score"":95.68739437030138},""SR5_reaction"":{""value"":3.043924917488594,""score"":100},""_score"":61.59,""_levels_found"":6,""_target_level"":482.33},""volume"":{""V1_rvol_day"":{""value"":0.4083989807049909,""score"":0},""V2_rvol_sameslot"":{""value"":0.49313021824474423,""score"":0,""status"":""ok""},""V3_breakout_bar"":{""value"":0.6460207852758397,""score"":9.734719018389315},""V4_base_dryup"":{""value"":0.6686205255065764,""score"":83.13794744934236},""V5_bo_expansion"":{""value"":0.408398980704991,""score"":0},""_score"":19.06},""readiness"":{""_distance_atr"":0.363,""BR1_atr_distance"":{""score"":75.8317002032948},""BR2_compression"":{""score"":74.50618320148288},""BR3_retest"":{""score"":50.0},""BR4_bo_age"":{""score"":50.0},""_score"":66.46},""risk"":{""R1_stop_clarity"":{""score"":59.34591707741443},""R2_stop_distance_pct"":{""value"":11.797317266067273,""score"":5.067068348318182},""R3_stop_distance_atr"":{""value"":1.785338658038432,""score"":100.0},""R4_rr_potential"":{""value"":0.2868546982159787,""score"":0.0},""_score"":37.29},""market"":{""M1_spy_regime"":{""score"":100.0},""M3_earnings_risk"":{""value"":null,""score"":80.0},""M4_vix"":{""value"":null,""score"":60.0},""_score"":84.0},""liquidity"":{""L1_price"":{""value"":480.48,""score"":100.0},""L2_dollar_vol"":{""value"":907298968.9437275,""score"":100.0},""L3_spread_proxy"":{""value"":0.04370608558108563,""score"":56.29391441891437},""L4_volume_zscore"":{""value"":-1.0834494649695465,""score"":100.0},""_score"":95.63},""pattern_structure"":{""n_contractions"":5,""contractions_pct"":[15.71,20.06,22.49,18.88,12.55],""descending_strict"":false,""final_low"":430.25,""final_pivot"":491.99,""structural_low"":430.25,""dry_up_ratio"":1.3902706540544683,""current_price"":480.48,""neckline_distance_pct"":0.023955211455211435,""base_bars"":47},""pattern_geometry_features"":{""contraction_count"":5.0,""first_contraction_pct"":0.1570802298850575,""last_contraction_pct"":0.1254903554950304,""dry_up_ratio"":1.3902706540544683,""near_monotone"":0.0,""base_depth_pct"":0.010919540229885057},""_schema_version"":""1.0""}",,,,,,,,,,
20260520T193044Z-73e07b,2026-05-20T19:30:44.960382+00:00,AGYS,vcp,breakout_confirmed,50.59,54.8,45.0,34.9,54.3,48.9,41.7,37.8,84.0,84.2,8.22,11.25,4.19,6.52,6.36,2.92,1.89,5.04,4.21,False,,80.41,73.585,63.8526,90.82,"{""trend"":{""T1_ema_stack"":{""value"":[true,false,false],""score"":33.33333333333333},""T2_ema50_slope"":{""value"":-0.1989982649488889,""score"":16.833622508518516},""T3_high_proximity"":{""value"":1.0,""score"":99.99999999999997},""T4_rs_1m"":{""value"":0.13193464559025503,""score"":100},""T5_rs_3m"":{""value"":-0.05887359970593353,""score"":20.563200147033236},""T6_adr_healthy"":{""value"":6.090326000086986,""score"":100.0},""_score"":54.78},""geometry"":{""sub_contraction_count"":100.0,""sub_reduction_rate"":0,""sub_pivot_tightness"":0,""sub_volume_dryup"":0,""sub_base_depth"":100.0,""sub_base_duration"":100.0,""_score"":45.0},""compression"":{""VC1_atr_ratio"":{""value"":0.6550453706180965,""score"":86.23865734547587},""VC2_range_contraction"":{""value"":1.6671883157279048,""score"":0},""VC3_range_pct_rank"":{""score"":1.6666666666666718},""_score"":34.91},""sr_quality"":{""SR1_touches"":{""value"":2,""score"":25.0},""SR2_tightness"":{""value"":0.6649999999999991,""score"":76.22270463542336},""SR3_recency"":{""value"":277,""score"":0.0},""SR4_price_location"":{""score"":86.7740852635111},""SR5_reaction"":{""value"":1.824415783424851,""score"":91.22078917124254},""_score"":54.31,""_levels_found"":7,""_target_level"":81.395},""volume"":{""V1_rvol_day"":{""value"":1.4759489963731958,""score"":65.06326642487971},""V2_rvol_sameslot"":{""value"":1.993371755837129,""score"":99.5581170558086,""status"":""ok""},""V3_breakout_bar"":{""value"":0.41577643532890424,""score"":0},""V4_base_dryup"":{""value"":0.9378221853862236,""score"":56.21778146137763},""V5_bo_expansion"":{""value"":1.4759489963731962,""score"":31.729933091546414},""_score"":48.93},""readiness"":{""_distance_atr"":-1.22,""BR1_atr_distance"":{""score"":35.5969863363555},""BR2_compression"":{""score"":39.8075165683805},""BR3_retest"":{""score"":50.0},""BR4_bo_age"":{""score"":50.0},""_score"":41.69},""risk"":{""R1_stop_clarity"":{""score"":65.2324096539395},""R2_stop_distance_pct"":{""value"":20.591188906852373,""score"":0.0},""R3_stop_distance_atr"":{""value"":2.9600721491508097,""score"":100.0},""R4_rr_potential"":{""value"":0.6287228500894617,""score"":0.0},""_score"":37.83},""market"":{""M1_spy_regime"":{""score"":100.0},""M3_earnings_risk"":{""value"":null,""score"":80.0},""M4_vix"":{""value"":null,""score"":60.0},""_score"":84.0},""liquidity"":{""L1_price"":{""value"":80.41,""score"":100.0},""L2_dollar_vol"":{""value"":51275492.38540894,""score"":85.4954919739503},""L3_spread_proxy"":{""value"":0.11428926750404177,""score"":0},""L4_volume_zscore"":{""value"":0.3630112019769939,""score"":100.0},""_score"":84.2},""pattern_structure"":{""n_contractions"":5,""contractions_pct"":[18.24,7.43,11.32,9.02,11.9],""descending_strict"":false,""final_low"":64.825,""final_pivot"":73.585,""structural_low"":64.825,""dry_up_ratio"":2.213320167029196,""current_price"":80.41,""neckline_distance_pct"":-0.08487750279815948,""base_bars"":48},""pattern_geometry_features"":{""contraction_count"":5.0,""first_contraction_pct"":0.18242749207896658,""last_contraction_pct"":0.11904600122307524,""dry_up_ratio"":2.213320167029196,""near_monotone"":0.0,""base_depth_pct"":0.21002924689251765},""_schema_version"":""1.0""}",,,,,,,,,,
20260520T193044Z-73e07b,2026-05-20T19:30:44.960382+00:00,EXPO,double_bottom,breakout_failed,50.52,5.0,56.3,40.5,57.4,56.1,49.4,64.8,84.0,85.1,0.75,14.07,3.24,8.03,7.3,3.95,3.89,5.04,4.25,False,,57.4,59.92,52.5498,66.49,"{""trend"":{""T1_ema_stack"":{""value"":[false,false,false],""score"":0.0},""T2_ema50_slope"":{""value"":-0.36318678141538335,""score"":0},""T3_high_proximity"":{""value"":0.7723358449946179,""score"":0},""T4_rs_1m"":{""value"":-0.2112508672544149,""score"":0},""T5_rs_3m"":{""value"":-0.26272077034699737,""score"":0},""T6_adr_healthy"":{""value"":4.084800833108467,""score"":100.0},""_score"":5.0},""geometry"":{""sub_low_similarity"":9.7,""sub_bounce_quality"":100,""sub_separation_fit"":100.0,""sub_right_bottom_reaction"":82.5,""sub_base_context"":30.0,""_score"":56.28},""compression"":{""VC1_atr_ratio"":{""value"":0.6887724673546473,""score"":77.80688316133818},""VC2_range_contraction"":{""value"":1.4759050370216782,""score"":0},""VC3_range_pct_rank"":{""score"":37.5},""_score"":40.5},""sr_quality"":{""SR1_touches"":{""value"":5,""score"":100},""SR2_tightness"":{""value"":0.5103469408157553,""score"":62.54324561049663},""SR3_recency"":{""value"":243,""score"":0.0},""SR4_price_location"":{""score"":25.5337497608121},""SR5_reaction"":{""value"":1.5502207974332844,""score"":77.51103987166422},""_score"":57.39,""_levels_found"":4,""_target_level"":64.164},""volume"":{""V1_rvol_day"":{""value"":0.8453185262092376,""score"":23.021235080615842},""V2_rvol_sameslot"":{""value"":2.0754286671678006,""score"":100,""status"":""ok""},""V3_breakout_bar"":{""value"":2.0386471711417053,""score"":100},""V4_base_dryup"":{""value"":1.17443601690319,""score"":32.556398309681},""V5_bo_expansion"":{""value"":0.8453185262092376,""score"":0},""_score"":56.12},""readiness"":{""_distance_atr"":0.925,""BR1_atr_distance"":{""score"":38.34846225022864},""BR2_compression"":{""score"":66.1915302749318},""BR3_retest"":{""score"":50.0},""BR4_bo_age"":{""score"":50.0},""_score"":49.39},""risk"":{""R1_stop_clarity"":{""score"":41.26590109017337},""R2_stop_distance_pct"":{""value"":8.449912891986056,""score"":88.7521777003486},""R3_stop_distance_atr"":{""value"":1.779912922445404,""score"":100.0},""R4_rr_potential"":{""value"":1.8741301994742579,""score"":43.70650997371289},""_score"":64.81},""market"":{""M1_spy_regime"":{""score"":100.0},""M3_earnings_risk"":{""value"":null,""score"":80.0},""M4_vix"":{""value"":null,""score"":60.0},""_score"":84.0},""liquidity"":{""L1_price"":{""value"":57.4,""score"":100.0},""L2_dollar_vol"":{""value"":25804979.4096836,""score"":70.58517584368671},""L3_spread_proxy"":{""value"":0.03162020905923353,""score"":68.37979094076647},""L4_volume_zscore"":{""value"":-0.4425147948734504,""score"":100.0},""_score"":85.07},""pattern_structure"":{""left_low"":53.35,""left_idx"":56,""right_low"":55.815,""right_idx"":74,""separation_bars"":18,""structural_low"":53.35,""current_price"":57.25,""neckline_distance_pct"":0.04663755458515287,""base_bars"":18},""pattern_geometry_features"":{""low_similarity_pct"":0.0451609948243484,""bounce_pct"":0.12314901593252109,""right_bottom_reaction"":0.8247734138972816,""atr_pct"":0.04747374315579892},""_schema_version"":""1.0""}",,,,,,,,,,
20260520T193044Z-73e07b,2026-05-20T19:30:44.960382+00:00,WK,double_bottom,forming,50.36,5.0,66.0,42.2,57.1,38.3,36.3,78.7,84.0,82.2,0.75,16.49,3.38,7.99,4.98,2.9,4.72,5.04,4.11,False,,48.33,52.5,46.0192,58.28,"{""trend"":{""T1_ema_stack"":{""value"":[false,false,false],""score"":0.0},""T2_ema50_slope"":{""value"":-0.6521168845511077,""score"":0},""T3_high_proximity"":{""value"":0.744684129429892,""score"":0},""T4_rs_1m"":{""value"":-0.1921254036694432,""score"":0},""T5_rs_3m"":{""value"":-0.26634303400976056,""score"":0},""T6_adr_healthy"":{""value"":5.2575224239560665,""score"":100.0},""_score"":5.0},""geometry"":{""sub_low_similarity"":78.7,""sub_bounce_quality"":100,""sub_separation_fit"":53.3,""sub_right_bottom_reaction"":55.7,""sub_base_context"":30.0,""_score"":65.96},""compression"":{""VC1_atr_ratio"":{""value"":0.6883684614460144,""score"":77.9078846384964},""VC2_range_contraction"":{""value"":1.3251792970995435,""score"":0},""VC3_range_pct_rank"":{""score"":44.166666666666664},""_score"":42.2},""sr_quality"":{""SR1_touches"":{""value"":3,""score"":50.0},""SR2_tightness"":{""value"":0.42297228698291517,""score"":73.22954157780278},""SR3_recency"":{""value"":238,""score"":0.0},""SR4_price_location"":{""score"":69.41448782659992},""SR5_reaction"":{""value"":1.8322826227003226,""score"":91.61413113501612},""_score"":57.08,""_levels_found"":7,""_target_level"":51.5517},""volume"":{""V1_rvol_day"":{""value"":0.2942618773760577,""score"":0},""V2_rvol_sameslot"":{""value"":0.8360832255626626,""score"":22.405548370844173,""status"":""ok""},""V3_breakout_bar"":{""value"":2.7898878889821885,""score"":100},""V4_base_dryup"":{""value"":1.057566378103362,""score"":44.243362189663806},""V5_bo_expansion"":{""value"":0.2942618773760577,""score"":0},""_score"":38.33},""readiness"":{""_distance_atr"":1.32,""BR1_atr_distance"":{""score"":12.025117597462867},""BR2_compression"":{""score"":55.96268697926209},""BR3_retest"":{""score"":50.0},""BR4_bo_age"":{""score"":50.0},""_score"":36.3},""risk"":{""R1_stop_clarity"":{""score"":55.645469361368285},""R2_stop_distance_pct"":{""value"":4.781295261742191,""score"":100.0},""R3_stop_distance_atr"":{""value"":0.7312674757402258,""score"":61.56337378701129},""R4_rr_potential"":{""value"":4.305868097628528,""score"":100.0},""_score"":78.71},""market"":{""M1_spy_regime"":{""score"":100.0},""M3_earnings_risk"":{""value"":null,""score"":80.0},""M4_vix"":{""value"":null,""score"":60.0},""_score"":84.0},""liquidity"":{""L1_price"":{""value"":48.33,""score"":100.0},""L2_dollar_vol"":{""value"":20249682.225038998,""score"":65.32091061458397},""L3_spread_proxy"":{""value"":0.039726877715704566,""score"":60.27312228429543},""L4_volume_zscore"":{""value"":-1.6143452028097462,""score"":100.0},""_score"":82.16},""pattern_structure"":{""left_low"":46.72,""left_idx"":37,""right_low"":47.22,""right_idx"":74,""separation_bars"":37,""structural_low"":46.72,""current_price"":48.24,""neckline_distance_pct"":0.08830845771144274,""base_bars"":37},""pattern_geometry_features"":{""low_similarity_pct"":0.010645092612305727,""bounce_pct"":0.12371575342465756,""right_bottom_reaction"":0.5572916666666663,""atr_pct"":0.06538367178031981},""_schema_version"":""1.0""}",,,,,,,,,,
20260520T193044Z-73e07b,2026-05-20T19:30:44.960382+00:00,GDYN,vcp,absent,50.31,69.0,40.4,40.6,56.9,27.6,57.0,38.1,84.0,72.6,10.35,10.1,4.87,6.83,3.59,3.99,1.91,5.04,3.63,False,,7.065,7.075,5.9543,7.775,"{""trend"":{""T1_ema_stack"":{""value"":[true,true,false],""score"":66.66666666666666},""T2_ema50_slope"":{""value"":0.047948922068314526,""score"":57.99148701138576},""T3_high_proximity"":{""value"":0.9812500000000001,""score"":90.62500000000001},""T4_rs_1m"":{""value"":0.14567373892412094,""score"":100},""T5_rs_3m"":{""value"":-0.07117197579391088,""score"":14.414012103044563},""T6_adr_healthy"":{""value"":7.08671797941181,""score"":100.0},""_score"":69.02},""geometry"":{""sub_contraction_count"":100.0,""sub_reduction_rate"":0,""sub_pivot_tightness"":0,""sub_volume_dryup"":0,""sub_base_depth"":53.8,""sub_base_duration"":100.0,""_score"":40.38},""compression"":{""VC1_atr_ratio"":{""value"":0.586562182023569,""score"":100},""VC2_range_contraction"":{""value"":1.1787041718695455,""score"":0},""VC3_range_pct_rank"":{""score"":2.500000000000002},""_score"":40.62},""sr_quality"":{""SR1_touches"":{""value"":2,""score"":25.0},""SR2_tightness"":{""value"":0.0674999999999999,""score"":74.70353615118992},""SR3_recency"":{""value"":233,""score"":0.0},""SR4_price_location"":{""score"":92.91158536585368},""SR5_reaction"":{""value"":1.9956099258505762,""score"":99.78049629252881},""_score"":56.9,""_levels_found"":5,""_target_level"":7.1425},""volume"":{""V1_rvol_day"":{""value"":0.8322986419233903,""score"":22.153242794892687},""V2_rvol_sameslot"":{""value"":1.038172991954106,""score"":35.87819946360707,""status"":""ok""},""V3_breakout_bar"":{""value"":1.1321852170902018,""score"":42.145681139346785},""V4_base_dryup"":{""value"":1.2247890066091114,""score"":27.521099339088863},""V5_bo_expansion"":{""value"":0.8322986419233903,""score"":0},""_score"":27.65},""readiness"":{""_distance_atr"":0.019,""BR1_atr_distance"":{""score"":98.75079190870076},""BR2_compression"":{""score"":0},""BR3_retest"":{""score"":50.0},""BR4_bo_age"":{""score"":50.0},""_score"":57.0},""risk"":{""R1_stop_clarity"":{""score"":66.01841689643172},""R2_stop_distance_pct"":{""value"":15.720806794055209,""score"":0.0},""R3_stop_distance_atr"":{""value"":2.0811962952057184,""score"":100.0},""R4_rr_potential"":{""value"":0.6392509059805971,""score"":0.0},""_score"":38.11},""market"":{""M1_spy_regime"":{""score"":100.0},""M3_earnings_risk"":{""value"":null,""score"":80.0},""M4_vix"":{""value"":null,""score"":60.0},""_score"":84.0},""liquidity"":{""L1_price"":{""value"":7.065,""score"":98.5325},""L2_dollar_vol"":{""value"":14109659.746569406,""score"":57.47582704502045},""L3_spread_proxy"":{""value"":0.12951167728237792,""score"":0},""L4_volume_zscore"":{""value"":-0.21719972550157404,""score"":100.0},""_score"":72.62},""pattern_structure"":{""n_contractions"":5,""contractions_pct"":[18.75,6.8,14.3,12.92,14.56],""descending_strict"":false,""final_low"":6.045,""final_pivot"":7.075,""structural_low"":6.045,""dry_up_ratio"":1.4398091496940715,""current_price"":7.065,""neckline_distance_pct"":0.0014154281670204934,""base_bars"":43},""pattern_geometry_features"":{""contraction_count"":5.0,""first_contraction_pct"":0.1875463306152705,""last_contraction_pct"":0.14558303886925797,""dry_up_ratio"":1.4398091496940715,""near_monotone"":0.0,""base_depth_pct"":0.1037805782060786},""_schema_version"":""1.0""}",,,,,,,,,,
20260520T193044Z-73e07b,2026-05-20T19:30:44.960382+00:00,SRAD,high_tight_pullback,forming,50.23,5.0,53.7,82.1,46.0,33.0,48.2,73.8,84.0,84.3,0.6,18.78,8.21,3.68,4.62,4.34,0.74,5.04,4.22,False,,13.32,13.73,12.8641,15.44,"{""trend"":{""T1_ema_stack"":{""value"":[false,false,false],""score"":0.0},""T2_ema50_slope"":{""value"":-0.9681310434545071,""score"":0},""T3_high_proximity"":{""value"":0.6764855256475368,""score"":0},""T4_rs_1m"":{""value"":-0.26081001646055646,""score"":0},""T5_rs_3m"":{""value"":-0.3190149915896723,""score"":0},""T6_adr_healthy"":{""value"":6.249996140121463,""score"":100.0},""_score"":5.0},""geometry"":{""sub_pole_impulse"":43.8,""sub_flag_tightness"":45.0,""sub_flag_shallowness"":31.4,""sub_flag_drift"":100,""sub_flag_duration"":80.0,""_score"":53.67},""compression"":{""VC1_atr_ratio"":{""value"":0.27206603657050227,""score"":100},""VC2_range_contraction"":{""value"":0.5889061476717079,""score"":68.51564205471536},""VC3_range_pct_rank"":{""score"":72.5},""_score"":82.11},""sr_quality"":{""SR1_touches"":{""value"":2,""score"":25.0},""SR2_tightness"":{""value"":0.13004999999999978,""score"":62.23397635345371},""SR3_recency"":{""value"":233,""score"":0.0},""SR4_price_location"":{""score"":56.823088481666375},""SR5_reaction"":{""value"":4.602706907280647,""score"":100},""_score"":46.04,""_levels_found"":6,""_target_level"":14.5699},""volume"":{""V1_rvol_day"":{""value"":0.3846526842819955,""score"":0},""V2_rvol_sameslot"":{""value"":0.4796426362257267,""score"":0,""status"":""ok""},""V3_breakout_bar"":{""value"":1.28108089863609,""score"":52.072059909072664},""V4_base_dryup"":{""value"":0.33133110688799405,""score"":100},""V5_bo_expansion"":{""value"":0.3846526842819955,""score"":0},""_score"":33.02},""readiness"":{""_distance_atr"":0.595,""BR1_atr_distance"":{""score"":60.31252160685888},""BR2_compression"":{""score"":26.185713218932484},""BR3_retest"":{""score"":50.0},""BR4_bo_age"":{""score"":50.0},""_score"":48.17},""risk"":{""R1_stop_clarity"":{""score"":43.11138767890482},""R2_stop_distance_pct"":{""value"":3.4226726726726704,""score"":100.0},""R3_stop_distance_atr"":{""value"":0.6619580999792568,""score"":58.09790499896283},""R4_rr_potential"":{""value"":4.650142575126129,""score"":100.0},""_score"":73.8},""market"":{""M1_spy_regime"":{""score"":100.0},""M3_earnings_risk"":{""value"":null,""score"":80.0},""M4_vix"":{""value"":null,""score"":60.0},""_score"":84.0},""liquidity"":{""L1_price"":{""value"":13.32,""score"":100.0},""L2_dollar_vol"":{""value"":23406307.04769552,""score"":68.4666448938788},""L3_spread_proxy"":{""value"":0.03078078078078079,""score"":69.21921921921921},""L4_volume_zscore"":{""value"":-0.9842190707023731,""score"":100.0},""_score"":84.31},""pattern_structure"":{""pole_low"":12.02,""pole_low_idx"":24,""peak_price"":13.73,""peak_idx"":48,""pole_gain"":0.1422628951747089,""flag_bars"":11,""flag_low"":13.06,""flag_high"":13.705,""structural_low"":13.06,""current_price"":13.305,""neckline_distance_pct"":0.03194287861706131,""base_bars"":11},""pattern_geometry_features"":{""pole_gain"":0.1422628951747089,""pullback_pct"":0.04879825200291332,""flag_range_pct"":0.046977421704297126,""flag_drift_per_bar"":0.0003006388575723645,""atr_pct"":0.05170527670527672,""pole_atr_multiple"":2.7514192794212513},""_schema_version"":""1.0""}",,,,,,,,,,
20260520T193044Z-73e07b,2026-05-20T19:30:44.960382+00:00,ICE,double_bottom,absent,50.22,20.2,44.2,73.6,79.7,24.4,31.8,56.5,84.0,98.9,3.03,11.05,5.89,11.16,3.18,2.55,3.39,5.04,4.95,True,risk_unclear,152.34,158.9025,149.8382,165.685,"{""trend"":{""T1_ema_stack"":{""value"":[false,false,false],""score"":0.0},""T2_ema50_slope"":{""value"":-0.10212546674827684,""score"":32.97908887528719},""T3_high_proximity"":{""value"":0.9079206150545325,""score"":53.96030752726622},""T4_rs_1m"":{""value"":-0.0914359086194112,""score"":0},""T5_rs_3m"":{""value"":-0.09338689223367613,""score"":3.306553883161932},""T6_adr_healthy"":{""value"":2.330944887505885,""score"":100.0},""_score"":20.19},""geometry"":{""sub_low_similarity"":80.8,""sub_bounce_quality"":20.8,""sub_separation_fit"":0.0,""sub_right_bottom_reaction"":65.4,""sub_base_context"":30.0,""_score"":44.21},""compression"":{""VC1_atr_ratio"":{""value"":0.3961576585586394,""score"":100},""VC2_range_contraction"":{""value"":0.8066891223122887,""score"":32.218479614618545},""VC3_range_pct_rank"":{""score"":89.16666666666666},""_score"":73.57},""sr_quality"":{""SR1_touches"":{""value"":6,""score"":100},""SR2_tightness"":{""value"":0.5598620179710871,""score"":67.82956858179124},""SR3_recency"":{""value"":229,""score"":0.0},""SR4_price_location"":{""score"":98.16971211860036},""SR5_reaction"":{""value"":2.8819647953417995,""score"":100},""_score"":79.72,""_levels_found"":7,""_target_level"":152.5523},""volume"":{""V1_rvol_day"":{""value"":0.607399433382571,""score"":7.159962225504731},""V2_rvol_sameslot"":{""value"":0.7500849690129985,""score"":16.672331267533234,""status"":""ok""},""V3_breakout_bar"":{""value"":0.7631934973769333,""score"":17.546233158462222},""V4_base_dryup"":{""value"":0.7361864486976216,""score"":76.38135513023784},""V5_bo_expansion"":{""value"":0.6073994333825709,""score"":0},""_score"":24.43},""readiness"":{""_distance_atr"":1.885,""BR1_atr_distance"":{""score"":0},""BR2_compression"":{""score"":57.26786461317411},""BR3_retest"":{""score"":50.0},""BR4_bo_age"":{""score"":50.0},""_score"":31.82},""risk"":{""R1_stop_clarity"":{""score"":0},""R2_stop_distance_pct"":{""value"":1.6422476040435885,""score"":91.05619010108971},""R3_stop_distance_atr"":{""value"":0.7187841176808606,""score"":60.93920588404303},""R4_rr_potential"":{""value"":5.334159405228229,""score"":100.0},""_score"":56.46},""market"":{""M1_spy_regime"":{""score"":100.0},""M3_earnings_risk"":{""value"":null,""score"":80.0},""M4_vix"":{""value"":null,""score"":60.0},""_score"":84.0},""liquidity"":{""L1_price"":{""value"":152.34,""score"":100.0},""L2_dollar_vol"":{""value"":286943806.4868039,""score"":100.0},""L3_spread_proxy"":{""value"":0.01063410791650259,""score"":89.36589208349741},""L4_volume_zscore"":{""value"":-1.3135606074551864,""score"":100.0},""_score"":98.94},""pattern_structure"":{""left_low"":153.59,""left_idx"":26,""right_low"":152.12,""right_idx"":74,""separation_bars"":48,""structural_low"":152.12,""current_price"":152.41,""neckline_distance_pct"":0.04259891083262258,""base_bars"":48},""pattern_geometry_features"":{""low_similarity_pct"":0.009616957247064203,""bounce_pct"":0.04458651064948724,""right_bottom_reaction"":0.6543209876543206,""atr_pct"":0.022847577786530127},""_schema_version"":""1.0""}",,,,,,,,,,
20260520T193044Z-73e07b,2026-05-20T19:30:44.960382+00:00,EXE,bull_flag,forming,49.87,32.5,57.9,55.0,41.7,28.9,34.4,60.5,84.0,97.2,4.55,17.36,4.95,4.17,4.05,3.09,1.81,5.04,4.86,True,risk_unclear,98.8,100.8845,96.6482,107.299,"{""trend"":{""T1_ema_stack"":{""value"":[true,false,false],""score"":33.33333333333333},""T2_ema50_slope"":{""value"":-0.1553098286391872,""score"":24.115028560135464},""T3_high_proximity"":{""value"":0.8672752808988764,""score"":33.63764044943818},""T4_rs_1m"":{""value"":-0.0036192372291083963,""score"":46.38076277089161},""T5_rs_3m"":{""value"":-0.13052941812675734,""score"":0},""T6_adr_healthy"":{""value"":2.3894241919500874,""score"":100.0},""_score"":32.48},""geometry"":{""sub_pole_impulse"":44.8,""sub_flag_tightness"":63.7,""sub_flag_shallowness"":19.3,""sub_flag_drift"":97.5,""sub_flag_duration"":100.0,""_score"":57.85},""compression"":{""VC1_atr_ratio"":{""value"":0.3913010461675463,""score"":100},""VC2_range_contraction"":{""value"":0.932782815805419,""score"":11.202864032430169},""VC3_range_pct_rank"":{""score"":44.166666666666664},""_score"":54.96},""sr_quality"":{""SR1_touches"":{""value"":3,""score"":50.0},""SR2_tightness"":{""value"":0.3968696959400577,""score"":66.97656906462839},""SR3_recency"":{""value"":238,""score"":0.0},""SR4_price_location"":{""score"":6.4633742127942195},""SR5_reaction"":{""value"":3.3810897902618806,""score"":100},""_score"":41.66,""_levels_found"":6,""_target_level"":103.5033},""volume"":{""V1_rvol_day"":{""value"":0.9472500551051231,""score"":29.81667034034154},""V2_rvol_sameslot"":{""value"":1.0561585249184267,""score"":37.07723499456178,""status"":""ok""},""V3_breakout_bar"":{""value"":0.8426678235006014,""score"":22.844521566706764},""V4_base_dryup"":{""value"":1.007260136831991,""score"":49.27398631680091},""V5_bo_expansion"":{""value"":0.9472500551051231,""score"":0},""_score"":28.94},""readiness"":{""_distance_atr"":0.867,""BR1_atr_distance"":{""score"":42.18308722066521},""BR2_compression"":{""score"":0},""BR3_retest"":{""score"":50.0},""BR4_bo_age"":{""score"":50.0},""_score"":34.37},""risk"":{""R1_stop_clarity"":{""score"":0},""R2_stop_distance_pct"":{""value"":2.177935222672059,""score"":100.0},""R3_stop_distance_atr"":{""value"":0.8952537748997741,""score"":69.7626887449887},""R4_rr_potential"":{""value"":3.949716516404885,""score"":100.0},""_score"":60.46},""market"":{""M1_spy_regime"":{""score"":100.0},""M3_earnings_risk"":{""value"":null,""score"":80.0},""M4_vix"":{""value"":null,""score"":60.0},""_score"":84.0},""liquidity"":{""L1_price"":{""value"":98.8,""score"":100.0},""L2_dollar_vol"":{""value"":255468131.4874572,""score"":100.0},""L3_spread_proxy"":{""value"":0.027980769230769212,""score"":72.01923076923079},""L4_volume_zscore"":{""value"":-0.1908785190191915,""score"":100.0},""_score"":97.2},""pattern_structure"":{""pole_low"":94.47,""pole_low_idx"":30,""peak_price"":100.8845,""peak_idx"":54,""pole_gain"":0.06789986239017681,""flag_bars"":5,""flag_low"":98.12,""flag_high"":99.61,""structural_low"":98.12,""current_price"":98.81,""neckline_distance_pct"":0.02099483857909119,""base_bars"":5},""pattern_geometry_features"":{""pole_gain"":0.06789986239017681,""pullback_pct"":0.027402623792554835,""flag_range_pct"":0.014769364966868,""flag_drift_per_bar"":-0.000496710859224895,""atr_pct"":0.024327573742047436,""pole_atr_multiple"":2.791065936543423},""_schema_version"":""1.0""}",,,,,,,,,,
20260520T193044Z-73e07b,2026-05-20T19:30:44.960382+00:00,KVYO,breakout_retest_hold,setup,49.81,5.0,56.7,62.1,52.4,1.5,84.1,65.2,84.0,93.5,0.7,12.47,3.72,7.33,0.19,15.13,3.26,4.2,2.8,False,,15.005,14.58,14.3847,14.68,"{""trend"":{""T1_ema_stack"":{""value"":[false,false,false],""score"":0.0},""T2_ema50_slope"":{""value"":-0.5066528549384726,""score"":0},""T3_high_proximity"":{""value"":0.6431633090441492,""score"":0},""T4_rs_1m"":{""value"":-0.31298526682573924,""score"":0},""T5_rs_3m"":{""value"":-0.25472408125879775,""score"":0},""T6_adr_healthy"":{""value"":5.964821325897072,""score"":100.0},""_score"":5.0},""geometry"":{""sub_retest_depth"":83.0,""sub_retest_timing"":0.0,""sub_retest_freshness"":100.0,""sub_hold_quality"":39.2,""_score"":56.66},""compression"":{""VC1_atr_ratio"":{""value"":0.2630027096045881,""score"":100},""VC2_range_contraction"":{""value"":0.9538208844028587,""score"":7.696519266190213},""VC3_range_pct_rank"":{""score"":77.5},""_score"":62.07},""sr_quality"":{""SR1_touches"":{""value"":2,""score"":25.0},""SR2_tightness"":{""value"":0.3200000000000012,""score"":59.225094769799114},""SR3_recency"":{""value"":251,""score"":0.0},""SR4_price_location"":{""score"":83.84931488147517},""SR5_reaction"":{""value"":2.3111088862898925,""score"":100},""_score"":52.35,""_levels_found"":8,""_target_level"":15.85},""volume"":{""V1_rvol_day"":{""value"":0.6116030777965644,""score"":7.440205186437628},""V2_rvol_sameslot"":{""value"":0.3754286661002896,""score"":0,""status"":""ok""},""V3_breakout_bar"":{""value"":0.4434455886543348,""score"":0},""V4_base_dryup"":{""value"":1.7208837295822985,""score"":0},""V5_bo_expansion"":{""value"":0.6116030777965643,""score"":0},""_score"":1.49},""readiness"":{""_distance_atr"":-0.271,""BR1_atr_distance"":{""score"":100.0},""BR2_compression"":{""score"":79.50203817967181},""BR3_retest"":{""score"":98.40723026444526},""BR4_bo_age"":{""score"":30.0},""_score"":84.06},""risk"":{""R1_stop_clarity"":{""score"":81.4856445939119},""R2_stop_distance_pct"":{""value"":4.133955348217275,""score"":100.0},""R3_stop_distance_atr"":{""value"":0.39519802678583754,""score"":44.75990133929187},""R4_rr_potential"":{""value"":-0.5239400290182141,""score"":0.0},""_score"":65.23},""market"":{""M1_spy_regime"":{""score"":100.0},""M3_earnings_risk"":{""value"":null,""score"":80.0},""M4_vix"":{""value"":null,""score"":60.0},""_score"":84.0},""liquidity"":{""L1_price"":{""value"":15.005,""score"":100.0},""L2_dollar_vol"":{""value"":72357314.0263529,""score"":92.97412185273868},""L3_spread_proxy"":{""value"":0.03732089303565481,""score"":62.67910696434519},""L4_volume_zscore"":{""value"":-0.6497789122296422,""score"":100.0},""_score"":93.46},""pattern_structure"":{""level"":14.58,""level_idx"":48,""breakout_idx"":58,""bo_peak_idx"":68,""bo_peak_price"":15.45,""retest_idx"":74,""retest_low"":14.53,""structural_low"":14.53,""current_price"":14.99,""neckline_distance_pct"":-0.02735156771180788,""base_bars"":31,""bars_since_breakout"":21},""pattern_geometry_features"":{""retest_depth_atr"":0.18125323666494303,""bars_breakout_to_retest"":16.0,""bars_since_retest"":5.0,""current_above_level_atr"":1.4862765406525122,""bo_peak_excess_pct"":0.05967078189300406,""atr_pct"":0.10460465559099347},""_schema_version"":""1.0""}",,,,,,,,,,
20260520T193044Z-73e07b,2026-05-20T19:30:44.960382+00:00,HQY,ascending_triangle,setup,49.79,60.0,36.9,55.4,43.5,46.1,36.9,45.5,84.0,91.5,9.0,10.34,4.43,6.1,5.54,2.95,1.82,5.04,4.58,True,risk_unclear,86.38,84.9699,79.7456,88.9798,"{""trend"":{""T1_ema_stack"":{""value"":[true,true,false],""score"":66.66666666666666},""T2_ema50_slope"":{""value"":0.007862362778095197,""score"":51.3103937963492},""T3_high_proximity"":{""value"":1.0,""score"":99.99999999999997},""T4_rs_1m"":{""value"":-0.027110104090134035,""score"":22.889895909865963},""T5_rs_3m"":{""value"":0.013179546374820328,""score"":56.58977318741017},""T6_adr_healthy"":{""value"":3.5651719725501443,""score"":100.0},""_score"":60.0},""geometry"":{""sub_flat_top_quality"":33.3,""sub_hl_slope"":39.8,""sub_compression"":0,""sub_duration"":100.0,""_score"":36.93},""compression"":{""VC1_atr_ratio"":{""value"":0.4463937621832362,""score"":100},""VC2_range_contraction"":{""value"":0.8433639072563229,""score"":26.106015457279515},""VC3_range_pct_rank"":{""score"":25.0},""_score"":55.39},""sr_quality"":{""SR1_touches"":{""value"":2,""score"":25.0},""SR2_tightness"":{""value"":0.41449999999999676,""score"":66.34322601599636},""SR3_recency"":{""value"":245,""score"":0.0},""SR4_price_location"":{""score"":44.376646789626726},""SR5_reaction"":{""value"":4.539198570906581,""score"":100},""_score"":43.55,""_levels_found"":8,""_target_level"":88.3855},""volume"":{""V1_rvol_day"":{""value"":0.7881251940103977,""score"":19.208346267359847},""V2_rvol_sameslot"":{""value"":1.7379684284727266,""score"":82.53122856484843,""status"":""ok""},""V3_breakout_bar"":{""value"":1.3828888474529777,""score"":58.85925649686518},""V4_base_dryup"":{""value"":0.9460461479374287,""score"":55.39538520625713},""V5_bo_expansion"":{""value"":0.7881251940103979,""score"":0},""_score"":46.14},""readiness"":{""_distance_atr"":-0.572,""BR1_atr_distance"":{""score"":48.550200966262025},""BR2_compression"":{""score"":0},""BR3_retest"":{""score"":50.0},""BR4_bo_age"":{""score"":50.0},""_score"":36.92},""risk"":{""R1_stop_clarity"":{""score"":1.3925540984939744},""R2_stop_distance_pct"":{""value"":7.680481592961333,""score"":100.0},""R3_stop_distance_atr"":{""value"":2.693516300596808,""score"":100.0},""R4_rr_potential"":{""value"":0.3918666345110337,""score"":0.0},""_score"":45.49},""market"":{""M1_spy_regime"":{""score"":100.0},""M3_earnings_risk"":{""value"":null,""score"":80.0},""M4_vix"":{""value"":null,""score"":60.0},""_score"":84.0},""liquidity"":{""L1_price"":{""value"":86.38,""score"":100.0},""L2_dollar_vol"":{""value"":59919289.921977915,""score"":88.87833290413494},""L3_spread_proxy"":{""value"":0.04040287103496174,""score"":59.59712896503826},""L4_volume_zscore"":{""value"":-0.7536397881442105,""score"":100.0},""_score"":91.51},""pattern_structure"":{""top"":84.9699,""top_touches"":2,""low_slope_per_bar"":0.0967488683127567,""lowest_low"":80.96,""structural_low"":80.96,""current_price"":86.5,""neckline_distance_pct"":-0.017689017341040513,""base_bars"":29},""pattern_geometry_features"":{""top_touches"":2.0,""low_slope"":0.0967488683127567,""compression"":-0.13448721235186456,""atr_pct"":0.028514702477425335},""_schema_version"":""1.0""}",,,,,,,,,,
20260520T193044Z-73e07b,2026-05-20T19:30:44.960382+00:00,TMC,double_bottom,forming,49.77,15.6,53.3,66.1,48.8,28.4,66.7,64.8,84.0,80.8,2.34,13.33,5.29,6.83,3.69,5.33,3.89,5.04,4.04,False,,5.06,5.14,4.7674,5.44,"{""trend"":{""T1_ema_stack"":{""value"":[false,false,false],""score"":0.0},""T2_ema50_slope"":{""value"":0.017473023183138467,""score"":52.91217053052308},""T3_high_proximity"":{""value"":0.7666666666666666,""score"":0},""T4_rs_1m"":{""value"":-0.10421834512336214,""score"":0},""T5_rs_3m"":{""value"":-0.2441532451569557,""score"":0},""T6_adr_healthy"":{""value"":6.946915612320229,""score"":100.0},""_score"":15.58},""geometry"":{""sub_low_similarity"":63.2,""sub_bounce_quality"":45.7,""sub_separation_fit"":73.3,""sub_right_bottom_reaction"":54.8,""sub_base_context"":30.0,""_score"":53.31},""compression"":{""VC1_atr_ratio"":{""value"":0.36804883158651713,""score"":100},""VC2_range_contraction"":{""value"":0.9530927609036054,""score"":7.817873182732435},""VC3_range_pct_rank"":{""score"":93.33333333333333},""_score"":66.07},""sr_quality"":{""SR1_touches"":{""value"":3,""score"":50.0},""SR2_tightness"":{""value"":0.03681787005729081,""score"":82.4072432232475},""SR3_recency"":{""value"":276,""score"":0.0},""SR4_price_location"":{""score"":25.59241706161134},""SR5_reaction"":{""value"":2.297575571407443,""score"":100},""_score"":48.76,""_levels_found"":6,""_target_level"":5.5833},""volume"":{""V1_rvol_day"":{""value"":0.6697918066097328,""score"":11.319453773982186},""V2_rvol_sameslot"":{""value"":0.8288841026225486,""score"":21.925606841503242,""status"":""ok""},""V3_breakout_bar"":{""value"":0.8617097005370847,""score"":24.11398003580565},""V4_base_dryup"":{""value"":0.7130050410346077,""score"":78.69949589653923},""V5_bo_expansion"":{""value"":0.6697918066097328,""score"":0},""_score"":28.42},""readiness"":{""_distance_atr"":0.191,""BR1_atr_distance"":{""score"":87.25781312217708},""BR2_compression"":{""score"":57.06069836830393},""BR3_retest"":{""score"":50.0},""BR4_bo_age"":{""score"":50.0},""_score"":66.67},""risk"":{""R1_stop_clarity"":{""score"":65.30939622512693},""R2_stop_distance_pct"":{""value"":5.782608695652178,""score"":100.0},""R3_stop_distance_atr"":{""value"":0.6990682275845597,""score"":59.95341137922799},""R4_rr_potential"":{""value"":1.2987012987012976,""score"":14.93506493506488},""_score"":64.84},""market"":{""M1_spy_regime"":{""score"":100.0},""M3_earnings_risk"":{""value"":null,""score"":80.0},""M4_vix"":{""value"":null,""score"":60.0},""_score"":84.0},""liquidity"":{""L1_price"":{""value"":5.06,""score"":97.53},""L2_dollar_vol"":{""value"":18877032.02584716,""score"":63.79668563125307},""L3_spread_proxy"":{""value"":0.04150197628458498,""score"":58.49802371541502},""L4_volume_zscore"":{""value"":-0.7594375254853256,""score"":100.0},""_score"":80.75},""pattern_structure"":{""left_low"":4.84,""left_idx"":68,""right_low"":4.93,""right_idx"":74,""separation_bars"":6,""structural_low"":4.84,""current_price"":5.065,""neckline_distance_pct"":0.014807502467916936,""base_bars"":6},""pattern_geometry_features"":{""low_similarity_pct"":0.01842374616171952,""bounce_pct"":0.06198347107438013,""right_bottom_reaction"":0.5476190476190488,""atr_pct"":0.08271880293619424},""_schema_version"":""1.0""}",,,,,,,,,,
20260520T193044Z-73e07b,2026-05-20T19:30:44.960382+00:00,AMPL,breakout_retest_hold,setup,49.77,7.8,62.4,48.8,39.7,13.8,83.1,65.1,84.0,75.3,1.1,13.73,2.92,5.56,1.8,14.95,3.26,4.2,2.26,False,,6.48,6.275,6.1627,6.375,"{""trend"":{""T1_ema_stack"":{""value"":[false,false,false],""score"":0.0},""T2_ema50_slope"":{""value"":-0.22809644434460843,""score"":11.983925942565257},""T3_high_proximity"":{""value"":0.8059701492537314,""score"":2.9850746268657025},""T4_rs_1m"":{""value"":-0.12606960248023735,""score"":0},""T5_rs_3m"":{""value"":-0.17687365656692267,""score"":0},""T6_adr_healthy"":{""value"":5.934457194698771,""score"":100.0},""_score"":7.84},""geometry"":{""sub_retest_depth"":100.0,""sub_retest_timing"":0.0,""sub_retest_freshness"":100.0,""sub_hold_quality"":41.3,""_score"":62.39},""compression"":{""VC1_atr_ratio"":{""value"":0.39442972422401734,""score"":100},""VC2_range_contraction"":{""value"":1.2669303418142583,""score"":0},""VC3_range_pct_rank"":{""score"":35.0},""_score"":48.75},""sr_quality"":{""SR1_touches"":{""value"":2,""score"":25.0},""SR2_tightness"":{""value"":0.0,""score"":100},""SR3_recency"":{""value"":254,""score"":0.0},""SR4_price_location"":{""score"":8.800000000000097},""SR5_reaction"":{""value"":2.162944420542105,""score"":100},""_score"":39.7,""_levels_found"":6,""_target_level"":7.05},""volume"":{""V1_rvol_day"":{""value"":0.7330643101737178,""score"":15.537620678247851},""V2_rvol_sameslot"":{""value"":0.7995148571220325,""score"":19.967657141468834,""status"":""ok""},""V3_breakout_bar"":{""value"":0.7906176267297569,""score"":19.37450844865046},""V4_base_dryup"":{""value"":1.4066344467182545,""score"":9.33655532817454},""V5_bo_expansion"":{""value"":0.7330643101737178,""score"":0},""_score"":13.81},""readiness"":{""_distance_atr"":-0.374,""BR1_atr_distance"":{""score"":100.0},""BR2_compression"":{""score"":77.93107735782472},""BR3_retest"":{""score"":95.43682611699971},""BR4_bo_age"":{""score"":30.0},""_score"":83.07},""risk"":{""R1_stop_clarity"":{""score"":77.275394062659},""R2_stop_distance_pct"":{""value"":4.89583333333334,""score"":100.0},""R3_stop_distance_atr"":{""value"":0.579066765752729,""score"":53.95333828763644},""R4_rr_potential"":{""value"":-0.33096926713947517,""score"":0.0},""_score"":65.14},""market"":{""M1_spy_regime"":{""score"":100.0},""M3_earnings_risk"":{""value"":null,""score"":80.0},""M4_vix"":{""value"":null,""score"":60.0},""_score"":84.0},""liquidity"":{""L1_price"":{""value"":6.48,""score"":98.24000000000001},""L2_dollar_vol"":{""value"":11941722.510006242,""score"":53.85334876276522},""L3_spread_proxy"":{""value"":0.0578858024691359,""score"":42.114197530864104},""L4_volume_zscore"":{""value"":-0.413620204747054,""score"":100.0},""_score"":75.31},""pattern_structure"":{""level"":6.275,""level_idx"":52,""breakout_idx"":57,""bo_peak_idx"":68,""bo_peak_price"":6.655,""retest_idx"":74,""retest_low"":6.225,""structural_low"":6.225,""current_price"":6.465,""neckline_distance_pct"":-0.02938901778808964,""base_bars"":27,""bars_since_breakout"":22},""pattern_geometry_features"":{""retest_depth_atr"":0.3866976024748702,""bars_breakout_to_retest"":17.0,""bars_since_retest"":5.0,""current_above_level_atr"":1.4694508894044818,""bo_peak_excess_pct"":0.06055776892430277,""atr_pct"":0.08454695767195766},""_schema_version"":""1.0""}",,,,,,,,,,
20260520T193044Z-73e07b,2026-05-20T19:30:44.960382+00:00,IE,base_on_base,forming,49.62,19.3,65.2,43.1,76.9,20.3,28.8,63.5,84.0,81.1,3.47,16.3,4.31,7.69,2.43,2.31,3.18,5.88,4.06,False,,12.03,15.2967,11.9776,16.4367,"{""trend"":{""T1_ema_stack"":{""value"":[false,false,true],""score"":33.33333333333333},""T2_ema50_slope"":{""value"":-0.1214143439168924,""score"":29.764276013851266},""T3_high_proximity"":{""value"":0.6998254799301918,""score"":0},""T4_rs_1m"":{""value"":-0.21520530683151906,""score"":0},""T5_rs_3m"":{""value"":-0.29869846452781657,""score"":0},""T6_adr_healthy"":{""value"":6.286168511490928,""score"":100.0},""_score"":19.29},""geometry"":{""sub_shallower_second"":0,""sub_second_base_depth"":74.9,""sub_rim_advance"":100,""sub_dry_up"":100,""sub_second_base_duration"":68.0,""_score"":65.18},""compression"":{""VC1_atr_ratio"":{""value"":0.7249814938934457,""score"":68.75462652663857},""VC2_range_contraction"":{""value"":1.1592973181106618,""score"":0},""VC3_range_pct_rank"":{""score"":62.5},""_score"":43.13},""sr_quality"":{""SR1_touches"":{""value"":5,""score"":100},""SR2_tightness"":{""value"":0.19679522351927137,""score"":57.10419627938066},""SR3_recency"":{""value"":239,""score"":0.0},""SR4_price_location"":{""score"":93.30717672061465},""SR5_reaction"":{""value"":2.1342706119557517,""score"":100},""_score"":76.89,""_levels_found"":5,""_target_level"":12.2347},""volume"":{""V1_rvol_day"":{""value"":0.895563295729025,""score"":26.370886381935005},""V2_rvol_sameslot"":{""value"":0.6930222016993005,""score"":12.868146779953369,""status"":""ok""},""V3_breakout_bar"":{""value"":0.6788393822614222,""score"":11.92262548409481},""V4_base_dryup"":{""value"":1.0267956021149363,""score"":47.32043978850638},""V5_bo_expansion"":{""value"":0.8955632957290249,""score"":0},""_score"":20.29},""readiness"":{""_distance_atr"":3.56,""BR1_atr_distance"":{""score"":0},""BR2_compression"":{""score"":45.2636697775492},""BR3_retest"":{""score"":50.0},""BR4_bo_age"":{""score"":50.0},""_score"":28.82},""risk"":{""R1_stop_clarity"":{""score"":60.24194866764766},""R2_stop_distance_pct"":{""value"":0.4355777223607537,""score"":60.889443059018845},""R3_stop_distance_atr"":{""value"":0.057108604435724124,""score"":27.855430221786204},""R4_rr_potential"":{""value"":84.097328244277,""score"":100.0},""_score"":63.53},""market"":{""M1_spy_regime"":{""score"":100.0},""M3_earnings_risk"":{""value"":null,""score"":80.0},""M4_vix"":{""value"":null,""score"":60.0},""_score"":84.0},""liquidity"":{""L1_price"":{""value"":12.03,""score"":100.0},""L2_dollar_vol"":{""value"":20698871.93868243,""score"":65.79733388116722},""L3_spread_proxy"":{""value"":0.051953449709060684,""score"":48.046550290939315},""L4_volume_zscore"":{""value"":-0.3618374815270669,""score"":100.0},""_score"":81.12},""pattern_structure"":{""first_base_low"":10.78,""first_base_top"":11.92,""first_base_bars"":20,""second_base_low"":12.16,""second_base_top"":15.2967,""second_base_bars"":17,""structural_low"":12.16,""stacking_overlap_pct"":-0.020134228187919483,""current_price"":12.03,""neckline_distance_pct"":0.27154613466334165,""base_bars"":17},""pattern_geometry_features"":{""first_base_depth_pct"":0.09563758389261749,""second_base_depth_pct"":0.20505729994051,""second_dry_up_ratio"":0.3975986347054073,""rim_advance_pct"":0.2832802013422818,""atr_pct"":0.07627182044887781},""_schema_version"":""1.0""}",,,,,,,,,,
20260520T193044Z-73e07b,2026-05-20T19:30:44.960382+00:00,ZS,vcp,breakout_confirmed,49.57,67.8,50.8,53.3,29.8,18.1,40.6,33.5,84.0,96.1,10.17,12.71,6.4,3.57,2.36,2.84,1.67,5.04,4.81,False,,174.04,153.46,140.8845,176.73,"{""trend"":{""T1_ema_stack"":{""value"":[true,true,false],""score"":66.66666666666666},""T2_ema50_slope"":{""value"":-0.058907763172488956,""score"":40.18203947125184},""T3_high_proximity"":{""value"":0.993095577746077,""score"":96.5477888730385},""T4_rs_1m"":{""value"":0.1948316837559101,""score"":100},""T5_rs_3m"":{""value"":-0.05201816447307972,""score"":23.99091776346014},""T6_adr_healthy"":{""value"":4.790668508494779,""score"":100.0},""_score"":67.78},""geometry"":{""sub_contraction_count"":100.0,""sub_reduction_rate"":0,""sub_pivot_tightness"":45.7,""sub_volume_dryup"":0,""sub_base_depth"":89.9,""sub_base_duration"":100.0,""_score"":50.84},""compression"":{""VC1_atr_ratio"":{""value"":0.5286066418715643,""score"":100},""VC2_range_contraction"":{""value"":1.1714862743822656,""score"":0},""VC3_range_pct_rank"":{""score"":53.333333333333336},""_score"":53.33},""sr_quality"":{""SR1_touches"":{""value"":2,""score"":25.0},""SR2_tightness"":{""value"":2.2250000000000085,""score"":50.982474857864716},""SR3_recency"":{""value"":311,""score"":0.0},""SR4_price_location"":{""score"":15.795060594700002},""SR5_reaction"":{""value"":1.421568812579958,""score"":71.0784406289979},""_score"":29.76,""_levels_found"":7,""_target_level"":224.015},""volume"":{""V1_rvol_day"":{""value"":0.6140066721061087,""score"":7.600444807073914},""V2_rvol_sameslot"":{""value"":0.8496845525587944,""score"":23.312303503919626,""status"":""ok""},""V3_breakout_bar"":{""value"":0.6862608041195645,""score"":12.417386941304297},""V4_base_dryup"":{""value"":1.0578432171447363,""score"":44.21567828552637},""V5_bo_expansion"":{""value"":0.6140066721061087,""score"":0},""_score"":18.13},""readiness"":{""_distance_atr"":-2.267,""BR1_atr_distance"":{""score"":14.661543037072377},""BR2_compression"":{""score"":68.91364071364383},""BR3_retest"":{""score"":50.0},""BR4_bo_age"":{""score"":50.0},""_score"":40.59},""risk"":{""R1_stop_clarity"":{""score"":52.73498907137334},""R2_stop_distance_pct"":{""value"":19.050476901861643,""score"":0.0},""R3_stop_distance_atr"":{""value"":3.6521305707276484,""score"":100.0},""R4_rr_potential"":{""value"":0.08113296607345176,""score"":0.0},""_score"":33.46},""market"":{""M1_spy_regime"":{""score"":100.0},""M3_earnings_risk"":{""value"":null,""score"":80.0},""M4_vix"":{""value"":null,""score"":60.0},""_score"":84.0},""liquidity"":{""L1_price"":{""value"":174.04,""score"":100.0},""L2_dollar_vol"":{""value"":319227903.098372,""score"":100.0},""L3_spread_proxy"":{""value"":0.038841645598712886,""score"":61.15835440128711},""L4_volume_zscore"":{""value"":-0.9591121925565625,""score"":100.0},""_score"":96.12},""pattern_structure"":{""n_contractions"":5,""contractions_pct"":[9.6,20.94,23.84,9.93,6.8],""descending_strict"":false,""final_low"":143.03,""final_pivot"":153.46,""structural_low"":143.03,""dry_up_ratio"":1.263756347041207,""current_price"":174.04,""neckline_distance_pct"":-0.11824867846472067,""base_bars"":46},""pattern_geometry_features"":{""contraction_count"":5.0,""first_contraction_pct"":0.09603126879134094,""last_contraction_pct"":0.06796559364003653,""dry_up_ratio"":1.263756347041207,""near_monotone"":0.0,""base_depth_pct"":0.1399278412507517},""_schema_version"":""1.0""}",,,,,,,,,,
20260520T193044Z-73e07b,2026-05-20T19:30:44.960382+00:00,WK,inverse_head_shoulders,forming,49.39,5.0,62.0,42.2,57.1,29.5,65.8,39.3,84.0,82.2,0.6,17.37,3.38,7.99,4.13,5.27,2.36,4.2,4.11,False,,48.33,49.0,42.6899,54.66,"{""trend"":{""T1_ema_stack"":{""value"":[false,false,false],""score"":0.0},""T2_ema50_slope"":{""value"":-0.6521168845511077,""score"":0},""T3_high_proximity"":{""value"":0.744684129429892,""score"":0},""T4_rs_1m"":{""value"":-0.1921254036694432,""score"":0},""T5_rs_3m"":{""value"":-0.26634303400976056,""score"":0},""T6_adr_healthy"":{""value"":5.2575224239560665,""score"":100.0},""_score"":5.0},""geometry"":{""sub_head_depth"":79.3,""sub_shoulder_price_sym"":64.7,""sub_shoulder_time_sym"":16.7,""sub_right_shoulder_reaction"":98.7,""sub_base_context"":30.0,""_score"":62.02},""compression"":{""VC1_atr_ratio"":{""value"":0.6883684614460144,""score"":77.9078846384964},""VC2_range_contraction"":{""value"":1.3251792970995435,""score"":0},""VC3_range_pct_rank"":{""score"":44.166666666666664},""_score"":42.2},""sr_quality"":{""SR1_touches"":{""value"":3,""score"":50.0},""SR2_tightness"":{""value"":0.42297228698291517,""score"":73.22954157780278},""SR3_recency"":{""value"":238,""score"":0.0},""SR4_price_location"":{""score"":69.41448782659992},""SR5_reaction"":{""value"":1.8322826227003226,""score"":91.61413113501612},""_score"":57.08,""_levels_found"":7,""_target_level"":51.5517},""volume"":{""V1_rvol_day"":{""value"":0.2942618773760577,""score"":0},""V2_rvol_sameslot"":{""value"":0.8360832255626626,""score"":22.405548370844173,""status"":""ok""},""V3_breakout_bar"":{""value"":2.7898878889821885,""score"":100},""V4_base_dryup"":{""value"":1.7161759316179703,""score"":0},""V5_bo_expansion"":{""value"":0.2942618773760577,""score"":0},""_score"":29.48},""readiness"":{""_distance_atr"":0.212,""BR1_atr_distance"":{""score"":85.86494695211032},""BR2_compression"":{""score"":55.96268697926209},""BR3_retest"":{""score"":50.0},""BR4_bo_age"":{""score"":50.0},""_score"":65.84},""risk"":{""R1_stop_clarity"":{""score"":58.85433737418019},""R2_stop_distance_pct"":{""value"":11.669977239809635,""score"":8.250569004759134},""R3_stop_distance_atr"":{""value"":1.7848458066134865,""score"":100.0},""R4_rr_potential"":{""value"":1.1223205262318048,""score"":6.11602631159024},""_score"":39.3},""market"":{""M1_spy_regime"":{""score"":100.0},""M3_earnings_risk"":{""value"":null,""score"":80.0},""M4_vix"":{""value"":null,""score"":60.0},""_score"":84.0},""liquidity"":{""L1_price"":{""value"":48.33,""score"":100.0},""L2_dollar_vol"":{""value"":20249682.225038998,""score"":65.32091061458397},""L3_spread_proxy"":{""value"":0.039726877715704566,""score"":60.27312228429543},""L4_volume_zscore"":{""value"":-1.6143452028097462,""score"":100.0},""_score"":82.16},""pattern_structure"":{""left_shoulder"":46.72,""left_shoulder_idx"":57,""head"":43.34,""head_idx"":69,""right_shoulder"":45.42,""right_shoulder_idx"":76,""left_to_head_bars"":12,""head_to_right_bars"":7,""structural_low"":43.34,""current_price"":48.24,""neckline_distance_pct"":0.015754560530679893,""base_bars"":19},""pattern_geometry_features"":{""head_depth_pct"":0.05925765140004335,""shoulder_price_asymmetry"":0.02821792923811585,""shoulder_time_asymmetry"":0.4166666666666667,""right_shoulder_reaction"":0.9870967741935509,""atr_pct"":0.06538367178031981},""_schema_version"":""1.0""}",,,,,,,,,,
20260520T193044Z-73e07b,2026-05-20T19:30:44.960382+00:00,EXE,vcp,forming,49.28,32.5,56.2,55.0,41.7,33.7,17.5,65.0,84.0,97.2,4.87,14.05,6.6,5.0,4.38,1.23,3.25,5.04,4.86,True,risk_unclear,98.8,102.965,93.0529,120.775,"{""trend"":{""T1_ema_stack"":{""value"":[true,false,false],""score"":33.33333333333333},""T2_ema50_slope"":{""value"":-0.1553098286391872,""score"":24.115028560135464},""T3_high_proximity"":{""value"":0.8672752808988764,""score"":33.63764044943818},""T4_rs_1m"":{""value"":-0.0036192372291083963,""score"":46.38076277089161},""T5_rs_3m"":{""value"":-0.13052941812675734,""score"":0},""T6_adr_healthy"":{""value"":2.3894241919500874,""score"":100.0},""_score"":32.48},""geometry"":{""sub_contraction_count"":100.0,""sub_reduction_rate"":0,""sub_pivot_tightness"":25.0,""sub_volume_dryup"":49.8,""sub_base_depth"":100.0,""sub_base_duration"":100.0,""_score"":56.22},""compression"":{""VC1_atr_ratio"":{""value"":0.3913010461675463,""score"":100},""VC2_range_contraction"":{""value"":0.932782815805419,""score"":11.202864032430169},""VC3_range_pct_rank"":{""score"":44.166666666666664},""_score"":54.96},""sr_quality"":{""SR1_touches"":{""value"":3,""score"":50.0},""SR2_tightness"":{""value"":0.3968696959400577,""score"":66.97656906462839},""SR3_recency"":{""value"":238,""score"":0.0},""SR4_price_location"":{""score"":6.4633742127942195},""SR5_reaction"":{""value"":3.3810897902618806,""score"":100},""_score"":41.66,""_levels_found"":6,""_target_level"":103.5033},""volume"":{""V1_rvol_day"":{""value"":0.9472500551051231,""score"":29.81667034034154},""V2_rvol_sameslot"":{""value"":1.0561585249184267,""score"":37.07723499456178,""status"":""ok""},""V3_breakout_bar"":{""value"":0.8426678235006014,""score"":22.844521566706764},""V4_base_dryup"":{""value"":0.7679882137304214,""score"":73.20117862695787},""V5_bo_expansion"":{""value"":0.9472500551051231,""score"":0},""_score"":33.73},""readiness"":{""_distance_atr"":1.733,""BR1_atr_distance"":{""score"":0},""BR2_compression"":{""score"":0},""BR3_retest"":{""score"":50.0},""BR4_bo_age"":{""score"":50.0},""_score"":17.5},""risk"":{""R1_stop_clarity"":{""score"":0},""R2_stop_distance_pct"":{""value"":5.816852226720649,""score"":100.0},""R3_stop_distance_atr"":{""value"":2.391053168062906,""score"":100.0},""R4_rr_potential"":{""value"":3.8237008552213747,""score"":100.0},""_score"":65.0},""market"":{""M1_spy_regime"":{""score"":100.0},""M3_earnings_risk"":{""value"":null,""score"":80.0},""M4_vix"":{""value"":null,""score"":60.0},""_score"":84.0},""liquidity"":{""L1_price"":{""value"":98.8,""score"":100.0},""L2_dollar_vol"":{""value"":255468131.4874572,""score"":100.0},""L3_spread_proxy"":{""value"":0.027980769230769212,""score"":72.01923076923079},""L4_volume_zscore"":{""value"":-0.1908785190191915,""score"":100.0},""_score"":97.2},""pattern_structure"":{""n_contractions"":5,""contractions_pct"":[10.43,6.54,5.8,17.31,8.25],""descending_strict"":false,""final_low"":94.47,""final_pivot"":102.965,""structural_low"":94.47,""dry_up_ratio"":0.7509363838316214,""current_price"":98.8,""neckline_distance_pct"":0.0421558704453442,""base_bars"":67},""pattern_geometry_features"":{""contraction_count"":5.0,""first_contraction_pct"":0.10429283933024588,""last_contraction_pct"":0.08250376341475263,""dry_up_ratio"":0.7509363838316214,""near_monotone"":0.0,""base_depth_pct"":0.1586213038831493},""_schema_version"":""1.0""}",,,,,,,,,,
20260520T193044Z-73e07b,2026-05-20T19:30:44.960382+00:00,INTU,double_bottom,forming,49.25,7.8,53.2,51.0,52.4,45.5,39.1,74.1,84.0,96.2,1.17,13.31,4.08,7.34,5.92,3.13,4.45,5.04,4.81,False,,385.47,423.99,370.36,471.98,"{""trend"":{""T1_ema_stack"":{""value"":[false,false,false],""score"":0.0},""T2_ema50_slope"":{""value"":-0.282129202821642,""score"":2.9784661963930006},""T3_high_proximity"":{""value"":0.8011097948749922,""score"":0.5548974374960935},""T4_rs_1m"":{""value"":-0.09965346952094034,""score"":0},""T5_rs_3m"":{""value"":-0.07160122783572653,""score"":14.199386082136733},""T6_adr_healthy"":{""value"":3.843060239256342,""score"":100.0},""_score"":7.81},""geometry"":{""sub_low_similarity"":51.7,""sub_bounce_quality"":100,""sub_separation_fit"":0.0,""sub_right_bottom_reaction"":78.2,""sub_base_context"":30.0,""_score"":53.24},""compression"":{""VC1_atr_ratio"":{""value"":0.4963392899706436,""score"":100},""VC2_range_contraction"":{""value"":1.0448488442301491,""score"":0},""VC3_range_pct_rank"":{""score"":44.166666666666664},""_score"":51.04},""sr_quality"":{""SR1_touches"":{""value"":4,""score"":75.0},""SR2_tightness"":{""value"":4.184770364294199,""score"":56.52591532282612},""SR3_recency"":{""value"":236,""score"":0.0},""SR4_price_location"":{""score"":25.729434640484918},""SR5_reaction"":{""value"":2.0528594553902404,""score"":100},""_score"":52.41,""_levels_found"":7,""_target_level"":414.44},""volume"":{""V1_rvol_day"":{""value"":1.1889389975415077,""score"":45.92926650276718},""V2_rvol_sameslot"":{""value"":1.344147239096409,""score"":56.27648260642727,""status"":""ok""},""V3_breakout_bar"":{""value"":0.9170790899514839,""score"":27.805272663432262},""V4_base_dryup"":{""value"":0.688523924729169,""score"":81.1476075270831},""V5_bo_expansion"":{""value"":1.188938997541508,""score"":12.59593316943386},""_score"":45.51},""readiness"":{""_distance_atr"":2.001,""BR1_atr_distance"":{""score"":0},""BR2_compression"":{""score"":86.42070770775851},""BR3_retest"":{""score"":50.0},""BR4_bo_age"":{""score"":50.0},""_score"":39.11},""risk"":{""R1_stop_clarity"":{""score"":41.40805438899767},""R2_stop_distance_pct"":{""value"":3.9198900044102034,""score"":100.0},""R3_stop_distance_atr"":{""value"":0.7848619664736242,""score"":64.24309832368121},""R4_rr_potential"":{""value"":5.725347452018525,""score"":100.0},""_score"":74.13},""market"":{""M1_spy_regime"":{""score"":100.0},""M3_earnings_risk"":{""value"":null,""score"":80.0},""M4_vix"":{""value"":null,""score"":60.0},""_score"":84.0},""liquidity"":{""L1_price"":{""value"":385.47,""score"":100.0},""L2_dollar_vol"":{""value"":1170714965.9894896,""score"":100.0},""L3_spread_proxy"":{""value"":0.037616416322930446,""score"":62.38358367706955},""L4_volume_zscore"":{""value"":0.8237505005896872,""score"":100.0},""_score"":96.24},""pattern_structure"":{""left_low"":385.2,""left_idx"":26,""right_low"":376.0,""right_idx"":74,""separation_bars"":48,""structural_low"":376.0,""current_price"":385.84,""neckline_distance_pct"":0.09887518142235133,""base_bars"":48},""pattern_geometry_features"":{""low_similarity_pct"":0.024172359432475008,""bounce_pct"":0.1276329787234043,""right_bottom_reaction"":0.7820689655172397,""atr_pct"":0.04994368655704168},""_schema_version"":""1.0""}",,,,,,,,,,
20260520T193044Z-73e07b,2026-05-20T19:30:44.960382+00:00,ADSK,breakout_retest_hold,setup,49.24,36.2,50.0,48.9,52.5,19.1,57.6,59.4,84.0,95.8,5.06,11.0,2.94,7.35,2.48,10.37,2.97,4.2,2.88,False,,241.89,235.92,230.863,241.37,"{""trend"":{""T1_ema_stack"":{""value"":[true,false,false],""score"":33.33333333333333},""T2_ema50_slope"":{""value"":-0.04177080597161207,""score"":43.038199004731325},""T3_high_proximity"":{""value"":0.915833711949114,""score"":57.91685597455698},""T4_rs_1m"":{""value"":-0.06640829751503807,""score"":0},""T5_rs_3m"":{""value"":-0.026074439811535566,""score"":36.962780094232215},""T6_adr_healthy"":{""value"":3.258220650951498,""score"":100.0},""_score"":36.17},""geometry"":{""sub_retest_depth"":100.0,""sub_retest_timing"":0.0,""sub_retest_freshness"":100.0,""sub_hold_quality"":0.0,""_score"":50.0},""compression"":{""VC1_atr_ratio"":{""value"":0.4615867409866942,""score"":100},""VC2_range_contraction"":{""value"":0.9184954492638602,""score"":13.58409178935664},""VC3_range_pct_rank"":{""score"":16.666666666666664},""_score"":48.92},""sr_quality"":{""SR1_touches"":{""value"":2,""score"":25.0},""SR2_tightness"":{""value"":1.1599999999999966,""score"":73.1008923580199},""SR3_recency"":{""value"":254,""score"":0.0},""SR4_price_location"":{""score"":76.04050156001635},""SR5_reaction"":{""value"":3.583262593428439,""score"":100},""_score"":52.48,""_levels_found"":5,""_target_level"":245.96},""volume"":{""V1_rvol_day"":{""value"":0.5044652007488128,""score"":0.2976800499208565},""V2_rvol_sameslot"":{""value"":0.6629071154384494,""score"":10.860474362563293,""status"":""ok""},""V3_breakout_bar"":{""value"":0.7394453472841037,""score"":15.963023152273582},""V4_base_dryup"":{""value"":0.8579109843219849,""score"":64.20890156780152},""V5_bo_expansion"":{""value"":0.5044652007488128,""score"":0},""_score"":19.06},""readiness"":{""_distance_atr"":-0.692,""BR1_atr_distance"":{""score"":46.15623511873952},""BR2_compression"":{""score"":71.31074952492506},""BR3_retest"":{""score"":84.20257148181125},""BR4_bo_age"":{""score"":30.0},""_score"":57.63},""risk"":{""R1_stop_clarity"":{""score"":45.92467752955531},""R2_stop_distance_pct"":{""value"":4.558663028649386,""score"":100.0},""R3_stop_distance_atr"":{""value"":1.2785134267790228,""score"":88.92567133895113},""R4_rr_potential"":{""value"":-0.047157192151955914,""score"":0.0},""_score"":59.41},""market"":{""M1_spy_regime"":{""score"":100.0},""M3_earnings_risk"":{""value"":null,""score"":80.0},""M4_vix"":{""value"":null,""score"":60.0},""_score"":84.0},""liquidity"":{""L1_price"":{""value"":241.89,""score"":100.0},""L2_dollar_vol"":{""value"":215605016.6692831,""score"":100.0},""L3_spread_proxy"":{""value"":0.04150646988300476,""score"":58.493530116995245},""L4_volume_zscore"":{""value"":-2.380750526611075,""score"":100.0},""_score"":95.85},""pattern_structure"":{""level"":235.92,""level_idx"":52,""breakout_idx"":58,""bo_peak_idx"":68,""bo_peak_price"":251.16,""retest_idx"":74,""retest_low"":233.195,""structural_low"":233.195,""current_price"":242.08,""neckline_distance_pct"":-0.02544613350958371,""base_bars"":27,""bars_since_breakout"":21},""pattern_geometry_features"":{""retest_depth_atr"":0.9512553328894956,""bars_breakout_to_retest"":16.0,""bars_since_retest"":5.0,""current_above_level_atr"":2.1503606791190197,""bo_peak_excess_pct"":0.0645981688708037,""atr_pct"":0.03565596522622442},""_schema_version"":""1.0""}",,,,,,,,,,
20260520T193044Z-73e07b,2026-05-20T19:30:44.960382+00:00,V,vcp,absent,49.21,66.1,40.5,59.6,51.3,14.3,25.0,45.8,84.0,98.5,9.91,10.12,7.15,6.16,1.86,1.75,2.29,5.04,4.93,True,risk_unclear,330.71,341.98,311.4176,351.59,"{""trend"":{""T1_ema_stack"":{""value"":[true,true,false],""score"":66.66666666666666},""T2_ema50_slope"":{""value"":0.09511142414868726,""score"":65.8519040247812},""T3_high_proximity"":{""value"":0.9876067610344621,""score"":93.80338051723103},""T4_rs_1m"":{""value"":0.015229082057783616,""score"":65.22908205778361},""T5_rs_3m"":{""value"":-0.04496558476188062,""score"":27.51720761905969},""T6_adr_healthy"":{""value"":1.7822766532794416,""score"":100.0},""_score"":66.08},""geometry"":{""sub_contraction_count"":100.0,""sub_reduction_rate"":0,""sub_pivot_tightness"":35.0,""sub_volume_dryup"":1.5,""sub_base_depth"":0.0,""sub_base_duration"":100.0,""_score"":40.48},""compression"":{""VC1_atr_ratio"":{""value"":0.548111892029641,""score"":100},""VC2_range_contraction"":{""value"":0.9424377114496939,""score"":9.59371475838435},""VC3_range_pct_rank"":{""score"":65.0},""_score"":59.61},""sr_quality"":{""SR1_touches"":{""value"":3,""score"":50.0},""SR2_tightness"":{""value"":0.7586537784493997,""score"":74.91754530754766},""SR3_recency"":{""value"":239,""score"":0.0},""SR4_price_location"":{""score"":40.2981979075446},""SR5_reaction"":{""value"":2.8554369135713533,""score"":100},""_score"":51.31,""_levels_found"":5,""_target_level"":343.0467},""volume"":{""V1_rvol_day"":{""value"":0.529952074982459,""score"":1.9968049988305998},""V2_rvol_sameslot"":{""value"":0.5449772560660812,""score"":2.998483737738744,""status"":""ok""},""V3_breakout_bar"":{""value"":0.5492820083750625,""score"":3.2854672250041648},""V4_base_dryup"":{""value"":0.8756286129760854,""score"":62.43713870239146},""V5_bo_expansion"":{""value"":0.5299520749824589,""score"":0},""_score"":14.31},""readiness"":{""_distance_atr"":1.863,""BR1_atr_distance"":{""score"":0},""BR2_compression"":{""score"":30.100047149183908},""BR3_retest"":{""score"":50.0},""BR4_bo_age"":{""score"":50.0},""_score"":25.03},""risk"":{""R1_stop_clarity"":{""score"":0},""R2_stop_distance_pct"":{""value"":5.833630673399651,""score"":100.0},""R3_stop_distance_atr"":{""value"":3.189206741299727,""score"":100.0},""R4_rr_potential"":{""value"":1.0822914722896069,""score"":4.114573614480344},""_score"":45.82},""market"":{""M1_spy_regime"":{""score"":100.0},""M3_earnings_risk"":{""value"":null,""score"":80.0},""M4_vix"":{""value"":null,""score"":60.0},""_score"":84.0},""liquidity"":{""L1_price"":{""value"":330.71,""score"":100.0},""L2_dollar_vol"":{""value"":1345337715.9242084,""score"":100.0},""L3_spread_proxy"":{""value"":0.014619757491457617,""score"":85.38024250854238},""L4_volume_zscore"":{""value"":-1.2093915864703337,""score"":100.0},""_score"":98.54},""pattern_structure"":{""n_contractions"":5,""contractions_pct"":[6.06,5.01,2.81,4.68,7.55],""descending_strict"":false,""final_low"":316.16,""final_pivot"":341.98,""structural_low"":316.16,""dry_up_ratio"":0.992630239692852,""current_price"":330.71,""neckline_distance_pct"":0.034078195397780654,""base_bars"":46},""pattern_geometry_features"":{""contraction_count"":5.0,""first_contraction_pct"":0.06062866439512533,""last_contraction_pct"":0.07550149131528157,""dry_up_ratio"":0.992630239692852,""near_monotone"":0.0,""base_depth_pct"":0.029499340025171003},""_schema_version"":""1.0""}",,,,,,,,,,
20260520T193044Z-73e07b,2026-05-20T19:30:44.960382+00:00,XEL,vcp,absent,49.15,46.5,44.6,66.4,49.1,17.8,37.3,45.0,84.0,98.9,6.97,11.15,7.97,5.89,2.32,2.61,2.25,5.04,4.94,True,risk_unclear,80.0299,81.86,76.1897,81.5,"{""trend"":{""T1_ema_stack"":{""value"":[true,false,true],""score"":66.66666666666666},""T2_ema50_slope"":{""value"":0.017960268910460486,""score"":52.993378151743414},""T3_high_proximity"":{""value"":0.9537587891788821,""score"":76.87939458944103},""T4_rs_1m"":{""value"":-0.03977200149750759,""score"":10.227998502492412},""T5_rs_3m"":{""value"":-0.09167763506110038,""score"":4.1611824694498125},""T6_adr_healthy"":{""value"":1.9014258341202972,""score"":100.0},""_score"":46.47},""geometry"":{""sub_contraction_count"":100.0,""sub_reduction_rate"":0,""sub_pivot_tightness"":64.1,""sub_volume_dryup"":0,""sub_base_depth"":0.0,""sub_base_duration"":100.0,""_score"":44.61},""compression"":{""VC1_atr_ratio"":{""value"":0.5087760895937682,""score"":100},""VC2_range_contraction"":{""value"":0.9109763350264829,""score"":14.837277495586184},""VC3_range_pct_rank"":{""score"":85.0},""_score"":66.44},""sr_quality"":{""SR1_touches"":{""value"":3,""score"":50.0},""SR2_tightness"":{""value"":0.32714251057027344,""score"":56.515593183158494},""SR3_recency"":{""value"":246,""score"":0.0},""SR4_price_location"":{""score"":42.52519214346708},""SR5_reaction"":{""value"":3.0815729092491515,""score"":100},""_score"":49.11,""_levels_found"":7,""_target_level"":82.2733},""volume"":{""V1_rvol_day"":{""value"":0.44298652665761606,""score"":0},""V2_rvol_sameslot"":{""value"":0.4701353169731657,""score"":0,""status"":""ok""},""V3_breakout_bar"":{""value"":0.772295745641892,""score"":18.153049709459466},""V4_base_dryup"":{""value"":0.8347084131090333,""score"":66.52915868909668},""V5_bo_expansion"":{""value"":0.4429865266576162,""score"":0},""_score"":17.84},""readiness"":{""_distance_atr"":1.216,""BR1_atr_distance"":{""score"":18.913205158635847},""BR2_compression"":{""score"":48.9070476796288},""BR3_retest"":{""score"":50.0},""BR4_bo_age"":{""score"":50.0},""_score"":37.29},""risk"":{""R1_stop_clarity"":{""score"":0},""R2_stop_distance_pct"":{""value"":4.798394100205059,""score"":100.0},""R3_stop_distance_atr"":{""value"":2.5522003323047784,""score"":100.0},""R4_rr_potential"":{""value"":0.38282358762027496,""score"":0.0},""_score"":45.0},""market"":{""M1_spy_regime"":{""score"":100.0},""M3_earnings_risk"":{""value"":null,""score"":80.0},""M4_vix"":{""value"":null,""score"":60.0},""_score"":84.0},""liquidity"":{""L1_price"":{""value"":80.0299,""score"":100.0},""L2_dollar_vol"":{""value"":181604643.3413843,""score"":100.0},""L3_spread_proxy"":{""value"":0.011308273532767144,""score"":88.69172646723285},""L4_volume_zscore"":{""value"":-1.4854549268230137,""score"":100.0},""_score"":98.87},""pattern_structure"":{""n_contractions"":5,""contractions_pct"":[3.74,3.91,7.84,5.63,5.51],""descending_strict"":false,""final_low"":77.35,""final_pivot"":81.86,""structural_low"":77.35,""dry_up_ratio"":1.0789886734245284,""current_price"":80.0299,""neckline_distance_pct"":0.022867703195930542,""base_bars"":57},""pattern_geometry_features"":{""contraction_count"":5.0,""first_contraction_pct"":0.037407455513703024,""last_contraction_pct"":0.05509406303444912,""dry_up_ratio"":1.0789886734245284,""near_monotone"":0.0,""base_depth_pct"":-0.004675931939212878},""_schema_version"":""1.0""}",,,,,,,,,,
20260520T193044Z-73e07b,2026-05-20T19:30:44.960382+00:00,PRGS,breakout_retest_hold,setup,49.11,13.3,54.0,47.1,64.7,26.3,57.5,63.9,84.0,77.2,1.87,11.88,2.82,9.06,3.42,10.34,3.2,4.2,2.32,False,,28.86,27.79,27.225,28.37,"{""trend"":{""T1_ema_stack"":{""value"":[true,false,false],""score"":33.33333333333333},""T2_ema50_slope"":{""value"":-0.4238773029520805,""score"":0},""T3_high_proximity"":{""value"":0.6856735566642908,""score"":0},""T4_rs_1m"":{""value"":-0.09202332949814807,""score"":0},""T5_rs_3m"":{""value"":-0.2894798432345711,""score"":0},""T6_adr_healthy"":{""value"":4.87464988426169,""score"":100.0},""_score"":13.33},""geometry"":{""sub_retest_depth"":100.0,""sub_retest_timing"":20.0,""sub_retest_freshness"":100.0,""sub_hold_quality"":0.0,""_score"":54.0},""compression"":{""VC1_atr_ratio"":{""value"":0.4851800235030705,""score"":100},""VC2_range_contraction"":{""value"":1.1681803512725233,""score"":0},""VC3_range_pct_rank"":{""score"":28.333333333333332},""_score"":47.08},""sr_quality"":{""SR1_touches"":{""value"":4,""score"":75.0},""SR2_tightness"":{""value"":0.2675233634656977,""score"":63.02536575510251},""SR3_recency"":{""value"":232,""score"":0.0},""SR4_price_location"":{""score"":71.05698391219372},""SR5_reaction"":{""value"":2.659695245052791,""score"":100},""_score"":64.72,""_levels_found"":4,""_target_level"":29.8225},""volume"":{""V1_rvol_day"":{""value"":0.6066567440018013,""score"":7.110449600120083},""V2_rvol_sameslot"":{""value"":0.5782568688509798,""score"":5.217124590065322,""status"":""ok""},""V3_breakout_bar"":{""value"":0.8109482147775021,""score"":20.729880985166808},""V4_base_dryup"":{""value"":0.565496387993653,""score"":93.4503612006347},""V5_bo_expansion"":{""value"":0.6066567440018014,""score"":0},""_score"":26.34},""readiness"":{""_distance_atr"":-0.739,""BR1_atr_distance"":{""score"":45.21143793591952},""BR2_compression"":{""score"":67.51293110789332},""BR3_retest"":{""score"":89.97971262013242},""BR4_bo_age"":{""score"":30.0},""_score"":57.46},""risk"":{""R1_stop_clarity"":{""score"":61.992013386709246},""R2_stop_distance_pct"":{""value"":5.665280665280658,""score"":100.0},""R3_stop_distance_atr"":{""value"":1.1298737838678297,""score"":81.49368919339149},""R4_rr_potential"":{""value"":-0.2996941896024481,""score"":0.0},""_score"":63.92},""market"":{""M1_spy_regime"":{""score"":100.0},""M3_earnings_risk"":{""value"":null,""score"":80.0},""M4_vix"":{""value"":null,""score"":60.0},""_score"":84.0},""liquidity"":{""L1_price"":{""value"":28.86,""score"":100.0},""L2_dollar_vol"":{""value"":12862539.0585159,""score"":55.4663353277749},""L3_spread_proxy"":{""value"":0.05006930006930008,""score"":49.93069993069992},""L4_volume_zscore"":{""value"":-0.8673386941420884,""score"":100.0},""_score"":77.18},""pattern_structure"":{""level"":27.79,""level_idx"":56,""breakout_idx"":62,""bo_peak_idx"":68,""bo_peak_price"":30.16,""retest_idx"":74,""retest_low"":27.5,""structural_low"":27.5,""current_price"":28.84,""neckline_distance_pct"":-0.03640776699029129,""base_bars"":23,""bars_since_breakout"":17},""pattern_geometry_features"":{""retest_depth_atr"":0.6815944811664174,""bars_breakout_to_retest"":12.0,""bars_since_retest"":5.0,""current_above_level_atr"":2.4678420869818654,""bo_peak_excess_pct"":0.08528247571068734,""atr_pct"":0.05014082764082763},""_schema_version"":""1.0""}",,,,,,,,,,
20260520T193044Z-73e07b,2026-05-20T19:30:44.960382+00:00,EPRT,double_bottom,absent,49.02,36.9,48.1,76.0,41.6,15.0,72.2,45.0,84.0,81.9,5.53,12.02,6.08,5.83,1.96,5.78,2.7,5.04,4.1,True,risk_unclear,31.36,31.37,29.944,32.34,"{""trend"":{""T1_ema_stack"":{""value"":[true,false,true],""score"":66.66666666666666},""T2_ema50_slope"":{""value"":-0.08436231192118004,""score"":35.93961467980333},""T3_high_proximity"":{""value"":0.9066204105232725,""score"":53.31020526163621},""T4_rs_1m"":{""value"":-0.10032757751491161,""score"":0},""T5_rs_3m"":{""value"":-0.11875662638285356,""score"":0},""T6_adr_healthy"":{""value"":1.766785610926908,""score"":100.0},""_score"":36.85},""geometry"":{""sub_low_similarity"":61.6,""sub_bounce_quality"":2.7,""sub_separation_fit"":100.0,""sub_right_bottom_reaction"":53.8,""sub_base_context"":30.0,""_score"":48.09},""compression"":{""VC1_atr_ratio"":{""value"":0.4408619381388374,""score"":100},""VC2_range_contraction"":{""value"":0.765823915954354,""score"":39.029347340941015},""VC3_range_pct_rank"":{""score"":89.16666666666666},""_score"":75.95},""sr_quality"":{""SR1_touches"":{""value"":2,""score"":25.0},""SR2_tightness"":{""value"":0.005000000000002558,""score"":97.92130660727436},""SR3_recency"":{""value"":253,""score"":0.0},""SR4_price_location"":{""score"":17.768147345611943},""SR5_reaction"":{""value"":2.754268745360055,""score"":100},""_score"":41.63,""_levels_found"":4,""_target_level"":32.625},""volume"":{""V1_rvol_day"":{""value"":0.23560845756223336,""score"":0},""V2_rvol_sameslot"":{""value"":0.24905704822304714,""score"":0,""status"":""ok""},""V3_breakout_bar"":{""value"":0.6040064528883946,""score"":6.9337635258929735},""V4_base_dryup"":{""value"":0.8348452980541035,""score"":66.51547019458965},""V5_bo_expansion"":{""value"":0.23560845756223336,""score"":0},""_score"":15.04},""readiness"":{""_distance_atr"":0.021,""BR1_atr_distance"":{""score"":98.61420440485007},""BR2_compression"":{""score"":61.00058725615297},""BR3_retest"":{""score"":50.0},""BR4_bo_age"":{""score"":50.0},""_score"":72.2},""risk"":{""R1_stop_clarity"":{""score"":0},""R2_stop_distance_pct"":{""value"":4.515306122448981,""score"":100.0},""R3_stop_distance_atr"":{""value"":2.9434298440979934,""score"":100.0},""R4_rr_potential"":{""value"":0.6920903954802287,""score"":0.0},""_score"":45.0},""market"":{""M1_spy_regime"":{""score"":100.0},""M3_earnings_risk"":{""value"":null,""score"":80.0},""M4_vix"":{""value"":null,""score"":60.0},""_score"":84.0},""liquidity"":{""L1_price"":{""value"":31.36,""score"":100.0},""L2_dollar_vol"":{""value"":14227611.15403712,""score"":57.65659936222192},""L3_spread_proxy"":{""value"":0.011479591836734675,""score"":88.52040816326533},""L4_volume_zscore"":{""value"":-1.2158065697766436,""score"":100.0},""_score"":81.91},""pattern_structure"":{""left_low"":30.4,""left_idx"":50,""right_low"":30.99,""right_idx"":73,""separation_bars"":23,""structural_low"":30.4,""current_price"":31.36,""neckline_distance_pct"":0.000318877551020458,""base_bars"":23},""pattern_geometry_features"":{""low_similarity_pct"":0.019221371558885807,""bounce_pct"":0.031907894736842184,""right_bottom_reaction"":0.53846153846153,""atr_pct"":0.01534028790087465},""_schema_version"":""1.0""}",,,,,,,,,,
20260520T193044Z-73e07b,2026-05-20T19:30:44.960382+00:00,V,cup_with_handle,absent,49.01,66.1,44.9,59.6,51.3,8.4,25.0,62.7,84.0,98.5,9.25,13.47,4.77,6.16,1.1,2.0,3.14,4.2,4.93,True,risk_unclear,330.71,341.98,311.4176,384.15,"{""trend"":{""T1_ema_stack"":{""value"":[true,true,false],""score"":66.66666666666666},""T2_ema50_slope"":{""value"":0.09511142414868726,""score"":65.8519040247812},""T3_high_proximity"":{""value"":0.9876067610344621,""score"":93.80338051723103},""T4_rs_1m"":{""value"":0.015229082057783616,""score"":65.22908205778361},""T5_rs_3m"":{""value"":-0.04496558476188062,""score"":27.51720761905969},""T6_adr_healthy"":{""value"":1.7822766532794416,""score"":100.0},""_score"":66.08},""geometry"":{""sub_cup_depth"":45.5,""sub_cup_duration"":0.0,""sub_rim_symmetry"":64.8,""sub_handle_shallowness"":37.1,""sub_handle_proportion"":100.0,""sub_u_shape"":36.2,""_score"":44.91},""compression"":{""VC1_atr_ratio"":{""value"":0.548111892029641,""score"":100},""VC2_range_contraction"":{""value"":0.9424377114496939,""score"":9.59371475838435},""VC3_range_pct_rank"":{""score"":65.0},""_score"":59.61},""sr_quality"":{""SR1_touches"":{""value"":3,""score"":50.0},""SR2_tightness"":{""value"":0.7586537784493997,""score"":74.91754530754766},""SR3_recency"":{""value"":239,""score"":0.0},""SR4_price_location"":{""score"":40.2981979075446},""SR5_reaction"":{""value"":2.8554369135713533,""score"":100},""_score"":51.31,""_levels_found"":5,""_target_level"":343.0467},""volume"":{""V1_rvol_day"":{""value"":0.529952074982459,""score"":1.9968049988305998},""V2_rvol_sameslot"":{""value"":0.5449772560660812,""score"":2.998483737738744,""status"":""ok""},""V3_breakout_bar"":{""value"":0.5492820083750625,""score"":3.2854672250041648},""V4_base_dryup"":{""value"":1.1692589696916058,""score"":33.074103030839424},""V5_bo_expansion"":{""value"":0.5299520749824589,""score"":0},""_score"":8.44},""readiness"":{""_distance_atr"":1.863,""BR1_atr_distance"":{""score"":0},""BR2_compression"":{""score"":30.100047149183908},""BR3_retest"":{""score"":50.0},""BR4_bo_age"":{""score"":50.0},""_score"":25.03},""risk"":{""R1_stop_clarity"":{""score"":0},""R2_stop_distance_pct"":{""value"":5.833630673399651,""score"":100.0},""R3_stop_distance_atr"":{""value"":3.189206741299727,""score"":100.0},""R4_rr_potential"":{""value"":2.770002695361909,""score"":88.50013476809544},""_score"":62.7},""market"":{""M1_spy_regime"":{""score"":100.0},""M3_earnings_risk"":{""value"":null,""score"":80.0},""M4_vix"":{""value"":null,""score"":60.0},""_score"":84.0},""liquidity"":{""L1_price"":{""value"":330.71,""score"":100.0},""L2_dollar_vol"":{""value"":1345337715.9242084,""score"":100.0},""L3_spread_proxy"":{""value"":0.014619757491457617,""score"":85.38024250854238},""L4_volume_zscore"":{""value"":-1.2093915864703337,""score"":100.0},""_score"":98.54},""pattern_structure"":{""left_rim"":336.06,""left_rim_idx"":59,""cup_bottom"":293.89,""cup_bottom_idx"":145,""right_rim"":341.98,""right_rim_idx"":164,""handle_low"":316.16,""handle_bars"":15,""cup_bars"":105,""structural_low"":316.16,""current_price"":330.71,""neckline_distance_pct"":0.034078195397780654,""base_bars"":120},""pattern_geometry_features"":{""cup_depth_pct"":0.1254835446051301,""rim_symmetry_pct"":0.017615901922275832,""handle_depth_pct"":0.07550149131528157,""handle_to_cup_ratio"":0.14285714285714285,""cup_duration_bars"":105.0,""atr_pct"":0.0182917921182564,""u_shape_score"":0.18095238095238095},""_schema_version"":""1.0""}",,,,,,,,,,
20260520T193044Z-73e07b,2026-05-20T19:30:44.960382+00:00,FRMI,vcp,setup,49.0,31.0,44.8,57.1,58.6,10.8,75.5,61.9,84.0,89.0,4.65,11.19,6.85,7.04,1.4,5.28,3.09,5.04,4.45,False,,5.875,5.76,4.9004,12.835,"{""trend"":{""T1_ema_stack"":{""value"":[true,false,false],""score"":33.33333333333333},""T2_ema50_slope"":{""value"":-0.7956946418903097,""score"":0},""T3_high_proximity"":{""value"":0.49830364715860903,""score"":0},""T4_rs_1m"":{""value"":0.10928330548136622,""score"":100},""T5_rs_3m"":{""value"":-0.46736184057384167,""score"":0},""T6_adr_healthy"":{""value"":9.88633804501813,""score"":52.84154887454675},""_score"":30.98},""geometry"":{""sub_contraction_count"":100.0,""sub_reduction_rate"":35.9,""sub_pivot_tightness"":0,""sub_volume_dryup"":5.2,""sub_base_depth"":0.0,""sub_base_duration"":100.0,""_score"":44.76},""compression"":{""VC1_atr_ratio"":{""value"":0.6602033874028718,""score"":84.94915314928205},""VC2_range_contraction"":{""value"":1.1263964258667387,""score"":0},""VC3_range_pct_rank"":{""score"":92.5},""_score"":57.1},""sr_quality"":{""SR1_touches"":{""value"":3,""score"":50.0},""SR2_tightness"":{""value"":0.0984321537348894,""score"":69.4218509915691},""SR3_recency"":{""value"":63,""score"":45.0},""SR4_price_location"":{""score"":45.955369595536936},""SR5_reaction"":{""value"":3.867617853616322,""score"":100},""_score"":58.65,""_levels_found"":6,""_target_level"":7.1667},""volume"":{""V1_rvol_day"":{""value"":0.5729687637821165,""score"":4.864584252141099},""V2_rvol_sameslot"":{""value"":0.857831951323106,""score"":23.8554634215404,""status"":""ok""},""V3_breakout_bar"":{""value"":0.8036150987349008,""score"":20.24100658232672},""V4_base_dryup"":{""value"":2.3140362032409887,""score"":0},""V5_bo_expansion"":{""value"":0.5729687637821166,""score"":0},""_score"":10.8},""readiness"":{""_distance_atr"":-0.179,""BR1_atr_distance"":{""score"":100.0},""BR2_compression"":{""score"":71.79049592291},""BR3_retest"":{""score"":50.0},""BR4_bo_age"":{""score"":50.0},""_score"":75.45},""risk"":{""R1_stop_clarity"":{""score"":76.81759178103465},""R2_stop_distance_pct"":{""value"":16.58936170212767,""score"":0.0},""R3_stop_distance_atr"":{""value"":1.513846205052534,""score"":100.0},""R4_rr_potential"":{""value"":7.141208156983453,""score"":100.0},""_score"":61.89},""market"":{""M1_spy_regime"":{""score"":100.0},""M3_earnings_risk"":{""value"":null,""score"":80.0},""M4_vix"":{""value"":null,""score"":60.0},""_score"":84.0},""liquidity"":{""L1_price"":{""value"":5.875,""score"":97.9375},""L2_dollar_vol"":{""value"":55253329.43317662,""score"":87.1179226345006},""L3_spread_proxy"":{""value"":0.05276595744680845,""score"":47.23404255319155},""L4_volume_zscore"":{""value"":-0.6737917330455394,""score"":100.0},""_score"":89.05},""pattern_structure"":{""n_contractions"":5,""contractions_pct"":[36.89,47.33,28.55,22.7,13.63],""descending_strict"":false,""final_low"":4.975,""final_pivot"":5.76,""structural_low"":4.975,""dry_up_ratio"":0.9739480986075606,""current_price"":5.875,""neckline_distance_pct"":-0.01957446808510642,""base_bars"":52},""pattern_geometry_features"":{""contraction_count"":5.0,""first_contraction_pct"":0.36887966804979255,""last_contraction_pct"":0.13628472222222227,""dry_up_ratio"":0.9739480986075606,""near_monotone"":0.0,""base_depth_pct"":0.5871369294605809},""_schema_version"":""1.0""}",,,,,,,,,,
20260520T193044Z-73e07b,2026-05-20T19:30:44.960382+00:00,CLBT,high_tight_pullback,forming,48.99,28.1,60.7,44.1,58.6,1.7,60.6,77.8,84.0,75.3,3.37,21.25,4.42,4.69,0.24,5.45,0.78,5.04,3.76,False,,13.505,14.05,12.7607,16.555,"{""trend"":{""T1_ema_stack"":{""value"":[true,false,false],""score"":33.33333333333333},""T2_ema50_slope"":{""value"":-0.14831349129392762,""score"":25.281084784345396},""T3_high_proximity"":{""value"":0.8826797385620915,""score"":41.339869281045715},""T4_rs_1m"":{""value"":-0.0325386051756551,""score"":17.4613948243449},""T5_rs_3m"":{""value"":-0.1018580481635204,""score"":0},""T6_adr_healthy"":{""value"":4.830557500684527,""score"":100.0},""_score"":28.08},""geometry"":{""sub_pole_impulse"":74.9,""sub_flag_tightness"":46.1,""sub_flag_shallowness"":28.2,""sub_flag_drift"":87.1,""sub_flag_duration"":80.0,""_score"":60.7},""compression"":{""VC1_atr_ratio"":{""value"":0.6168026005467754,""score"":95.79934986330615},""VC2_range_contraction"":{""value"":1.2144878281817213,""score"":0},""VC3_range_pct_rank"":{""score"":23.33333333333333},""_score"":44.15},""sr_quality"":{""SR1_touches"":{""value"":4,""score"":75.0},""SR2_tightness"":{""value"":0.1868488694105479,""score"":49.053292464818355},""SR3_recency"":{""value"":236,""score"":0.0},""SR4_price_location"":{""score"":58.10810810810819},""SR5_reaction"":{""value"":1.891563038630454,""score"":94.5781519315227},""_score"":58.57,""_levels_found"":8,""_target_level"":13.815},""volume"":{""V1_rvol_day"":{""value"":0.33201290824703256,""score"":0},""V2_rvol_sameslot"":{""value"":0.2477427028694144,""score"":0,""status"":""ok""},""V3_breakout_bar"":{""value"":0.33112715077002913,""score"":0},""V4_base_dryup"":{""value"":1.4155037336139917,""score"":8.449626638600833},""V5_bo_expansion"":{""value"":0.3320129082470325,""score"":0},""_score"":1.69},""readiness"":{""_distance_atr"":0.743,""BR1_atr_distance"":{""score"":50.46628558815609},""BR2_compression"":{""score"":91.68127997202271},""BR3_retest"":{""score"":50.0},""BR4_bo_age"":{""score"":50.0},""_score"":60.61},""risk"":{""R1_stop_clarity"":{""score"":47.01483090046816},""R2_stop_distance_pct"":{""value"":5.511477230655324,""score"":100.0},""R3_stop_distance_atr"":{""value"":1.0147481278787838,""score"":75.73740639393918},""R4_rr_potential"":{""value"":4.097672387733843,""score"":100.0},""_score"":77.82},""market"":{""M1_spy_regime"":{""score"":100.0},""M3_earnings_risk"":{""value"":null,""score"":80.0},""M4_vix"":{""value"":null,""score"":60.0},""_score"":84.0},""liquidity"":{""L1_price"":{""value"":13.505,""score"":100.0},""L2_dollar_vol"":{""value"":10553794.190637296,""score"":51.17043103771537},""L3_spread_proxy"":{""value"":0.051832654572380545,""score"":48.16734542761945},""L4_volume_zscore"":{""value"":-1.10103805102988,""score"":100.0},""_score"":75.28},""pattern_structure"":{""pole_low"":11.545,""pole_low_idx"":30,""peak_price"":14.05,""peak_idx"":48,""pole_gain"":0.21697704634040718,""flag_bars"":11,""flag_low"":12.955,""flag_high"":13.94,""structural_low"":12.955,""current_price"":13.5,""neckline_distance_pct"":0.04074074074074079,""base_bars"":11},""pattern_geometry_features"":{""pole_gain"":0.21697704634040718,""pullback_pct"":0.07793594306049827,""flag_range_pct"":0.07010676156583626,""flag_drift_per_bar"":-0.0025757575757575433,""atr_pct"":0.05431374623155447,""pole_atr_multiple"":3.994882721132404},""_schema_version"":""1.0""}",,,,,,,,,,
20260520T193044Z-73e07b,2026-05-20T19:30:44.960382+00:00,INTU,vcp,forming,48.82,7.8,52.2,51.0,52.4,46.3,39.1,71.7,84.0,96.2,1.17,13.04,6.12,6.29,6.02,2.74,3.59,5.04,4.81,False,,385.47,418.15,375.7874,519.85,"{""trend"":{""T1_ema_stack"":{""value"":[false,false,false],""score"":0.0},""T2_ema50_slope"":{""value"":-0.282129202821642,""score"":2.9784661963930006},""T3_high_proximity"":{""value"":0.8011097948749922,""score"":0.5548974374960935},""T4_rs_1m"":{""value"":-0.09965346952094034,""score"":0},""T5_rs_3m"":{""value"":-0.07160122783572653,""score"":14.199386082136733},""T6_adr_healthy"":{""value"":3.843060239256342,""score"":100.0},""_score"":7.81},""geometry"":{""sub_contraction_count"":100.0,""sub_reduction_rate"":0,""sub_pivot_tightness"":17.7,""sub_volume_dryup"":30.0,""sub_base_depth"":100.0,""sub_base_duration"":100.0,""_score"":52.16},""compression"":{""VC1_atr_ratio"":{""value"":0.4963392899706436,""score"":100},""VC2_range_contraction"":{""value"":1.0448488442301491,""score"":0},""VC3_range_pct_rank"":{""score"":44.166666666666664},""_score"":51.04},""sr_quality"":{""SR1_touches"":{""value"":4,""score"":75.0},""SR2_tightness"":{""value"":4.184770364294199,""score"":56.52591532282612},""SR3_recency"":{""value"":236,""score"":0.0},""SR4_price_location"":{""score"":25.729434640484918},""SR5_reaction"":{""value"":2.0528594553902404,""score"":100},""_score"":52.41,""_levels_found"":7,""_target_level"":414.44},""volume"":{""V1_rvol_day"":{""value"":1.1889389975415077,""score"":45.92926650276718},""V2_rvol_sameslot"":{""value"":1.344147239096409,""score"":56.27648260642727,""status"":""ok""},""V3_breakout_bar"":{""value"":0.9170790899514839,""score"":27.805272663432262},""V4_base_dryup"":{""value"":0.6497075566739341,""score"":85.0292443326066},""V5_bo_expansion"":{""value"":1.188938997541508,""score"":12.59593316943386},""_score"":46.29},""readiness"":{""_distance_atr"":1.698,""BR1_atr_distance"":{""score"":0},""BR2_compression"":{""score"":86.42070770775851},""BR3_retest"":{""score"":50.0},""BR4_bo_age"":{""score"":50.0},""_score"":39.11},""risk"":{""R1_stop_clarity"":{""score"":40.54943305836834},""R2_stop_distance_pct"":{""value"":2.5119075414429197,""score"":100.0},""R3_stop_distance_atr"":{""value"":0.5029479629169986,""score"":50.147398145849934},""R4_rr_potential"":{""value"":13.878432040815227,""score"":100.0},""_score"":71.71},""market"":{""M1_spy_regime"":{""score"":100.0},""M3_earnings_risk"":{""value"":null,""score"":80.0},""M4_vix"":{""value"":null,""score"":60.0},""_score"":84.0},""liquidity"":{""L1_price"":{""value"":385.47,""score"":100.0},""L2_dollar_vol"":{""value"":1170714965.9894896,""score"":100.0},""L3_spread_proxy"":{""value"":0.037616416322930446,""score"":62.38358367706955},""L4_volume_zscore"":{""value"":0.8237505005896872,""score"":100.0},""_score"":96.24},""pattern_structure"":{""n_contractions"":5,""contractions_pct"":[11.22,13.75,21.64,10.75,8.76],""descending_strict"":false,""final_low"":381.51,""final_pivot"":418.15,""structural_low"":381.51,""dry_up_ratio"":0.8500758471446427,""current_price"":385.47,""neckline_distance_pct"":0.08477961968505966,""base_bars"":42},""pattern_geometry_features"":{""contraction_count"":5.0,""first_contraction_pct"":0.11220794271641724,""last_contraction_pct"":0.0876240583522659,""dry_up_ratio"":0.8500758471446427,""near_monotone"":0.0,""base_depth_pct"":0.2104674986030918},""_schema_version"":""1.0""}",,,,,,,,,,
20260520T193044Z-73e07b,2026-05-20T19:30:44.960382+00:00,TATT,double_bottom,breakout_confirmed,48.75,32.8,52.4,43.3,52.1,59.3,22.6,33.5,84.0,68.0,4.93,13.1,3.47,7.3,7.71,1.81,2.01,5.04,3.4,False,,39.4,34.6,31.5495,37.17,"{""trend"":{""T1_ema_stack"":{""value"":[true,false,false],""score"":33.33333333333333},""T2_ema50_slope"":{""value"":-0.7492915686684166,""score"":0},""T3_high_proximity"":{""value"":0.644791751902463,""score"":0},""T4_rs_1m"":{""value"":0.04754646894833381,""score"":97.54646894833381},""T5_rs_3m"":{""value"":-0.3385053631127223,""score"":0},""T6_adr_healthy"":{""value"":4.693768114412148,""score"":100.0},""_score"":32.84},""geometry"":{""sub_low_similarity"":47.0,""sub_bounce_quality"":71.8,""sub_separation_fit"":100.0,""sub_right_bottom_reaction"":19.5,""sub_base_context"":30.0,""_score"":52.38},""compression"":{""VC1_atr_ratio"":{""value"":0.50972083758664,""score"":100},""VC2_range_contraction"":{""value"":0.9535401882411594,""score"":7.74330195980677},""VC3_range_pct_rank"":{""score"":2.500000000000002},""_score"":43.34},""sr_quality"":{""SR1_touches"":{""value"":2,""score"":25.0},""SR2_tightness"":{""value"":0.03500000000000014,""score"":96.556994045005},""SR3_recency"":{""value"":266,""score"":0.0},""SR4_price_location"":{""score"":60.48603735865543},""SR5_reaction"":{""value"":2.5355033639573494,""score"":100},""_score"":52.11,""_levels_found"":6,""_target_level"":40.665},""volume"":{""V1_rvol_day"":{""value"":2.71678682557499,""score"":100},""V2_rvol_sameslot"":{""value"":1.1109084503769862,""score"":40.727230025132414,""status"":""ok""},""V3_breakout_bar"":{""value"":0.4974328397554077,""score"":0},""V4_base_dryup"":{""value"":0.6911737969287615,""score"":80.88262030712386},""V5_bo_expansion"":{""value"":2.7167868255749905,""score"":100},""_score"":59.32},""readiness"":{""_distance_atr"":-2.361,""BR1_atr_distance"":{""score"":12.781632617211535},""BR2_compression"":{""score"":0},""BR3_retest"":{""score"":50.0},""BR4_bo_age"":{""score"":50.0},""_score"":22.61},""risk"":{""R1_stop_clarity"":{""score"":52.73736539779003},""R2_stop_distance_pct"":{""value"":19.924999999999997,""score"":0.0},""R3_stop_distance_atr"":{""value"":3.861306585627207,""score"":100.0},""R4_rr_potential"":{""value"":-0.28406014941818586,""score"":0.0},""_score"":33.46},""market"":{""M1_spy_regime"":{""score"":100.0},""M3_earnings_risk"":{""value"":null,""score"":80.0},""M4_vix"":{""value"":null,""score"":60.0},""_score"":84.0},""liquidity"":{""L1_price"":{""value"":39.4,""score"":100.0},""L2_dollar_vol"":{""value"":18822084.8854242,""score"":63.73338638518247},""L3_spread_proxy"":{""value"":0.11967005076142123,""score"":0},""L4_volume_zscore"":{""value"":3.125158810836664,""score"":70.0},""_score"":67.99},""pattern_structure"":{""left_low"":32.89,""left_idx"":45,""right_low"":32.03,""right_idx"":67,""separation_bars"":22,""structural_low"":32.03,""current_price"":39.49,""neckline_distance_pct"":-0.1238288174221322,""base_bars"":22},""pattern_geometry_features"":{""low_similarity_pct"":0.02649414664202093,""bounce_pct"":0.08023727755229473,""right_bottom_reaction"":0.19512195121950965,""atr_pct"":0.05160170413343001},""_schema_version"":""1.0""}",,,,,,,,,,
20260520T193044Z-73e07b,2026-05-20T19:30:44.960382+00:00,AMPL,double_bottom,forming,48.72,7.8,65.7,48.8,39.7,24.9,68.5,68.8,84.0,75.3,1.18,16.43,3.9,5.56,3.24,5.48,4.13,5.04,3.77,False,,6.48,6.655,6.0922,7.125,"{""trend"":{""T1_ema_stack"":{""value"":[false,false,false],""score"":0.0},""T2_ema50_slope"":{""value"":-0.22809644434460843,""score"":11.983925942565257},""T3_high_proximity"":{""value"":0.8059701492537314,""score"":2.9850746268657025},""T4_rs_1m"":{""value"":-0.12606960248023735,""score"":0},""T5_rs_3m"":{""value"":-0.17687365656692267,""score"":0},""T6_adr_healthy"":{""value"":5.934457194698771,""score"":100.0},""_score"":7.84},""geometry"":{""sub_low_similarity"":87.1,""sub_bounce_quality"":65.7,""sub_separation_fit"":53.3,""sub_right_bottom_reaction"":83.1,""sub_base_context"":30.0,""_score"":65.73},""compression"":{""VC1_atr_ratio"":{""value"":0.39442972422401734,""score"":100},""VC2_range_contraction"":{""value"":1.2669303418142583,""score"":0},""VC3_range_pct_rank"":{""score"":35.0},""_score"":48.75},""sr_quality"":{""SR1_touches"":{""value"":2,""score"":25.0},""SR2_tightness"":{""value"":0.0,""score"":100},""SR3_recency"":{""value"":254,""score"":0.0},""SR4_price_location"":{""score"":8.800000000000097},""SR5_reaction"":{""value"":2.162944420542105,""score"":100},""_score"":39.7,""_levels_found"":6,""_target_level"":7.05},""volume"":{""V1_rvol_day"":{""value"":0.7330643101737178,""score"":15.537620678247851},""V2_rvol_sameslot"":{""value"":0.7995148571220325,""score"":19.967657141468834,""status"":""ok""},""V3_breakout_bar"":{""value"":0.7906176267297569,""score"":19.37450844865046},""V4_base_dryup"":{""value"":0.8515369695274679,""score"":64.8463030472532},""V5_bo_expansion"":{""value"":0.7330643101737178,""score"":0},""_score"":24.91},""readiness"":{""_distance_atr"":0.319,""BR1_atr_distance"":{""score"":78.705188545999},""BR2_compression"":{""score"":77.93107735782472},""BR3_retest"":{""score"":50.0},""BR4_bo_age"":{""score"":50.0},""_score"":68.46},""risk"":{""R1_stop_clarity"":{""score"":66.13212344037217},""R2_stop_distance_pct"":{""value"":5.9841820987654515,""score"":100.0},""R3_stop_distance_atr"":{""value"":0.7077939009921668,""score"":60.389695049608335},""R4_rr_potential"":{""value"":1.6633356972471105,""score"":33.16678486235553},""_score"":68.84},""market"":{""M1_spy_regime"":{""score"":100.0},""M3_earnings_risk"":{""value"":null,""score"":80.0},""M4_vix"":{""value"":null,""score"":60.0},""_score"":84.0},""liquidity"":{""L1_price"":{""value"":6.48,""score"":98.24000000000001},""L2_dollar_vol"":{""value"":11941722.510006242,""score"":53.85334876276522},""L3_spread_proxy"":{""value"":0.0578858024691359,""score"":42.114197530864104},""L4_volume_zscore"":{""value"":-0.413620204747054,""score"":100.0},""_score"":75.31},""pattern_structure"":{""left_low"":6.185,""left_idx"":37,""right_low"":6.225,""right_idx"":74,""separation_bars"":37,""structural_low"":6.185,""current_price"":6.465,""neckline_distance_pct"":0.029389017788089774,""base_bars"":37},""pattern_geometry_features"":{""low_similarity_pct"":0.0064464141821112065,""bounce_pct"":0.07599029911075193,""right_bottom_reaction"":0.8307692307692317,""atr_pct"":0.08454695767195766},""_schema_version"":""1.0""}",,,,,,,,,,
20260520T193044Z-73e07b,2026-05-20T19:30:44.960382+00:00,EXPO,high_tight_pullback,absent,48.7,5.0,49.1,40.5,57.4,55.8,49.4,73.9,84.0,85.1,0.6,17.18,4.05,4.59,7.81,4.45,0.74,5.04,4.25,False,,57.4,59.92,54.9778,67.93,"{""trend"":{""T1_ema_stack"":{""value"":[false,false,false],""score"":0.0},""T2_ema50_slope"":{""value"":-0.36318678141538335,""score"":0},""T3_high_proximity"":{""value"":0.7723358449946179,""score"":0},""T4_rs_1m"":{""value"":-0.2112508672544149,""score"":0},""T5_rs_3m"":{""value"":-0.26272077034699737,""score"":0},""T6_adr_healthy"":{""value"":4.084800833108467,""score"":100.0},""_score"":5.0},""geometry"":{""sub_pole_impulse"":56.3,""sub_flag_tightness"":33.2,""sub_flag_shallowness"":11.2,""sub_flag_drift"":91.0,""sub_flag_duration"":80.0,""_score"":49.08},""compression"":{""VC1_atr_ratio"":{""value"":0.6887724673546473,""score"":77.80688316133818},""VC2_range_contraction"":{""value"":1.4759050370216782,""score"":0},""VC3_range_pct_rank"":{""score"":37.5},""_score"":40.5},""sr_quality"":{""SR1_touches"":{""value"":5,""score"":100},""SR2_tightness"":{""value"":0.5103469408157553,""score"":62.54324561049663},""SR3_recency"":{""value"":243,""score"":0.0},""SR4_price_location"":{""score"":25.5337497608121},""SR5_reaction"":{""value"":1.5502207974332844,""score"":77.51103987166422},""_score"":57.39,""_levels_found"":4,""_target_level"":64.164},""volume"":{""V1_rvol_day"":{""value"":0.8453185262092376,""score"":23.021235080615842},""V2_rvol_sameslot"":{""value"":2.0754286671678006,""score"":100,""status"":""ok""},""V3_breakout_bar"":{""value"":2.0386471711417053,""score"":100},""V4_base_dryup"":{""value"":1.191588707853877,""score"":30.84112921461231},""V5_bo_expansion"":{""value"":0.8453185262092376,""score"":0},""_score"":55.77},""readiness"":{""_distance_atr"":0.925,""BR1_atr_distance"":{""score"":38.34846225022864},""BR2_compression"":{""score"":66.1915302749318},""BR3_retest"":{""score"":50.0},""BR4_bo_age"":{""score"":50.0},""_score"":49.39},""risk"":{""R1_stop_clarity"":{""score"":38.55213250886609},""R2_stop_distance_pct"":{""value"":4.219904181184677,""score"":100.0},""R3_stop_distance_atr"":{""value"":0.8888922382496429,""score"":69.44461191248215},""R4_rr_potential"":{""value"":4.347242721051921,""score"":100.0},""_score"":73.91},""market"":{""M1_spy_regime"":{""score"":100.0},""M3_earnings_risk"":{""value"":null,""score"":80.0},""M4_vix"":{""value"":null,""score"":60.0},""_score"":84.0},""liquidity"":{""L1_price"":{""value"":57.4,""score"":100.0},""L2_dollar_vol"":{""value"":25804979.4096836,""score"":70.58517584368671},""L3_spread_proxy"":{""value"":0.03162020905923353,""score"":68.37979094076647},""L4_volume_zscore"":{""value"":-0.4425147948734504,""score"":100.0},""_score"":85.07},""pattern_structure"":{""pole_low"":51.91,""pole_low_idx"":27,""peak_price"":59.92,""peak_idx"":48,""pole_gain"":0.154305528799846,""flag_bars"":11,""flag_low"":55.815,""flag_high"":59.52,""structural_low"":55.815,""current_price"":57.25,""neckline_distance_pct"":0.04663755458515287,""base_bars"":11},""pattern_geometry_features"":{""pole_gain"":0.154305528799846,""pullback_pct"":0.06850801068090794,""flag_range_pct"":0.06183244325767699,""flag_drift_per_bar"":-0.0017913335450575297,""atr_pct"":0.04747374315579892,""pole_atr_multiple"":3.250334154049059},""_schema_version"":""1.0""}",,,,,,,,,,
20260520T193044Z-73e07b,2026-05-20T19:30:44.960382+00:00,APPF,breakout_retest_hold,setup,48.69,26.8,43.4,41.5,63.7,20.3,63.2,65.3,84.0,83.2,3.76,9.55,2.49,8.92,2.64,11.38,3.26,4.2,2.5,False,,161.44,152.85,150.9107,153.68,"{""trend"":{""T1_ema_stack"":{""value"":[true,false,false],""score"":33.33333333333333},""T2_ema50_slope"":{""value"":-0.10996580424764524,""score"":31.67236595872579},""T3_high_proximity"":{""value"":0.8444839671496575,""score"":22.241983574828705},""T4_rs_1m"":{""value"":-0.03085174375640265,""score"":19.148256243597352},""T5_rs_3m"":{""value"":-0.16660507064812502,""score"":0},""T6_adr_healthy"":{""value"":4.622914117010722,""score"":100.0},""_score"":26.83},""geometry"":{""sub_retest_depth"":78.0,""sub_retest_timing"":0.0,""sub_retest_freshness"":100.0,""sub_hold_quality"":0.0,""_score"":43.4},""compression"":{""VC1_atr_ratio"":{""value"":0.46010170334264866,""score"":100},""VC2_range_contraction"":{""value"":1.0998002216447218,""score"":0},""VC3_range_pct_rank"":{""score"":5.833333333333335},""_score"":41.46},""sr_quality"":{""SR1_touches"":{""value"":3,""score"":50.0},""SR2_tightness"":{""value"":1.5616871218866646,""score"":60.76710911879148},""SR3_recency"":{""value"":238,""score"":0.0},""SR4_price_location"":{""score"":98.47848321682453},""SR5_reaction"":{""value"":2.8136774115079386,""score"":100},""_score"":63.73,""_levels_found"":7,""_target_level"":161.62},""volume"":{""V1_rvol_day"":{""value"":0.5101542434877361,""score"":0.6769495658490721},""V2_rvol_sameslot"":{""value"":0.6511518789381355,""score"":10.076791929209035,""status"":""ok""},""V3_breakout_bar"":{""value"":0.8460046434444889,""score"":23.066976229632594},""V4_base_dryup"":{""value"":0.8796224629098476,""score"":62.03775370901524},""V5_bo_expansion"":{""value"":0.5101542434877362,""score"":0},""_score"":20.33},""readiness"":{""_distance_atr"":-1.079,""BR1_atr_distance"":{""score"":38.42009913852392},""BR2_compression"":{""score"":95.41482157691445},""BR3_retest"":{""score"":97.39358007639336},""BR4_bo_age"":{""score"":30.0},""_score"":63.2},""risk"":{""R1_stop_clarity"":{""score"":61.70509676578463},""R2_stop_distance_pct"":{""value"":6.522144449950443,""score"":100.0},""R3_stop_distance_atr"":{""value"":1.3225979577170133,""score"":91.12989788585067},""R4_rr_potential"":{""value"":-0.736987563334871,""score"":0.0},""_score"":65.27},""market"":{""M1_spy_regime"":{""score"":100.0},""M3_earnings_risk"":{""value"":null,""score"":80.0},""M4_vix"":{""value"":null,""score"":60.0},""_score"":84.0},""liquidity"":{""L1_price"":{""value"":161.44,""score"":100.0},""L2_dollar_vol"":{""value"":29723722.990750723,""score"":73.65516026296604},""L3_spread_proxy"":{""value"":0.062344524281466765,""score"":37.65547571853323},""L4_volume_zscore"":{""value"":-1.1361531096529653,""score"":100.0},""_score"":83.23},""pattern_structure"":{""level"":152.85,""level_idx"":48,""breakout_idx"":56,""bo_peak_idx"":68,""bo_peak_price"":168.18,""retest_idx"":74,""retest_low"":152.435,""structural_low"":152.435,""current_price"":161.44,""neckline_distance_pct"":-0.05320862239841429,""base_bars"":31,""bars_since_breakout"":23},""pattern_geometry_features"":{""retest_depth_atr"":0.14580661675947645,""bars_breakout_to_retest"":18.0,""bars_since_retest"":5.0,""current_above_level_atr"":3.01802129629862,""bo_peak_excess_pct"":0.10029440628066741,""atr_pct"":0.04931312960144415},""_schema_version"":""1.0""}",,,,,,,,,,
20260520T193044Z-73e07b,2026-05-20T19:30:44.960382+00:00,CTRE,bull_flag,absent,48.46,77.0,40.8,45.6,39.4,23.2,28.0,64.3,84.0,93.2,10.78,12.24,4.11,3.94,3.25,2.52,1.93,5.04,4.66,True,risk_unclear,41.37,43.08,39.9319,46.78,"{""trend"":{""T1_ema_stack"":{""value"":[true,true,true],""score"":100.0},""T2_ema50_slope"":{""value"":0.134663293336536,""score"":72.443882222756},""T3_high_proximity"":{""value"":0.9747879359095193,""score"":87.39396795475962},""T4_rs_1m"":{""value"":0.02668326509014829,""score"":76.6832650901483},""T5_rs_3m"":{""value"":-0.046097883969479,""score"":26.9510580152605},""T6_adr_healthy"":{""value"":2.262076972871483,""score"":100.0},""_score"":76.98},""geometry"":{""sub_pole_impulse"":70.1,""sub_flag_tightness"":20.5,""sub_flag_shallowness"":0,""sub_flag_drift"":97.6,""sub_flag_duration"":0.0,""_score"":40.79},""compression"":{""VC1_atr_ratio"":{""value"":0.7646147890050337,""score"":58.846302748741586},""VC2_range_contraction"":{""value"":1.203351742326154,""score"":0},""VC3_range_pct_rank"":{""score"":88.33333333333333},""_score"":45.62},""sr_quality"":{""SR1_touches"":{""value"":2,""score"":25.0},""SR2_tightness"":{""value"":0.19000000000000128,""score"":62.79720279720258},""SR3_recency"":{""value"":271,""score"":0.0},""SR4_price_location"":{""score"":30.0},""SR5_reaction"":{""value"":3.4657342657342625,""score"":100},""_score"":39.42,""_levels_found"":5,""_target_level"":41.17},""volume"":{""V1_rvol_day"":{""value"":0.5438402329853859,""score"":2.922682199025724},""V2_rvol_sameslot"":{""value"":0.8290476755334591,""score"":21.93651170223061,""status"":""ok""},""V3_breakout_bar"":{""value"":0.37380970090832644,""score"":0},""V4_base_dryup"":{""value"":0.5864371408932862,""score"":91.35628591067137},""V5_bo_expansion"":{""value"":0.5438402329853859,""score"":0},""_score"":23.24},""readiness"":{""_distance_atr"":1.674,""BR1_atr_distance"":{""score"":0},""BR2_compression"":{""score"":41.934442782558534},""BR3_retest"":{""score"":50.0},""BR4_bo_age"":{""score"":50.0},""_score"":27.98},""risk"":{""R1_stop_clarity"":{""score"":0},""R2_stop_distance_pct"":{""value"":3.476190476190473,""score"":100.0},""R3_stop_distance_atr"":{""value"":1.4079300699300674,""score"":95.39650349650337},""R4_rr_potential"":{""value"":3.761908073152077,""score"":100.0},""_score"":64.31},""market"":{""M1_spy_regime"":{""score"":100.0},""M3_earnings_risk"":{""value"":null,""score"":80.0},""M4_vix"":{""value"":null,""score"":60.0},""_score"":84.0},""liquidity"":{""L1_price"":{""value"":41.37,""score"":100.0},""L2_dollar_vol"":{""value"":52438617.03136896,""score"":85.9825614739715},""L3_spread_proxy"":{""value"":0.0123277737490935,""score"":87.6722262509065},""L4_volume_zscore"":{""value"":-0.606406734894904,""score"":100.0},""_score"":93.16},""pattern_structure"":{""pole_low"":39.38,""pole_low_idx"":5,""peak_price"":43.08,""peak_idx"":30,""pole_gain"":0.09395632300660223,""flag_bars"":29,""flag_low"":40.54,""flag_high"":42.47,""structural_low"":40.54,""current_price"":41.38,""neckline_distance_pct"":0.04108264862252285,""base_bars"":29},""pattern_geometry_features"":{""pole_gain"":0.09395632300660223,""pullback_pct"":0.058960074280408524,""flag_range_pct"":0.0448003714020427,""flag_drift_per_bar"":-0.000481420547752778,""atr_pct"":0.024690079077316227,""pole_atr_multiple"":3.8054281929345337},""_schema_version"":""1.0""}",,,,,,,,,,
20260520T193044Z-73e07b,2026-05-20T19:30:44.960382+00:00,GDYN,ascending_triangle,setup,48.43,69.0,33.6,40.6,56.9,22.1,57.5,38.1,84.0,72.6,10.35,9.41,3.25,7.97,2.66,4.6,1.52,5.04,3.63,False,,7.065,7.06,5.9543,8.075,"{""trend"":{""T1_ema_stack"":{""value"":[true,true,false],""score"":66.66666666666666},""T2_ema50_slope"":{""value"":0.047948922068314526,""score"":57.99148701138576},""T3_high_proximity"":{""value"":0.9812500000000001,""score"":90.62500000000001},""T4_rs_1m"":{""value"":0.14567373892412094,""score"":100},""T5_rs_3m"":{""value"":-0.07117197579391088,""score"":14.414012103044563},""T6_adr_healthy"":{""value"":7.08671797941181,""score"":100.0},""_score"":69.02},""geometry"":{""sub_flat_top_quality"":33.3,""sub_hl_slope"":51.6,""sub_compression"":14.5,""sub_duration"":30.0,""_score"":33.59},""compression"":{""VC1_atr_ratio"":{""value"":0.586562182023569,""score"":100},""VC2_range_contraction"":{""value"":1.1787041718695455,""score"":0},""VC3_range_pct_rank"":{""score"":2.500000000000002},""_score"":40.62},""sr_quality"":{""SR1_touches"":{""value"":2,""score"":25.0},""SR2_tightness"":{""value"":0.0674999999999999,""score"":74.70353615118992},""SR3_recency"":{""value"":233,""score"":0.0},""SR4_price_location"":{""score"":92.91158536585368},""SR5_reaction"":{""value"":1.9956099258505762,""score"":99.78049629252881},""_score"":56.9,""_levels_found"":5,""_target_level"":7.1425},""volume"":{""V1_rvol_day"":{""value"":0.8322986419233903,""score"":22.153242794892687},""V2_rvol_sameslot"":{""value"":1.038172991954106,""score"":35.87819946360707,""status"":""ok""},""V3_breakout_bar"":{""value"":1.1321852170902018,""score"":42.145681139346785},""V4_base_dryup"":{""value"":1.7411951924611078,""score"":0},""V5_bo_expansion"":{""value"":0.8322986419233903,""score"":0},""_score"":22.14},""readiness"":{""_distance_atr"":-0.009,""BR1_atr_distance"":{""score"":100.0},""BR2_compression"":{""score"":0},""BR3_retest"":{""score"":50.0},""BR4_bo_age"":{""score"":50.0},""_score"":57.5},""risk"":{""R1_stop_clarity"":{""score"":66.01841689643172},""R2_stop_distance_pct"":{""value"":15.720806794055209,""score"":0.0},""R3_stop_distance_atr"":{""value"":2.0811962952057184,""score"":100.0},""R4_rr_potential"":{""value"":0.909356922592116,""score"":0.0},""_score"":38.11},""market"":{""M1_spy_regime"":{""score"":100.0},""M3_earnings_risk"":{""value"":null,""score"":80.0},""M4_vix"":{""value"":null,""score"":60.0},""_score"":84.0},""liquidity"":{""L1_price"":{""value"":7.065,""score"":98.5325},""L2_dollar_vol"":{""value"":14109659.746569406,""score"":57.47582704502045},""L3_spread_proxy"":{""value"":0.12951167728237792,""score"":0},""L4_volume_zscore"":{""value"":-0.21719972550157404,""score"":100.0},""_score"":72.62},""pattern_structure"":{""top"":7.06,""top_touches"":2,""low_slope_per_bar"":0.009356740677786041,""lowest_low"":6.045,""structural_low"":6.045,""current_price"":7.065,""neckline_distance_pct"":-0.0007077140835103725,""base_bars"":74},""pattern_geometry_features"":{""top_touches"":2.0,""low_slope"":0.009356740677786041,""compression"":0.07267002206629769,""atr_pct"":0.07553735719340816},""_schema_version"":""1.0""}",,,,,,,,,,
20260520T193044Z-73e07b,2026-05-20T19:30:44.960382+00:00,MGNI,inverse_head_shoulders,forming,48.34,42.8,54.9,44.7,45.5,8.0,48.6,76.8,84.0,81.4,5.14,15.36,3.58,6.37,1.12,3.89,4.6,4.2,4.07,False,,13.095,13.93,12.1647,15.51,"{""trend"":{""T1_ema_stack"":{""value"":[false,true,false],""score"":33.33333333333333},""T2_ema50_slope"":{""value"":0.09983163875408747,""score"":66.63860645901458},""T3_high_proximity"":{""value"":0.9247881355932204,""score"":62.394067796610166},""T4_rs_1m"":{""value"":-0.05063709920369752,""score"":0},""T5_rs_3m"":{""value"":-0.009420017046244178,""score"":45.28999147687791},""T6_adr_healthy"":{""value"":5.129718617671767,""score"":100.0},""_score"":42.81},""geometry"":{""sub_head_depth"":82.1,""sub_shoulder_price_sym"":90.0,""sub_shoulder_time_sym"":15.8,""sub_right_shoulder_reaction"":22.9,""sub_base_context"":30.0,""_score"":54.87},""compression"":{""VC1_atr_ratio"":{""value"":0.706824910733574,""score"":73.29377231660649},""VC2_range_contraction"":{""value"":1.3510545648948886,""score"":0},""VC3_range_pct_rank"":{""score"":61.66666666666667},""_score"":44.73},""sr_quality"":{""SR1_touches"":{""value"":2,""score"":25.0},""SR2_tightness"":{""value"":0.10000000000000053,""score"":73.420665432626},""SR3_recency"":{""value"":241,""score"":0.0},""SR4_price_location"":{""score"":47.972333812454835},""SR5_reaction"":{""value"":2.093122597180691,""score"":100},""_score"":45.51,""_levels_found"":7,""_target_level"":13.7},""volume"":{""V1_rvol_day"":{""value"":0.5195055450585712,""score"":1.3003696705714107},""V2_rvol_sameslot"":{""value"":0.4692889930598586,""score"":0,""status"":""ok""},""V3_breakout_bar"":{""value"":0.5205105427838886,""score"":1.3673695189259094},""V4_base_dryup"":{""value"":1.1299864883746777,""score"":37.001351162532224},""V5_bo_expansion"":{""value"":0.5195055450585712,""score"":0},""_score"":8.0},""readiness"":{""_distance_atr"":1.11,""BR1_atr_distance"":{""score"":26.020852120809494},""BR2_compression"":{""score"":82.91886516228494},""BR3_retest"":{""score"":50.0},""BR4_bo_age"":{""score"":50.0},""_score"":48.64},""risk"":{""R1_stop_clarity"":{""score"":50.76178271393994},""R2_stop_distance_pct"":{""value"":7.103856433753347,""score"":100.0},""R3_stop_distance_atr"":{""value"":1.236271299064978,""score"":86.8135649532489},""R4_rr_potential"":{""value"":2.5960763235689295,""score"":79.80381617844647},""_score"":76.75},""market"":{""M1_spy_regime"":{""score"":100.0},""M3_earnings_risk"":{""value"":null,""score"":80.0},""M4_vix"":{""value"":null,""score"":60.0},""_score"":84.0},""liquidity"":{""L1_price"":{""value"":13.095,""score"":100.0},""L2_dollar_vol"":{""value"":19054957.67003205,""score"":64.00039941691045},""L3_spread_proxy"":{""value"":0.04161893852615502,""score"":58.38106147384498},""L4_volume_zscore"":{""value"":-1.1461517233733236,""score"":100.0},""_score"":81.44},""pattern_structure"":{""left_shoulder"":13.22,""left_shoulder_idx"":57,""head"":12.35,""head_idx"":76,""right_shoulder"":13.115,""right_shoulder_idx"":87,""left_to_head_bars"":19,""head_to_right_bars"":11,""structural_low"":12.35,""current_price"":13.081,""neckline_distance_pct"":0.06490329485513342,""base_bars"":30},""pattern_geometry_features"":{""head_depth_pct"":0.06208467818492506,""shoulder_price_asymmetry"":0.00797417884943994,""shoulder_time_asymmetry"":0.42105263157894735,""right_shoulder_reaction"":0.2285714285714251,""atr_pct"":0.057461953853706435},""_schema_version"":""1.0""}",,,,,,,,,,
20260520T193044Z-73e07b,2026-05-20T19:30:44.960382+00:00,SAIL,ascending_triangle,forming,48.24,45.2,55.0,45.6,40.6,10.3,62.4,37.8,84.0,78.9,6.77,15.4,3.65,5.69,1.24,4.99,1.51,5.04,3.95,False,,14.63,15.09,12.5504,17.4385,"{""trend"":{""T1_ema_stack"":{""value"":[true,false,false],""score"":33.33333333333333},""T2_ema50_slope"":{""value"":-0.22977740120208398,""score"":11.703766466319337},""T3_high_proximity"":{""value"":0.9265357821405954,""score"":63.26789107029768},""T4_rs_1m"":{""value"":0.15134111180547682,""score"":100},""T5_rs_3m"":{""value"":-0.1482704472176697,""score"":0},""T6_adr_healthy"":{""value"":5.841630517409713,""score"":100.0},""_score"":45.16},""geometry"":{""sub_flat_top_quality"":33.3,""sub_hl_slope"":100,""sub_compression"":0,""sub_duration"":100.0,""_score"":54.99},""compression"":{""VC1_atr_ratio"":{""value"":0.5236137792706117,""score"":100},""VC2_range_contraction"":{""value"":1.0207015764455105,""score"":0},""VC3_range_pct_rank"":{""score"":22.499999999999996},""_score"":45.62},""sr_quality"":{""SR1_touches"":{""value"":2,""score"":25.0},""SR2_tightness"":{""value"":0.18395000000000117,""score"":56.76524162476575},""SR3_recency"":{""value"":246,""score"":0.0},""SR4_price_location"":{""score"":38.47549216169258},""SR5_reaction"":{""value"":4.537416793277987,""score"":100},""_score"":40.63,""_levels_found"":6,""_target_level"":16.2411},""volume"":{""V1_rvol_day"":{""value"":0.44117955261630293,""score"":0},""V2_rvol_sameslot"":{""value"":0.3687313381770672,""score"":0,""status"":""ok""},""V3_breakout_bar"":{""value"":0.2882281398714489,""score"":0},""V4_base_dryup"":{""value"":0.9830037409690933,""score"":51.69962590309068},""V5_bo_expansion"":{""value"":0.44117955261630293,""score"":0},""_score"":10.34},""readiness"":{""_distance_atr"":0.541,""BR1_atr_distance"":{""score"":63.96124154642097},""BR2_compression"":{""score"":77.07065172991211},""BR3_retest"":{""score"":50.0},""BR4_bo_age"":{""score"":50.0},""_score"":62.35},""risk"":{""R1_stop_clarity"":{""score"":55.079450352972664},""R2_stop_distance_pct"":{""value"":14.214781271360225,""score"":0.0},""R3_stop_distance_atr"":{""value"":2.4439243353954896,""score"":100.0},""R4_rr_potential"":{""value"":1.3504854847454264,""score"":17.52427423727132},""_score"":37.78},""market"":{""M1_spy_regime"":{""score"":100.0},""M3_earnings_risk"":{""value"":null,""score"":80.0},""M4_vix"":{""value"":null,""score"":60.0},""_score"":84.0},""liquidity"":{""L1_price"":{""value"":14.63,""score"":100.0},""L2_dollar_vol"":{""value"":20152811.7854525,""score"":65.2167824437409},""L3_spread_proxy"":{""value"":0.07144907723855087,""score"":28.55092276144913},""L4_volume_zscore"":{""value"":-1.1975013039471334,""score"":100.0},""_score"":78.94},""pattern_structure"":{""top"":15.09,""top_touches"":2,""low_slope_per_bar"":0.09236480169971664,""lowest_low"":12.7415,""structural_low"":12.7415,""current_price"":14.655,""neckline_distance_pct"":0.029682702149437086,""base_bars"":30},""pattern_geometry_features"":{""top_touches"":2.0,""low_slope"":0.09236480169971664,""compression"":-0.28182594096736935,""atr_pct"":0.0581637535396934},""_schema_version"":""1.0""}",,,,,,,,,,
20260520T193044Z-73e07b,2026-05-20T19:30:44.960382+00:00,XEL,double_bottom,absent,47.8,46.5,39.0,66.4,49.1,15.9,49.3,48.1,84.0,98.9,6.97,9.76,5.32,6.88,2.07,3.95,2.89,5.04,4.94,True,risk_unclear,80.0299,81.18,76.372,84.825,"{""trend"":{""T1_ema_stack"":{""value"":[true,false,true],""score"":66.66666666666666},""T2_ema50_slope"":{""value"":0.017960268910460486,""score"":52.993378151743414},""T3_high_proximity"":{""value"":0.9537587891788821,""score"":76.87939458944103},""T4_rs_1m"":{""value"":-0.03977200149750759,""score"":10.227998502492412},""T5_rs_3m"":{""value"":-0.09167763506110038,""score"":4.1611824694498125},""T6_adr_healthy"":{""value"":1.9014258341202972,""score"":100.0},""_score"":46.47},""geometry"":{""sub_low_similarity"":42.7,""sub_bounce_quality"":24.3,""sub_separation_fit"":0.0,""sub_right_bottom_reaction"":9.0,""sub_base_context"":100.0,""_score"":39.02},""compression"":{""VC1_atr_ratio"":{""value"":0.5087760895937682,""score"":100},""VC2_range_contraction"":{""value"":0.9109763350264829,""score"":14.837277495586184},""VC3_range_pct_rank"":{""score"":85.0},""_score"":66.44},""sr_quality"":{""SR1_touches"":{""value"":3,""score"":50.0},""SR2_tightness"":{""value"":0.32714251057027344,""score"":56.515593183158494},""SR3_recency"":{""value"":246,""score"":0.0},""SR4_price_location"":{""score"":42.52519214346708},""SR5_reaction"":{""value"":3.0815729092491515,""score"":100},""_score"":49.11,""_levels_found"":7,""_target_level"":82.2733},""volume"":{""V1_rvol_day"":{""value"":0.44298652665761606,""score"":0},""V2_rvol_sameslot"":{""value"":0.4701353169731657,""score"":0,""status"":""ok""},""V3_breakout_bar"":{""value"":0.772295745641892,""score"":18.153049709459466},""V4_base_dryup"":{""value"":0.9309730035770237,""score"":56.90269964229763},""V5_bo_expansion"":{""value"":0.4429865266576162,""score"":0},""_score"":15.92},""readiness"":{""_distance_atr"":0.764,""BR1_atr_distance"":{""score"":49.04217105783643},""BR2_compression"":{""score"":48.9070476796288},""BR3_retest"":{""score"":50.0},""BR4_bo_age"":{""score"":50.0},""_score"":49.34},""risk"":{""R1_stop_clarity"":{""score"":0},""R2_stop_distance_pct"":{""value"":4.5706979516405815,""score"":100.0},""R3_stop_distance_atr"":{""value"":2.4310918585331174,""score"":100.0},""R4_rr_potential"":{""value"":1.3108798020735832,""score"":15.543990103679162},""_score"":48.11},""market"":{""M1_spy_regime"":{""score"":100.0},""M3_earnings_risk"":{""value"":null,""score"":80.0},""M4_vix"":{""value"":null,""score"":60.0},""_score"":84.0},""liquidity"":{""L1_price"":{""value"":80.0299,""score"":100.0},""L2_dollar_vol"":{""value"":181604643.3413843,""score"":100.0},""L3_spread_proxy"":{""value"":0.011308273532767144,""score"":88.69172646723285},""L4_volume_zscore"":{""value"":-1.4854549268230137,""score"":100.0},""_score"":98.87},""pattern_structure"":{""left_low"":79.79,""left_idx"":20,""right_low"":77.535,""right_idx"":67,""separation_bars"":47,""structural_low"":77.535,""current_price"":80.02,""neckline_distance_pct"":0.01449637590602363,""base_bars"":47},""pattern_geometry_features"":{""low_similarity_pct"":0.028666772604481295,""bounce_pct"":0.04701102727800362,""right_bottom_reaction"":0.08965517241378891,""atr_pct"":0.018801008837232784},""_schema_version"":""1.0""}",,,,,,,,,,
20260520T193044Z-73e07b,2026-05-20T19:30:44.960382+00:00,PCTY,breakout_retest_hold,setup,47.72,51.7,41.4,42.7,43.2,19.2,57.0,64.3,84.0,86.6,7.24,9.1,2.56,6.04,2.49,10.27,3.22,4.2,2.6,False,,112.265,106.83,105.5934,107.17,"{""trend"":{""T1_ema_stack"":{""value"":[true,false,false],""score"":33.33333333333333},""T2_ema50_slope"":{""value"":-0.06789541890468408,""score"":38.684096849219316},""T3_high_proximity"":{""value"":0.9347626977518735,""score"":67.38134887593672},""T4_rs_1m"":{""value"":0.031855107944473104,""score"":81.8551079444731},""T5_rs_3m"":{""value"":-0.04452402530678534,""score"":27.73798734660733},""T6_adr_healthy"":{""value"":4.646484079578263,""score"":100.0},""_score"":51.71},""geometry"":{""sub_retest_depth"":71.2,""sub_retest_timing"":0.0,""sub_retest_freshness"":100.0,""sub_hold_quality"":0.0,""_score"":41.36},""compression"":{""VC1_atr_ratio"":{""value"":0.4442381305624558,""score"":100},""VC2_range_contraction"":{""value"":1.217447679487039,""score"":0},""VC3_range_pct_rank"":{""score"":10.833333333333329},""_score"":42.71},""sr_quality"":{""SR1_touches"":{""value"":2,""score"":25.0},""SR2_tightness"":{""value"":0.5949999999999989,""score"":78.61426605598805},""SR3_recency"":{""value"":232,""score"":0.0},""SR4_price_location"":{""score"":35.454247294194936},""SR5_reaction"":{""value"":2.1277816858017204,""score"":100},""_score"":43.16,""_levels_found"":5,""_target_level"":115.545},""volume"":{""V1_rvol_day"":{""value"":0.4472476412745976,""score"":0},""V2_rvol_sameslot"":{""value"":0.6257212854212143,""score"":8.381419028080954,""status"":""ok""},""V3_breakout_bar"":{""value"":0.9974263426674906,""score"":33.16175617783271},""V4_base_dryup"":{""value"":1.0389533084970801,""score"":46.10466915029199},""V5_bo_expansion"":{""value"":0.4472476412745976,""score"":0},""_score"":19.19},""readiness"":{""_distance_atr"":-0.977,""BR1_atr_distance"":{""score"":40.46530017046972},""BR2_compression"":{""score"":66.62205752733873},""BR3_retest"":{""score"":98.4724475754277},""BR4_bo_age"":{""score"":30.0},""_score"":57.04},""risk"":{""R1_stop_clarity"":{""score"":61.66382550473436},""R2_stop_distance_pct"":{""value"":5.942724802921657,""score"":100.0},""R3_stop_distance_atr"":{""value"":1.1989669124442883,""score"":84.94834562221442},""R4_rr_potential"":{""value"":-0.7636848731938366,""score"":0.0},""_score"":64.32},""market"":{""M1_spy_regime"":{""score"":100.0},""M3_earnings_risk"":{""value"":null,""score"":80.0},""M4_vix"":{""value"":null,""score"":60.0},""_score"":84.0},""liquidity"":{""L1_price"":{""value"":112.265,""score"":100.0},""L2_dollar_vol"":{""value"":43292335.675646074,""score"":81.82055085878073},""L3_spread_proxy"":{""value"":0.06110542021110764,""score"":38.89457978889236},""L4_volume_zscore"":{""value"":-1.3767713442622262,""score"":100.0},""_score"":86.62},""pattern_structure"":{""level"":106.83,""level_idx"":51,""breakout_idx"":56,""bo_peak_idx"":68,""bo_peak_price"":118.3,""retest_idx"":74,""retest_low"":106.66,""structural_low"":106.66,""current_price"":112.155,""neckline_distance_pct"":-0.04747893540189918,""base_bars"":28,""bars_since_breakout"":23},""pattern_geometry_features"":{""retest_depth_atr"":0.09871463589645842,""bars_breakout_to_retest"":18.0,""bars_since_retest"":5.0,""current_above_level_atr"":3.09209080087433,""bo_peak_excess_pct"":0.10736684451932976,""atr_pct"":0.04956537783687833},""_schema_version"":""1.0""}",,,,,,,,,,
20260520T193044Z-73e07b,2026-05-20T19:30:44.960382+00:00,AXON,ascending_triangle,forming,47.69,13.3,52.8,50.2,70.7,12.3,32.0,79.1,84.0,95.1,2.0,14.77,4.02,9.9,1.48,2.56,3.17,5.04,4.76,False,,397.33,438.97,376.27,495.94,"{""trend"":{""T1_ema_stack"":{""value"":[true,false,false],""score"":33.33333333333333},""T2_ema50_slope"":{""value"":-0.3972479045256277,""score"":0},""T3_high_proximity"":{""value"":0.6861282356801187,""score"":0},""T4_rs_1m"":{""value"":-0.07052833154135718,""score"":0},""T5_rs_3m"":{""value"":-0.18117162942625697,""score"":0},""T6_adr_healthy"":{""value"":5.695375446246507,""score"":100.0},""_score"":13.33},""geometry"":{""sub_flat_top_quality"":33.3,""sub_hl_slope"":69.9,""sub_compression"":27.2,""sub_duration"":100.0,""_score"":52.76},""compression"":{""VC1_atr_ratio"":{""value"":0.4043715662158299,""score"":100},""VC2_range_contraction"":{""value"":1.3730383330747264,""score"":0},""VC3_range_pct_rank"":{""score"":40.833333333333336},""_score"":50.21},""sr_quality"":{""SR1_touches"":{""value"":5,""score"":100},""SR2_tightness"":{""value"":3.271657638812473,""score"":74.15200999571414},""SR3_recency"":{""value"":237,""score"":0.0},""SR4_price_location"":{""score"":58.38911495770213},""SR5_reaction"":{""value"":2.585765526613101,""score"":100},""_score"":70.72,""_levels_found"":4,""_target_level"":414.6621},""volume"":{""V1_rvol_day"":{""value"":0.5981487393474927,""score"":6.543249289832846},""V2_rvol_sameslot"":{""value"":0.5245313777611055,""score"":1.6354251840736984,""status"":""ok""},""V3_breakout_bar"":{""value"":0.6520774501044322,""score"":10.138496673628811},""V4_base_dryup"":{""value"":1.0912893349537496,""score"":40.87106650462504},""V5_bo_expansion"":{""value"":0.5981487393474927,""score"":0},""_score"":12.34},""readiness"":{""_distance_atr"":1.645,""BR1_atr_distance"":{""score"":0},""BR2_compression"":{""score"":58.13974691336592},""BR3_retest"":{""score"":50.0},""BR4_bo_age"":{""score"":50.0},""_score"":32.03},""risk"":{""R1_stop_clarity"":{""score"":54.72968168566741},""R2_stop_distance_pct"":{""value"":5.300380036745275,""score"":100.0},""R3_stop_distance_atr"":{""value"":0.8319309805408739,""score"":66.5965490270437},""R4_rr_potential"":{""value"":4.6823361823361855,""score"":100.0},""_score"":79.14},""market"":{""M1_spy_regime"":{""score"":100.0},""M3_earnings_risk"":{""value"":null,""score"":80.0},""M4_vix"":{""value"":null,""score"":60.0},""_score"":84.0},""liquidity"":{""L1_price"":{""value"":397.33,""score"":100.0},""L2_dollar_vol"":{""value"":279798291.95377403,""score"":100.0},""L3_spread_proxy"":{""value"":0.048863664963632154,""score"":51.136335036367846},""L4_volume_zscore"":{""value"":-0.9145771658303503,""score"":100.0},""_score"":95.11},""pattern_structure"":{""top"":438.97,""top_touches"":2,""low_slope_per_bar"":0.800718418514946,""lowest_low"":382.0,""structural_low"":382.0,""current_price"":397.87,""neckline_distance_pct"":0.10330007288812934,""base_bars"":26},""pattern_geometry_features"":{""top_touches"":2.0,""low_slope"":0.800718418514946,""compression"":0.13623463597843066,""atr_pct"":0.06371177610550423},""_schema_version"":""1.0""}",,,,,,,,,,
20260520T193044Z-73e07b,2026-05-20T19:30:44.960382+00:00,NIC,vcp,absent,47.56,25.7,48.1,51.5,70.5,19.0,32.0,65.0,84.0,80.7,3.86,12.02,6.18,8.46,2.47,2.24,3.25,5.04,4.03,True,risk_unclear,141.58,149.885,134.3638,166.265,"{""trend"":{""T1_ema_stack"":{""value"":[false,false,true],""score"":33.33333333333333},""T2_ema50_slope"":{""value"":-0.10282540293460302,""score"":32.86243284423283},""T3_high_proximity"":{""value"":0.8773625828840553,""score"":38.68129144202764},""T4_rs_1m"":{""value"":-0.13753876356582628,""score"":0},""T5_rs_3m"":{""value"":-0.1896094107920756,""score"":0},""T6_adr_healthy"":{""value"":2.5217115866465862,""score"":100.0},""_score"":25.71},""geometry"":{""sub_contraction_count"":100.0,""sub_reduction_rate"":0,""sub_pivot_tightness"":14.4,""sub_volume_dryup"":34.7,""sub_base_depth"":57.2,""sub_base_duration"":100.0,""_score"":48.09},""compression"":{""VC1_atr_ratio"":{""value"":0.5183904184862177,""score"":100},""VC2_range_contraction"":{""value"":0.9418060949986284,""score"":9.698984166895261},""VC3_range_pct_rank"":{""score"":32.49999999999999},""_score"":51.52},""sr_quality"":{""SR1_touches"":{""value"":4,""score"":75.0},""SR2_tightness"":{""value"":0.5179949324076392,""score"":71.28227536850112},""SR3_recency"":{""value"":238,""score"":0.0},""SR4_price_location"":{""score"":89.33469821740071},""SR5_reaction"":{""value"":2.5448768337329586,""score"":100},""_score"":70.53,""_levels_found"":3,""_target_level"":142.8625},""volume"":{""V1_rvol_day"":{""value"":0.7766074238713015,""score"":18.440494924753438},""V2_rvol_sameslot"":{""value"":0.5515703243008313,""score"":3.4380216200554203,""status"":""ok""},""V3_breakout_bar"":{""value"":0.4685809363180685,""score"":0},""V4_base_dryup"":{""value"":0.7685961727400654,""score"":73.14038272599346},""V5_bo_expansion"":{""value"":0.7766074238713018,""score"":0},""_score"":19.0},""readiness"":{""_distance_atr"":2.302,""BR1_atr_distance"":{""score"":0},""BR2_compression"":{""score"":58.0442655800803},""BR3_retest"":{""score"":50.0},""BR4_bo_age"":{""score"":50.0},""_score"":32.01},""risk"":{""R1_stop_clarity"":{""score"":0},""R2_stop_distance_pct"":{""value"":5.096871026981232,""score"":100.0},""R3_stop_distance_atr"":{""value"":2.0003227409617725,""score"":100.0},""R4_rr_potential"":{""value"":3.420799179617924,""score"":100.0},""_score"":65.0},""market"":{""M1_spy_regime"":{""score"":100.0},""M3_earnings_risk"":{""value"":null,""score"":80.0},""M4_vix"":{""value"":null,""score"":60.0},""_score"":84.0},""liquidity"":{""L1_price"":{""value"":141.58,""score"":100.0},""L2_dollar_vol"":{""value"":15198209.751985582,""score"":59.089621697817705},""L3_spread_proxy"":{""value"":0.029594575505014813,""score"":70.40542449498518},""L4_volume_zscore"":{""value"":-0.8531449373065447,""score"":100.0},""_score"":80.68},""pattern_structure"":{""n_contractions"":5,""contractions_pct"":[9.2,4.01,11.5,5.33,8.99],""descending_strict"":false,""final_low"":136.41,""final_pivot"":149.885,""structural_low"":136.41,""dry_up_ratio"":0.8267280907933195,""current_price"":141.58,""neckline_distance_pct"":0.058659415171634255,""base_bars"":43},""pattern_geometry_features"":{""contraction_count"":5.0,""first_contraction_pct"":0.09195627986124735,""last_contraction_pct"":0.08990225839810519,""dry_up_ratio"":0.8267280907933195,""near_monotone"":0.0,""base_depth_pct"":0.10720596897702726},""_schema_version"":""1.0""}",,,,,,,,,,
20260520T193044Z-73e07b,2026-05-20T19:30:44.960382+00:00,CNR,vcp,forming,47.51,14.3,50.3,62.0,63.8,18.2,32.7,73.1,84.0,86.7,2.15,12.58,7.44,7.65,2.37,2.29,3.65,5.04,4.33,False,,83.16,90.54,79.3713,105.66,"{""trend"":{""T1_ema_stack"":{""value"":[false,false,true],""score"":33.33333333333333},""T2_ema50_slope"":{""value"":-0.26974050218675855,""score"":5.043249635540242},""T3_high_proximity"":{""value"":0.7344343371897907,""score"":0},""T4_rs_1m"":{""value"":-0.1137128222046756,""score"":0},""T5_rs_3m"":{""value"":-0.1576962105547115,""score"":0},""T6_adr_healthy"":{""value"":3.865427888180639,""score"":100.0},""_score"":14.34},""geometry"":{""sub_contraction_count"":100.0,""sub_reduction_rate"":0,""sub_pivot_tightness"":0,""sub_volume_dryup"":35.4,""sub_base_depth"":100.0,""sub_base_duration"":100.0,""_score"":50.31},""compression"":{""VC1_atr_ratio"":{""value"":0.3211543187190685,""score"":100},""VC2_range_contraction"":{""value"":0.9625881768082145,""score"":6.235303865297581},""VC3_range_pct_rank"":{""score"":79.16666666666666},""_score"":61.97},""sr_quality"":{""SR1_touches"":{""value"":8,""score"":100},""SR2_tightness"":{""value"":0.8601153629019787,""score"":52.018747312861535},""SR3_recency"":{""value"":227,""score"":0.0},""SR4_price_location"":{""score"":43.92949933291209},""SR5_reaction"":{""value"":2.4322116629808948,""score"":100},""_score"":63.79,""_levels_found"":6,""_target_level"":85.1562},""volume"":{""V1_rvol_day"":{""value"":0.5127310872767589,""score"":0.8487391517839246},""V2_rvol_sameslot"":{""value"":0.6695590090686457,""score"":11.303933937909715,""status"":""ok""},""V3_breakout_bar"":{""value"":1.1025811596841528,""score"":40.172077312276855},""V4_base_dryup"":{""value"":1.2134252746482204,""score"":28.65747253517796},""V5_bo_expansion"":{""value"":0.5127310872767589,""score"":0},""_score"":18.21},""readiness"":{""_distance_atr"":2.058,""BR1_atr_distance"":{""score"":0},""BR2_compression"":{""score"":60.85638797511602},""BR3_retest"":{""score"":50.0},""BR4_bo_age"":{""score"":50.0},""_score"":32.71},""risk"":{""R1_stop_clarity"":{""score"":32.573067957682895},""R2_stop_distance_pct"":{""value"":4.5559163059163135,""score"":100.0},""R3_stop_distance_atr"":{""value"":1.0567569182953818,""score"":77.83784591476909},""R4_rr_potential"":{""value"":5.9387124871327845,""score"":100.0},""_score"":73.08},""market"":{""M1_spy_regime"":{""score"":100.0},""M3_earnings_risk"":{""value"":null,""score"":80.0},""M4_vix"":{""value"":null,""score"":60.0},""_score"":84.0},""liquidity"":{""L1_price"":{""value"":83.16,""score"":100.0},""L2_dollar_vol"":{""value"":30879842.047361996,""score"":74.48375351107592},""L3_spread_proxy"":{""value"":0.031024531024531007,""score"":68.975468975469},""L4_volume_zscore"":{""value"":-1.8245044609566197,""score"":100.0},""_score"":86.69},""pattern_structure"":{""n_contractions"":5,""contractions_pct"":[11.02,21.91,7.59,9.49,11.0],""descending_strict"":false,""final_low"":80.58,""final_pivot"":90.54,""structural_low"":80.58,""dry_up_ratio"":0.8230234167969003,""current_price"":83.16,""neckline_distance_pct"":0.08874458874458886,""base_bars"":50},""pattern_geometry_features"":{""contraction_count"":5.0,""first_contraction_pct"":0.11024033437826539,""last_contraction_pct"":0.11000662690523534,""dry_up_ratio"":0.8230234167969003,""near_monotone"":0.0,""base_depth_pct"":0.15799373040752354},""_schema_version"":""1.0""}",,,,,,,,,,
20260520T193044Z-73e07b,2026-05-20T19:30:44.960382+00:00,NTES,vcp,absent,47.49,39.0,47.2,35.0,64.2,16.2,40.8,61.9,84.0,97.3,5.84,11.79,4.2,7.7,2.1,2.85,3.1,5.04,4.86,True,risk_unclear,116.95,119.49,107.1138,146.685,"{""trend"":{""T1_ema_stack"":{""value"":[true,false,false],""score"":33.33333333333333},""T2_ema50_slope"":{""value"":-0.028304927118192706,""score"":45.28251214696788},""T3_high_proximity"":{""value"":0.9757216752878358,""score"":87.86083764391789},""T4_rs_1m"":{""value"":-0.03310003296173725,""score"":16.89996703826275},""T5_rs_3m"":{""value"":-0.10044808163926333,""score"":0},""T6_adr_healthy"":{""value"":2.004118214256952,""score"":100.0},""_score"":38.95},""geometry"":{""sub_contraction_count"":100.0,""sub_reduction_rate"":0,""sub_pivot_tightness"":14.4,""sub_volume_dryup"":0,""sub_base_depth"":100.0,""sub_base_duration"":100.0,""_score"":47.16},""compression"":{""VC1_atr_ratio"":{""value"":0.6895112635293914,""score"":77.62218411765215},""VC2_range_contraction"":{""value"":1.1674796626923272,""score"":0},""VC3_range_pct_rank"":{""score"":15.833333333333332},""_score"":35.01},""sr_quality"":{""SR1_touches"":{""value"":6,""score"":100},""SR2_tightness"":{""value"":0.5367701763531779,""score"":59.99050994838553},""SR3_recency"":{""value"":229,""score"":0.0},""SR4_price_location"":{""score"":40.627227369921634},""SR5_reaction"":{""value"":2.6904920360264426,""score"":100},""_score"":64.16,""_levels_found"":5,""_target_level"":119.7267},""volume"":{""V1_rvol_day"":{""value"":1.036822494368231,""score"":35.7881662912154},""V2_rvol_sameslot"":{""value"":0.6509942621547758,""score"":10.066284143651723,""status"":""ok""},""V3_breakout_bar"":{""value"":0.4808327124499678,""score"":0},""V4_base_dryup"":{""value"":1.1674123206308253,""score"":33.258767936917465},""V5_bo_expansion"":{""value"":1.036822494368231,""score"":2.4548329578820622},""_score"":16.19},""readiness"":{""_distance_atr"":0.947,""BR1_atr_distance"":{""score"":36.891610098052475},""BR2_compression"":{""score"":33.9864783174327},""BR3_retest"":{""score"":50.0},""BR4_bo_age"":{""score"":50.0},""_score"":40.75},""risk"":{""R1_stop_clarity"":{""score"":0},""R2_stop_distance_pct"":{""value"":8.41058144506199,""score"":89.73546387345026},""R3_stop_distance_atr"":{""value"":3.6658179156129354,""score"":100.0},""R4_rr_potential"":{""value"":3.0230247021835224,""score"":100.0},""_score"":61.92},""market"":{""M1_spy_regime"":{""score"":100.0},""M3_earnings_risk"":{""value"":null,""score"":80.0},""M4_vix"":{""value"":null,""score"":60.0},""_score"":84.0},""liquidity"":{""L1_price"":{""value"":116.95,""score"":100.0},""L2_dollar_vol"":{""value"":96487634.7622994,""score"":99.223583025434},""L3_spread_proxy"":{""value"":0.024155622060709727,""score"":75.84437793929027},""L4_volume_zscore"":{""value"":0.13741646570437316,""score"":100.0},""_score"":97.27},""pattern_structure"":{""n_contractions"":5,""contractions_pct"":[12.34,7.04,4.21,9.4,8.99],""descending_strict"":false,""final_low"":108.745,""final_pivot"":119.49,""structural_low"":108.745,""dry_up_ratio"":1.078117658439116,""current_price"":116.95,""neckline_distance_pct"":0.021718683197947772,""base_bars"":59},""pattern_geometry_features"":{""contraction_count"":5.0,""first_contraction_pct"":0.12343681035751068,""last_contraction_pct"":0.0899238429994141,""dry_up_ratio"":1.078117658439116,""near_monotone"":0.0,""base_depth_pct"":0.2000514933058702},""_schema_version"":""1.0""}",,,,,,,,,,
20260520T193044Z-73e07b,2026-05-20T19:30:44.960382+00:00,PRGS,double_bottom,forming,47.48,13.3,52.5,47.1,64.7,18.3,50.4,70.3,84.0,77.2,2.0,13.12,3.77,9.06,2.38,4.03,4.22,5.04,3.86,False,,28.86,30.16,27.0875,32.82,"{""trend"":{""T1_ema_stack"":{""value"":[true,false,false],""score"":33.33333333333333},""T2_ema50_slope"":{""value"":-0.4238773029520805,""score"":0},""T3_high_proximity"":{""value"":0.6856735566642908,""score"":0},""T4_rs_1m"":{""value"":-0.09202332949814807,""score"":0},""T5_rs_3m"":{""value"":-0.2894798432345711,""score"":0},""T6_adr_healthy"":{""value"":4.87464988426169,""score"":100.0},""_score"":13.33},""geometry"":{""sub_low_similarity"":50.4,""sub_bounce_quality"":95.3,""sub_separation_fit"":0.0,""sub_right_bottom_reaction"":82.0,""sub_base_context"":30.0,""_score"":52.48},""compression"":{""VC1_atr_ratio"":{""value"":0.4851800235030705,""score"":100},""VC2_range_contraction"":{""value"":1.1681803512725233,""score"":0},""VC3_range_pct_rank"":{""score"":28.333333333333332},""_score"":47.08},""sr_quality"":{""SR1_touches"":{""value"":4,""score"":75.0},""SR2_tightness"":{""value"":0.2675233634656977,""score"":63.02536575510251},""SR3_recency"":{""value"":232,""score"":0.0},""SR4_price_location"":{""score"":71.05698391219372},""SR5_reaction"":{""value"":2.659695245052791,""score"":100},""_score"":64.72,""_levels_found"":4,""_target_level"":29.8225},""volume"":{""V1_rvol_day"":{""value"":0.6066567440018013,""score"":7.110449600120083},""V2_rvol_sameslot"":{""value"":0.5782568688509798,""score"":5.217124590065322,""status"":""ok""},""V3_breakout_bar"":{""value"":0.8109482147775021,""score"":20.729880985166808},""V4_base_dryup"":{""value"":0.9668597201477668,""score"":53.31402798522332},""V5_bo_expansion"":{""value"":0.6066567440018014,""score"":0},""_score"":18.31},""readiness"":{""_distance_atr"":0.898,""BR1_atr_distance"":{""score"":40.108627154814215},""BR2_compression"":{""score"":67.51293110789332},""BR3_retest"":{""score"":50.0},""BR4_bo_age"":{""score"":50.0},""_score"":50.42},""risk"":{""R1_stop_clarity"":{""score"":42.98802008006337},""R2_stop_distance_pct"":{""value"":6.141718641718645,""score"":100.0},""R3_stop_distance_atr"":{""value"":1.224893750401059,""score"":86.24468752005295},""R4_rr_potential"":{""value"":2.2341325811001402,""score"":61.706629055007014},""_score"":70.32},""market"":{""M1_spy_regime"":{""score"":100.0},""M3_earnings_risk"":{""value"":null,""score"":80.0},""M4_vix"":{""value"":null,""score"":60.0},""_score"":84.0},""liquidity"":{""L1_price"":{""value"":28.86,""score"":100.0},""L2_dollar_vol"":{""value"":12862539.0585159,""score"":55.4663353277749},""L3_spread_proxy"":{""value"":0.05006930006930008,""score"":49.93069993069992},""L4_volume_zscore"":{""value"":-0.8673386941420884,""score"":100.0},""_score"":77.18},""pattern_structure"":{""left_low"":28.19,""left_idx"":26,""right_low"":27.5,""right_idx"":74,""separation_bars"":48,""structural_low"":27.5,""current_price"":28.84,""neckline_distance_pct"":0.045769764216366166,""base_bars"":48},""pattern_geometry_features"":{""low_similarity_pct"":0.024780032321781335,""bounce_pct"":0.09672727272727273,""right_bottom_reaction"":0.8202473901219388,""atr_pct"":0.05014082764082763},""_schema_version"":""1.0""}",,,,,,,,,,
20260520T193044Z-73e07b,2026-05-20T19:30:44.960382+00:00,FROG,vcp,retest_hold,47.45,100.0,35.0,10.9,31.9,19.2,65.3,35.5,84.0,93.7,15.0,8.75,1.31,3.82,2.5,4.57,1.78,5.04,4.69,False,,72.87,72.06,61.0799,61.895,"{""trend"":{""T1_ema_stack"":{""value"":[true,true,true],""score"":100.0},""T2_ema50_slope"":{""value"":0.5381881587603526,""score"":100},""T3_high_proximity"":{""value"":1.0,""score"":99.99999999999997},""T4_rs_1m"":{""value"":0.5289102549725051,""score"":100},""T5_rs_3m"":{""value"":0.3670942346917103,""score"":100},""T6_adr_healthy"":{""value"":5.724768048155038,""score"":100.0},""_score"":100.0},""geometry"":{""sub_contraction_count"":100.0,""sub_reduction_rate"":0,""sub_pivot_tightness"":0,""sub_volume_dryup"":0,""sub_base_depth"":0.0,""sub_base_duration"":100.0,""_score"":35.0},""compression"":{""VC1_atr_ratio"":{""value"":0.976401812808301,""score"":5.89954679792476},""VC2_range_contraction"":{""value"":1.1966205177859244,""score"":0},""VC3_range_pct_rank"":{""score"":34.166666666666664},""_score"":10.9},""sr_quality"":{""SR1_touches"":{""value"":2,""score"":25.0},""SR2_tightness"":{""value"":1.024950000000004,""score"":54.37214116390088},""SR3_recency"":{""value"":326,""score"":0.0},""SR4_price_location"":{""score"":30.0},""SR5_reaction"":{""value"":1.1596607792728109,""score"":57.983038963640546},""_score"":31.85,""_levels_found"":7,""_target_level"":69.4049},""volume"":{""V1_rvol_day"":{""value"":0.7946477303858956,""score"":19.64318202572638},""V2_rvol_sameslot"":{""value"":0.7290558438094876,""score"":15.270389587299174,""status"":""ok""},""V3_breakout_bar"":{""value"":0.6234847098703376,""score"":8.232313991355838},""V4_base_dryup"":{""value"":0.9901482642594227,""score"":50.98517357405773},""V5_bo_expansion"":{""value"":0.7946477303858956,""score"":0},""_score"":19.24},""readiness"":{""_distance_atr"":-0.18,""BR1_atr_distance"":{""score"":100.0},""BR2_compression"":{""score"":31.062353971067623},""BR3_retest"":{""score"":50.0},""BR4_bo_age"":{""score"":50.0},""_score"":65.27},""risk"":{""R1_stop_clarity"":{""score"":58.5923675336384},""R2_stop_distance_pct"":{""value"":16.17970358172088,""score"":0.0},""R3_stop_distance_atr"":{""value"":2.6243197222129475,""score"":100.0},""R4_rr_potential"":{""value"":-0.930861778688142,""score"":0.0},""_score"":35.51},""market"":{""M1_spy_regime"":{""score"":100.0},""M3_earnings_risk"":{""value"":null,""score"":80.0},""M4_vix"":{""value"":null,""score"":60.0},""_score"":84.0},""liquidity"":{""L1_price"":{""value"":72.87,""score"":100.0},""L2_dollar_vol"":{""value"":166658092.1320812,""score"":100.0},""L3_spread_proxy"":{""value"":0.06278303828736109,""score"":37.216961712638906},""L4_volume_zscore"":{""value"":-0.34411021103488343,""score"":100.0},""_score"":93.72},""pattern_structure"":{""n_contractions"":5,""contractions_pct"":[34.32,4.24,20.96,9.72,13.95],""descending_strict"":false,""final_low"":62.01,""final_pivot"":72.06,""structural_low"":62.01,""dry_up_ratio"":1.5092222445537011,""current_price"":72.87,""neckline_distance_pct"":-0.011115685467270512,""base_bars"":58},""pattern_geometry_features"":{""contraction_count"":5.0,""first_contraction_pct"":0.3432346417205131,""last_contraction_pct"":0.13946711074104917,""dry_up_ratio"":1.5092222445537011,""near_monotone"":0.0,""base_depth_pct"":-0.19606519432925062},""_schema_version"":""1.0""}",,,,,,,,,,
20260520T193044Z-73e07b,2026-05-20T19:30:44.960382+00:00,EBC,vcp,absent,47.39,39.8,47.3,51.0,45.2,31.9,21.0,65.0,84.0,82.7,5.97,11.84,6.13,5.42,4.15,1.47,3.25,5.04,4.13,True,risk_unclear,19.76,21.49,18.9942,22.1615,"{""trend"":{""T1_ema_stack"":{""value"":[true,false,true],""score"":66.66666666666666},""T2_ema50_slope"":{""value"":-0.031438303769223776,""score"":44.76028270512937},""T3_high_proximity"":{""value"":0.9225023342670402,""score"":61.25116713352008},""T4_rs_1m"":{""value"":-0.08268138696843186,""score"":0},""T5_rs_3m"":{""value"":-0.14585232377698742,""score"":0},""T6_adr_healthy"":{""value"":2.4478081194127213,""score"":100.0},""_score"":39.81},""geometry"":{""sub_contraction_count"":100.0,""sub_reduction_rate"":0,""sub_pivot_tightness"":0,""sub_volume_dryup"":82.3,""sub_base_depth"":0.0,""sub_base_duration"":100.0,""_score"":47.34},""compression"":{""VC1_atr_ratio"":{""value"":0.4412271630472245,""score"":100},""VC2_range_contraction"":{""value"":0.8890882219455759,""score"":18.485296342404016},""VC3_range_pct_rank"":{""score"":18.333333333333336},""_score"":51.05},""sr_quality"":{""SR1_touches"":{""value"":3,""score"":50.0},""SR2_tightness"":{""value"":0.07363574011458156,""score"":66.24978354545293},""SR3_recency"":{""value"":253,""score"":0.0},""SR4_price_location"":{""score"":21.01581835790394},""SR5_reaction"":{""value"":2.0625306924210145,""score"":100},""_score"":45.19,""_levels_found"":5,""_target_level"":20.9833},""volume"":{""V1_rvol_day"":{""value"":0.49138670740437057,""score"":0},""V2_rvol_sameslot"":{""value"":0.9596345267901101,""score"":30.642301786007337,""status"":""ok""},""V3_breakout_bar"":{""value"":1.526792736884504,""score"":68.45284912563359},""V4_base_dryup"":{""value"":1.0665102283362207,""score"":43.348977166377935},""V5_bo_expansion"":{""value"":0.49138670740437057,""score"":0},""_score"":31.91},""readiness"":{""_distance_atr"":3.965,""BR1_atr_distance"":{""score"":0},""BR2_compression"":{""score"":13.92756097685007},""BR3_retest"":{""score"":50.0},""BR4_bo_age"":{""score"":50.0},""_score"":20.98},""risk"":{""R1_stop_clarity"":{""score"":0},""R2_stop_distance_pct"":{""value"":3.875265688259116,""score"":100.0},""R3_stop_distance_atr"":{""value"":1.754875593386807,""score"":100.0},""R4_rr_potential"":{""value"":3.1361307994423666,""score"":100.0},""_score"":65.0},""market"":{""M1_spy_regime"":{""score"":100.0},""M3_earnings_risk"":{""value"":null,""score"":80.0},""M4_vix"":{""value"":null,""score"":60.0},""_score"":84.0},""liquidity"":{""L1_price"":{""value"":19.76,""score"":100.0},""L2_dollar_vol"":{""value"":20164777.79625088,""score"":65.22967203527314},""L3_spread_proxy"":{""value"":0.03441295546558703,""score"":65.58704453441297},""L4_volume_zscore"":{""value"":-0.7328603698302282,""score"":100.0},""_score"":82.65},""pattern_structure"":{""n_contractions"":5,""contractions_pct"":[5.74,4.71,13.75,6.22,10.27],""descending_strict"":false,""final_low"":19.2835,""final_pivot"":21.49,""structural_low"":19.2835,""dry_up_ratio"":0.5886648920768679,""current_price"":19.76,""neckline_distance_pct"":0.08755060728744923,""base_bars"":73},""pattern_geometry_features"":{""contraction_count"":5.0,""first_contraction_pct"":0.05737910298170883,""last_contraction_pct"":0.1026756630991158,""dry_up_ratio"":0.5886648920768679,""near_monotone"":0.0,""base_depth_pct"":0.03365071410674008},""_schema_version"":""1.0""}",,,,,,,,,,
20260520T193044Z-73e07b,2026-05-20T19:30:44.960382+00:00,EBC,breakout_retest_hold,breakout_confirmed,47.34,39.8,40.0,51.0,45.2,40.3,53.2,41.4,84.0,82.7,5.57,8.8,3.06,6.33,5.24,9.58,2.07,4.2,2.48,True,risk_unclear,19.76,19.42,19.4139,19.04,"{""trend"":{""T1_ema_stack"":{""value"":[true,false,true],""score"":66.66666666666666},""T2_ema50_slope"":{""value"":-0.031438303769223776,""score"":44.76028270512937},""T3_high_proximity"":{""value"":0.9225023342670402,""score"":61.25116713352008},""T4_rs_1m"":{""value"":-0.08268138696843186,""score"":0},""T5_rs_3m"":{""value"":-0.14585232377698742,""score"":0},""T6_adr_healthy"":{""value"":2.4478081194127213,""score"":100.0},""_score"":39.81},""geometry"":{""sub_retest_depth"":0.0,""sub_retest_timing"":100.0,""sub_retest_freshness"":100.0,""sub_hold_quality"":0.0,""_score"":40.0},""compression"":{""VC1_atr_ratio"":{""value"":0.4412271630472245,""score"":100},""VC2_range_contraction"":{""value"":0.8890882219455759,""score"":18.485296342404016},""VC3_range_pct_rank"":{""score"":18.333333333333336},""_score"":51.05},""sr_quality"":{""SR1_touches"":{""value"":3,""score"":50.0},""SR2_tightness"":{""value"":0.07363574011458156,""score"":66.24978354545293},""SR3_recency"":{""value"":253,""score"":0.0},""SR4_price_location"":{""score"":21.01581835790394},""SR5_reaction"":{""value"":2.0625306924210145,""score"":100},""_score"":45.19,""_levels_found"":5,""_target_level"":20.9833},""volume"":{""V1_rvol_day"":{""value"":0.49138670740437057,""score"":0},""V2_rvol_sameslot"":{""value"":0.9596345267901101,""score"":30.642301786007337,""status"":""ok""},""V3_breakout_bar"":{""value"":1.526792736884504,""score"":68.45284912563359},""V4_base_dryup"":{""value"":0.6471757022649942,""score"":85.28242977350058},""V5_bo_expansion"":{""value"":0.49138670740437057,""score"":0},""_score"":40.3},""readiness"":{""_distance_atr"":-0.779,""BR1_atr_distance"":{""score"":44.41643476837456},""BR2_compression"":{""score"":13.92756097685007},""BR3_retest"":{""score"":100},""BR4_bo_age"":{""score"":80},""_score"":53.25},""risk"":{""R1_stop_clarity"":{""score"":10.119495825830299},""R2_stop_distance_pct"":{""value"":1.751518218623499,""score"":93.78795546558747},""R3_stop_distance_atr"":{""value"":0.793157636274356,""score"":64.6578818137178},""R4_rr_potential"":{""value"":-2.080323605894216,""score"":0.0},""_score"":41.38},""market"":{""M1_spy_regime"":{""score"":100.0},""M3_earnings_risk"":{""value"":null,""score"":80.0},""M4_vix"":{""value"":null,""score"":60.0},""_score"":84.0},""liquidity"":{""L1_price"":{""value"":19.76,""score"":100.0},""L2_dollar_vol"":{""value"":20164777.79625088,""score"":65.22967203527314},""L3_spread_proxy"":{""value"":0.03441295546558703,""score"":65.58704453441297},""L4_volume_zscore"":{""value"":-0.7328603698302282,""score"":100.0},""_score"":82.65},""pattern_structure"":{""level"":19.42,""level_idx"":70,""breakout_idx"":74,""bo_peak_idx"":76,""bo_peak_price"":19.87,""retest_idx"":77,""retest_low"":19.61,""structural_low"":19.61,""current_price"":19.765,""neckline_distance_pct"":-0.017455097394383955,""base_bars"":9,""bars_since_breakout"":5},""pattern_geometry_features"":{""retest_depth_atr"":-1.2438043579911962,""bars_breakout_to_retest"":3.0,""bars_since_retest"":2.0,""current_above_level_atr"":2.2584868605629813,""bo_peak_excess_pct"":0.023171987641606554,""atr_pct"":0.02208285135916718},""_schema_version"":""1.0""}",,,,,,,,,,
20260520T193044Z-73e07b,2026-05-20T19:30:44.960382+00:00,PAR,double_bottom,forming,47.25,20.2,57.1,51.7,55.0,5.1,47.0,82.0,84.0,75.0,3.03,14.27,4.13,7.69,0.67,3.76,4.92,5.04,3.75,False,,14.535,15.625,13.5437,17.5,"{""trend"":{""T1_ema_stack"":{""value"":[true,false,false],""score"":33.33333333333333},""T2_ema50_slope"":{""value"":-0.5223007981496759,""score"":0},""T3_high_proximity"":{""value"":0.6471504897595726,""score"":0},""T4_rs_1m"":{""value"":-0.01578959026152238,""score"":34.21040973847762},""T5_rs_3m"":{""value"":-0.4086732430711236,""score"":0},""T6_adr_healthy"":{""value"":6.536585942263644,""score"":100.0},""_score"":20.18},""geometry"":{""sub_low_similarity"":70.8,""sub_bounce_quality"":100,""sub_separation_fit"":0.0,""sub_right_bottom_reaction"":65.5,""sub_base_context"":30.0,""_score"":57.06},""compression"":{""VC1_atr_ratio"":{""value"":0.57630704663217,""score"":100},""VC2_range_contraction"":{""value"":1.2913831462105185,""score"":0},""VC3_range_pct_rank"":{""score"":46.666666666666664},""_score"":51.67},""sr_quality"":{""SR1_touches"":{""value"":2,""score"":25.0},""SR2_tightness"":{""value"":0.22380000000000067,""score"":57.52428336123734},""SR3_recency"":{""value"":240,""score"":0.0},""SR4_price_location"":{""score"":95.28203482307632},""SR5_reaction"":{""value"":2.228931260972418,""score"":100},""_score"":54.95,""_levels_found"":7,""_target_level"":14.5938},""volume"":{""V1_rvol_day"":{""value"":0.5319742332574035,""score"":2.1316155504935637},""V2_rvol_sameslot"":{""value"":0.3920983484667408,""score"":0,""status"":""ok""},""V3_breakout_bar"":{""value"":0.6449560802047787,""score"":9.663738680318579},""V4_base_dryup"":{""value"":1.3855303679730464,""score"":11.446963202695358},""V5_bo_expansion"":{""value"":0.5319742332574035,""score"":0},""_score"":5.13},""readiness"":{""_distance_atr"":1.034,""BR1_atr_distance"":{""score"":31.041806469688495},""BR2_compression"":{""score"":68.24685229892266},""BR3_retest"":{""score"":50.0},""BR4_bo_age"":{""score"":50.0},""_score"":46.98},""risk"":{""R1_stop_clarity"":{""score"":60.85515390194459},""R2_stop_distance_pct"":{""value"":6.819745442036469,""score"":100.0},""R3_stop_distance_atr"":{""value"":0.9406625138108443,""score"":72.0331256905422},""R4_rr_potential"":{""value"":2.9911727616645623,""score"":99.55863808322812},""_score"":82.02},""market"":{""M1_spy_regime"":{""score"":100.0},""M3_earnings_risk"":{""value"":null,""score"":80.0},""M4_vix"":{""value"":null,""score"":60.0},""_score"":84.0},""liquidity"":{""L1_price"":{""value"":14.535,""score"":100.0},""L2_dollar_vol"":{""value"":10737108.40152888,""score"":51.544366887802305},""L3_spread_proxy"":{""value"":0.05627106983144134,""score"":43.72893016855866},""L4_volume_zscore"":{""value"":-1.0169330405219803,""score"":100.0},""_score"":74.99},""pattern_structure"":{""left_low"":13.75,""left_idx"":26,""right_low"":13.9521,""right_idx"":74,""separation_bars"":48,""structural_low"":13.75,""current_price"":14.55,""neckline_distance_pct"":0.07388316151202744,""base_bars"":48},""pattern_geometry_features"":{""low_similarity_pct"":0.01459095158850771,""bounce_pct"":0.13636363636363635,""right_bottom_reaction"":0.654902982159135,""atr_pct"":0.07249938571919999},""_schema_version"":""1.0""}",,,,,,,,,,
20260520T193044Z-73e07b,2026-05-20T19:30:44.960382+00:00,MGNI,double_bottom,absent,47.23,42.8,48.2,44.7,45.5,9.2,48.6,76.5,84.0,81.4,6.42,12.06,3.58,6.37,1.2,3.89,4.59,5.04,4.07,False,,13.095,13.93,12.539,15.13,"{""trend"":{""T1_ema_stack"":{""value"":[false,true,false],""score"":33.33333333333333},""T2_ema50_slope"":{""value"":0.09983163875408747,""score"":66.63860645901458},""T3_high_proximity"":{""value"":0.9247881355932204,""score"":62.394067796610166},""T4_rs_1m"":{""value"":-0.05063709920369752,""score"":0},""T5_rs_3m"":{""value"":-0.009420017046244178,""score"":45.28999147687791},""T6_adr_healthy"":{""value"":5.129718617671767,""score"":100.0},""_score"":42.81},""geometry"":{""sub_low_similarity"":24.5,""sub_bounce_quality"":91.8,""sub_separation_fit"":53.3,""sub_right_bottom_reaction"":56.9,""sub_base_context"":30.0,""_score"":48.24},""compression"":{""VC1_atr_ratio"":{""value"":0.706824910733574,""score"":73.29377231660649},""VC2_range_contraction"":{""value"":1.3510545648948886,""score"":0},""VC3_range_pct_rank"":{""score"":61.66666666666667},""_score"":44.73},""sr_quality"":{""SR1_touches"":{""value"":2,""score"":25.0},""SR2_tightness"":{""value"":0.10000000000000053,""score"":73.420665432626},""SR3_recency"":{""value"":241,""score"":0.0},""SR4_price_location"":{""score"":47.972333812454835},""SR5_reaction"":{""value"":2.093122597180691,""score"":100},""_score"":45.51,""_levels_found"":7,""_target_level"":13.7},""volume"":{""V1_rvol_day"":{""value"":0.5195055450585712,""score"":1.3003696705714107},""V2_rvol_sameslot"":{""value"":0.4692889930598586,""score"":0,""status"":""ok""},""V3_breakout_bar"":{""value"":0.5205105427838886,""score"":1.3673695189259094},""V4_base_dryup"":{""value"":1.0681274461996715,""score"":43.18725538003285},""V5_bo_expansion"":{""value"":0.5195055450585712,""score"":0},""_score"":9.24},""readiness"":{""_distance_atr"":1.11,""BR1_atr_distance"":{""score"":26.020852120809494},""BR2_compression"":{""score"":82.91886516228494},""BR3_retest"":{""score"":50.0},""BR4_bo_age"":{""score"":50.0},""_score"":48.64},""risk"":{""R1_stop_clarity"":{""score"":49.24676064359939},""R2_stop_distance_pct"":{""value"":4.245513554791913,""score"":100.0},""R3_stop_distance_atr"":{""value"":0.7388390526365763,""score"":61.941952631828826},""R4_rr_potential"":{""value"":3.660401115208192,""score"":100.0},""_score"":76.53},""market"":{""M1_spy_regime"":{""score"":100.0},""M3_earnings_risk"":{""value"":null,""score"":80.0},""M4_vix"":{""value"":null,""score"":60.0},""_score"":84.0},""liquidity"":{""L1_price"":{""value"":13.095,""score"":100.0},""L2_dollar_vol"":{""value"":19054957.67003205,""score"":64.00039941691045},""L3_spread_proxy"":{""value"":0.04161893852615502,""score"":58.38106147384498},""L4_volume_zscore"":{""value"":-1.1461517233733236,""score"":100.0},""_score"":81.44},""pattern_structure"":{""left_low"":13.22,""left_idx"":37,""right_low"":12.73,""right_idx"":74,""separation_bars"":37,""structural_low"":12.73,""current_price"":13.081,""neckline_distance_pct"":0.06490329485513342,""base_bars"":37},""pattern_geometry_features"":{""low_similarity_pct"":0.03776493256262044,""bounce_pct"":0.0942655145326001,""right_bottom_reaction"":0.568807339449539,""atr_pct"":0.057461953853706435},""_schema_version"":""1.0""}",,,,,,,,,,
20260520T193044Z-73e07b,2026-05-20T19:30:44.960382+00:00,QBTS,vcp,forming,47.12,33.7,51.1,43.9,48.8,23.6,34.5,58.5,84.0,94.4,5.05,12.79,5.27,5.85,3.07,2.41,2.92,5.04,4.72,False,,19.175,22.49,16.8533,26.8986,"{""trend"":{""T1_ema_stack"":{""value"":[false,true,false],""score"":33.33333333333333},""T2_ema50_slope"":{""value"":0.42286056814026557,""score"":100},""T3_high_proximity"":{""value"":0.7979608822305452,""score"":0},""T4_rs_1m"":{""value"":-0.10998624575837379,""score"":0},""T5_rs_3m"":{""value"":-0.09247950490449341,""score"":3.760247547753295},""T6_adr_healthy"":{""value"":8.178499212670134,""score"":95.53751968324664},""_score"":33.67},""geometry"":{""sub_contraction_count"":100.0,""sub_reduction_rate"":0,""sub_pivot_tightness"":0,""sub_volume_dryup"":41.0,""sub_base_depth"":100.0,""sub_base_duration"":100.0,""_score"":51.15},""compression"":{""VC1_atr_ratio"":{""value"":0.7548369242793571,""score"":61.29076893016072},""VC2_range_contraction"":{""value"":1.0904967851682912,""score"":0},""VC3_range_pct_rank"":{""score"":77.5},""_score"":43.89},""sr_quality"":{""SR1_touches"":{""value"":3,""score"":50.0},""SR2_tightness"":{""value"":0.42171922202126605,""score"":55.15516550164844},""SR3_recency"":{""value"":247,""score"":0.0},""SR4_price_location"":{""score"":41.91867933768164},""SR5_reaction"":{""value"":2.2576648905666676,""score"":100},""_score"":48.75,""_levels_found"":5,""_target_level"":21.9029},""volume"":{""V1_rvol_day"":{""value"":0.6749964544466034,""score"":11.666430296440227},""V2_rvol_sameslot"":{""value"":0.760966686109493,""score"":17.397779073966202,""status"":""ok""},""V3_breakout_bar"":{""value"":0.7632479569297501,""score"":17.549863795316675},""V4_base_dryup"":{""value"":0.8294213834937783,""score"":67.05786165062217},""V5_bo_expansion"":{""value"":0.6749964544466034,""score"":0},""_score"":23.61},""readiness"":{""_distance_atr"":1.763,""BR1_atr_distance"":{""score"":0},""BR2_compression"":{""score"":67.8626749442484},""BR3_retest"":{""score"":50.0},""BR4_bo_age"":{""score"":50.0},""_score"":34.47},""risk"":{""R1_stop_clarity"":{""score"":72.70831830041277},""R2_stop_distance_pct"":{""value"":12.107692307692316,""score"":0.0},""R3_stop_distance_atr"":{""value"":1.2343996262974208,""score"":86.71998131487103},""R4_rr_potential"":{""value"":3.326771907910319,""score"":100.0},""_score"":58.46},""market"":{""M1_spy_regime"":{""score"":100.0},""M3_earnings_risk"":{""value"":null,""score"":80.0},""M4_vix"":{""value"":null,""score"":60.0},""_score"":84.0},""liquidity"":{""L1_price"":{""value"":19.175,""score"":100.0},""L2_dollar_vol"":{""value"":331294894.4428523,""score"":100.0},""L3_spread_proxy"":{""value"":0.05606258148631026,""score"":43.937418513689735},""L4_volume_zscore"":{""value"":-1.063789056687119,""score"":100.0},""_score"":94.39},""pattern_structure"":{""n_contractions"":5,""contractions_pct"":[17.23,20.46,22.39,23.78,23.92],""descending_strict"":false,""final_low"":17.11,""final_pivot"":22.49,""structural_low"":17.11,""dry_up_ratio"":0.7951521078948578,""current_price"":19.175,""neckline_distance_pct"":0.17288135593220327,""base_bars"":54},""pattern_geometry_features"":{""contraction_count"":5.0,""first_contraction_pct"":0.17234392572007476,""last_contraction_pct"":0.23921742996887502,""dry_up_ratio"":0.7951521078948578,""near_monotone"":0.0,""base_depth_pct"":0.2048739230247321},""_schema_version"":""1.0""}",,,,,,,,,,
20260520T193044Z-73e07b,2026-05-20T19:30:44.960382+00:00,CLBT,ascending_triangle,forming,47.11,28.1,53.5,44.1,58.6,1.8,60.6,57.6,84.0,75.3,4.21,14.99,3.53,8.2,0.21,4.85,2.3,5.04,3.76,False,,13.505,14.05,12.2148,15.6992,"{""trend"":{""T1_ema_stack"":{""value"":[true,false,false],""score"":33.33333333333333},""T2_ema50_slope"":{""value"":-0.14831349129392762,""score"":25.281084784345396},""T3_high_proximity"":{""value"":0.8826797385620915,""score"":41.339869281045715},""T4_rs_1m"":{""value"":-0.0325386051756551,""score"":17.4613948243449},""T5_rs_3m"":{""value"":-0.1018580481635204,""score"":0},""T6_adr_healthy"":{""value"":4.830557500684527,""score"":100.0},""_score"":28.08},""geometry"":{""sub_flat_top_quality"":33.3,""sub_hl_slope"":95.2,""sub_compression"":0,""sub_duration"":100.0,""_score"":53.55},""compression"":{""VC1_atr_ratio"":{""value"":0.6168026005467754,""score"":95.79934986330615},""VC2_range_contraction"":{""value"":1.2144878281817213,""score"":0},""VC3_range_pct_rank"":{""score"":23.33333333333333},""_score"":44.15},""sr_quality"":{""SR1_touches"":{""value"":4,""score"":75.0},""SR2_tightness"":{""value"":0.1868488694105479,""score"":49.053292464818355},""SR3_recency"":{""value"":236,""score"":0.0},""SR4_price_location"":{""score"":58.10810810810819},""SR5_reaction"":{""value"":1.891563038630454,""score"":94.5781519315227},""_score"":58.57,""_levels_found"":8,""_target_level"":13.815},""volume"":{""V1_rvol_day"":{""value"":0.33201290824703256,""score"":0},""V2_rvol_sameslot"":{""value"":0.2477427028694144,""score"":0,""status"":""ok""},""V3_breakout_bar"":{""value"":0.33112715077002913,""score"":0},""V4_base_dryup"":{""value"":1.410911139342184,""score"":8.908886065781601},""V5_bo_expansion"":{""value"":0.3320129082470325,""score"":0},""_score"":1.78},""readiness"":{""_distance_atr"":0.743,""BR1_atr_distance"":{""score"":50.46628558815609},""BR2_compression"":{""score"":91.68127997202271},""BR3_retest"":{""score"":50.0},""BR4_bo_age"":{""score"":50.0},""_score"":60.61},""risk"":{""R1_stop_clarity"":{""score"":49.28147549444457},""R2_stop_distance_pct"":{""value"":9.553587560162905,""score"":61.16031099592738},""R3_stop_distance_atr"":{""value"":1.7589631029009354,""score"":100.0},""R4_rr_potential"":{""value"":1.7006507457689122,""score"":35.03253728844561},""_score"":57.6},""market"":{""M1_spy_regime"":{""score"":100.0},""M3_earnings_risk"":{""value"":null,""score"":80.0},""M4_vix"":{""value"":null,""score"":60.0},""_score"":84.0},""liquidity"":{""L1_price"":{""value"":13.505,""score"":100.0},""L2_dollar_vol"":{""value"":10553794.190637296,""score"":51.17043103771537},""L3_spread_proxy"":{""value"":0.051832654572380545,""score"":48.16734542761945},""L4_volume_zscore"":{""value"":-1.10103805102988,""score"":100.0},""_score"":75.28},""pattern_structure"":{""top"":14.05,""top_touches"":2,""low_slope_per_bar"":0.035421293375394375,""lowest_low"":12.4008,""structural_low"":12.4008,""current_price"":13.5,""neckline_distance_pct"":0.04074074074074079,""base_bars"":29},""pattern_geometry_features"":{""top_touches"":2.0,""low_slope"":0.035421293375394375,""compression"":-0.3020881330373224,""atr_pct"":0.05431374623155447},""_schema_version"":""1.0""}",,,,,,,,,,
20260520T193044Z-73e07b,2026-05-20T19:30:44.960382+00:00,APP,bull_flag,absent,46.97,62.1,32.3,51.0,61.6,10.0,46.8,79.7,84.0,95.6,8.69,9.7,4.59,6.16,1.4,4.21,2.39,5.04,4.78,False,,480.48,515.39,454.085,580.48,"{""trend"":{""T1_ema_stack"":{""value"":[true,true,false],""score"":66.66666666666666},""T2_ema50_slope"":{""value"":0.12496103588704666,""score"":70.82683931450778},""T3_high_proximity"":{""value"":0.928948436865611,""score"":64.47421843280549},""T4_rs_1m"":{""value"":-0.036356355331764734,""score"":13.643644668235268},""T5_rs_3m"":{""value"":0.08431200270519312,""score"":92.15600135259656},""T6_adr_healthy"":{""value"":5.937204207367495,""score"":100.0},""_score"":62.06},""geometry"":{""sub_pole_impulse"":29.7,""sub_flag_tightness"":0,""sub_flag_shallowness"":0,""sub_flag_drift"":89.5,""sub_flag_duration"":100.0,""_score"":32.34},""compression"":{""VC1_atr_ratio"":{""value"":0.6695828733989427,""score"":82.60428165026431},""VC2_range_contraction"":{""value"":1.4700669821269907,""score"":0},""VC3_range_pct_rank"":{""score"":71.66666666666667},""_score"":50.96},""sr_quality"":{""SR1_touches"":{""value"":3,""score"":50.0},""SR2_tightness"":{""value"":7.756145950148183,""score"":51.141739203253955},""SR3_recency"":{""value"":245,""score"":0.0},""SR4_price_location"":{""score"":95.68739437030138},""SR5_reaction"":{""value"":3.043924917488594,""score"":100},""_score"":61.59,""_levels_found"":6,""_target_level"":482.33},""volume"":{""V1_rvol_day"":{""value"":0.4083989807049909,""score"":0},""V2_rvol_sameslot"":{""value"":0.49313021824474423,""score"":0,""status"":""ok""},""V3_breakout_bar"":{""value"":0.6460207852758397,""score"":9.734719018389315},""V4_base_dryup"":{""value"":1.120065148426984,""score"":37.993485157301606},""V5_bo_expansion"":{""value"":0.408398980704991,""score"":0},""_score"":10.03},""readiness"":{""_distance_atr"":1.1,""BR1_atr_distance"":{""score"":26.6971897564745},""BR2_compression"":{""score"":74.50618320148288},""BR3_retest"":{""score"":50.0},""BR4_bo_age"":{""score"":50.0},""_score"":46.81},""risk"":{""R1_stop_clarity"":{""score"":56.4403667000303},""R2_stop_distance_pct"":{""value"":5.493464868464876,""score"":100.0},""R3_stop_distance_atr"":{""value"":0.8313496174639903,""score"":66.56748087319951},""R4_rr_potential"":{""value"":3.788596325061559,""score"":100.0},""_score"":79.74},""market"":{""M1_spy_regime"":{""score"":100.0},""M3_earnings_risk"":{""value"":null,""score"":80.0},""M4_vix"":{""value"":null,""score"":60.0},""_score"":84.0},""liquidity"":{""L1_price"":{""value"":480.48,""score"":100.0},""L2_dollar_vol"":{""value"":907298968.9437275,""score"":100.0},""L3_spread_proxy"":{""value"":0.04370608558108563,""score"":56.29391441891437},""L4_volume_zscore"":{""value"":-1.0834494649695465,""score"":100.0},""_score"":95.63},""pattern_structure"":{""pole_low"":450.3,""pole_low_idx"":25,""peak_price"":515.39,""peak_idx"":42,""pole_gain"":0.14454807905840544,""flag_bars"":17,""flag_low"":461.0,""flag_high"":510.67,""structural_low"":461.0,""current_price"":480.3101,""neckline_distance_pct"":0.07303594073911836,""base_bars"":17},""pattern_geometry_features"":{""pole_gain"":0.14454807905840544,""pullback_pct"":0.1055317332505481,""flag_range_pct"":0.09637361997710475,""flag_drift_per_bar"":-0.0021088204164310055,""atr_pct"":0.06607887648066217,""pole_atr_multiple"":2.187508122973415},""_schema_version"":""1.0""}",,,,,,,,,,
20260520T193044Z-73e07b,2026-05-20T19:30:44.960382+00:00,APPF,bull_flag,absent,46.9,26.8,43.3,41.5,63.7,23.4,58.8,75.7,84.0,83.2,3.76,13.0,3.73,6.37,3.28,5.29,2.27,5.04,4.16,False,,161.44,168.18,150.1485,191.22,"{""trend"":{""T1_ema_stack"":{""value"":[true,false,false],""score"":33.33333333333333},""T2_ema50_slope"":{""value"":-0.10996580424764524,""score"":31.67236595872579},""T3_high_proximity"":{""value"":0.8444839671496575,""score"":22.241983574828705},""T4_rs_1m"":{""value"":-0.03085174375640265,""score"":19.148256243597352},""T5_rs_3m"":{""value"":-0.16660507064812502,""score"":0},""T6_adr_healthy"":{""value"":4.622914117010722,""score"":100.0},""_score"":26.83},""geometry"":{""sub_pole_impulse"":55.5,""sub_flag_tightness"":8.6,""sub_flag_shallowness"":0,""sub_flag_drift"":96.9,""sub_flag_duration"":100.0,""_score"":43.33},""compression"":{""VC1_atr_ratio"":{""value"":0.46010170334264866,""score"":100},""VC2_range_contraction"":{""value"":1.0998002216447218,""score"":0},""VC3_range_pct_rank"":{""score"":5.833333333333335},""_score"":41.46},""sr_quality"":{""SR1_touches"":{""value"":3,""score"":50.0},""SR2_tightness"":{""value"":1.5616871218866646,""score"":60.76710911879148},""SR3_recency"":{""value"":238,""score"":0.0},""SR4_price_location"":{""score"":98.47848321682453},""SR5_reaction"":{""value"":2.8136774115079386,""score"":100},""_score"":63.73,""_levels_found"":7,""_target_level"":161.62},""volume"":{""V1_rvol_day"":{""value"":0.5101542434877361,""score"":0.6769495658490721},""V2_rvol_sameslot"":{""value"":0.6511518789381355,""score"":10.076791929209035,""status"":""ok""},""V3_breakout_bar"":{""value"":0.8460046434444889,""score"":23.066976229632594},""V4_base_dryup"":{""value"":0.7234887674233235,""score"":77.65112325766765},""V5_bo_expansion"":{""value"":0.5101542434877362,""score"":0},""_score"":23.45},""readiness"":{""_distance_atr"":0.847,""BR1_atr_distance"":{""score"":43.5589709715371},""BR2_compression"":{""score"":95.41482157691445},""BR3_retest"":{""score"":50.0},""BR4_bo_age"":{""score"":50.0},""_score"":58.78},""risk"":{""R1_stop_clarity"":{""score"":42.557645148676585},""R2_stop_distance_pct"":{""value"":6.994254831516357,""score"":100.0},""R3_stop_distance_atr"":{""value"":1.4183352158025535,""score"":95.91676079012768},""R4_rr_potential"":{""value"":2.6373762622852106,""score"":81.86881311426053},""_score"":75.66},""market"":{""M1_spy_regime"":{""score"":100.0},""M3_earnings_risk"":{""value"":null,""score"":80.0},""M4_vix"":{""value"":null,""score"":60.0},""_score"":84.0},""liquidity"":{""L1_price"":{""value"":161.44,""score"":100.0},""L2_dollar_vol"":{""value"":29723722.990750723,""score"":73.65516026296604},""L3_spread_proxy"":{""value"":0.062344524281466765,""score"":37.65547571853323},""L4_volume_zscore"":{""value"":-1.1361531096529653,""score"":100.0},""_score"":83.23},""pattern_structure"":{""pole_low"":145.14,""pole_low_idx"":25,""peak_price"":168.18,""peak_idx"":48,""pole_gain"":0.15874328234807789,""flag_bars"":11,""flag_low"":152.435,""flag_high"":167.08,""structural_low"":152.435,""current_price"":161.44,""neckline_distance_pct"":0.04174925668979193,""base_bars"":11},""pattern_geometry_features"":{""pole_gain"":0.15874328234807789,""pullback_pct"":0.09361993102628138,""flag_range_pct"":0.08707931977643008,""flag_drift_per_bar"":-0.0006195434273357732,""atr_pct"":0.04931312960144415,""pole_atr_multiple"":3.2190875661525453},""_schema_version"":""1.0""}",,,,,,,,,,
20260520T193044Z-73e07b,2026-05-20T19:30:44.960382+00:00,CTRE,vcp,breakout_confirmed,46.74,77.0,45.2,45.6,39.4,5.0,42.0,8.2,84.0,93.2,11.55,11.3,5.47,4.73,0.65,2.94,0.41,5.04,4.66,True,risk_unclear,41.37,40.09,36.3563,44.54,"{""trend"":{""T1_ema_stack"":{""value"":[true,true,true],""score"":100.0},""T2_ema50_slope"":{""value"":0.134663293336536,""score"":72.443882222756},""T3_high_proximity"":{""value"":0.9747879359095193,""score"":87.39396795475962},""T4_rs_1m"":{""value"":0.02668326509014829,""score"":76.6832650901483},""T5_rs_3m"":{""value"":-0.046097883969479,""score"":26.9510580152605},""T6_adr_healthy"":{""value"":2.262076972871483,""score"":100.0},""_score"":76.98},""geometry"":{""sub_contraction_count"":100.0,""sub_reduction_rate"":0,""sub_pivot_tightness"":29.6,""sub_volume_dryup"":0,""sub_base_depth"":57.6,""sub_base_duration"":100.0,""_score"":45.2},""compression"":{""VC1_atr_ratio"":{""value"":0.7646147890050337,""score"":58.846302748741586},""VC2_range_contraction"":{""value"":1.203351742326154,""score"":0},""VC3_range_pct_rank"":{""score"":88.33333333333333},""_score"":45.62},""sr_quality"":{""SR1_touches"":{""value"":2,""score"":25.0},""SR2_tightness"":{""value"":0.19000000000000128,""score"":62.79720279720258},""SR3_recency"":{""value"":271,""score"":0.0},""SR4_price_location"":{""score"":30.0},""SR5_reaction"":{""value"":3.4657342657342625,""score"":100},""_score"":39.42,""_levels_found"":5,""_target_level"":41.17},""volume"":{""V1_rvol_day"":{""value"":0.5438402329853859,""score"":2.922682199025724},""V2_rvol_sameslot"":{""value"":0.8290476755334591,""score"":21.93651170223061,""status"":""ok""},""V3_breakout_bar"":{""value"":0.37380970090832644,""score"":0},""V4_base_dryup"":{""value"":1.6765425246406191,""score"":0},""V5_bo_expansion"":{""value"":0.5438402329853859,""score"":0},""_score"":4.97},""readiness"":{""_distance_atr"":-1.253,""BR1_atr_distance"":{""score"":34.937062937063075},""BR2_compression"":{""score"":41.934442782558534},""BR3_retest"":{""score"":50.0},""BR4_bo_age"":{""score"":50.0},""_score"":41.96},""risk"":{""R1_stop_clarity"":{""score"":0},""R2_stop_distance_pct"":{""value"":12.119047619047615,""score"":0.0},""R3_stop_distance_atr"":{""value"":4.908468531468526,""score"":54.576573426573695},""R4_rr_potential"":{""value"":0.6322738922740937,""score"":0.0},""_score"":8.19},""market"":{""M1_spy_regime"":{""score"":100.0},""M3_earnings_risk"":{""value"":null,""score"":80.0},""M4_vix"":{""value"":null,""score"":60.0},""_score"":84.0},""liquidity"":{""L1_price"":{""value"":41.37,""score"":100.0},""L2_dollar_vol"":{""value"":52438617.03136896,""score"":85.9825614739715},""L3_spread_proxy"":{""value"":0.0123277737490935,""score"":87.6722262509065},""L4_volume_zscore"":{""value"":-0.606406734894904,""score"":100.0},""_score"":93.16},""pattern_structure"":{""n_contractions"":5,""contractions_pct"":[4.23,7.5,13.01,3.81,7.93],""descending_strict"":false,""final_low"":36.91,""final_pivot"":40.09,""structural_low"":36.91,""dry_up_ratio"":1.519529651601794,""current_price"":41.37,""neckline_distance_pct"":-0.03094029489968562,""base_bars"":45},""pattern_geometry_features"":{""contraction_count"":5.0,""first_contraction_pct"":0.04231141199226306,""last_contraction_pct"":0.0793215265652284,""dry_up_ratio"":1.519529651601794,""near_monotone"":0.0,""base_depth_pct"":0.10759187620889755},""_schema_version"":""1.0""}",,,,,,,,,,
20260520T193044Z-73e07b,2026-05-20T19:30:44.960382+00:00,BETA,double_bottom,forming,46.63,9.1,54.4,62.1,44.9,13.4,73.6,64.4,84.0,77.8,1.36,13.6,4.97,6.29,1.74,5.89,3.86,5.04,3.89,False,,14.82,15.0387,14.0953,15.7674,"{""trend"":{""T1_ema_stack"":{""value"":[false,false,false],""score"":0.0},""T2_ema50_slope"":{""value"":-0.17796640470868838,""score"":20.338932548551934},""T3_high_proximity"":{""value"":0.6870653685674548,""score"":0},""T4_rs_1m"":{""value"":-0.15901280385717387,""score"":0},""T5_rs_3m"":{""value"":-0.3246200361297583,""score"":0},""T6_adr_healthy"":{""value"":6.830131417838178,""score"":100.0},""_score"":9.07},""geometry"":{""sub_low_similarity"":73.6,""sub_bounce_quality"":29.9,""sub_separation_fit"":73.3,""sub_right_bottom_reaction"":62.2,""sub_base_context"":30.0,""_score"":54.38},""compression"":{""VC1_atr_ratio"":{""value"":0.5041488131261247,""score"":100},""VC2_range_contraction"":{""value"":1.1060223052463871,""score"":0},""VC3_range_pct_rank"":{""score"":88.33333333333333},""_score"":62.08},""sr_quality"":{""SR1_touches"":{""value"":2,""score"":25.0},""SR2_tightness"":{""value"":0.21000000000000085,""score"":67.3025814111504},""SR3_recency"":{""value"":46,""score"":73.33333333333333},""SR4_price_location"":{""score"":16.770186335403707},""SR5_reaction"":{""value"":1.6193007301144497,""score"":80.96503650572248},""_score"":44.93,""_levels_found"":6,""_target_level"":17.5},""volume"":{""V1_rvol_day"":{""value"":0.4734143184869363,""score"":0},""V2_rvol_sameslot"":{""value"":0.3900130288346543,""score"":0,""status"":""ok""},""V3_breakout_bar"":{""value"":0.5701305987106416,""score"":4.67537324737611},""V4_base_dryup"":{""value"":0.8894263473111504,""score"":61.05736526888496},""V5_bo_expansion"":{""value"":0.4734143184869364,""score"":0},""_score"":13.38},""readiness"":{""_distance_atr"":0.17,""BR1_atr_distance"":{""score"":88.64932468987082},""BR2_compression"":{""score"":82.60922536927788},""BR3_retest"":{""score"":50.0},""BR4_bo_age"":{""score"":50.0},""_score"":73.61},""risk"":{""R1_stop_clarity"":{""score"":66.57856714239732},""R2_stop_distance_pct"":{""value"":4.889676113360327,""score"":100.0},""R3_stop_distance_atr"":{""value"":0.564147247152614,""score"":53.20736235763071},""R4_rr_potential"":{""value"":1.3073897743738347,""score"":15.369488718691738},""_score"":64.36},""market"":{""M1_spy_regime"":{""score"":100.0},""M3_earnings_risk"":{""value"":null,""score"":80.0},""M4_vix"":{""value"":null,""score"":60.0},""_score"":84.0},""liquidity"":{""L1_price"":{""value"":14.82,""score"":100.0},""L2_dollar_vol"":{""value"":12444794.194058461,""score"":54.74938594267531},""L3_spread_proxy"":{""value"":0.04048582995951414,""score"":59.51417004048586},""L4_volume_zscore"":{""value"":-1.159202341648451,""score"":100.0},""_score"":77.85},""pattern_structure"":{""left_low"":14.31,""left_idx"":68,""right_low"":14.5,""right_idx"":74,""separation_bars"":6,""structural_low"":14.31,""current_price"":14.825,""neckline_distance_pct"":0.014414839797639198,""base_bars"":6},""pattern_geometry_features"":{""low_similarity_pct"":0.013189864630336653,""bounce_pct"":0.05092243186582809,""right_bottom_reaction"":0.6218674586968639,""atr_pct"":0.08667375650665125},""_schema_version"":""1.0""}",,,,,,,,,,
20260520T193044Z-73e07b,2026-05-20T19:30:44.960382+00:00,ADSK,double_bottom,absent,46.51,36.2,39.5,48.9,52.5,20.0,46.7,63.3,84.0,95.8,5.43,9.86,3.91,7.35,2.59,3.73,3.8,5.04,4.79,True,risk_unclear,241.89,251.16,229.6971,269.125,"{""trend"":{""T1_ema_stack"":{""value"":[true,false,false],""score"":33.33333333333333},""T2_ema50_slope"":{""value"":-0.04177080597161207,""score"":43.038199004731325},""T3_high_proximity"":{""value"":0.915833711949114,""score"":57.91685597455698},""T4_rs_1m"":{""value"":-0.06640829751503807,""score"":0},""T5_rs_3m"":{""value"":-0.026074439811535566,""score"":36.962780094232215},""T6_adr_healthy"":{""value"":3.258220650951498,""score"":100.0},""_score"":36.17},""geometry"":{""sub_low_similarity"":26.5,""sub_bounce_quality"":67.2,""sub_separation_fit"":0.0,""sub_right_bottom_reaction"":80.4,""sub_base_context"":30.0,""_score"":39.45},""compression"":{""VC1_atr_ratio"":{""value"":0.4615867409866942,""score"":100},""VC2_range_contraction"":{""value"":0.9184954492638602,""score"":13.58409178935664},""VC3_range_pct_rank"":{""score"":16.666666666666664},""_score"":48.92},""sr_quality"":{""SR1_touches"":{""value"":2,""score"":25.0},""SR2_tightness"":{""value"":1.1599999999999966,""score"":73.1008923580199},""SR3_recency"":{""value"":254,""score"":0.0},""SR4_price_location"":{""score"":76.04050156001635},""SR5_reaction"":{""value"":3.583262593428439,""score"":100},""_score"":52.48,""_levels_found"":5,""_target_level"":245.96},""volume"":{""V1_rvol_day"":{""value"":0.5044652007488128,""score"":0.2976800499208565},""V2_rvol_sameslot"":{""value"":0.6629071154384494,""score"":10.860474362563293,""status"":""ok""},""V3_breakout_bar"":{""value"":0.7394453472841037,""score"":15.963023152273582},""V4_base_dryup"":{""value"":0.8131243756962496,""score"":68.68756243037504},""V5_bo_expansion"":{""value"":0.5044652007488128,""score"":0},""_score"":19.96},""readiness"":{""_distance_atr"":1.075,""BR1_atr_distance"":{""score"":28.346342574380316},""BR2_compression"":{""score"":71.31074952492506},""BR3_retest"":{""score"":50.0},""BR4_bo_age"":{""score"":50.0},""_score"":46.67},""risk"":{""R1_stop_clarity"":{""score"":18.887016294332966},""R2_stop_distance_pct"":{""value"":5.0406899830501475,""score"":100.0},""R3_stop_distance_atr"":{""value"":1.4137017329551347,""score"":95.68508664775673},""R4_rr_potential"":{""value"":2.233672396082155,""score"":61.68361980410775},""_score"":63.3},""market"":{""M1_spy_regime"":{""score"":100.0},""M3_earnings_risk"":{""value"":null,""score"":80.0},""M4_vix"":{""value"":null,""score"":60.0},""_score"":84.0},""liquidity"":{""L1_price"":{""value"":241.89,""score"":100.0},""L2_dollar_vol"":{""value"":215605016.6692831,""score"":100.0},""L3_spread_proxy"":{""value"":0.04150646988300476,""score"":58.493530116995245},""L4_volume_zscore"":{""value"":-2.380750526611075,""score"":100.0},""_score"":95.85},""pattern_structure"":{""left_low"":241.93,""left_idx"":27,""right_low"":233.195,""right_idx"":74,""separation_bars"":47,""structural_low"":233.195,""current_price"":242.08,""neckline_distance_pct"":0.03750826173165889,""base_bars"":47},""pattern_geometry_features"":{""low_similarity_pct"":0.03676927124440942,""bounce_pct"":0.07703852998563436,""right_bottom_reaction"":0.8042117245304496,""atr_pct"":0.03565596522622442},""_schema_version"":""1.0""}",,,,,,,,,,
20260520T193044Z-73e07b,2026-05-20T19:30:44.960382+00:00,PRGS,vcp,forming,46.32,13.3,52.8,47.1,64.7,23.5,54.3,39.2,84.0,77.2,2.0,13.2,5.65,7.77,3.05,3.8,1.96,5.04,3.86,False,,28.86,29.95,25.5657,33.355,"{""trend"":{""T1_ema_stack"":{""value"":[true,false,false],""score"":33.33333333333333},""T2_ema50_slope"":{""value"":-0.4238773029520805,""score"":0},""T3_high_proximity"":{""value"":0.6856735566642908,""score"":0},""T4_rs_1m"":{""value"":-0.09202332949814807,""score"":0},""T5_rs_3m"":{""value"":-0.2894798432345711,""score"":0},""T6_adr_healthy"":{""value"":4.87464988426169,""score"":100.0},""_score"":13.33},""geometry"":{""sub_contraction_count"":100.0,""sub_reduction_rate"":0,""sub_pivot_tightness"":0,""sub_volume_dryup"":74.6,""sub_base_depth"":66.0,""sub_base_duration"":100.0,""_score"":52.79},""compression"":{""VC1_atr_ratio"":{""value"":0.4851800235030705,""score"":100},""VC2_range_contraction"":{""value"":1.1681803512725233,""score"":0},""VC3_range_pct_rank"":{""score"":28.333333333333332},""_score"":47.08},""sr_quality"":{""SR1_touches"":{""value"":4,""score"":75.0},""SR2_tightness"":{""value"":0.2675233634656977,""score"":63.02536575510251},""SR3_recency"":{""value"":232,""score"":0.0},""SR4_price_location"":{""score"":71.05698391219372},""SR5_reaction"":{""value"":2.659695245052791,""score"":100},""_score"":64.72,""_levels_found"":4,""_target_level"":29.8225},""volume"":{""V1_rvol_day"":{""value"":0.6066567440018013,""score"":7.110449600120083},""V2_rvol_sameslot"":{""value"":0.5782568688509798,""score"":5.217124590065322,""status"":""ok""},""V3_breakout_bar"":{""value"":0.8109482147775021,""score"":20.729880985166808},""V4_base_dryup"":{""value"":0.7083729070202507,""score"":79.16270929797493},""V5_bo_expansion"":{""value"":0.6066567440018014,""score"":0},""_score"":23.48},""readiness"":{""_distance_atr"":0.753,""BR1_atr_distance"":{""score"":49.783387383651956},""BR2_compression"":{""score"":67.51293110789332},""BR3_retest"":{""score"":50.0},""BR4_bo_age"":{""score"":50.0},""_score"":54.29},""risk"":{""R1_stop_clarity"":{""score"":46.191056770110976},""R2_stop_distance_pct"":{""value"":11.414847539847543,""score"":14.628811503811434},""R3_stop_distance_atr"":{""value"":2.276557463633268,""score"":100.0},""R4_rr_potential"":{""value"":1.3644676830610227,""score"":18.223384153051136},""_score"":39.2},""market"":{""M1_spy_regime"":{""score"":100.0},""M3_earnings_risk"":{""value"":null,""score"":80.0},""M4_vix"":{""value"":null,""score"":60.0},""_score"":84.0},""liquidity"":{""L1_price"":{""value"":28.86,""score"":100.0},""L2_dollar_vol"":{""value"":12862539.0585159,""score"":55.4663353277749},""L3_spread_proxy"":{""value"":0.05006930006930008,""score"":49.93069993069992},""L4_volume_zscore"":{""value"":-0.8673386941420884,""score"":100.0},""_score"":77.18},""pattern_structure"":{""n_contractions"":5,""contractions_pct"":[18.87,11.8,16.79,7.74,13.34],""descending_strict"":false,""final_low"":25.955,""final_pivot"":29.95,""structural_low"":25.955,""dry_up_ratio"":0.6270869189292263,""current_price"":28.86,""neckline_distance_pct"":0.037768537768537766,""base_bars"":30},""pattern_geometry_features"":{""contraction_count"":5.0,""first_contraction_pct"":0.18869209809264303,""last_contraction_pct"":0.13338898163606014,""dry_up_ratio"":0.6270869189292263,""near_monotone"":0.0,""base_depth_pct"":0.11597411444141693},""_schema_version"":""1.0""}",,,,,,,,,,
20260520T193044Z-73e07b,2026-05-20T19:30:44.960382+00:00,PGY,double_bottom,forming,46.24,28.0,57.5,39.6,40.4,20.4,52.3,48.1,84.0,81.2,4.2,14.39,3.17,5.66,2.65,4.18,2.89,5.04,4.06,False,,13.4,13.63,11.9678,15.11,"{""trend"":{""T1_ema_stack"":{""value"":[false,false,false],""score"":0.0},""T2_ema50_slope"":{""value"":0.06934475026698561,""score"":61.55745837783093},""T3_high_proximity"":{""value"":0.864516129032258,""score"":32.258064516129004},""T4_rs_1m"":{""value"":-0.11602969825038911,""score"":0},""T5_rs_3m"":{""value"":-0.021775007249335676,""score"":39.112496375332164},""T6_adr_healthy"":{""value"":5.99628520225091,""score"":100.0},""_score"":28.02},""geometry"":{""sub_low_similarity"":10.7,""sub_bounce_quality"":100,""sub_separation_fit"":100.0,""sub_right_bottom_reaction"":88.9,""sub_base_context"":30.0,""_score"":57.55},""compression"":{""VC1_atr_ratio"":{""value"":0.6187062110679113,""score"":95.32344723302216},""VC2_range_contraction"":{""value"":1.3408768295726563,""score"":0},""VC3_range_pct_rank"":{""score"":5.833333333333335},""_score"":39.59},""sr_quality"":{""SR1_touches"":{""value"":2,""score"":25.0},""SR2_tightness"":{""value"":0.014999999999998792,""score"":96.78333460978811},""SR3_recency"":{""value"":308,""score"":0.0},""SR4_price_location"":{""score"":13.560334528076465},""SR5_reaction"":{""value"":3.4659569579535887,""score"":100},""_score"":40.41,""_levels_found"":3,""_target_level"":20.635},""volume"":{""V1_rvol_day"":{""value"":0.6914150582238152,""score"":12.761003881587682},""V2_rvol_sameslot"":{""value"":0.8557413139086337,""score"":23.716087593908917,""status"":""ok""},""V3_breakout_bar"":{""value"":0.9708850410655495,""score"":31.392336071036635},""V4_base_dryup"":{""value"":1.2387246321704077,""score"":26.127536782959226},""V5_bo_expansion"":{""value"":0.6914150582238154,""score"":0},""_score"":20.37},""readiness"":{""_distance_atr"":0.247,""BR1_atr_distance"":{""score"":83.5592657833601},""BR2_compression"":{""score"":5.51973578861494},""BR3_retest"":{""score"":50.0},""BR4_bo_age"":{""score"":50.0},""_score"":52.3},""risk"":{""R1_stop_clarity"":{""score"":60.917515508922456},""R2_stop_distance_pct"":{""value"":10.688432835820894,""score"":32.789179104477654},""R3_stop_distance_atr"":{""value"":1.5356896683771157,""score"":100.0},""R4_rr_potential"":{""value"":1.1939256414732073,""score"":9.696282073660367},""_score"":48.1},""market"":{""M1_spy_regime"":{""score"":100.0},""M3_earnings_risk"":{""value"":null,""score"":80.0},""M4_vix"":{""value"":null,""score"":60.0},""_score"":84.0},""liquidity"":{""L1_price"":{""value"":13.4,""score"":100.0},""L2_dollar_vol"":{""value"":35749007.90757421,""score"":77.66319969672276},""L3_spread_proxy"":{""value"":0.09813432835820891,""score"":1.8656716417910815},""L4_volume_zscore"":{""value"":-0.5085122572898745,""score"":100.0},""_score"":81.25},""pattern_structure"":{""left_low"":12.705,""left_idx"":44,""right_low"":12.15,""right_idx"":74,""separation_bars"":30,""structural_low"":12.15,""current_price"":13.38,""neckline_distance_pct"":0.018684603886397606,""base_bars"":30},""pattern_geometry_features"":{""low_similarity_pct"":0.04465902232951114,""bounce_pct"":0.1218106995884774,""right_bottom_reaction"":0.8888888888888886,""atr_pct"":0.0696002132196162},""_schema_version"":""1.0""}",,,,,,,,,,
20260520T193044Z-73e07b,2026-05-20T19:30:44.960382+00:00,WAY,double_bottom,forming,46.15,5.0,57.4,64.7,50.2,11.4,42.1,77.8,84.0,85.9,0.75,14.36,5.17,7.03,1.48,3.37,4.67,5.04,4.3,False,,19.15,20.39,17.9171,22.59,"{""trend"":{""T1_ema_stack"":{""value"":[false,false,false],""score"":0.0},""T2_ema50_slope"":{""value"":-0.7067496214790607,""score"":0},""T3_high_proximity"":{""value"":0.7111028592647605,""score"":0},""T4_rs_1m"":{""value"":-0.31154422835687345,""score"":0},""T5_rs_3m"":{""value"":-0.3393657229128495,""score"":0},""T6_adr_healthy"":{""value"":5.224162868260442,""score"":100.0},""_score"":5.0},""geometry"":{""sub_low_similarity"":21.4,""sub_bounce_quality"":100,""sub_separation_fit"":100.0,""sub_right_bottom_reaction"":66.7,""sub_base_context"":30.0,""_score"":57.43},""compression"":{""VC1_atr_ratio"":{""value"":0.5671123013248326,""score"":100},""VC2_range_contraction"":{""value"":0.9059172108420548,""score"":15.680464859657537},""VC3_range_pct_rank"":{""score"":76.66666666666666},""_score"":64.65},""sr_quality"":{""SR1_touches"":{""value"":3,""score"":50.0},""SR2_tightness"":{""value"":0.22547480765905803,""score"":59.40466589564879},""SR3_recency"":{""value"":232,""score"":0.0},""SR4_price_location"":{""score"":45.131661506912245},""SR5_reaction"":{""value"":4.264036587294372,""score"":100},""_score"":50.19,""_levels_found"":5,""_target_level"":21.1817},""volume"":{""V1_rvol_day"":{""value"":0.5361255940260288,""score"":2.408372935068585},""V2_rvol_sameslot"":{""value"":0.5679612286497219,""score"":4.530748576648125,""status"":""ok""},""V3_breakout_bar"":{""value"":0.7985842277345123,""score"":19.90561518230082},""V4_base_dryup"":{""value"":1.250341960591323,""score"":24.965803940867687},""V5_bo_expansion"":{""value"":0.5361255940260289,""score"":0},""_score"":11.36},""readiness"":{""_distance_atr"":1.116,""BR1_atr_distance"":{""score"":25.581908962068567},""BR2_compression"":{""score"":57.452987538333325},""BR3_retest"":{""score"":50.0},""BR4_bo_age"":{""score"":50.0},""_score"":42.1},""risk"":{""R1_stop_clarity"":{""score"":50.875057726532994},""R2_stop_distance_pct"":{""value"":6.437859007832894,""score"":100.0},""R3_stop_distance_atr"":{""value"":1.1098348008400836,""score"":80.49174004200418},""R4_rr_potential"":{""value"":2.7902826783469226,""score"":89.51413391734613},""_score"":77.78},""market"":{""M1_spy_regime"":{""score"":100.0},""M3_earnings_risk"":{""value"":null,""score"":80.0},""M4_vix"":{""value"":null,""score"":60.0},""_score"":84.0},""liquidity"":{""L1_price"":{""value"":19.15,""score"":100.0},""L2_dollar_vol"":{""value"":27925990.051630747,""score"":72.30042894853734},""L3_spread_proxy"":{""value"":0.02980020887728443,""score"":70.19979112271557},""L4_volume_zscore"":{""value"":-0.8508380016534547,""score"":100.0},""_score"":85.94},""pattern_structure"":{""left_low"":18.19,""left_idx"":50,""right_low"":18.919326,""right_idx"":76,""separation_bars"":26,""structural_low"":18.19,""current_price"":19.11,""neckline_distance_pct"":0.0669806384092099,""base_bars"":26},""pattern_geometry_features"":{""low_similarity_pct"":0.03930688474374341,""bounce_pct"":0.12094557449147879,""right_bottom_reaction"":0.6674531108886353,""atr_pct"":0.058007362924281984},""_schema_version"":""1.0""}",,,,,,,,,,
20260520T193044Z-73e07b,2026-05-20T19:30:44.960382+00:00,CEPT,vcp,breakout_confirmed,46.13,94.7,37.0,2.1,44.4,37.1,28.9,25.2,84.0,78.5,14.21,9.26,0.25,5.33,4.83,2.03,1.26,5.04,3.93,False,,13.28,12.49,11.1896,12.77,"{""trend"":{""T1_ema_stack"":{""value"":[true,true,true],""score"":100.0},""T2_ema50_slope"":{""value"":0.18727007889142713,""score"":81.21167981523786},""T3_high_proximity"":{""value"":1.0,""score"":99.99999999999997},""T4_rs_1m"":{""value"":0.15111466253011452,""score"":100},""T5_rs_3m"":{""value"":0.07995317862616425,""score"":89.97658931308212},""T6_adr_healthy"":{""value"":3.5389608973068336,""score"":100.0},""_score"":94.74},""geometry"":{""sub_contraction_count"":100.0,""sub_reduction_rate"":0,""sub_pivot_tightness"":13.6,""sub_volume_dryup"":0,""sub_base_depth"":0.0,""sub_base_duration"":100.0,""_score"":37.04},""compression"":{""VC1_atr_ratio"":{""value"":1.0283841260943776,""score"":0},""VC2_range_contraction"":{""value"":1.3278848130364735,""score"":0},""VC3_range_pct_rank"":{""score"":8.333333333333337},""_score"":2.08},""sr_quality"":{""SR1_touches"":{""value"":2,""score"":25.0},""SR2_tightness"":{""value"":0.009999999999999787,""score"":96.02831245833283},""SR3_recency"":{""value"":201,""score"":0.0},""SR4_price_location"":{""score"":30.0},""SR5_reaction"":{""value"":2.055249010624263,""score"":100},""_score"":44.4,""_levels_found"":3,""_target_level"":11.65},""volume"":{""V1_rvol_day"":{""value"":1.7409565739286446,""score"":82.73043826190964},""V2_rvol_sameslot"":{""value"":0.9504937678752879,""score"":30.03291785835253,""status"":""ok""},""V3_breakout_bar"":{""value"":0.27959635893345286,""score"":0},""V4_base_dryup"":{""value"":1.1414413632239981,""score"":35.85586367760018},""V5_bo_expansion"":{""value"":1.7409565739286448,""score"":49.39710492857632},""_score"":37.13},""readiness"":{""_distance_atr"":-1.569,""BR1_atr_distance"":{""score"":28.6236684208287},""BR2_compression"":{""score"":0},""BR3_retest"":{""score"":50.0},""BR4_bo_age"":{""score"":50.0},""_score"":28.95},""risk"":{""R1_stop_clarity"":{""score"":32.32244428998962},""R2_stop_distance_pct"":{""value"":15.740963855421693,""score"":0.0},""R3_stop_distance_atr"":{""value"":4.15120781855062,""score"":92.43960907246903},""R4_rr_potential"":{""value"":-0.24397244546498176,""score"":0.0},""_score"":25.18},""market"":{""M1_spy_regime"":{""score"":100.0},""M3_earnings_risk"":{""value"":null,""score"":80.0},""M4_vix"":{""value"":null,""score"":60.0},""_score"":84.0},""liquidity"":{""L1_price"":{""value"":13.28,""score"":100.0},""L2_dollar_vol"":{""value"":17130540.30892176,""score"":61.68855305628092},""L3_spread_proxy"":{""value"":0.0612650602409638,""score"":38.7349397590362},""L4_volume_zscore"":{""value"":1.2606437125897059,""score"":100.0},""_score"":78.55},""pattern_structure"":{""n_contractions"":5,""contractions_pct"":[5.84,5.59,5.18,2.53,9.05],""descending_strict"":false,""final_low"":11.36,""final_pivot"":12.49,""structural_low"":11.36,""dry_up_ratio"":1.0923704264080023,""current_price"":13.28,""neckline_distance_pct"":-0.05948795180722886,""base_bars"":48},""pattern_geometry_features"":{""contraction_count"":5.0,""first_contraction_pct"":0.05841924398625427,""last_contraction_pct"":0.09047237790232192,""dry_up_ratio"":1.0923704264080023,""near_monotone"":0.0,""base_depth_pct"":0.02405498281786951},""_schema_version"":""1.0""}",,,,,,,,,,
20260520T193044Z-73e07b,2026-05-20T19:30:44.960382+00:00,AIR,base_on_base,forming,46.07,26.1,54.1,44.2,45.6,28.3,20.3,72.2,84.0,86.7,4.71,13.54,4.42,4.56,3.4,1.62,3.61,5.88,4.34,False,,106.8,121.59,97.6923,132.945,"{""trend"":{""T1_ema_stack"":{""value"":[false,false,true],""score"":33.33333333333333},""T2_ema50_slope"":{""value"":-0.022666916295140414,""score"":46.222180617476596},""T3_high_proximity"":{""value"":0.8476863243114533,""score"":23.843162155726628},""T4_rs_1m"":{""value"":-0.13536034263076835,""score"":0},""T5_rs_3m"":{""value"":-0.1576263839890888,""score"":0},""T6_adr_healthy"":{""value"":3.6337508299204098,""score"":100.0},""_score"":26.15},""geometry"":{""sub_shallower_second"":0,""sub_second_base_depth"":95.7,""sub_rim_advance"":100,""sub_dry_up"":0,""sub_second_base_duration"":100.0,""_score"":54.14},""compression"":{""VC1_atr_ratio"":{""value"":0.5378792374384797,""score"":100},""VC2_range_contraction"":{""value"":1.0635672737205686,""score"":0},""VC3_range_pct_rank"":{""score"":16.666666666666664},""_score"":44.17},""sr_quality"":{""SR1_touches"":{""value"":2,""score"":25.0},""SR2_tightness"":{""value"":1.0400000000000063,""score"":54.91652900622813},""SR3_recency"":{""value"":267,""score"":0.0},""SR4_price_location"":{""score"":62.36755571793934},""SR5_reaction"":{""value"":1.9062938816837545,""score"":95.31469408418772},""_score"":45.63,""_levels_found"":5,""_target_level"":108.86},""volume"":{""V1_rvol_day"":{""value"":0.8958678830071886,""score"":26.391192200479235},""V2_rvol_sameslot"":{""value"":1.0197140686617092,""score"":34.64760457744728,""status"":""ok""},""V3_breakout_bar"":{""value"":0.7980129901292248,""score"":19.86753267528165},""V4_base_dryup"":{""value"":0.9420999446117027,""score"":55.79000553882973},""V5_bo_expansion"":{""value"":0.8958678830071883,""score"":0},""_score"":28.33},""readiness"":{""_distance_atr"":3.206,""BR1_atr_distance"":{""score"":0},""BR2_compression"":{""score"":11.076892122076762},""BR3_retest"":{""score"":50.0},""BR4_bo_age"":{""score"":50.0},""_score"":20.27},""risk"":{""R1_stop_clarity"":{""score"":35.50896173323636},""R2_stop_distance_pct"":{""value"":8.52780898876404,""score"":86.80477528089901},""R3_stop_distance_atr"":{""value"":1.9740708113941023,""score"":100.0},""R4_rr_potential"":{""value"":2.8706479133041287,""score"":93.53239566520644},""_score"":72.18},""market"":{""M1_spy_regime"":{""score"":100.0},""M3_earnings_risk"":{""value"":null,""score"":80.0},""M4_vix"":{""value"":null,""score"":60.0},""_score"":84.0},""liquidity"":{""L1_price"":{""value"":106.8,""score"":100.0},""L2_dollar_vol"":{""value"":37528685.509656,""score"":78.71816764791149},""L3_spread_proxy"":{""value"":0.047425093632958784,""score"":52.574906367041216},""L4_volume_zscore"":{""value"":-0.43047810247515633,""score"":100.0},""_score"":86.74},""pattern_structure"":{""first_base_low"":76.1,""first_base_top"":87.455,""first_base_bars"":58,""second_base_low"":99.18,""second_base_top"":121.59,""second_base_bars"":47,""structural_low"":99.18,""stacking_overlap_pct"":-0.13406894974558353,""current_price"":106.8,""neckline_distance_pct"":0.1384831460674158,""base_bars"":47},""pattern_geometry_features"":{""first_base_depth_pct"":0.12983820250414504,""second_base_depth_pct"":0.18430792005921537,""second_dry_up_ratio"":1.0362053099948179,""rim_advance_pct"":0.39031501915270717,""atr_pct"":0.04319910379882291},""_schema_version"":""1.0""}",,,,,,,,,,
20260520T193044Z-73e07b,2026-05-20T19:30:44.960382+00:00,MA,vcp,absent,46.07,23.1,48.7,61.3,44.7,14.0,47.9,51.3,84.0,98.5,3.47,12.18,7.35,5.37,1.81,3.35,2.57,5.04,4.92,True,risk_unclear,497.615,506.31,480.6898,525.335,"{""trend"":{""T1_ema_stack"":{""value"":[false,false,false],""score"":0.0},""T2_ema50_slope"":{""value"":-0.08295282676699316,""score"":36.174528872167805},""T3_high_proximity"":{""value"":0.9452992914268347,""score"":72.64964571341731},""T4_rs_1m"":{""value"":-0.07864416002399421,""score"":0},""T5_rs_3m"":{""value"":-0.12542790329401032,""score"":0},""T6_adr_healthy"":{""value"":2.1688572036087024,""score"":100.0},""_score"":23.13},""geometry"":{""sub_contraction_count"":100.0,""sub_reduction_rate"":0,""sub_pivot_tightness"":91.3,""sub_volume_dryup"":0,""sub_base_depth"":0.0,""sub_base_duration"":100.0,""_score"":48.7},""compression"":{""VC1_atr_ratio"":{""value"":0.42392316674264,""score"":100},""VC2_range_contraction"":{""value"":0.9352391901357057,""score"":10.793468310715722},""VC3_range_pct_rank"":{""score"":70.0},""_score"":61.28},""sr_quality"":{""SR1_touches"":{""value"":3,""score"":50.0},""SR2_tightness"":{""value"":1.7563519642207965,""score"":68.99788119947607},""SR3_recency"":{""value"":230,""score"":0.0},""SR4_price_location"":{""score"":22.69736842105276},""SR5_reaction"":{""value"":1.829423332076722,""score"":91.4711666038361},""_score"":44.74,""_levels_found"":7,""_target_level"":505.4483},""volume"":{""V1_rvol_day"":{""value"":0.6161420446230168,""score"":7.742802974867787},""V2_rvol_sameslot"":{""value"":0.5289505095078536,""score"":1.9300339671902405,""status"":""ok""},""V3_breakout_bar"":{""value"":0.5877512699689127,""score"":5.8500846645941795},""V4_base_dryup"":{""value"":0.9716585321932171,""score"":52.834146780678296},""V5_bo_expansion"":{""value"":0.6161420446230168,""score"":0},""_score"":13.96},""readiness"":{""_distance_atr"":0.767,""BR1_atr_distance"":{""score"":48.84028022060926},""BR2_compression"":{""score"":43.55169726537872},""BR3_retest"":{""score"":50.0},""BR4_bo_age"":{""score"":50.0},""_score"":47.92},""risk"":{""R1_stop_clarity"":{""score"":0},""R2_stop_distance_pct"":{""value"":3.4012539814917218,""score"":100.0},""R3_stop_distance_atr"":{""value"":1.4937652637564536,""score"":99.68826318782268},""R4_rr_potential"":{""value"":1.6377993695772255,""score"":31.889968478861274},""_score"":51.33},""market"":{""M1_spy_regime"":{""score"":100.0},""M3_earnings_risk"":{""value"":null,""score"":80.0},""M4_vix"":{""value"":null,""score"":60.0},""_score"":84.0},""liquidity"":{""L1_price"":{""value"":497.615,""score"":100.0},""L2_dollar_vol"":{""value"":1171776898.178563,""score"":100.0},""L3_spread_proxy"":{""value"":0.01517217125689535,""score"":84.82782874310465},""L4_volume_zscore"":{""value"":-1.3919159454555796,""score"":100.0},""_score"":98.48},""pattern_structure"":{""n_contractions"":5,""contractions_pct"":[5.23,3.29,6.04,8.33,3.61],""descending_strict"":false,""final_low"":488.01,""final_pivot"":506.31,""structural_low"":488.01,""dry_up_ratio"":1.0016657339557635,""current_price"":497.615,""neckline_distance_pct"":0.01747334786933672,""base_bars"":37},""pattern_geometry_features"":{""contraction_count"":5.0,""first_contraction_pct"":0.0523336653288235,""last_contraction_pct"":0.036143864430882286,""dry_up_ratio"":1.0016657339557635,""near_monotone"":0.0,""base_depth_pct"":0.03752206455175685},""_schema_version"":""1.0""}",,,,,,,,,,
20260520T193044Z-73e07b,2026-05-20T19:30:44.960382+00:00,PEGA,vcp,forming,45.89,5.0,50.7,52.2,56.4,26.8,38.2,79.3,84.0,85.4,0.75,12.67,6.27,6.76,3.48,2.68,3.97,5.04,4.27,False,,34.145,37.89,31.7465,54.05,"{""trend"":{""T1_ema_stack"":{""value"":[false,false,false],""score"":0.0},""T2_ema50_slope"":{""value"":-0.6777533658168561,""score"":0},""T3_high_proximity"":{""value"":0.7218816067653278,""score"":0},""T4_rs_1m"":{""value"":-0.1827332391744162,""score"":0},""T5_rs_3m"":{""value"":-0.31905529819627043,""score"":0},""T6_adr_healthy"":{""value"":4.8304399100531805,""score"":100.0},""_score"":5.0},""geometry"":{""sub_contraction_count"":100.0,""sub_reduction_rate"":0,""sub_pivot_tightness"":0,""sub_volume_dryup"":60.6,""sub_base_depth"":66.0,""sub_base_duration"":100.0,""_score"":50.69},""compression"":{""VC1_atr_ratio"":{""value"":0.3670670395217566,""score"":100},""VC2_range_contraction"":{""value"":0.857947448414297,""score"":23.675425264283827},""VC3_range_pct_rank"":{""score"":15.833333333333332},""_score"":52.24},""sr_quality"":{""SR1_touches"":{""value"":2,""score"":25.0},""SR2_tightness"":{""value"":0.2375000000000007,""score"":71.70212765957437},""SR3_recency"":{""value"":239,""score"":0.0},""SR4_price_location"":{""score"":92.35957446808507},""SR5_reaction"":{""value"":2.131276595744681,""score"":100},""_score"":56.35,""_levels_found"":6,""_target_level"":34.5725},""volume"":{""V1_rvol_day"":{""value"":0.5460278889268918,""score"":3.0685259284594535},""V2_rvol_sameslot"":{""value"":0.7481620124726577,""score"":16.544134164843847,""status"":""ok""},""V3_breakout_bar"":{""value"":1.2409235466130082,""score"":49.39490310753388},""V4_base_dryup"":{""value"":0.9743676544798575,""score"":52.56323455201425},""V5_bo_expansion"":{""value"":0.5460278889268919,""score"":0},""_score"":26.78},""readiness"":{""_distance_atr"":2.231,""BR1_atr_distance"":{""score"":0},""BR2_compression"":{""score"":82.97974104107149},""BR3_retest"":{""score"":50.0},""BR4_bo_age"":{""score"":50.0},""_score"":38.24},""risk"":{""R1_stop_clarity"":{""score"":42.39744680851049},""R2_stop_distance_pct"":{""value"":7.02430809781815,""score"":100.0},""R3_stop_distance_atr"":{""value"":1.4288638297872385,""score"":96.44319148936192},""R4_rr_potential"":{""value"":8.299109841772786,""score"":100.0},""_score"":79.31},""market"":{""M1_spy_regime"":{""score"":100.0},""M3_earnings_risk"":{""value"":null,""score"":80.0},""M4_vix"":{""value"":null,""score"":60.0},""_score"":84.0},""liquidity"":{""L1_price"":{""value"":34.145,""score"":100.0},""L2_dollar_vol"":{""value"":40059471.60010806,""score"":80.13526082417495},""L3_spread_proxy"":{""value"":0.06618831454092833,""score"":33.81168545907167},""L4_volume_zscore"":{""value"":-1.1274407255630083,""score"":100.0},""_score"":85.44},""pattern_structure"":{""n_contractions"":5,""contractions_pct"":[15.17,11.67,13.41,23.55,14.94],""descending_strict"":false,""final_low"":32.23,""final_pivot"":37.89,""structural_low"":32.23,""dry_up_ratio"":0.6968014014103412,""current_price"":34.145,""neckline_distance_pct"":0.10967930882998966,""base_bars"":49},""pattern_geometry_features"":{""contraction_count"":5.0,""first_contraction_pct"":0.15168423227939665,""last_contraction_pct"":0.1493797835840592,""dry_up_ratio"":0.6968014014103412,""near_monotone"":0.0,""base_depth_pct"":0.3339532961355653},""_schema_version"":""1.0""}",,,,,,,,,,
20260520T193044Z-73e07b,2026-05-20T19:30:44.960382+00:00,ADSK,bull_flag,absent,45.76,36.2,42.0,48.9,52.5,16.6,46.7,69.8,84.0,95.8,5.06,12.59,4.4,5.25,2.32,4.2,2.09,5.04,4.79,True,risk_unclear,241.89,251.16,229.6971,277.045,"{""trend"":{""T1_ema_stack"":{""value"":[true,false,false],""score"":33.33333333333333},""T2_ema50_slope"":{""value"":-0.04177080597161207,""score"":43.038199004731325},""T3_high_proximity"":{""value"":0.915833711949114,""score"":57.91685597455698},""T4_rs_1m"":{""value"":-0.06640829751503807,""score"":0},""T5_rs_3m"":{""value"":-0.026074439811535566,""score"":36.962780094232215},""T6_adr_healthy"":{""value"":3.258220650951498,""score"":100.0},""_score"":36.17},""geometry"":{""sub_pole_impulse"":55.6,""sub_flag_tightness"":6.2,""sub_flag_shallowness"":0,""sub_flag_drift"":91.6,""sub_flag_duration"":100.0,""_score"":41.97},""compression"":{""VC1_atr_ratio"":{""value"":0.4615867409866942,""score"":100},""VC2_range_contraction"":{""value"":0.9184954492638602,""score"":13.58409178935664},""VC3_range_pct_rank"":{""score"":16.666666666666664},""_score"":48.92},""sr_quality"":{""SR1_touches"":{""value"":2,""score"":25.0},""SR2_tightness"":{""value"":1.1599999999999966,""score"":73.1008923580199},""SR3_recency"":{""value"":254,""score"":0.0},""SR4_price_location"":{""score"":76.04050156001635},""SR5_reaction"":{""value"":3.583262593428439,""score"":100},""_score"":52.48,""_levels_found"":5,""_target_level"":245.96},""volume"":{""V1_rvol_day"":{""value"":0.5044652007488128,""score"":0.2976800499208565},""V2_rvol_sameslot"":{""value"":0.6629071154384494,""score"":10.860474362563293,""status"":""ok""},""V3_breakout_bar"":{""value"":0.7394453472841037,""score"":15.963023152273582},""V4_base_dryup"":{""value"":0.9809260023221983,""score"":51.90739976778017},""V5_bo_expansion"":{""value"":0.5044652007488128,""score"":0},""_score"":16.6},""readiness"":{""_distance_atr"":1.075,""BR1_atr_distance"":{""score"":28.346342574380316},""BR2_compression"":{""score"":71.31074952492506},""BR3_retest"":{""score"":50.0},""BR4_bo_age"":{""score"":50.0},""_score"":46.67},""risk"":{""R1_stop_clarity"":{""score"":18.887016294332966},""R2_stop_distance_pct"":{""value"":5.0406899830501475,""score"":100.0},""R3_stop_distance_atr"":{""value"":1.4137017329551347,""score"":95.68508664775673},""R4_rr_potential"":{""value"":2.8832294137788894,""score"":94.16147068894448},""_score"":69.8},""market"":{""M1_spy_regime"":{""score"":100.0},""M3_earnings_risk"":{""value"":null,""score"":80.0},""M4_vix"":{""value"":null,""score"":60.0},""_score"":84.0},""liquidity"":{""L1_price"":{""value"":241.89,""score"":100.0},""L2_dollar_vol"":{""value"":215605016.6692831,""score"":100.0},""L3_spread_proxy"":{""value"":0.04150646988300476,""score"":58.493530116995245},""L4_volume_zscore"":{""value"":-2.380750526611075,""score"":100.0},""_score"":95.85},""pattern_structure"":{""pole_low"":225.275,""pole_low_idx"":25,""peak_price"":251.16,""peak_idx"":48,""pole_gain"":0.11490400621462653,""flag_bars"":11,""flag_low"":233.195,""flag_high"":249.44,""structural_low"":233.195,""current_price"":242.08,""neckline_distance_pct"":0.03750826173165889,""base_bars"":11},""pattern_geometry_features"":{""pole_gain"":0.11490400621462653,""pullback_pct"":0.07152810957158785,""flag_range_pct"":0.06467988533205926,""flag_drift_per_bar"":-0.0016771315267680145,""atr_pct"":0.03565596522622442,""pole_atr_multiple"":3.2225745533910377},""_schema_version"":""1.0""}",,,,,,,,,,
20260520T193044Z-73e07b,2026-05-20T19:30:44.960382+00:00,INOD,vcp,breakout_confirmed,45.73,88.9,45.0,4.6,47.1,7.4,31.3,44.1,84.0,91.0,13.34,11.25,0.55,5.65,0.96,2.19,2.2,5.04,4.55,False,,92.57,48.92,39.0454,57.81,"{""trend"":{""T1_ema_stack"":{""value"":[true,true,true],""score"":100.0},""T2_ema50_slope"":{""value"":0.7790869863756428,""score"":100},""T3_high_proximity"":{""value"":0.8915535009149571,""score"":45.776750457478535},""T4_rs_1m"":{""value"":0.9527635349323713,""score"":100},""T5_rs_3m"":{""value"":0.94725229034943,""score"":100},""T6_adr_healthy"":{""value"":10.358549875260097,""score"":41.03625311849757},""_score"":88.92},""geometry"":{""sub_contraction_count"":100.0,""sub_reduction_rate"":0,""sub_pivot_tightness"":0,""sub_volume_dryup"":0,""sub_base_depth"":100.0,""sub_base_duration"":100.0,""_score"":45.0},""compression"":{""VC1_atr_ratio"":{""value"":1.8480465760562996,""score"":0},""VC2_range_contraction"":{""value"":2.1667376466889214,""score"":0},""VC3_range_pct_rank"":{""score"":18.333333333333336},""_score"":4.58},""sr_quality"":{""SR1_touches"":{""value"":4,""score"":75.0},""SR2_tightness"":{""value"":2.3074282220688924,""score"":62.563303090697985},""SR3_recency"":{""value"":301,""score"":0.0},""SR4_price_location"":{""score"":30.0},""SR5_reaction"":{""value"":1.0249780706611042,""score"":51.24890353305521},""_score"":47.07,""_levels_found"":3,""_target_level"":64.725},""volume"":{""V1_rvol_day"":{""value"":0.4656469002407172,""score"":0},""V2_rvol_sameslot"":{""value"":0.7539610274423728,""score"":16.930735162824853,""status"":""ok""},""V3_breakout_bar"":{""value"":0.7416540350677818,""score"":16.110269004518788},""V4_base_dryup"":{""value"":1.562592610853643,""score"":0},""V5_bo_expansion"":{""value"":0.4656469002407172,""score"":0},""_score"":7.41},""readiness"":{""_distance_atr"":-3.541,""BR1_atr_distance"":{""score"":0},""BR2_compression"":{""score"":55.13674904943648},""BR3_retest"":{""score"":50.0},""BR4_bo_age"":{""score"":50.0},""_score"":31.28},""risk"":{""R1_stop_clarity"":{""score"":90.35295669465624},""R2_stop_distance_pct"":{""value"":57.820676245003774,""score"":0.0},""R3_stop_distance_atr"":{""value"":4.342029381947552,""score"":82.8985309026224},""R4_rr_potential"":{""value"":-0.6494210138889407,""score"":0.0},""_score"":44.06},""market"":{""M1_spy_regime"":{""score"":100.0},""M3_earnings_risk"":{""value"":null,""score"":80.0},""M4_vix"":{""value"":null,""score"":60.0},""_score"":84.0},""liquidity"":{""L1_price"":{""value"":92.57,""score"":100.0},""L2_dollar_vol"":{""value"":130734867.258262,""score"":100.0},""L3_spread_proxy"":{""value"":0.09049043966727882,""score"":9.509560332721179},""L4_volume_zscore"":{""value"":-0.3637533553145738,""score"":100.0},""_score"":90.95},""pattern_structure"":{""n_contractions"":5,""contractions_pct"":[15.51,10.27,25.44,19.26,18.97],""descending_strict"":false,""final_low"":39.64,""final_pivot"":48.92,""structural_low"":39.64,""dry_up_ratio"":4.804388519693763,""current_price"":92.57,""neckline_distance_pct"":-0.47153505455331096,""base_bars"":42},""pattern_geometry_features"":{""contraction_count"":5.0,""first_contraction_pct"":0.1551205439934061,""last_contraction_pct"":0.18969746524938677,""dry_up_ratio"":4.804388519693763,""near_monotone"":0.0,""base_depth_pct"":0.1831856583556563},""_schema_version"":""1.0""}",,,,,,,,,,
20260520T193044Z-73e07b,2026-05-20T19:30:44.960382+00:00,VSEC,double_bottom,forming,45.65,13.3,52.4,47.1,48.5,22.6,35.6,78.8,84.0,88.8,2.0,13.1,3.77,6.78,2.94,2.85,4.73,5.04,4.44,False,,170.75,185.0,163.0323,204.485,"{""trend"":{""T1_ema_stack"":{""value"":[false,false,true],""score"":33.33333333333333},""T2_ema50_slope"":{""value"":-0.32431011890299627,""score"":0},""T3_high_proximity"":{""value"":0.7496268329089473,""score"":0},""T4_rs_1m"":{""value"":-0.17316908938830733,""score"":0},""T5_rs_3m"":{""value"":-0.32183036762708206,""score"":0},""T6_adr_healthy"":{""value"":5.60969213678477,""score"":100.0},""_score"":13.33},""geometry"":{""sub_low_similarity"":14.8,""sub_bounce_quality"":100,""sub_separation_fit"":100.0,""sub_right_bottom_reaction"":46.5,""sub_base_context"":30.0,""_score"":52.41},""compression"":{""VC1_atr_ratio"":{""value"":0.5259941473403106,""score"":100},""VC2_range_contraction"":{""value"":0.8995237160951239,""score"":16.746047317479345},""VC3_range_pct_rank"":{""score"":5.000000000000004},""_score"":47.11},""sr_quality"":{""SR1_touches"":{""value"":2,""score"":25.0},""SR2_tightness"":{""value"":2.8899999999999864,""score"":50.25478133804333},""SR3_recency"":{""value"":320,""score"":0.0},""SR4_price_location"":{""score"":73.67355204536248},""SR5_reaction"":{""value"":2.1072866417612706,""score"":100},""_score"":48.46,""_levels_found"":7,""_target_level"":174.0},""volume"":{""V1_rvol_day"":{""value"":0.8343357431628994,""score"":22.289049544193293},""V2_rvol_sameslot"":{""value"":0.8595960528134133,""score"":23.97307018756089,""status"":""ok""},""V3_breakout_bar"":{""value"":0.5738866203011811,""score"":4.925774686745407},""V4_base_dryup"":{""value"":0.8943375678849544,""score"":60.566243211504556},""V5_bo_expansion"":{""value"":0.8343357431628995,""score"":0},""_score"":22.6},""readiness"":{""_distance_atr"":1.226,""BR1_atr_distance"":{""score"":18.238827458721346},""BR2_compression"":{""score"":43.19404783258972},""BR3_retest"":{""score"":50.0},""BR4_bo_age"":{""score"":50.0},""_score"":35.59},""risk"":{""R1_stop_clarity"":{""score"":57.26515640051682},""R2_stop_distance_pct"":{""value"":4.519897510980967,""score"":100.0},""R3_stop_distance_atr"":{""value"":0.6642213108959368,""score"":58.211065544796845},""R4_rr_potential"":{""value"":4.371106770453729,""score"":100.0},""_score"":78.77},""market"":{""M1_spy_regime"":{""score"":100.0},""M3_earnings_risk"":{""value"":null,""score"":80.0},""M4_vix"":{""value"":null,""score"":60.0},""_score"":84.0},""liquidity"":{""L1_price"":{""value"":170.75,""score"":100.0},""L2_dollar_vol"":{""value"":71957629.81319325,""score"":92.85384249187199},""L3_spread_proxy"":{""value"":0.08304538799414336,""score"":16.95461200585663},""L4_volume_zscore"":{""value"":-0.45311600394714846,""score"":100.0},""_score"":88.84},""pattern_structure"":{""left_low"":172.72,""left_idx"":45,""right_low"":165.515,""right_idx"":64,""separation_bars"":19,""structural_low"":165.515,""current_price"":170.75,""neckline_distance_pct"":0.08345534407027819,""base_bars"":19},""pattern_geometry_features"":{""low_similarity_pct"":0.04260351530740469,""bounce_pct"":0.11772346917197846,""right_bottom_reaction"":0.46545768566494655,""atr_pct"":0.06804806525831414},""_schema_version"":""1.0""}",,,,,,,,,,
20260520T193044Z-73e07b,2026-05-20T19:30:44.960382+00:00,PCTY,vcp,absent,45.6,51.7,37.0,42.7,43.2,18.9,61.3,43.2,84.0,86.6,7.76,9.26,5.13,5.18,2.46,4.29,2.16,5.04,4.33,False,,112.265,114.95,100.6572,122.6749,"{""trend"":{""T1_ema_stack"":{""value"":[true,false,false],""score"":33.33333333333333},""T2_ema50_slope"":{""value"":-0.06789541890468408,""score"":38.684096849219316},""T3_high_proximity"":{""value"":0.9347626977518735,""score"":67.38134887593672},""T4_rs_1m"":{""value"":0.031855107944473104,""score"":81.8551079444731},""T5_rs_3m"":{""value"":-0.04452402530678534,""score"":27.73798734660733},""T6_adr_healthy"":{""value"":4.646484079578263,""score"":100.0},""_score"":51.71},""geometry"":{""sub_contraction_count"":100.0,""sub_reduction_rate"":0,""sub_pivot_tightness"":0,""sub_volume_dryup"":0,""sub_base_depth"":20.3,""sub_base_duration"":100.0,""_score"":37.03},""compression"":{""VC1_atr_ratio"":{""value"":0.4442381305624558,""score"":100},""VC2_range_contraction"":{""value"":1.217447679487039,""score"":0},""VC3_range_pct_rank"":{""score"":10.833333333333329},""_score"":42.71},""sr_quality"":{""SR1_touches"":{""value"":2,""score"":25.0},""SR2_tightness"":{""value"":0.5949999999999989,""score"":78.61426605598805},""SR3_recency"":{""value"":232,""score"":0.0},""SR4_price_location"":{""score"":35.454247294194936},""SR5_reaction"":{""value"":2.1277816858017204,""score"":100},""_score"":43.16,""_levels_found"":5,""_target_level"":115.545},""volume"":{""V1_rvol_day"":{""value"":0.4472476412745976,""score"":0},""V2_rvol_sameslot"":{""value"":0.6257212854212143,""score"":8.381419028080954,""status"":""ok""},""V3_breakout_bar"":{""value"":0.9974263426674906,""score"":33.16175617783271},""V4_base_dryup"":{""value"":1.0517691074232713,""score"":44.82308925767286},""V5_bo_expansion"":{""value"":0.4472476412745976,""score"":0},""_score"":18.93},""readiness"":{""_distance_atr"":0.483,""BR1_atr_distance"":{""score"":67.83154305900715},""BR2_compression"":{""score"":66.62205752733873},""BR3_retest"":{""score"":50.0},""BR4_bo_age"":{""score"":50.0},""_score"":61.29},""risk"":{""R1_stop_clarity"":{""score"":44.90562293331122},""R2_stop_distance_pct"":{""value"":10.339599608070197,""score"":41.510009798245086},""R3_stop_distance_atr"":{""value"":2.0860528173714803,""score"":100.0},""R4_rr_potential"":{""value"":0.8968058973350698,""score"":0.0},""_score"":43.17},""market"":{""M1_spy_regime"":{""score"":100.0},""M3_earnings_risk"":{""value"":null,""score"":80.0},""M4_vix"":{""value"":null,""score"":60.0},""_score"":84.0},""liquidity"":{""L1_price"":{""value"":112.265,""score"":100.0},""L2_dollar_vol"":{""value"":43292335.675646074,""score"":81.82055085878073},""L3_spread_proxy"":{""value"":0.06110542021110764,""score"":38.89457978889236},""L4_volume_zscore"":{""value"":-1.3767713442622262,""score"":100.0},""_score"":86.62},""pattern_structure"":{""n_contractions"":5,""contractions_pct"":[8.57,15.24,7.86,8.55,11.1],""descending_strict"":false,""final_low"":102.1901,""final_pivot"":114.95,""structural_low"":102.1901,""dry_up_ratio"":1.3168786317922199,""current_price"":112.265,""neckline_distance_pct"":0.023916625840644922,""base_bars"":59},""pattern_geometry_features"":{""contraction_count"":5.0,""first_contraction_pct"":0.08565709866715195,""last_contraction_pct"":0.11100391474554155,""dry_up_ratio"":1.3168786317922199,""near_monotone"":0.0,""base_depth_pct"":0.07028067142792162},""_schema_version"":""1.0""}",,,,,,,,,,
20260520T193044Z-73e07b,2026-05-20T19:30:44.960382+00:00,APPF,vcp,absent,45.6,26.8,49.3,41.5,63.7,13.8,41.4,55.0,84.0,83.2,4.02,12.31,4.98,7.65,1.79,2.89,2.75,5.04,4.16,False,,161.44,177.82,142.9629,221.69,"{""trend"":{""T1_ema_stack"":{""value"":[true,false,false],""score"":33.33333333333333},""T2_ema50_slope"":{""value"":-0.10996580424764524,""score"":31.67236595872579},""T3_high_proximity"":{""value"":0.8444839671496575,""score"":22.241983574828705},""T4_rs_1m"":{""value"":-0.03085174375640265,""score"":19.148256243597352},""T5_rs_3m"":{""value"":-0.16660507064812502,""score"":0},""T6_adr_healthy"":{""value"":4.622914117010722,""score"":100.0},""_score"":26.83},""geometry"":{""sub_contraction_count"":100.0,""sub_reduction_rate"":0,""sub_pivot_tightness"":0,""sub_volume_dryup"":28.4,""sub_base_depth"":100.0,""sub_base_duration"":100.0,""_score"":49.26},""compression"":{""VC1_atr_ratio"":{""value"":0.46010170334264866,""score"":100},""VC2_range_contraction"":{""value"":1.0998002216447218,""score"":0},""VC3_range_pct_rank"":{""score"":5.833333333333335},""_score"":41.46},""sr_quality"":{""SR1_touches"":{""value"":3,""score"":50.0},""SR2_tightness"":{""value"":1.5616871218866646,""score"":60.76710911879148},""SR3_recency"":{""value"":238,""score"":0.0},""SR4_price_location"":{""score"":98.47848321682453},""SR5_reaction"":{""value"":2.8136774115079386,""score"":100},""_score"":63.73,""_levels_found"":7,""_target_level"":161.62},""volume"":{""V1_rvol_day"":{""value"":0.5101542434877361,""score"":0.6769495658490721},""V2_rvol_sameslot"":{""value"":0.6511518789381355,""score"":10.076791929209035,""status"":""ok""},""V3_breakout_bar"":{""value"":0.8460046434444889,""score"":23.066976229632594},""V4_base_dryup"":{""value"":1.2072348408565006,""score"":29.276515914349943},""V5_bo_expansion"":{""value"":0.5101542434877362,""score"":0},""_score"":13.77},""readiness"":{""_distance_atr"":2.058,""BR1_atr_distance"":{""score"":0},""BR2_compression"":{""score"":95.41482157691445},""BR3_retest"":{""score"":50.0},""BR4_bo_age"":{""score"":50.0},""_score"":41.35},""risk"":{""R1_stop_clarity"":{""score"":45.306633101839985},""R2_stop_distance_pct"":{""value"":11.445180872150647,""score"":13.870478196233815},""R3_stop_distance_atr"":{""value"":2.320919593757739,""score"":100.0},""R4_rr_potential"":{""value"":3.2607930898247006,""score"":100.0},""_score"":55.02},""market"":{""M1_spy_regime"":{""score"":100.0},""M3_earnings_risk"":{""value"":null,""score"":80.0},""M4_vix"":{""value"":null,""score"":60.0},""_score"":84.0},""liquidity"":{""L1_price"":{""value"":161.44,""score"":100.0},""L2_dollar_vol"":{""value"":29723722.990750723,""score"":73.65516026296604},""L3_spread_proxy"":{""value"":0.062344524281466765,""score"":37.65547571853323},""L4_volume_zscore"":{""value"":-1.1361531096529653,""score"":100.0},""_score"":83.23},""pattern_structure"":{""n_contractions"":5,""contractions_pct"":[11.98,22.34,12.83,8.94,18.38],""descending_strict"":false,""final_low"":145.14,""final_pivot"":177.82,""structural_low"":145.14,""dry_up_ratio"":0.8581475699064561,""current_price"":161.44,""neckline_distance_pct"":0.10146184340931613,""base_bars"":63},""pattern_geometry_features"":{""contraction_count"":5.0,""first_contraction_pct"":0.11983492936881635,""last_contraction_pct"":0.18378135192891693,""dry_up_ratio"":0.8581475699064561,""near_monotone"":0.0,""base_depth_pct"":0.23210412147505427},""_schema_version"":""1.0""}",,,,,,,,,,
20260520T193044Z-73e07b,2026-05-20T19:30:44.960382+00:00,HLNE,vcp,forming,45.6,5.0,55.3,72.7,45.4,18.9,38.6,49.3,84.0,83.5,0.75,13.83,8.72,5.45,2.46,2.7,2.47,5.04,4.17,True,risk_unclear,85.4,111.01,85.1779,134.725,"{""trend"":{""T1_ema_stack"":{""value"":[false,false,false],""score"":0.0},""T2_ema50_slope"":{""value"":-0.5997626474779139,""score"":0},""T3_high_proximity"":{""value"":0.7762225049990912,""score"":0},""T4_rs_1m"":{""value"":-0.24711037457914575,""score"":0},""T5_rs_3m"":{""value"":-0.32614937713843595,""score"":0},""T6_adr_healthy"":{""value"":4.831746052259061,""score"":100.0},""_score"":5.0},""geometry"":{""sub_contraction_count"":100.0,""sub_reduction_rate"":0,""sub_pivot_tightness"":0,""sub_volume_dryup"":68.8,""sub_base_depth"":100.0,""sub_base_duration"":100.0,""_score"":55.32},""compression"":{""VC1_atr_ratio"":{""value"":0.2723208493046829,""score"":100},""VC2_range_contraction"":{""value"":0.6572489819759675,""score"":57.12516967067209},""VC3_range_pct_rank"":{""score"":50.83333333333333},""_score"":72.7},""sr_quality"":{""SR1_touches"":{""value"":2,""score"":25.0},""SR2_tightness"":{""value"":0.5249999999999986,""score"":68.93202241966716},""SR3_recency"":{""value"":251,""score"":0.0},""SR4_price_location"":{""score"":50.3356186965821},""SR5_reaction"":{""value"":4.524089306698003,""score"":100},""_score"":45.42,""_levels_found"":5,""_target_level"":90.995},""volume"":{""V1_rvol_day"":{""value"":0.2690796662089672,""score"":0},""V2_rvol_sameslot"":{""value"":0.38639444870797884,""score"":0,""status"":""ok""},""V3_breakout_bar"":{""value"":1.0050365066951692,""score"":33.669100446344615},""V4_base_dryup"":{""value"":0.9732223556441651,""score"":52.677764435583484},""V5_bo_expansion"":{""value"":0.2690796662089672,""score"":0},""_score"":18.95},""readiness"":{""_distance_atr"":7.578,""BR1_atr_distance"":{""score"":0},""BR2_compression"":{""score"":84.53096679439109},""BR3_retest"":{""score"":50.0},""BR4_bo_age"":{""score"":50.0},""_score"":38.63},""risk"":{""R1_stop_clarity"":{""score"":23.239903964020655},""R2_stop_distance_pct"":{""value"":0.26009953161593147,""score"":56.50248829039829},""R3_stop_distance_atr"":{""value"":0.065723566857444,""score"":28.286178342872205},""R4_rr_potential"":{""value"":222.0596510973497,""score"":100.0},""_score"":49.33},""market"":{""M1_spy_regime"":{""score"":100.0},""M3_earnings_risk"":{""value"":null,""score"":80.0},""M4_vix"":{""value"":null,""score"":60.0},""_score"":84.0},""liquidity"":{""L1_price"":{""value"":85.4,""score"":100.0},""L2_dollar_vol"":{""value"":22606336.261546798,""score"":67.71150916476452},""L3_spread_proxy"":{""value"":0.036007025761124155,""score"":63.992974238875846},""L4_volume_zscore"":{""value"":-1.2957553444659533,""score"":100.0},""_score"":83.48},""pattern_structure"":{""n_contractions"":5,""contractions_pct"":[15.81,10.53,11.24,10.56,22.1],""descending_strict"":false,""final_low"":86.475,""final_pivot"":111.01,""structural_low"":86.475,""dry_up_ratio"":0.655785507743032,""current_price"":85.4,""neckline_distance_pct"":0.2998829039812646,""base_bars"":38},""pattern_geometry_features"":{""contraction_count"":5.0,""first_contraction_pct"":0.15809057083219893,""last_contraction_pct"":0.22101612467345294,""dry_up_ratio"":0.655785507743032,""near_monotone"":0.0,""base_depth_pct"":0.21521916689354753},""_schema_version"":""1.0""}",,,,,,,,,,
20260520T193044Z-73e07b,2026-05-20T19:30:44.960382+00:00,XEL,breakout_retest_hold,setup,45.57,46.5,36.0,66.4,49.1,10.1,55.2,37.3,84.0,98.9,6.51,7.92,3.99,6.88,1.31,9.94,1.87,4.2,2.97,True,risk_unclear,80.0299,78.99,78.7347,77.91,"{""trend"":{""T1_ema_stack"":{""value"":[true,false,true],""score"":66.66666666666666},""T2_ema50_slope"":{""value"":0.017960268910460486,""score"":52.993378151743414},""T3_high_proximity"":{""value"":0.9537587891788821,""score"":76.87939458944103},""T4_rs_1m"":{""value"":-0.03977200149750759,""score"":10.227998502492412},""T5_rs_3m"":{""value"":-0.09167763506110038,""score"":4.1611824694498125},""T6_adr_healthy"":{""value"":1.9014258341202972,""score"":100.0},""_score"":46.47},""geometry"":{""sub_retest_depth"":0.0,""sub_retest_timing"":80.0,""sub_retest_freshness"":100.0,""sub_hold_quality"":0.0,""_score"":36.0},""compression"":{""VC1_atr_ratio"":{""value"":0.5087760895937682,""score"":100},""VC2_range_contraction"":{""value"":0.9109763350264829,""score"":14.837277495586184},""VC3_range_pct_rank"":{""score"":85.0},""_score"":66.44},""sr_quality"":{""SR1_touches"":{""value"":3,""score"":50.0},""SR2_tightness"":{""value"":0.32714251057027344,""score"":56.515593183158494},""SR3_recency"":{""value"":246,""score"":0.0},""SR4_price_location"":{""score"":42.52519214346708},""SR5_reaction"":{""value"":3.0815729092491515,""score"":100},""_score"":49.11,""_levels_found"":7,""_target_level"":82.2733},""volume"":{""V1_rvol_day"":{""value"":0.44298652665761606,""score"":0},""V2_rvol_sameslot"":{""value"":0.4701353169731657,""score"":0,""status"":""ok""},""V3_breakout_bar"":{""value"":0.772295745641892,""score"":18.153049709459466},""V4_base_dryup"":{""value"":1.223616435487615,""score"":27.638356451238508},""V5_bo_expansion"":{""value"":0.4429865266576162,""score"":0},""_score"":10.07},""readiness"":{""_distance_atr"":-0.691,""BR1_atr_distance"":{""score"":46.17745074768568},""BR2_compression"":{""score"":48.9070476796288},""BR3_retest"":{""score"":100},""BR4_bo_age"":{""score"":30},""_score"":55.2},""risk"":{""R1_stop_clarity"":{""score"":0},""R2_stop_distance_pct"":{""value"":1.6183951248220905,""score"":90.45987812055226},""R3_stop_distance_atr"":{""value"":0.8608022786612832,""score"":68.04011393306416},""R4_rr_potential"":{""value"":-1.6367356392835277,""score"":0.0},""_score"":37.34},""market"":{""M1_spy_regime"":{""score"":100.0},""M3_earnings_risk"":{""value"":null,""score"":80.0},""M4_vix"":{""value"":null,""score"":60.0},""_score"":84.0},""liquidity"":{""L1_price"":{""value"":80.0299,""score"":100.0},""L2_dollar_vol"":{""value"":181604643.3413843,""score"":100.0},""L3_spread_proxy"":{""value"":0.011308273532767144,""score"":88.69172646723285},""L4_volume_zscore"":{""value"":-1.4854549268230137,""score"":100.0},""_score"":98.87},""pattern_structure"":{""level"":78.99,""level_idx"":62,""breakout_idx"":69,""bo_peak_idx"":74,""bo_peak_price"":80.435,""retest_idx"":78,""retest_low"":79.53,""structural_low"":79.53,""current_price"":80.02,""neckline_distance_pct"":-0.012871782054486393,""base_bars"":17,""bars_since_breakout"":10},""pattern_geometry_features"":{""retest_depth_atr"":-1.0066577896138629,""bars_breakout_to_retest"":9.0,""bars_since_retest"":1.0,""current_above_level_atr"":1.9201065246338296,""bo_peak_excess_pct"":0.018293454867704867,""atr_pct"":0.018801008837232784},""_schema_version"":""1.0""}",,,,,,,,,,
20260520T193044Z-73e07b,2026-05-20T19:30:44.960382+00:00,TTAN,high_tight_pullback,forming,45.39,13.3,54.3,49.2,51.8,5.2,56.3,79.2,84.0,82.3,1.6,19.0,4.92,4.15,0.72,5.07,0.79,5.04,4.11,False,,62.325,64.5399,58.7552,74.9098,"{""trend"":{""T1_ema_stack"":{""value"":[true,false,false],""score"":33.33333333333333},""T2_ema50_slope"":{""value"":-0.32849480776373174,""score"":0},""T3_high_proximity"":{""value"":0.7513562386980108,""score"":0},""T4_rs_1m"":{""value"":-0.07947499583882878,""score"":0},""T5_rs_3m"":{""value"":-0.1513999472465386,""score"":0},""T6_adr_healthy"":{""value"":5.527360805611094,""score"":100.0},""_score"":13.33},""geometry"":{""sub_pole_impulse"":54.2,""sub_flag_tightness"":43.5,""sub_flag_shallowness"":20.8,""sub_flag_drift"":99.9,""sub_flag_duration"":80.0,""_score"":54.28},""compression"":{""VC1_atr_ratio"":{""value"":0.4704869064348282,""score"":100},""VC2_range_contraction"":{""value"":1.010672648986079,""score"":0},""VC3_range_pct_rank"":{""score"":36.66666666666667},""_score"":49.17},""sr_quality"":{""SR1_touches"":{""value"":3,""score"":50.0},""SR2_tightness"":{""value"":0.36153392648546445,""score"":80.79260552147866},""SR3_recency"":{""value"":233,""score"":0.0},""SR4_price_location"":{""score"":38.889932103218925},""SR5_reaction"":{""value"":2.739156613551815,""score"":100},""_score"":51.84,""_levels_found"":4,""_target_level"":68.5083},""volume"":{""V1_rvol_day"":{""value"":0.36565897863492286,""score"":0},""V2_rvol_sameslot"":{""value"":0.37115973411522013,""score"":0,""status"":""ok""},""V3_breakout_bar"":{""value"":0.5158726781916155,""score"":1.058178546107702},""V4_base_dryup"":{""value"":1.255591566875654,""score"":24.440843312434595},""V5_bo_expansion"":{""value"":0.36565897863492286,""score"":0},""_score"":5.15},""readiness"":{""_distance_atr"":0.588,""BR1_atr_distance"":{""score"":60.77596511799996},""BR2_compression"":{""score"":57.89403552222008},""BR3_retest"":{""score"":50.0},""BR4_bo_age"":{""score"":50.0},""_score"":56.28},""risk"":{""R1_stop_clarity"":{""score"":52.464167397169696},""R2_stop_distance_pct"":{""value"":5.727637384677106,""score"":100.0},""R3_stop_distance_atr"":{""value"":0.9482595050793707,""score"":72.41297525396854},""R4_rr_potential"":{""value"":3.5254009384410616,""score"":100.0},""_score"":79.22},""market"":{""M1_spy_regime"":{""score"":100.0},""M3_earnings_risk"":{""value"":null,""score"":80.0},""M4_vix"":{""value"":null,""score"":60.0},""_score"":84.0},""liquidity"":{""L1_price"":{""value"":62.325,""score"":100.0},""L2_dollar_vol"":{""value"":24975291.720037278,""score"":69.87552848186303},""L3_spread_proxy"":{""value"":0.05679903730445245,""score"":43.200962695547545},""L4_volume_zscore"":{""value"":-1.8896635372774562,""score"":100.0},""_score"":82.27},""pattern_structure"":{""pole_low"":54.17,""pole_low_idx"":28,""peak_price"":64.5399,""peak_idx"":48,""pole_gain"":0.19143252722909362,""flag_bars"":11,""flag_low"":59.65,""flag_high"":63.84,""structural_low"":59.65,""current_price"":62.32,""neckline_distance_pct"":0.03562098844672661,""base_bars"":11},""pattern_geometry_features"":{""pole_gain"":0.19143252722909362,""pullback_pct"":0.07576553418892816,""flag_range_pct"":0.0649210798281374,""flag_drift_per_bar"":-2.5644766017030464e-05,""atr_pct"":0.06040158157125663,""pole_atr_multiple"":3.169329713713835},""_schema_version"":""1.0""}",,,,,,,,,,
20260520T193044Z-73e07b,2026-05-20T19:30:44.960382+00:00,PRGS,high_tight_pullback,absent,45.16,13.3,45.8,47.1,64.7,24.5,50.4,78.0,84.0,77.2,1.6,16.03,4.71,5.18,3.42,4.54,0.78,5.04,3.86,False,,28.86,30.16,27.0875,34.365,"{""trend"":{""T1_ema_stack"":{""value"":[true,false,false],""score"":33.33333333333333},""T2_ema50_slope"":{""value"":-0.4238773029520805,""score"":0},""T3_high_proximity"":{""value"":0.6856735566642908,""score"":0},""T4_rs_1m"":{""value"":-0.09202332949814807,""score"":0},""T5_rs_3m"":{""value"":-0.2894798432345711,""score"":0},""T6_adr_healthy"":{""value"":4.87464988426169,""score"":100.0},""_score"":13.33},""geometry"":{""sub_pole_impulse"":55.8,""sub_flag_tightness"":27.0,""sub_flag_shallowness"":0,""sub_flag_drift"":95.4,""sub_flag_duration"":80.0,""_score"":45.8},""compression"":{""VC1_atr_ratio"":{""value"":0.4851800235030705,""score"":100},""VC2_range_contraction"":{""value"":1.1681803512725233,""score"":0},""VC3_range_pct_rank"":{""score"":28.333333333333332},""_score"":47.08},""sr_quality"":{""SR1_touches"":{""value"":4,""score"":75.0},""SR2_tightness"":{""value"":0.2675233634656977,""score"":63.02536575510251},""SR3_recency"":{""value"":232,""score"":0.0},""SR4_price_location"":{""score"":71.05698391219372},""SR5_reaction"":{""value"":2.659695245052791,""score"":100},""_score"":64.72,""_levels_found"":4,""_target_level"":29.8225},""volume"":{""V1_rvol_day"":{""value"":0.6066567440018013,""score"":7.110449600120083},""V2_rvol_sameslot"":{""value"":0.5782568688509798,""score"":5.217124590065322,""status"":""ok""},""V3_breakout_bar"":{""value"":0.8109482147775021,""score"":20.729880985166808},""V4_base_dryup"":{""value"":0.6595985046238965,""score"":84.04014953761035},""V5_bo_expansion"":{""value"":0.6066567440018014,""score"":0},""_score"":24.46},""readiness"":{""_distance_atr"":0.898,""BR1_atr_distance"":{""score"":40.108627154814215},""BR2_compression"":{""score"":67.51293110789332},""BR3_retest"":{""score"":50.0},""BR4_bo_age"":{""score"":50.0},""_score"":50.42},""risk"":{""R1_stop_clarity"":{""score"":42.98802008006337},""R2_stop_distance_pct"":{""value"":6.141718641718645,""score"":100.0},""R3_stop_distance_atr"":{""value"":1.224893750401059,""score"":86.24468752005295},""R4_rr_potential"":{""value"":3.1057827926657264,""score"":100.0},""_score"":77.98},""market"":{""M1_spy_regime"":{""score"":100.0},""M3_earnings_risk"":{""value"":null,""score"":80.0},""M4_vix"":{""value"":null,""score"":60.0},""_score"":84.0},""liquidity"":{""L1_price"":{""value"":28.86,""score"":100.0},""L2_dollar_vol"":{""value"":12862539.0585159,""score"":55.4663353277749},""L3_spread_proxy"":{""value"":0.05006930006930008,""score"":49.93069993069992},""L4_volume_zscore"":{""value"":-0.8673386941420884,""score"":100.0},""_score"":77.18},""pattern_structure"":{""pole_low"":25.955,""pole_low_idx"":24,""peak_price"":30.16,""peak_idx"":48,""pole_gain"":0.16201117318435762,""flag_bars"":11,""flag_low"":27.5,""flag_high"":29.64,""structural_low"":27.5,""current_price"":28.84,""neckline_distance_pct"":0.045769764216366166,""base_bars"":11},""pattern_geometry_features"":{""pole_gain"":0.16201117318435762,""pullback_pct"":0.08819628647214854,""flag_range_pct"":0.07095490716180373,""flag_drift_per_bar"":-0.0009141344092799888,""atr_pct"":0.05014082764082763,""pole_atr_multiple"":3.231122835564017},""_schema_version"":""1.0""}",,,,,,,,,,
20260520T193044Z-73e07b,2026-05-20T19:30:44.960382+00:00,VNET,vcp,breakout_confirmed,45.0,62.7,44.2,17.7,43.1,17.1,47.2,45.4,84.0,88.0,9.41,11.05,2.13,5.17,2.23,3.31,2.27,5.04,4.4,False,,10.225,9.37,7.8997,14.01,"{""trend"":{""T1_ema_stack"":{""value"":[true,true,true],""score"":100.0},""T2_ema50_slope"":{""value"":-0.03896156644507975,""score"":43.50640559248671},""T3_high_proximity"":{""value"":0.8535058430717862,""score"":26.752921535893094},""T4_rs_1m"":{""value"":0.126211503510546,""score"":100},""T5_rs_3m"":{""value"":-0.2602864830593554,""score"":0},""T6_adr_healthy"":{""value"":5.636214138468367,""score"":100.0},""_score"":62.71},""geometry"":{""sub_contraction_count"":100.0,""sub_reduction_rate"":23.4,""sub_pivot_tightness"":0,""sub_volume_dryup"":0,""sub_base_depth"":33.5,""sub_base_duration"":100.0,""_score"":44.2},""compression"":{""VC1_atr_ratio"":{""value"":0.9205615027802284,""score"":19.859624304942898},""VC2_range_contraction"":{""value"":1.6272222748889618,""score"":0},""VC3_range_pct_rank"":{""score"":39.16666666666667},""_score"":17.74},""sr_quality"":{""SR1_touches"":{""value"":2,""score"":25.0},""SR2_tightness"":{""value"":0.10749999999999993,""score"":72.14252660805182},""SR3_recency"":{""value"":274,""score"":0.0},""SR4_price_location"":{""score"":39.15900131406041},""SR5_reaction"":{""value"":2.4942156409069893,""score"":100},""_score"":43.11,""_levels_found"":6,""_target_level"":11.3825},""volume"":{""V1_rvol_day"":{""value"":0.505013466392328,""score"":0.33423109282186836},""V2_rvol_sameslot"":{""value"":0.6559490701351854,""score"":10.39660467567903,""status"":""ok""},""V3_breakout_bar"":{""value"":0.7983446186516778,""score"":19.88964124344519},""V4_base_dryup"":{""value"":0.9994966014293318,""score"":50.05033985706682},""V5_bo_expansion"":{""value"":0.505013466392328,""score"":0},""_score"":17.13},""readiness"":{""_distance_atr"":-1.108,""BR1_atr_distance"":{""score"":37.84359093012492},""BR2_compression"":{""score"":58.372312869564624},""BR3_retest"":{""score"":50.0},""BR4_bo_age"":{""score"":50.0},""_score"":47.23},""risk"":{""R1_stop_clarity"":{""score"":68.82554372975466},""R2_stop_distance_pct"":{""value"":22.741320293398537,""score"":0.0},""R3_stop_distance_atr"":{""value"":3.0128829245719593,""score"":100.0},""R4_rr_potential"":{""value"":1.627746957381843,""score"":31.387347869092153},""_score"":45.37},""market"":{""M1_spy_regime"":{""score"":100.0},""M3_earnings_risk"":{""value"":null,""score"":80.0},""M4_vix"":{""value"":null,""score"":60.0},""_score"":84.0},""liquidity"":{""L1_price"":{""value"":10.225,""score"":100.0},""L2_dollar_vol"":{""value"":49848737.04406477,""score"":84.88270798018536},""L3_spread_proxy"":{""value"":0.05916870415647909,""score"":40.83129584352091},""L4_volume_zscore"":{""value"":-0.35190989308272286,""score"":100.0},""_score"":88.04},""pattern_structure"":{""n_contractions"":5,""contractions_pct"":[26.54,16.5,13.76,11.85,14.41],""descending_strict"":false,""final_low"":8.02,""final_pivot"":9.37,""structural_low"":8.02,""dry_up_ratio"":3.0525180788000594,""current_price"":10.225,""neckline_distance_pct"":-0.08361858190709051,""base_bars"":46},""pattern_geometry_features"":{""contraction_count"":5.0,""first_contraction_pct"":0.2654028436018957,""last_contraction_pct"":0.14407684098185697,""dry_up_ratio"":3.0525180788000594,""near_monotone"":0.0,""base_depth_pct"":0.36650868878357035},""_schema_version"":""1.0""}",,,,,,,,,,
20260520T193044Z-73e07b,2026-05-20T19:30:44.960382+00:00,FRMI,bull_flag,absent,44.95,31.0,43.0,57.1,58.6,10.8,35.5,83.7,84.0,89.0,4.34,12.9,5.14,5.87,1.51,3.19,2.51,5.04,4.45,False,,5.875,7.74,5.5259,10.505,"{""trend"":{""T1_ema_stack"":{""value"":[true,false,false],""score"":33.33333333333333},""T2_ema50_slope"":{""value"":-0.7956946418903097,""score"":0},""T3_high_proximity"":{""value"":0.49830364715860903,""score"":0},""T4_rs_1m"":{""value"":0.10928330548136622,""score"":100},""T5_rs_3m"":{""value"":-0.46736184057384167,""score"":0},""T6_adr_healthy"":{""value"":9.88633804501813,""score"":52.84154887454675},""_score"":30.98},""geometry"":{""sub_pole_impulse"":100.0,""sub_flag_tightness"":17.5,""sub_flag_shallowness"":1.0,""sub_flag_drift"":47.8,""sub_flag_duration"":12.5,""_score"":43.0},""compression"":{""VC1_atr_ratio"":{""value"":0.6602033874028718,""score"":84.94915314928205},""VC2_range_contraction"":{""value"":1.1263964258667387,""score"":0},""VC3_range_pct_rank"":{""score"":92.5},""_score"":57.1},""sr_quality"":{""SR1_touches"":{""value"":3,""score"":50.0},""SR2_tightness"":{""value"":0.0984321537348894,""score"":69.4218509915691},""SR3_recency"":{""value"":63,""score"":45.0},""SR4_price_location"":{""score"":45.955369595536936},""SR5_reaction"":{""value"":3.867617853616322,""score"":100},""_score"":58.65,""_levels_found"":6,""_target_level"":7.1667},""volume"":{""V1_rvol_day"":{""value"":0.5729687637821165,""score"":4.864584252141099},""V2_rvol_sameslot"":{""value"":0.857831951323106,""score"":23.8554634215404,""status"":""ok""},""V3_breakout_bar"":{""value"":0.8036150987349008,""score"":20.24100658232672},""V4_base_dryup"":{""value"":1.8043787412022856,""score"":0},""V5_bo_expansion"":{""value"":0.5729687637821166,""score"":0},""_score"":10.8},""readiness"":{""_distance_atr"":2.897,""BR1_atr_distance"":{""score"":0},""BR2_compression"":{""score"":71.79049592291},""BR3_retest"":{""score"":50.0},""BR4_bo_age"":{""score"":50.0},""_score"":35.45},""risk"":{""R1_stop_clarity"":{""score"":73.85863113399083},""R2_stop_distance_pct"":{""value"":5.942978723404253,""score"":100.0},""R3_stop_distance_atr"":{""value"":0.5423207926064813,""score"":52.11603963032406},""R4_rr_potential"":{""value"":13.26077617070028,""score"":100.0},""_score"":83.67},""market"":{""M1_spy_regime"":{""score"":100.0},""M3_earnings_risk"":{""value"":null,""score"":80.0},""M4_vix"":{""value"":null,""score"":60.0},""_score"":84.0},""liquidity"":{""L1_price"":{""value"":5.875,""score"":97.9375},""L2_dollar_vol"":{""value"":55253329.43317662,""score"":87.1179226345006},""L3_spread_proxy"":{""value"":0.05276595744680845,""score"":47.23404255319155},""L4_volume_zscore"":{""value"":-0.6737917330455394,""score"":100.0},""_score"":89.05},""pattern_structure"":{""pole_low"":4.975,""pole_low_idx"":12,""peak_price"":7.74,""peak_idx"":32,""pole_gain"":0.555778894472362,""flag_bars"":27,""flag_low"":5.61,""flag_high"":7.74,""structural_low"":5.61,""current_price"":5.84,""neckline_distance_pct"":0.32534246575342474,""base_bars"":27},""pattern_geometry_features"":{""pole_gain"":0.555778894472362,""pullback_pct"":0.2751937984496124,""flag_range_pct"":0.2751937984496124,""flag_drift_per_bar"":-0.010432556408583806,""atr_pct"":0.10958419452887538,""pole_atr_multiple"":5.071706707904071},""_schema_version"":""1.0""}",,,,,,,,,,
20260520T193044Z-73e07b,2026-05-20T19:30:44.960382+00:00,MA,double_bottom,absent,44.93,23.1,48.4,61.3,44.7,15.9,32.4,59.5,84.0,98.5,3.47,12.1,4.9,6.26,2.06,2.59,3.57,5.04,4.92,True,risk_unclear,497.615,512.9,483.438,535.0,"{""trend"":{""T1_ema_stack"":{""value"":[false,false,false],""score"":0.0},""T2_ema50_slope"":{""value"":-0.08295282676699316,""score"":36.174528872167805},""T3_high_proximity"":{""value"":0.9452992914268347,""score"":72.64964571341731},""T4_rs_1m"":{""value"":-0.07864416002399421,""score"":0},""T5_rs_3m"":{""value"":-0.12542790329401032,""score"":0},""T6_adr_healthy"":{""value"":2.1688572036087024,""score"":100.0},""_score"":23.13},""geometry"":{""sub_low_similarity"":96.2,""sub_bounce_quality"":21.5,""sub_separation_fit"":0.0,""sub_right_bottom_reaction"":61.6,""sub_base_context"":30.0,""_score"":48.4},""compression"":{""VC1_atr_ratio"":{""value"":0.42392316674264,""score"":100},""VC2_range_contraction"":{""value"":0.9352391901357057,""score"":10.793468310715722},""VC3_range_pct_rank"":{""score"":70.0},""_score"":61.28},""sr_quality"":{""SR1_touches"":{""value"":3,""score"":50.0},""SR2_tightness"":{""value"":1.7563519642207965,""score"":68.99788119947607},""SR3_recency"":{""value"":230,""score"":0.0},""SR4_price_location"":{""score"":22.69736842105276},""SR5_reaction"":{""value"":1.829423332076722,""score"":91.4711666038361},""_score"":44.74,""_levels_found"":7,""_target_level"":505.4483},""volume"":{""V1_rvol_day"":{""value"":0.6161420446230168,""score"":7.742802974867787},""V2_rvol_sameslot"":{""value"":0.5289505095078536,""score"":1.9300339671902405,""status"":""ok""},""V3_breakout_bar"":{""value"":0.5877512699689127,""score"":5.8500846645941795},""V4_base_dryup"":{""value"":0.8757627237313096,""score"":62.42372762686904},""V5_bo_expansion"":{""value"":0.6161420446230168,""score"":0},""_score"":15.88},""readiness"":{""_distance_atr"":1.349,""BR1_atr_distance"":{""score"":10.065978513170023},""BR2_compression"":{""score"":43.55169726537872},""BR3_retest"":{""score"":50.0},""BR4_bo_age"":{""score"":50.0},""_score"":32.41},""risk"":{""R1_stop_clarity"":{""score"":0},""R2_stop_distance_pct"":{""value"":2.848989680777312,""score"":100.0},""R3_stop_distance_atr"":{""value"":1.251221415720111,""score"":87.56107078600554},""R4_rr_potential"":{""value"":2.637017704733014,""score"":81.8508852366507},""_score"":59.5},""market"":{""M1_spy_regime"":{""score"":100.0},""M3_earnings_risk"":{""value"":null,""score"":80.0},""M4_vix"":{""value"":null,""score"":60.0},""_score"":84.0},""liquidity"":{""L1_price"":{""value"":497.615,""score"":100.0},""L2_dollar_vol"":{""value"":1171776898.178563,""score"":100.0},""L3_spread_proxy"":{""value"":0.01517217125689535,""score"":84.82782874310465},""L4_volume_zscore"":{""value"":-1.3919159454555796,""score"":100.0},""_score"":98.48},""pattern_structure"":{""left_low"":491.7275,""left_idx"":26,""right_low"":490.8,""right_idx"":75,""separation_bars"":49,""structural_low"":490.8,""current_price"":497.575,""neckline_distance_pct"":0.03079937697834495,""base_bars"":49},""pattern_geometry_features"":{""low_similarity_pct"":0.0018879878680240687,""bounce_pct"":0.04502852485737564,""right_bottom_reaction"":0.6163141993957589,""atr_pct"":0.0227696684614181},""_schema_version"":""1.0""}",,,,,,,,,,
20260520T193044Z-73e07b,2026-05-20T19:30:44.960382+00:00,PCTY,bull_flag,absent,44.71,51.7,39.9,42.7,43.2,11.1,45.2,78.3,84.0,86.6,7.24,11.96,3.84,4.32,1.55,4.07,2.35,5.04,4.33,False,,112.265,118.3,105.0601,134.4099,"{""trend"":{""T1_ema_stack"":{""value"":[true,false,false],""score"":33.33333333333333},""T2_ema50_slope"":{""value"":-0.06789541890468408,""score"":38.684096849219316},""T3_high_proximity"":{""value"":0.9347626977518735,""score"":67.38134887593672},""T4_rs_1m"":{""value"":0.031855107944473104,""score"":81.8551079444731},""T5_rs_3m"":{""value"":-0.04452402530678534,""score"":27.73798734660733},""T6_adr_healthy"":{""value"":4.646484079578263,""score"":100.0},""_score"":51.71},""geometry"":{""sub_pole_impulse"":54.5,""sub_flag_tightness"":2.3,""sub_flag_shallowness"":0,""sub_flag_drift"":86.4,""sub_flag_duration"":100.0,""_score"":39.88},""compression"":{""VC1_atr_ratio"":{""value"":0.4442381305624558,""score"":100},""VC2_range_contraction"":{""value"":1.217447679487039,""score"":0},""VC3_range_pct_rank"":{""score"":10.833333333333329},""_score"":42.71},""sr_quality"":{""SR1_touches"":{""value"":2,""score"":25.0},""SR2_tightness"":{""value"":0.5949999999999989,""score"":78.61426605598805},""SR3_recency"":{""value"":232,""score"":0.0},""SR4_price_location"":{""score"":35.454247294194936},""SR5_reaction"":{""value"":2.1277816858017204,""score"":100},""_score"":43.16,""_levels_found"":5,""_target_level"":115.545},""volume"":{""V1_rvol_day"":{""value"":0.4472476412745976,""score"":0},""V2_rvol_sameslot"":{""value"":0.6257212854212143,""score"":8.381419028080954,""status"":""ok""},""V3_breakout_bar"":{""value"":0.9974263426674906,""score"":33.16175617783271},""V4_base_dryup"":{""value"":1.4445215947775145,""score"":5.547840522248549},""V5_bo_expansion"":{""value"":0.4472476412745976,""score"":0},""_score"":11.08},""readiness"":{""_distance_atr"":1.085,""BR1_atr_distance"":{""score"":27.695851903578557},""BR2_compression"":{""score"":66.62205752733873},""BR3_retest"":{""score"":50.0},""BR4_bo_age"":{""score"":50.0},""_score"":45.23},""risk"":{""R1_stop_clarity"":{""score"":42.49573825710103},""R2_stop_distance_pct"":{""value"":6.417761546341254,""score"":100.0},""R3_stop_distance_atr"":{""value"":1.294807348682455,""score"":89.74036743412275},""R4_rr_potential"":{""value"":3.0735888076170337,""score"":100.0},""_score"":78.33},""market"":{""M1_spy_regime"":{""score"":100.0},""M3_earnings_risk"":{""value"":null,""score"":80.0},""M4_vix"":{""value"":null,""score"":60.0},""_score"":84.0},""liquidity"":{""L1_price"":{""value"":112.265,""score"":100.0},""L2_dollar_vol"":{""value"":43292335.675646074,""score"":81.82055085878073},""L3_spread_proxy"":{""value"":0.06110542021110764,""score"":38.89457978889236},""L4_volume_zscore"":{""value"":-1.3767713442622262,""score"":100.0},""_score"":86.62},""pattern_structure"":{""pole_low"":102.1901,""pole_low_idx"":28,""peak_price"":118.3,""peak_idx"":48,""pole_gain"":0.15764638648949356,""flag_bars"":11,""flag_low"":106.66,""flag_high"":117.59,""structural_low"":106.66,""current_price"":112.155,""neckline_distance_pct"":0.05479024564219157,""base_bars"":11},""pattern_geometry_features"":{""pole_gain"":0.15764638648949356,""pullback_pct"":0.09839391377852917,""flag_range_pct"":0.09239222316145398,""flag_drift_per_bar"":-0.002727151142290885,""atr_pct"":0.04956537783687833,""pole_atr_multiple"":3.1805746948669333},""_schema_version"":""1.0""}",,,,,,,,,,
20260520T193044Z-73e07b,2026-05-20T19:30:44.960382+00:00,TATT,vcp,breakout_confirmed,44.71,32.8,37.0,43.3,52.1,44.3,32.0,52.9,84.0,68.0,4.93,9.24,5.2,6.25,5.76,2.24,2.65,5.04,3.4,False,,39.4,36.9899,31.0472,69.9699,"{""trend"":{""T1_ema_stack"":{""value"":[true,false,false],""score"":33.33333333333333},""T2_ema50_slope"":{""value"":-0.7492915686684166,""score"":0},""T3_high_proximity"":{""value"":0.644791751902463,""score"":0},""T4_rs_1m"":{""value"":0.04754646894833381,""score"":97.54646894833381},""T5_rs_3m"":{""value"":-0.3385053631127223,""score"":0},""T6_adr_healthy"":{""value"":4.693768114412148,""score"":100.0},""_score"":32.84},""geometry"":{""sub_contraction_count"":100.0,""sub_reduction_rate"":0,""sub_pivot_tightness"":0,""sub_volume_dryup"":13.2,""sub_base_depth"":0.0,""sub_base_duration"":100.0,""_score"":36.98},""compression"":{""VC1_atr_ratio"":{""value"":0.50972083758664,""score"":100},""VC2_range_contraction"":{""value"":0.9535401882411594,""score"":7.74330195980677},""VC3_range_pct_rank"":{""score"":2.500000000000002},""_score"":43.34},""sr_quality"":{""SR1_touches"":{""value"":2,""score"":25.0},""SR2_tightness"":{""value"":0.03500000000000014,""score"":96.556994045005},""SR3_recency"":{""value"":266,""score"":0.0},""SR4_price_location"":{""score"":60.48603735865543},""SR5_reaction"":{""value"":2.5355033639573494,""score"":100},""_score"":52.11,""_levels_found"":6,""_target_level"":40.665},""volume"":{""V1_rvol_day"":{""value"":2.71678682557499,""score"":100},""V2_rvol_sameslot"":{""value"":1.1109084503769862,""score"":40.727230025132414,""status"":""ok""},""V3_breakout_bar"":{""value"":0.4974328397554077,""score"":0},""V4_base_dryup"":{""value"":1.440565549878624,""score"":5.9434450121375875},""V5_bo_expansion"":{""value"":2.7167868255749905,""score"":100},""_score"":44.33},""readiness"":{""_distance_atr"":-1.185,""BR1_atr_distance"":{""score"":36.291460993904465},""BR2_compression"":{""score"":0},""BR3_retest"":{""score"":50.0},""BR4_bo_age"":{""score"":50.0},""_score"":32.02},""risk"":{""R1_stop_clarity"":{""score"":53.489908127953385},""R2_stop_distance_pct"":{""value"":21.199999999999996,""score"":0.0},""R3_stop_distance_atr"":{""value"":4.108391448697455,""score"":94.58042756512724},""R4_rr_potential"":{""value"":3.6598386169907102,""score"":100.0},""_score"":52.91},""market"":{""M1_spy_regime"":{""score"":100.0},""M3_earnings_risk"":{""value"":null,""score"":80.0},""M4_vix"":{""value"":null,""score"":60.0},""_score"":84.0},""liquidity"":{""L1_price"":{""value"":39.4,""score"":100.0},""L2_dollar_vol"":{""value"":18822084.8854242,""score"":63.73338638518247},""L3_spread_proxy"":{""value"":0.11967005076142123,""score"":0},""L4_volume_zscore"":{""value"":3.125158810836664,""score"":70.0},""_score"":67.99},""pattern_structure"":{""n_contractions"":5,""contractions_pct"":[15.32,34.12,23.15,7.21,14.79],""descending_strict"":false,""final_low"":31.52,""final_pivot"":36.9899,""structural_low"":31.52,""dry_up_ratio"":0.9340625558147708,""current_price"":39.4,""neckline_distance_pct"":-0.06117005076142132,""base_bars"":50},""pattern_geometry_features"":{""contraction_count"":5.0,""first_contraction_pct"":0.15317829457364346,""last_contraction_pct"":0.14787550115031398,""dry_up_ratio"":0.9340625558147708,""near_monotone"":0.0,""base_depth_pct"":0.5113178294573644},""_schema_version"":""1.0""}",,,,,,,,,,
20260520T193044Z-73e07b,2026-05-20T19:30:44.960382+00:00,SRAD,vcp,forming,44.7,5.0,51.1,82.1,46.0,14.9,24.1,58.3,84.0,84.3,0.75,12.78,9.85,5.52,1.94,1.68,2.92,5.04,4.22,False,,13.32,14.4399,11.8397,22.0899,"{""trend"":{""T1_ema_stack"":{""value"":[false,false,false],""score"":0.0},""T2_ema50_slope"":{""value"":-0.9681310434545071,""score"":0},""T3_high_proximity"":{""value"":0.6764855256475368,""score"":0},""T4_rs_1m"":{""value"":-0.26081001646055646,""score"":0},""T5_rs_3m"":{""value"":-0.3190149915896723,""score"":0},""T6_adr_healthy"":{""value"":6.249996140121463,""score"":100.0},""_score"":5.0},""geometry"":{""sub_contraction_count"":100.0,""sub_reduction_rate"":0,""sub_pivot_tightness"":0,""sub_volume_dryup"":100,""sub_base_depth"":11.1,""sub_base_duration"":100.0,""_score"":51.11},""compression"":{""VC1_atr_ratio"":{""value"":0.27206603657050227,""score"":100},""VC2_range_contraction"":{""value"":0.5889061476717079,""score"":68.51564205471536},""VC3_range_pct_rank"":{""score"":72.5},""_score"":82.11},""sr_quality"":{""SR1_touches"":{""value"":2,""score"":25.0},""SR2_tightness"":{""value"":0.13004999999999978,""score"":62.23397635345371},""SR3_recency"":{""value"":233,""score"":0.0},""SR4_price_location"":{""score"":56.823088481666375},""SR5_reaction"":{""value"":4.602706907280647,""score"":100},""_score"":46.04,""_levels_found"":6,""_target_level"":14.5699},""volume"":{""V1_rvol_day"":{""value"":0.3846526842819955,""score"":0},""V2_rvol_sameslot"":{""value"":0.4796426362257267,""score"":0,""status"":""ok""},""V3_breakout_bar"":{""value"":1.28108089863609,""score"":52.072059909072664},""V4_base_dryup"":{""value"":1.405085931008086,""score"":9.49140689919139},""V5_bo_expansion"":{""value"":0.3846526842819955,""score"":0},""_score"":14.92},""readiness"":{""_distance_atr"":1.626,""BR1_atr_distance"":{""score"":0},""BR2_compression"":{""score"":26.185713218932484},""BR3_retest"":{""score"":50.0},""BR4_bo_age"":{""score"":50.0},""_score"":24.05},""risk"":{""R1_stop_clarity"":{""score"":47.64156813938995},""R2_stop_distance_pct"":{""value"":11.113363363363375,""score"":22.165915915915633},""R3_stop_distance_atr"":{""value"":2.1493673511719575,""score"":100.0},""R4_rr_potential"":{""value"":5.92440721475376,""score"":100.0},""_score"":58.32},""market"":{""M1_spy_regime"":{""score"":100.0},""M3_earnings_risk"":{""value"":null,""score"":80.0},""M4_vix"":{""value"":null,""score"":60.0},""_score"":84.0},""liquidity"":{""L1_price"":{""value"":13.32,""score"":100.0},""L2_dollar_vol"":{""value"":23406307.04769552,""score"":68.4666448938788},""L3_spread_proxy"":{""value"":0.03078078078078079,""score"":69.21921921921921},""L4_volume_zscore"":{""value"":-0.9842190707023731,""score"":100.0},""_score"":84.31},""pattern_structure"":{""n_contractions"":5,""contractions_pct"":[15.1,20.14,15.61,37.22,16.76],""descending_strict"":false,""final_low"":12.02,""final_pivot"":14.4399,""structural_low"":12.02,""dry_up_ratio"":0.4622170066400942,""current_price"":13.32,""neckline_distance_pct"":0.08407657657657654,""base_bars"":51},""pattern_geometry_features"":{""contraction_count"":5.0,""first_contraction_pct"":0.15099135739705147,""last_contraction_pct"":0.1675842630489131,""dry_up_ratio"":0.4622170066400942,""near_monotone"":0.0,""base_depth_pct"":0.3889171326893748},""_schema_version"":""1.0""}",,,,,,,,,,
20260520T193044Z-73e07b,2026-05-20T19:30:44.960382+00:00,VSEC,vcp,forming,44.67,13.3,50.6,47.1,48.5,22.6,28.3,83.1,84.0,88.8,2.0,12.64,5.65,5.82,2.94,1.98,4.15,5.04,4.44,False,,170.75,232.61,157.1961,291.265,"{""trend"":{""T1_ema_stack"":{""value"":[false,false,true],""score"":33.33333333333333},""T2_ema50_slope"":{""value"":-0.32431011890299627,""score"":0},""T3_high_proximity"":{""value"":0.7496268329089473,""score"":0},""T4_rs_1m"":{""value"":-0.17316908938830733,""score"":0},""T5_rs_3m"":{""value"":-0.32183036762708206,""score"":0},""T6_adr_healthy"":{""value"":5.60969213678477,""score"":100.0},""_score"":13.33},""geometry"":{""sub_contraction_count"":100.0,""sub_reduction_rate"":0,""sub_pivot_tightness"":0,""sub_volume_dryup"":37.2,""sub_base_depth"":100.0,""sub_base_duration"":100.0,""_score"":50.58},""compression"":{""VC1_atr_ratio"":{""value"":0.5259941473403106,""score"":100},""VC2_range_contraction"":{""value"":0.8995237160951239,""score"":16.746047317479345},""VC3_range_pct_rank"":{""score"":5.000000000000004},""_score"":47.11},""sr_quality"":{""SR1_touches"":{""value"":2,""score"":25.0},""SR2_tightness"":{""value"":2.8899999999999864,""score"":50.25478133804333},""SR3_recency"":{""value"":320,""score"":0.0},""SR4_price_location"":{""score"":73.67355204536248},""SR5_reaction"":{""value"":2.1072866417612706,""score"":100},""_score"":48.46,""_levels_found"":7,""_target_level"":174.0},""volume"":{""V1_rvol_day"":{""value"":0.8343357431628994,""score"":22.289049544193293},""V2_rvol_sameslot"":{""value"":0.8595960528134133,""score"":23.97307018756089,""status"":""ok""},""V3_breakout_bar"":{""value"":0.5738866203011811,""score"":4.925774686745407},""V4_base_dryup"":{""value"":0.8926078646883805,""score"":60.73921353116195},""V5_bo_expansion"":{""value"":0.8343357431628995,""score"":0},""_score"":22.63},""readiness"":{""_distance_atr"":5.324,""BR1_atr_distance"":{""score"":0},""BR2_compression"":{""score"":43.19404783258972},""BR3_retest"":{""score"":50.0},""BR4_bo_age"":{""score"":50.0},""_score"":28.3},""risk"":{""R1_stop_clarity"":{""score"":58.79495097095976},""R2_stop_distance_pct"":{""value"":7.937833089311866,""score"":100.0},""R3_stop_distance_atr"":{""value"":1.1665038615248533,""score"":83.32519307624267},""R4_rr_potential"":{""value"":8.891569554038144,""score"":100.0},""_score"":83.08},""market"":{""M1_spy_regime"":{""score"":100.0},""M3_earnings_risk"":{""value"":null,""score"":80.0},""M4_vix"":{""value"":null,""score"":60.0},""_score"":84.0},""liquidity"":{""L1_price"":{""value"":170.75,""score"":100.0},""L2_dollar_vol"":{""value"":71957629.81319325,""score"":92.85384249187199},""L3_spread_proxy"":{""value"":0.08304538799414336,""score"":16.95461200585663},""L4_volume_zscore"":{""value"":-0.45311600394714846,""score"":100.0},""_score"":88.84},""pattern_structure"":{""n_contractions"":5,""contractions_pct"":[6.56,17.11,10.31,26.65,31.39],""descending_strict"":false,""final_low"":159.59,""final_pivot"":232.61,""structural_low"":159.59,""dry_up_ratio"":0.8142291416492738,""current_price"":170.75,""neckline_distance_pct"":0.3622840409956077,""base_bars"":67},""pattern_geometry_features"":{""contraction_count"":5.0,""first_contraction_pct"":0.06556484684643407,""last_contraction_pct"":0.31391599673272863,""dry_up_ratio"":0.8142291416492738,""near_monotone"":0.0,""base_depth_pct"":0.2687575889482004},""_schema_version"":""1.0""}",,,,,,,,,,
20260520T193044Z-73e07b,2026-05-20T19:30:44.960382+00:00,BTU,double_bottom,forming,44.61,13.3,52.2,72.4,48.2,8.4,31.0,68.9,84.0,85.5,2.0,13.05,5.79,6.74,1.09,2.48,4.13,5.04,4.28,False,,23.5653,25.35,23.0736,27.275,"{""trend"":{""T1_ema_stack"":{""value"":[false,false,true],""score"":33.33333333333333},""T2_ema50_slope"":{""value"":-0.8247967424461131,""score"":0},""T3_high_proximity"":{""value"":0.5965898734177215,""score"":0},""T4_rs_1m"":{""value"":-0.18028610712943438,""score"":0},""T5_rs_3m"":{""value"":-0.388192434390931,""score"":0},""T6_adr_healthy"":{""value"":3.9926694557380418,""score"":100.0},""_score"":13.33},""geometry"":{""sub_low_similarity"":78.8,""sub_bounce_quality"":74.5,""sub_separation_fit"":0.0,""sub_right_bottom_reaction"":51.1,""sub_base_context"":30.0,""_score"":52.2},""compression"":{""VC1_atr_ratio"":{""value"":0.23039576856494226,""score"":100},""VC2_range_contraction"":{""value"":0.8266262605193404,""score"":28.8956232467766},""VC3_range_pct_rank"":{""score"":89.16666666666666},""_score"":72.41},""sr_quality"":{""SR1_touches"":{""value"":2,""score"":25.0},""SR2_tightness"":{""value"":0.07500000000000107,""score"":85.74338085539695},""SR3_recency"":{""value"":231,""score"":0.0},""SR4_price_location"":{""score"":51.25091649694505},""SR5_reaction"":{""value"":2.2192803801765137,""score"":100},""_score"":48.17,""_levels_found"":6,""_target_level"":25.275},""volume"":{""V1_rvol_day"":{""value"":0.38610319265379983,""score"":0},""V2_rvol_sameslot"":{""value"":0.33669530522183505,""score"":0,""status"":""ok""},""V3_breakout_bar"":{""value"":0.6362098602891059,""score"":9.080657352607059},""V4_base_dryup"":{""value"":1.1938354498890136,""score"":30.616455011098637},""V5_bo_expansion"":{""value"":0.3861031926537998,""score"":0},""_score"":8.39},""readiness"":{""_distance_atr"":1.696,""BR1_atr_distance"":{""score"":0},""BR2_compression"":{""score"":54.08101748271504},""BR3_retest"":{""score"":50.0},""BR4_bo_age"":{""score"":50.0},""_score"":31.02},""risk"":{""R1_stop_clarity"":{""score"":33.20773930753546},""R2_stop_distance_pct"":{""value"":2.0864364128612864,""score"":100.0},""R3_stop_distance_atr"":{""value"":0.46730821452817467,""score"":48.36541072640873},""R4_rr_potential"":{""value"":7.545024660598965,""score"":100.0},""_score"":68.88},""market"":{""M1_spy_regime"":{""score"":100.0},""M3_earnings_risk"":{""value"":null,""score"":80.0},""M4_vix"":{""value"":null,""score"":60.0},""_score"":84.0},""liquidity"":{""L1_price"":{""value"":23.5653,""score"":100.0},""L2_dollar_vol"":{""value"":26638280.045323595,""score"":71.275309014892},""L3_spread_proxy"":{""value"":0.029704692917128118,""score"":70.29530708287189},""L4_volume_zscore"":{""value"":-1.2700456326217693,""score"":100.0},""_score"":85.54},""pattern_structure"":{""left_low"":23.675,""left_idx"":31,""right_low"":23.425,""right_idx"":76,""separation_bars"":45,""structural_low"":23.425,""current_price"":23.59,""neckline_distance_pct"":0.07460788469690553,""base_bars"":45},""pattern_geometry_features"":{""low_similarity_pct"":0.010615711252653927,""bounce_pct"":0.08217716115261475,""right_bottom_reaction"":0.511111111111109,""atr_pct"":0.04464797210911199},""_schema_version"":""1.0""}",,,,,,,,,,
20260520T193044Z-73e07b,2026-05-20T19:30:44.960382+00:00,FRMI,breakout_retest_hold,setup,44.55,31.0,26.1,57.1,58.6,10.8,62.4,66.4,84.0,89.0,4.34,5.75,3.43,8.21,1.4,11.23,3.32,4.2,2.67,False,,5.875,5.55,5.5539,5.43,"{""trend"":{""T1_ema_stack"":{""value"":[true,false,false],""score"":33.33333333333333},""T2_ema50_slope"":{""value"":-0.7956946418903097,""score"":0},""T3_high_proximity"":{""value"":0.49830364715860903,""score"":0},""T4_rs_1m"":{""value"":0.10928330548136622,""score"":100},""T5_rs_3m"":{""value"":-0.46736184057384167,""score"":0},""T6_adr_healthy"":{""value"":9.88633804501813,""score"":52.84154887454675},""_score"":30.98},""geometry"":{""sub_retest_depth"":7.1,""sub_retest_timing"":0.0,""sub_retest_freshness"":100.0,""sub_hold_quality"":13.3,""_score"":26.12},""compression"":{""VC1_atr_ratio"":{""value"":0.6602033874028718,""score"":84.94915314928205},""VC2_range_contraction"":{""value"":1.1263964258667387,""score"":0},""VC3_range_pct_rank"":{""score"":92.5},""_score"":57.1},""sr_quality"":{""SR1_touches"":{""value"":3,""score"":50.0},""SR2_tightness"":{""value"":0.0984321537348894,""score"":69.4218509915691},""SR3_recency"":{""value"":63,""score"":45.0},""SR4_price_location"":{""score"":45.955369595536936},""SR5_reaction"":{""value"":3.867617853616322,""score"":100},""_score"":58.65,""_levels_found"":6,""_target_level"":7.1667},""volume"":{""V1_rvol_day"":{""value"":0.5729687637821165,""score"":4.864584252141099},""V2_rvol_sameslot"":{""value"":0.857831951323106,""score"":23.8554634215404,""status"":""ok""},""V3_breakout_bar"":{""value"":0.8036150987349008,""score"":20.24100658232672},""V4_base_dryup"":{""value"":2.6367599097569627,""score"":0},""V5_bo_expansion"":{""value"":0.5729687637821166,""score"":0},""_score"":10.8},""readiness"":{""_distance_atr"":-0.505,""BR1_atr_distance"":{""score"":49.903808815861},""BR2_compression"":{""score"":71.79049592291},""BR3_retest"":{""score"":100},""BR4_bo_age"":{""score"":30.0},""_score"":62.41},""risk"":{""R1_stop_clarity"":{""score"":82.57242075599397},""R2_stop_distance_pct"":{""value"":5.465531914893608,""score"":100.0},""R3_stop_distance_atr"":{""value"":0.49875184449646554,""score"":49.93759222482328},""R4_rr_potential"":{""value"":-1.3858611024602985,""score"":0.0},""_score"":66.39},""market"":{""M1_spy_regime"":{""score"":100.0},""M3_earnings_risk"":{""value"":null,""score"":80.0},""M4_vix"":{""value"":null,""score"":60.0},""_score"":84.0},""liquidity"":{""L1_price"":{""value"":5.875,""score"":97.9375},""L2_dollar_vol"":{""value"":55253329.43317662,""score"":87.1179226345006},""L3_spread_proxy"":{""value"":0.05276595744680845,""score"":47.23404255319155},""L4_volume_zscore"":{""value"":-0.6737917330455394,""score"":100.0},""_score"":89.05},""pattern_structure"":{""level"":5.55,""level_idx"":38,""breakout_idx"":44,""bo_peak_idx"":52,""bo_peak_price"":7.74,""retest_idx"":74,""retest_low"":5.61,""structural_low"":5.61,""current_price"":5.84,""neckline_distance_pct"":-0.04965753424657535,""base_bars"":41,""bars_since_breakout"":35},""pattern_geometry_features"":{""retest_depth_atr"":-0.35033573841598487,""bars_breakout_to_retest"":30.0,""bars_since_retest"":5.0,""current_above_level_atr"":1.693289402343913,""bo_peak_excess_pct"":0.39459459459459467,""atr_pct"":0.10958419452887538},""_schema_version"":""1.0""}",,,,,,,,,,
20260520T193044Z-73e07b,2026-05-20T19:30:44.960382+00:00,ADSK,vcp,absent,44.5,36.2,39.2,48.9,52.5,17.5,35.3,50.7,84.0,95.8,5.43,9.8,5.87,6.3,2.27,2.47,2.53,5.04,4.79,True,risk_unclear,241.89,255.135,221.8959,262.07,"{""trend"":{""T1_ema_stack"":{""value"":[true,false,false],""score"":33.33333333333333},""T2_ema50_slope"":{""value"":-0.04177080597161207,""score"":43.038199004731325},""T3_high_proximity"":{""value"":0.915833711949114,""score"":57.91685597455698},""T4_rs_1m"":{""value"":-0.06640829751503807,""score"":0},""T5_rs_3m"":{""value"":-0.026074439811535566,""score"":36.962780094232215},""T6_adr_healthy"":{""value"":3.258220650951498,""score"":100.0},""_score"":36.17},""geometry"":{""sub_contraction_count"":100.0,""sub_reduction_rate"":0,""sub_pivot_tightness"":0,""sub_volume_dryup"":27.9,""sub_base_depth"":0.0,""sub_base_duration"":100.0,""_score"":39.19},""compression"":{""VC1_atr_ratio"":{""value"":0.4615867409866942,""score"":100},""VC2_range_contraction"":{""value"":0.9184954492638602,""score"":13.58409178935664},""VC3_range_pct_rank"":{""score"":16.666666666666664},""_score"":48.92},""sr_quality"":{""SR1_touches"":{""value"":2,""score"":25.0},""SR2_tightness"":{""value"":1.1599999999999966,""score"":73.1008923580199},""SR3_recency"":{""value"":254,""score"":0.0},""SR4_price_location"":{""score"":76.04050156001635},""SR5_reaction"":{""value"":3.583262593428439,""score"":100},""_score"":52.48,""_levels_found"":5,""_target_level"":245.96},""volume"":{""V1_rvol_day"":{""value"":0.5044652007488128,""score"":0.2976800499208565},""V2_rvol_sameslot"":{""value"":0.6629071154384494,""score"":10.860474362563293,""status"":""ok""},""V3_breakout_bar"":{""value"":0.7394453472841037,""score"":15.963023152273582},""V4_base_dryup"":{""value"":0.9380319998114789,""score"":56.19680001885211},""V5_bo_expansion"":{""value"":0.5044652007488128,""score"":0},""_score"":17.46},""readiness"":{""_distance_atr"":1.536,""BR1_atr_distance"":{""score"":0},""BR2_compression"":{""score"":71.31074952492506},""BR3_retest"":{""score"":50.0},""BR4_bo_age"":{""score"":50.0},""_score"":35.33},""risk"":{""R1_stop_clarity"":{""score"":21.64185593904594},""R2_stop_distance_pct"":{""value"":8.265792302286162,""score"":93.35519244284596},""R3_stop_distance_atr"":{""value"":2.3182074163026156,""score"":100.0},""R4_rr_potential"":{""value"":1.0092964808412477,""score"":0.4648240420623839},""_score"":50.67},""market"":{""M1_spy_regime"":{""score"":100.0},""M3_earnings_risk"":{""value"":null,""score"":80.0},""M4_vix"":{""value"":null,""score"":60.0},""_score"":84.0},""liquidity"":{""L1_price"":{""value"":241.89,""score"":100.0},""L2_dollar_vol"":{""value"":215605016.6692831,""score"":100.0},""L3_spread_proxy"":{""value"":0.04150646988300476,""score"":58.493530116995245},""L4_volume_zscore"":{""value"":-2.380750526611075,""score"":100.0},""_score"":95.85},""pattern_structure"":{""n_contractions"":5,""contractions_pct"":[7.41,11.62,12.54,9.53,11.7],""descending_strict"":false,""final_low"":225.275,""final_pivot"":255.135,""structural_low"":225.275,""dry_up_ratio"":0.8605890389093898,""current_price"":241.89,""neckline_distance_pct"":0.054756294183306485,""base_bars"":57},""pattern_geometry_features"":{""contraction_count"":5.0,""first_contraction_pct"":0.074070884113518,""last_contraction_pct"":0.11703607893860107,""dry_up_ratio"":0.8605890389093898,""near_monotone"":0.0,""base_depth_pct"":0.02986520821670041},""_schema_version"":""1.0""}",,,,,,,,,,
20260520T193044Z-73e07b,2026-05-20T19:30:44.960382+00:00,AGYS,breakout_retest_hold,breakout_confirmed,44.46,54.8,24.0,34.9,54.3,39.0,40.8,53.5,84.0,84.2,7.67,5.28,2.09,7.6,5.07,7.34,2.68,4.2,2.53,False,,80.41,68.05,72.1314,58.43,"{""trend"":{""T1_ema_stack"":{""value"":[true,false,false],""score"":33.33333333333333},""T2_ema50_slope"":{""value"":-0.1989982649488889,""score"":16.833622508518516},""T3_high_proximity"":{""value"":1.0,""score"":99.99999999999997},""T4_rs_1m"":{""value"":0.13193464559025503,""score"":100},""T5_rs_3m"":{""value"":-0.05887359970593353,""score"":20.563200147033236},""T6_adr_healthy"":{""value"":6.090326000086986,""score"":100.0},""_score"":54.78},""geometry"":{""sub_retest_depth"":0.0,""sub_retest_timing"":20.0,""sub_retest_freshness"":100.0,""sub_hold_quality"":0.0,""_score"":24.0},""compression"":{""VC1_atr_ratio"":{""value"":0.6550453706180965,""score"":86.23865734547587},""VC2_range_contraction"":{""value"":1.6671883157279048,""score"":0},""VC3_range_pct_rank"":{""score"":1.6666666666666718},""_score"":34.91},""sr_quality"":{""SR1_touches"":{""value"":2,""score"":25.0},""SR2_tightness"":{""value"":0.6649999999999991,""score"":76.22270463542336},""SR3_recency"":{""value"":277,""score"":0.0},""SR4_price_location"":{""score"":86.7740852635111},""SR5_reaction"":{""value"":1.824415783424851,""score"":91.22078917124254},""_score"":54.31,""_levels_found"":7,""_target_level"":81.395},""volume"":{""V1_rvol_day"":{""value"":1.4759489963731958,""score"":65.06326642487971},""V2_rvol_sameslot"":{""value"":1.993371755837129,""score"":99.5581170558086,""status"":""ok""},""V3_breakout_bar"":{""value"":0.41577643532890424,""score"":0},""V4_base_dryup"":{""value"":1.4344360021511824,""score"":6.556399784881762},""V5_bo_expansion"":{""value"":1.4759489963731962,""score"":31.729933091546414},""_score"":39.0},""readiness"":{""_distance_atr"":-2.21,""BR1_atr_distance"":{""score"":15.806410420125154},""BR2_compression"":{""score"":39.8075165683805},""BR3_retest"":{""score"":100},""BR4_bo_age"":{""score"":30.0},""_score"":40.77},""risk"":{""R1_stop_clarity"":{""score"":73.94866555995402},""R2_stop_distance_pct"":{""value"":10.295485636114908,""score"":42.61285909712731},""R3_stop_distance_atr"":{""value"":1.4800204316179282,""score"":99.0010215808964},""R4_rr_potential"":{""value"":-2.6550382914985637,""score"":0.0},""_score"":53.52},""market"":{""M1_spy_regime"":{""score"":100.0},""M3_earnings_risk"":{""value"":null,""score"":80.0},""M4_vix"":{""value"":null,""score"":60.0},""_score"":84.0},""liquidity"":{""L1_price"":{""value"":80.41,""score"":100.0},""L2_dollar_vol"":{""value"":51275492.38540894,""score"":85.4954919739503},""L3_spread_proxy"":{""value"":0.11428926750404177,""score"":0},""L4_volume_zscore"":{""value"":0.3630112019769939,""score"":100.0},""_score"":84.2},""pattern_structure"":{""level"":68.05,""level_idx"":56,""breakout_idx"":62,""bo_peak_idx"":68,""bo_peak_price"":94.77,""retest_idx"":74,""retest_low"":72.86,""structural_low"":72.86,""current_price"":80.45,""neckline_distance_pct"":-0.15413300186451218,""base_bars"":23,""bars_since_breakout"":17},""pattern_geometry_features"":{""retest_depth_atr"":-1.4141384444477112,""bars_breakout_to_retest"":12.0,""bars_since_retest"":5.0,""current_above_level_atr"":3.6455959898444115,""bo_peak_excess_pct"":0.3926524614254225,""atr_pct"":0.06956313180663387},""_schema_version"":""1.0""}",,,,,,,,,,
20260520T193044Z-73e07b,2026-05-20T19:30:44.960382+00:00,WK,bull_flag,absent,44.41,5.0,46.5,42.2,57.1,39.5,36.3,77.4,84.0,82.2,0.7,13.94,3.8,5.71,5.53,3.27,2.32,5.04,4.11,False,,48.33,52.5,46.5117,61.66,"{""trend"":{""T1_ema_stack"":{""value"":[false,false,false],""score"":0.0},""T2_ema50_slope"":{""value"":-0.6521168845511077,""score"":0},""T3_high_proximity"":{""value"":0.744684129429892,""score"":0},""T4_rs_1m"":{""value"":-0.1921254036694432,""score"":0},""T5_rs_3m"":{""value"":-0.26634303400976056,""score"":0},""T6_adr_healthy"":{""value"":5.2575224239560665,""score"":100.0},""_score"":5.0},""geometry"":{""sub_pole_impulse"":55.8,""sub_flag_tightness"":30.6,""sub_flag_shallowness"":4.8,""sub_flag_drift"":74.1,""sub_flag_duration"":100.0,""_score"":46.47},""compression"":{""VC1_atr_ratio"":{""value"":0.6883684614460144,""score"":77.9078846384964},""VC2_range_contraction"":{""value"":1.3251792970995435,""score"":0},""VC3_range_pct_rank"":{""score"":44.166666666666664},""_score"":42.2},""sr_quality"":{""SR1_touches"":{""value"":3,""score"":50.0},""SR2_tightness"":{""value"":0.42297228698291517,""score"":73.22954157780278},""SR3_recency"":{""value"":238,""score"":0.0},""SR4_price_location"":{""score"":69.41448782659992},""SR5_reaction"":{""value"":1.8322826227003226,""score"":91.61413113501612},""_score"":57.08,""_levels_found"":7,""_target_level"":51.5517},""volume"":{""V1_rvol_day"":{""value"":0.2942618773760577,""score"":0},""V2_rvol_sameslot"":{""value"":0.8360832255626626,""score"":22.405548370844173,""status"":""ok""},""V3_breakout_bar"":{""value"":2.7898878889821885,""score"":100},""V4_base_dryup"":{""value"":1.0008013943755765,""score"":49.91986056244235},""V5_bo_expansion"":{""value"":0.2942618773760577,""score"":0},""_score"":39.47},""readiness"":{""_distance_atr"":1.32,""BR1_atr_distance"":{""score"":12.025117597462867},""BR2_compression"":{""score"":55.96268697926209},""BR3_retest"":{""score"":50.0},""BR4_bo_age"":{""score"":50.0},""_score"":36.3},""risk"":{""R1_stop_clarity"":{""score"":55.17078474408839},""R2_stop_distance_pct"":{""value"":3.7622594661700823,""score"":100.0},""R3_stop_distance_atr"":{""value"":0.5754126930666664,""score"":53.77063465333332},""R4_rr_potential"":{""value"":7.331023483473571,""score"":100.0},""_score"":77.38},""market"":{""M1_spy_regime"":{""score"":100.0},""M3_earnings_risk"":{""value"":null,""score"":80.0},""M4_vix"":{""value"":null,""score"":60.0},""_score"":84.0},""liquidity"":{""L1_price"":{""value"":48.33,""score"":100.0},""L2_dollar_vol"":{""value"":20249682.225038998,""score"":65.32091061458397},""L3_spread_proxy"":{""value"":0.039726877715704566,""score"":60.27312228429543},""L4_volume_zscore"":{""value"":-1.6143452028097462,""score"":100.0},""_score"":82.16},""pattern_structure"":{""pole_low"":43.34,""pole_low_idx"":29,""peak_price"":52.5,""peak_idx"":48,""pole_gain"":0.2113520996769727,""flag_bars"":11,""flag_low"":47.22,""flag_high"":51.84,""structural_low"":47.22,""current_price"":48.24,""neckline_distance_pct"":0.08830845771144274,""base_bars"":11},""pattern_geometry_features"":{""pole_gain"":0.2113520996769727,""pullback_pct"":0.10057142857142859,""flag_range_pct"":0.08800000000000009,""flag_drift_per_bar"":-0.005184305744007187,""atr_pct"":0.06538367178031981,""pole_atr_multiple"":3.2324905274070077},""_schema_version"":""1.0""}",,,,,,,,,,
20260520T193044Z-73e07b,2026-05-20T19:30:44.960382+00:00,EXPO,breakout_retest_hold,breakout_confirmed,44.39,5.0,24.0,40.5,57.4,59.4,58.1,60.3,84.0,85.1,0.7,5.28,2.43,8.03,7.72,10.45,3.02,4.2,2.55,False,,57.4,55.02,55.2569,53.43,"{""trend"":{""T1_ema_stack"":{""value"":[false,false,false],""score"":0.0},""T2_ema50_slope"":{""value"":-0.36318678141538335,""score"":0},""T3_high_proximity"":{""value"":0.7723358449946179,""score"":0},""T4_rs_1m"":{""value"":-0.2112508672544149,""score"":0},""T5_rs_3m"":{""value"":-0.26272077034699737,""score"":0},""T6_adr_healthy"":{""value"":4.084800833108467,""score"":100.0},""_score"":5.0},""geometry"":{""sub_retest_depth"":0.0,""sub_retest_timing"":20.0,""sub_retest_freshness"":100.0,""sub_hold_quality"":0.0,""_score"":24.0},""compression"":{""VC1_atr_ratio"":{""value"":0.6887724673546473,""score"":77.80688316133818},""VC2_range_contraction"":{""value"":1.4759050370216782,""score"":0},""VC3_range_pct_rank"":{""score"":37.5},""_score"":40.5},""sr_quality"":{""SR1_touches"":{""value"":5,""score"":100},""SR2_tightness"":{""value"":0.5103469408157553,""score"":62.54324561049663},""SR3_recency"":{""value"":243,""score"":0.0},""SR4_price_location"":{""score"":25.5337497608121},""SR5_reaction"":{""value"":1.5502207974332844,""score"":77.51103987166422},""_score"":57.39,""_levels_found"":4,""_target_level"":64.164},""volume"":{""V1_rvol_day"":{""value"":0.8453185262092376,""score"":23.021235080615842},""V2_rvol_sameslot"":{""value"":2.0754286671678006,""score"":100,""status"":""ok""},""V3_breakout_bar"":{""value"":2.0386471711417053,""score"":100},""V4_base_dryup"":{""value"":1.010330543931768,""score"":48.966945606823195},""V5_bo_expansion"":{""value"":0.8453185262092376,""score"":0},""_score"":59.4},""readiness"":{""_distance_atr"":-0.873,""BR1_atr_distance"":{""score"":42.532064304231504},""BR2_compression"":{""score"":66.1915302749318},""BR3_retest"":{""score"":100},""BR4_bo_age"":{""score"":30.0},""_score"":58.06},""risk"":{""R1_stop_clarity"":{""score"":59.03475500591107},""R2_stop_distance_pct"":{""value"":3.7337108013937255,""score"":100.0},""R3_stop_distance_atr"":{""value"":0.786479125764418,""score"":64.3239562882209},""R4_rr_potential"":{""value"":-1.8524135034878508,""score"":0.0},""_score"":60.31},""market"":{""M1_spy_regime"":{""score"":100.0},""M3_earnings_risk"":{""value"":null,""score"":80.0},""M4_vix"":{""value"":null,""score"":60.0},""_score"":84.0},""liquidity"":{""L1_price"":{""value"":57.4,""score"":100.0},""L2_dollar_vol"":{""value"":25804979.4096836,""score"":70.58517584368671},""L3_spread_proxy"":{""value"":0.03162020905923353,""score"":68.37979094076647},""L4_volume_zscore"":{""value"":-0.4425147948734504,""score"":100.0},""_score"":85.07},""pattern_structure"":{""level"":55.02,""level_idx"":52,""breakout_idx"":62,""bo_peak_idx"":68,""bo_peak_price"":59.92,""retest_idx"":74,""retest_low"":55.815,""structural_low"":55.815,""current_price"":57.25,""neckline_distance_pct"":-0.03895196506550213,""base_bars"":27,""bars_since_breakout"":17},""pattern_geometry_features"":{""retest_depth_atr"":-0.9472501659602652,""bars_breakout_to_retest"":12.0,""bars_since_retest"":5.0,""current_above_level_atr"":2.6570665032596263,""bo_peak_excess_pct"":0.08905852417302795,""atr_pct"":0.04747374315579892},""_schema_version"":""1.0""}",,,,,,,,,,
20260520T193044Z-73e07b,2026-05-20T19:30:44.960382+00:00,EBC,double_bottom,absent,44.39,39.8,37.0,51.0,45.2,34.5,21.3,56.8,84.0,82.7,5.97,9.25,4.08,6.33,4.48,1.7,3.41,5.04,4.13,True,risk_unclear,19.76,20.41,18.9022,21.63,"{""trend"":{""T1_ema_stack"":{""value"":[true,false,true],""score"":66.66666666666666},""T2_ema50_slope"":{""value"":-0.031438303769223776,""score"":44.76028270512937},""T3_high_proximity"":{""value"":0.9225023342670402,""score"":61.25116713352008},""T4_rs_1m"":{""value"":-0.08268138696843186,""score"":0},""T5_rs_3m"":{""value"":-0.14585232377698742,""score"":0},""T6_adr_healthy"":{""value"":2.4478081194127213,""score"":100.0},""_score"":39.81},""geometry"":{""sub_low_similarity"":21.8,""sub_bounce_quality"":48.0,""sub_separation_fit"":0.0,""sub_right_bottom_reaction"":99.0,""sub_base_context"":30.0,""_score"":36.99},""compression"":{""VC1_atr_ratio"":{""value"":0.4412271630472245,""score"":100},""VC2_range_contraction"":{""value"":0.8890882219455759,""score"":18.485296342404016},""VC3_range_pct_rank"":{""score"":18.333333333333336},""_score"":51.05},""sr_quality"":{""SR1_touches"":{""value"":3,""score"":50.0},""SR2_tightness"":{""value"":0.07363574011458156,""score"":66.24978354545293},""SR3_recency"":{""value"":253,""score"":0.0},""SR4_price_location"":{""score"":21.01581835790394},""SR5_reaction"":{""value"":2.0625306924210145,""score"":100},""_score"":45.19,""_levels_found"":5,""_target_level"":20.9833},""volume"":{""V1_rvol_day"":{""value"":0.49138670740437057,""score"":0},""V2_rvol_sameslot"":{""value"":0.9596345267901101,""score"":30.642301786007337,""status"":""ok""},""V3_breakout_bar"":{""value"":1.526792736884504,""score"":68.45284912563359},""V4_base_dryup"":{""value"":0.9387318216077164,""score"":56.12681783922836},""V5_bo_expansion"":{""value"":0.49138670740437057,""score"":0},""_score"":34.47},""readiness"":{""_distance_atr"":1.49,""BR1_atr_distance"":{""score"":0.6929666612105905},""BR2_compression"":{""score"":13.92756097685007},""BR3_retest"":{""score"":50.0},""BR4_bo_age"":{""score"":50.0},""_score"":21.26},""risk"":{""R1_stop_clarity"":{""score"":0},""R2_stop_distance_pct"":{""value"":4.341346153846149,""score"":100.0},""R3_stop_distance_atr"":{""value"":1.9659355049926288,""score"":100.0},""R4_rr_potential"":{""value"":2.1798682753395107,""score"":58.993413766975536},""_score"":56.8},""market"":{""M1_spy_regime"":{""score"":100.0},""M3_earnings_risk"":{""value"":null,""score"":80.0},""M4_vix"":{""value"":null,""score"":60.0},""_score"":84.0},""liquidity"":{""L1_price"":{""value"":19.76,""score"":100.0},""L2_dollar_vol"":{""value"":20164777.79625088,""score"":65.22967203527314},""L3_spread_proxy"":{""value"":0.03441295546558703,""score"":65.58704453441297},""L4_volume_zscore"":{""value"":-0.7328603698302282,""score"":100.0},""_score"":82.65},""pattern_structure"":{""left_low"":19.955,""left_idx"":25,""right_low"":19.19,""right_idx"":74,""separation_bars"":49,""structural_low"":19.19,""current_price"":19.765,""neckline_distance_pct"":0.032633442954717914,""base_bars"":49},""pattern_geometry_features"":{""low_similarity_pct"":0.039085451526376144,""bounce_pct"":0.06357477853048456,""right_bottom_reaction"":0.9897959183673489,""atr_pct"":0.02208285135916718},""_schema_version"":""1.0""}",,,,,,,,,,
20260520T193044Z-73e07b,2026-05-20T19:30:44.960382+00:00,EXLS,double_bottom,breakout_failed,44.38,16.5,55.5,37.2,51.7,7.3,52.5,54.4,84.0,87.4,2.47,13.87,2.98,7.23,0.95,4.2,3.26,5.04,4.37,False,,29.305,30.42,26.595,33.84,"{""trend"":{""T1_ema_stack"":{""value"":[false,false,false],""score"":0.0},""T2_ema50_slope"":{""value"":-0.18085135145908768,""score"":19.858108090152054},""T3_high_proximity"":{""value"":0.9003072196620584,""score"":50.15360983102918},""T4_rs_1m"":{""value"":-0.13226710124755114,""score"":0},""T5_rs_3m"":{""value"":-0.11823832086619213,""score"":0},""T6_adr_healthy"":{""value"":4.153941847315503,""score"":100.0},""_score"":16.49},""geometry"":{""sub_low_similarity"":10.2,""sub_bounce_quality"":100,""sub_separation_fit"":100.0,""sub_right_bottom_reaction"":76.2,""sub_base_context"":30.0,""_score"":55.49},""compression"":{""VC1_atr_ratio"":{""value"":0.6882509444866195,""score"":77.93726387834512},""VC2_range_contraction"":{""value"":1.2988989603581707,""score"":0},""VC3_range_pct_rank"":{""score"":24.16666666666667},""_score"":37.22},""sr_quality"":{""SR1_touches"":{""value"":4,""score"":75.0},""SR2_tightness"":{""value"":0.20141297748655612,""score"":67.3721347471806},""SR3_recency"":{""value"":254,""score"":0.0},""SR4_price_location"":{""score"":16.230097586029895},""SR5_reaction"":{""value"":2.1147010327171736,""score"":100},""_score"":51.66,""_levels_found"":6,""_target_level"":31.3438},""volume"":{""V1_rvol_day"":{""value"":0.4546541372329105,""score"":0},""V2_rvol_sameslot"":{""value"":0.5309891542603113,""score"":2.0659436173540895,""status"":""ok""},""V3_breakout_bar"":{""value"":0.7303647919403691,""score"":15.357652796024604},""V4_base_dryup"":{""value"":1.348347309906909,""score"":15.1652690093091},""V5_bo_expansion"":{""value"":0.4546541372329105,""score"":0},""_score"":7.29},""readiness"":{""_distance_atr"":0.903,""BR1_atr_distance"":{""score"":39.79191375702693},""BR2_compression"":{""score"":76.23608417396349},""BR3_retest"":{""score"":50.0},""BR4_bo_age"":{""score"":50.0},""_score"":52.48},""risk"":{""R1_stop_clarity"":{""score"":34.39208539442838},""R2_stop_distance_pct"":{""value"":9.247568674287669,""score"":68.81078314280829},""R3_stop_distance_atr"":{""value"":2.1950302293962793,""score"":100.0},""R4_rr_potential"":{""value"":1.673431734317344,""score"":33.6715867158672},""_score"":54.41},""market"":{""M1_spy_regime"":{""score"":100.0},""M3_earnings_risk"":{""value"":null,""score"":80.0},""M4_vix"":{""value"":null,""score"":60.0},""_score"":84.0},""liquidity"":{""L1_price"":{""value"":29.305,""score"":100.0},""L2_dollar_vol"":{""value"":36440205.1933156,""score"":78.07904069012186},""L3_spread_proxy"":{""value"":0.03804811465620208,""score"":61.95188534379792},""L4_volume_zscore"":{""value"":-1.7898015481506402,""score"":100.0},""_score"":87.43},""pattern_structure"":{""left_low"":27.0,""left_idx"":55,""right_low"":28.24,""right_idx"":74,""separation_bars"":19,""structural_low"":27.0,""current_price"":29.275,""neckline_distance_pct"":0.039111870196413434,""base_bars"":19},""pattern_geometry_features"":{""low_similarity_pct"":0.044895003620564755,""bounce_pct"":0.12666666666666673,""right_bottom_reaction"":0.7619047619047628,""atr_pct"":0.04212957320788751},""_schema_version"":""1.0""}",,,,,,,,,,
20260520T193044Z-73e07b,2026-05-20T19:30:44.960382+00:00,AMPL,ascending_triangle,forming,44.36,7.8,53.1,48.8,39.7,16.9,68.5,63.6,84.0,75.3,1.18,14.87,3.9,5.56,2.03,5.48,2.55,5.04,3.77,False,,6.48,6.655,5.91,7.31,"{""trend"":{""T1_ema_stack"":{""value"":[false,false,false],""score"":0.0},""T2_ema50_slope"":{""value"":-0.22809644434460843,""score"":11.983925942565257},""T3_high_proximity"":{""value"":0.8059701492537314,""score"":2.9850746268657025},""T4_rs_1m"":{""value"":-0.12606960248023735,""score"":0},""T5_rs_3m"":{""value"":-0.17687365656692267,""score"":0},""T6_adr_healthy"":{""value"":5.934457194698771,""score"":100.0},""_score"":7.84},""geometry"":{""sub_flat_top_quality"":33.3,""sub_hl_slope"":48.4,""sub_compression"":54.4,""sub_duration"":100.0,""_score"":53.11},""compression"":{""VC1_atr_ratio"":{""value"":0.39442972422401734,""score"":100},""VC2_range_contraction"":{""value"":1.2669303418142583,""score"":0},""VC3_range_pct_rank"":{""score"":35.0},""_score"":48.75},""sr_quality"":{""SR1_touches"":{""value"":2,""score"":25.0},""SR2_tightness"":{""value"":0.0,""score"":100},""SR3_recency"":{""value"":254,""score"":0.0},""SR4_price_location"":{""score"":8.800000000000097},""SR5_reaction"":{""value"":2.162944420542105,""score"":100},""_score"":39.7,""_levels_found"":6,""_target_level"":7.05},""volume"":{""V1_rvol_day"":{""value"":0.7330643101737178,""score"":15.537620678247851},""V2_rvol_sameslot"":{""value"":0.7995148571220325,""score"":19.967657141468834,""status"":""ok""},""V3_breakout_bar"":{""value"":0.7906176267297569,""score"":19.37450844865046},""V4_base_dryup"":{""value"":1.252457328191433,""score"":24.754267180856687},""V5_bo_expansion"":{""value"":0.7330643101737178,""score"":0},""_score"":16.9},""readiness"":{""_distance_atr"":0.319,""BR1_atr_distance"":{""score"":78.705188545999},""BR2_compression"":{""score"":77.93107735782472},""BR3_retest"":{""score"":50.0},""BR4_bo_age"":{""score"":50.0},""_score"":68.46},""risk"":{""R1_stop_clarity"":{""score"":67.14514804239846},""R2_stop_distance_pct"":{""value"":8.796296296296301,""score"":80.09259259259247},""R3_stop_distance_atr"":{""value"":1.040403645324051,""score"":77.02018226620255},""R4_rr_potential"":{""value"":1.4561403508771924,""score"":22.80701754385962},""_score"":63.64},""market"":{""M1_spy_regime"":{""score"":100.0},""M3_earnings_risk"":{""value"":null,""score"":80.0},""M4_vix"":{""value"":null,""score"":60.0},""_score"":84.0},""liquidity"":{""L1_price"":{""value"":6.48,""score"":98.24000000000001},""L2_dollar_vol"":{""value"":11941722.510006242,""score"":53.85334876276522},""L3_spread_proxy"":{""value"":0.0578858024691359,""score"":42.114197530864104},""L4_volume_zscore"":{""value"":-0.413620204747054,""score"":100.0},""_score"":75.31},""pattern_structure"":{""top"":6.655,""top_touches"":2,""low_slope_per_bar"":0.008710218978102207,""lowest_low"":6.0,""structural_low"":6.0,""current_price"":6.465,""neckline_distance_pct"":0.029389017788089774,""base_bars"":30},""pattern_geometry_features"":{""top_touches"":2.0,""low_slope"":0.008710218978102207,""compression"":0.27204773101020574,""atr_pct"":0.08454695767195766},""_schema_version"":""1.0""}",,,,,,,,,,
20260520T193044Z-73e07b,2026-05-20T19:30:44.960382+00:00,TTAN,double_bottom,absent,44.33,13.3,44.6,49.2,51.8,16.9,56.3,69.1,84.0,82.3,2.0,11.14,3.93,7.26,2.19,4.5,4.15,5.04,4.11,False,,62.325,64.5399,58.7552,69.4298,"{""trend"":{""T1_ema_stack"":{""value"":[true,false,false],""score"":33.33333333333333},""T2_ema50_slope"":{""value"":-0.32849480776373174,""score"":0},""T3_high_proximity"":{""value"":0.7513562386980108,""score"":0},""T4_rs_1m"":{""value"":-0.07947499583882878,""score"":0},""T5_rs_3m"":{""value"":-0.1513999472465386,""score"":0},""T6_adr_healthy"":{""value"":5.527360805611094,""score"":100.0},""_score"":13.33},""geometry"":{""sub_low_similarity"":42.8,""sub_bounce_quality"":74.3,""sub_separation_fit"":0.0,""sub_right_bottom_reaction"":72.5,""sub_base_context"":30.0,""_score"":44.57},""compression"":{""VC1_atr_ratio"":{""value"":0.4704869064348282,""score"":100},""VC2_range_contraction"":{""value"":1.010672648986079,""score"":0},""VC3_range_pct_rank"":{""score"":36.66666666666667},""_score"":49.17},""sr_quality"":{""SR1_touches"":{""value"":3,""score"":50.0},""SR2_tightness"":{""value"":0.36153392648546445,""score"":80.79260552147866},""SR3_recency"":{""value"":233,""score"":0.0},""SR4_price_location"":{""score"":38.889932103218925},""SR5_reaction"":{""value"":2.739156613551815,""score"":100},""_score"":51.84,""_levels_found"":4,""_target_level"":68.5083},""volume"":{""V1_rvol_day"":{""value"":0.36565897863492286,""score"":0},""V2_rvol_sameslot"":{""value"":0.37115973411522013,""score"":0,""status"":""ok""},""V3_breakout_bar"":{""value"":0.5158726781916155,""score"":1.058178546107702},""V4_base_dryup"":{""value"":0.6707803230459126,""score"":82.92196769540874},""V5_bo_expansion"":{""value"":0.36565897863492286,""score"":0},""_score"":16.85},""readiness"":{""_distance_atr"":0.588,""BR1_atr_distance"":{""score"":60.77596511799996},""BR2_compression"":{""score"":57.89403552222008},""BR3_retest"":{""score"":50.0},""BR4_bo_age"":{""score"":50.0},""_score"":56.28},""risk"":{""R1_stop_clarity"":{""score"":52.464167397169696},""R2_stop_distance_pct"":{""value"":5.727637384677106,""score"":100.0},""R3_stop_distance_atr"":{""value"":0.9482595050793707,""score"":72.41297525396854},""R4_rr_potential"":{""value"":1.9902794313327221,""score"":49.51397156663611},""_score"":69.13},""market"":{""M1_spy_regime"":{""score"":100.0},""M3_earnings_risk"":{""value"":null,""score"":80.0},""M4_vix"":{""value"":null,""score"":60.0},""_score"":84.0},""liquidity"":{""L1_price"":{""value"":62.325,""score"":100.0},""L2_dollar_vol"":{""value"":24975291.720037278,""score"":69.87552848186303},""L3_spread_proxy"":{""value"":0.05679903730445245,""score"":43.200962695547545},""L4_volume_zscore"":{""value"":-1.8896635372774562,""score"":100.0},""_score"":82.27},""pattern_structure"":{""left_low"":61.38,""left_idx"":27,""right_low"":59.65,""right_idx"":74,""separation_bars"":47,""structural_low"":59.65,""current_price"":62.32,""neckline_distance_pct"":0.03562098844672661,""base_bars"":47},""pattern_geometry_features"":{""low_similarity_pct"":0.028587953399983542,""bounce_pct"":0.08197652975691541,""right_bottom_reaction"":0.7250000000000013,""atr_pct"":0.06040158157125663},""_schema_version"":""1.0""}",,,,,,,,,,
20260520T193044Z-73e07b,2026-05-20T19:30:44.960382+00:00,CLBT,vcp,absent,44.22,28.1,45.0,44.1,58.6,8.2,62.2,44.2,84.0,75.3,4.21,11.25,5.3,7.03,1.07,4.36,2.21,5.04,3.76,False,,13.505,14.005,11.3718,17.925,"{""trend"":{""T1_ema_stack"":{""value"":[true,false,false],""score"":33.33333333333333},""T2_ema50_slope"":{""value"":-0.14831349129392762,""score"":25.281084784345396},""T3_high_proximity"":{""value"":0.8826797385620915,""score"":41.339869281045715},""T4_rs_1m"":{""value"":-0.0325386051756551,""score"":17.4613948243449},""T5_rs_3m"":{""value"":-0.1018580481635204,""score"":0},""T6_adr_healthy"":{""value"":4.830557500684527,""score"":100.0},""_score"":28.08},""geometry"":{""sub_contraction_count"":100.0,""sub_reduction_rate"":0,""sub_pivot_tightness"":0,""sub_volume_dryup"":0,""sub_base_depth"":100.0,""sub_base_duration"":100.0,""_score"":45.0},""compression"":{""VC1_atr_ratio"":{""value"":0.6168026005467754,""score"":95.79934986330615},""VC2_range_contraction"":{""value"":1.2144878281817213,""score"":0},""VC3_range_pct_rank"":{""score"":23.33333333333333},""_score"":44.15},""sr_quality"":{""SR1_touches"":{""value"":4,""score"":75.0},""SR2_tightness"":{""value"":0.1868488694105479,""score"":49.053292464818355},""SR3_recency"":{""value"":236,""score"":0.0},""SR4_price_location"":{""score"":58.10810810810819},""SR5_reaction"":{""value"":1.891563038630454,""score"":94.5781519315227},""_score"":58.57,""_levels_found"":8,""_target_level"":13.815},""volume"":{""V1_rvol_day"":{""value"":0.33201290824703256,""score"":0},""V2_rvol_sameslot"":{""value"":0.2477427028694144,""score"":0,""status"":""ok""},""V3_breakout_bar"":{""value"":0.33112715077002913,""score"":0},""V4_base_dryup"":{""value"":1.0898871505314214,""score"":41.01128494685786},""V5_bo_expansion"":{""value"":0.3320129082470325,""score"":0},""_score"":8.2},""readiness"":{""_distance_atr"":0.682,""BR1_atr_distance"":{""score"":54.556225310234936},""BR2_compression"":{""score"":91.68127997202271},""BR3_retest"":{""score"":50.0},""BR4_bo_age"":{""score"":50.0},""_score"":62.24},""risk"":{""R1_stop_clarity"":{""score"":52.781645908599465},""R2_stop_distance_pct"":{""value"":15.79544613106258,""score"":0.0},""R3_stop_distance_atr"":{""value"":2.9081857222151895,""score"":100.0},""R4_rr_potential"":{""value"":2.0720287833862656,""score"":53.60143916931328},""_score"":44.19},""market"":{""M1_spy_regime"":{""score"":100.0},""M3_earnings_risk"":{""value"":null,""score"":80.0},""M4_vix"":{""value"":null,""score"":60.0},""_score"":84.0},""liquidity"":{""L1_price"":{""value"":13.505,""score"":100.0},""L2_dollar_vol"":{""value"":10553794.190637296,""score"":51.17043103771537},""L3_spread_proxy"":{""value"":0.051832654572380545,""score"":48.16734542761945},""L4_volume_zscore"":{""value"":-1.10103805102988,""score"":100.0},""_score"":75.28},""pattern_structure"":{""n_contractions"":5,""contractions_pct"":[8.12,13.7,25.44,9.72,17.57],""descending_strict"":false,""final_low"":11.545,""final_pivot"":14.005,""structural_low"":11.545,""dry_up_ratio"":1.4073716245833423,""current_price"":13.505,""neckline_distance_pct"":0.03702332469455757,""base_bars"":48},""pattern_geometry_features"":{""contraction_count"":5.0,""first_contraction_pct"":0.08115098609763977,""last_contraction_pct"":0.17565155301677976,""dry_up_ratio"":1.4073716245833423,""near_monotone"":0.0,""base_depth_pct"":0.2534755900420304},""_schema_version"":""1.0""}",,,,,,,,,,
20260520T193044Z-73e07b,2026-05-20T19:30:44.960382+00:00,BTU,vcp,absent,44.11,13.3,43.5,72.4,48.2,16.2,31.0,63.4,84.0,85.5,2.0,10.87,8.69,5.78,2.11,2.17,3.17,5.04,4.28,False,,23.5653,27.74,23.2263,42.5752,"{""trend"":{""T1_ema_stack"":{""value"":[false,false,true],""score"":33.33333333333333},""T2_ema50_slope"":{""value"":-0.8247967424461131,""score"":0},""T3_high_proximity"":{""value"":0.5965898734177215,""score"":0},""T4_rs_1m"":{""value"":-0.18028610712943438,""score"":0},""T5_rs_3m"":{""value"":-0.388192434390931,""score"":0},""T6_adr_healthy"":{""value"":3.9926694557380418,""score"":100.0},""_score"":13.33},""geometry"":{""sub_contraction_count"":100.0,""sub_reduction_rate"":0,""sub_pivot_tightness"":0,""sub_volume_dryup"":47.4,""sub_base_depth"":13.8,""sub_base_duration"":100.0,""_score"":43.49},""compression"":{""VC1_atr_ratio"":{""value"":0.23039576856494226,""score"":100},""VC2_range_contraction"":{""value"":0.8266262605193404,""score"":28.8956232467766},""VC3_range_pct_rank"":{""score"":89.16666666666666},""_score"":72.41},""sr_quality"":{""SR1_touches"":{""value"":2,""score"":25.0},""SR2_tightness"":{""value"":0.07500000000000107,""score"":85.74338085539695},""SR3_recency"":{""value"":231,""score"":0.0},""SR4_price_location"":{""score"":51.25091649694505},""SR5_reaction"":{""value"":2.2192803801765137,""score"":100},""_score"":48.17,""_levels_found"":6,""_target_level"":25.275},""volume"":{""V1_rvol_day"":{""value"":0.38610319265379983,""score"":0},""V2_rvol_sameslot"":{""value"":0.33669530522183505,""score"":0,""status"":""ok""},""V3_breakout_bar"":{""value"":0.6362098602891059,""score"":9.080657352607059},""V4_base_dryup"":{""value"":0.8012582448693089,""score"":69.87417551306912},""V5_bo_expansion"":{""value"":0.3861031926537998,""score"":0},""_score"":16.24},""readiness"":{""_distance_atr"":3.968,""BR1_atr_distance"":{""score"":0},""BR2_compression"":{""score"":54.08101748271504},""BR3_retest"":{""score"":50.0},""BR4_bo_age"":{""score"":50.0},""_score"":31.02},""risk"":{""R1_stop_clarity"":{""score"":32.76578411405295},""R2_stop_distance_pct"":{""value"":1.4385558427009297,""score"":85.96389606752324},""R3_stop_distance_atr"":{""value"":0.3221995926680266,""score"":41.10997963340133},""R4_rr_potential"":{""value"":56.076401179940625,""score"":100.0},""_score"":63.42},""market"":{""M1_spy_regime"":{""score"":100.0},""M3_earnings_risk"":{""value"":null,""score"":80.0},""M4_vix"":{""value"":null,""score"":60.0},""_score"":84.0},""liquidity"":{""L1_price"":{""value"":23.5653,""score"":100.0},""L2_dollar_vol"":{""value"":26638280.045323595,""score"":71.275309014892},""L3_spread_proxy"":{""value"":0.029704692917128118,""score"":70.29530708287189},""L4_volume_zscore"":{""value"":-1.2700456326217693,""score"":100.0},""_score"":85.54},""pattern_structure"":{""n_contractions"":5,""contractions_pct"":[15.94,12.86,13.03,37.19,15.0],""descending_strict"":false,""final_low"":23.58,""final_pivot"":27.74,""structural_low"":23.58,""dry_up_ratio"":0.7630889691608196,""current_price"":23.5653,""neckline_distance_pct"":0.1771545450301926,""base_bars"":62},""pattern_geometry_features"":{""contraction_count"":5.0,""first_contraction_pct"":0.15942127074699602,""last_contraction_pct"":0.14996395097332374,""dry_up_ratio"":0.7630889691608196,""near_monotone"":0.0,""base_depth_pct"":0.38618047023053376},""_schema_version"":""1.0""}",,,,,,,,,,
20260520T193044Z-73e07b,2026-05-20T19:30:44.960382+00:00,TRMB,double_bottom,forming,44.0,5.0,52.7,41.5,51.3,15.7,52.9,59.9,84.0,93.8,0.75,13.17,3.32,7.18,2.03,4.23,3.59,5.04,4.69,False,,55.35,56.4,52.008,60.0,"{""trend"":{""T1_ema_stack"":{""value"":[false,false,false],""score"":0.0},""T2_ema50_slope"":{""value"":-0.34327010541439656,""score"":0},""T3_high_proximity"":{""value"":0.7855520862900938,""score"":0},""T4_rs_1m"":{""value"":-0.24926105217886418,""score"":0},""T5_rs_3m"":{""value"":-0.2605631120088968,""score"":0},""T6_adr_healthy"":{""value"":3.4187901010910453,""score"":100.0},""_score"":5.0},""geometry"":{""sub_low_similarity"":33.1,""sub_bounce_quality"":54.5,""sub_separation_fit"":100.0,""sub_right_bottom_reaction"":72.3,""sub_base_context"":30.0,""_score"":52.67},""compression"":{""VC1_atr_ratio"":{""value"":0.5245761237571421,""score"":100},""VC2_range_contraction"":{""value"":1.3683600121065698,""score"":0},""VC3_range_pct_rank"":{""score"":5.833333333333335},""_score"":41.46},""sr_quality"":{""SR1_touches"":{""value"":5,""score"":100},""SR2_tightness"":{""value"":0.6897957390416353,""score"":41.81604360520262},""SR3_recency"":{""value"":255,""score"":0.0},""SR4_price_location"":{""score"":0},""SR5_reaction"":{""value"":2.0307068491830145,""score"":100},""_score"":51.27,""_levels_found"":6,""_target_level"":64.296},""volume"":{""V1_rvol_day"":{""value"":0.6936916856061479,""score"":12.91277904040986},""V2_rvol_sameslot"":{""value"":0.7839621800580592,""score"":18.930812003870614,""status"":""ok""},""V3_breakout_bar"":{""value"":0.6188818366126377,""score"":7.925455774175849},""V4_base_dryup"":{""value"":1.1347773847969485,""score"":36.52226152030516},""V5_bo_expansion"":{""value"":0.6936916856061477,""score"":0},""_score"":15.65},""readiness"":{""_distance_atr"":0.443,""BR1_atr_distance"":{""score"":70.47765942063921},""BR2_compression"":{""score"":28.627994533566792},""BR3_retest"":{""score"":50.0},""BR4_bo_age"":{""score"":50.0},""_score"":52.85},""risk"":{""R1_stop_clarity"":{""score"":33.195160746131876},""R2_stop_distance_pct"":{""value"":6.037940379403804,""score"":100.0},""R3_stop_distance_atr"":{""value"":1.4094808888032022,""score"":95.47404444016011},""R4_rr_potential"":{""value"":1.39138240574506,""score"":19.569120287252993},""_score"":59.85},""market"":{""M1_spy_regime"":{""score"":100.0},""M3_earnings_risk"":{""value"":null,""score"":80.0},""M4_vix"":{""value"":null,""score"":60.0},""_score"":84.0},""liquidity"":{""L1_price"":{""value"":55.35,""score"":100.0},""L2_dollar_vol"":{""value"":88930846.1489553,""score"":97.45262122551779},""L3_spread_proxy"":{""value"":0.051851851851851934,""score"":48.14814814814807},""L4_volume_zscore"":{""value"":-0.7941039694402193,""score"":100.0},""_score"":93.8},""pattern_structure"":{""left_low"":54.5975,""left_idx"":46,""right_low"":52.8,""right_idx"":74,""separation_bars"":28,""structural_low"":52.8,""current_price"":55.4,""neckline_distance_pct"":0.018050541516245487,""base_bars"":28},""pattern_geometry_features"":{""low_similarity_pct"":0.03347377732256337,""bounce_pct"":0.06818181818181822,""right_bottom_reaction"":0.7232876712328757,""atr_pct"":0.04283804361853144},""_schema_version"":""1.0""}",,,,,,,,,,
20260520T193044Z-73e07b,2026-05-20T19:30:44.960382+00:00,SAIL,vcp,breakout_confirmed,43.99,45.2,50.0,45.6,40.6,4.5,42.9,35.8,84.0,78.9,6.77,12.49,5.47,4.88,0.59,3.0,1.79,5.04,3.95,False,,14.63,12.73,11.2093,17.775,"{""trend"":{""T1_ema_stack"":{""value"":[true,false,false],""score"":33.33333333333333},""T2_ema50_slope"":{""value"":-0.22977740120208398,""score"":11.703766466319337},""T3_high_proximity"":{""value"":0.9265357821405954,""score"":63.26789107029768},""T4_rs_1m"":{""value"":0.15134111180547682,""score"":100},""T5_rs_3m"":{""value"":-0.1482704472176697,""score"":0},""T6_adr_healthy"":{""value"":5.841630517409713,""score"":100.0},""_score"":45.16},""geometry"":{""sub_contraction_count"":100.0,""sub_reduction_rate"":22.8,""sub_pivot_tightness"":0,""sub_volume_dryup"":0,""sub_base_depth"":92.8,""sub_base_duration"":100.0,""_score"":49.98},""compression"":{""VC1_atr_ratio"":{""value"":0.5236137792706117,""score"":100},""VC2_range_contraction"":{""value"":1.0207015764455105,""score"":0},""VC3_range_pct_rank"":{""score"":22.499999999999996},""_score"":45.62},""sr_quality"":{""SR1_touches"":{""value"":2,""score"":25.0},""SR2_tightness"":{""value"":0.18395000000000117,""score"":56.76524162476575},""SR3_recency"":{""value"":246,""score"":0.0},""SR4_price_location"":{""score"":38.47549216169258},""SR5_reaction"":{""value"":4.537416793277987,""score"":100},""_score"":40.63,""_levels_found"":6,""_target_level"":16.2411},""volume"":{""V1_rvol_day"":{""value"":0.44117955261630293,""score"":0},""V2_rvol_sameslot"":{""value"":0.3687313381770672,""score"":0,""status"":""ok""},""V3_breakout_bar"":{""value"":0.2882281398714489,""score"":0},""V4_base_dryup"":{""value"":1.2743566541054723,""score"":22.56433458945277},""V5_bo_expansion"":{""value"":0.44117955261630293,""score"":0},""_score"":4.51},""readiness"":{""_distance_atr"":-2.233,""BR1_atr_distance"":{""score"":15.343277568391102},""BR2_compression"":{""score"":77.07065172991211},""BR3_retest"":{""score"":50.0},""BR4_bo_age"":{""score"":50.0},""_score"":42.9},""risk"":{""R1_stop_clarity"":{""score"":59.87946042591768},""R2_stop_distance_pct"":{""value"":23.381408065618594,""score"":0.0},""R3_stop_distance_atr"":{""value"":4.019927642679066,""score"":99.00361786604668},""R4_rr_potential"":{""value"":0.9194024614844908,""score"":0.0},""_score"":35.81},""market"":{""M1_spy_regime"":{""score"":100.0},""M3_earnings_risk"":{""value"":null,""score"":80.0},""M4_vix"":{""value"":null,""score"":60.0},""_score"":84.0},""liquidity"":{""L1_price"":{""value"":14.63,""score"":100.0},""L2_dollar_vol"":{""value"":20152811.7854525,""score"":65.2167824437409},""L3_spread_proxy"":{""value"":0.07144907723855087,""score"":28.55092276144913},""L4_volume_zscore"":{""value"":-1.1975013039471334,""score"":100.0},""_score"":78.94},""pattern_structure"":{""n_contractions"":5,""contractions_pct"":[22.01,28.26,23.87,11.21,10.6],""descending_strict"":false,""final_low"":11.38,""final_pivot"":12.73,""structural_low"":11.38,""dry_up_ratio"":1.3027504356552877,""current_price"":14.63,""neckline_distance_pct"":-0.12987012987012989,""base_bars"":56},""pattern_geometry_features"":{""contraction_count"":5.0,""first_contraction_pct"":0.22009132420091324,""last_contraction_pct"":0.10604870384917514,""dry_up_ratio"":1.3027504356552877,""near_monotone"":0.0,""base_depth_pct"":0.30715372907153726},""_schema_version"":""1.0""}",,,,,,,,,,
20260520T193044Z-73e07b,2026-05-20T19:30:44.960382+00:00,EXPO,vcp,absent,43.98,5.0,38.3,40.5,57.4,56.3,34.0,58.1,84.0,85.1,0.75,9.59,4.86,6.89,7.31,2.38,2.9,5.04,4.25,False,,57.4,68.625,51.1313,98.665,"{""trend"":{""T1_ema_stack"":{""value"":[false,false,false],""score"":0.0},""T2_ema50_slope"":{""value"":-0.36318678141538335,""score"":0},""T3_high_proximity"":{""value"":0.7723358449946179,""score"":0},""T4_rs_1m"":{""value"":-0.2112508672544149,""score"":0},""T5_rs_3m"":{""value"":-0.26272077034699737,""score"":0},""T6_adr_healthy"":{""value"":4.084800833108467,""score"":100.0},""_score"":5.0},""geometry"":{""sub_contraction_count"":100.0,""sub_reduction_rate"":0,""sub_pivot_tightness"":0,""sub_volume_dryup"":0,""sub_base_depth"":33.4,""sub_base_duration"":100.0,""_score"":38.34},""compression"":{""VC1_atr_ratio"":{""value"":0.6887724673546473,""score"":77.80688316133818},""VC2_range_contraction"":{""value"":1.4759050370216782,""score"":0},""VC3_range_pct_rank"":{""score"":37.5},""_score"":40.5},""sr_quality"":{""SR1_touches"":{""value"":5,""score"":100},""SR2_tightness"":{""value"":0.5103469408157553,""score"":62.54324561049663},""SR3_recency"":{""value"":243,""score"":0.0},""SR4_price_location"":{""score"":25.5337497608121},""SR5_reaction"":{""value"":1.5502207974332844,""score"":77.51103987166422},""_score"":57.39,""_levels_found"":4,""_target_level"":64.164},""volume"":{""V1_rvol_day"":{""value"":0.8453185262092376,""score"":23.021235080615842},""V2_rvol_sameslot"":{""value"":2.0754286671678006,""score"":100,""status"":""ok""},""V3_breakout_bar"":{""value"":2.0386471711417053,""score"":100},""V4_base_dryup"":{""value"":1.1672084547648143,""score"":33.27915452351857},""V5_bo_expansion"":{""value"":0.8453185262092376,""score"":0},""_score"":56.26},""readiness"":{""_distance_atr"":4.119,""BR1_atr_distance"":{""score"":0},""BR2_compression"":{""score"":66.1915302749318},""BR3_retest"":{""score"":50.0},""BR4_bo_age"":{""score"":50.0},""_score"":34.05},""risk"":{""R1_stop_clarity"":{""score"":42.851226346596015},""R2_stop_distance_pct"":{""value"":10.920993031358888,""score"":26.975174216027796},""R3_stop_distance_atr"":{""value"":2.3004280483041892,""score"":100.0},""R4_rr_potential"":{""value"":6.582757052953985,""score"":100.0},""_score"":58.09},""market"":{""M1_spy_regime"":{""score"":100.0},""M3_earnings_risk"":{""value"":null,""score"":80.0},""M4_vix"":{""value"":null,""score"":60.0},""_score"":84.0},""liquidity"":{""L1_price"":{""value"":57.4,""score"":100.0},""L2_dollar_vol"":{""value"":25804979.4096836,""score"":70.58517584368671},""L3_spread_proxy"":{""value"":0.03162020905923353,""score"":68.37979094076647},""L4_volume_zscore"":{""value"":-0.4425147948734504,""score"":100.0},""_score"":85.07},""pattern_structure"":{""n_contractions"":5,""contractions_pct"":[19.95,14.36,8.74,6.96,24.36],""descending_strict"":false,""final_low"":51.91,""final_pivot"":68.625,""structural_low"":51.91,""dry_up_ratio"":1.2337850137907493,""current_price"":57.4,""neckline_distance_pct"":0.19555749128919864,""base_bars"":65},""pattern_geometry_features"":{""contraction_count"":5.0,""first_contraction_pct"":0.19951189749847478,""last_contraction_pct"":0.24357012750455379,""dry_up_ratio"":1.2337850137907493,""near_monotone"":0.0,""base_depth_pct"":0.3665649786455156},""_schema_version"":""1.0""}",,,,,,,,,,
20260520T193044Z-73e07b,2026-05-20T19:30:44.960382+00:00,QTWO,double_bottom,absent,43.88,15.1,47.5,49.5,44.5,15.2,58.8,66.2,84.0,76.8,2.27,11.87,3.96,6.23,1.98,4.7,3.97,5.04,3.84,False,,46.86,48.43,44.3152,51.87,"{""trend"":{""T1_ema_stack"":{""value"":[false,false,false],""score"":0.0},""T2_ema50_slope"":{""value"":-0.16547568564250298,""score"":22.420719059582833},""T3_high_proximity"":{""value"":0.8753969736596301,""score"":37.698486829815025},""T4_rs_1m"":{""value"":-0.1551133945091041,""score"":0},""T5_rs_3m"":{""value"":-0.17551861080441233,""score"":0},""T6_adr_healthy"":{""value"":4.864842129955077,""score"":100.0},""_score"":15.14},""geometry"":{""sub_low_similarity"":34.6,""sub_bounce_quality"":66.4,""sub_separation_fit"":53.3,""sub_right_bottom_reaction"":65.6,""sub_base_context"":30.0,""_score"":47.49},""compression"":{""VC1_atr_ratio"":{""value"":0.44056078172145613,""score"":100},""VC2_range_contraction"":{""value"":0.9935459446518261,""score"":1.0756758913623155},""VC3_range_pct_rank"":{""score"":36.66666666666667},""_score"":49.54},""sr_quality"":{""SR1_touches"":{""value"":3,""score"":50.0},""SR2_tightness"":{""value"":0.12970050972229244,""score"":88.74437977525797},""SR3_recency"":{""value"":254,""score"":0.0},""SR4_price_location"":{""score"":4.768786127167756},""SR5_reaction"":{""value"":2.400958126928676,""score"":100},""_score"":44.5,""_levels_found"":7,""_target_level"":51.2533},""volume"":{""V1_rvol_day"":{""value"":0.22580101131060193,""score"":0},""V2_rvol_sameslot"":{""value"":0.2693758197908538,""score"":0,""status"":""ok""},""V3_breakout_bar"":{""value"":0.323712252172667,""score"":0},""V4_base_dryup"":{""value"":0.7375968333586159,""score"":76.2403166641384},""V5_bo_expansion"":{""value"":0.22580101131060193,""score"":0},""_score"":15.25},""readiness"":{""_distance_atr"":0.681,""BR1_atr_distance"":{""score"":54.58437281441395},""BR2_compression"":{""score"":77.86484191623511},""BR3_retest"":{""score"":50.0},""BR4_bo_age"":{""score"":50.0},""_score"":58.8},""risk"":{""R1_stop_clarity"":{""score"":41.435424387066924},""R2_stop_distance_pct"":{""value"":5.430751173708914,""score"":100.0},""R3_stop_distance_atr"":{""value"":1.1042310161411626,""score"":80.21155080705813},""R4_rr_potential"":{""value"":1.968679489950294,""score"":48.4339744975147},""_score"":66.22},""market"":{""M1_spy_regime"":{""score"":100.0},""M3_earnings_risk"":{""value"":null,""score"":80.0},""M4_vix"":{""value"":null,""score"":60.0},""_score"":84.0},""liquidity"":{""L1_price"":{""value"":46.86,""score"":100.0},""L2_dollar_vol"":{""value"":11260582.874917861,""score"":52.578043561329444},""L3_spread_proxy"":{""value"":0.0422535211267605,""score"":57.7464788732395},""L4_volume_zscore"":{""value"":-1.2941908970211577,""score"":100.0},""_score"":76.81},""pattern_structure"":{""left_low"":46.485,""left_idx"":37,""right_low"":44.99,""right_idx"":74,""separation_bars"":37,""structural_low"":44.99,""current_price"":46.76,""neckline_distance_pct"":0.03571422155688628,""base_bars"":37},""pattern_geometry_features"":{""low_similarity_pct"":0.03268652637332599,""bounce_pct"":0.076461369193154,""right_bottom_reaction"":0.6561403508771909,""atr_pct"":0.04918129534784465},""_schema_version"":""1.0""}",,,,,,,,,,
20260520T193044Z-73e07b,2026-05-20T19:30:44.960382+00:00,WAY,vcp,absent,43.7,5.0,45.0,64.7,50.2,17.2,31.9,82.2,84.0,85.9,0.75,11.26,7.76,6.02,2.24,2.23,4.11,5.04,4.3,False,,19.15,21.48,17.6216,31.5,"{""trend"":{""T1_ema_stack"":{""value"":[false,false,false],""score"":0.0},""T2_ema50_slope"":{""value"":-0.7067496214790607,""score"":0},""T3_high_proximity"":{""value"":0.7111028592647605,""score"":0},""T4_rs_1m"":{""value"":-0.31154422835687345,""score"":0},""T5_rs_3m"":{""value"":-0.3393657229128495,""score"":0},""T6_adr_healthy"":{""value"":5.224162868260442,""score"":100.0},""_score"":5.0},""geometry"":{""sub_contraction_count"":100.0,""sub_reduction_rate"":0,""sub_pivot_tightness"":0,""sub_volume_dryup"":39.5,""sub_base_depth"":41.0,""sub_base_duration"":100.0,""_score"":45.02},""compression"":{""VC1_atr_ratio"":{""value"":0.5671123013248326,""score"":100},""VC2_range_contraction"":{""value"":0.9059172108420548,""score"":15.680464859657537},""VC3_range_pct_rank"":{""score"":76.66666666666666},""_score"":64.65},""sr_quality"":{""SR1_touches"":{""value"":3,""score"":50.0},""SR2_tightness"":{""value"":0.22547480765905803,""score"":59.40466589564879},""SR3_recency"":{""value"":232,""score"":0.0},""SR4_price_location"":{""score"":45.131661506912245},""SR5_reaction"":{""value"":4.264036587294372,""score"":100},""_score"":50.19,""_levels_found"":5,""_target_level"":21.1817},""volume"":{""V1_rvol_day"":{""value"":0.5361255940260288,""score"":2.408372935068585},""V2_rvol_sameslot"":{""value"":0.5679612286497219,""score"":4.530748576648125,""status"":""ok""},""V3_breakout_bar"":{""value"":0.7985842277345123,""score"":19.90561518230082},""V4_base_dryup"":{""value"":0.9568950373835015,""score"":54.31049626164985},""V5_bo_expansion"":{""value"":0.5361255940260289,""score"":0},""_score"":17.23},""readiness"":{""_distance_atr"":2.098,""BR1_atr_distance"":{""score"":0},""BR2_compression"":{""score"":57.452987538333325},""BR3_retest"":{""score"":50.0},""BR4_bo_age"":{""score"":50.0},""_score"":31.86},""risk"":{""R1_stop_clarity"":{""score"":51.68525468541373},""R2_stop_distance_pct"":{""value"":7.980939947780677,""score"":100.0},""R3_stop_distance_atr"":{""value"":1.375849469005915,""score"":93.79247345029576},""R4_rr_potential"":{""value"":8.080609807962839,""score"":100.0},""_score"":82.16},""market"":{""M1_spy_regime"":{""score"":100.0},""M3_earnings_risk"":{""value"":null,""score"":80.0},""M4_vix"":{""value"":null,""score"":60.0},""_score"":84.0},""liquidity"":{""L1_price"":{""value"":19.15,""score"":100.0},""L2_dollar_vol"":{""value"":27925990.051630747,""score"":72.30042894853734},""L3_spread_proxy"":{""value"":0.02980020887728443,""score"":70.19979112271557},""L4_volume_zscore"":{""value"":-0.8508380016534547,""score"":100.0},""_score"":85.94},""pattern_structure"":{""n_contractions"":5,""contractions_pct"":[14.76,10.64,15.28,11.51,16.71],""descending_strict"":false,""final_low"":17.89,""final_pivot"":21.48,""structural_low"":17.89,""dry_up_ratio"":0.8022863484598686,""current_price"":19.15,""neckline_distance_pct"":0.12167101827676251,""base_bars"":50},""pattern_geometry_features"":{""contraction_count"":5.0,""first_contraction_pct"":0.14761734145467578,""last_contraction_pct"":0.16713221601489756,""dry_up_ratio"":0.8022863484598686,""near_monotone"":0.0,""base_depth_pct"":0.3590111071300609},""_schema_version"":""1.0""}",,,,,,,,,,
20260520T193044Z-73e07b,2026-05-20T19:30:44.960382+00:00,AVAV,double_bottom,absent,43.67,5.0,38.5,74.5,51.0,21.9,37.8,76.8,84.0,94.0,0.75,9.62,5.96,7.13,2.84,3.02,4.61,5.04,4.7,False,,162.5,173.47,154.8912,189.69,"{""trend"":{""T1_ema_stack"":{""value"":[false,false,false],""score"":0.0},""T2_ema50_slope"":{""value"":-0.7904769916365323,""score"":0},""T3_high_proximity"":{""value"":0.614064920832861,""score"":0},""T4_rs_1m"":{""value"":-0.27823221494274997,""score"":0},""T5_rs_3m"":{""value"":-0.5049853400159765,""score"":0},""T6_adr_healthy"":{""value"":5.0926555736672885,""score"":100.0},""_score"":5.0},""geometry"":{""sub_low_similarity"":8.5,""sub_bounce_quality"":100,""sub_separation_fit"":0.0,""sub_right_bottom_reaction"":66.1,""sub_base_context"":30.0,""_score"":38.47},""compression"":{""VC1_atr_ratio"":{""value"":0.3119030092010183,""score"":100},""VC2_range_contraction"":{""value"":0.7408242158790798,""score"":43.195964020153376},""VC3_range_pct_rank"":{""score"":77.5},""_score"":74.49},""sr_quality"":{""SR1_touches"":{""value"":2,""score"":25.0},""SR2_tightness"":{""value"":0.34250000000000114,""score"":92.43489195069345},""SR3_recency"":{""value"":252,""score"":0.0},""SR4_price_location"":{""score"":58.344968927048406},""SR5_reaction"":{""value"":2.777830368031859,""score"":100},""_score"":50.95,""_levels_found"":4,""_target_level"":175.0725},""volume"":{""V1_rvol_day"":{""value"":0.4608723213281965,""score"":0},""V2_rvol_sameslot"":{""value"":0.49074558780503597,""score"":0,""status"":""ok""},""V3_breakout_bar"":{""value"":0.712424719287892,""score"":14.161647952526133},""V4_base_dryup"":{""value"":0.584432233523974,""score"":91.5567766476026},""V5_bo_expansion"":{""value"":0.4608723213281965,""score"":0},""_score"":21.85},""readiness"":{""_distance_atr"":1.212,""BR1_atr_distance"":{""score"":19.231887785019467},""BR2_compression"":{""score"":50.33200474314703},""BR3_retest"":{""score"":50.0},""BR4_bo_age"":{""score"":50.0},""_score"":37.78},""risk"":{""R1_stop_clarity"":{""score"":47.90015003999456},""R2_stop_distance_pct"":{""value"":4.682307692307702,""score"":100.0},""R3_stop_distance_atr"":{""value"":0.8403068010242495,""score"":67.01534005121248},""R4_rr_potential"":{""value"":3.57351733201905,""score"":100.0},""_score"":76.82},""market"":{""M1_spy_regime"":{""score"":100.0},""M3_earnings_risk"":{""value"":null,""score"":80.0},""M4_vix"":{""value"":null,""score"":60.0},""_score"":84.0},""liquidity"":{""L1_price"":{""value"":162.5,""score"":100.0},""L2_dollar_vol"":{""value"":78621468.9102375,""score"":94.77705768118084},""L3_spread_proxy"":{""value"":0.03913846153846162,""score"":60.86153846153838},""L4_volume_zscore"":{""value"":-1.9092282012095267,""score"":100.0},""_score"":94.0},""pattern_structure"":{""left_low"":164.61,""left_idx"":26,""right_low"":157.25,""right_idx"":74,""separation_bars"":48,""structural_low"":157.25,""current_price"":162.71,""neckline_distance_pct"":0.06612992440538375,""base_bars"":48},""pattern_geometry_features"":{""low_similarity_pct"":0.04573417013608409,""bounce_pct"":0.10314785373608902,""right_bottom_reaction"":0.6610526315789444,""atr_pct"":0.05572140659340659},""_schema_version"":""1.0""}",,,,,,,,,,
20260520T193044Z-73e07b,2026-05-20T19:30:44.960382+00:00,NG,double_bottom,absent,43.51,13.3,44.4,60.0,41.0,20.7,46.9,70.9,84.0,82.9,2.0,11.09,4.8,5.73,2.7,3.75,4.26,5.04,4.14,False,,7.985,8.29,7.5549,8.91,"{""trend"":{""T1_ema_stack"":{""value"":[false,false,true],""score"":33.33333333333333},""T2_ema50_slope"":{""value"":-0.46065547512345806,""score"":0},""T3_high_proximity"":{""value"":0.5623239436619719,""score"":0},""T4_rs_1m"":{""value"":-0.2014111512403166,""score"":0},""T5_rs_3m"":{""value"":-0.3689551609563879,""score"":0},""T6_adr_healthy"":{""value"":5.129406835434345,""score"":100.0},""_score"":13.33},""geometry"":{""sub_low_similarity"":9.5,""sub_bounce_quality"":72.6,""sub_separation_fit"":100.0,""sub_right_bottom_reaction"":40.0,""sub_base_context"":30.0,""_score"":44.37},""compression"":{""VC1_atr_ratio"":{""value"":0.42932810562360635,""score"":100},""VC2_range_contraction"":{""value"":0.9578419670555712,""score"":7.026338824071463},""VC3_range_pct_rank"":{""score"":70.0},""_score"":59.96},""sr_quality"":{""SR1_touches"":{""value"":2,""score"":25.0},""SR2_tightness"":{""value"":0.09499999999999975,""score"":63.23885073038609},""SR3_recency"":{""value"":255,""score"":0.0},""SR4_price_location"":{""score"":35.901926444833684},""SR5_reaction"":{""value"":2.6555093353971184,""score"":100},""_score"":40.96,""_levels_found"":6,""_target_level"":8.595},""volume"":{""V1_rvol_day"":{""value"":0.9636692245865182,""score"":30.91128163910121},""V2_rvol_sameslot"":{""value"":0.771013829283098,""score"":18.067588618873202,""status"":""ok""},""V3_breakout_bar"":{""value"":0.6080565641711929,""score"":7.203770944746195},""V4_base_dryup"":{""value"":1.0426732683448288,""score"":45.73267316551713},""V5_bo_expansion"":{""value"":0.963669224586518,""score"":0},""_score"":20.74},""readiness"":{""_distance_atr"":0.59,""BR1_atr_distance"":{""score"":60.659120957079885},""BR2_compression"":{""score"":20.648434984322435},""BR3_retest"":{""score"":50.0},""BR4_bo_age"":{""score"":50.0},""_score"":46.93},""risk"":{""R1_stop_clarity"":{""score"":55.48031343716741},""R2_stop_distance_pct"":{""value"":5.38572323105824,""score"":100.0},""R3_stop_distance_atr"":{""value"":0.8320595917577644,""score"":66.60297958788823},""R4_rr_potential"":{""value"":2.1509126845715545,""score"":57.545634228577725},""_score"":70.92},""market"":{""M1_spy_regime"":{""score"":100.0},""M3_earnings_risk"":{""value"":null,""score"":80.0},""M4_vix"":{""value"":null,""score"":60.0},""_score"":84.0},""liquidity"":{""L1_price"":{""value"":7.985,""score"":98.9925},""L2_dollar_vol"":{""value"":23918030.324892495,""score"":68.93627060893803},""L3_spread_proxy"":{""value"":0.04445835942391979,""score"":55.54164057608021},""L4_volume_zscore"":{""value"":-0.07073651461188174,""score"":100.0},""_score"":82.88},""pattern_structure"":{""left_low"":8.025,""left_idx"":58,""right_low"":7.67,""right_idx"":73,""separation_bars"":15,""structural_low"":7.67,""current_price"":7.98,""neckline_distance_pct"":0.038847117794486054,""base_bars"":15},""pattern_geometry_features"":{""low_similarity_pct"":0.04523733673144319,""bounce_pct"":0.08083441981747057,""right_bottom_reaction"":0.40000000000000235,""atr_pct"":0.06472761427676893},""_schema_version"":""1.0""}",,,,,,,,,,
20260520T193044Z-73e07b,2026-05-20T19:30:44.960382+00:00,HBAN,vcp,absent,43.5,18.1,45.7,44.4,56.5,14.9,31.2,65.0,84.0,96.8,2.72,11.42,5.33,6.78,1.93,2.18,3.25,5.04,4.84,True,risk_unclear,15.7772,16.796,14.9424,21.081,"{""trend"":{""T1_ema_stack"":{""value"":[false,false,false],""score"":0.0},""T2_ema50_slope"":{""value"":-0.077170133976206,""score"":37.13831100396567},""T3_high_proximity"":{""value"":0.8760244308717379,""score"":38.01221543586891},""T4_rs_1m"":{""value"":-0.12207263303836513,""score"":0},""T5_rs_3m"":{""value"":-0.19802483882753652,""score"":0},""T6_adr_healthy"":{""value"":2.3392455579498805,""score"":100.0},""_score"":18.13},""geometry"":{""sub_contraction_count"":100.0,""sub_reduction_rate"":0,""sub_pivot_tightness"":4.6,""sub_volume_dryup"":0,""sub_base_depth"":100.0,""sub_base_duration"":100.0,""_score"":45.69},""compression"":{""VC1_atr_ratio"":{""value"":0.47578440131026867,""score"":100},""VC2_range_contraction"":{""value"":1.0153088368615992,""score"":0},""VC3_range_pct_rank"":{""score"":17.500000000000004},""_score"":44.38},""sr_quality"":{""SR1_touches"":{""value"":3,""score"":50.0},""SR2_tightness"":{""value"":0.07575545451575626,""score"":58.97983511040075},""SR3_recency"":{""value"":243,""score"":0.0},""SR4_price_location"":{""score"":70.74552957359029},""SR5_reaction"":{""value"":2.0756784632243948,""score"":100},""_score"":56.53,""_levels_found"":6,""_target_level"":16.1317},""volume"":{""V1_rvol_day"":{""value"":0.3633184313144235,""score"":0},""V2_rvol_sameslot"":{""value"":0.33531857154988093,""score"":0,""status"":""ok""},""V3_breakout_bar"":{""value"":0.6957686805231829,""score"":13.051245368212191},""V4_base_dryup"":{""value"":0.9203415283269617,""score"":57.96584716730383},""V5_bo_expansion"":{""value"":0.36331843131442343,""score"":0},""_score"":14.86},""readiness"":{""_distance_atr"":2.758,""BR1_atr_distance"":{""score"":0},""BR2_compression"":{""score"":54.744192587607564},""BR3_retest"":{""score"":50.0},""BR4_bo_age"":{""score"":50.0},""_score"":31.19},""risk"":{""R1_stop_clarity"":{""score"":0},""R2_stop_distance_pct"":{""value"":5.2908627639885495,""score"":100.0},""R3_stop_distance_atr"":{""value"":2.2600077354476946,""score"":100.0},""R4_rr_potential"":{""value"":6.353758610362368,""score"":100.0},""_score"":65.0},""market"":{""M1_spy_regime"":{""score"":100.0},""M3_earnings_risk"":{""value"":null,""score"":80.0},""M4_vix"":{""value"":null,""score"":60.0},""_score"":84.0},""liquidity"":{""L1_price"":{""value"":15.7772,""score"":100.0},""L2_dollar_vol"":{""value"":116521130.78211284,""score"":100.0},""L3_spread_proxy"":{""value"":0.03200821438531545,""score"":67.99178561468455},""L4_volume_zscore"":{""value"":-1.611962991595585,""score"":100.0},""_score"":96.8},""pattern_structure"":{""n_contractions"":5,""contractions_pct"":[12.28,9.46,4.96,6.49,9.68],""descending_strict"":false,""final_low"":15.17,""final_pivot"":16.796,""structural_low"":15.17,""dry_up_ratio"":1.066016066095926,""current_price"":15.7772,""neckline_distance_pct"":0.06457419567477111,""base_bars"":68},""pattern_geometry_features"":{""contraction_count"":5.0,""first_contraction_pct"":0.1228475970187611,""last_contraction_pct"":0.0968087639914265,""dry_up_ratio"":1.066016066095926,""near_monotone"":0.0,""base_depth_pct"":0.2202518632742225},""_schema_version"":""1.0""}",,,,,,,,,,
20260520T193044Z-73e07b,2026-05-20T19:30:44.960382+00:00,AIR,double_bottom,setup,43.5,26.1,36.4,44.2,45.6,22.9,60.3,56.4,84.0,86.7,3.92,9.1,3.53,6.39,2.98,4.82,3.38,5.04,4.34,False,,106.8,106.0813,98.1257,112.5426,"{""trend"":{""T1_ema_stack"":{""value"":[false,false,true],""score"":33.33333333333333},""T2_ema50_slope"":{""value"":-0.022666916295140414,""score"":46.222180617476596},""T3_high_proximity"":{""value"":0.8476863243114533,""score"":23.843162155726628},""T4_rs_1m"":{""value"":-0.13536034263076835,""score"":0},""T5_rs_3m"":{""value"":-0.1576263839890888,""score"":0},""T6_adr_healthy"":{""value"":3.6337508299204098,""score"":100.0},""_score"":26.15},""geometry"":{""sub_low_similarity"":21.9,""sub_bounce_quality"":49.8,""sub_separation_fit"":80.0,""sub_right_bottom_reaction"":12.4,""sub_base_context"":30.0,""_score"":36.39},""compression"":{""VC1_atr_ratio"":{""value"":0.5378792374384797,""score"":100},""VC2_range_contraction"":{""value"":1.0635672737205686,""score"":0},""VC3_range_pct_rank"":{""score"":16.666666666666664},""_score"":44.17},""sr_quality"":{""SR1_touches"":{""value"":2,""score"":25.0},""SR2_tightness"":{""value"":1.0400000000000063,""score"":54.91652900622813},""SR3_recency"":{""value"":267,""score"":0.0},""SR4_price_location"":{""score"":62.36755571793934},""SR5_reaction"":{""value"":1.9062938816837545,""score"":95.31469408418772},""_score"":45.63,""_levels_found"":5,""_target_level"":108.86},""volume"":{""V1_rvol_day"":{""value"":0.8958678830071886,""score"":26.391192200479235},""V2_rvol_sameslot"":{""value"":1.0197140686617092,""score"":34.64760457744728,""status"":""ok""},""V3_breakout_bar"":{""value"":0.7980129901292248,""score"":19.86753267528165},""V4_base_dryup"":{""value"":1.2133547646695106,""score"":28.664523533048936},""V5_bo_expansion"":{""value"":0.8958678830071883,""score"":0},""_score"":22.91},""readiness"":{""_distance_atr"":-0.156,""BR1_atr_distance"":{""score"":100.0},""BR2_compression"":{""score"":11.076892122076762},""BR3_retest"":{""score"":50.0},""BR4_bo_age"":{""score"":50.0},""_score"":60.27},""risk"":{""R1_stop_clarity"":{""score"":35.22285509039163},""R2_stop_distance_pct"":{""value"":8.122003745318342,""score"":96.94990636704146},""R3_stop_distance_atr"":{""value"":1.8801324636599634,""score"":100.0},""R4_rr_potential"":{""value"":0.6620246014087596,""score"":0.0},""_score"":56.41},""market"":{""M1_spy_regime"":{""score"":100.0},""M3_earnings_risk"":{""value"":null,""score"":80.0},""M4_vix"":{""value"":null,""score"":60.0},""_score"":84.0},""liquidity"":{""L1_price"":{""value"":106.8,""score"":100.0},""L2_dollar_vol"":{""value"":37528685.509656,""score"":78.71816764791149},""L3_spread_proxy"":{""value"":0.047425093632958784,""score"":52.574906367041216},""L4_volume_zscore"":{""value"":-0.43047810247515633,""score"":100.0},""_score"":86.74},""pattern_structure"":{""left_low"":103.59,""left_idx"":62,""right_low"":99.62,""right_idx"":69,""separation_bars"":7,""structural_low"":99.62,""current_price"":106.94,""neckline_distance_pct"":-0.008029736300729371,""base_bars"":7},""pattern_geometry_features"":{""low_similarity_pct"":0.03907288027164016,""bounce_pct"":0.06485946597068856,""right_bottom_reaction"":0.12403100775193611,""atr_pct"":0.04319910379882291},""_schema_version"":""1.0""}",,,,,,,,,,
20260520T193044Z-73e07b,2026-05-20T19:30:44.960382+00:00,QTWO,vcp,forming,43.48,15.1,50.3,49.5,44.5,15.0,37.0,78.5,84.0,76.8,2.27,12.59,5.94,5.34,1.95,2.59,3.92,5.04,3.84,False,,46.86,53.98,43.7882,62.525,"{""trend"":{""T1_ema_stack"":{""value"":[false,false,false],""score"":0.0},""T2_ema50_slope"":{""value"":-0.16547568564250298,""score"":22.420719059582833},""T3_high_proximity"":{""value"":0.8753969736596301,""score"":37.698486829815025},""T4_rs_1m"":{""value"":-0.1551133945091041,""score"":0},""T5_rs_3m"":{""value"":-0.17551861080441233,""score"":0},""T6_adr_healthy"":{""value"":4.864842129955077,""score"":100.0},""_score"":15.14},""geometry"":{""sub_contraction_count"":100.0,""sub_reduction_rate"":0,""sub_pivot_tightness"":0,""sub_volume_dryup"":35.6,""sub_base_depth"":100.0,""sub_base_duration"":100.0,""_score"":50.34},""compression"":{""VC1_atr_ratio"":{""value"":0.44056078172145613,""score"":100},""VC2_range_contraction"":{""value"":0.9935459446518261,""score"":1.0756758913623155},""VC3_range_pct_rank"":{""score"":36.66666666666667},""_score"":49.54},""sr_quality"":{""SR1_touches"":{""value"":3,""score"":50.0},""SR2_tightness"":{""value"":0.12970050972229244,""score"":88.74437977525797},""SR3_recency"":{""value"":254,""score"":0.0},""SR4_price_location"":{""score"":4.768786127167756},""SR5_reaction"":{""value"":2.400958126928676,""score"":100},""_score"":44.5,""_levels_found"":7,""_target_level"":51.2533},""volume"":{""V1_rvol_day"":{""value"":0.22580101131060193,""score"":0},""V2_rvol_sameslot"":{""value"":0.2693758197908538,""score"":0,""status"":""ok""},""V3_breakout_bar"":{""value"":0.323712252172667,""score"":0},""V4_base_dryup"":{""value"":0.7508259428172164,""score"":74.91740571827836},""V5_bo_expansion"":{""value"":0.22580101131060193,""score"":0},""_score"":14.98},""readiness"":{""_distance_atr"":3.089,""BR1_atr_distance"":{""score"":0},""BR2_compression"":{""score"":77.86484191623511},""BR3_retest"":{""score"":50.0},""BR4_bo_age"":{""score"":50.0},""_score"":36.97},""risk"":{""R1_stop_clarity"":{""score"":42.13184687990766},""R2_stop_distance_pct"":{""value"":6.5553243704652235,""score"":100.0},""R3_stop_distance_atr"":{""value"":1.33288973462398,""score"":91.64448673119901},""R4_rr_potential"":{""value"":5.099574357263183,""score"":100.0},""_score"":78.49},""market"":{""M1_spy_regime"":{""score"":100.0},""M3_earnings_risk"":{""value"":null,""score"":80.0},""M4_vix"":{""value"":null,""score"":60.0},""_score"":84.0},""liquidity"":{""L1_price"":{""value"":46.86,""score"":100.0},""L2_dollar_vol"":{""value"":11260582.874917861,""score"":52.578043561329444},""L3_spread_proxy"":{""value"":0.0422535211267605,""score"":57.7464788732395},""L4_volume_zscore"":{""value"":-1.2941908970211577,""score"":100.0},""_score"":76.81},""pattern_structure"":{""n_contractions"":5,""contractions_pct"":[9.81,13.05,12.39,13.74,17.65],""descending_strict"":false,""final_low"":44.455,""final_pivot"":53.98,""structural_low"":44.455,""dry_up_ratio"":0.8218301066038691,""current_price"":46.86,""neckline_distance_pct"":0.1519419547588561,""base_bars"":46},""pattern_geometry_features"":{""contraction_count"":5.0,""first_contraction_pct"":0.09811320754716986,""last_contraction_pct"":0.17645424231196738,""dry_up_ratio"":0.8218301066038691,""near_monotone"":0.0,""base_depth_pct"":0.16122641509433966},""_schema_version"":""1.0""}",,,,,,,,,,
20260520T193044Z-73e07b,2026-05-20T19:30:44.960382+00:00,GENI,breakout_retest_hold,setup,43.46,30.6,32.0,40.0,41.4,16.1,67.2,64.4,84.0,77.5,4.29,7.04,2.4,5.8,2.09,12.1,3.22,4.2,2.33,False,,5.06,4.79,4.8262,4.62,"{""trend"":{""T1_ema_stack"":{""value"":[true,false,false],""score"":33.33333333333333},""T2_ema50_slope"":{""value"":-0.5503889742691959,""score"":0},""T3_high_proximity"":{""value"":0.7820710973724884,""score"":0},""T4_rs_1m"":{""value"":0.03638815481622926,""score"":86.38815481622926},""T5_rs_3m"":{""value"":-0.29251001386479014,""score"":0},""T6_adr_healthy"":{""value"":7.017210556825951,""score"":100.0},""_score"":30.61},""geometry"":{""sub_retest_depth"":0.0,""sub_retest_timing"":60.0,""sub_retest_freshness"":100.0,""sub_hold_quality"":0.0,""_score"":32.0},""compression"":{""VC1_atr_ratio"":{""value"":0.7268029348005849,""score"":68.29926629985378},""VC2_range_contraction"":{""value"":1.6313290798987656,""score"":0},""VC3_range_pct_rank"":{""score"":50.83333333333333},""_score"":40.03},""sr_quality"":{""SR1_touches"":{""value"":3,""score"":50.0},""SR2_tightness"":{""value"":0.07494442385305695,""score"":60.49021185634895},""SR3_recency"":{""value"":271,""score"":0.0},""SR4_price_location"":{""score"":9.448818897637725},""SR5_reaction"":{""value"":2.407491088015263,""score"":100},""_score"":41.44,""_levels_found"":7,""_target_level"":5.635},""volume"":{""V1_rvol_day"":{""value"":0.48747015427758345,""score"":0},""V2_rvol_sameslot"":{""value"":0.2854280074347942,""score"":0,""status"":""ok""},""V3_breakout_bar"":{""value"":0.2958036398711259,""score"":0},""V4_base_dryup"":{""value"":0.6966405112429442,""score"":80.33594887570558},""V5_bo_expansion"":{""value"":0.4874701542775834,""score"":0},""_score"":16.07},""readiness"":{""_distance_atr"":-0.712,""BR1_atr_distance"":{""score"":45.765928603705404},""BR2_compression"":{""score"":97.63124057054816},""BR3_retest"":{""score"":100},""BR4_bo_age"":{""score"":30.0},""_score"":67.21},""risk"":{""R1_stop_clarity"":{""score"":74.29959331224579},""R2_stop_distance_pct"":{""value"":4.619565217391298,""score"":100.0},""R3_stop_distance_atr"":{""value"":0.6161507757192338,""score"":55.8075387859617},""R4_rr_potential"":{""value"":-1.882352941176471,""score"":0.0},""_score"":64.38},""market"":{""M1_spy_regime"":{""score"":100.0},""M3_earnings_risk"":{""value"":null,""score"":80.0},""M4_vix"":{""value"":null,""score"":60.0},""_score"":84.0},""liquidity"":{""L1_price"":{""value"":5.06,""score"":97.53},""L2_dollar_vol"":{""value"":14423446.676580258,""score"":57.95345266465088},""L3_spread_proxy"":{""value"":0.05019762845849794,""score"":49.802371541502055},""L4_volume_zscore"":{""value"":-0.9039497251564034,""score"":100.0},""_score"":77.54},""pattern_structure"":{""level"":4.79,""level_idx"":39,""breakout_idx"":64,""bo_peak_idx"":68,""bo_peak_price"":5.45,""retest_idx"":74,""retest_low"":4.875,""structural_low"":4.875,""current_price"":5.055,""neckline_distance_pct"":-0.05242334322453011,""base_bars"":40,""bars_since_breakout"":15},""pattern_geometry_features"":{""retest_depth_atr"":-0.6185674186505872,""bars_breakout_to_retest"":10.0,""bars_since_retest"":5.0,""current_above_level_atr"":1.9284748934400642,""bo_peak_excess_pct"":0.1377870563674322,""atr_pct"":0.07497459062676456},""_schema_version"":""1.0""}",,,,,,,,,,
20260520T193044Z-73e07b,2026-05-20T19:30:44.960382+00:00,TMC,vcp,absent,43.46,15.6,35.0,66.1,48.8,24.9,31.8,81.2,84.0,80.8,2.34,8.75,7.93,5.85,3.23,2.22,4.06,5.04,4.04,False,,5.06,5.8299,4.7969,11.0099,"{""trend"":{""T1_ema_stack"":{""value"":[false,false,false],""score"":0.0},""T2_ema50_slope"":{""value"":0.017473023183138467,""score"":52.91217053052308},""T3_high_proximity"":{""value"":0.7666666666666666,""score"":0},""T4_rs_1m"":{""value"":-0.10421834512336214,""score"":0},""T5_rs_3m"":{""value"":-0.2441532451569557,""score"":0},""T6_adr_healthy"":{""value"":6.946915612320229,""score"":100.0},""_score"":15.58},""geometry"":{""sub_contraction_count"":100.0,""sub_reduction_rate"":0,""sub_pivot_tightness"":0,""sub_volume_dryup"":0,""sub_base_depth"":0.0,""sub_base_duration"":100.0,""_score"":35.0},""compression"":{""VC1_atr_ratio"":{""value"":0.36804883158651713,""score"":100},""VC2_range_contraction"":{""value"":0.9530927609036054,""score"":7.817873182732435},""VC3_range_pct_rank"":{""score"":93.33333333333333},""_score"":66.07},""sr_quality"":{""SR1_touches"":{""value"":3,""score"":50.0},""SR2_tightness"":{""value"":0.03681787005729081,""score"":82.4072432232475},""SR3_recency"":{""value"":276,""score"":0.0},""SR4_price_location"":{""score"":25.59241706161134},""SR5_reaction"":{""value"":2.297575571407443,""score"":100},""_score"":48.76,""_levels_found"":6,""_target_level"":5.5833},""volume"":{""V1_rvol_day"":{""value"":0.6697918066097328,""score"":11.319453773982186},""V2_rvol_sameslot"":{""value"":0.8288841026225486,""score"":21.925606841503242,""status"":""ok""},""V3_breakout_bar"":{""value"":0.8617097005370847,""score"":24.11398003580565},""V4_base_dryup"":{""value"":0.8907213140655941,""score"":60.92786859344059},""V5_bo_expansion"":{""value"":0.6697918066097328,""score"":0},""_score"":24.86},""readiness"":{""_distance_atr"":1.839,""BR1_atr_distance"":{""score"":0},""BR2_compression"":{""score"":57.06069836830393},""BR3_retest"":{""score"":50.0},""BR4_bo_age"":{""score"":50.0},""_score"":31.77},""risk"":{""R1_stop_clarity"":{""score"":65.09437182156374},""R2_stop_distance_pct"":{""value"":5.19861660079051,""score"":100.0},""R3_stop_distance_atr"":{""value"":0.6284685484146212,""score"":56.42342742073105},""R4_rr_potential"":{""value"":22.618893746436065,""score"":100.0},""_score"":81.25},""market"":{""M1_spy_regime"":{""score"":100.0},""M3_earnings_risk"":{""value"":null,""score"":80.0},""M4_vix"":{""value"":null,""score"":60.0},""_score"":84.0},""liquidity"":{""L1_price"":{""value"":5.06,""score"":97.53},""L2_dollar_vol"":{""value"":18877032.02584716,""score"":63.79668563125307},""L3_spread_proxy"":{""value"":0.04150197628458498,""score"":58.49802371541502},""L4_volume_zscore"":{""value"":-0.7594375254853256,""score"":100.0},""_score"":80.75},""pattern_structure"":{""n_contractions"":5,""contractions_pct"":[43.98,16.94,39.86,13.11,16.47],""descending_strict"":false,""final_low"":4.87,""final_pivot"":5.8299,""structural_low"":4.87,""dry_up_ratio"":1.1703200371451337,""current_price"":5.06,""neckline_distance_pct"":0.1521541501976286,""base_bars"":67},""pattern_geometry_features"":{""contraction_count"":5.0,""first_contraction_pct"":0.4398009950248757,""last_contraction_pct"":0.16465119470316816,""dry_up_ratio"":1.1703200371451337,""near_monotone"":0.0,""base_depth_pct"":0.5154228855721393},""_schema_version"":""1.0""}",,,,,,,,,,
20260520T193044Z-73e07b,2026-05-20T19:30:44.960382+00:00,BILI,double_bottom,forming,43.46,5.0,54.9,7.4,40.8,48.5,28.5,72.1,84.0,94.9,0.75,13.72,0.59,5.71,6.3,2.28,4.32,5.04,4.74,False,,18.4099,20.0,18.0255,21.7,"{""trend"":{""T1_ema_stack"":{""value"":[false,false,false],""score"":0.0},""T2_ema50_slope"":{""value"":-0.613016157182945,""score"":0},""T3_high_proximity"":{""value"":0.6075874587458746,""score"":0},""T4_rs_1m"":{""value"":-0.2640260790374842,""score"":0},""T5_rs_3m"":{""value"":-0.48726657660791994,""score"":0},""T6_adr_healthy"":{""value"":3.4154136043184535,""score"":100.0},""_score"":5.0},""geometry"":{""sub_low_similarity"":21.8,""sub_bounce_quality"":89.9,""sub_separation_fit"":100.0,""sub_right_bottom_reaction"":62.4,""sub_base_context"":30.0,""_score"":54.88},""compression"":{""VC1_atr_ratio"":{""value"":0.9429951295647856,""score"":14.251217608803602},""VC2_range_contraction"":{""value"":1.7312714866073518,""score"":0},""VC3_range_pct_rank"":{""score"":6.666666666666665},""_score"":7.37},""sr_quality"":{""SR1_touches"":{""value"":3,""score"":50.0},""SR2_tightness"":{""value"":0.1367073110293988,""score"":72.07531071213657},""SR3_recency"":{""value"":275,""score"":0.0},""SR4_price_location"":{""score"":0},""SR5_reaction"":{""value"":2.456301613703346,""score"":100},""_score"":40.81,""_levels_found"":3,""_target_level"":24.2667},""volume"":{""V1_rvol_day"":{""value"":2.433235431280447,""score"":100},""V2_rvol_sameslot"":{""value"":1.559294347204473,""score"":70.61962314696486,""status"":""ok""},""V3_breakout_bar"":{""value"":0.34848990785047085,""score"":0},""V4_base_dryup"":{""value"":2.2854299519626586,""score"":0},""V5_bo_expansion"":{""value"":2.433235431280447,""score"":95.54902875202981},""_score"":48.46},""readiness"":{""_distance_atr"":1.624,""BR1_atr_distance"":{""score"":0},""BR2_compression"":{""score"":43.83353162674234},""BR3_retest"":{""score"":50.0},""BR4_bo_age"":{""score"":50.0},""_score"":28.46},""risk"":{""R1_stop_clarity"":{""score"":43.928915346231314},""R2_stop_distance_pct"":{""value"":2.088006996235718,""score"":100.0},""R3_stop_distance_atr"":{""value"":0.3925997256996115,""score"":44.629986284980575},""R4_rr_potential"":{""value"":8.559053069719052,""score"":100.0},""_score"":72.07},""market"":{""M1_spy_regime"":{""score"":100.0},""M3_earnings_risk"":{""value"":null,""score"":80.0},""M4_vix"":{""value"":null,""score"":60.0},""_score"":84.0},""liquidity"":{""L1_price"":{""value"":18.4099,""score"":100.0},""L2_dollar_vol"":{""value"":154864621.23846173,""score"":100.0},""L3_spread_proxy"":{""value"":0.05133107730080013,""score"":48.66892269919987},""L4_volume_zscore"":{""value"":1.6170057087325456,""score"":100.0},""_score"":94.87},""pattern_structure"":{""left_low"":19.03,""left_idx"":56,""right_low"":18.3,""right_idx"":68,""separation_bars"":12,""structural_low"":18.3,""current_price"":18.415,""neckline_distance_pct"":0.08607113765951675,""base_bars"":12},""pattern_geometry_features"":{""low_similarity_pct"":0.03911063487811414,""bounce_pct"":0.09289617486338794,""right_bottom_reaction"":0.6235294117647054,""atr_pct"":0.053184117551658895},""_schema_version"":""1.0""}",,,,,,,,,,
20260520T193044Z-73e07b,2026-05-20T19:30:44.960382+00:00,HUBS,bull_flag,forming,43.46,5.0,51.5,44.0,69.0,0.2,46.2,82.4,84.0,94.8,0.7,15.46,3.96,6.9,0.03,4.16,2.47,5.04,4.74,False,,204.3,225.58,193.1881,277.91,"{""trend"":{""T1_ema_stack"":{""value"":[false,false,false],""score"":0.0},""T2_ema50_slope"":{""value"":-0.510360821816009,""score"":0},""T3_high_proximity"":{""value"":0.6888993795521986,""score"":0},""T4_rs_1m"":{""value"":-0.16529599441686105,""score"":0},""T5_rs_3m"":{""value"":-0.22841117719544402,""score"":0},""T6_adr_healthy"":{""value"":6.068604862939294,""score"":100.0},""_score"":5.0},""geometry"":{""sub_pole_impulse"":55.4,""sub_flag_tightness"":37.2,""sub_flag_shallowness"":13.6,""sub_flag_drift"":86.1,""sub_flag_duration"":100.0,""_score"":51.55},""compression"":{""VC1_atr_ratio"":{""value"":0.6829657085165627,""score"":79.25857287085933},""VC2_range_contraction"":{""value"":1.1684481005775853,""score"":0},""VC3_range_pct_rank"":{""score"":49.16666666666667},""_score"":44.0},""sr_quality"":{""SR1_touches"":{""value"":4,""score"":75.0},""SR2_tightness"":{""value"":3.79975883280768,""score"":60.38141736334446},""SR3_recency"":{""value"":238,""score"":0.0},""SR4_price_location"":{""score"":89.812555717168},""SR5_reaction"":{""value"":2.2999994786697724,""score"":100},""_score"":69.01,""_levels_found"":4,""_target_level"":210.8137},""volume"":{""V1_rvol_day"":{""value"":0.36658724711215995,""score"":0},""V2_rvol_sameslot"":{""value"":0.4314433668187306,""score"":0,""status"":""ok""},""V3_breakout_bar"":{""value"":0.5114083617173301,""score"":0.7605574478220041},""V4_base_dryup"":{""value"":2.205339314178848,""score"":0},""V5_bo_expansion"":{""value"":0.36658724711216006,""score"":0},""_score"":0.19},""readiness"":{""_distance_atr"":1.109,""BR1_atr_distance"":{""score"":26.040618575691084},""BR2_compression"":{""score"":73.21909702938957},""BR3_retest"":{""score"":50.0},""BR4_bo_age"":{""score"":50.0},""_score"":46.22},""risk"":{""R1_stop_clarity"":{""score"":69.32545082031321},""R2_stop_distance_pct"":{""value"":5.439035731767013,""score"":100.0},""R3_stop_distance_atr"":{""value"":0.5792995407080709,""score"":53.96497703540355},""R4_rr_potential"":{""value"":6.624399857810732,""score"":100.0},""_score"":82.36},""market"":{""M1_spy_regime"":{""score"":100.0},""M3_earnings_risk"":{""value"":null,""score"":80.0},""M4_vix"":{""value"":null,""score"":60.0},""_score"":84.0},""liquidity"":{""L1_price"":{""value"":204.3,""score"":100.0},""L2_dollar_vol"":{""value"":147090963.5490024,""score"":100.0},""L3_spread_proxy"":{""value"":0.05199363680861476,""score"":48.00636319138524},""L4_volume_zscore"":{""value"":-0.9432456812049803,""score"":100.0},""_score"":94.8},""pattern_structure"":{""pole_low"":173.25,""pole_low_idx"":24,""peak_price"":225.58,""peak_idx"":48,""pole_gain"":0.3020490620490621,""flag_bars"":11,""flag_low"":196.13,""flag_high"":221.79,""structural_low"":196.13,""current_price"":204.2,""neckline_distance_pct"":0.10470127326150845,""base_bars"":11},""pattern_geometry_features"":{""pole_gain"":0.3020490620490621,""pullback_pct"":0.13055235393208625,""flag_range_pct"":0.11375121907970563,""flag_drift_per_bar"":-0.002772460154928263,""atr_pct"":0.09388986784140972,""pole_atr_multiple"":3.217057058374564},""_schema_version"":""1.0""}",,,,,,,,,,
20260520T193044Z-73e07b,2026-05-20T19:30:44.960382+00:00,CNR,double_bottom,absent,43.45,14.3,33.3,62.0,63.8,19.4,38.5,68.5,84.0,86.7,2.15,8.32,4.96,8.93,2.52,3.08,4.11,5.04,4.33,False,,83.16,87.76,81.2822,93.0,"{""trend"":{""T1_ema_stack"":{""value"":[false,false,true],""score"":33.33333333333333},""T2_ema50_slope"":{""value"":-0.26974050218675855,""score"":5.043249635540242},""T3_high_proximity"":{""value"":0.7344343371897907,""score"":0},""T4_rs_1m"":{""value"":-0.1137128222046756,""score"":0},""T5_rs_3m"":{""value"":-0.1576962105547115,""score"":0},""T6_adr_healthy"":{""value"":3.865427888180639,""score"":100.0},""_score"":14.34},""geometry"":{""sub_low_similarity"":17.2,""sub_bounce_quality"":47.9,""sub_separation_fit"":0.0,""sub_right_bottom_reaction"":83.7,""sub_base_context"":30.0,""_score"":33.3},""compression"":{""VC1_atr_ratio"":{""value"":0.3211543187190685,""score"":100},""VC2_range_contraction"":{""value"":0.9625881768082145,""score"":6.235303865297581},""VC3_range_pct_rank"":{""score"":79.16666666666666},""_score"":61.97},""sr_quality"":{""SR1_touches"":{""value"":8,""score"":100},""SR2_tightness"":{""value"":0.8601153629019787,""score"":52.018747312861535},""SR3_recency"":{""value"":227,""score"":0.0},""SR4_price_location"":{""score"":43.92949933291209},""SR5_reaction"":{""value"":2.4322116629808948,""score"":100},""_score"":63.79,""_levels_found"":6,""_target_level"":85.1562},""volume"":{""V1_rvol_day"":{""value"":0.5127310872767589,""score"":0.8487391517839246},""V2_rvol_sameslot"":{""value"":0.6695590090686457,""score"":11.303933937909715,""status"":""ok""},""V3_breakout_bar"":{""value"":1.1025811596841528,""score"":40.172077312276855},""V4_base_dryup"":{""value"":1.1524595579920212,""score"":34.75404420079788},""V5_bo_expansion"":{""value"":0.5127310872767589,""score"":0},""_score"":19.42},""readiness"":{""_distance_atr"":1.283,""BR1_atr_distance"":{""score"":14.463504207093763},""BR2_compression"":{""score"":60.85638797511602},""BR3_retest"":{""score"":50.0},""BR4_bo_age"":{""score"":50.0},""_score"":38.5},""risk"":{""R1_stop_clarity"":{""score"":30.949734026656685},""R2_stop_distance_pct"":{""value"":2.2580567580567674,""score"":100.0},""R3_stop_distance_atr"":{""value"":0.5237622776084337,""score"":51.18811388042168},""R4_rr_potential"":{""value"":5.240174672489071,""score"":100.0},""_score"":68.51},""market"":{""M1_spy_regime"":{""score"":100.0},""M3_earnings_risk"":{""value"":null,""score"":80.0},""M4_vix"":{""value"":null,""score"":60.0},""_score"":84.0},""liquidity"":{""L1_price"":{""value"":83.16,""score"":100.0},""L2_dollar_vol"":{""value"":30879842.047361996,""score"":74.48375351107592},""L3_spread_proxy"":{""value"":0.031024531024531007,""score"":68.975468975469},""L4_volume_zscore"":{""value"":-1.8245044609566197,""score"":100.0},""_score"":86.69},""pattern_structure"":{""left_low"":86.01,""left_idx"":28,""right_low"":82.52,""right_idx"":76,""separation_bars"":48,""structural_low"":82.52,""current_price"":83.17,""neckline_distance_pct"":0.05518816881086935,""base_bars"":48},""pattern_geometry_features"":{""low_similarity_pct"":0.04141695840503185,""bounce_pct"":0.06349975763451296,""right_bottom_reaction"":0.8365384615384647,""atr_pct"":0.043112244897959166},""_schema_version"":""1.0""}",,,,,,,,,,
20260520T193044Z-73e07b,2026-05-20T19:30:44.960382+00:00,IE,vcp,absent,43.42,19.3,35.0,43.1,76.9,23.8,28.8,63.5,84.0,81.1,2.89,8.75,5.18,9.23,3.09,2.02,3.18,5.04,4.06,False,,12.03,15.665,11.9776,25.055,"{""trend"":{""T1_ema_stack"":{""value"":[false,false,true],""score"":33.33333333333333},""T2_ema50_slope"":{""value"":-0.1214143439168924,""score"":29.764276013851266},""T3_high_proximity"":{""value"":0.6998254799301918,""score"":0},""T4_rs_1m"":{""value"":-0.21520530683151906,""score"":0},""T5_rs_3m"":{""value"":-0.29869846452781657,""score"":0},""T6_adr_healthy"":{""value"":6.286168511490928,""score"":100.0},""_score"":19.29},""geometry"":{""sub_contraction_count"":100.0,""sub_reduction_rate"":0,""sub_pivot_tightness"":0,""sub_volume_dryup"":0,""sub_base_depth"":0.0,""sub_base_duration"":100.0,""_score"":35.0},""compression"":{""VC1_atr_ratio"":{""value"":0.7249814938934457,""score"":68.75462652663857},""VC2_range_contraction"":{""value"":1.1592973181106618,""score"":0},""VC3_range_pct_rank"":{""score"":62.5},""_score"":43.13},""sr_quality"":{""SR1_touches"":{""value"":5,""score"":100},""SR2_tightness"":{""value"":0.19679522351927137,""score"":57.10419627938066},""SR3_recency"":{""value"":239,""score"":0.0},""SR4_price_location"":{""score"":93.30717672061465},""SR5_reaction"":{""value"":2.1342706119557517,""score"":100},""_score"":76.89,""_levels_found"":5,""_target_level"":12.2347},""volume"":{""V1_rvol_day"":{""value"":0.895563295729025,""score"":26.370886381935005},""V2_rvol_sameslot"":{""value"":0.6930222016993005,""score"":12.868146779953369,""status"":""ok""},""V3_breakout_bar"":{""value"":0.6788393822614222,""score"":11.92262548409481},""V4_base_dryup"":{""value"":0.8540493240881136,""score"":64.59506759118864},""V5_bo_expansion"":{""value"":0.8955632957290249,""score"":0},""_score"":23.75},""readiness"":{""_distance_atr"":3.962,""BR1_atr_distance"":{""score"":0},""BR2_compression"":{""score"":45.2636697775492},""BR3_retest"":{""score"":50.0},""BR4_bo_age"":{""score"":50.0},""_score"":28.82},""risk"":{""R1_stop_clarity"":{""score"":60.24194866764766},""R2_stop_distance_pct"":{""value"":0.4355777223607537,""score"":60.889443059018845},""R3_stop_distance_atr"":{""value"":0.057108604435724124,""score"":27.855430221786204},""R4_rr_potential"":{""value"":248.56870229008265,""score"":100.0},""_score"":63.53},""market"":{""M1_spy_regime"":{""score"":100.0},""M3_earnings_risk"":{""value"":null,""score"":80.0},""M4_vix"":{""value"":null,""score"":60.0},""_score"":84.0},""liquidity"":{""L1_price"":{""value"":12.03,""score"":100.0},""L2_dollar_vol"":{""value"":20698871.93868243,""score"":65.79733388116722},""L3_spread_proxy"":{""value"":0.051953449709060684,""score"":48.046550290939315},""L4_volume_zscore"":{""value"":-0.3618374815270669,""score"":100.0},""_score"":81.12},""pattern_structure"":{""n_contractions"":5,""contractions_pct"":[23.16,20.16,22.96,28.5,22.37],""descending_strict"":false,""final_low"":12.16,""final_pivot"":15.665,""structural_low"":12.16,""dry_up_ratio"":1.0440619991629705,""current_price"":12.03,""neckline_distance_pct"":0.3021612635078969,""base_bars"":62},""pattern_geometry_features"":{""contraction_count"":5.0,""first_contraction_pct"":0.23155452436194904,""last_contraction_pct"":0.22374720714969673,""dry_up_ratio"":1.0440619991629705,""near_monotone"":0.0,""base_depth_pct"":0.4357308584686775},""_schema_version"":""1.0""}",,,,,,,,,,
20260520T193044Z-73e07b,2026-05-20T19:30:44.960382+00:00,AXON,bull_flag,absent,43.39,13.3,36.5,50.2,70.7,14.1,54.0,79.1,84.0,95.1,1.87,10.94,4.52,7.07,1.97,4.86,2.37,5.04,4.76,False,,397.33,414.5,376.27,463.0,"{""trend"":{""T1_ema_stack"":{""value"":[true,false,false],""score"":33.33333333333333},""T2_ema50_slope"":{""value"":-0.3972479045256277,""score"":0},""T3_high_proximity"":{""value"":0.6861282356801187,""score"":0},""T4_rs_1m"":{""value"":-0.07052833154135718,""score"":0},""T5_rs_3m"":{""value"":-0.18117162942625697,""score"":0},""T6_adr_healthy"":{""value"":5.695375446246507,""score"":100.0},""_score"":13.33},""geometry"":{""sub_pole_impulse"":27.0,""sub_flag_tightness"":13.4,""sub_flag_shallowness"":0,""sub_flag_drift"":100,""sub_flag_duration"":100.0,""_score"":36.45},""compression"":{""VC1_atr_ratio"":{""value"":0.4043715662158299,""score"":100},""VC2_range_contraction"":{""value"":1.3730383330747264,""score"":0},""VC3_range_pct_rank"":{""score"":40.833333333333336},""_score"":50.21},""sr_quality"":{""SR1_touches"":{""value"":5,""score"":100},""SR2_tightness"":{""value"":3.271657638812473,""score"":74.15200999571414},""SR3_recency"":{""value"":237,""score"":0.0},""SR4_price_location"":{""score"":58.38911495770213},""SR5_reaction"":{""value"":2.585765526613101,""score"":100},""_score"":70.72,""_levels_found"":4,""_target_level"":414.6621},""volume"":{""V1_rvol_day"":{""value"":0.5981487393474927,""score"":6.543249289832846},""V2_rvol_sameslot"":{""value"":0.5245313777611055,""score"":1.6354251840736984,""status"":""ok""},""V3_breakout_bar"":{""value"":0.6520774501044322,""score"":10.138496673628811},""V4_base_dryup"":{""value"":1.0047628729868323,""score"":49.52371270131677},""V5_bo_expansion"":{""value"":0.5981487393474927,""score"":0},""_score"":14.08},""readiness"":{""_distance_atr"":0.678,""BR1_atr_distance"":{""score"":54.78235221308383},""BR2_compression"":{""score"":58.13974691336592},""BR3_retest"":{""score"":50.0},""BR4_bo_age"":{""score"":50.0},""_score"":53.95},""risk"":{""R1_stop_clarity"":{""score"":54.72968168566741},""R2_stop_distance_pct"":{""value"":5.300380036745275,""score"":100.0},""R3_stop_distance_atr"":{""value"":0.8319309805408739,""score"":66.5965490270437},""R4_rr_potential"":{""value"":3.1182336182336186,""score"":100.0},""_score"":79.14},""market"":{""M1_spy_regime"":{""score"":100.0},""M3_earnings_risk"":{""value"":null,""score"":80.0},""M4_vix"":{""value"":null,""score"":60.0},""_score"":84.0},""liquidity"":{""L1_price"":{""value"":397.33,""score"":100.0},""L2_dollar_vol"":{""value"":279798291.95377403,""score"":100.0},""L3_spread_proxy"":{""value"":0.048863664963632154,""score"":51.136335036367846},""L4_volume_zscore"":{""value"":-0.9145771658303503,""score"":100.0},""_score"":95.11},""pattern_structure"":{""pole_low"":366.0,""pole_low_idx"":30,""peak_price"":414.5,""peak_idx"":42,""pole_gain"":0.1325136612021858,""flag_bars"":17,""flag_low"":382.0,""flag_high"":410.55,""structural_low"":382.0,""current_price"":397.87,""neckline_distance_pct"":0.04179757207127955,""base_bars"":17},""pattern_geometry_features"":{""pole_gain"":0.1325136612021858,""pullback_pct"":0.07840772014475271,""flag_range_pct"":0.06887816646562125,""flag_drift_per_bar"":0.0001311394942775978,""atr_pct"":0.06371177610550423,""pole_atr_multiple"":2.079892749854412},""_schema_version"":""1.0""}",,,,,,,,,,
20260520T193044Z-73e07b,2026-05-20T19:30:44.960382+00:00,AVAV,vcp,absent,43.36,5.0,39.5,74.5,51.0,14.9,30.1,78.0,84.0,94.0,0.75,9.88,8.94,6.11,1.93,2.11,3.9,5.04,4.7,False,,162.5,195.8499,153.66,317.7699,"{""trend"":{""T1_ema_stack"":{""value"":[false,false,false],""score"":0.0},""T2_ema50_slope"":{""value"":-0.7904769916365323,""score"":0},""T3_high_proximity"":{""value"":0.614064920832861,""score"":0},""T4_rs_1m"":{""value"":-0.27823221494274997,""score"":0},""T5_rs_3m"":{""value"":-0.5049853400159765,""score"":0},""T6_adr_healthy"":{""value"":5.0926555736672885,""score"":100.0},""_score"":5.0},""geometry"":{""sub_contraction_count"":100.0,""sub_reduction_rate"":0,""sub_pivot_tightness"":0,""sub_volume_dryup"":30.1,""sub_base_depth"":0.0,""sub_base_duration"":100.0,""_score"":39.52},""compression"":{""VC1_atr_ratio"":{""value"":0.3119030092010183,""score"":100},""VC2_range_contraction"":{""value"":0.7408242158790798,""score"":43.195964020153376},""VC3_range_pct_rank"":{""score"":77.5},""_score"":74.49},""sr_quality"":{""SR1_touches"":{""value"":2,""score"":25.0},""SR2_tightness"":{""value"":0.34250000000000114,""score"":92.43489195069345},""SR3_recency"":{""value"":252,""score"":0.0},""SR4_price_location"":{""score"":58.344968927048406},""SR5_reaction"":{""value"":2.777830368031859,""score"":100},""_score"":50.95,""_levels_found"":4,""_target_level"":175.0725},""volume"":{""V1_rvol_day"":{""value"":0.4608723213281965,""score"":0},""V2_rvol_sameslot"":{""value"":0.49074558780503597,""score"":0,""status"":""ok""},""V3_breakout_bar"":{""value"":0.712424719287892,""score"":14.161647952526133},""V4_base_dryup"":{""value"":0.9336917239184664,""score"":56.63082760815335},""V5_bo_expansion"":{""value"":0.4608723213281965,""score"":0},""_score"":14.87},""readiness"":{""_distance_atr"":3.683,""BR1_atr_distance"":{""score"":0},""BR2_compression"":{""score"":50.33200474314703},""BR3_retest"":{""score"":50.0},""BR4_bo_age"":{""score"":50.0},""_score"":30.08},""risk"":{""R1_stop_clarity"":{""score"":48.31429829086925},""R2_stop_distance_pct"":{""value"":5.440000000000002,""score"":100.0},""R3_stop_distance_atr"":{""value"":0.9762854767280241,""score"":73.8142738364012},""R4_rr_potential"":{""value"":17.56446832579185,""score"":100.0},""_score"":77.98},""market"":{""M1_spy_regime"":{""score"":100.0},""M3_earnings_risk"":{""value"":null,""score"":80.0},""M4_vix"":{""value"":null,""score"":60.0},""_score"":84.0},""liquidity"":{""L1_price"":{""value"":162.5,""score"":100.0},""L2_dollar_vol"":{""value"":78621468.9102375,""score"":94.77705768118084},""L3_spread_proxy"":{""value"":0.03913846153846162,""score"":60.86153846153838},""L4_volume_zscore"":{""value"":-1.9092282012095267,""score"":100.0},""_score"":94.0},""pattern_structure"":{""n_contractions"":5,""contractions_pct"":[15.88,34.2,13.09,11.32,20.35],""descending_strict"":false,""final_low"":156.0,""final_pivot"":195.8499,""structural_low"":156.0,""dry_up_ratio"":0.8497282053408136,""current_price"":162.5,""neckline_distance_pct"":0.20523015384615378,""base_bars"":64},""pattern_geometry_features"":{""contraction_count"":5.0,""first_contraction_pct"":0.1588226827864134,""last_contraction_pct"":0.20347163822907233,""dry_up_ratio"":0.8497282053408136,""near_monotone"":0.0,""base_depth_pct"":0.43868739205526774},""_schema_version"":""1.0""}",,,,,,,,,,
20260520T193044Z-73e07b,2026-05-20T19:30:44.960382+00:00,INOD,bull_flag,absent,43.32,88.9,26.6,4.6,47.1,7.4,56.4,69.0,84.0,91.0,12.45,7.98,0.41,4.71,1.04,5.08,2.07,5.04,4.55,False,,92.57,99.44,83.7349,113.545,"{""trend"":{""T1_ema_stack"":{""value"":[true,true,true],""score"":100.0},""T2_ema50_slope"":{""value"":0.7790869863756428,""score"":100},""T3_high_proximity"":{""value"":0.8915535009149571,""score"":45.776750457478535},""T4_rs_1m"":{""value"":0.9527635349323713,""score"":100},""T5_rs_3m"":{""value"":0.94725229034943,""score"":100},""T6_adr_healthy"":{""value"":10.358549875260097,""score"":41.03625311849757},""_score"":88.92},""geometry"":{""sub_pole_impulse"":6.0,""sub_flag_tightness"":0,""sub_flag_shallowness"":0,""sub_flag_drift"":98.7,""sub_flag_duration"":100.0,""_score"":26.61},""compression"":{""VC1_atr_ratio"":{""value"":1.8480465760562996,""score"":0},""VC2_range_contraction"":{""value"":2.1667376466889214,""score"":0},""VC3_range_pct_rank"":{""score"":18.333333333333336},""_score"":4.58},""sr_quality"":{""SR1_touches"":{""value"":4,""score"":75.0},""SR2_tightness"":{""value"":2.3074282220688924,""score"":62.563303090697985},""SR3_recency"":{""value"":301,""score"":0.0},""SR4_price_location"":{""score"":30.0},""SR5_reaction"":{""value"":1.0249780706611042,""score"":51.24890353305521},""_score"":47.07,""_levels_found"":3,""_target_level"":64.725},""volume"":{""V1_rvol_day"":{""value"":0.4656469002407172,""score"":0},""V2_rvol_sameslot"":{""value"":0.7539610274423728,""score"":16.930735162824853,""status"":""ok""},""V3_breakout_bar"":{""value"":0.7416540350677818,""score"":16.110269004518788},""V4_base_dryup"":{""value"":3.7307716454279576,""score"":0},""V5_bo_expansion"":{""value"":0.4656469002407172,""score"":0},""_score"":7.41},""readiness"":{""_distance_atr"":0.557,""BR1_atr_distance"":{""score"":62.846065978410294},""BR2_compression"":{""score"":55.13674904943648},""BR3_retest"":{""score"":50.0},""BR4_bo_age"":{""score"":50.0},""_score"":56.42},""risk"":{""R1_stop_clarity"":{""score"":79.31142403160264},""R2_stop_distance_pct"":{""value"":9.544290806956882,""score"":61.392729826077954},""R3_stop_distance_atr"":{""value"":0.7167261575782696,""score"":60.83630787891347},""R4_rr_potential"":{""value"":2.374040055913034,""score"":68.70200279565171},""_score"":69.04},""market"":{""M1_spy_regime"":{""score"":100.0},""M3_earnings_risk"":{""value"":null,""score"":80.0},""M4_vix"":{""value"":null,""score"":60.0},""_score"":84.0},""liquidity"":{""L1_price"":{""value"":92.57,""score"":100.0},""L2_dollar_vol"":{""value"":130734867.258262,""score"":100.0},""L3_spread_proxy"":{""value"":0.09049043966727882,""score"":9.509560332721179},""L4_volume_zscore"":{""value"":-0.3637533553145738,""score"":100.0},""_score"":90.95},""pattern_structure"":{""pole_low"":85.335,""pole_low_idx"":24,""peak_price"":99.44,""peak_idx"":42,""pole_gain"":0.1652897404347572,""flag_bars"":17,""flag_low"":85.01,""flag_high"":96.955,""structural_low"":85.01,""current_price"":92.455,""neckline_distance_pct"":0.07555026769779892,""base_bars"":17},""pattern_geometry_features"":{""pole_gain"":0.1652897404347572,""pullback_pct"":0.14511263073209968,""flag_range_pct"":0.12012268704746575,""flag_drift_per_bar"":-0.000269484571720612,""atr_pct"":0.1331650966835908,""pole_atr_multiple"":1.2412392177170621},""_schema_version"":""1.0""}",,,,,,,,,,
20260520T193044Z-73e07b,2026-05-20T19:30:44.960382+00:00,EXLS,bull_flag,absent,43.27,16.5,47.5,37.2,51.7,13.2,52.5,73.8,84.0,87.4,2.31,14.24,3.35,5.17,1.85,4.72,2.21,5.04,4.37,False,,29.305,30.42,27.8164,34.0,"{""trend"":{""T1_ema_stack"":{""value"":[false,false,false],""score"":0.0},""T2_ema50_slope"":{""value"":-0.18085135145908768,""score"":19.858108090152054},""T3_high_proximity"":{""value"":0.9003072196620584,""score"":50.15360983102918},""T4_rs_1m"":{""value"":-0.13226710124755114,""score"":0},""T5_rs_3m"":{""value"":-0.11823832086619213,""score"":0},""T6_adr_healthy"":{""value"":4.153941847315503,""score"":100.0},""_score"":16.49},""geometry"":{""sub_pole_impulse"":54.2,""sub_flag_tightness"":26.5,""sub_flag_shallowness"":0,""sub_flag_drift"":97.2,""sub_flag_duration"":100.0,""_score"":47.47},""compression"":{""VC1_atr_ratio"":{""value"":0.6882509444866195,""score"":77.93726387834512},""VC2_range_contraction"":{""value"":1.2988989603581707,""score"":0},""VC3_range_pct_rank"":{""score"":24.16666666666667},""_score"":37.22},""sr_quality"":{""SR1_touches"":{""value"":4,""score"":75.0},""SR2_tightness"":{""value"":0.20141297748655612,""score"":67.3721347471806},""SR3_recency"":{""value"":254,""score"":0.0},""SR4_price_location"":{""score"":16.230097586029895},""SR5_reaction"":{""value"":2.1147010327171736,""score"":100},""_score"":51.66,""_levels_found"":6,""_target_level"":31.3438},""volume"":{""V1_rvol_day"":{""value"":0.4546541372329105,""score"":0},""V2_rvol_sameslot"":{""value"":0.5309891542603113,""score"":2.0659436173540895,""status"":""ok""},""V3_breakout_bar"":{""value"":0.7303647919403691,""score"":15.357652796024604},""V4_base_dryup"":{""value"":1.0504076801562736,""score"":44.959231984372636},""V5_bo_expansion"":{""value"":0.4546541372329105,""score"":0},""_score"":13.24},""readiness"":{""_distance_atr"":0.903,""BR1_atr_distance"":{""score"":39.79191375702693},""BR2_compression"":{""score"":76.23608417396349},""BR3_retest"":{""score"":50.0},""BR4_bo_age"":{""score"":50.0},""_score"":52.48},""risk"":{""R1_stop_clarity"":{""score"":31.378981168098548},""R2_stop_distance_pct"":{""value"":5.079679235625326,""score"":100.0},""R3_stop_distance_atr"":{""value"":1.2057276750846142,""score"":85.28638375423071},""R4_rr_potential"":{""value"":3.1539701733172074,""score"":100.0},""_score"":73.78},""market"":{""M1_spy_regime"":{""score"":100.0},""M3_earnings_risk"":{""value"":null,""score"":80.0},""M4_vix"":{""value"":null,""score"":60.0},""_score"":84.0},""liquidity"":{""L1_price"":{""value"":29.305,""score"":100.0},""L2_dollar_vol"":{""value"":36440205.1933156,""score"":78.07904069012186},""L3_spread_proxy"":{""value"":0.03804811465620208,""score"":61.95188534379792},""L4_volume_zscore"":{""value"":-1.7898015481506402,""score"":100.0},""_score"":87.43},""pattern_structure"":{""pole_low"":26.84,""pole_low_idx"":27,""peak_price"":30.42,""peak_idx"":48,""pole_gain"":0.13338301043219083,""flag_bars"":11,""flag_low"":28.24,""flag_high"":30.03,""structural_low"":28.24,""current_price"":29.275,""neckline_distance_pct"":0.039111870196413434,""base_bars"":11},""pattern_geometry_features"":{""pole_gain"":0.13338301043219083,""pullback_pct"":0.07166337935568715,""flag_range_pct"":0.058842866535174315,""flag_drift_per_bar"":-0.0005558574644826315,""atr_pct"":0.04212957320788751,""pole_atr_multiple"":3.1660185536182652},""_schema_version"":""1.0""}",,,,,,,,,,
20260520T193044Z-73e07b,2026-05-20T19:30:44.960382+00:00,FTAI,vcp,absent,43.23,26.6,41.9,45.0,67.6,5.4,34.3,49.7,84.0,92.8,3.98,10.48,5.4,8.11,0.7,2.4,2.49,5.04,4.64,False,,239.31,278.0,214.8876,243.96,"{""trend"":{""T1_ema_stack"":{""value"":[false,false,true],""score"":33.33333333333333},""T2_ema50_slope"":{""value"":0.04217574094735128,""score"":57.02929015789188},""T3_high_proximity"":{""value"":0.7718681460456714,""score"":0},""T4_rs_1m"":{""value"":-0.0409280970312218,""score"":9.071902968778204},""T5_rs_3m"":{""value"":-0.2537819964763943,""score"":0},""T6_adr_healthy"":{""value"":6.500433352950226,""score"":100.0},""_score"":26.55},""geometry"":{""sub_contraction_count"":100.0,""sub_reduction_rate"":0,""sub_pivot_tightness"":0,""sub_volume_dryup"":46.1,""sub_base_depth"":0.0,""sub_base_duration"":100.0,""_score"":41.91},""compression"":{""VC1_atr_ratio"":{""value"":0.5897976707824849,""score"":100},""VC2_range_contraction"":{""value"":1.05164478430239,""score"":0},""VC3_range_pct_rank"":{""score"":19.999999999999996},""_score"":45.0},""sr_quality"":{""SR1_touches"":{""value"":5,""score"":100},""SR2_tightness"":{""value"":1.2978738311561624,""score"":85.86128076615289},""SR3_recency"":{""value"":238,""score"":0.0},""SR4_price_location"":{""score"":48.97163599723399},""SR5_reaction"":{""value"":1.6601548469427463,""score"":83.00774234713731},""_score"":67.57,""_levels_found"":5,""_target_level"":256.002},""volume"":{""V1_rvol_day"":{""value"":0.53236273723952,""score"":2.157515815967999},""V2_rvol_sameslot"":{""value"":0.5487132600899625,""score"":3.2475506726641643,""status"":""ok""},""V3_breakout_bar"":{""value"":0.5807581739609845,""score"":5.3838782640656335},""V4_base_dryup"":{""value"":1.3531290262784101,""score"":14.687097372158988},""V5_bo_expansion"":{""value"":0.53236273723952,""score"":0},""_score"":5.36},""readiness"":{""_distance_atr"":2.107,""BR1_atr_distance"":{""score"":0},""BR2_compression"":{""score"":67.18786562370983},""BR3_retest"":{""score"":50.0},""BR4_bo_age"":{""score"":50.0},""_score"":34.3},""risk"":{""R1_stop_clarity"":{""score"":64.35127690368358},""R2_stop_distance_pct"":{""value"":10.205340353516364,""score"":44.866491162090895},""R3_stop_distance_atr"":{""value"":1.3302581819879558,""score"":91.51290909939779},""R4_rr_potential"":{""value"":0.19039897798742153,""score"":0.0},""_score"":49.71},""market"":{""M1_spy_regime"":{""score"":100.0},""M3_earnings_risk"":{""value"":null,""score"":80.0},""M4_vix"":{""value"":null,""score"":60.0},""_score"":84.0},""liquidity"":{""L1_price"":{""value"":239.31,""score"":100.0},""L2_dollar_vol"":{""value"":201620220.64681283,""score"":100.0},""L3_spread_proxy"":{""value"":0.07220759684091764,""score"":27.792403159082355},""L4_volume_zscore"":{""value"":-1.047087498418408,""score"":100.0},""_score"":92.78},""pattern_structure"":{""n_contractions"":5,""contractions_pct"":[11.98,11.72,31.43,12.47,21.53],""descending_strict"":false,""final_low"":218.16,""final_pivot"":278.0,""structural_low"":218.16,""dry_up_ratio"":0.7696931001769319,""current_price"":239.31,""neckline_distance_pct"":0.1616731436212444,""base_bars"":90},""pattern_geometry_features"":{""contraction_count"":5.0,""first_contraction_pct"":0.11975885292200744,""last_contraction_pct"":0.2152517985611511,""dry_up_ratio"":0.7696931001769319,""near_monotone"":0.0,""base_depth_pct"":-0.18487942646100364},""_schema_version"":""1.0""}",,,,,,,,,,
20260520T193044Z-73e07b,2026-05-20T19:30:44.960382+00:00,AXON,vcp,absent,43.22,13.3,37.2,50.2,70.7,12.4,32.0,75.0,84.0,95.1,2.0,9.3,6.03,8.49,1.62,2.24,3.75,5.04,4.76,False,,397.33,438.97,360.51,661.345,"{""trend"":{""T1_ema_stack"":{""value"":[true,false,false],""score"":33.33333333333333},""T2_ema50_slope"":{""value"":-0.3972479045256277,""score"":0},""T3_high_proximity"":{""value"":0.6861282356801187,""score"":0},""T4_rs_1m"":{""value"":-0.07052833154135718,""score"":0},""T5_rs_3m"":{""value"":-0.18117162942625697,""score"":0},""T6_adr_healthy"":{""value"":5.695375446246507,""score"":100.0},""_score"":13.33},""geometry"":{""sub_contraction_count"":100.0,""sub_reduction_rate"":0,""sub_pivot_tightness"":0,""sub_volume_dryup"":0,""sub_base_depth"":22.1,""sub_base_duration"":100.0,""_score"":37.21},""compression"":{""VC1_atr_ratio"":{""value"":0.4043715662158299,""score"":100},""VC2_range_contraction"":{""value"":1.3730383330747264,""score"":0},""VC3_range_pct_rank"":{""score"":40.833333333333336},""_score"":50.21},""sr_quality"":{""SR1_touches"":{""value"":5,""score"":100},""SR2_tightness"":{""value"":3.271657638812473,""score"":74.15200999571414},""SR3_recency"":{""value"":237,""score"":0.0},""SR4_price_location"":{""score"":58.38911495770213},""SR5_reaction"":{""value"":2.585765526613101,""score"":100},""_score"":70.72,""_levels_found"":4,""_target_level"":414.6621},""volume"":{""V1_rvol_day"":{""value"":0.5981487393474927,""score"":6.543249289832846},""V2_rvol_sameslot"":{""value"":0.5245313777611055,""score"":1.6354251840736984,""status"":""ok""},""V3_breakout_bar"":{""value"":0.6520774501044322,""score"":10.138496673628811},""V4_base_dryup"":{""value"":1.0860116924172944,""score"":41.398830758270556},""V5_bo_expansion"":{""value"":0.5981487393474927,""score"":0},""_score"":12.45},""readiness"":{""_distance_atr"":1.645,""BR1_atr_distance"":{""score"":0},""BR2_compression"":{""score"":58.13974691336592},""BR3_retest"":{""score"":50.0},""BR4_bo_age"":{""score"":50.0},""_score"":32.03},""risk"":{""R1_stop_clarity"":{""score"":56.62582067265522},""R2_stop_distance_pct"":{""value"":9.266856265572697,""score"":68.32859336068258},""R3_stop_distance_atr"":{""value"":1.4544966146018503,""score"":97.72483073009252},""R4_rr_potential"":{""value"":7.1704236827811,""score"":100.0},""_score"":74.98},""market"":{""M1_spy_regime"":{""score"":100.0},""M3_earnings_risk"":{""value"":null,""score"":80.0},""M4_vix"":{""value"":null,""score"":60.0},""_score"":84.0},""liquidity"":{""L1_price"":{""value"":397.33,""score"":100.0},""L2_dollar_vol"":{""value"":279798291.95377403,""score"":100.0},""L3_spread_proxy"":{""value"":0.048863664963632154,""score"":51.136335036367846},""L4_volume_zscore"":{""value"":-0.9145771658303503,""score"":100.0},""_score"":95.11},""pattern_structure"":{""n_contractions"":5,""contractions_pct"":[17.67,34.36,9.11,10.76,16.62],""descending_strict"":false,""final_low"":366.0,""final_pivot"":438.97,""structural_low"":366.0,""dry_up_ratio"":1.0864392610069815,""current_price"":397.33,""neckline_distance_pct"":0.1047995369088668,""base_bars"":51},""pattern_geometry_features"":{""contraction_count"":5.0,""first_contraction_pct"":0.1766645421712343,""last_contraction_pct"":0.1662300384992141,""dry_up_ratio"":1.0864392610069815,""near_monotone"":0.0,""base_depth_pct"":0.37794773741236454},""_schema_version"":""1.0""}",,,,,,,,,,
20260520T193044Z-73e07b,2026-05-20T19:30:44.960382+00:00,INTU,bull_flag,absent,43.15,7.8,37.5,51.0,52.4,38.5,39.1,74.1,84.0,96.2,1.09,11.24,4.59,5.24,5.39,3.52,2.22,5.04,4.81,False,,385.47,423.99,370.36,481.6752,"{""trend"":{""T1_ema_stack"":{""value"":[false,false,false],""score"":0.0},""T2_ema50_slope"":{""value"":-0.282129202821642,""score"":2.9784661963930006},""T3_high_proximity"":{""value"":0.8011097948749922,""score"":0.5548974374960935},""T4_rs_1m"":{""value"":-0.09965346952094034,""score"":0},""T5_rs_3m"":{""value"":-0.07160122783572653,""score"":14.199386082136733},""T6_adr_healthy"":{""value"":3.843060239256342,""score"":100.0},""_score"":7.81},""geometry"":{""sub_pole_impulse"":53.8,""sub_flag_tightness"":4.3,""sub_flag_shallowness"":0,""sub_flag_drift"":68.4,""sub_flag_duration"":100.0,""_score"":37.47},""compression"":{""VC1_atr_ratio"":{""value"":0.4963392899706436,""score"":100},""VC2_range_contraction"":{""value"":1.0448488442301491,""score"":0},""VC3_range_pct_rank"":{""score"":44.166666666666664},""_score"":51.04},""sr_quality"":{""SR1_touches"":{""value"":4,""score"":75.0},""SR2_tightness"":{""value"":4.184770364294199,""score"":56.52591532282612},""SR3_recency"":{""value"":236,""score"":0.0},""SR4_price_location"":{""score"":25.729434640484918},""SR5_reaction"":{""value"":2.0528594553902404,""score"":100},""_score"":52.41,""_levels_found"":7,""_target_level"":414.44},""volume"":{""V1_rvol_day"":{""value"":1.1889389975415077,""score"":45.92926650276718},""V2_rvol_sameslot"":{""value"":1.344147239096409,""score"":56.27648260642727,""status"":""ok""},""V3_breakout_bar"":{""value"":0.9170790899514839,""score"":27.805272663432262},""V4_base_dryup"":{""value"":1.0398342486876517,""score"":46.01657513123483},""V5_bo_expansion"":{""value"":1.188938997541508,""score"":12.59593316943386},""_score"":38.49},""readiness"":{""_distance_atr"":2.001,""BR1_atr_distance"":{""score"":0},""BR2_compression"":{""score"":86.42070770775851},""BR3_retest"":{""score"":50.0},""BR4_bo_age"":{""score"":50.0},""_score"":39.11},""risk"":{""R1_stop_clarity"":{""score"":41.40805438899767},""R2_stop_distance_pct"":{""value"":3.9198900044102034,""score"":100.0},""R3_stop_distance_atr"":{""value"":0.7848619664736242,""score"":64.24309832368121},""R4_rr_potential"":{""value"":6.366988749172727,""score"":100.0},""_score"":74.13},""market"":{""M1_spy_regime"":{""score"":100.0},""M3_earnings_risk"":{""value"":null,""score"":80.0},""M4_vix"":{""value"":null,""score"":60.0},""_score"":84.0},""liquidity"":{""L1_price"":{""value"":385.47,""score"":100.0},""L2_dollar_vol"":{""value"":1170714965.9894896,""score"":100.0},""L3_spread_proxy"":{""value"":0.037616416322930446,""score"":62.38358367706955},""L4_volume_zscore"":{""value"":0.8237505005896872,""score"":100.0},""_score"":96.24},""pattern_structure"":{""pole_low"":366.3048,""pole_low_idx"":30,""peak_price"":423.99,""peak_idx"":48,""pole_gain"":0.15747868987793776,""flag_bars"":11,""flag_low"":376.0,""flag_high"":414.34,""structural_low"":376.0,""current_price"":385.84,""neckline_distance_pct"":0.09887518142235133,""base_bars"":11},""pattern_geometry_features"":{""pole_gain"":0.15747868987793776,""pullback_pct"":0.11318663176018304,""flag_range_pct"":0.09042666100615575,""flag_drift_per_bar"":-0.006323099070740555,""atr_pct"":0.04994368655704168,""pole_atr_multiple"":3.153125064127539},""_schema_version"":""1.0""}",,,,,,,,,,
20260520T193044Z-73e07b,2026-05-20T19:30:44.960382+00:00,NIC,double_bottom,absent,43.1,25.7,29.8,51.5,70.5,18.3,32.0,63.0,84.0,80.7,3.86,7.45,4.12,9.87,2.38,2.56,3.78,5.04,4.03,True,risk_unclear,141.58,147.79,137.1218,156.37,"{""trend"":{""T1_ema_stack"":{""value"":[false,false,true],""score"":33.33333333333333},""T2_ema50_slope"":{""value"":-0.10282540293460302,""score"":32.86243284423283},""T3_high_proximity"":{""value"":0.8773625828840553,""score"":38.68129144202764},""T4_rs_1m"":{""value"":-0.13753876356582628,""score"":0},""T5_rs_3m"":{""value"":-0.1896094107920756,""score"":0},""T6_adr_healthy"":{""value"":2.5217115866465862,""score"":100.0},""_score"":25.71},""geometry"":{""sub_low_similarity"":9.3,""sub_bounce_quality"":45.2,""sub_separation_fit"":0.0,""sub_right_bottom_reaction"":79.8,""sub_base_context"":30.0,""_score"":29.8},""compression"":{""VC1_atr_ratio"":{""value"":0.5183904184862177,""score"":100},""VC2_range_contraction"":{""value"":0.9418060949986284,""score"":9.698984166895261},""VC3_range_pct_rank"":{""score"":32.49999999999999},""_score"":51.52},""sr_quality"":{""SR1_touches"":{""value"":4,""score"":75.0},""SR2_tightness"":{""value"":0.5179949324076392,""score"":71.28227536850112},""SR3_recency"":{""value"":238,""score"":0.0},""SR4_price_location"":{""score"":89.33469821740071},""SR5_reaction"":{""value"":2.5448768337329586,""score"":100},""_score"":70.53,""_levels_found"":3,""_target_level"":142.8625},""volume"":{""V1_rvol_day"":{""value"":0.7766074238713015,""score"":18.440494924753438},""V2_rvol_sameslot"":{""value"":0.5515703243008313,""score"":3.4380216200554203,""status"":""ok""},""V3_breakout_bar"":{""value"":0.4685809363180685,""score"":0},""V4_base_dryup"":{""value"":0.801792384722792,""score"":69.8207615277208},""V5_bo_expansion"":{""value"":0.7766074238713018,""score"":0},""_score"":18.34},""readiness"":{""_distance_atr"":1.721,""BR1_atr_distance"":{""score"":0},""BR2_compression"":{""score"":58.0442655800803},""BR3_retest"":{""score"":50.0},""BR4_bo_age"":{""score"":50.0},""_score"":32.01},""risk"":{""R1_stop_clarity"":{""score"":0},""R2_stop_distance_pct"":{""value"":3.1488557705890785,""score"":100.0},""R3_stop_distance_atr"":{""value"":1.235802862692534,""score"":86.7901431346267},""R4_rr_potential"":{""value"":3.3175195989367574,""score"":100.0},""_score"":63.02},""market"":{""M1_spy_regime"":{""score"":100.0},""M3_earnings_risk"":{""value"":null,""score"":80.0},""M4_vix"":{""value"":null,""score"":60.0},""_score"":84.0},""liquidity"":{""L1_price"":{""value"":141.58,""score"":100.0},""L2_dollar_vol"":{""value"":15198209.751985582,""score"":59.089621697817705},""L3_spread_proxy"":{""value"":0.029594575505014813,""score"":70.40542449498518},""L4_volume_zscore"":{""value"":-0.8531449373065447,""score"":100.0},""_score"":80.68},""pattern_structure"":{""left_low"":145.67,""left_idx"":28,""right_low"":139.21,""right_idx"":74,""separation_bars"":46,""structural_low"":139.21,""current_price"":141.93,""neckline_distance_pct"":0.041287958852955574,""base_bars"":46},""pattern_geometry_features"":{""low_similarity_pct"":0.04535242909295128,""bounce_pct"":0.06163350334027716,""right_bottom_reaction"":0.7980295566502411,""atr_pct"":0.025480243375779504},""_schema_version"":""1.0""}",,,,,,,,,,
20260520T193044Z-73e07b,2026-05-20T19:30:44.960382+00:00,KVYO,double_bottom,absent,43.08,5.0,36.7,62.1,52.4,8.6,63.7,82.3,84.0,93.5,0.75,9.17,4.97,7.33,1.12,5.1,4.94,5.04,4.67,False,,15.005,15.81,14.312,17.09,"{""trend"":{""T1_ema_stack"":{""value"":[false,false,false],""score"":0.0},""T2_ema50_slope"":{""value"":-0.5066528549384726,""score"":0},""T3_high_proximity"":{""value"":0.6431633090441492,""score"":0},""T4_rs_1m"":{""value"":-0.31298526682573924,""score"":0},""T5_rs_3m"":{""value"":-0.25472408125879775,""score"":0},""T6_adr_healthy"":{""value"":5.964821325897072,""score"":100.0},""_score"":5.0},""geometry"":{""sub_low_similarity"":17.8,""sub_bounce_quality"":83.0,""sub_separation_fit"":0.0,""sub_right_bottom_reaction"":58.2,""sub_base_context"":30.0,""_score"":36.67},""compression"":{""VC1_atr_ratio"":{""value"":0.2630027096045881,""score"":100},""VC2_range_contraction"":{""value"":0.9538208844028587,""score"":7.696519266190213},""VC3_range_pct_rank"":{""score"":77.5},""_score"":62.07},""sr_quality"":{""SR1_touches"":{""value"":2,""score"":25.0},""SR2_tightness"":{""value"":0.3200000000000012,""score"":59.225094769799114},""SR3_recency"":{""value"":251,""score"":0.0},""SR4_price_location"":{""score"":83.84931488147517},""SR5_reaction"":{""value"":2.3111088862898925,""score"":100},""_score"":52.35,""_levels_found"":8,""_target_level"":15.85},""volume"":{""V1_rvol_day"":{""value"":0.6116030777965644,""score"":7.440205186437628},""V2_rvol_sameslot"":{""value"":0.3754286661002896,""score"":0,""status"":""ok""},""V3_breakout_bar"":{""value"":0.4434455886543348,""score"":0},""V4_base_dryup"":{""value"":1.142644789261148,""score"":35.735521073885195},""V5_bo_expansion"":{""value"":0.6116030777965643,""score"":0},""_score"":8.64},""readiness"":{""_distance_atr"":0.513,""BR1_atr_distance"":{""score"":65.8085430100921},""BR2_compression"":{""score"":79.50203817967181},""BR3_retest"":{""score"":50.0},""BR4_bo_age"":{""score"":50.0},""_score"":63.7},""risk"":{""R1_stop_clarity"":{""score"":72.22846689086795},""R2_stop_distance_pct"":{""value"":4.618127290903042,""score"":100.0},""R3_stop_distance_atr"":{""value"":0.44148391530105724,""score"":47.07419576505286},""R4_rr_potential"":{""value"":3.0088750992135047,""score"":100.0},""_score"":82.34},""market"":{""M1_spy_regime"":{""score"":100.0},""M3_earnings_risk"":{""value"":null,""score"":80.0},""M4_vix"":{""value"":null,""score"":60.0},""_score"":84.0},""liquidity"":{""L1_price"":{""value"":15.005,""score"":100.0},""L2_dollar_vol"":{""value"":72357314.0263529,""score"":92.97412185273868},""L3_spread_proxy"":{""value"":0.03732089303565481,""score"":62.67910696434519},""L4_volume_zscore"":{""value"":-0.6497789122296422,""score"":100.0},""_score"":93.46},""pattern_structure"":{""left_low"":15.14,""left_idx"":26,""right_low"":14.53,""right_idx"":74,""separation_bars"":48,""structural_low"":14.53,""current_price"":14.99,""neckline_distance_pct"":0.05470313542361576,""base_bars"":48},""pattern_geometry_features"":{""low_similarity_pct"":0.041118975396023,""bounce_pct"":0.08809359944941508,""right_bottom_reaction"":0.5819239861793049,""atr_pct"":0.10460465559099347},""_schema_version"":""1.0""}",,,,,,,,,,
20260520T193044Z-73e07b,2026-05-20T19:30:44.960382+00:00,AIR,vcp,absent,43.01,26.1,41.1,44.2,45.6,28.4,20.3,70.6,84.0,86.7,3.92,10.29,5.3,5.48,3.7,1.42,3.53,5.04,4.34,False,,106.8,127.21,103.2871,140.35,"{""trend"":{""T1_ema_stack"":{""value"":[false,false,true],""score"":33.33333333333333},""T2_ema50_slope"":{""value"":-0.022666916295140414,""score"":46.222180617476596},""T3_high_proximity"":{""value"":0.8476863243114533,""score"":23.843162155726628},""T4_rs_1m"":{""value"":-0.13536034263076835,""score"":0},""T5_rs_3m"":{""value"":-0.1576263839890888,""score"":0},""T6_adr_healthy"":{""value"":3.6337508299204098,""score"":100.0},""_score"":26.15},""geometry"":{""sub_contraction_count"":100.0,""sub_reduction_rate"":0,""sub_pivot_tightness"":0,""sub_volume_dryup"":0,""sub_base_depth"":61.4,""sub_base_duration"":100.0,""_score"":41.14},""compression"":{""VC1_atr_ratio"":{""value"":0.5378792374384797,""score"":100},""VC2_range_contraction"":{""value"":1.0635672737205686,""score"":0},""VC3_range_pct_rank"":{""score"":16.666666666666664},""_score"":44.17},""sr_quality"":{""SR1_touches"":{""value"":2,""score"":25.0},""SR2_tightness"":{""value"":1.0400000000000063,""score"":54.91652900622813},""SR3_recency"":{""value"":267,""score"":0.0},""SR4_price_location"":{""score"":62.36755571793934},""SR5_reaction"":{""value"":1.9062938816837545,""score"":95.31469408418772},""_score"":45.63,""_levels_found"":5,""_target_level"":108.86},""volume"":{""V1_rvol_day"":{""value"":0.8958678830071886,""score"":26.391192200479235},""V2_rvol_sameslot"":{""value"":1.0197140686617092,""score"":34.64760457744728,""status"":""ok""},""V3_breakout_bar"":{""value"":0.7980129901292248,""score"":19.86753267528165},""V4_base_dryup"":{""value"":0.9363270187478165,""score"":56.36729812521835},""V5_bo_expansion"":{""value"":0.8958678830071883,""score"":0},""_score"":28.45},""readiness"":{""_distance_atr"":4.424,""BR1_atr_distance"":{""score"":0},""BR2_compression"":{""score"":11.076892122076762},""BR3_retest"":{""score"":50.0},""BR4_bo_age"":{""score"":50.0},""_score"":20.27},""risk"":{""R1_stop_clarity"":{""score"":31.8155850710543},""R2_stop_distance_pct"":{""value"":3.2892322097378295,""score"":100.0},""R3_stop_distance_atr"":{""value"":0.7614121406443285,""score"":63.07060703221643},""R4_rr_potential"":{""value"":9.550513820490186,""score"":100.0},""_score"":70.6},""market"":{""M1_spy_regime"":{""score"":100.0},""M3_earnings_risk"":{""value"":null,""score"":80.0},""M4_vix"":{""value"":null,""score"":60.0},""_score"":84.0},""liquidity"":{""L1_price"":{""value"":106.8,""score"":100.0},""L2_dollar_vol"":{""value"":37528685.509656,""score"":78.71816764791149},""L3_spread_proxy"":{""value"":0.047425093632958784,""score"":52.574906367041216},""L4_volume_zscore"":{""value"":-0.43047810247515633,""score"":100.0},""_score"":86.74},""pattern_structure"":{""n_contractions"":5,""contractions_pct"":[5.38,15.77,8.44,16.84,17.57],""descending_strict"":false,""final_low"":104.86,""final_pivot"":127.21,""structural_low"":104.86,""dry_up_ratio"":1.1931828281860761,""current_price"":106.8,""neckline_distance_pct"":0.19110486891385764,""base_bars"":52},""pattern_geometry_features"":{""contraction_count"":5.0,""first_contraction_pct"":0.05381355932203385,""last_contraction_pct"":0.1756937347692791,""dry_up_ratio"":1.1931828281860761,""near_monotone"":0.0,""base_depth_pct"":0.11135593220338984},""_schema_version"":""1.0""}",,,,,,,,,,
20260520T193044Z-73e07b,2026-05-20T19:30:44.960382+00:00,UEC,double_bottom,invalidated,42.83,27.3,43.3,29.6,62.8,21.9,29.3,32.2,84.0,91.9,4.1,10.82,2.37,8.79,2.84,2.34,1.93,5.04,4.59,False,,12.725,16.8281,13.5093,19.9412,"{""trend"":{""T1_ema_stack"":{""value"":[false,false,true],""score"":33.33333333333333},""T2_ema50_slope"":{""value"":0.11932439106430044,""score"":69.88739851071674},""T3_high_proximity"":{""value"":0.7726168791742563,""score"":0},""T4_rs_1m"":{""value"":-0.1711610508242809,""score"":0},""T5_rs_3m"":{""value"":-0.2920195286960351,""score"":0},""T6_adr_healthy"":{""value"":7.5315236825974585,""score"":100.0},""_score"":27.31},""geometry"":{""sub_low_similarity"":40.4,""sub_bounce_quality"":100,""sub_separation_fit"":0.0,""sub_right_bottom_reaction"":34.5,""sub_base_context"":30.0,""_score"":43.29},""compression"":{""VC1_atr_ratio"":{""value"":0.7748539158056691,""score"":56.28652104858273},""VC2_range_contraction"":{""value"":1.1013330980452527,""score"":0},""VC3_range_pct_rank"":{""score"":28.333333333333332},""_score"":29.6},""sr_quality"":{""SR1_touches"":{""value"":4,""score"":75.0},""SR2_tightness"":{""value"":0.28265206084513145,""score"":49.87168923445857},""SR3_recency"":{""value"":239,""score"":0.0},""SR4_price_location"":{""score"":74.25456739055491},""SR5_reaction"":{""value"":1.8943184697238407,""score"":94.71592348619204},""_score"":62.75,""_levels_found"":6,""_target_level"":13.0237},""volume"":{""V1_rvol_day"":{""value"":0.91648330053824,""score"":27.765553369216},""V2_rvol_sameslot"":{""value"":0.7357168077589948,""score"":15.714453850599655,""status"":""ok""},""V3_breakout_bar"":{""value"":0.41737669377045744,""score"":0},""V4_base_dryup"":{""value"":0.8410019776236981,""score"":65.89980223763018},""V5_bo_expansion"":{""value"":0.9164833005382401,""score"":0},""_score"":21.88},""readiness"":{""_distance_atr"":3.638,""BR1_atr_distance"":{""score"":0},""BR2_compression"":{""score"":47.13070519779226},""BR3_retest"":{""score"":50.0},""BR4_bo_age"":{""score"":50.0},""_score"":29.28},""risk"":{""R1_stop_clarity"":{""score"":63.51469470483893},""R2_stop_distance_pct"":{""value"":-6.163261296660112,""score"":0.0},""R3_stop_distance_atr"":{""value"":-0.6954554091715219,""score"":0.0},""R4_rr_potential"":{""value"":null,""score"":50.0},""_score"":32.23},""market"":{""M1_spy_regime"":{""score"":100.0},""M3_earnings_risk"":{""value"":null,""score"":80.0},""M4_vix"":{""value"":null,""score"":60.0},""_score"":84.0},""liquidity"":{""L1_price"":{""value"":12.725,""score"":100.0},""L2_dollar_vol"":{""value"":110349502.62167923,""score"":100.0},""L3_spread_proxy"":{""value"":0.081335952848723,""score"":18.664047151277003},""L4_volume_zscore"":{""value"":-0.3697726418930255,""score"":100.0},""_score"":91.87},""pattern_structure"":{""left_low"":14.13,""left_idx"":13,""right_low"":13.715,""right_idx"":58,""separation_bars"":45,""structural_low"":13.715,""current_price"":12.74,""neckline_distance_pct"":0.32088697017268436,""base_bars"":45},""pattern_geometry_features"":{""low_similarity_pct"":0.029807864966780458,""bounce_pct"":0.22698505286183007,""right_bottom_reaction"":0.34545454545454735,""atr_pct"":0.08862194779680045},""_schema_version"":""1.0""}",,,,,,,,,,
20260520T193044Z-73e07b,2026-05-20T19:30:44.960382+00:00,MGNI,vcp,absent,42.8,42.8,35.3,44.7,45.5,10.6,38.2,71.4,84.0,81.4,6.42,8.82,5.37,5.46,1.37,2.68,3.57,5.04,4.07,False,,13.095,14.3199,12.1647,15.0099,"{""trend"":{""T1_ema_stack"":{""value"":[false,true,false],""score"":33.33333333333333},""T2_ema50_slope"":{""value"":0.09983163875408747,""score"":66.63860645901458},""T3_high_proximity"":{""value"":0.9247881355932204,""score"":62.394067796610166},""T4_rs_1m"":{""value"":-0.05063709920369752,""score"":0},""T5_rs_3m"":{""value"":-0.009420017046244178,""score"":45.28999147687791},""T6_adr_healthy"":{""value"":5.129718617671767,""score"":100.0},""_score"":42.81},""geometry"":{""sub_contraction_count"":100.0,""sub_reduction_rate"":0,""sub_pivot_tightness"":0,""sub_volume_dryup"":0,""sub_base_depth"":2.9,""sub_base_duration"":100.0,""_score"":35.29},""compression"":{""VC1_atr_ratio"":{""value"":0.706824910733574,""score"":73.29377231660649},""VC2_range_contraction"":{""value"":1.3510545648948886,""score"":0},""VC3_range_pct_rank"":{""score"":61.66666666666667},""_score"":44.73},""sr_quality"":{""SR1_touches"":{""value"":2,""score"":25.0},""SR2_tightness"":{""value"":0.10000000000000053,""score"":73.420665432626},""SR3_recency"":{""value"":241,""score"":0.0},""SR4_price_location"":{""score"":47.972333812454835},""SR5_reaction"":{""value"":2.093122597180691,""score"":100},""_score"":45.51,""_levels_found"":7,""_target_level"":13.7},""volume"":{""V1_rvol_day"":{""value"":0.5195055450585712,""score"":1.3003696705714107},""V2_rvol_sameslot"":{""value"":0.4692889930598586,""score"":0,""status"":""ok""},""V3_breakout_bar"":{""value"":0.5205105427838886,""score"":1.3673695189259094},""V4_base_dryup"":{""value"":1.001630928465033,""score"":49.83690715349669},""V5_bo_expansion"":{""value"":0.5195055450585712,""score"":0},""_score"":10.57},""readiness"":{""_distance_atr"":1.628,""BR1_atr_distance"":{""score"":0},""BR2_compression"":{""score"":82.91886516228494},""BR3_retest"":{""score"":50.0},""BR4_bo_age"":{""score"":50.0},""_score"":38.23},""risk"":{""R1_stop_clarity"":{""score"":50.76178271393994},""R2_stop_distance_pct"":{""value"":7.103856433753347,""score"":100.0},""R3_stop_distance_atr"":{""value"":1.236271299064978,""score"":86.8135649532489},""R4_rr_potential"":{""value"":2.058478903520556,""score"":52.92394517602781},""_score"":71.37},""market"":{""M1_spy_regime"":{""score"":100.0},""M3_earnings_risk"":{""value"":null,""score"":80.0},""M4_vix"":{""value"":null,""score"":60.0},""_score"":84.0},""liquidity"":{""L1_price"":{""value"":13.095,""score"":100.0},""L2_dollar_vol"":{""value"":19054957.67003205,""score"":64.00039941691045},""L3_spread_proxy"":{""value"":0.04161893852615502,""score"":58.38106147384498},""L4_volume_zscore"":{""value"":-1.1461517233733236,""score"":100.0},""_score"":81.44},""pattern_structure"":{""n_contractions"":5,""contractions_pct"":[12.88,9.66,13.08,7.35,13.76],""descending_strict"":false,""final_low"":12.35,""final_pivot"":14.3199,""structural_low"":12.35,""dry_up_ratio"":1.5736833954721385,""current_price"":13.095,""neckline_distance_pct"":0.09353951890034364,""base_bars"":40},""pattern_geometry_features"":{""contraction_count"":5.0,""first_contraction_pct"":0.12883435582822084,""last_contraction_pct"":0.13756380980314115,""dry_up_ratio"":1.5736833954721385,""near_monotone"":0.0,""base_depth_pct"":0.05291411042944782},""_schema_version"":""1.0""}",,,,,,,,,,
20260520T193044Z-73e07b,2026-05-20T19:30:44.960382+00:00,GENI,vcp,setup,42.71,30.6,37.9,40.0,41.4,12.1,81.9,53.0,84.0,77.5,4.59,9.47,4.8,4.97,1.57,5.73,2.65,5.04,3.88,False,,5.06,4.99,3.9515,7.7266,"{""trend"":{""T1_ema_stack"":{""value"":[true,false,false],""score"":33.33333333333333},""T2_ema50_slope"":{""value"":-0.5503889742691959,""score"":0},""T3_high_proximity"":{""value"":0.7820710973724884,""score"":0},""T4_rs_1m"":{""value"":0.03638815481622926,""score"":86.38815481622926},""T5_rs_3m"":{""value"":-0.29251001386479014,""score"":0},""T6_adr_healthy"":{""value"":7.017210556825951,""score"":100.0},""_score"":30.61},""geometry"":{""sub_contraction_count"":100.0,""sub_reduction_rate"":11.6,""sub_pivot_tightness"":0,""sub_volume_dryup"":0,""sub_base_depth"":0.0,""sub_base_duration"":100.0,""_score"":37.9},""compression"":{""VC1_atr_ratio"":{""value"":0.7268029348005849,""score"":68.29926629985378},""VC2_range_contraction"":{""value"":1.6313290798987656,""score"":0},""VC3_range_pct_rank"":{""score"":50.83333333333333},""_score"":40.03},""sr_quality"":{""SR1_touches"":{""value"":3,""score"":50.0},""SR2_tightness"":{""value"":0.07494442385305695,""score"":60.49021185634895},""SR3_recency"":{""value"":271,""score"":0.0},""SR4_price_location"":{""score"":9.448818897637725},""SR5_reaction"":{""value"":2.407491088015263,""score"":100},""_score"":41.44,""_levels_found"":7,""_target_level"":5.635},""volume"":{""V1_rvol_day"":{""value"":0.48747015427758345,""score"":0},""V2_rvol_sameslot"":{""value"":0.2854280074347942,""score"":0,""status"":""ok""},""V3_breakout_bar"":{""value"":0.2958036398711259,""score"":0},""V4_base_dryup"":{""value"":0.8968040533772123,""score"":60.319594662278774},""V5_bo_expansion"":{""value"":0.4874701542775834,""score"":0},""_score"":12.06},""readiness"":{""_distance_atr"":-0.185,""BR1_atr_distance"":{""score"":100.0},""BR2_compression"":{""score"":97.63124057054816},""BR3_retest"":{""score"":50.0},""BR4_bo_age"":{""score"":50.0},""_score"":81.91},""risk"":{""R1_stop_clarity"":{""score"":68.2762087663804},""R2_stop_distance_pct"":{""value"":21.9066304347826,""score"":0.0},""R3_stop_distance_atr"":{""value"":2.921873964452476,""score"":100.0},""R4_rr_potential"":{""value"":2.405646313337554,""score"":70.28231566687771},""_score"":52.95},""market"":{""M1_spy_regime"":{""score"":100.0},""M3_earnings_risk"":{""value"":null,""score"":80.0},""M4_vix"":{""value"":null,""score"":60.0},""_score"":84.0},""liquidity"":{""L1_price"":{""value"":5.06,""score"":97.53},""L2_dollar_vol"":{""value"":14423446.676580258,""score"":57.95345266465088},""L3_spread_proxy"":{""value"":0.05019762845849794,""score"":49.802371541502055},""L4_volume_zscore"":{""value"":-0.9039497251564034,""score"":100.0},""_score"":77.54},""pattern_structure"":{""n_contractions"":5,""contractions_pct"":[26.5,24.23,17.74,16.34,19.61],""descending_strict"":false,""final_low"":4.0117,""final_pivot"":4.99,""structural_low"":4.0117,""dry_up_ratio"":1.5519995381859604,""current_price"":5.06,""neckline_distance_pct"":-0.013833992094861542,""base_bars"":51},""pattern_geometry_features"":{""contraction_count"":5.0,""first_contraction_pct"":0.2650000740927345,""last_contraction_pct"":0.19605210420841682,""dry_up_ratio"":1.5519995381859604,""near_monotone"":0.0,""base_depth_pct"":0.4055243542818191},""_schema_version"":""1.0""}",,,,,,,,,,
20260520T193044Z-73e07b,2026-05-20T19:30:44.960382+00:00,EXE,double_bottom,absent,42.6,32.5,25.6,55.0,41.7,30.1,57.3,45.0,84.0,97.2,4.87,6.39,4.4,5.83,3.92,4.59,2.7,5.04,4.86,True,risk_unclear,98.8,98.815,93.6144,102.59,"{""trend"":{""T1_ema_stack"":{""value"":[true,false,false],""score"":33.33333333333333},""T2_ema50_slope"":{""value"":-0.1553098286391872,""score"":24.115028560135464},""T3_high_proximity"":{""value"":0.8672752808988764,""score"":33.63764044943818},""T4_rs_1m"":{""value"":-0.0036192372291083963,""score"":46.38076277089161},""T5_rs_3m"":{""value"":-0.13052941812675734,""score"":0},""T6_adr_healthy"":{""value"":2.3894241919500874,""score"":100.0},""_score"":32.48},""geometry"":{""sub_low_similarity"":43.0,""sub_bounce_quality"":13.9,""sub_separation_fit"":0.0,""sub_right_bottom_reaction"":25.9,""sub_base_context"":30.0,""_score"":25.56},""compression"":{""VC1_atr_ratio"":{""value"":0.3913010461675463,""score"":100},""VC2_range_contraction"":{""value"":0.932782815805419,""score"":11.202864032430169},""VC3_range_pct_rank"":{""score"":44.166666666666664},""_score"":54.96},""sr_quality"":{""SR1_touches"":{""value"":3,""score"":50.0},""SR2_tightness"":{""value"":0.3968696959400577,""score"":66.97656906462839},""SR3_recency"":{""value"":238,""score"":0.0},""SR4_price_location"":{""score"":6.4633742127942195},""SR5_reaction"":{""value"":3.3810897902618806,""score"":100},""_score"":41.66,""_levels_found"":6,""_target_level"":103.5033},""volume"":{""V1_rvol_day"":{""value"":0.9472500551051231,""score"":29.81667034034154},""V2_rvol_sameslot"":{""value"":1.0561585249184267,""score"":37.07723499456178,""status"":""ok""},""V3_breakout_bar"":{""value"":0.8426678235006014,""score"":22.844521566706764},""V4_base_dryup"":{""value"":0.9472490478739461,""score"":55.275095212605386},""V5_bo_expansion"":{""value"":0.9472500551051231,""score"":0},""_score"":30.14},""readiness"":{""_distance_atr"":0.006,""BR1_atr_distance"":{""score"":99.5839512153082},""BR2_compression"":{""score"":0},""BR3_retest"":{""score"":50.0},""BR4_bo_age"":{""score"":50.0},""_score"":57.33},""risk"":{""R1_stop_clarity"":{""score"":0},""R2_stop_distance_pct"":{""value"":5.248582995951411,""score"":100.0},""R3_stop_distance_atr"":{""value"":2.157462577897702,""score"":100.0},""R4_rr_potential"":{""value"":0.7308701018204251,""score"":0.0},""_score"":45.0},""market"":{""M1_spy_regime"":{""score"":100.0},""M3_earnings_risk"":{""value"":null,""score"":80.0},""M4_vix"":{""value"":null,""score"":60.0},""_score"":84.0},""liquidity"":{""L1_price"":{""value"":98.8,""score"":100.0},""L2_dollar_vol"":{""value"":255468131.4874572,""score"":100.0},""L3_spread_proxy"":{""value"":0.027980769230769212,""score"":72.01923076923079},""L4_volume_zscore"":{""value"":-0.1908785190191915,""score"":100.0},""_score"":97.2},""pattern_structure"":{""left_low"":95.04,""left_idx"":20,""right_low"":97.79,""right_idx"":67,""separation_bars"":47,""structural_low"":95.04,""current_price"":98.81,""neckline_distance_pct"":5.060216577264905e-05,""base_bars"":47},""pattern_geometry_features"":{""low_similarity_pct"":0.028522532800912718,""bounce_pct"":0.03972011784511775,""right_bottom_reaction"":0.25862068965516877,""atr_pct"":0.024327573742047436},""_schema_version"":""1.0""}",,,,,,,,,,
20260520T193044Z-73e07b,2026-05-20T19:30:44.960382+00:00,KTOS,double_bottom,absent,42.53,5.0,44.9,53.3,41.7,18.7,45.8,76.5,84.0,94.3,0.75,11.22,4.27,5.84,2.43,3.67,4.59,5.04,4.72,False,,55.35,58.63,51.8603,64.61,"{""trend"":{""T1_ema_stack"":{""value"":[false,false,false],""score"":0.0},""T2_ema50_slope"":{""value"":-1.1272533669699243,""score"":0},""T3_high_proximity"":{""value"":0.576082431307244,""score"":0},""T4_rs_1m"":{""value"":-0.24434406324922775,""score"":0},""T5_rs_3m"":{""value"":-0.5581010785029278,""score"":0},""T6_adr_healthy"":{""value"":5.666545198028737,""score"":100.0},""_score"":5.0},""geometry"":{""sub_low_similarity"":12.3,""sub_bounce_quality"":100,""sub_separation_fit"":20.0,""sub_right_bottom_reaction"":81.2,""sub_base_context"":30.0,""_score"":44.87},""compression"":{""VC1_atr_ratio"":{""value"":0.41680331437249013,""score"":100},""VC2_range_contraction"":{""value"":1.0115354607549425,""score"":0},""VC3_range_pct_rank"":{""score"":53.333333333333336},""_score"":53.33},""sr_quality"":{""SR1_touches"":{""value"":2,""score"":25.0},""SR2_tightness"":{""value"":0.14499999999999602,""score"":91.29015165004454},""SR3_recency"":{""value"":236,""score"":0.0},""SR4_price_location"":{""score"":22.197027067033673},""SR5_reaction"":{""value"":3.712197434670773,""score"":100},""_score"":41.74,""_levels_found"":5,""_target_level"":63.985},""volume"":{""V1_rvol_day"":{""value"":0.5665630898422808,""score"":4.437539322818718},""V2_rvol_sameslot"":{""value"":0.5907962793487197,""score"":6.053085289914647,""status"":""ok""},""V3_breakout_bar"":{""value"":0.8194136537798743,""score"":21.294243585324953},""V4_base_dryup"":{""value"":0.9348136113225075,""score"":56.518638867749246},""V5_bo_expansion"":{""value"":0.5665630898422809,""score"":0},""_score"":18.73},""readiness"":{""_distance_atr"":0.985,""BR1_atr_distance"":{""score"":34.32574117734552},""BR2_compression"":{""score"":58.403070622994015},""BR3_retest"":{""score"":50.0},""BR4_bo_age"":{""score"":50.0},""_score"":45.83},""risk"":{""R1_stop_clarity"":{""score"":52.561360452569},""R2_stop_distance_pct"":{""value"":6.304878048780489,""score"":100.0},""R3_stop_distance_atr"":{""value"":1.048110113077859,""score"":77.40550565389294},""R4_rr_potential"":{""value"":2.6534852066766987,""score"":82.67426033383494},""_score"":76.54},""market"":{""M1_spy_regime"":{""score"":100.0},""M3_earnings_risk"":{""value"":null,""score"":80.0},""M4_vix"":{""value"":null,""score"":60.0},""_score"":84.0},""liquidity"":{""L1_price"":{""value"":55.35,""score"":100.0},""L2_dollar_vol"":{""value"":135169607.51204985,""score"":100.0},""L3_spread_proxy"":{""value"":0.056729900632339667,""score"":43.270099367660336},""L4_volume_zscore"":{""value"":-1.152218665055472,""score"":100.0},""_score"":94.33},""pattern_structure"":{""left_low"":55.01,""left_idx"":32,""right_low"":52.65,""right_idx"":74,""separation_bars"":42,""structural_low"":52.65,""current_price"":55.45,""neckline_distance_pct"":0.057348963029756526,""base_bars"":42},""pattern_geometry_features"":{""low_similarity_pct"":0.04384172394575515,""bounce_pct"":0.11358024691358033,""right_bottom_reaction"":0.8122362869198315,""atr_pct"":0.06015472964253452},""_schema_version"":""1.0""}",,,,,,,,,,
20260520T193044Z-73e07b,2026-05-20T19:30:44.960382+00:00,CLBT,breakout_retest_hold,setup,42.52,28.1,23.9,44.1,58.6,9.4,64.6,63.3,84.0,75.3,3.93,5.26,2.65,8.2,1.23,11.63,3.17,4.2,2.26,False,,13.505,12.88,12.8255,12.73,"{""trend"":{""T1_ema_stack"":{""value"":[true,false,false],""score"":33.33333333333333},""T2_ema50_slope"":{""value"":-0.14831349129392762,""score"":25.281084784345396},""T3_high_proximity"":{""value"":0.8826797385620915,""score"":41.339869281045715},""T4_rs_1m"":{""value"":-0.0325386051756551,""score"":17.4613948243449},""T5_rs_3m"":{""value"":-0.1018580481635204,""score"":0},""T6_adr_healthy"":{""value"":4.830557500684527,""score"":100.0},""_score"":28.08},""geometry"":{""sub_retest_depth"":13.0,""sub_retest_timing"":0.0,""sub_retest_freshness"":100.0,""sub_hold_quality"":0.0,""_score"":23.9},""compression"":{""VC1_atr_ratio"":{""value"":0.6168026005467754,""score"":95.79934986330615},""VC2_range_contraction"":{""value"":1.2144878281817213,""score"":0},""VC3_range_pct_rank"":{""score"":23.33333333333333},""_score"":44.15},""sr_quality"":{""SR1_touches"":{""value"":4,""score"":75.0},""SR2_tightness"":{""value"":0.1868488694105479,""score"":49.053292464818355},""SR3_recency"":{""value"":236,""score"":0.0},""SR4_price_location"":{""score"":58.10810810810819},""SR5_reaction"":{""value"":1.891563038630454,""score"":94.5781519315227},""_score"":58.57,""_levels_found"":8,""_target_level"":13.815},""volume"":{""V1_rvol_day"":{""value"":0.33201290824703256,""score"":0},""V2_rvol_sameslot"":{""value"":0.2477427028694144,""score"":0,""status"":""ok""},""V3_breakout_bar"":{""value"":0.33112715077002913,""score"":0},""V4_base_dryup"":{""value"":1.0277983392202847,""score"":47.22016607797153},""V5_bo_expansion"":{""value"":0.3320129082470325,""score"":0},""_score"":9.44},""readiness"":{""_distance_atr"":-0.852,""BR1_atr_distance"":{""score"":42.9585844913381},""BR2_compression"":{""score"":91.68127997202271},""BR3_retest"":{""score"":100},""BR4_bo_age"":{""score"":30.0},""_score"":64.6},""risk"":{""R1_stop_clarity"":{""score"":64.67655393364561},""R2_stop_distance_pct"":{""value"":5.031840059237325,""score"":100.0},""R3_stop_distance_atr"":{""value"":0.9264395127128965,""score"":71.32197563564482},""R4_rr_potential"":{""value"":-1.1404605989257564,""score"":0.0},""_score"":63.34},""market"":{""M1_spy_regime"":{""score"":100.0},""M3_earnings_risk"":{""value"":null,""score"":80.0},""M4_vix"":{""value"":null,""score"":60.0},""_score"":84.0},""liquidity"":{""L1_price"":{""value"":13.505,""score"":100.0},""L2_dollar_vol"":{""value"":10553794.190637296,""score"":51.17043103771537},""L3_spread_proxy"":{""value"":0.051832654572380545,""score"":48.16734542761945},""L4_volume_zscore"":{""value"":-1.10103805102988,""score"":100.0},""_score"":75.28},""pattern_structure"":{""level"":12.88,""level_idx"":44,""breakout_idx"":54,""bo_peak_idx"":68,""bo_peak_price"":14.05,""retest_idx"":74,""retest_low"":12.955,""structural_low"":12.955,""current_price"":13.5,""neckline_distance_pct"":-0.04592592592592587,""base_bars"":35,""bars_since_breakout"":25},""pattern_geometry_features"":{""retest_depth_atr"":-0.3087599611844589,""bars_breakout_to_retest"":20.0,""bars_since_retest"":5.0,""current_above_level_atr"":2.552415679124881,""bo_peak_excess_pct"":0.09083850931677018,""atr_pct"":0.05431374623155447},""_schema_version"":""1.0""}",,,,,,,,,,
20260520T193044Z-73e07b,2026-05-20T19:30:44.960382+00:00,MA,ascending_triangle,absent,42.47,23.1,40.6,61.3,44.7,13.0,32.4,58.7,84.0,98.5,3.47,11.37,4.9,6.26,1.56,2.59,2.35,5.04,4.92,True,risk_unclear,497.615,512.9,480.6898,537.79,"{""trend"":{""T1_ema_stack"":{""value"":[false,false,false],""score"":0.0},""T2_ema50_slope"":{""value"":-0.08295282676699316,""score"":36.174528872167805},""T3_high_proximity"":{""value"":0.9452992914268347,""score"":72.64964571341731},""T4_rs_1m"":{""value"":-0.07864416002399421,""score"":0},""T5_rs_3m"":{""value"":-0.12542790329401032,""score"":0},""T6_adr_healthy"":{""value"":2.1688572036087024,""score"":100.0},""_score"":23.13},""geometry"":{""sub_flat_top_quality"":33.3,""sub_hl_slope"":2.3,""sub_compression"":59.7,""sub_duration"":100.0,""_score"":40.6},""compression"":{""VC1_atr_ratio"":{""value"":0.42392316674264,""score"":100},""VC2_range_contraction"":{""value"":0.9352391901357057,""score"":10.793468310715722},""VC3_range_pct_rank"":{""score"":70.0},""_score"":61.28},""sr_quality"":{""SR1_touches"":{""value"":3,""score"":50.0},""SR2_tightness"":{""value"":1.7563519642207965,""score"":68.99788119947607},""SR3_recency"":{""value"":230,""score"":0.0},""SR4_price_location"":{""score"":22.69736842105276},""SR5_reaction"":{""value"":1.829423332076722,""score"":91.4711666038361},""_score"":44.74,""_levels_found"":7,""_target_level"":505.4483},""volume"":{""V1_rvol_day"":{""value"":0.6161420446230168,""score"":7.742802974867787},""V2_rvol_sameslot"":{""value"":0.5289505095078536,""score"":1.9300339671902405,""status"":""ok""},""V3_breakout_bar"":{""value"":0.5877512699689127,""score"":5.8500846645941795},""V4_base_dryup"":{""value"":1.0204775046671881,""score"":47.95224953328119},""V5_bo_expansion"":{""value"":0.6161420446230168,""score"":0},""_score"":12.99},""readiness"":{""_distance_atr"":1.349,""BR1_atr_distance"":{""score"":10.065978513170023},""BR2_compression"":{""score"":43.55169726537872},""BR3_retest"":{""score"":50.0},""BR4_bo_age"":{""score"":50.0},""_score"":32.41},""risk"":{""R1_stop_clarity"":{""score"":0},""R2_stop_distance_pct"":{""value"":3.4012539814917218,""score"":100.0},""R3_stop_distance_atr"":{""value"":1.4937652637564536,""score"":99.68826318782268},""R4_rr_potential"":{""value"":2.37368649613149,""score"":68.6843248065745},""_score"":58.69},""market"":{""M1_spy_regime"":{""score"":100.0},""M3_earnings_risk"":{""value"":null,""score"":80.0},""M4_vix"":{""value"":null,""score"":60.0},""_score"":84.0},""liquidity"":{""L1_price"":{""value"":497.615,""score"":100.0},""L2_dollar_vol"":{""value"":1171776898.178563,""score"":100.0},""L3_spread_proxy"":{""value"":0.01517217125689535,""score"":84.82782874310465},""L4_volume_zscore"":{""value"":-1.3919159454555796,""score"":100.0},""_score"":98.48},""pattern_structure"":{""top"":512.9,""top_touches"":2,""low_slope_per_bar"":0.03393323100537711,""lowest_low"":488.01,""structural_low"":488.01,""current_price"":497.575,""neckline_distance_pct"":0.03079937697834495,""base_bars"":29},""pattern_geometry_features"":{""top_touches"":2.0,""low_slope"":0.03393323100537711,""compression"":0.29865526941877785,""atr_pct"":0.0227696684614181},""_schema_version"":""1.0""}",,,,,,,,,,
20260520T193044Z-73e07b,2026-05-20T19:30:44.960382+00:00,VNET,bull_flag,absent,42.37,62.7,36.9,17.7,43.1,10.8,36.0,80.3,84.0,88.0,8.78,11.08,1.6,4.31,1.51,3.24,2.41,5.04,4.4,False,,10.225,11.27,9.3526,13.74,"{""trend"":{""T1_ema_stack"":{""value"":[true,true,true],""score"":100.0},""T2_ema50_slope"":{""value"":-0.03896156644507975,""score"":43.50640559248671},""T3_high_proximity"":{""value"":0.8535058430717862,""score"":26.752921535893094},""T4_rs_1m"":{""value"":0.126211503510546,""score"":100},""T5_rs_3m"":{""value"":-0.2602864830593554,""score"":0},""T6_adr_healthy"":{""value"":5.636214138468367,""score"":100.0},""_score"":62.71},""geometry"":{""sub_pole_impulse"":68.0,""sub_flag_tightness"":6.7,""sub_flag_shallowness"":0,""sub_flag_drift"":99.0,""sub_flag_duration"":0.0,""_score"":36.92},""compression"":{""VC1_atr_ratio"":{""value"":0.9205615027802284,""score"":19.859624304942898},""VC2_range_contraction"":{""value"":1.6272222748889618,""score"":0},""VC3_range_pct_rank"":{""score"":39.16666666666667},""_score"":17.74},""sr_quality"":{""SR1_touches"":{""value"":2,""score"":25.0},""SR2_tightness"":{""value"":0.10749999999999993,""score"":72.14252660805182},""SR3_recency"":{""value"":274,""score"":0.0},""SR4_price_location"":{""score"":39.15900131406041},""SR5_reaction"":{""value"":2.4942156409069893,""score"":100},""_score"":43.11,""_levels_found"":6,""_target_level"":11.3825},""volume"":{""V1_rvol_day"":{""value"":0.505013466392328,""score"":0.33423109282186836},""V2_rvol_sameslot"":{""value"":0.6559490701351854,""score"":10.39660467567903,""status"":""ok""},""V3_breakout_bar"":{""value"":0.7983446186516778,""score"":19.88964124344519},""V4_base_dryup"":{""value"":1.316035208205986,""score"":18.396479179401396},""V5_bo_expansion"":{""value"":0.505013466392328,""score"":0},""_score"":10.8},""readiness"":{""_distance_atr"":1.354,""BR1_atr_distance"":{""score"":9.733148233842314},""BR2_compression"":{""score"":58.372312869564624},""BR3_retest"":{""score"":50.0},""BR4_bo_age"":{""score"":50.0},""_score"":35.99},""risk"":{""R1_stop_clarity"":{""score"":63.09208699676091},""R2_stop_distance_pct"":{""value"":8.532273838630806,""score"":86.69315403422986},""R3_stop_distance_atr"":{""value"":1.1303979639055994,""score"":81.51989819527998},""R4_rr_potential"":{""value"":4.028999627475141,""score"":100.0},""_score"":80.32},""market"":{""M1_spy_regime"":{""score"":100.0},""M3_earnings_risk"":{""value"":null,""score"":80.0},""M4_vix"":{""value"":null,""score"":60.0},""_score"":84.0},""liquidity"":{""L1_price"":{""value"":10.225,""score"":100.0},""L2_dollar_vol"":{""value"":49848737.04406477,""score"":84.88270798018536},""L3_spread_proxy"":{""value"":0.05916870415647909,""score"":40.83129584352091},""L4_volume_zscore"":{""value"":-0.35190989308272286,""score"":100.0},""_score"":88.04},""pattern_structure"":{""pole_low"":8.8,""pole_low_idx"":5,""peak_price"":11.27,""peak_idx"":30,""pole_gain"":0.28068181818181803,""flag_bars"":29,""flag_low"":9.495,""flag_high"":11.265,""structural_low"":9.495,""current_price"":10.225,""neckline_distance_pct"":0.102200488997555,""base_bars"":29},""pattern_geometry_features"":{""pole_gain"":0.28068181818181803,""pullback_pct"":0.15749778172138423,""flag_range_pct"":0.1570541259982255,""flag_drift_per_bar"":-0.00019702506413576902,""atr_pct"":0.07548026545581554,""pole_atr_multiple"":3.7186119641580073},""_schema_version"":""1.0""}",,,,,,,,,,
20260520T193044Z-73e07b,2026-05-20T19:30:44.960382+00:00,MIR,vcp,absent,42.27,10.0,48.7,56.8,41.3,16.2,25.2,73.8,84.0,84.4,1.5,12.18,6.81,4.95,2.11,1.77,3.69,5.04,4.22,False,,18.16,20.22,16.5874,25.75,"{""trend"":{""T1_ema_stack"":{""value"":[false,false,false],""score"":0.0},""T2_ema50_slope"":{""value"":-0.18434852886987063,""score"":19.275245188354894},""T3_high_proximity"":{""value"":0.81508078994614,""score"":7.540394973069963},""T4_rs_1m"":{""value"":-0.1280809380419291,""score"":0},""T5_rs_3m"":{""value"":-0.2360701968869222,""score"":0},""T6_adr_healthy"":{""value"":4.583428699366415,""score"":100.0},""_score"":9.99},""geometry"":{""sub_contraction_count"":100.0,""sub_reduction_rate"":0,""sub_pivot_tightness"":0,""sub_volume_dryup"":24.7,""sub_base_depth"":100.0,""sub_base_duration"":100.0,""_score"":48.7},""compression"":{""VC1_atr_ratio"":{""value"":0.4563433886982075,""score"":100},""VC2_range_contraction"":{""value"":0.9513955876288018,""score"":8.100735395199695},""VC3_range_pct_rank"":{""score"":55.833333333333336},""_score"":56.79},""sr_quality"":{""SR1_touches"":{""value"":2,""score"":25.0},""SR2_tightness"":{""value"":0.1999999999999993,""score"":51.95483754729461},""SR3_recency"":{""value"":228,""score"":0.0},""SR4_price_location"":{""score"":55.92417061611374},""SR5_reaction"":{""value"":1.5975016515524578,""score"":79.87508257762289},""_score"":41.26,""_levels_found"":7,""_target_level"":19.09},""volume"":{""V1_rvol_day"":{""value"":0.3596102119598289,""score"":0},""V2_rvol_sameslot"":{""value"":0.509319452503424,""score"":0.621296833561602,""status"":""ok""},""V3_breakout_bar"":{""value"":0.7295040407660185,""score"":15.300269384401233},""V4_base_dryup"":{""value"":0.8862776559435251,""score"":61.37223440564748},""V5_bo_expansion"":{""value"":0.35961021195982895,""score"":0},""_score"":16.22},""readiness"":{""_distance_atr"":2.474,""BR1_atr_distance"":{""score"":0},""BR2_compression"":{""score"":30.992611018734223},""BR3_retest"":{""score"":50.0},""BR4_bo_age"":{""score"":50.0},""_score"":25.25},""risk"":{""R1_stop_clarity"":{""score"":39.31895982223262},""R2_stop_distance_pct"":{""value"":8.659691629955955,""score"":83.50770925110113},""R3_stop_distance_atr"":{""value"":1.8888955618281207,""score"":100.0},""R4_rr_potential"":{""value"":4.826402136589084,""score"":100.0},""_score"":73.81},""market"":{""M1_spy_regime"":{""score"":100.0},""M3_earnings_risk"":{""value"":null,""score"":80.0},""M4_vix"":{""value"":null,""score"":60.0},""_score"":84.0},""liquidity"":{""L1_price"":{""value"":18.16,""score"":100.0},""L2_dollar_vol"":{""value"":25018417.50896608,""score"":69.912991788935},""L3_spread_proxy"":{""value"":0.035242290748898515,""score"":64.75770925110149},""L4_volume_zscore"":{""value"":-1.3261041664285667,""score"":100.0},""_score"":84.44},""pattern_structure"":{""n_contractions"":5,""contractions_pct"":[12.66,8.96,13.97,8.3,16.72],""descending_strict"":false,""final_low"":16.84,""final_pivot"":20.22,""structural_low"":16.84,""dry_up_ratio"":0.8763115200022464,""current_price"":18.16,""neckline_distance_pct"":0.11343612334801755,""base_bars"":39},""pattern_geometry_features"":{""contraction_count"":5.0,""first_contraction_pct"":0.12655789003129186,""last_contraction_pct"":0.16716122650840748,""dry_up_ratio"":0.8763115200022464,""near_monotone"":0.0,""base_depth_pct"":0.24720607957085386},""_schema_version"":""1.0""}",,,,,,,,,,
20260520T193044Z-73e07b,2026-05-20T19:30:44.960382+00:00,HLNE,double_bottom,absent,42.2,5.0,41.2,72.7,45.4,15.8,42.4,71.8,84.0,83.5,0.75,10.3,5.82,6.36,2.06,3.39,4.31,5.04,4.17,True,risk_unclear,85.4,89.995,81.4447,97.305,"{""trend"":{""T1_ema_stack"":{""value"":[false,false,false],""score"":0.0},""T2_ema50_slope"":{""value"":-0.5997626474779139,""score"":0},""T3_high_proximity"":{""value"":0.7762225049990912,""score"":0},""T4_rs_1m"":{""value"":-0.24711037457914575,""score"":0},""T5_rs_3m"":{""value"":-0.32614937713843595,""score"":0},""T6_adr_healthy"":{""value"":4.831746052259061,""score"":100.0},""_score"":5.0},""geometry"":{""sub_low_similarity"":23.7,""sub_bounce_quality"":83.4,""sub_separation_fit"":0.0,""sub_right_bottom_reaction"":76.2,""sub_base_context"":30.0,""_score"":41.22},""compression"":{""VC1_atr_ratio"":{""value"":0.2723208493046829,""score"":100},""VC2_range_contraction"":{""value"":0.6572489819759675,""score"":57.12516967067209},""VC3_range_pct_rank"":{""score"":50.83333333333333},""_score"":72.7},""sr_quality"":{""SR1_touches"":{""value"":2,""score"":25.0},""SR2_tightness"":{""value"":0.5249999999999986,""score"":68.93202241966716},""SR3_recency"":{""value"":251,""score"":0.0},""SR4_price_location"":{""score"":50.3356186965821},""SR5_reaction"":{""value"":4.524089306698003,""score"":100},""_score"":45.42,""_levels_found"":5,""_target_level"":90.995},""volume"":{""V1_rvol_day"":{""value"":0.2690796662089672,""score"":0},""V2_rvol_sameslot"":{""value"":0.38639444870797884,""score"":0,""status"":""ok""},""V3_breakout_bar"":{""value"":1.0050365066951692,""score"":33.669100446344615},""V4_base_dryup"":{""value"":1.1305996759646686,""score"":36.94003240353314},""V5_bo_expansion"":{""value"":0.2690796662089672,""score"":0},""_score"":15.81},""readiness"":{""_distance_atr"":1.36,""BR1_atr_distance"":{""score"":9.360408265631918},""BR2_compression"":{""score"":84.53096679439109},""BR3_retest"":{""score"":50.0},""BR4_bo_age"":{""score"":50.0},""_score"":42.38},""risk"":{""R1_stop_clarity"":{""score"":26.60412210771939},""R2_stop_distance_pct"":{""value"":4.631469555035129,""score"":100.0},""R3_stop_distance_atr"":{""value"":1.1703085240385838,""score"":83.51542620192919},""R4_rr_potential"":{""value"":3.009904494630588,""score"":100.0},""_score"":71.84},""market"":{""M1_spy_regime"":{""score"":100.0},""M3_earnings_risk"":{""value"":null,""score"":80.0},""M4_vix"":{""value"":null,""score"":60.0},""_score"":84.0},""liquidity"":{""L1_price"":{""value"":85.4,""score"":100.0},""L2_dollar_vol"":{""value"":22606336.261546798,""score"":67.71150916476452},""L3_spread_proxy"":{""value"":0.036007025761124155,""score"":63.992974238875846},""L4_volume_zscore"":{""value"":-1.2957553444659533,""score"":100.0},""_score"":83.48},""pattern_structure"":{""left_low"":85.9,""left_idx"":26,""right_low"":82.685,""right_idx"":74,""separation_bars"":48,""structural_low"":82.685,""current_price"":85.4,""neckline_distance_pct"":0.053805620608899284,""base_bars"":48},""pattern_geometry_features"":{""low_similarity_pct"":0.03814099712311301,""bounce_pct"":0.0884078127834553,""right_bottom_reaction"":0.7624190064794827,""atr_pct"":0.03957477417196385},""_schema_version"":""1.0""}",,,,,,,,,,
20260520T193044Z-73e07b,2026-05-20T19:30:44.960382+00:00,PEGA,bull_flag,absent,42.18,5.0,32.9,52.2,56.4,34.4,56.9,67.5,84.0,85.4,0.7,9.88,4.7,5.64,4.81,5.12,2.03,5.04,4.27,False,,34.145,35.49,31.52,38.75,"{""trend"":{""T1_ema_stack"":{""value"":[false,false,false],""score"":0.0},""T2_ema50_slope"":{""value"":-0.6777533658168561,""score"":0},""T3_high_proximity"":{""value"":0.7218816067653278,""score"":0},""T4_rs_1m"":{""value"":-0.1827332391744162,""score"":0},""T5_rs_3m"":{""value"":-0.31905529819627043,""score"":0},""T6_adr_healthy"":{""value"":4.8304399100531805,""score"":100.0},""_score"":5.0},""geometry"":{""sub_pole_impulse"":26.4,""sub_flag_tightness"":0,""sub_flag_shallowness"":0,""sub_flag_drift"":100,""sub_flag_duration"":100.0,""_score"":32.92},""compression"":{""VC1_atr_ratio"":{""value"":0.3670670395217566,""score"":100},""VC2_range_contraction"":{""value"":0.857947448414297,""score"":23.675425264283827},""VC3_range_pct_rank"":{""score"":15.833333333333332},""_score"":52.24},""sr_quality"":{""SR1_touches"":{""value"":2,""score"":25.0},""SR2_tightness"":{""value"":0.2375000000000007,""score"":71.70212765957437},""SR3_recency"":{""value"":239,""score"":0.0},""SR4_price_location"":{""score"":92.35957446808507},""SR5_reaction"":{""value"":2.131276595744681,""score"":100},""_score"":56.35,""_levels_found"":6,""_target_level"":34.5725},""volume"":{""V1_rvol_day"":{""value"":0.5460278889268918,""score"":3.0685259284594535},""V2_rvol_sameslot"":{""value"":0.7481620124726577,""score"":16.544134164843847,""status"":""ok""},""V3_breakout_bar"":{""value"":1.2409235466130082,""score"":49.39490310753388},""V4_base_dryup"":{""value"":0.5951024915804688,""score"":90.48975084195312},""V5_bo_expansion"":{""value"":0.5460278889268919,""score"":0},""_score"":34.37},""readiness"":{""_distance_atr"":0.801,""BR1_atr_distance"":{""score"":46.58156028368799},""BR2_compression"":{""score"":82.97974104107149},""BR3_retest"":{""score"":50.0},""BR4_bo_age"":{""score"":50.0},""_score"":56.88},""risk"":{""R1_stop_clarity"":{""score"":42.808510638297825},""R2_stop_distance_pct"":{""value"":7.687802020793684,""score"":100.0},""R3_stop_distance_atr"":{""value"":1.5638297872340445,""score"":100.0},""R4_rr_potential"":{""value"":1.7542857142857133,""score"":37.714285714285666},""_score"":67.53},""market"":{""M1_spy_regime"":{""score"":100.0},""M3_earnings_risk"":{""value"":null,""score"":80.0},""M4_vix"":{""value"":null,""score"":60.0},""_score"":84.0},""liquidity"":{""L1_price"":{""value"":34.145,""score"":100.0},""L2_dollar_vol"":{""value"":40059471.60010806,""score"":80.13526082417495},""L3_spread_proxy"":{""value"":0.06618831454092833,""score"":33.81168545907167},""L4_volume_zscore"":{""value"":-1.1274407255630083,""score"":100.0},""_score"":85.44},""pattern_structure"":{""pole_low"":32.23,""pole_low_idx"":30,""peak_price"":35.49,""peak_idx"":48,""pole_gain"":0.10114799875892043,""flag_bars"":11,""flag_low"":32.0,""flag_high"":34.4,""structural_low"":32.0,""current_price"":34.14,""neckline_distance_pct"":0.0395430579964851,""base_bars"":11},""pattern_geometry_features"":{""pole_gain"":0.10114799875892043,""pullback_pct"":0.09833755987602147,""flag_range_pct"":0.06762468300929834,""flag_drift_per_bar"":0.002333972413058547,""atr_pct"":0.04916009455473506,""pole_atr_multiple"":2.0575224615628396},""_schema_version"":""1.0""}",,,,,,,,,,
20260520T193044Z-73e07b,2026-05-20T19:30:44.960382+00:00,KVYO,high_tight_pullback,absent,42.16,5.0,40.4,62.1,52.4,1.5,69.8,82.3,84.0,93.5,0.6,14.14,6.21,4.19,0.21,6.28,0.82,5.04,4.67,False,,15.005,15.45,14.312,17.37,"{""trend"":{""T1_ema_stack"":{""value"":[false,false,false],""score"":0.0},""T2_ema50_slope"":{""value"":-0.5066528549384726,""score"":0},""T3_high_proximity"":{""value"":0.6431633090441492,""score"":0},""T4_rs_1m"":{""value"":-0.31298526682573924,""score"":0},""T5_rs_3m"":{""value"":-0.25472408125879775,""score"":0},""T6_adr_healthy"":{""value"":5.964821325897072,""score"":100.0},""_score"":5.0},""geometry"":{""sub_pole_impulse"":8.9,""sub_flag_tightness"":46.0,""sub_flag_shallowness"":16.1,""sub_flag_drift"":100,""sub_flag_duration"":80.0,""_score"":40.39},""compression"":{""VC1_atr_ratio"":{""value"":0.2630027096045881,""score"":100},""VC2_range_contraction"":{""value"":0.9538208844028587,""score"":7.696519266190213},""VC3_range_pct_rank"":{""score"":77.5},""_score"":62.07},""sr_quality"":{""SR1_touches"":{""value"":2,""score"":25.0},""SR2_tightness"":{""value"":0.3200000000000012,""score"":59.225094769799114},""SR3_recency"":{""value"":251,""score"":0.0},""SR4_price_location"":{""score"":83.84931488147517},""SR5_reaction"":{""value"":2.3111088862898925,""score"":100},""_score"":52.35,""_levels_found"":8,""_target_level"":15.85},""volume"":{""V1_rvol_day"":{""value"":0.6116030777965644,""score"":7.440205186437628},""V2_rvol_sameslot"":{""value"":0.3754286661002896,""score"":0,""status"":""ok""},""V3_breakout_bar"":{""value"":0.4434455886543348,""score"":0},""V4_base_dryup"":{""value"":1.862049892589208,""score"":0},""V5_bo_expansion"":{""value"":0.6116030777965643,""score"":0},""_score"":1.49},""readiness"":{""_distance_atr"":0.284,""BR1_atr_distance"":{""score"":81.09913247141743},""BR2_compression"":{""score"":79.50203817967181},""BR3_retest"":{""score"":50.0},""BR4_bo_age"":{""score"":50.0},""_score"":69.82},""risk"":{""R1_stop_clarity"":{""score"":72.22846689086795},""R2_stop_distance_pct"":{""value"":4.618127290903042,""score"":100.0},""R3_stop_distance_atr"":{""value"":0.44148391530105724,""score"":47.07419576505286},""R4_rr_potential"":{""value"":3.41294465690164,""score"":100.0},""_score"":82.34},""market"":{""M1_spy_regime"":{""score"":100.0},""M3_earnings_risk"":{""value"":null,""score"":80.0},""M4_vix"":{""value"":null,""score"":60.0},""_score"":84.0},""liquidity"":{""L1_price"":{""value"":15.005,""score"":100.0},""L2_dollar_vol"":{""value"":72357314.0263529,""score"":92.97412185273868},""L3_spread_proxy"":{""value"":0.03732089303565481,""score"":62.67910696434519},""L4_volume_zscore"":{""value"":-0.6497789122296422,""score"":100.0},""_score"":93.46},""pattern_structure"":{""pole_low"":13.53,""pole_low_idx"":24,""peak_price"":15.45,""peak_idx"":48,""pole_gain"":0.1419068736141907,""flag_bars"":11,""flag_low"":14.53,""flag_high"":15.24,""structural_low"":14.53,""current_price"":14.99,""neckline_distance_pct"":0.03068712474983316,""base_bars"":11},""pattern_geometry_features"":{""pole_gain"":0.1419068736141907,""pullback_pct"":0.05954692556634304,""flag_range_pct"":0.04595469255663436,""flag_drift_per_bar"":0.0007216932500455132,""atr_pct"":0.10460465559099347,""pole_atr_multiple"":1.356601891306346},""_schema_version"":""1.0""}",,,,,,,,,,
20260520T193044Z-73e07b,2026-05-20T19:30:44.960382+00:00,SRAD,double_bottom,absent,42.05,5.0,40.7,82.1,46.0,16.0,24.1,80.9,84.0,84.3,0.75,10.18,6.57,6.45,2.08,1.92,4.85,5.04,4.22,False,,13.32,14.4399,12.2928,16.3998,"{""trend"":{""T1_ema_stack"":{""value"":[false,false,false],""score"":0.0},""T2_ema50_slope"":{""value"":-0.9681310434545071,""score"":0},""T3_high_proximity"":{""value"":0.6764855256475368,""score"":0},""T4_rs_1m"":{""value"":-0.26081001646055646,""score"":0},""T5_rs_3m"":{""value"":-0.3190149915896723,""score"":0},""T6_adr_healthy"":{""value"":6.249996140121463,""score"":100.0},""_score"":5.0},""geometry"":{""sub_low_similarity"":1.5,""sub_bounce_quality"":100,""sub_separation_fit"":0.0,""sub_right_bottom_reaction"":95.1,""sub_base_context"":30.0,""_score"":40.71},""compression"":{""VC1_atr_ratio"":{""value"":0.27206603657050227,""score"":100},""VC2_range_contraction"":{""value"":0.5889061476717079,""score"":68.51564205471536},""VC3_range_pct_rank"":{""score"":72.5},""_score"":82.11},""sr_quality"":{""SR1_touches"":{""value"":2,""score"":25.0},""SR2_tightness"":{""value"":0.13004999999999978,""score"":62.23397635345371},""SR3_recency"":{""value"":233,""score"":0.0},""SR4_price_location"":{""score"":56.823088481666375},""SR5_reaction"":{""value"":4.602706907280647,""score"":100},""_score"":46.04,""_levels_found"":6,""_target_level"":14.5699},""volume"":{""V1_rvol_day"":{""value"":0.3846526842819955,""score"":0},""V2_rvol_sameslot"":{""value"":0.4796426362257267,""score"":0,""status"":""ok""},""V3_breakout_bar"":{""value"":1.28108089863609,""score"":52.072059909072664},""V4_base_dryup"":{""value"":1.3521020228032348,""score"":14.789797719676528},""V5_bo_expansion"":{""value"":0.3846526842819955,""score"":0},""_score"":15.98},""readiness"":{""_distance_atr"":1.626,""BR1_atr_distance"":{""score"":0},""BR2_compression"":{""score"":26.185713218932484},""BR3_retest"":{""score"":50.0},""BR4_bo_age"":{""score"":50.0},""_score"":24.05},""risk"":{""R1_stop_clarity"":{""score"":45.6378344741753},""R2_stop_distance_pct"":{""value"":7.711711711711716,""score"":100.0},""R3_stop_distance_atr"":{""value"":1.491474797759801,""score"":99.57373988799006},""R4_rr_potential"":{""value"":2.998247663551399,""score"":99.91238317756994},""_score"":80.89},""market"":{""M1_spy_regime"":{""score"":100.0},""M3_earnings_risk"":{""value"":null,""score"":80.0},""M4_vix"":{""value"":null,""score"":60.0},""_score"":84.0},""liquidity"":{""L1_price"":{""value"":13.32,""score"":100.0},""L2_dollar_vol"":{""value"":23406307.04769552,""score"":68.4666448938788},""L3_spread_proxy"":{""value"":0.03078078078078079,""score"":69.21921921921921},""L4_volume_zscore"":{""value"":-0.9842190707023731,""score"":100.0},""_score"":84.31},""pattern_structure"":{""left_low"":13.1101,""left_idx"":14,""right_low"":12.48,""right_idx"":62,""separation_bars"":48,""structural_low"":12.48,""current_price"":13.305,""neckline_distance_pct"":0.08529875986471251,""base_bars"":48},""pattern_geometry_features"":{""low_similarity_pct"":0.04924560669946571,""bounce_pct"":0.15704326923076917,""right_bottom_reaction"":0.9512195121951187,""atr_pct"":0.05170527670527672},""_schema_version"":""1.0""}",,,,,,,,,,
20260520T193044Z-73e07b,2026-05-20T19:30:44.960382+00:00,NOW,vcp,setup,42.04,18.7,42.5,44.8,54.6,9.9,49.9,43.0,84.0,94.5,2.81,10.61,5.37,6.55,1.29,3.49,2.15,5.04,4.72,False,,102.19,95.62,84.1584,136.85,"{""trend"":{""T1_ema_stack"":{""value"":[true,false,false],""score"":33.33333333333333},""T2_ema50_slope"":{""value"":-0.41401622655035325,""score"":0},""T3_high_proximity"":{""value"":0.8218594177255911,""score"":10.92970886279554},""T4_rs_1m"":{""value"":-0.03131254807069661,""score"":18.68745192930339},""T5_rs_3m"":{""value"":-0.13014597809072992,""score"":0},""T6_adr_healthy"":{""value"":5.045730766495273,""score"":100.0},""_score"":18.71},""geometry"":{""sub_contraction_count"":100.0,""sub_reduction_rate"":0,""sub_pivot_tightness"":0,""sub_volume_dryup"":0,""sub_base_depth"":74.5,""sub_base_duration"":100.0,""_score"":42.45},""compression"":{""VC1_atr_ratio"":{""value"":0.5209829779239799,""score"":100},""VC2_range_contraction"":{""value"":1.0353100215546143,""score"":0},""VC3_range_pct_rank"":{""score"":19.166666666666664},""_score"":44.79},""sr_quality"":{""SR1_touches"":{""value"":3,""score"":50.0},""SR2_tightness"":{""value"":0.8493657764604252,""score"":69.23180993714735},""SR3_recency"":{""value"":245,""score"":0.0},""SR4_price_location"":{""score"":56.70456983479936},""SR5_reaction"":{""value"":3.3133708261045243,""score"":100},""_score"":54.56,""_levels_found"":5,""_target_level"":105.5533},""volume"":{""V1_rvol_day"":{""value"":0.720643235388196,""score"":14.709549025879731},""V2_rvol_sameslot"":{""value"":0.6000333866983705,""score"":6.668892446558032,""status"":""ok""},""V3_breakout_bar"":{""value"":0.3700955212400054,""score"":0},""V4_base_dryup"":{""value"":1.2178619503560812,""score"":28.21380496439187},""V5_bo_expansion"":{""value"":0.720643235388196,""score"":0},""_score"":9.92},""readiness"":{""_distance_atr"":-1.19,""BR1_atr_distance"":{""score"":36.20024089558306},""BR2_compression"":{""score"":71.58657466976925},""BR3_retest"":{""score"":50.0},""BR4_bo_age"":{""score"":50.0},""_score"":49.88},""risk"":{""R1_stop_clarity"":{""score"":53.57416854152096},""R2_stop_distance_pct"":{""value"":17.645170760348368,""score"":0.0},""R3_stop_distance_atr"":{""value"":3.2659645073607684,""score"":100.0},""R4_rr_potential"":{""value"":1.9221810599170361,""score"":46.109052995851805},""_score"":42.97},""market"":{""M1_spy_regime"":{""score"":100.0},""M3_earnings_risk"":{""value"":null,""score"":80.0},""M4_vix"":{""value"":null,""score"":60.0},""_score"":84.0},""liquidity"":{""L1_price"":{""value"":102.19,""score"":100.0},""L2_dollar_vol"":{""value"":2268566924.807794,""score"":100.0},""L3_spread_proxy"":{""value"":0.0550934533711713,""score"":44.9065466288287},""L4_volume_zscore"":{""value"":-0.5344240172127426,""score"":100.0},""_score"":94.49},""pattern_structure"":{""n_contractions"":5,""contractions_pct"":[11.81,17.35,23.05,20.02,10.65],""descending_strict"":false,""final_low"":85.44,""final_pivot"":95.62,""structural_low"":85.44,""dry_up_ratio"":1.005968858897701,""current_price"":102.19,""neckline_distance_pct"":-0.06429200508856046,""base_bars"":47},""pattern_geometry_features"":{""contraction_count"":5.0,""first_contraction_pct"":0.118102155206442,""last_contraction_pct"":0.10646308303702161,""dry_up_ratio"":1.005968858897701,""near_monotone"":0.0,""base_depth_pct"":0.3254914344359359},""_schema_version"":""1.0""}",,,,,,,,,,
20260520T193044Z-73e07b,2026-05-20T19:30:44.960382+00:00,MIR,double_bottom,absent,41.9,10.0,47.9,56.8,41.3,16.1,29.1,74.1,84.0,84.4,1.5,11.97,4.54,5.78,2.09,2.32,4.44,5.04,4.22,False,,18.16,19.29,17.3261,20.99,"{""trend"":{""T1_ema_stack"":{""value"":[false,false,false],""score"":0.0},""T2_ema50_slope"":{""value"":-0.18434852886987063,""score"":19.275245188354894},""T3_high_proximity"":{""value"":0.81508078994614,""score"":7.540394973069963},""T4_rs_1m"":{""value"":-0.1280809380419291,""score"":0},""T5_rs_3m"":{""value"":-0.2360701968869222,""score"":0},""T6_adr_healthy"":{""value"":4.583428699366415,""score"":100.0},""_score"":9.99},""geometry"":{""sub_low_similarity"":11.6,""sub_bounce_quality"":95.2,""sub_separation_fit"":60.0,""sub_right_bottom_reaction"":69.0,""sub_base_context"":30.0,""_score"":47.87},""compression"":{""VC1_atr_ratio"":{""value"":0.4563433886982075,""score"":100},""VC2_range_contraction"":{""value"":0.9513955876288018,""score"":8.100735395199695},""VC3_range_pct_rank"":{""score"":55.833333333333336},""_score"":56.79},""sr_quality"":{""SR1_touches"":{""value"":2,""score"":25.0},""SR2_tightness"":{""value"":0.1999999999999993,""score"":51.95483754729461},""SR3_recency"":{""value"":228,""score"":0.0},""SR4_price_location"":{""score"":55.92417061611374},""SR5_reaction"":{""value"":1.5975016515524578,""score"":79.87508257762289},""_score"":41.26,""_levels_found"":7,""_target_level"":19.09},""volume"":{""V1_rvol_day"":{""value"":0.3596102119598289,""score"":0},""V2_rvol_sameslot"":{""value"":0.509319452503424,""score"":0.621296833561602,""status"":""ok""},""V3_breakout_bar"":{""value"":0.7295040407660185,""score"":15.300269384401233},""V4_base_dryup"":{""value"":0.8945531704757271,""score"":60.54468295242729},""V5_bo_expansion"":{""value"":0.35961021195982895,""score"":0},""_score"":16.06},""readiness"":{""_distance_atr"":1.357,""BR1_atr_distance"":{""score"":9.514944047404597},""BR2_compression"":{""score"":30.992611018734223},""BR3_retest"":{""score"":50.0},""BR4_bo_age"":{""score"":50.0},""_score"":29.05},""risk"":{""R1_stop_clarity"":{""score"":36.61641943426783},""R2_stop_distance_pct"":{""value"":4.591685022026441,""score"":100.0},""R3_stop_distance_atr"":{""value"":1.0015614677797153,""score"":75.07807338898577},""R4_rr_potential"":{""value"":3.3938957846135303,""score"":100.0},""_score"":74.08},""market"":{""M1_spy_regime"":{""score"":100.0},""M3_earnings_risk"":{""value"":null,""score"":80.0},""M4_vix"":{""value"":null,""score"":60.0},""_score"":84.0},""liquidity"":{""L1_price"":{""value"":18.16,""score"":100.0},""L2_dollar_vol"":{""value"":25018417.50896608,""score"":69.912991788935},""L3_spread_proxy"":{""value"":0.035242290748898515,""score"":64.75770925110149},""L4_volume_zscore"":{""value"":-1.3261041664285667,""score"":100.0},""_score"":84.44},""pattern_structure"":{""left_low"":18.385,""left_idx"":33,""right_low"":17.59,""right_idx"":69,""separation_bars"":36,""structural_low"":17.59,""current_price"":18.205,""neckline_distance_pct"":0.05959901126064273,""base_bars"":36},""pattern_geometry_features"":{""low_similarity_pct"":0.04419735927727598,""bounce_pct"":0.09664582148948263,""right_bottom_reaction"":0.6896551724137927,""atr_pct"":0.0458452643171806},""_schema_version"":""1.0""}",,,,,,,,,,
20260520T193044Z-73e07b,2026-05-20T19:30:44.960382+00:00,KVYO,vcp,absent,41.89,5.0,45.0,62.1,52.4,4.9,37.4,63.9,84.0,93.5,0.75,11.25,7.45,6.28,0.63,2.62,3.19,5.04,4.67,False,,15.005,23.52,13.327,28.673,"{""trend"":{""T1_ema_stack"":{""value"":[false,false,false],""score"":0.0},""T2_ema50_slope"":{""value"":-0.5066528549384726,""score"":0},""T3_high_proximity"":{""value"":0.6431633090441492,""score"":0},""T4_rs_1m"":{""value"":-0.31298526682573924,""score"":0},""T5_rs_3m"":{""value"":-0.25472408125879775,""score"":0},""T6_adr_healthy"":{""value"":5.964821325897072,""score"":100.0},""_score"":5.0},""geometry"":{""sub_contraction_count"":100.0,""sub_reduction_rate"":0,""sub_pivot_tightness"":0,""sub_volume_dryup"":0,""sub_base_depth"":100.0,""sub_base_duration"":100.0,""_score"":45.0},""compression"":{""VC1_atr_ratio"":{""value"":0.2630027096045881,""score"":100},""VC2_range_contraction"":{""value"":0.9538208844028587,""score"":7.696519266190213},""VC3_range_pct_rank"":{""score"":77.5},""_score"":62.07},""sr_quality"":{""SR1_touches"":{""value"":2,""score"":25.0},""SR2_tightness"":{""value"":0.3200000000000012,""score"":59.225094769799114},""SR3_recency"":{""value"":251,""score"":0.0},""SR4_price_location"":{""score"":83.84931488147517},""SR5_reaction"":{""value"":2.3111088862898925,""score"":100},""_score"":52.35,""_levels_found"":8,""_target_level"":15.85},""volume"":{""V1_rvol_day"":{""value"":0.6116030777965644,""score"":7.440205186437628},""V2_rvol_sameslot"":{""value"":0.3754286661002896,""score"":0,""status"":""ok""},""V3_breakout_bar"":{""value"":0.4434455886543348,""score"":0},""V4_base_dryup"":{""value"":1.330329825000481,""score"":16.967017499951908},""V5_bo_expansion"":{""value"":0.6116030777965643,""score"":0},""_score"":4.88},""readiness"":{""_distance_atr"":5.425,""BR1_atr_distance"":{""score"":0},""BR2_compression"":{""score"":79.50203817967181},""BR3_retest"":{""score"":50.0},""BR4_bo_age"":{""score"":50.0},""_score"":37.38},""risk"":{""R1_stop_clarity"":{""score"":74.13979057353369},""R2_stop_distance_pct"":{""value"":11.182605798067316,""score"":20.434855048317104},""R3_stop_distance_atr"":{""value"":1.0690351911096152,""score"":78.45175955548076},""R4_rr_potential"":{""value"":8.145653922941682,""score"":100.0},""_score"":63.85},""market"":{""M1_spy_regime"":{""score"":100.0},""M3_earnings_risk"":{""value"":null,""score"":80.0},""M4_vix"":{""value"":null,""score"":60.0},""_score"":84.0},""liquidity"":{""L1_price"":{""value"":15.005,""score"":100.0},""L2_dollar_vol"":{""value"":72357314.0263529,""score"":92.97412185273868},""L3_spread_proxy"":{""value"":0.03732089303565481,""score"":62.67910696434519},""L4_volume_zscore"":{""value"":-0.6497789122296422,""score"":100.0},""_score"":93.46},""pattern_structure"":{""n_contractions"":5,""contractions_pct"":[16.88,18.91,17.92,14.2,42.47],""descending_strict"":false,""final_low"":13.53,""final_pivot"":23.52,""structural_low"":13.53,""dry_up_ratio"":1.4835586979210131,""current_price"":15.005,""neckline_distance_pct"":0.5674775074975007,""base_bars"":57},""pattern_geometry_features"":{""contraction_count"":5.0,""first_contraction_pct"":0.1687630466199219,""last_contraction_pct"":0.4247448979591837,""dry_up_ratio"":1.4835586979210131,""near_monotone"":0.0,""base_depth_pct"":0.27581223572231445},""_schema_version"":""1.0""}",,,,,,,,,,
20260520T193044Z-73e07b,2026-05-20T19:30:44.960382+00:00,CNR,bull_flag,absent,41.88,14.3,25.2,62.0,63.8,29.4,52.9,70.3,84.0,86.7,2.01,7.56,5.58,6.38,4.11,4.76,2.11,5.04,4.33,False,,83.16,85.83,80.5336,91.08,"{""trend"":{""T1_ema_stack"":{""value"":[false,false,true],""score"":33.33333333333333},""T2_ema50_slope"":{""value"":-0.26974050218675855,""score"":5.043249635540242},""T3_high_proximity"":{""value"":0.7344343371897907,""score"":0},""T4_rs_1m"":{""value"":-0.1137128222046756,""score"":0},""T5_rs_3m"":{""value"":-0.1576962105547115,""score"":0},""T6_adr_healthy"":{""value"":3.865427888180639,""score"":100.0},""_score"":14.34},""geometry"":{""sub_pole_impulse"":12.8,""sub_flag_tightness"":0.5,""sub_flag_shallowness"":0,""sub_flag_drift"":100,""sub_flag_duration"":62.5,""_score"":25.21},""compression"":{""VC1_atr_ratio"":{""value"":0.3211543187190685,""score"":100},""VC2_range_contraction"":{""value"":0.9625881768082145,""score"":6.235303865297581},""VC3_range_pct_rank"":{""score"":79.16666666666666},""_score"":61.97},""sr_quality"":{""SR1_touches"":{""value"":8,""score"":100},""SR2_tightness"":{""value"":0.8601153629019787,""score"":52.018747312861535},""SR3_recency"":{""value"":227,""score"":0.0},""SR4_price_location"":{""score"":43.92949933291209},""SR5_reaction"":{""value"":2.4322116629808948,""score"":100},""_score"":63.79,""_levels_found"":6,""_target_level"":85.1562},""volume"":{""V1_rvol_day"":{""value"":0.5127310872767589,""score"":0.8487391517839246},""V2_rvol_sameslot"":{""value"":0.6695590090686457,""score"":11.303933937909715,""status"":""ok""},""V3_breakout_bar"":{""value"":1.1025811596841528,""score"":40.172077312276855},""V4_base_dryup"":{""value"":0.6544713295322215,""score"":84.55286704677785},""V5_bo_expansion"":{""value"":0.5127310872767589,""score"":0},""_score"":29.38},""readiness"":{""_distance_atr"":0.745,""BR1_atr_distance"":{""score"":50.351642659334914},""BR2_compression"":{""score"":60.85638797511602},""BR3_retest"":{""score"":50.0},""BR4_bo_age"":{""score"":50.0},""_score"":52.85},""risk"":{""R1_stop_clarity"":{""score"":31.58567927798704},""R2_stop_distance_pct"":{""value"":3.1582491582491463,""score"":100.0},""R3_stop_distance_atr"":{""value"":0.7325643017950684,""score"":61.628215089753425},""R4_rr_potential"":{""value"":3.015534572037783,""score"":100.0},""_score"":70.3},""market"":{""M1_spy_regime"":{""score"":100.0},""M3_earnings_risk"":{""value"":null,""score"":80.0},""M4_vix"":{""value"":null,""score"":60.0},""_score"":84.0},""liquidity"":{""L1_price"":{""value"":83.16,""score"":100.0},""L2_dollar_vol"":{""value"":30879842.047361996,""score"":74.48375351107592},""L3_spread_proxy"":{""value"":0.031024531024531007,""score"":68.975468975469},""L4_volume_zscore"":{""value"":-1.8245044609566197,""score"":100.0},""_score"":86.69},""pattern_structure"":{""pole_low"":80.58,""pole_low_idx"":30,""peak_price"":85.83,""peak_idx"":36,""pole_gain"":0.06515264333581534,""flag_bars"":23,""flag_low"":81.76,""flag_high"":85.1,""structural_low"":81.76,""current_price"":83.17,""neckline_distance_pct"":0.031982686064686745,""base_bars"":23},""pattern_geometry_features"":{""pole_gain"":0.06515264333581534,""pullback_pct"":0.04741931725503895,""flag_range_pct"":0.038914132587673185,""flag_drift_per_bar"":7.747477546108776e-05,""atr_pct"":0.043112244897959166,""pole_atr_multiple"":1.5112329105112203},""_schema_version"":""1.0""}",,,,,,,,,,
20260520T193044Z-73e07b,2026-05-20T19:30:44.960382+00:00,UEC,vcp,invalidated,41.84,27.3,42.3,29.6,62.8,21.1,29.3,33.4,84.0,91.9,4.1,10.57,3.55,7.53,2.75,2.05,1.67,5.04,4.59,False,,12.725,15.98,13.1694,17.79,"{""trend"":{""T1_ema_stack"":{""value"":[false,false,true],""score"":33.33333333333333},""T2_ema50_slope"":{""value"":0.11932439106430044,""score"":69.88739851071674},""T3_high_proximity"":{""value"":0.7726168791742563,""score"":0},""T4_rs_1m"":{""value"":-0.1711610508242809,""score"":0},""T5_rs_3m"":{""value"":-0.2920195286960351,""score"":0},""T6_adr_healthy"":{""value"":7.5315236825974585,""score"":100.0},""_score"":27.31},""geometry"":{""sub_contraction_count"":100.0,""sub_reduction_rate"":1.4,""sub_pivot_tightness"":0,""sub_volume_dryup"":0,""sub_base_depth"":69.2,""sub_base_duration"":100.0,""_score"":42.27},""compression"":{""VC1_atr_ratio"":{""value"":0.7748539158056691,""score"":56.28652104858273},""VC2_range_contraction"":{""value"":1.1013330980452527,""score"":0},""VC3_range_pct_rank"":{""score"":28.333333333333332},""_score"":29.6},""sr_quality"":{""SR1_touches"":{""value"":4,""score"":75.0},""SR2_tightness"":{""value"":0.28265206084513145,""score"":49.87168923445857},""SR3_recency"":{""value"":239,""score"":0.0},""SR4_price_location"":{""score"":74.25456739055491},""SR5_reaction"":{""value"":1.8943184697238407,""score"":94.71592348619204},""_score"":62.75,""_levels_found"":6,""_target_level"":13.0237},""volume"":{""V1_rvol_day"":{""value"":0.91648330053824,""score"":27.765553369216},""V2_rvol_sameslot"":{""value"":0.7357168077589948,""score"":15.714453850599655,""status"":""ok""},""V3_breakout_bar"":{""value"":0.41737669377045744,""score"":0},""V4_base_dryup"":{""value"":0.8782859360299606,""score"":62.171406397003935},""V5_bo_expansion"":{""value"":0.9164833005382401,""score"":0},""_score"":21.13},""readiness"":{""_distance_atr"":2.886,""BR1_atr_distance"":{""score"":0},""BR2_compression"":{""score"":47.13070519779226},""BR3_retest"":{""score"":50.0},""BR4_bo_age"":{""score"":50.0},""_score"":29.28},""risk"":{""R1_stop_clarity"":{""score"":64.43248036483409},""R2_stop_distance_pct"":{""value"":-3.4927308447937113,""score"":0.0},""R3_stop_distance_atr"":{""value"":-0.3941157841398529,""score"":5.294210793007359},""R4_rr_potential"":{""value"":null,""score"":50.0},""_score"":33.35},""market"":{""M1_spy_regime"":{""score"":100.0},""M3_earnings_risk"":{""value"":null,""score"":80.0},""M4_vix"":{""value"":null,""score"":60.0},""_score"":84.0},""liquidity"":{""L1_price"":{""value"":12.725,""score"":100.0},""L2_dollar_vol"":{""value"":110349502.62167923,""score"":100.0},""L3_spread_proxy"":{""value"":0.081335952848723,""score"":18.664047151277003},""L4_volume_zscore"":{""value"":-0.3697726418930255,""score"":100.0},""_score"":91.87},""pattern_structure"":{""n_contractions"":5,""contractions_pct"":[21.74,11.56,12.83,11.23,16.33],""descending_strict"":false,""final_low"":13.37,""final_pivot"":15.98,""structural_low"":13.37,""dry_up_ratio"":1.1057585788462783,""current_price"":12.725,""neckline_distance_pct"":0.25579567779960716,""base_bars"":35},""pattern_geometry_features"":{""contraction_count"":5.0,""first_contraction_pct"":0.21739130434782603,""last_contraction_pct"":0.16332916145181484,""dry_up_ratio"":1.1057585788462783,""near_monotone"":0.0,""base_depth_pct"":0.119235836627141},""_schema_version"":""1.0""}",,,,,,,,,,
20260520T193044Z-73e07b,2026-05-20T19:30:44.960382+00:00,WK,vcp,absent,41.5,5.0,38.8,42.2,57.1,37.5,31.5,58.1,84.0,82.2,0.75,9.71,5.06,6.85,4.88,2.2,2.9,5.04,4.11,False,,48.33,57.01,42.6899,81.56,"{""trend"":{""T1_ema_stack"":{""value"":[false,false,false],""score"":0.0},""T2_ema50_slope"":{""value"":-0.6521168845511077,""score"":0},""T3_high_proximity"":{""value"":0.744684129429892,""score"":0},""T4_rs_1m"":{""value"":-0.1921254036694432,""score"":0},""T5_rs_3m"":{""value"":-0.26634303400976056,""score"":0},""T6_adr_healthy"":{""value"":5.2575224239560665,""score"":100.0},""_score"":5.0},""geometry"":{""sub_contraction_count"":100.0,""sub_reduction_rate"":0,""sub_pivot_tightness"":0,""sub_volume_dryup"":0,""sub_base_depth"":38.4,""sub_base_duration"":100.0,""_score"":38.84},""compression"":{""VC1_atr_ratio"":{""value"":0.6883684614460144,""score"":77.9078846384964},""VC2_range_contraction"":{""value"":1.3251792970995435,""score"":0},""VC3_range_pct_rank"":{""score"":44.166666666666664},""_score"":42.2},""sr_quality"":{""SR1_touches"":{""value"":3,""score"":50.0},""SR2_tightness"":{""value"":0.42297228698291517,""score"":73.22954157780278},""SR3_recency"":{""value"":238,""score"":0.0},""SR4_price_location"":{""score"":69.41448782659992},""SR5_reaction"":{""value"":1.8322826227003226,""score"":91.61413113501612},""_score"":57.08,""_levels_found"":7,""_target_level"":51.5517},""volume"":{""V1_rvol_day"":{""value"":0.2942618773760577,""score"":0},""V2_rvol_sameslot"":{""value"":0.8360832255626626,""score"":22.405548370844173,""status"":""ok""},""V3_breakout_bar"":{""value"":2.7898878889821885,""score"":100},""V4_base_dryup"":{""value"":1.099283627051165,""score"":40.0716372948835},""V5_bo_expansion"":{""value"":0.2942618773760577,""score"":0},""_score"":37.5},""readiness"":{""_distance_atr"":2.747,""BR1_atr_distance"":{""score"":0},""BR2_compression"":{""score"":55.96268697926209},""BR3_retest"":{""score"":50.0},""BR4_bo_age"":{""score"":50.0},""_score"":31.49},""risk"":{""R1_stop_clarity"":{""score"":58.85433737418019},""R2_stop_distance_pct"":{""value"":11.669977239809635,""score"":8.250569004759134},""R3_stop_distance_atr"":{""value"":1.7848458066134865,""score"":100.0},""R4_rr_potential"":{""value"":5.891739508164753,""score"":100.0},""_score"":58.07},""market"":{""M1_spy_regime"":{""score"":100.0},""M3_earnings_risk"":{""value"":null,""score"":80.0},""M4_vix"":{""value"":null,""score"":60.0},""_score"":84.0},""liquidity"":{""L1_price"":{""value"":48.33,""score"":100.0},""L2_dollar_vol"":{""value"":20249682.225038998,""score"":65.32091061458397},""L3_spread_proxy"":{""value"":0.039726877715704566,""score"":60.27312228429543},""L4_volume_zscore"":{""value"":-1.6143452028097462,""score"":100.0},""_score"":82.16},""pattern_structure"":{""n_contractions"":5,""contractions_pct"":[16.88,7.85,10.24,13.63,23.98],""descending_strict"":false,""final_low"":43.34,""final_pivot"":57.01,""structural_low"":43.34,""dry_up_ratio"":1.088621282800995,""current_price"":48.33,""neckline_distance_pct"":0.17959859300641423,""base_bars"":57},""pattern_geometry_features"":{""contraction_count"":5.0,""first_contraction_pct"":0.16880247459125056,""last_contraction_pct"":0.23978249429924567,""dry_up_ratio"":1.088621282800995,""near_monotone"":0.0,""base_depth_pct"":0.3616143761967889},""_schema_version"":""1.0""}",,,,,,,,,,
20260520T193044Z-73e07b,2026-05-20T19:30:44.960382+00:00,PAR,vcp,absent,41.43,20.2,35.5,51.7,55.0,2.8,67.4,57.1,84.0,75.0,3.03,8.88,6.2,6.59,0.37,4.72,2.86,5.04,3.75,False,,14.535,14.8176,12.7065,27.1876,"{""trend"":{""T1_ema_stack"":{""value"":[true,false,false],""score"":33.33333333333333},""T2_ema50_slope"":{""value"":-0.5223007981496759,""score"":0},""T3_high_proximity"":{""value"":0.6471504897595726,""score"":0},""T4_rs_1m"":{""value"":-0.01578959026152238,""score"":34.21040973847762},""T5_rs_3m"":{""value"":-0.4086732430711236,""score"":0},""T6_adr_healthy"":{""value"":6.536585942263644,""score"":100.0},""_score"":20.18},""geometry"":{""sub_contraction_count"":100.0,""sub_reduction_rate"":2.0,""sub_pivot_tightness"":0,""sub_volume_dryup"":0,""sub_base_depth"":0.0,""sub_base_duration"":100.0,""_score"":35.5},""compression"":{""VC1_atr_ratio"":{""value"":0.57630704663217,""score"":100},""VC2_range_contraction"":{""value"":1.2913831462105185,""score"":0},""VC3_range_pct_rank"":{""score"":46.666666666666664},""_score"":51.67},""sr_quality"":{""SR1_touches"":{""value"":2,""score"":25.0},""SR2_tightness"":{""value"":0.22380000000000067,""score"":57.52428336123734},""SR3_recency"":{""value"":240,""score"":0.0},""SR4_price_location"":{""score"":95.28203482307632},""SR5_reaction"":{""value"":2.228931260972418,""score"":100},""_score"":54.95,""_levels_found"":7,""_target_level"":14.5938},""volume"":{""V1_rvol_day"":{""value"":0.5319742332574035,""score"":2.1316155504935637},""V2_rvol_sameslot"":{""value"":0.3920983484667408,""score"":0,""status"":""ok""},""V3_breakout_bar"":{""value"":0.6449560802047787,""score"":9.663738680318579},""V4_base_dryup"":{""value"":1.6569863219991912,""score"":0},""V5_bo_expansion"":{""value"":0.5319742332574035,""score"":0},""_score"":2.84},""readiness"":{""_distance_atr"":0.268,""BR1_atr_distance"":{""score"":82.12148120030636},""BR2_compression"":{""score"":68.24685229892266},""BR3_retest"":{""score"":50.0},""BR4_bo_age"":{""score"":50.0},""_score"":67.41},""risk"":{""R1_stop_clarity"":{""score"":63.275017115279006},""R2_stop_distance_pct"":{""value"":12.579979360165119,""score"":0.0},""R3_stop_distance_atr"":{""value"":1.735184268855614,""score"":100.0},""R4_rr_potential"":{""value"":6.9196609242548535,""score"":100.0},""_score"":57.15},""market"":{""M1_spy_regime"":{""score"":100.0},""M3_earnings_risk"":{""value"":null,""score"":80.0},""M4_vix"":{""value"":null,""score"":60.0},""_score"":84.0},""liquidity"":{""L1_price"":{""value"":14.535,""score"":100.0},""L2_dollar_vol"":{""value"":10737108.40152888,""score"":51.544366887802305},""L3_spread_proxy"":{""value"":0.05627106983144134,""score"":43.72893016855866},""L4_volume_zscore"":{""value"":-1.0169330405219803,""score"":100.0},""_score"":74.99},""pattern_structure"":{""n_contractions"":5,""contractions_pct"":[20.85,37.47,19.35,14.08,12.94],""descending_strict"":false,""final_low"":12.9,""final_pivot"":14.8176,""structural_low"":12.9,""dry_up_ratio"":1.2708839375683167,""current_price"":14.535,""neckline_distance_pct"":0.01944272445820436,""base_bars"":55},""pattern_geometry_features"":{""contraction_count"":5.0,""first_contraction_pct"":0.20854768500197862,""last_contraction_pct"":0.12941367022999678,""dry_up_ratio"":1.2708839375683167,""near_monotone"":0.0,""base_depth_pct"":0.4895132568262762},""_schema_version"":""1.0""}",,,,,,,,,,
20260520T193044Z-73e07b,2026-05-20T19:30:44.960382+00:00,MMYT,vcp,invalidated,41.26,9.2,49.5,43.5,53.8,25.8,25.8,26.9,84.0,85.4,1.38,12.39,5.22,6.45,3.35,1.8,1.35,5.04,4.27,False,,42.965,51.385,43.9901,70.23,"{""trend"":{""T1_ema_stack"":{""value"":[false,false,false],""score"":0.0},""T2_ema50_slope"":{""value"":-0.17331637875112701,""score"":21.11393687481216},""T3_high_proximity"":{""value"":0.7410313901345292,""score"":0},""T4_rs_1m"":{""value"":-0.15630660599360602,""score"":0},""T5_rs_3m"":{""value"":-0.31247107376850425,""score"":0},""T6_adr_healthy"":{""value"":4.3956118741759544,""score"":100.0},""_score"":9.22},""geometry"":{""sub_contraction_count"":100.0,""sub_reduction_rate"":0,""sub_pivot_tightness"":0,""sub_volume_dryup"":30.3,""sub_base_depth"":100.0,""sub_base_duration"":100.0,""_score"":49.55},""compression"":{""VC1_atr_ratio"":{""value"":0.627107877706565,""score"":93.22303057335876},""VC2_range_contraction"":{""value"":1.4177553088432269,""score"":0},""VC3_range_pct_rank"":{""score"":25.0},""_score"":43.54},""sr_quality"":{""SR1_touches"":{""value"":2,""score"":25.0},""SR2_tightness"":{""value"":0.07500000000000284,""score"":94.00941377834809},""SR3_recency"":{""value"":243,""score"":0.0},""SR4_price_location"":{""score"":78.79332477535306},""SR5_reaction"":{""value"":1.6613892454714034,""score"":83.06946227357017},""_score"":53.76,""_levels_found"":4,""_target_level"":44.735},""volume"":{""V1_rvol_day"":{""value"":0.8834298025502565,""score"":25.561986836683765},""V2_rvol_sameslot"":{""value"":0.9587331153748236,""score"":30.58220769165491,""status"":""ok""},""V3_breakout_bar"":{""value"":0.5306492080921894,""score"":2.0432805394792934},""V4_base_dryup"":{""value"":0.7976032227490338,""score"":70.23967772509661},""V5_bo_expansion"":{""value"":0.8834298025502565,""score"":0},""_score"":25.79},""readiness"":{""_distance_atr"":3.363,""BR1_atr_distance"":{""score"":0},""BR2_compression"":{""score"":33.069364505355026},""BR3_retest"":{""score"":50.0},""BR4_bo_age"":{""score"":50.0},""_score"":25.77},""risk"":{""R1_stop_clarity"":{""score"":46.49208386820723},""R2_stop_distance_pct"":{""value"":-2.3858954963342134,""score"":0.0},""R3_stop_distance_atr"":{""value"":-0.40939666238767436,""score"":4.530166880616282},""R4_rr_potential"":{""value"":null,""score"":50.0},""_score"":26.95},""market"":{""M1_spy_regime"":{""score"":100.0},""M3_earnings_risk"":{""value"":null,""score"":80.0},""M4_vix"":{""value"":null,""score"":60.0},""_score"":84.0},""liquidity"":{""L1_price"":{""value"":42.965,""score"":100.0},""L2_dollar_vol"":{""value"":37092623.89002535,""score"":78.46437779564761},""L3_spread_proxy"":{""value"":0.05958338182241364,""score"":40.41661817758636},""L4_volume_zscore"":{""value"":-0.3011708597050748,""score"":100.0},""_score"":85.43},""pattern_structure"":{""n_contractions"":5,""contractions_pct"":[14.97,17.15,31.5,10.82,13.09],""descending_strict"":false,""final_low"":44.66,""final_pivot"":51.385,""structural_low"":44.66,""dry_up_ratio"":0.848521193483143,""current_price"":42.965,""neckline_distance_pct"":0.19597346677528207,""base_bars"":50},""pattern_geometry_features"":{""contraction_count"":5.0,""first_contraction_pct"":0.14967325407448237,""last_contraction_pct"":0.1308747689014304,""dry_up_ratio"":0.848521193483143,""near_monotone"":0.0,""base_depth_pct"":0.2967482875364145},""_schema_version"":""1.0""}",,,,,,,,,,
20260520T193044Z-73e07b,2026-05-20T19:30:44.960382+00:00,HUBS,vcp,absent,41.05,5.0,42.5,44.0,69.0,6.2,35.8,60.5,84.0,94.8,0.75,10.62,5.28,8.28,0.8,2.51,3.03,5.04,4.74,False,,204.3,255.0,170.6513,338.4,"{""trend"":{""T1_ema_stack"":{""value"":[false,false,false],""score"":0.0},""T2_ema50_slope"":{""value"":-0.510360821816009,""score"":0},""T3_high_proximity"":{""value"":0.6888993795521986,""score"":0},""T4_rs_1m"":{""value"":-0.16529599441686105,""score"":0},""T5_rs_3m"":{""value"":-0.22841117719544402,""score"":0},""T6_adr_healthy"":{""value"":6.068604862939294,""score"":100.0},""_score"":5.0},""geometry"":{""sub_contraction_count"":100.0,""sub_reduction_rate"":0,""sub_pivot_tightness"":0,""sub_volume_dryup"":0,""sub_base_depth"":75.0,""sub_base_duration"":100.0,""_score"":42.5},""compression"":{""VC1_atr_ratio"":{""value"":0.6829657085165627,""score"":79.25857287085933},""VC2_range_contraction"":{""value"":1.1684481005775853,""score"":0},""VC3_range_pct_rank"":{""score"":49.16666666666667},""_score"":44.0},""sr_quality"":{""SR1_touches"":{""value"":4,""score"":75.0},""SR2_tightness"":{""value"":3.79975883280768,""score"":60.38141736334446},""SR3_recency"":{""value"":238,""score"":0.0},""SR4_price_location"":{""score"":89.812555717168},""SR5_reaction"":{""value"":2.2999994786697724,""score"":100},""_score"":69.01,""_levels_found"":4,""_target_level"":210.8137},""volume"":{""V1_rvol_day"":{""value"":0.36658724711215995,""score"":0},""V2_rvol_sameslot"":{""value"":0.4314433668187306,""score"":0,""status"":""ok""},""V3_breakout_bar"":{""value"":0.5114083617173301,""score"":0.7605574478220041},""V4_base_dryup"":{""value"":1.1998295936987862,""score"":30.017040630121386},""V5_bo_expansion"":{""value"":0.36658724711216006,""score"":0},""_score"":6.19},""readiness"":{""_distance_atr"":2.643,""BR1_atr_distance"":{""score"":0},""BR2_compression"":{""score"":73.21909702938957},""BR3_retest"":{""score"":50.0},""BR4_bo_age"":{""score"":50.0},""_score"":35.8},""risk"":{""R1_stop_clarity"":{""score"":72.90386149298556},""R2_stop_distance_pct"":{""value"":16.470264317180618,""score"":0.0},""R3_stop_distance_atr"":{""value"":1.7542110449021722,""score"":100.0},""R4_rr_potential"":{""value"":3.98528920093614,""score"":100.0},""_score"":60.52},""market"":{""M1_spy_regime"":{""score"":100.0},""M3_earnings_risk"":{""value"":null,""score"":80.0},""M4_vix"":{""value"":null,""score"":60.0},""_score"":84.0},""liquidity"":{""L1_price"":{""value"":204.3,""score"":100.0},""L2_dollar_vol"":{""value"":147090963.5490024,""score"":100.0},""L3_spread_proxy"":{""value"":0.05199363680861476,""score"":48.00636319138524},""L4_volume_zscore"":{""value"":-0.9432456812049803,""score"":100.0},""_score"":94.8},""pattern_structure"":{""n_contractions"":5,""contractions_pct"":[16.57,14.03,17.7,15.09,32.06],""descending_strict"":false,""final_low"":173.25,""final_pivot"":255.0,""structural_low"":173.25,""dry_up_ratio"":1.750122692478856,""current_price"":204.3,""neckline_distance_pct"":0.2481644640234948,""base_bars"":60},""pattern_geometry_features"":{""contraction_count"":5.0,""first_contraction_pct"":0.16565361387103056,""last_contraction_pct"":0.3205882352941177,""dry_up_ratio"":1.750122692478856,""near_monotone"":0.0,""base_depth_pct"":0.32495616598480415},""_schema_version"":""1.0""}",,,,,,,,,,
20260520T193044Z-73e07b,2026-05-20T19:30:44.960382+00:00,NG,vcp,absent,40.95,13.3,35.4,60.0,41.0,25.6,22.7,77.9,84.0,82.9,2.0,8.86,7.2,4.92,3.32,1.59,3.9,5.04,4.14,False,,7.985,11.3,7.6436,17.938,"{""trend"":{""T1_ema_stack"":{""value"":[false,false,true],""score"":33.33333333333333},""T2_ema50_slope"":{""value"":-0.46065547512345806,""score"":0},""T3_high_proximity"":{""value"":0.5623239436619719,""score"":0},""T4_rs_1m"":{""value"":-0.2014111512403166,""score"":0},""T5_rs_3m"":{""value"":-0.3689551609563879,""score"":0},""T6_adr_healthy"":{""value"":5.129406835434345,""score"":100.0},""_score"":13.33},""geometry"":{""sub_contraction_count"":100.0,""sub_reduction_rate"":0,""sub_pivot_tightness"":0,""sub_volume_dryup"":2.8,""sub_base_depth"":0.0,""sub_base_duration"":100.0,""_score"":35.42},""compression"":{""VC1_atr_ratio"":{""value"":0.42932810562360635,""score"":100},""VC2_range_contraction"":{""value"":0.9578419670555712,""score"":7.026338824071463},""VC3_range_pct_rank"":{""score"":70.0},""_score"":59.96},""sr_quality"":{""SR1_touches"":{""value"":2,""score"":25.0},""SR2_tightness"":{""value"":0.09499999999999975,""score"":63.23885073038609},""SR3_recency"":{""value"":255,""score"":0.0},""SR4_price_location"":{""score"":35.901926444833684},""SR5_reaction"":{""value"":2.6555093353971184,""score"":100},""_score"":40.96,""_levels_found"":6,""_target_level"":8.595},""volume"":{""V1_rvol_day"":{""value"":0.9636692245865182,""score"":30.91128163910121},""V2_rvol_sameslot"":{""value"":0.771013829283098,""score"":18.067588618873202,""status"":""ok""},""V3_breakout_bar"":{""value"":0.6080565641711929,""score"":7.203770944746195},""V4_base_dryup"":{""value"":0.8019306264329035,""score"":69.80693735670965},""V5_bo_expansion"":{""value"":0.963669224586518,""score"":0},""_score"":25.56},""readiness"":{""_distance_atr"":6.414,""BR1_atr_distance"":{""score"":0},""BR2_compression"":{""score"":20.648434984322435},""BR3_retest"":{""score"":50.0},""BR4_bo_age"":{""score"":50.0},""_score"":22.66},""risk"":{""R1_stop_clarity"":{""score"":54.95791815807274},""R2_stop_distance_pct"":{""value"":4.2755165936130375,""score"":100.0},""R3_stop_distance_atr"":{""value"":0.6605398084550664,""score"":58.02699042275332},""R4_rr_potential"":{""value"":29.153485647334424,""score"":100.0},""_score"":77.94},""market"":{""M1_spy_regime"":{""score"":100.0},""M3_earnings_risk"":{""value"":null,""score"":80.0},""M4_vix"":{""value"":null,""score"":60.0},""_score"":84.0},""liquidity"":{""L1_price"":{""value"":7.985,""score"":98.9925},""L2_dollar_vol"":{""value"":23918030.324892495,""score"":68.93627060893803},""L3_spread_proxy"":{""value"":0.04445835942391979,""score"":55.54164057608021},""L4_volume_zscore"":{""value"":-0.07073651461188174,""score"":100.0},""_score"":82.88},""pattern_structure"":{""n_contractions"":5,""contractions_pct"":[23.43,41.41,11.74,13.22,31.33],""descending_strict"":false,""final_low"":7.76,""final_pivot"":11.3,""structural_low"":7.76,""dry_up_ratio"":0.9860013949662111,""current_price"":7.985,""neckline_distance_pct"":0.41515341264871636,""base_bars"":44},""pattern_geometry_features"":{""contraction_count"":5.0,""first_contraction_pct"":0.2342686484233921,""last_contraction_pct"":0.3132743362831859,""dry_up_ratio"":0.9860013949662111,""near_monotone"":0.0,""base_depth_pct"":0.4610362550354216},""_schema_version"":""1.0""}",,,,,,,,,,
20260520T193044Z-73e07b,2026-05-20T19:30:44.960382+00:00,WAY,bull_flag,absent,40.76,5.0,36.4,64.7,50.2,21.2,42.1,74.3,84.0,85.9,0.7,10.9,5.82,5.02,2.97,3.79,2.23,5.04,4.3,False,,19.15,20.39,18.6355,22.76,"{""trend"":{""T1_ema_stack"":{""value"":[false,false,false],""score"":0.0},""T2_ema50_slope"":{""value"":-0.7067496214790607,""score"":0},""T3_high_proximity"":{""value"":0.7111028592647605,""score"":0},""T4_rs_1m"":{""value"":-0.31154422835687345,""score"":0},""T5_rs_3m"":{""value"":-0.3393657229128495,""score"":0},""T6_adr_healthy"":{""value"":5.224162868260442,""score"":100.0},""_score"":5.0},""geometry"":{""sub_pole_impulse"":31.7,""sub_flag_tightness"":18.9,""sub_flag_shallowness"":0,""sub_flag_drift"":80.8,""sub_flag_duration"":100.0,""_score"":36.35},""compression"":{""VC1_atr_ratio"":{""value"":0.5671123013248326,""score"":100},""VC2_range_contraction"":{""value"":0.9059172108420548,""score"":15.680464859657537},""VC3_range_pct_rank"":{""score"":76.66666666666666},""_score"":64.65},""sr_quality"":{""SR1_touches"":{""value"":3,""score"":50.0},""SR2_tightness"":{""value"":0.22547480765905803,""score"":59.40466589564879},""SR3_recency"":{""value"":232,""score"":0.0},""SR4_price_location"":{""score"":45.131661506912245},""SR5_reaction"":{""value"":4.264036587294372,""score"":100},""_score"":50.19,""_levels_found"":5,""_target_level"":21.1817},""volume"":{""V1_rvol_day"":{""value"":0.5361255940260288,""score"":2.408372935068585},""V2_rvol_sameslot"":{""value"":0.5679612286497219,""score"":4.530748576648125,""status"":""ok""},""V3_breakout_bar"":{""value"":0.7985842277345123,""score"":19.90561518230082},""V4_base_dryup"":{""value"":0.7590164241087011,""score"":74.09835758912989},""V5_bo_expansion"":{""value"":0.5361255940260289,""score"":0},""_score"":21.18},""readiness"":{""_distance_atr"":1.116,""BR1_atr_distance"":{""score"":25.581908962068567},""BR2_compression"":{""score"":57.452987538333325},""BR3_retest"":{""score"":50.0},""BR4_bo_age"":{""score"":50.0},""_score"":42.1},""risk"":{""R1_stop_clarity"":{""score"":48.90539870242432},""R2_stop_distance_pct"":{""value"":2.686495509138372,""score"":100.0},""R3_stop_distance_atr"":{""value"":0.4631300879243729,""score"":48.156504396218644},""R4_rr_potential"":{""value"":7.017013380667038,""score"":100.0},""_score"":74.34},""market"":{""M1_spy_regime"":{""score"":100.0},""M3_earnings_risk"":{""value"":null,""score"":80.0},""M4_vix"":{""value"":null,""score"":60.0},""_score"":84.0},""liquidity"":{""L1_price"":{""value"":19.15,""score"":100.0},""L2_dollar_vol"":{""value"":27925990.051630747,""score"":72.30042894853734},""L3_spread_proxy"":{""value"":0.02980020887728443,""score"":70.19979112271557},""L4_volume_zscore"":{""value"":-0.8508380016534547,""score"":100.0},""_score"":85.94},""pattern_structure"":{""pole_low"":18.02,""pole_low_idx"":42,""peak_price"":20.39,""peak_idx"":48,""pole_gain"":0.1315205327413985,""flag_bars"":11,""flag_low"":18.919326,""flag_high"":20.225,""structural_low"":18.919326,""current_price"":19.11,""neckline_distance_pct"":0.0669806384092099,""base_bars"":11},""pattern_geometry_features"":{""pole_gain"":0.1315205327413985,""pullback_pct"":0.0721272192251103,""flag_range_pct"":0.06403501716527708,""flag_drift_per_bar"":-0.003848532419960956,""atr_pct"":0.058007362924281984,""pole_atr_multiple"":2.2673075642668765},""_schema_version"":""1.0""}",,,,,,,,,,
20260520T193044Z-73e07b,2026-05-20T19:30:44.960382+00:00,HUBS,breakout_retest_hold,setup,40.58,5.0,20.0,44.0,69.0,12.4,62.4,65.5,84.0,94.8,0.7,4.4,2.64,9.66,1.62,11.24,3.28,4.2,2.84,False,,204.3,193.8,194.1687,189.14,"{""trend"":{""T1_ema_stack"":{""value"":[false,false,false],""score"":0.0},""T2_ema50_slope"":{""value"":-0.510360821816009,""score"":0},""T3_high_proximity"":{""value"":0.6888993795521986,""score"":0},""T4_rs_1m"":{""value"":-0.16529599441686105,""score"":0},""T5_rs_3m"":{""value"":-0.22841117719544402,""score"":0},""T6_adr_healthy"":{""value"":6.068604862939294,""score"":100.0},""_score"":5.0},""geometry"":{""sub_retest_depth"":0.0,""sub_retest_timing"":0.0,""sub_retest_freshness"":100.0,""sub_hold_quality"":0.0,""_score"":20.0},""compression"":{""VC1_atr_ratio"":{""value"":0.6829657085165627,""score"":79.25857287085933},""VC2_range_contraction"":{""value"":1.1684481005775853,""score"":0},""VC3_range_pct_rank"":{""score"":49.16666666666667},""_score"":44.0},""sr_quality"":{""SR1_touches"":{""value"":4,""score"":75.0},""SR2_tightness"":{""value"":3.79975883280768,""score"":60.38141736334446},""SR3_recency"":{""value"":238,""score"":0.0},""SR4_price_location"":{""score"":89.812555717168},""SR5_reaction"":{""value"":2.2999994786697724,""score"":100},""_score"":69.01,""_levels_found"":4,""_target_level"":210.8137},""volume"":{""V1_rvol_day"":{""value"":0.36658724711215995,""score"":0},""V2_rvol_sameslot"":{""value"":0.4314433668187306,""score"":0,""status"":""ok""},""V3_breakout_bar"":{""value"":0.5114083617173301,""score"":0.7605574478220041},""V4_base_dryup"":{""value"":0.8879616364575484,""score"":61.203836354245155},""V5_bo_expansion"":{""value"":0.36658724711216006,""score"":0},""_score"":12.43},""readiness"":{""_distance_atr"":-0.547,""BR1_atr_distance"":{""score"":49.05206524969111},""BR2_compression"":{""score"":73.21909702938957},""BR3_retest"":{""score"":100},""BR4_bo_age"":{""score"":30.0},""_score"":62.43},""risk"":{""R1_stop_clarity"":{""score"":79.55030054687548},""R2_stop_distance_pct"":{""value"":4.95903083700441,""score"":100.0},""R3_stop_distance_atr"":{""value"":0.5281752920752596,""score"":51.40876460376298},""R4_rr_potential"":{""value"":-1.496352886598951,""score"":0.0},""_score"":65.55},""market"":{""M1_spy_regime"":{""score"":100.0},""M3_earnings_risk"":{""value"":null,""score"":80.0},""M4_vix"":{""value"":null,""score"":60.0},""_score"":84.0},""liquidity"":{""L1_price"":{""value"":204.3,""score"":100.0},""L2_dollar_vol"":{""value"":147090963.5490024,""score"":100.0},""L3_spread_proxy"":{""value"":0.05199363680861476,""score"":48.00636319138524},""L4_volume_zscore"":{""value"":-0.9432456812049803,""score"":100.0},""_score"":94.8},""pattern_structure"":{""level"":193.8,""level_idx"":38,""breakout_idx"":56,""bo_peak_idx"":68,""bo_peak_price"":225.58,""retest_idx"":74,""retest_low"":196.13,""structural_low"":196.13,""current_price"":204.2,""neckline_distance_pct"":-0.05093046033300675,""base_bars"":41,""bars_since_breakout"":23},""pattern_geometry_features"":{""retest_depth_atr"":-0.5255593936894171,""bars_breakout_to_retest"":18.0,""bars_since_retest"":5.0,""current_above_level_atr"":2.3458445040214433,""bo_peak_excess_pct"":0.16398348813209493,""atr_pct"":0.09388986784140972},""_schema_version"":""1.0""}",,,,,,,,,,
20260520T193044Z-73e07b,2026-05-20T19:30:44.960382+00:00,HBAN,double_bottom,absent,40.55,18.1,31.4,44.4,56.5,19.3,32.7,58.3,84.0,96.8,2.72,7.86,3.55,7.91,2.51,2.62,3.5,5.04,4.84,True,risk_unclear,15.7772,16.31,15.1493,17.24,"{""trend"":{""T1_ema_stack"":{""value"":[false,false,false],""score"":0.0},""T2_ema50_slope"":{""value"":-0.077170133976206,""score"":37.13831100396567},""T3_high_proximity"":{""value"":0.8760244308717379,""score"":38.01221543586891},""T4_rs_1m"":{""value"":-0.12207263303836513,""score"":0},""T5_rs_3m"":{""value"":-0.19802483882753652,""score"":0},""T6_adr_healthy"":{""value"":2.3392455579498805,""score"":100.0},""_score"":18.13},""geometry"":{""sub_low_similarity"":7.9,""sub_bounce_quality"":43.5,""sub_separation_fit"":0.0,""sub_right_bottom_reaction"":95.9,""sub_base_context"":30.0,""_score"":31.45},""compression"":{""VC1_atr_ratio"":{""value"":0.47578440131026867,""score"":100},""VC2_range_contraction"":{""value"":1.0153088368615992,""score"":0},""VC3_range_pct_rank"":{""score"":17.500000000000004},""_score"":44.38},""sr_quality"":{""SR1_touches"":{""value"":3,""score"":50.0},""SR2_tightness"":{""value"":0.07575545451575626,""score"":58.97983511040075},""SR3_recency"":{""value"":243,""score"":0.0},""SR4_price_location"":{""score"":70.74552957359029},""SR5_reaction"":{""value"":2.0756784632243948,""score"":100},""_score"":56.53,""_levels_found"":6,""_target_level"":16.1317},""volume"":{""V1_rvol_day"":{""value"":0.3633184313144235,""score"":0},""V2_rvol_sameslot"":{""value"":0.33531857154988093,""score"":0,""status"":""ok""},""V3_breakout_bar"":{""value"":0.6957686805231829,""score"":13.051245368212191},""V4_base_dryup"":{""value"":0.6977930623723619,""score"":80.2206937627638},""V5_bo_expansion"":{""value"":0.36331843131442343,""score"":0},""_score"":19.31},""readiness"":{""_distance_atr"":1.443,""BR1_atr_distance"":{""score"":3.832914329917088},""BR2_compression"":{""score"":54.744192587607564},""BR3_retest"":{""score"":50.0},""BR4_bo_age"":{""score"":50.0},""_score"":32.72},""risk"":{""R1_stop_clarity"":{""score"":0},""R2_stop_distance_pct"":{""value"":3.9797936262454705,""score"":100.0},""R3_stop_distance_atr"":{""value"":1.6999806613807797,""score"":100.0},""R4_rr_potential"":{""value"":2.329670329670319,""score"":66.48351648351596},""_score"":58.3},""market"":{""M1_spy_regime"":{""score"":100.0},""M3_earnings_risk"":{""value"":null,""score"":80.0},""M4_vix"":{""value"":null,""score"":60.0},""_score"":84.0},""liquidity"":{""L1_price"":{""value"":15.7772,""score"":100.0},""L2_dollar_vol"":{""value"":116521130.78211284,""score"":100.0},""L3_spread_proxy"":{""value"":0.03200821438531545,""score"":67.99178561468455},""L4_volume_zscore"":{""value"":-1.611962991595585,""score"":100.0},""_score"":96.8},""pattern_structure"":{""left_low"":16.105,""left_idx"":24,""right_low"":15.38,""right_idx"":74,""separation_bars"":50,""structural_low"":15.38,""current_price"":15.77,""neckline_distance_pct"":0.034242232086239645,""base_bars"":50},""pattern_geometry_features"":{""low_similarity_pct"":0.04605367635381926,""bounce_pct"":0.0604681404421325,""right_bottom_reaction"":0.9594594594594579,""atr_pct"":0.023410817056077286},""_schema_version"":""1.0""}",,,,,,,,,,
20260520T193044Z-73e07b,2026-05-20T19:30:44.960382+00:00,MGNI,bull_flag,absent,40.43,42.8,31.5,44.7,45.5,1.5,53.1,76.5,84.0,81.4,5.99,9.46,4.03,4.55,0.22,4.78,2.3,5.04,4.07,False,,13.095,13.805,12.539,15.26,"{""trend"":{""T1_ema_stack"":{""value"":[false,true,false],""score"":33.33333333333333},""T2_ema50_slope"":{""value"":0.09983163875408747,""score"":66.63860645901458},""T3_high_proximity"":{""value"":0.9247881355932204,""score"":62.394067796610166},""T4_rs_1m"":{""value"":-0.05063709920369752,""score"":0},""T5_rs_3m"":{""value"":-0.009420017046244178,""score"":45.28999147687791},""T6_adr_healthy"":{""value"":5.129718617671767,""score"":100.0},""_score"":42.81},""geometry"":{""sub_pole_impulse"":26.3,""sub_flag_tightness"":4.7,""sub_flag_shallowness"":0,""sub_flag_drift"":83.1,""sub_flag_duration"":100.0,""_score"":31.53},""compression"":{""VC1_atr_ratio"":{""value"":0.706824910733574,""score"":73.29377231660649},""VC2_range_contraction"":{""value"":1.3510545648948886,""score"":0},""VC3_range_pct_rank"":{""score"":61.66666666666667},""_score"":44.73},""sr_quality"":{""SR1_touches"":{""value"":2,""score"":25.0},""SR2_tightness"":{""value"":0.10000000000000053,""score"":73.420665432626},""SR3_recency"":{""value"":241,""score"":0.0},""SR4_price_location"":{""score"":47.972333812454835},""SR5_reaction"":{""value"":2.093122597180691,""score"":100},""_score"":45.51,""_levels_found"":7,""_target_level"":13.7},""volume"":{""V1_rvol_day"":{""value"":0.5195055450585712,""score"":1.3003696705714107},""V2_rvol_sameslot"":{""value"":0.4692889930598586,""score"":0,""status"":""ok""},""V3_breakout_bar"":{""value"":0.5205105427838886,""score"":1.3673695189259094},""V4_base_dryup"":{""value"":1.4528884563102167,""score"":4.7111543689783275},""V5_bo_expansion"":{""value"":0.5195055450585712,""score"":0},""_score"":1.54},""readiness"":{""_distance_atr"":0.944,""BR1_atr_distance"":{""score"":37.095574857215276},""BR2_compression"":{""score"":82.91886516228494},""BR3_retest"":{""score"":50.0},""BR4_bo_age"":{""score"":50.0},""_score"":53.07},""risk"":{""R1_stop_clarity"":{""score"":49.24676064359939},""R2_stop_distance_pct"":{""value"":4.245513554791913,""score"":100.0},""R3_stop_distance_atr"":{""value"":0.7388390526365763,""score"":61.941952631828826},""R4_rr_potential"":{""value"":3.8942350930839016,""score"":100.0},""_score"":76.53},""market"":{""M1_spy_regime"":{""score"":100.0},""M3_earnings_risk"":{""value"":null,""score"":80.0},""M4_vix"":{""value"":null,""score"":60.0},""_score"":84.0},""liquidity"":{""L1_price"":{""value"":13.095,""score"":100.0},""L2_dollar_vol"":{""value"":19054957.67003205,""score"":64.00039941691045},""L3_spread_proxy"":{""value"":0.04161893852615502,""score"":58.38106147384498},""L4_volume_zscore"":{""value"":-1.1461517233733236,""score"":100.0},""_score"":81.44},""pattern_structure"":{""pole_low"":12.35,""pole_low_idx"":36,""peak_price"":13.805,""peak_idx"":48,""pole_gain"":0.11781376518218624,""flag_bars"":11,""flag_low"":12.73,""flag_high"":13.66,""structural_low"":12.73,""current_price"":13.081,""neckline_distance_pct"":0.05534745050072626,""base_bars"":11},""pattern_geometry_features"":{""pole_gain"":0.11781376518218624,""pullback_pct"":0.0778703368344802,""flag_range_pct"":0.067366896052155,""flag_drift_per_bar"":-0.0033776956168210487,""atr_pct"":0.057461953853706435,""pole_atr_multiple"":2.0502916674593195},""_schema_version"":""1.0""}",,,,,,,,,,
20260520T193044Z-73e07b,2026-05-20T19:30:44.960382+00:00,PGY,vcp,absent,40.41,28.0,35.0,39.6,40.4,28.6,18.9,74.4,84.0,81.2,4.2,8.75,4.75,4.85,3.71,1.32,3.72,5.04,4.06,False,,13.4,15.57,12.5785,15.325,"{""trend"":{""T1_ema_stack"":{""value"":[false,false,false],""score"":0.0},""T2_ema50_slope"":{""value"":0.06934475026698561,""score"":61.55745837783093},""T3_high_proximity"":{""value"":0.864516129032258,""score"":32.258064516129004},""T4_rs_1m"":{""value"":-0.11602969825038911,""score"":0},""T5_rs_3m"":{""value"":-0.021775007249335676,""score"":39.112496375332164},""T6_adr_healthy"":{""value"":5.99628520225091,""score"":100.0},""_score"":28.02},""geometry"":{""sub_contraction_count"":100.0,""sub_reduction_rate"":0,""sub_pivot_tightness"":0,""sub_volume_dryup"":0,""sub_base_depth"":0.0,""sub_base_duration"":100.0,""_score"":35.0},""compression"":{""VC1_atr_ratio"":{""value"":0.6187062110679113,""score"":95.32344723302216},""VC2_range_contraction"":{""value"":1.3408768295726563,""score"":0},""VC3_range_pct_rank"":{""score"":5.833333333333335},""_score"":39.59},""sr_quality"":{""SR1_touches"":{""value"":2,""score"":25.0},""SR2_tightness"":{""value"":0.014999999999998792,""score"":96.78333460978811},""SR3_recency"":{""value"":308,""score"":0.0},""SR4_price_location"":{""score"":13.560334528076465},""SR5_reaction"":{""value"":3.4659569579535887,""score"":100},""_score"":40.41,""_levels_found"":3,""_target_level"":20.635},""volume"":{""V1_rvol_day"":{""value"":0.6914150582238152,""score"":12.761003881587682},""V2_rvol_sameslot"":{""value"":0.8557413139086337,""score"":23.716087593908917,""status"":""ok""},""V3_breakout_bar"":{""value"":0.9708850410655495,""score"":31.392336071036635},""V4_base_dryup"":{""value"":0.8288237093357503,""score"":67.11762906642497},""V5_bo_expansion"":{""value"":0.6914150582238154,""score"":0},""_score"":28.57},""readiness"":{""_distance_atr"":2.327,""BR1_atr_distance"":{""score"":0},""BR2_compression"":{""score"":5.51973578861494},""BR3_retest"":{""score"":50.0},""BR4_bo_age"":{""score"":50.0},""_score"":18.88},""risk"":{""R1_stop_clarity"":{""score"":58.923182966991},""R2_stop_distance_pct"":{""value"":6.130970149253733,""score"":100.0},""R3_stop_distance_atr"":{""value"":0.8808838171095967,""score"":69.04419085547984},""R4_rr_potential"":{""value"":2.343131884851805,""score"":67.15659424259024},""_score"":74.41},""market"":{""M1_spy_regime"":{""score"":100.0},""M3_earnings_risk"":{""value"":null,""score"":80.0},""M4_vix"":{""value"":null,""score"":60.0},""_score"":84.0},""liquidity"":{""L1_price"":{""value"":13.4,""score"":100.0},""L2_dollar_vol"":{""value"":35749007.90757421,""score"":77.66319969672276},""L3_spread_proxy"":{""value"":0.09813432835820891,""score"":1.8656716417910815},""L4_volume_zscore"":{""value"":-0.5085122572898745,""score"":100.0},""_score"":81.25},""pattern_structure"":{""n_contractions"":5,""contractions_pct"":[15.85,12.13,10.36,15.24,17.98],""descending_strict"":false,""final_low"":12.77,""final_pivot"":15.57,""structural_low"":12.77,""dry_up_ratio"":1.3686994523717386,""current_price"":13.4,""neckline_distance_pct"":0.16194029850746267,""base_bars"":43},""pattern_geometry_features"":{""contraction_count"":5.0,""first_contraction_pct"":0.1584830339321358,""last_contraction_pct"":0.17983301220295445,""dry_up_ratio"":1.3686994523717386,""near_monotone"":0.0,""base_depth_pct"":-0.01956087824351291},""_schema_version"":""1.0""}",,,,,,,,,,
20260520T193044Z-73e07b,2026-05-20T19:30:44.960382+00:00,AMPL,vcp,absent,40.29,7.8,45.0,48.8,39.7,22.3,37.0,59.2,84.0,75.3,1.18,11.25,5.85,4.76,2.9,2.59,2.96,5.04,3.77,False,,6.48,8.28,5.5505,10.38,"{""trend"":{""T1_ema_stack"":{""value"":[false,false,false],""score"":0.0},""T2_ema50_slope"":{""value"":-0.22809644434460843,""score"":11.983925942565257},""T3_high_proximity"":{""value"":0.8059701492537314,""score"":2.9850746268657025},""T4_rs_1m"":{""value"":-0.12606960248023735,""score"":0},""T5_rs_3m"":{""value"":-0.17687365656692267,""score"":0},""T6_adr_healthy"":{""value"":5.934457194698771,""score"":100.0},""_score"":7.84},""geometry"":{""sub_contraction_count"":100.0,""sub_reduction_rate"":0,""sub_pivot_tightness"":0,""sub_volume_dryup"":0,""sub_base_depth"":100.0,""sub_base_duration"":100.0,""_score"":45.0},""compression"":{""VC1_atr_ratio"":{""value"":0.39442972422401734,""score"":100},""VC2_range_contraction"":{""value"":1.2669303418142583,""score"":0},""VC3_range_pct_rank"":{""score"":35.0},""_score"":48.75},""sr_quality"":{""SR1_touches"":{""value"":2,""score"":25.0},""SR2_tightness"":{""value"":0.0,""score"":100},""SR3_recency"":{""value"":254,""score"":0.0},""SR4_price_location"":{""score"":8.800000000000097},""SR5_reaction"":{""value"":2.162944420542105,""score"":100},""_score"":39.7,""_levels_found"":6,""_target_level"":7.05},""volume"":{""V1_rvol_day"":{""value"":0.7330643101737178,""score"":15.537620678247851},""V2_rvol_sameslot"":{""value"":0.7995148571220325,""score"":19.967657141468834,""status"":""ok""},""V3_breakout_bar"":{""value"":0.7906176267297569,""score"":19.37450844865046},""V4_base_dryup"":{""value"":0.9823912174581405,""score"":51.76087825418595},""V5_bo_expansion"":{""value"":0.7330643101737178,""score"":0},""_score"":22.3},""readiness"":{""_distance_atr"":3.285,""BR1_atr_distance"":{""score"":0},""BR2_compression"":{""score"":77.93107735782472},""BR3_retest"":{""score"":50.0},""BR4_bo_age"":{""score"":50.0},""_score"":36.98},""risk"":{""R1_stop_clarity"":{""score"":69.14381820315243},""R2_stop_distance_pct"":{""value"":14.344521604938285,""score"":0.0},""R3_stop_distance_atr"":{""value"":1.696633681438314,""score"":100.0},""R4_rr_potential"":{""value"":4.195691347731363,""score"":100.0},""_score"":59.2},""market"":{""M1_spy_regime"":{""score"":100.0},""M3_earnings_risk"":{""value"":null,""score"":80.0},""M4_vix"":{""value"":null,""score"":60.0},""_score"":84.0},""liquidity"":{""L1_price"":{""value"":6.48,""score"":98.24000000000001},""L2_dollar_vol"":{""value"":11941722.510006242,""score"":53.85334876276522},""L3_spread_proxy"":{""value"":0.0578858024691359,""score"":42.114197530864104},""L4_volume_zscore"":{""value"":-0.413620204747054,""score"":100.0},""_score"":75.31},""pattern_structure"":{""n_contractions"":5,""contractions_pct"":[17.13,21.05,21.84,12.03,31.94],""descending_strict"":false,""final_low"":5.635,""final_pivot"":8.28,""structural_low"":5.635,""dry_up_ratio"":2.0358453207662905,""current_price"":6.48,""neckline_distance_pct"":0.27777777777777757,""base_bars"":53},""pattern_geometry_features"":{""contraction_count"":5.0,""first_contraction_pct"":0.17129928894634777,""last_contraction_pct"":0.3194444444444444,""dry_up_ratio"":2.0358453207662905,""near_monotone"":0.0,""base_depth_pct"":0.2714932126696833},""_schema_version"":""1.0""}",,,,,,,,,,
20260520T193044Z-73e07b,2026-05-20T19:30:44.960382+00:00,RCAT,vcp,invalidated,39.97,13.3,35.0,61.1,53.9,19.7,26.0,31.4,84.0,88.6,2.0,8.75,7.33,6.47,2.57,1.82,1.57,5.04,4.43,False,,8.88,14.18,10.4213,22.38,"{""trend"":{""T1_ema_stack"":{""value"":[false,false,true],""score"":33.33333333333333},""T2_ema50_slope"":{""value"":-0.882582185724696,""score"":0},""T3_high_proximity"":{""value"":0.5223529411764707,""score"":0},""T4_rs_1m"":{""value"":-0.3453399741133776,""score"":0},""T5_rs_3m"":{""value"":-0.3897737641186193,""score"":0},""T6_adr_healthy"":{""value"":6.654238207559467,""score"":100.0},""_score"":13.33},""geometry"":{""sub_contraction_count"":100.0,""sub_reduction_rate"":0,""sub_pivot_tightness"":0,""sub_volume_dryup"":0,""sub_base_depth"":0.0,""sub_base_duration"":100.0,""_score"":35.0},""compression"":{""VC1_atr_ratio"":{""value"":0.4047859782137147,""score"":100},""VC2_range_contraction"":{""value"":0.9853152964241165,""score"":2.447450595980579},""VC3_range_pct_rank"":{""score"":80.83333333333333},""_score"":61.06},""sr_quality"":{""SR1_touches"":{""value"":3,""score"":50.0},""SR2_tightness"":{""value"":0.1143095213298817,""score"":71.97265628787991},""SR3_recency"":{""value"":239,""score"":0.0},""SR4_price_location"":{""score"":52.49042145593871},""SR5_reaction"":{""value"":3.111846675656901,""score"":100},""_score"":53.92,""_levels_found"":6,""_target_level"":10.74},""volume"":{""V1_rvol_day"":{""value"":0.5687313241831916,""score"":4.58208827887944},""V2_rvol_sameslot"":{""value"":0.5772474181432291,""score"":5.149827876215274,""status"":""ok""},""V3_breakout_bar"":{""value"":0.5528870736863464,""score"":3.5258049124230917},""V4_base_dryup"":{""value"":0.6544015058533846,""score"":84.55984941466154},""V5_bo_expansion"":{""value"":0.5687313241831917,""score"":0},""_score"":19.74},""readiness"":{""_distance_atr"":6.497,""BR1_atr_distance"":{""score"":0},""BR2_compression"":{""score"":34.14171524578306},""BR3_retest"":{""score"":50.0},""BR4_bo_age"":{""score"":50.0},""_score"":26.04},""risk"":{""R1_stop_clarity"":{""score"":61.08863552776764},""R2_stop_distance_pct"":{""value"":-17.356981981981974,""score"":0.0},""R3_stop_distance_atr"":{""value"":-1.8895427240407014,""score"":0.0},""R4_rr_potential"":{""value"":null,""score"":50.0},""_score"":31.38},""market"":{""M1_spy_regime"":{""score"":100.0},""M3_earnings_risk"":{""value"":null,""score"":80.0},""M4_vix"":{""value"":null,""score"":60.0},""_score"":84.0},""liquidity"":{""L1_price"":{""value"":8.88,""score"":99.44},""L2_dollar_vol"":{""value"":52846976.95358737,""score"":86.1510074535762},""L3_spread_proxy"":{""value"":0.0574324324324324,""score"":42.5675675675676},""L4_volume_zscore"":{""value"":-0.7381164061686721,""score"":100.0},""_score"":88.58},""pattern_structure"":{""n_contractions"":5,""contractions_pct"":[28.17,29.8,33.89,15.28,25.39],""descending_strict"":false,""final_low"":10.58,""final_pivot"":14.18,""structural_low"":10.58,""dry_up_ratio"":1.262346492056284,""current_price"":8.88,""neckline_distance_pct"":0.5968468468468466,""base_bars"":37},""pattern_geometry_features"":{""contraction_count"":5.0,""first_contraction_pct"":0.28168264110756125,""last_contraction_pct"":0.2538787023977433,""dry_up_ratio"":1.262346492056284,""near_monotone"":0.0,""base_depth_pct"":0.43663471778487756},""_schema_version"":""1.0""}",,,,,,,,,,
20260520T193044Z-73e07b,2026-05-20T19:30:44.960382+00:00,EXLS,vcp,absent,39.9,16.5,43.5,37.2,51.7,6.9,36.6,60.6,84.0,87.4,2.47,10.87,4.47,6.2,0.89,2.56,3.03,5.04,4.37,False,,29.305,33.005,26.4177,37.185,"{""trend"":{""T1_ema_stack"":{""value"":[false,false,false],""score"":0.0},""T2_ema50_slope"":{""value"":-0.18085135145908768,""score"":19.858108090152054},""T3_high_proximity"":{""value"":0.9003072196620584,""score"":50.15360983102918},""T4_rs_1m"":{""value"":-0.13226710124755114,""score"":0},""T5_rs_3m"":{""value"":-0.11823832086619213,""score"":0},""T6_adr_healthy"":{""value"":4.153941847315503,""score"":100.0},""_score"":16.49},""geometry"":{""sub_contraction_count"":100.0,""sub_reduction_rate"":0,""sub_pivot_tightness"":0,""sub_volume_dryup"":0,""sub_base_depth"":84.8,""sub_base_duration"":100.0,""_score"":43.48},""compression"":{""VC1_atr_ratio"":{""value"":0.6882509444866195,""score"":77.93726387834512},""VC2_range_contraction"":{""value"":1.2988989603581707,""score"":0},""VC3_range_pct_rank"":{""score"":24.16666666666667},""_score"":37.22},""sr_quality"":{""SR1_touches"":{""value"":4,""score"":75.0},""SR2_tightness"":{""value"":0.20141297748655612,""score"":67.3721347471806},""SR3_recency"":{""value"":254,""score"":0.0},""SR4_price_location"":{""score"":16.230097586029895},""SR5_reaction"":{""value"":2.1147010327171736,""score"":100},""_score"":51.66,""_levels_found"":6,""_target_level"":31.3438},""volume"":{""V1_rvol_day"":{""value"":0.4546541372329105,""score"":0},""V2_rvol_sameslot"":{""value"":0.5309891542603113,""score"":2.0659436173540895,""status"":""ok""},""V3_breakout_bar"":{""value"":0.7303647919403691,""score"":15.357652796024604},""V4_base_dryup"":{""value"":1.369090633130643,""score"":13.090936686935706},""V5_bo_expansion"":{""value"":0.4546541372329105,""score"":0},""_score"":6.87},""readiness"":{""_distance_atr"":2.997,""BR1_atr_distance"":{""score"":0},""BR2_compression"":{""score"":76.23608417396349},""BR3_retest"":{""score"":50.0},""BR4_bo_age"":{""score"":50.0},""_score"":36.56},""risk"":{""R1_stop_clarity"":{""score"":34.829471491799},""R2_stop_distance_pct"":{""value"":9.852584883125745,""score"":53.68537792185637},""R3_stop_distance_atr"":{""value"":2.338638664699585,""score"":100.0},""R4_rr_potential"":{""value"":2.729193364042532,""score"":86.45966820212661},""_score"":60.59},""market"":{""M1_spy_regime"":{""score"":100.0},""M3_earnings_risk"":{""value"":null,""score"":80.0},""M4_vix"":{""value"":null,""score"":60.0},""_score"":84.0},""liquidity"":{""L1_price"":{""value"":29.305,""score"":100.0},""L2_dollar_vol"":{""value"":36440205.1933156,""score"":78.07904069012186},""L3_spread_proxy"":{""value"":0.03804811465620208,""score"":61.95188534379792},""L4_volume_zscore"":{""value"":-1.7898015481506402,""score"":100.0},""_score"":87.43},""pattern_structure"":{""n_contractions"":5,""contractions_pct"":[13.1,6.73,8.42,8.55,18.74],""descending_strict"":false,""final_low"":26.82,""final_pivot"":33.005,""structural_low"":26.82,""dry_up_ratio"":1.1004687800211133,""current_price"":29.305,""neckline_distance_pct"":0.1262583176932265,""base_bars"":59},""pattern_geometry_features"":{""contraction_count"":5.0,""first_contraction_pct"":0.13096774193548383,""last_contraction_pct"":0.1873958491137707,""dry_up_ratio"":1.1004687800211133,""near_monotone"":0.0,""base_depth_pct"":0.13483870967741934},""_schema_version"":""1.0""}",,,,,,,,,,
20260520T193044Z-73e07b,2026-05-20T19:30:44.960382+00:00,BETA,inverse_head_shoulders,absent,39.6,9.1,35.1,62.1,44.9,3.7,49.1,81.3,84.0,77.8,1.09,9.84,4.97,6.29,0.52,3.93,4.88,4.2,3.89,False,,14.82,16.22,14.0953,18.13,"{""trend"":{""T1_ema_stack"":{""value"":[false,false,false],""score"":0.0},""T2_ema50_slope"":{""value"":-0.17796640470868838,""score"":20.338932548551934},""T3_high_proximity"":{""value"":0.6870653685674548,""score"":0},""T4_rs_1m"":{""value"":-0.15901280385717387,""score"":0},""T5_rs_3m"":{""value"":-0.3246200361297583,""score"":0},""T6_adr_healthy"":{""value"":6.830131417838178,""score"":100.0},""_score"":9.07},""geometry"":{""sub_head_depth"":66.0,""sub_shoulder_price_sym"":16.7,""sub_shoulder_time_sym"":0,""sub_right_shoulder_reaction"":62.2,""sub_base_context"":30.0,""_score"":35.15},""compression"":{""VC1_atr_ratio"":{""value"":0.5041488131261247,""score"":100},""VC2_range_contraction"":{""value"":1.1060223052463871,""score"":0},""VC3_range_pct_rank"":{""score"":88.33333333333333},""_score"":62.08},""sr_quality"":{""SR1_touches"":{""value"":2,""score"":25.0},""SR2_tightness"":{""value"":0.21000000000000085,""score"":67.3025814111504},""SR3_recency"":{""value"":46,""score"":73.33333333333333},""SR4_price_location"":{""score"":16.770186335403707},""SR5_reaction"":{""value"":1.6193007301144497,""score"":80.96503650572248},""_score"":44.93,""_levels_found"":6,""_target_level"":17.5},""volume"":{""V1_rvol_day"":{""value"":0.4734143184869363,""score"":0},""V2_rvol_sameslot"":{""value"":0.3900130288346543,""score"":0,""status"":""ok""},""V3_breakout_bar"":{""value"":0.5701305987106416,""score"":4.67537324737611},""V4_base_dryup"":{""value"":1.3740737633404714,""score"":12.592623665952857},""V5_bo_expansion"":{""value"":0.4734143184869364,""score"":0},""_score"":3.69},""readiness"":{""_distance_atr"":1.09,""BR1_atr_distance"":{""score"":27.339069802556793},""BR2_compression"":{""score"":82.60922536927788},""BR3_retest"":{""score"":50.0},""BR4_bo_age"":{""score"":50.0},""_score"":49.09},""risk"":{""R1_stop_clarity"":{""score"":66.57856714239732},""R2_stop_distance_pct"":{""value"":4.889676113360327,""score"":100.0},""R3_stop_distance_atr"":{""value"":0.564147247152614,""score"":53.20736235763071},""R4_rr_potential"":{""value"":4.567722348720062,""score"":100.0},""_score"":81.28},""market"":{""M1_spy_regime"":{""score"":100.0},""M3_earnings_risk"":{""value"":null,""score"":80.0},""M4_vix"":{""value"":null,""score"":60.0},""_score"":84.0},""liquidity"":{""L1_price"":{""value"":14.82,""score"":100.0},""L2_dollar_vol"":{""value"":12444794.194058461,""score"":54.74938594267531},""L3_spread_proxy"":{""value"":0.04048582995951414,""score"":59.51417004048586},""L4_volume_zscore"":{""value"":-1.159202341648451,""score"":100.0},""_score"":77.85},""pattern_structure"":{""left_shoulder"":15.5,""left_shoulder_idx"":76,""head"":14.31,""head_idx"":88,""right_shoulder"":14.5,""right_shoulder_idx"":94,""left_to_head_bars"":12,""head_to_right_bars"":6,""structural_low"":14.31,""current_price"":14.825,""neckline_distance_pct"":0.09409780775716692,""base_bars"":18},""pattern_geometry_features"":{""head_depth_pct"":0.045999999999999965,""shoulder_price_asymmetry"":0.06666666666666667,""shoulder_time_asymmetry"":0.5,""right_shoulder_reaction"":0.6218674586968639,""atr_pct"":0.08667375650665125},""_schema_version"":""1.0""}",,,,,,,,,,
20260520T193044Z-73e07b,2026-05-20T19:30:44.960382+00:00,KTOS,vcp,absent,39.59,5.0,35.0,53.3,41.7,19.8,32.1,82.0,84.0,94.3,0.75,8.75,6.4,5.01,2.58,2.25,4.1,5.04,4.72,False,,55.35,64.13,50.8851,106.14,"{""trend"":{""T1_ema_stack"":{""value"":[false,false,false],""score"":0.0},""T2_ema50_slope"":{""value"":-1.1272533669699243,""score"":0},""T3_high_proximity"":{""value"":0.576082431307244,""score"":0},""T4_rs_1m"":{""value"":-0.24434406324922775,""score"":0},""T5_rs_3m"":{""value"":-0.5581010785029278,""score"":0},""T6_adr_healthy"":{""value"":5.666545198028737,""score"":100.0},""_score"":5.0},""geometry"":{""sub_contraction_count"":100.0,""sub_reduction_rate"":0,""sub_pivot_tightness"":0,""sub_volume_dryup"":0,""sub_base_depth"":0.0,""sub_base_duration"":100.0,""_score"":35.0},""compression"":{""VC1_atr_ratio"":{""value"":0.41680331437249013,""score"":100},""VC2_range_contraction"":{""value"":1.0115354607549425,""score"":0},""VC3_range_pct_rank"":{""score"":53.333333333333336},""_score"":53.33},""sr_quality"":{""SR1_touches"":{""value"":2,""score"":25.0},""SR2_tightness"":{""value"":0.14499999999999602,""score"":91.29015165004454},""SR3_recency"":{""value"":236,""score"":0.0},""SR4_price_location"":{""score"":22.197027067033673},""SR5_reaction"":{""value"":3.712197434670773,""score"":100},""_score"":41.74,""_levels_found"":5,""_target_level"":63.985},""volume"":{""V1_rvol_day"":{""value"":0.5665630898422808,""score"":4.437539322818718},""V2_rvol_sameslot"":{""value"":0.5907962793487197,""score"":6.053085289914647,""status"":""ok""},""V3_breakout_bar"":{""value"":0.8194136537798743,""score"":21.294243585324953},""V4_base_dryup"":{""value"":0.8795015276596126,""score"":62.04984723403874},""V5_bo_expansion"":{""value"":0.5665630898422809,""score"":0},""_score"":19.83},""readiness"":{""_distance_atr"":2.637,""BR1_atr_distance"":{""score"":0},""BR2_compression"":{""score"":58.403070622994015},""BR3_retest"":{""score"":50.0},""BR4_bo_age"":{""score"":50.0},""_score"":32.1},""risk"":{""R1_stop_clarity"":{""score"":53.4533690594435},""R2_stop_distance_pct"":{""value"":8.066666666666679,""score"":98.33333333333303},""R3_stop_distance_atr"":{""value"":1.340986272335078,""score"":92.0493136167539},""R4_rr_potential"":{""value"":11.375394745682975,""score"":100.0},""_score"":82.02},""market"":{""M1_spy_regime"":{""score"":100.0},""M3_earnings_risk"":{""value"":null,""score"":80.0},""M4_vix"":{""value"":null,""score"":60.0},""_score"":84.0},""liquidity"":{""L1_price"":{""value"":55.35,""score"":100.0},""L2_dollar_vol"":{""value"":135169607.51204985,""score"":100.0},""L3_spread_proxy"":{""value"":0.056729900632339667,""score"":43.270099367660336},""L4_volume_zscore"":{""value"":-1.152218665055472,""score"":100.0},""_score"":94.33},""pattern_structure"":{""n_contractions"":5,""contractions_pct"":[8.84,34.1,15.12,23.52,19.44],""descending_strict"":false,""final_low"":51.66,""final_pivot"":64.13,""structural_low"":51.66,""dry_up_ratio"":1.3478439349241162,""current_price"":55.35,""neckline_distance_pct"":0.15862691960252925,""base_bars"":48},""pattern_geometry_features"":{""contraction_count"":5.0,""first_contraction_pct"":0.08839543076758835,""last_contraction_pct"":0.19444877592390455,""dry_up_ratio"":1.3478439349241162,""near_monotone"":0.0,""base_depth_pct"":0.44848937760222063},""_schema_version"":""1.0""}",,,,,,,,,,
20260520T193044Z-73e07b,2026-05-20T19:30:44.960382+00:00,BETA,vcp,absent,39.36,9.1,35.0,62.1,44.9,5.9,38.1,80.8,84.0,77.8,1.36,8.75,7.45,5.39,0.77,2.67,4.04,5.04,3.89,False,,14.82,18.62,14.1643,35.12,"{""trend"":{""T1_ema_stack"":{""value"":[false,false,false],""score"":0.0},""T2_ema50_slope"":{""value"":-0.17796640470868838,""score"":20.338932548551934},""T3_high_proximity"":{""value"":0.6870653685674548,""score"":0},""T4_rs_1m"":{""value"":-0.15901280385717387,""score"":0},""T5_rs_3m"":{""value"":-0.3246200361297583,""score"":0},""T6_adr_healthy"":{""value"":6.830131417838178,""score"":100.0},""_score"":9.07},""geometry"":{""sub_contraction_count"":100.0,""sub_reduction_rate"":0,""sub_pivot_tightness"":0,""sub_volume_dryup"":0,""sub_base_depth"":0.0,""sub_base_duration"":100.0,""_score"":35.0},""compression"":{""VC1_atr_ratio"":{""value"":0.5041488131261247,""score"":100},""VC2_range_contraction"":{""value"":1.1060223052463871,""score"":0},""VC3_range_pct_rank"":{""score"":88.33333333333333},""_score"":62.08},""sr_quality"":{""SR1_touches"":{""value"":2,""score"":25.0},""SR2_tightness"":{""value"":0.21000000000000085,""score"":67.3025814111504},""SR3_recency"":{""value"":46,""score"":73.33333333333333},""SR4_price_location"":{""score"":16.770186335403707},""SR5_reaction"":{""value"":1.6193007301144497,""score"":80.96503650572248},""_score"":44.93,""_levels_found"":6,""_target_level"":17.5},""volume"":{""V1_rvol_day"":{""value"":0.4734143184869363,""score"":0},""V2_rvol_sameslot"":{""value"":0.3900130288346543,""score"":0,""status"":""ok""},""V3_breakout_bar"":{""value"":0.5701305987106416,""score"":4.67537324737611},""V4_base_dryup"":{""value"":1.2641668793390262,""score"":23.583312066097378},""V5_bo_expansion"":{""value"":0.4734143184869364,""score"":0},""_score"":5.89},""readiness"":{""_distance_atr"":2.958,""BR1_atr_distance"":{""score"":0},""BR2_compression"":{""score"":82.60922536927788},""BR3_retest"":{""score"":50.0},""BR4_bo_age"":{""score"":50.0},""_score"":38.15},""risk"":{""R1_stop_clarity"":{""score"":66.41508004945318},""R2_stop_distance_pct"":{""value"":4.424426450742237,""score"":100.0},""R3_stop_distance_atr"":{""value"":0.5104689849692521,""score"":50.523449248462605},""R4_rr_potential"":{""value"":30.95928015860915,""score"":100.0},""_score"":80.82},""market"":{""M1_spy_regime"":{""score"":100.0},""M3_earnings_risk"":{""value"":null,""score"":80.0},""M4_vix"":{""value"":null,""score"":60.0},""_score"":84.0},""liquidity"":{""L1_price"":{""value"":14.82,""score"":100.0},""L2_dollar_vol"":{""value"":12444794.194058461,""score"":54.74938594267531},""L3_spread_proxy"":{""value"":0.04048582995951414,""score"":59.51417004048586},""L4_volume_zscore"":{""value"":-1.159202341648451,""score"":100.0},""_score"":77.85},""pattern_structure"":{""n_contractions"":5,""contractions_pct"":[14.51,48.8,12.28,36.87,22.77],""descending_strict"":false,""final_low"":14.38,""final_pivot"":18.62,""structural_low"":14.38,""dry_up_ratio"":1.5194322638108824,""current_price"":14.82,""neckline_distance_pct"":0.25641025641025644,""base_bars"":76},""pattern_geometry_features"":{""contraction_count"":5.0,""first_contraction_pct"":0.1450777202072539,""last_contraction_pct"":0.22771213748657357,""dry_up_ratio"":1.5194322638108824,""near_monotone"":0.0,""base_depth_pct"":0.5343264248704663},""_schema_version"":""1.0""}",,,,,,,,,,
20260520T193044Z-73e07b,2026-05-20T19:30:44.960382+00:00,TRMB,vcp,absent,39.25,5.0,45.0,41.5,51.3,9.1,24.7,69.5,84.0,93.8,0.75,11.25,4.98,6.15,1.18,1.73,3.48,5.04,4.69,False,,55.35,69.79,53.7785,84.4225,"{""trend"":{""T1_ema_stack"":{""value"":[false,false,false],""score"":0.0},""T2_ema50_slope"":{""value"":-0.34327010541439656,""score"":0},""T3_high_proximity"":{""value"":0.7855520862900938,""score"":0},""T4_rs_1m"":{""value"":-0.24926105217886418,""score"":0},""T5_rs_3m"":{""value"":-0.2605631120088968,""score"":0},""T6_adr_healthy"":{""value"":3.4187901010910453,""score"":100.0},""_score"":5.0},""geometry"":{""sub_contraction_count"":100.0,""sub_reduction_rate"":0,""sub_pivot_tightness"":0,""sub_volume_dryup"":0,""sub_base_depth"":100.0,""sub_base_duration"":100.0,""_score"":45.0},""compression"":{""VC1_atr_ratio"":{""value"":0.5245761237571421,""score"":100},""VC2_range_contraction"":{""value"":1.3683600121065698,""score"":0},""VC3_range_pct_rank"":{""score"":5.833333333333335},""_score"":41.46},""sr_quality"":{""SR1_touches"":{""value"":5,""score"":100},""SR2_tightness"":{""value"":0.6897957390416353,""score"":41.81604360520262},""SR3_recency"":{""value"":255,""score"":0.0},""SR4_price_location"":{""score"":0},""SR5_reaction"":{""value"":2.0307068491830145,""score"":100},""_score"":51.27,""_levels_found"":6,""_target_level"":64.296},""volume"":{""V1_rvol_day"":{""value"":0.6936916856061479,""score"":12.91277904040986},""V2_rvol_sameslot"":{""value"":0.7839621800580592,""score"":18.930812003870614,""status"":""ok""},""V3_breakout_bar"":{""value"":0.6188818366126377,""score"":7.925455774175849},""V4_base_dryup"":{""value"":1.4622346273535234,""score"":3.776537264647658},""V5_bo_expansion"":{""value"":0.6936916856061477,""score"":0},""_score"":9.11},""readiness"":{""_distance_atr"":6.09,""BR1_atr_distance"":{""score"":0},""BR2_compression"":{""score"":28.627994533566792},""BR3_retest"":{""score"":50.0},""BR4_bo_age"":{""score"":50.0},""_score"":24.66},""risk"":{""R1_stop_clarity"":{""score"":30.92088615221499},""R2_stop_distance_pct"":{""value"":2.839137308039752,""score"":100.0},""R3_stop_distance_atr"":{""value"":0.6627607304670563,""score"":58.13803652335281},""R4_rr_potential"":{""value"":18.500282380266768,""score"":100.0},""_score"":69.54},""market"":{""M1_spy_regime"":{""score"":100.0},""M3_earnings_risk"":{""value"":null,""score"":80.0},""M4_vix"":{""value"":null,""score"":60.0},""_score"":84.0},""liquidity"":{""L1_price"":{""value"":55.35,""score"":100.0},""L2_dollar_vol"":{""value"":88930846.1489553,""score"":97.45262122551779},""L3_spread_proxy"":{""value"":0.051851851851851934,""score"":48.14814814814807},""L4_volume_zscore"":{""value"":-0.7941039694402193,""score"":100.0},""_score"":93.8},""pattern_structure"":{""n_contractions"":5,""contractions_pct"":[6.83,6.08,8.8,7.01,21.77],""descending_strict"":false,""final_low"":54.5975,""final_pivot"":69.79,""structural_low"":54.5975,""dry_up_ratio"":1.6180520178392364,""current_price"":55.35,""neckline_distance_pct"":0.2608852755194219,""base_bars"":63},""pattern_geometry_features"":{""contraction_count"":5.0,""first_contraction_pct"":0.06832298136645969,""last_contraction_pct"":0.2176887806275972,""dry_up_ratio"":1.6180520178392364,""near_monotone"":0.0,""base_depth_pct"":0.21136068178535328},""_schema_version"":""1.0""}",,,,,,,,,,
20260520T193044Z-73e07b,2026-05-20T19:30:44.960382+00:00,PAR,ascending_triangle,absent,39.19,20.2,27.5,51.7,55.0,5.1,49.9,80.8,84.0,75.0,3.03,7.7,4.13,7.69,0.62,3.99,3.23,5.04,3.75,False,,14.535,15.51,13.6422,17.17,"{""trend"":{""T1_ema_stack"":{""value"":[true,false,false],""score"":33.33333333333333},""T2_ema50_slope"":{""value"":-0.5223007981496759,""score"":0},""T3_high_proximity"":{""value"":0.6471504897595726,""score"":0},""T4_rs_1m"":{""value"":-0.01578959026152238,""score"":34.21040973847762},""T5_rs_3m"":{""value"":-0.4086732430711236,""score"":0},""T6_adr_healthy"":{""value"":6.536585942263644,""score"":100.0},""_score"":20.18},""geometry"":{""sub_flat_top_quality"":33.3,""sub_hl_slope"":8.4,""sub_compression"":0,""sub_duration"":100.0,""_score"":27.51},""compression"":{""VC1_atr_ratio"":{""value"":0.57630704663217,""score"":100},""VC2_range_contraction"":{""value"":1.2913831462105185,""score"":0},""VC3_range_pct_rank"":{""score"":46.666666666666664},""_score"":51.67},""sr_quality"":{""SR1_touches"":{""value"":2,""score"":25.0},""SR2_tightness"":{""value"":0.22380000000000067,""score"":57.52428336123734},""SR3_recency"":{""value"":240,""score"":0.0},""SR4_price_location"":{""score"":95.28203482307632},""SR5_reaction"":{""value"":2.228931260972418,""score"":100},""_score"":54.95,""_levels_found"":7,""_target_level"":14.5938},""volume"":{""V1_rvol_day"":{""value"":0.5319742332574035,""score"":2.1316155504935637},""V2_rvol_sameslot"":{""value"":0.3920983484667408,""score"":0,""status"":""ok""},""V3_breakout_bar"":{""value"":0.6449560802047787,""score"":9.663738680318579},""V4_base_dryup"":{""value"":1.3855303679730464,""score"":11.446963202695358},""V5_bo_expansion"":{""value"":0.5319742332574035,""score"":0},""_score"":5.13},""readiness"":{""_distance_atr"":0.925,""BR1_atr_distance"":{""score"":38.31721220912504},""BR2_compression"":{""score"":68.24685229892266},""BR3_retest"":{""score"":50.0},""BR4_bo_age"":{""score"":50.0},""_score"":49.89},""risk"":{""R1_stop_clarity"":{""score"":60.570464112140534},""R2_stop_distance_pct"":{""value"":6.1420708634331005,""score"":100.0},""R3_stop_distance_atr"":{""value"":0.8471893661585188,""score"":67.35946830792594},""R4_rr_potential"":{""value"":2.9515541865023778,""score"":97.57770932511889},""_score"":80.82},""market"":{""M1_spy_regime"":{""score"":100.0},""M3_earnings_risk"":{""value"":null,""score"":80.0},""M4_vix"":{""value"":null,""score"":60.0},""_score"":84.0},""liquidity"":{""L1_price"":{""value"":14.535,""score"":100.0},""L2_dollar_vol"":{""value"":10737108.40152888,""score"":51.544366887802305},""L3_spread_proxy"":{""value"":0.05627106983144134,""score"":43.72893016855866},""L4_volume_zscore"":{""value"":-1.0169330405219803,""score"":100.0},""_score"":74.99},""pattern_structure"":{""top"":15.51,""top_touches"":2,""low_slope_per_bar"":0.0035018329938899515,""lowest_low"":13.85,""structural_low"":13.85,""current_price"":14.55,""neckline_distance_pct"":0.0659793814432989,""base_bars"":48},""pattern_geometry_features"":{""top_touches"":2.0,""low_slope"":0.0035018329938899515,""compression"":-0.049297958373645256,""atr_pct"":0.07249938571919999},""_schema_version"":""1.0""}",,,,,,,,,,
20260520T193044Z-73e07b,2026-05-20T19:30:44.960382+00:00,TTAN,vcp,absent,39.03,13.3,38.8,49.2,51.8,8.3,32.0,54.9,84.0,82.3,2.0,9.69,5.9,6.22,1.08,2.24,2.74,5.04,4.11,False,,62.325,68.4899,53.3575,109.3199,"{""trend"":{""T1_ema_stack"":{""value"":[true,false,false],""score"":33.33333333333333},""T2_ema50_slope"":{""value"":-0.32849480776373174,""score"":0},""T3_high_proximity"":{""value"":0.7513562386980108,""score"":0},""T4_rs_1m"":{""value"":-0.07947499583882878,""score"":0},""T5_rs_3m"":{""value"":-0.1513999472465386,""score"":0},""T6_adr_healthy"":{""value"":5.527360805611094,""score"":100.0},""_score"":13.33},""geometry"":{""sub_contraction_count"":100.0,""sub_reduction_rate"":15.0,""sub_pivot_tightness"":0,""sub_volume_dryup"":0,""sub_base_depth"":0.0,""sub_base_duration"":100.0,""_score"":38.75},""compression"":{""VC1_atr_ratio"":{""value"":0.4704869064348282,""score"":100},""VC2_range_contraction"":{""value"":1.010672648986079,""score"":0},""VC3_range_pct_rank"":{""score"":36.66666666666667},""_score"":49.17},""sr_quality"":{""SR1_touches"":{""value"":3,""score"":50.0},""SR2_tightness"":{""value"":0.36153392648546445,""score"":80.79260552147866},""SR3_recency"":{""value"":233,""score"":0.0},""SR4_price_location"":{""score"":38.889932103218925},""SR5_reaction"":{""value"":2.739156613551815,""score"":100},""_score"":51.84,""_levels_found"":4,""_target_level"":68.5083},""volume"":{""V1_rvol_day"":{""value"":0.36565897863492286,""score"":0},""V2_rvol_sameslot"":{""value"":0.37115973411522013,""score"":0,""status"":""ok""},""V3_breakout_bar"":{""value"":0.5158726781916155,""score"":1.058178546107702},""V4_base_dryup"":{""value"":1.096512799487731,""score"":40.34872005122689},""V5_bo_expansion"":{""value"":0.36565897863492286,""score"":0},""_score"":8.33},""readiness"":{""_distance_atr"":1.638,""BR1_atr_distance"":{""score"":0},""BR2_compression"":{""score"":57.89403552222008},""BR3_retest"":{""score"":50.0},""BR4_bo_age"":{""score"":50.0},""_score"":31.97},""risk"":{""R1_stop_clarity"":{""score"":56.83124807887147},""R2_stop_distance_pct"":{""value"":14.388367428800647,""score"":0.0},""R3_stop_distance_atr"":{""value"":2.382117662238112,""score"":100.0},""R4_rr_potential"":{""value"":5.240550652073307,""score"":100.0},""_score"":54.89},""market"":{""M1_spy_regime"":{""score"":100.0},""M3_earnings_risk"":{""value"":null,""score"":80.0},""M4_vix"":{""value"":null,""score"":60.0},""_score"":84.0},""liquidity"":{""L1_price"":{""value"":62.325,""score"":100.0},""L2_dollar_vol"":{""value"":24975291.720037278,""score"":69.87552848186303},""L3_spread_proxy"":{""value"":0.05679903730445245,""score"":43.200962695547545},""L4_volume_zscore"":{""value"":-1.8896635372774562,""score"":100.0},""_score"":82.27},""pattern_structure"":{""n_contractions"":5,""contractions_pct"":[36.24,28.52,15.99,14.43,20.91],""descending_strict"":false,""final_low"":54.17,""final_pivot"":68.4899,""structural_low"":54.17,""dry_up_ratio"":1.160268922830267,""current_price"":62.325,""neckline_distance_pct"":0.09891536301644609,""base_bars"":74},""pattern_geometry_features"":{""contraction_count"":5.0,""first_contraction_pct"":0.3624210526315789,""last_contraction_pct"":0.20908046295877206,""dry_up_ratio"":1.160268922830267,""near_monotone"":0.0,""base_depth_pct"":0.4297894736842105},""_schema_version"":""1.0""}",,,,,,,,,,
20260520T193044Z-73e07b,2026-05-20T19:30:44.960382+00:00,AMPL,bull_flag,absent,38.92,7.8,35.0,48.8,39.7,11.9,68.5,77.9,84.0,75.3,1.1,10.49,4.39,3.97,1.67,6.16,2.34,5.04,3.77,False,,6.48,6.655,6.1316,7.3979,"{""trend"":{""T1_ema_stack"":{""value"":[false,false,false],""score"":0.0},""T2_ema50_slope"":{""value"":-0.22809644434460843,""score"":11.983925942565257},""T3_high_proximity"":{""value"":0.8059701492537314,""score"":2.9850746268657025},""T4_rs_1m"":{""value"":-0.12606960248023735,""score"":0},""T5_rs_3m"":{""value"":-0.17687365656692267,""score"":0},""T6_adr_healthy"":{""value"":5.934457194698771,""score"":100.0},""_score"":7.84},""geometry"":{""sub_pole_impulse"":12.2,""sub_flag_tightness"":25.2,""sub_flag_shallowness"":0,""sub_flag_drift"":100,""sub_flag_duration"":100.0,""_score"":34.96},""compression"":{""VC1_atr_ratio"":{""value"":0.39442972422401734,""score"":100},""VC2_range_contraction"":{""value"":1.2669303418142583,""score"":0},""VC3_range_pct_rank"":{""score"":35.0},""_score"":48.75},""sr_quality"":{""SR1_touches"":{""value"":2,""score"":25.0},""SR2_tightness"":{""value"":0.0,""score"":100},""SR3_recency"":{""value"":254,""score"":0.0},""SR4_price_location"":{""score"":8.800000000000097},""SR5_reaction"":{""value"":2.162944420542105,""score"":100},""_score"":39.7,""_levels_found"":6,""_target_level"":7.05},""volume"":{""V1_rvol_day"":{""value"":0.7330643101737178,""score"":15.537620678247851},""V2_rvol_sameslot"":{""value"":0.7995148571220325,""score"":19.967657141468834,""status"":""ok""},""V3_breakout_bar"":{""value"":0.7906176267297569,""score"":19.37450844865046},""V4_base_dryup"":{""value"":2.573175791264754,""score"":0},""V5_bo_expansion"":{""value"":0.7330643101737178,""score"":0},""_score"":11.94},""readiness"":{""_distance_atr"":0.319,""BR1_atr_distance"":{""score"":78.705188545999},""BR2_compression"":{""score"":77.93107735782472},""BR3_retest"":{""score"":50.0},""BR4_bo_age"":{""score"":50.0},""_score"":68.46},""risk"":{""R1_stop_clarity"":{""score"":65.91309109398836},""R2_stop_distance_pct"":{""value"":5.376157407407419,""score"":100.0},""R3_stop_distance_atr"":{""value"":0.6358782805960823,""score"":56.793914029804114},""R4_rr_potential"":{""value"":2.6348044492285565,""score"":81.74022246142782},""_score"":77.94},""market"":{""M1_spy_regime"":{""score"":100.0},""M3_earnings_risk"":{""value"":null,""score"":80.0},""M4_vix"":{""value"":null,""score"":60.0},""_score"":84.0},""liquidity"":{""L1_price"":{""value"":6.48,""score"":98.24000000000001},""L2_dollar_vol"":{""value"":11941722.510006242,""score"":53.85334876276522},""L3_spread_proxy"":{""value"":0.0578858024691359,""score"":42.114197530864104},""L4_volume_zscore"":{""value"":-0.413620204747054,""score"":100.0},""_score"":75.31},""pattern_structure"":{""pole_low"":5.9121,""pole_low_idx"":29,""peak_price"":6.655,""peak_idx"":48,""pole_gain"":0.12565754977080912,""flag_bars"":11,""flag_low"":6.225,""flag_high"":6.6001,""structural_low"":6.225,""current_price"":6.465,""neckline_distance_pct"":0.029389017788089774,""base_bars"":11},""pattern_geometry_features"":{""pole_gain"":0.12565754977080912,""pullback_pct"":0.06461307287753577,""flag_range_pct"":0.05636363636363646,""flag_drift_per_bar"":0.0024461787246010287,""atr_pct"":0.08454695767195766,""pole_atr_multiple"":1.4862456702269597},""_schema_version"":""1.0""}",,,,,,,,,,
20260520T193044Z-73e07b,2026-05-20T19:30:44.960382+00:00,NOW,breakout_retest_hold,setup,38.89,18.7,20.0,44.8,54.6,9.9,55.6,64.1,84.0,94.5,2.62,4.4,2.69,7.64,1.29,10.01,3.2,4.2,2.83,False,,102.19,94.75,96.525,89.25,"{""trend"":{""T1_ema_stack"":{""value"":[true,false,false],""score"":33.33333333333333},""T2_ema50_slope"":{""value"":-0.41401622655035325,""score"":0},""T3_high_proximity"":{""value"":0.8218594177255911,""score"":10.92970886279554},""T4_rs_1m"":{""value"":-0.03131254807069661,""score"":18.68745192930339},""T5_rs_3m"":{""value"":-0.13014597809072992,""score"":0},""T6_adr_healthy"":{""value"":5.045730766495273,""score"":100.0},""_score"":18.71},""geometry"":{""sub_retest_depth"":0.0,""sub_retest_timing"":0.0,""sub_retest_freshness"":100.0,""sub_hold_quality"":0.0,""_score"":20.0},""compression"":{""VC1_atr_ratio"":{""value"":0.5209829779239799,""score"":100},""VC2_range_contraction"":{""value"":1.0353100215546143,""score"":0},""VC3_range_pct_rank"":{""score"":19.166666666666664},""_score"":44.79},""sr_quality"":{""SR1_touches"":{""value"":3,""score"":50.0},""SR2_tightness"":{""value"":0.8493657764604252,""score"":69.23180993714735},""SR3_recency"":{""value"":245,""score"":0.0},""SR4_price_location"":{""score"":56.70456983479936},""SR5_reaction"":{""value"":3.3133708261045243,""score"":100},""_score"":54.56,""_levels_found"":5,""_target_level"":105.5533},""volume"":{""V1_rvol_day"":{""value"":0.720643235388196,""score"":14.709549025879731},""V2_rvol_sameslot"":{""value"":0.6000333866983705,""score"":6.668892446558032,""status"":""ok""},""V3_breakout_bar"":{""value"":0.3700955212400054,""score"":0},""V4_base_dryup"":{""value"":1.2178619503560812,""score"":28.21380496439187},""V5_bo_expansion"":{""value"":0.720643235388196,""score"":0},""_score"":9.92},""readiness"":{""_distance_atr"":-1.348,""BR1_atr_distance"":{""score"":33.048674621482164},""BR2_compression"":{""score"":71.58657466976925},""BR3_retest"":{""score"":100},""BR4_bo_age"":{""score"":30.0},""_score"":55.62},""risk"":{""R1_stop_clarity"":{""score"":64.68072279024899},""R2_stop_distance_pct"":{""value"":5.543595263724428,""score"":100.0},""R3_stop_distance_atr"":{""value"":1.0260702840678992,""score"":76.30351420339497},""R4_rr_potential"":{""value"":-2.284201235657549,""score"":0.0},""_score"":64.08},""market"":{""M1_spy_regime"":{""score"":100.0},""M3_earnings_risk"":{""value"":null,""score"":80.0},""M4_vix"":{""value"":null,""score"":60.0},""_score"":84.0},""liquidity"":{""L1_price"":{""value"":102.19,""score"":100.0},""L2_dollar_vol"":{""value"":2268566924.807794,""score"":100.0},""L3_spread_proxy"":{""value"":0.0550934533711713,""score"":44.9065466288287},""L4_volume_zscore"":{""value"":-0.5344240172127426,""score"":100.0},""_score"":94.49},""pattern_structure"":{""level"":94.75,""level_idx"":32,""breakout_idx"":57,""bo_peak_idx"":68,""bo_peak_price"":110.83,""retest_idx"":74,""retest_low"":97.5,""structural_low"":97.5,""current_price"":102.19,""neckline_distance_pct"":-0.07280555827380368,""base_bars"":47,""bars_since_breakout"":22},""pattern_geometry_features"":{""retest_depth_atr"":-1.3693368141756603,""bars_breakout_to_retest"":17.0,""bars_since_retest"":5.0,""current_above_level_atr"":3.7046785081697853,""bo_peak_excess_pct"":0.1697097625329815,""atr_pct"":0.0540274418799715},""_schema_version"":""1.0""}",,,,,,,,,,
20260520T193044Z-73e07b,2026-05-20T19:30:44.960382+00:00,QTWO,bull_flag,absent,38.63,15.1,29.6,49.5,44.5,17.9,58.8,68.3,84.0,76.8,2.12,8.87,4.46,4.45,2.5,5.29,2.05,5.04,3.84,False,,46.86,48.43,44.3152,52.405,"{""trend"":{""T1_ema_stack"":{""value"":[false,false,false],""score"":0.0},""T2_ema50_slope"":{""value"":-0.16547568564250298,""score"":22.420719059582833},""T3_high_proximity"":{""value"":0.8753969736596301,""score"":37.698486829815025},""T4_rs_1m"":{""value"":-0.1551133945091041,""score"":0},""T5_rs_3m"":{""value"":-0.17551861080441233,""score"":0},""T6_adr_healthy"":{""value"":4.864842129955077,""score"":100.0},""_score"":15.14},""geometry"":{""sub_pole_impulse"":20.5,""sub_flag_tightness"":0,""sub_flag_shallowness"":0,""sub_flag_drift"":89.5,""sub_flag_duration"":100.0,""_score"":29.57},""compression"":{""VC1_atr_ratio"":{""value"":0.44056078172145613,""score"":100},""VC2_range_contraction"":{""value"":0.9935459446518261,""score"":1.0756758913623155},""VC3_range_pct_rank"":{""score"":36.66666666666667},""_score"":49.54},""sr_quality"":{""SR1_touches"":{""value"":3,""score"":50.0},""SR2_tightness"":{""value"":0.12970050972229244,""score"":88.74437977525797},""SR3_recency"":{""value"":254,""score"":0.0},""SR4_price_location"":{""score"":4.768786127167756},""SR5_reaction"":{""value"":2.400958126928676,""score"":100},""_score"":44.5,""_levels_found"":7,""_target_level"":51.2533},""volume"":{""V1_rvol_day"":{""value"":0.22580101131060193,""score"":0},""V2_rvol_sameslot"":{""value"":0.2693758197908538,""score"":0,""status"":""ok""},""V3_breakout_bar"":{""value"":0.323712252172667,""score"":0},""V4_base_dryup"":{""value"":0.6053240332489204,""score"":89.46759667510796},""V5_bo_expansion"":{""value"":0.22580101131060193,""score"":0},""_score"":17.89},""readiness"":{""_distance_atr"":0.681,""BR1_atr_distance"":{""score"":54.58437281441395},""BR2_compression"":{""score"":77.86484191623511},""BR3_retest"":{""score"":50.0},""BR4_bo_age"":{""score"":50.0},""_score"":58.8},""risk"":{""R1_stop_clarity"":{""score"":41.435424387066924},""R2_stop_distance_pct"":{""value"":5.430751173708914,""score"":100.0},""R3_stop_distance_atr"":{""value"":1.1042310161411626,""score"":80.21155080705813},""R4_rr_potential"":{""value"":2.1789079906477826,""score"":58.94539953238913},""_score"":68.32},""market"":{""M1_spy_regime"":{""score"":100.0},""M3_earnings_risk"":{""value"":null,""score"":80.0},""M4_vix"":{""value"":null,""score"":60.0},""_score"":84.0},""liquidity"":{""L1_price"":{""value"":46.86,""score"":100.0},""L2_dollar_vol"":{""value"":11260582.874917861,""score"":52.578043561329444},""L3_spread_proxy"":{""value"":0.0422535211267605,""score"":57.7464788732395},""L4_volume_zscore"":{""value"":-1.2941908970211577,""score"":100.0},""_score"":76.81},""pattern_structure"":{""pole_low"":44.455,""pole_low_idx"":30,""peak_price"":48.429997,""peak_idx"":48,""pole_gain"":0.0894161961534136,""flag_bars"":11,""flag_low"":44.99,""flag_high"":48.17,""structural_low"":44.99,""current_price"":46.76,""neckline_distance_pct"":0.03571422155688628,""base_bars"":11},""pattern_geometry_features"":{""pole_gain"":0.0894161961534136,""pullback_pct"":0.0710302955418312,""flag_range_pct"":0.06566178395592301,""flag_drift_per_bar"":-0.0020967221401353067,""atr_pct"":0.04918129534784465,""pole_atr_multiple"":1.8180935561172087},""_schema_version"":""1.0""}",,,,,,,,,,
20260520T193044Z-73e07b,2026-05-20T19:30:44.960382+00:00,EXLS,breakout_retest_hold,setup,38.58,16.5,24.0,37.2,51.7,10.5,57.2,60.9,84.0,87.4,2.31,5.28,2.23,7.23,1.36,10.29,3.05,4.2,2.62,False,,29.305,27.7,27.9576,26.62,"{""trend"":{""T1_ema_stack"":{""value"":[false,false,false],""score"":0.0},""T2_ema50_slope"":{""value"":-0.18085135145908768,""score"":19.858108090152054},""T3_high_proximity"":{""value"":0.9003072196620584,""score"":50.15360983102918},""T4_rs_1m"":{""value"":-0.13226710124755114,""score"":0},""T5_rs_3m"":{""value"":-0.11823832086619213,""score"":0},""T6_adr_healthy"":{""value"":4.153941847315503,""score"":100.0},""_score"":16.49},""geometry"":{""sub_retest_depth"":0.0,""sub_retest_timing"":20.0,""sub_retest_freshness"":100.0,""sub_hold_quality"":0.0,""_score"":24.0},""compression"":{""VC1_atr_ratio"":{""value"":0.6882509444866195,""score"":77.93726387834512},""VC2_range_contraction"":{""value"":1.2988989603581707,""score"":0},""VC3_range_pct_rank"":{""score"":24.16666666666667},""_score"":37.22},""sr_quality"":{""SR1_touches"":{""value"":4,""score"":75.0},""SR2_tightness"":{""value"":0.20141297748655612,""score"":67.3721347471806},""SR3_recency"":{""value"":254,""score"":0.0},""SR4_price_location"":{""score"":16.230097586029895},""SR5_reaction"":{""value"":2.1147010327171736,""score"":100},""_score"":51.66,""_levels_found"":6,""_target_level"":31.3438},""volume"":{""V1_rvol_day"":{""value"":0.4546541372329105,""score"":0},""V2_rvol_sameslot"":{""value"":0.5309891542603113,""score"":2.0659436173540895,""status"":""ok""},""V3_breakout_bar"":{""value"":0.7303647919403691,""score"":15.357652796024604},""V4_base_dryup"":{""value"":1.1880869820374877,""score"":31.191301796251224},""V5_bo_expansion"":{""value"":0.4546541372329105,""score"":0},""_score"":10.49},""readiness"":{""_distance_atr"":-1.3,""BR1_atr_distance"":{""score"":33.99982643408835},""BR2_compression"":{""score"":76.23608417396349},""BR3_retest"":{""score"":100},""BR4_bo_age"":{""score"":30.0},""_score"":57.16},""risk"":{""R1_stop_clarity"":{""score"":54.25265411206589},""R2_stop_distance_pct"":{""value"":4.597850196212252,""score"":100.0},""R3_stop_distance_atr"":{""value"":1.0913593103647774,""score"":79.56796551823886},""R4_rr_potential"":{""value"":-1.9927267329671945,""score"":0.0},""_score"":60.92},""market"":{""M1_spy_regime"":{""score"":100.0},""M3_earnings_risk"":{""value"":null,""score"":80.0},""M4_vix"":{""value"":null,""score"":60.0},""_score"":84.0},""liquidity"":{""L1_price"":{""value"":29.305,""score"":100.0},""L2_dollar_vol"":{""value"":36440205.1933156,""score"":78.07904069012186},""L3_spread_proxy"":{""value"":0.03804811465620208,""score"":61.95188534379792},""L4_volume_zscore"":{""value"":-1.7898015481506402,""score"":100.0},""_score"":87.43},""pattern_structure"":{""level"":27.7,""level_idx"":56,""breakout_idx"":62,""bo_peak_idx"":68,""bo_peak_price"":30.42,""retest_idx"":74,""retest_low"":28.24,""structural_low"":28.24,""current_price"":29.275,""neckline_distance_pct"":-0.05380017079419298,""base_bars"":23,""bars_since_breakout"":17},""pattern_geometry_features"":{""retest_depth_atr"":-1.3286700996502558,""bars_breakout_to_retest"":12.0,""bars_since_retest"":5.0,""current_above_level_atr"":3.875287790646584,""bo_peak_excess_pct"":0.09819494584837554,""atr_pct"":0.04212957320788751},""_schema_version"":""1.0""}",,,,,,,,,,
20260520T193044Z-73e07b,2026-05-20T19:30:44.960382+00:00,PAR,bull_flag,absent,37.92,20.2,28.7,51.7,55.0,2.8,52.7,80.5,84.0,75.0,2.83,8.61,4.65,5.5,0.4,4.74,2.41,5.04,3.75,False,,14.535,15.4,13.7428,16.95,"{""trend"":{""T1_ema_stack"":{""value"":[true,false,false],""score"":33.33333333333333},""T2_ema50_slope"":{""value"":-0.5223007981496759,""score"":0},""T3_high_proximity"":{""value"":0.6471504897595726,""score"":0},""T4_rs_1m"":{""value"":-0.01578959026152238,""score"":34.21040973847762},""T5_rs_3m"":{""value"":-0.4086732430711236,""score"":0},""T6_adr_healthy"":{""value"":6.536585942263644,""score"":100.0},""_score"":20.18},""geometry"":{""sub_pole_impulse"":13.6,""sub_flag_tightness"":0,""sub_flag_shallowness"":0,""sub_flag_drift"":97.4,""sub_flag_duration"":100.0,""_score"":28.69},""compression"":{""VC1_atr_ratio"":{""value"":0.57630704663217,""score"":100},""VC2_range_contraction"":{""value"":1.2913831462105185,""score"":0},""VC3_range_pct_rank"":{""score"":46.666666666666664},""_score"":51.67},""sr_quality"":{""SR1_touches"":{""value"":2,""score"":25.0},""SR2_tightness"":{""value"":0.22380000000000067,""score"":57.52428336123734},""SR3_recency"":{""value"":240,""score"":0.0},""SR4_price_location"":{""score"":95.28203482307632},""SR5_reaction"":{""value"":2.228931260972418,""score"":100},""_score"":54.95,""_levels_found"":7,""_target_level"":14.5938},""volume"":{""V1_rvol_day"":{""value"":0.5319742332574035,""score"":2.1316155504935637},""V2_rvol_sameslot"":{""value"":0.3920983484667408,""score"":0,""status"":""ok""},""V3_breakout_bar"":{""value"":0.6449560802047787,""score"":9.663738680318579},""V4_base_dryup"":{""value"":1.8282644578279097,""score"":0},""V5_bo_expansion"":{""value"":0.5319742332574035,""score"":0},""_score"":2.84},""readiness"":{""_distance_atr"":0.821,""BR1_atr_distance"":{""score"":45.27629595989039},""BR2_compression"":{""score"":68.24685229892266},""BR3_retest"":{""score"":50.0},""BR4_bo_age"":{""score"":50.0},""_score"":52.67},""risk"":{""R1_stop_clarity"":{""score"":60.27979583675086},""R2_stop_distance_pct"":{""value"":5.45016511867905,""score"":100.0},""R3_stop_distance_atr"":{""value"":0.7517532824054927,""score"":62.58766412027463},""R4_rr_potential"":{""value"":3.0485437996216813,""score"":100.0},""_score"":80.49},""market"":{""M1_spy_regime"":{""score"":100.0},""M3_earnings_risk"":{""value"":null,""score"":80.0},""M4_vix"":{""value"":null,""score"":60.0},""_score"":84.0},""liquidity"":{""L1_price"":{""value"":14.535,""score"":100.0},""L2_dollar_vol"":{""value"":10737108.40152888,""score"":51.544366887802305},""L3_spread_proxy"":{""value"":0.05627106983144134,""score"":43.72893016855866},""L4_volume_zscore"":{""value"":-1.0169330405219803,""score"":100.0},""_score"":74.99},""pattern_structure"":{""pole_low"":13.85,""pole_low_idx"":47,""peak_price"":15.4,""peak_idx"":48,""pole_gain"":0.11191335740072207,""flag_bars"":11,""flag_low"":13.9521,""flag_high"":15.185,""structural_low"":13.9521,""current_price"":14.55,""neckline_distance_pct"":0.05841924398625427,""base_bars"":11},""pattern_geometry_features"":{""pole_gain"":0.11191335740072207,""pullback_pct"":0.09401948051948056,""flag_range_pct"":0.0800584415584416,""flag_drift_per_bar"":-0.0005235863792564618,""atr_pct"":0.07249938571919999,""pole_atr_multiple"":1.5436455949320422},""_schema_version"":""1.0""}",,,,,,,,,,
20260520T193044Z-73e07b,2026-05-20T19:30:44.960382+00:00,AVAV,bull_flag,absent,37.85,5.0,19.5,74.5,51.0,18.9,56.9,66.8,84.0,94.0,0.7,5.84,6.7,5.1,2.64,5.12,2.0,5.04,4.7,False,,162.5,166.99,154.6499,177.98,"{""trend"":{""T1_ema_stack"":{""value"":[false,false,false],""score"":0.0},""T2_ema50_slope"":{""value"":-0.7904769916365323,""score"":0},""T3_high_proximity"":{""value"":0.614064920832861,""score"":0},""T4_rs_1m"":{""value"":-0.27823221494274997,""score"":0},""T5_rs_3m"":{""value"":-0.5049853400159765,""score"":0},""T6_adr_healthy"":{""value"":5.0926555736672885,""score"":100.0},""_score"":5.0},""geometry"":{""sub_pole_impulse"":6.6,""sub_flag_tightness"":0,""sub_flag_shallowness"":0,""sub_flag_drift"":100,""sub_flag_duration"":25.0,""_score"":19.48},""compression"":{""VC1_atr_ratio"":{""value"":0.3119030092010183,""score"":100},""VC2_range_contraction"":{""value"":0.7408242158790798,""score"":43.195964020153376},""VC3_range_pct_rank"":{""score"":77.5},""_score"":74.49},""sr_quality"":{""SR1_touches"":{""value"":2,""score"":25.0},""SR2_tightness"":{""value"":0.34250000000000114,""score"":92.43489195069345},""SR3_recency"":{""value"":252,""score"":0.0},""SR4_price_location"":{""score"":58.344968927048406},""SR5_reaction"":{""value"":2.777830368031859,""score"":100},""_score"":50.95,""_levels_found"":4,""_target_level"":175.0725},""volume"":{""V1_rvol_day"":{""value"":0.4608723213281965,""score"":0},""V2_rvol_sameslot"":{""value"":0.49074558780503597,""score"":0,""status"":""ok""},""V3_breakout_bar"":{""value"":0.712424719287892,""score"":14.161647952526133},""V4_base_dryup"":{""value"":0.7329425325433527,""score"":76.70574674566473},""V5_bo_expansion"":{""value"":0.4608723213281965,""score"":0},""_score"":18.88},""readiness"":{""_distance_atr"":0.496,""BR1_atr_distance"":{""score"":66.94176628575539},""BR2_compression"":{""score"":50.33200474314703},""BR3_retest"":{""score"":50.0},""BR4_bo_age"":{""score"":50.0},""_score"":56.86},""risk"":{""R1_stop_clarity"":{""score"":47.981323097166296},""R2_stop_distance_pct"":{""value"":4.830815384615387,""score"":100.0},""R3_stop_distance_atr"":{""value"":0.8669586214621884,""score"":68.34793107310941},""R4_rr_potential"":{""value"":1.9719556819520847,""score"":48.59778409760423},""_score"":66.77},""market"":{""M1_spy_regime"":{""score"":100.0},""M3_earnings_risk"":{""value"":null,""score"":80.0},""M4_vix"":{""value"":null,""score"":60.0},""_score"":84.0},""liquidity"":{""L1_price"":{""value"":162.5,""score"":100.0},""L2_dollar_vol"":{""value"":78621468.9102375,""score"":94.77705768118084},""L3_spread_proxy"":{""value"":0.03913846153846162,""score"":60.86153846153838},""L4_volume_zscore"":{""value"":-1.9092282012095267,""score"":100.0},""_score"":94.0},""pattern_structure"":{""pole_low"":156.0,""pole_low_idx"":24,""peak_price"":166.99,""peak_idx"":33,""pole_gain"":0.070448717948718,""flag_bars"":26,""flag_low"":157.005,""flag_high"":165.4399,""structural_low"":157.005,""current_price"":162.71,""neckline_distance_pct"":0.026304468072029998,""base_bars"":26},""pattern_geometry_features"":{""pole_gain"":0.070448717948718,""pullback_pct"":0.05979399964069713,""flag_range_pct"":0.05051140786873465,""flag_drift_per_bar"":0.000459379095627657,""atr_pct"":0.05572140659340659,""pole_atr_multiple"":1.2643025769750411},""_schema_version"":""1.0""}",,,,,,,,,,
20260520T193044Z-73e07b,2026-05-20T19:30:44.960382+00:00,TTAN,breakout_retest_hold,setup,37.57,13.3,20.0,49.2,51.8,11.0,54.4,64.2,84.0,82.3,1.87,4.4,2.95,7.26,1.43,9.79,3.21,4.2,2.47,False,,62.325,58.29,59.0535,55.57,"{""trend"":{""T1_ema_stack"":{""value"":[true,false,false],""score"":33.33333333333333},""T2_ema50_slope"":{""value"":-0.32849480776373174,""score"":0},""T3_high_proximity"":{""value"":0.7513562386980108,""score"":0},""T4_rs_1m"":{""value"":-0.07947499583882878,""score"":0},""T5_rs_3m"":{""value"":-0.1513999472465386,""score"":0},""T6_adr_healthy"":{""value"":5.527360805611094,""score"":100.0},""_score"":13.33},""geometry"":{""sub_retest_depth"":0.0,""sub_retest_timing"":0.0,""sub_retest_freshness"":100.0,""sub_hold_quality"":0.0,""_score"":20.0},""compression"":{""VC1_atr_ratio"":{""value"":0.4704869064348282,""score"":100},""VC2_range_contraction"":{""value"":1.010672648986079,""score"":0},""VC3_range_pct_rank"":{""score"":36.66666666666667},""_score"":49.17},""sr_quality"":{""SR1_touches"":{""value"":3,""score"":50.0},""SR2_tightness"":{""value"":0.36153392648546445,""score"":80.79260552147866},""SR3_recency"":{""value"":233,""score"":0.0},""SR4_price_location"":{""score"":38.889932103218925},""SR5_reaction"":{""value"":2.739156613551815,""score"":100},""_score"":51.84,""_levels_found"":4,""_target_level"":68.5083},""volume"":{""V1_rvol_day"":{""value"":0.36565897863492286,""score"":0},""V2_rvol_sameslot"":{""value"":0.37115973411522013,""score"":0,""status"":""ok""},""V3_breakout_bar"":{""value"":0.5158726781916155,""score"":1.058178546107702},""V4_base_dryup"":{""value"":0.9631385647094791,""score"":53.68614352905209},""V5_bo_expansion"":{""value"":0.36565897863492286,""score"":0},""_score"":11.0},""readiness"":{""_distance_atr"":-1.072,""BR1_atr_distance"":{""score"":38.563052858069845},""BR2_compression"":{""score"":57.89403552222008},""BR3_retest"":{""score"":100},""BR4_bo_age"":{""score"":30.0},""_score"":54.4},""risk"":{""R1_stop_clarity"":{""score"":68.30944493144659},""R2_stop_distance_pct"":{""value"":5.249097472924193,""score"":100.0},""R3_stop_distance_atr"":{""value"":0.8690331174079863,""score"":68.45165587039932},""R4_rr_potential"":{""value"":-2.0648020785572356,""score"":0.0},""_score"":64.18},""market"":{""M1_spy_regime"":{""score"":100.0},""M3_earnings_risk"":{""value"":null,""score"":80.0},""M4_vix"":{""value"":null,""score"":60.0},""_score"":84.0},""liquidity"":{""L1_price"":{""value"":62.325,""score"":100.0},""L2_dollar_vol"":{""value"":24975291.720037278,""score"":69.87552848186303},""L3_spread_proxy"":{""value"":0.05679903730445245,""score"":43.200962695547545},""L4_volume_zscore"":{""value"":-1.8896635372774562,""score"":100.0},""_score"":82.27},""pattern_structure"":{""level"":58.29,""level_idx"":51,""breakout_idx"":56,""bo_peak_idx"":68,""bo_peak_price"":64.5399,""retest_idx"":74,""retest_low"":59.65,""structural_low"":59.65,""current_price"":62.32,""neckline_distance_pct"":-0.06466623876765085,""base_bars"":28,""bars_since_breakout"":23},""pattern_geometry_features"":{""retest_depth_atr"":-1.2813093042974995,""bars_breakout_to_retest"":18.0,""bars_since_retest"":5.0,""current_above_level_atr"":3.796820953175681,""bo_peak_excess_pct"":0.1072207925887803,""atr_pct"":0.06040158157125663},""_schema_version"":""1.0""}",,,,,,,,,,
20260520T193044Z-73e07b,2026-05-20T19:30:44.960382+00:00,QBTS,bull_flag,absent,36.81,33.7,17.7,43.9,48.8,19.5,34.5,78.9,84.0,94.4,4.71,5.31,3.95,4.88,2.73,3.1,2.37,5.04,4.72,False,,19.175,22.53,17.469,24.67,"{""trend"":{""T1_ema_stack"":{""value"":[false,true,false],""score"":33.33333333333333},""T2_ema50_slope"":{""value"":0.42286056814026557,""score"":100},""T3_high_proximity"":{""value"":0.7979608822305452,""score"":0},""T4_rs_1m"":{""value"":-0.10998624575837379,""score"":0},""T5_rs_3m"":{""value"":-0.09247950490449341,""score"":3.760247547753295},""T6_adr_healthy"":{""value"":8.178499212670134,""score"":95.53751968324664},""_score"":33.67},""geometry"":{""sub_pole_impulse"":1.8,""sub_flag_tightness"":0,""sub_flag_shallowness"":0,""sub_flag_drift"":81.0,""sub_flag_duration"":50.0,""_score"":17.69},""compression"":{""VC1_atr_ratio"":{""value"":0.7548369242793571,""score"":61.29076893016072},""VC2_range_contraction"":{""value"":1.0904967851682912,""score"":0},""VC3_range_pct_rank"":{""score"":77.5},""_score"":43.89},""sr_quality"":{""SR1_touches"":{""value"":3,""score"":50.0},""SR2_tightness"":{""value"":0.42171922202126605,""score"":55.15516550164844},""SR3_recency"":{""value"":247,""score"":0.0},""SR4_price_location"":{""score"":41.91867933768164},""SR5_reaction"":{""value"":2.2576648905666676,""score"":100},""_score"":48.75,""_levels_found"":5,""_target_level"":21.9029},""volume"":{""V1_rvol_day"":{""value"":0.6749964544466034,""score"":11.666430296440227},""V2_rvol_sameslot"":{""value"":0.760966686109493,""score"":17.397779073966202,""status"":""ok""},""V3_breakout_bar"":{""value"":0.7632479569297501,""score"":17.549863795316675},""V4_base_dryup"":{""value"":1.0336384797973897,""score"":46.63615202026104},""V5_bo_expansion"":{""value"":0.6749964544466034,""score"":0},""_score"":19.53},""readiness"":{""_distance_atr"":1.784,""BR1_atr_distance"":{""score"":0},""BR2_compression"":{""score"":67.8626749442484},""BR3_retest"":{""score"":50.0},""BR4_bo_age"":{""score"":50.0},""_score"":34.47},""risk"":{""R1_stop_clarity"":{""score"":71.71139830846424},""R2_stop_distance_pct"":{""value"":8.897131681877447,""score"":77.57170795306382},""R3_stop_distance_atr"":{""value"":0.907077562274269,""score"":70.35387811371345},""R4_rr_potential"":{""value"":3.22093755953166,""score"":100.0},""_score"":78.92},""market"":{""M1_spy_regime"":{""score"":100.0},""M3_earnings_risk"":{""value"":null,""score"":80.0},""M4_vix"":{""value"":null,""score"":60.0},""_score"":84.0},""liquidity"":{""L1_price"":{""value"":19.175,""score"":100.0},""L2_dollar_vol"":{""value"":331294894.4428523,""score"":100.0},""L3_spread_proxy"":{""value"":0.05606258148631026,""score"":43.937418513689735},""L4_volume_zscore"":{""value"":-1.063789056687119,""score"":100.0},""_score"":94.39},""pattern_structure"":{""pole_low"":20.39,""pole_low_idx"":30,""peak_price"":22.53,""peak_idx"":35,""pole_gain"":0.10495340853359493,""flag_bars"":24,""flag_low"":17.735,""flag_high"":21.25,""structural_low"":17.735,""current_price"":19.1769,""neckline_distance_pct"":0.17485099260047252,""base_bars"":24},""pattern_geometry_features"":{""pole_gain"":0.10495340853359493,""pullback_pct"":0.21282734132268094,""flag_range_pct"":0.15601420328450957,""flag_drift_per_bar"":-0.0037909105769690942,""atr_pct"":0.09808567703482958,""pole_atr_multiple"":1.0700176795061185},""_schema_version"":""1.0""}",,,,,,,,,,
20260520T193044Z-73e07b,2026-05-20T19:30:44.960382+00:00,IE,bull_flag,absent,36.51,19.3,15.8,43.1,76.9,24.1,28.8,81.6,84.0,81.1,2.7,4.73,3.88,7.69,3.37,2.59,2.45,5.04,4.06,False,,12.03,15.03,11.298,16.79,"{""trend"":{""T1_ema_stack"":{""value"":[false,false,true],""score"":33.33333333333333},""T2_ema50_slope"":{""value"":-0.1214143439168924,""score"":29.764276013851266},""T3_high_proximity"":{""value"":0.6998254799301918,""score"":0},""T4_rs_1m"":{""value"":-0.21520530683151906,""score"":0},""T5_rs_3m"":{""value"":-0.29869846452781657,""score"":0},""T6_adr_healthy"":{""value"":6.286168511490928,""score"":100.0},""_score"":19.29},""geometry"":{""sub_pole_impulse"":18.5,""sub_flag_tightness"":0,""sub_flag_shallowness"":0,""sub_flag_drift"":68.2,""sub_flag_duration"":0.0,""_score"":15.78},""compression"":{""VC1_atr_ratio"":{""value"":0.7249814938934457,""score"":68.75462652663857},""VC2_range_contraction"":{""value"":1.1592973181106618,""score"":0},""VC3_range_pct_rank"":{""score"":62.5},""_score"":43.13},""sr_quality"":{""SR1_touches"":{""value"":5,""score"":100},""SR2_tightness"":{""value"":0.19679522351927137,""score"":57.10419627938066},""SR3_recency"":{""value"":239,""score"":0.0},""SR4_price_location"":{""score"":93.30717672061465},""SR5_reaction"":{""value"":2.1342706119557517,""score"":100},""_score"":76.89,""_levels_found"":5,""_target_level"":12.2347},""volume"":{""V1_rvol_day"":{""value"":0.895563295729025,""score"":26.370886381935005},""V2_rvol_sameslot"":{""value"":0.6930222016993005,""score"":12.868146779953369,""status"":""ok""},""V3_breakout_bar"":{""value"":0.6788393822614222,""score"":11.92262548409481},""V4_base_dryup"":{""value"":0.8379657086318649,""score"":66.2034291368135},""V5_bo_expansion"":{""value"":0.8955632957290249,""score"":0},""_score"":24.07},""readiness"":{""_distance_atr"":3.27,""BR1_atr_distance"":{""score"":0},""BR2_compression"":{""score"":45.2636697775492},""BR3_retest"":{""score"":50.0},""BR4_bo_age"":{""score"":50.0},""_score"":28.82},""risk"":{""R1_stop_clarity"":{""score"":62.49795651463125},""R2_stop_distance_pct"":{""value"":6.085203657522853,""score"":100.0},""R3_stop_distance_atr"":{""value"":0.7978311808620775,""score"":64.89155904310387},""R4_rr_potential"":{""value"":6.50228809507548,""score"":100.0},""_score"":81.61},""market"":{""M1_spy_regime"":{""score"":100.0},""M3_earnings_risk"":{""value"":null,""score"":80.0},""M4_vix"":{""value"":null,""score"":60.0},""_score"":84.0},""liquidity"":{""L1_price"":{""value"":12.03,""score"":100.0},""L2_dollar_vol"":{""value"":20698871.93868243,""score"":65.79733388116722},""L3_spread_proxy"":{""value"":0.051953449709060684,""score"":48.046550290939315},""L4_volume_zscore"":{""value"":-0.3618374815270669,""score"":100.0},""_score"":81.12},""pattern_structure"":{""pole_low"":13.27,""pole_low_idx"":6,""peak_price"":15.03,""peak_idx"":30,""pole_gain"":0.13262999246420495,""flag_bars"":29,""flag_low"":11.47,""flag_high"":14.22,""structural_low"":11.47,""current_price"":12.03,""neckline_distance_pct"":0.24937655860349128,""base_bars"":29},""pattern_geometry_features"":{""pole_gain"":0.13262999246420495,""pullback_pct"":0.23685961410512302,""flag_range_pct"":0.18296739853626082,""flag_drift_per_bar"":-0.006350011670331572,""atr_pct"":0.07627182044887781,""pole_atr_multiple"":1.738912113066738},""_schema_version"":""1.0""}",,,,,,,,,,
20260520T193044Z-73e07b,2026-05-20T19:30:44.960382+00:00,MMYT,bull_flag,absent,35.74,9.2,24.7,43.5,53.8,27.5,34.5,49.5,84.0,85.4,1.29,7.4,3.92,5.38,3.85,3.11,1.49,5.04,4.27,False,,42.965,45.9,38.484,49.3,"{""trend"":{""T1_ema_stack"":{""value"":[false,false,false],""score"":0.0},""T2_ema50_slope"":{""value"":-0.17331637875112701,""score"":21.11393687481216},""T3_high_proximity"":{""value"":0.7410313901345292,""score"":0},""T4_rs_1m"":{""value"":-0.15630660599360602,""score"":0},""T5_rs_3m"":{""value"":-0.31247107376850425,""score"":0},""T6_adr_healthy"":{""value"":4.3956118741759544,""score"":100.0},""_score"":9.22},""geometry"":{""sub_pole_impulse"":9.3,""sub_flag_tightness"":0,""sub_flag_shallowness"":0,""sub_flag_drift"":79.3,""sub_flag_duration"":100.0,""_score"":24.68},""compression"":{""VC1_atr_ratio"":{""value"":0.627107877706565,""score"":93.22303057335876},""VC2_range_contraction"":{""value"":1.4177553088432269,""score"":0},""VC3_range_pct_rank"":{""score"":25.0},""_score"":43.54},""sr_quality"":{""SR1_touches"":{""value"":2,""score"":25.0},""SR2_tightness"":{""value"":0.07500000000000284,""score"":94.00941377834809},""SR3_recency"":{""value"":243,""score"":0.0},""SR4_price_location"":{""score"":78.79332477535306},""SR5_reaction"":{""value"":1.6613892454714034,""score"":83.06946227357017},""_score"":53.76,""_levels_found"":4,""_target_level"":44.735},""volume"":{""V1_rvol_day"":{""value"":0.8834298025502565,""score"":25.561986836683765},""V2_rvol_sameslot"":{""value"":0.9587331153748236,""score"":30.58220769165491,""status"":""ok""},""V3_breakout_bar"":{""value"":0.5306492080921894,""score"":2.0432805394792934},""V4_base_dryup"":{""value"":0.7114403284918491,""score"":78.85596715081509},""V5_bo_expansion"":{""value"":0.8834298025502565,""score"":0},""_score"":27.51},""readiness"":{""_distance_atr"":1.172,""BR1_atr_distance"":{""score"":21.856130842010316},""BR2_compression"":{""score"":33.069364505355026},""BR3_retest"":{""score"":50.0},""BR4_bo_age"":{""score"":50.0},""_score"":34.51},""risk"":{""R1_stop_clarity"":{""score"":53.18955926401369},""R2_stop_distance_pct"":{""value"":10.429535668567445,""score"":39.261608285813885},""R3_stop_distance_atr"":{""value"":1.7896077592354882,""score"":100.0},""R4_rr_potential"":{""value"":1.4137311567601318,""score"":20.686557838006593},""_score"":49.53},""market"":{""M1_spy_regime"":{""score"":100.0},""M3_earnings_risk"":{""value"":null,""score"":80.0},""M4_vix"":{""value"":null,""score"":60.0},""_score"":84.0},""liquidity"":{""L1_price"":{""value"":42.965,""score"":100.0},""L2_dollar_vol"":{""value"":37092623.89002535,""score"":78.46437779564761},""L3_spread_proxy"":{""value"":0.05958338182241364,""score"":40.41661817758636},""L4_volume_zscore"":{""value"":-0.3011708597050748,""score"":100.0},""_score"":85.43},""pattern_structure"":{""pole_low"":42.5,""pole_low_idx"":36,""peak_price"":45.9,""peak_idx"":43,""pole_gain"":0.07999999999999996,""flag_bars"":16,""flag_low"":39.07,""flag_high"":45.85,""structural_low"":39.07,""current_price"":42.99,""neckline_distance_pct"":0.06769016050244235,""base_bars"":16},""pattern_geometry_features"":{""pole_gain"":0.07999999999999996,""pullback_pct"":0.14880174291938994,""flag_range_pct"":0.14771241830065363,""flag_drift_per_bar"":-0.00414896077063061,""atr_pct"":0.058278332862296556,""pole_atr_multiple"":1.3727228640707452},""_schema_version"":""1.0""}",,,,,,,,,,
20260520T193044Z-73e07b,2026-05-20T19:30:44.960382+00:00,HLNE,bull_flag,absent,35.4,5.0,21.1,72.7,45.4,15.4,43.0,68.0,84.0,83.5,0.7,6.34,6.54,4.54,2.16,3.87,2.04,5.04,4.17,True,risk_unclear,85.4,89.92,81.4447,95.76,"{""trend"":{""T1_ema_stack"":{""value"":[false,false,false],""score"":0.0},""T2_ema50_slope"":{""value"":-0.5997626474779139,""score"":0},""T3_high_proximity"":{""value"":0.7762225049990912,""score"":0},""T4_rs_1m"":{""value"":-0.24711037457914575,""score"":0},""T5_rs_3m"":{""value"":-0.32614937713843595,""score"":0},""T6_adr_healthy"":{""value"":4.831746052259061,""score"":100.0},""_score"":5.0},""geometry"":{""sub_pole_impulse"":18.9,""sub_flag_tightness"":0,""sub_flag_shallowness"":0,""sub_flag_drift"":94.7,""sub_flag_duration"":12.5,""_score"":21.12},""compression"":{""VC1_atr_ratio"":{""value"":0.2723208493046829,""score"":100},""VC2_range_contraction"":{""value"":0.6572489819759675,""score"":57.12516967067209},""VC3_range_pct_rank"":{""score"":50.83333333333333},""_score"":72.7},""sr_quality"":{""SR1_touches"":{""value"":2,""score"":25.0},""SR2_tightness"":{""value"":0.5249999999999986,""score"":68.93202241966716},""SR3_recency"":{""value"":251,""score"":0.0},""SR4_price_location"":{""score"":50.3356186965821},""SR5_reaction"":{""value"":4.524089306698003,""score"":100},""_score"":45.42,""_levels_found"":5,""_target_level"":90.995},""volume"":{""V1_rvol_day"":{""value"":0.2690796662089672,""score"":0},""V2_rvol_sameslot"":{""value"":0.38639444870797884,""score"":0,""status"":""ok""},""V3_breakout_bar"":{""value"":1.0050365066951692,""score"":33.669100446344615},""V4_base_dryup"":{""value"":1.1509864609263243,""score"":34.901353907367564},""V5_bo_expansion"":{""value"":0.2690796662089672,""score"":0},""_score"":15.4},""readiness"":{""_distance_atr"":1.337,""BR1_atr_distance"":{""score"":10.839835769457338},""BR2_compression"":{""score"":84.53096679439109},""BR3_retest"":{""score"":50.0},""BR4_bo_age"":{""score"":50.0},""_score"":42.97},""risk"":{""R1_stop_clarity"":{""score"":26.60412210771939},""R2_stop_distance_pct"":{""value"":4.631469555035129,""score"":100.0},""R3_stop_distance_atr"":{""value"":1.1703085240385838,""score"":83.51542620192919},""R4_rr_potential"":{""value"":2.6192869016692892,""score"":80.96434508346447},""_score"":68.03},""market"":{""M1_spy_regime"":{""score"":100.0},""M3_earnings_risk"":{""value"":null,""score"":80.0},""M4_vix"":{""value"":null,""score"":60.0},""_score"":84.0},""liquidity"":{""L1_price"":{""value"":85.4,""score"":100.0},""L2_dollar_vol"":{""value"":22606336.261546798,""score"":67.71150916476452},""L3_spread_proxy"":{""value"":0.036007025761124155,""score"":63.992974238875846},""L4_volume_zscore"":{""value"":-1.2957553444659533,""score"":100.0},""_score"":83.48},""pattern_structure"":{""pole_low"":84.08,""pole_low_idx"":24,""peak_price"":89.92,""peak_idx"":32,""pole_gain"":0.06945765937202668,""flag_bars"":27,""flag_low"":82.685,""flag_high"":89.41,""structural_low"":82.685,""current_price"":85.4,""neckline_distance_pct"":0.052927400468384025,""base_bars"":27},""pattern_geometry_features"":{""pole_gain"":0.06945765937202668,""pullback_pct"":0.08046040925266904,""flag_range_pct"":0.07478870106761559,""flag_drift_per_bar"":-0.001064765965234356,""atr_pct"":0.03957477417196385,""pole_atr_multiple"":1.7550993233773877},""_schema_version"":""1.0""}",,,,,,,,,,
20260520T193044Z-73e07b,2026-05-20T19:30:44.960382+00:00,KTOS,bull_flag,absent,35.34,5.0,19.9,53.3,41.7,14.3,67.1,62.6,84.0,94.3,0.7,5.98,4.8,4.17,2.01,6.04,1.88,5.04,4.72,False,,55.35,55.97,50.8851,60.1,"{""trend"":{""T1_ema_stack"":{""value"":[false,false,false],""score"":0.0},""T2_ema50_slope"":{""value"":-1.1272533669699243,""score"":0},""T3_high_proximity"":{""value"":0.576082431307244,""score"":0},""T4_rs_1m"":{""value"":-0.24434406324922775,""score"":0},""T5_rs_3m"":{""value"":-0.5581010785029278,""score"":0},""T6_adr_healthy"":{""value"":5.666545198028737,""score"":100.0},""_score"":5.0},""geometry"":{""sub_pole_impulse"":8.1,""sub_flag_tightness"":0,""sub_flag_shallowness"":0,""sub_flag_drift"":100,""sub_flag_duration"":25.0,""_score"":19.93},""compression"":{""VC1_atr_ratio"":{""value"":0.41680331437249013,""score"":100},""VC2_range_contraction"":{""value"":1.0115354607549425,""score"":0},""VC3_range_pct_rank"":{""score"":53.333333333333336},""_score"":53.33},""sr_quality"":{""SR1_touches"":{""value"":2,""score"":25.0},""SR2_tightness"":{""value"":0.14499999999999602,""score"":91.29015165004454},""SR3_recency"":{""value"":236,""score"":0.0},""SR4_price_location"":{""score"":22.197027067033673},""SR5_reaction"":{""value"":3.712197434670773,""score"":100},""_score"":41.74,""_levels_found"":5,""_target_level"":63.985},""volume"":{""V1_rvol_day"":{""value"":0.5665630898422808,""score"":4.437539322818718},""V2_rvol_sameslot"":{""value"":0.5907962793487197,""score"":6.053085289914647,""status"":""ok""},""V3_breakout_bar"":{""value"":0.8194136537798743,""score"":21.294243585324953},""V4_base_dryup"":{""value"":1.1544750351085409,""score"":34.55249648914591},""V5_bo_expansion"":{""value"":0.5665630898422809,""score"":0},""_score"":14.33},""readiness"":{""_distance_atr"":0.186,""BR1_atr_distance"":{""score"":87.58596327132756},""BR2_compression"":{""score"":58.403070622994015},""BR3_retest"":{""score"":50.0},""BR4_bo_age"":{""score"":50.0},""_score"":67.14},""risk"":{""R1_stop_clarity"":{""score"":53.4533690594435},""R2_stop_distance_pct"":{""value"":8.066666666666679,""score"":98.33333333333303},""R3_stop_distance_atr"":{""value"":1.340986272335078,""score"":92.0493136167539},""R4_rr_potential"":{""value"":1.0638536137427457,""score"":3.1926806871372837},""_score"":62.65},""market"":{""M1_spy_regime"":{""score"":100.0},""M3_earnings_risk"":{""value"":null,""score"":80.0},""M4_vix"":{""value"":null,""score"":60.0},""_score"":84.0},""liquidity"":{""L1_price"":{""value"":55.35,""score"":100.0},""L2_dollar_vol"":{""value"":135169607.51204985,""score"":100.0},""L3_spread_proxy"":{""value"":0.056729900632339667,""score"":43.270099367660336},""L4_volume_zscore"":{""value"":-1.152218665055472,""score"":100.0},""_score"":94.33},""pattern_structure"":{""pole_low"":51.84,""pole_low_idx"":25,""peak_price"":55.97,""peak_idx"":33,""pole_gain"":0.07966820987654312,""flag_bars"":26,""flag_low"":51.66,""flag_high"":55.79,""structural_low"":51.66,""current_price"":55.45,""neckline_distance_pct"":0.00937781785392238,""base_bars"":26},""pattern_geometry_features"":{""pole_gain"":0.07966820987654312,""pullback_pct"":0.07700553868143653,""flag_range_pct"":0.07378953010541366,""flag_drift_per_bar"":0.001858061393570875,""atr_pct"":0.06015472964253452,""pole_atr_multiple"":1.3243881295779427},""_schema_version"":""1.0""}",,,,,,,,,,
20260520T193044Z-73e07b,2026-05-20T19:30:44.960382+00:00,TMC,bull_flag,absent,35.17,15.6,14.9,66.1,48.8,23.6,31.8,81.8,84.0,80.8,2.18,4.47,5.95,4.88,3.3,2.86,2.46,5.04,4.04,False,,5.06,5.84,4.7674,6.375,"{""trend"":{""T1_ema_stack"":{""value"":[false,false,false],""score"":0.0},""T2_ema50_slope"":{""value"":0.017473023183138467,""score"":52.91217053052308},""T3_high_proximity"":{""value"":0.7666666666666666,""score"":0},""T4_rs_1m"":{""value"":-0.10421834512336214,""score"":0},""T5_rs_3m"":{""value"":-0.2441532451569557,""score"":0},""T6_adr_healthy"":{""value"":6.946915612320229,""score"":100.0},""_score"":15.58},""geometry"":{""sub_pole_impulse"":5.5,""sub_flag_tightness"":0,""sub_flag_shallowness"":0,""sub_flag_drift"":71.7,""sub_flag_duration"":25.0,""_score"":14.91},""compression"":{""VC1_atr_ratio"":{""value"":0.36804883158651713,""score"":100},""VC2_range_contraction"":{""value"":0.9530927609036054,""score"":7.817873182732435},""VC3_range_pct_rank"":{""score"":93.33333333333333},""_score"":66.07},""sr_quality"":{""SR1_touches"":{""value"":3,""score"":50.0},""SR2_tightness"":{""value"":0.03681787005729081,""score"":82.4072432232475},""SR3_recency"":{""value"":276,""score"":0.0},""SR4_price_location"":{""score"":25.59241706161134},""SR5_reaction"":{""value"":2.297575571407443,""score"":100},""_score"":48.76,""_levels_found"":6,""_target_level"":5.5833},""volume"":{""V1_rvol_day"":{""value"":0.6697918066097328,""score"":11.319453773982186},""V2_rvol_sameslot"":{""value"":0.8288841026225486,""score"":21.925606841503242,""status"":""ok""},""V3_breakout_bar"":{""value"":0.8617097005370847,""score"":24.11398003580565},""V4_base_dryup"":{""value"":0.9549531587800393,""score"":54.50468412199607},""V5_bo_expansion"":{""value"":0.6697918066097328,""score"":0},""_score"":23.58},""readiness"":{""_distance_atr"":1.864,""BR1_atr_distance"":{""score"":0},""BR2_compression"":{""score"":57.06069836830393},""BR3_retest"":{""score"":50.0},""BR4_bo_age"":{""score"":50.0},""_score"":31.77},""risk"":{""R1_stop_clarity"":{""score"":65.30939622512693},""R2_stop_distance_pct"":{""value"":5.782608695652178,""score"":100.0},""R3_stop_distance_atr"":{""value"":0.6990682275845597,""score"":59.95341137922799},""R4_rr_potential"":{""value"":4.494190020505808,""score"":100.0},""_score"":81.85},""market"":{""M1_spy_regime"":{""score"":100.0},""M3_earnings_risk"":{""value"":null,""score"":80.0},""M4_vix"":{""value"":null,""score"":60.0},""_score"":84.0},""liquidity"":{""L1_price"":{""value"":5.06,""score"":97.53},""L2_dollar_vol"":{""value"":18877032.02584716,""score"":63.79668563125307},""L3_spread_proxy"":{""value"":0.04150197628458498,""score"":58.49802371541502},""L4_volume_zscore"":{""value"":-0.7594375254853256,""score"":100.0},""_score"":80.75},""pattern_structure"":{""pole_low"":5.305,""pole_low_idx"":30,""peak_price"":5.84,""peak_idx"":33,""pole_gain"":0.10084825636192275,""flag_bars"":26,""flag_low"":4.84,""flag_high"":5.8153,""structural_low"":4.84,""current_price"":5.065,""neckline_distance_pct"":0.153010858835143,""base_bars"":26},""pattern_geometry_features"":{""pole_gain"":0.10084825636192275,""pullback_pct"":0.17123287671232876,""flag_range_pct"":0.16700342465753423,""flag_drift_per_bar"":-0.005657279300714645,""atr_pct"":0.08271880293619424,""pole_atr_multiple"":1.219169678261819},""_schema_version"":""1.0""}",,,,,,,,,,
20260520T193044Z-73e07b,2026-05-20T19:30:44.960382+00:00,BILI,vcp,invalidated,35.03,5.0,37.2,7.4,40.8,48.5,28.5,22.5,84.0,94.9,0.75,9.3,0.88,4.9,6.3,1.99,1.12,5.04,4.74,False,,18.4099,25.625,20.6751,38.375,"{""trend"":{""T1_ema_stack"":{""value"":[false,false,false],""score"":0.0},""T2_ema50_slope"":{""value"":-0.613016157182945,""score"":0},""T3_high_proximity"":{""value"":0.6075874587458746,""score"":0},""T4_rs_1m"":{""value"":-0.2640260790374842,""score"":0},""T5_rs_3m"":{""value"":-0.48726657660791994,""score"":0},""T6_adr_healthy"":{""value"":3.4154136043184535,""score"":100.0},""_score"":5.0},""geometry"":{""sub_contraction_count"":100.0,""sub_reduction_rate"":0,""sub_pivot_tightness"":0,""sub_volume_dryup"":0,""sub_base_depth"":22.1,""sub_base_duration"":100.0,""_score"":37.21},""compression"":{""VC1_atr_ratio"":{""value"":0.9429951295647856,""score"":14.251217608803602},""VC2_range_contraction"":{""value"":1.7312714866073518,""score"":0},""VC3_range_pct_rank"":{""score"":6.666666666666665},""_score"":7.37},""sr_quality"":{""SR1_touches"":{""value"":3,""score"":50.0},""SR2_tightness"":{""value"":0.1367073110293988,""score"":72.07531071213657},""SR3_recency"":{""value"":275,""score"":0.0},""SR4_price_location"":{""score"":0},""SR5_reaction"":{""value"":2.456301613703346,""score"":100},""_score"":40.81,""_levels_found"":3,""_target_level"":24.2667},""volume"":{""V1_rvol_day"":{""value"":2.433235431280447,""score"":100},""V2_rvol_sameslot"":{""value"":1.559294347204473,""score"":70.61962314696486,""status"":""ok""},""V3_breakout_bar"":{""value"":0.34848990785047085,""score"":0},""V4_base_dryup"":{""value"":1.663526526929158,""score"":0},""V5_bo_expansion"":{""value"":2.433235431280447,""score"":95.54902875202981},""_score"":48.46},""readiness"":{""_distance_atr"":7.369,""BR1_atr_distance"":{""score"":0},""BR2_compression"":{""score"":43.83353162674234},""BR3_retest"":{""score"":50.0},""BR4_bo_age"":{""score"":50.0},""_score"":28.46},""risk"":{""R1_stop_clarity"":{""score"":35.68677230149697},""R2_stop_distance_pct"":{""value"":-12.304520937104483,""score"":0.0},""R3_stop_distance_atr"":{""value"":-2.313570573988152,""score"":0.0},""R4_rr_potential"":{""value"":null,""score"":50.0},""_score"":22.49},""market"":{""M1_spy_regime"":{""score"":100.0},""M3_earnings_risk"":{""value"":null,""score"":80.0},""M4_vix"":{""value"":null,""score"":60.0},""_score"":84.0},""liquidity"":{""L1_price"":{""value"":18.4099,""score"":100.0},""L2_dollar_vol"":{""value"":154864621.23846173,""score"":100.0},""L3_spread_proxy"":{""value"":0.05133107730080013,""score"":48.66892269919987},""L4_volume_zscore"":{""value"":1.6170057087325456,""score"":100.0},""_score"":94.87},""pattern_structure"":{""n_contractions"":5,""contractions_pct"":[10.61,19.75,7.66,19.65,18.09],""descending_strict"":false,""final_low"":20.99,""final_pivot"":25.625,""structural_low"":20.99,""dry_up_ratio"":2.4443996674434367,""current_price"":18.4099,""neckline_distance_pct"":0.3919141331566168,""base_bars"":71},""pattern_geometry_features"":{""contraction_count"":5.0,""first_contraction_pct"":0.10610551274451695,""last_contraction_pct"":0.18087804878048785,""dry_up_ratio"":2.4443996674434367,""near_monotone"":0.0,""base_depth_pct"":0.3778897451096622},""_schema_version"":""1.0""}",,,,,,,,,,
20260520T193044Z-73e07b,2026-05-20T19:30:44.960382+00:00,FTAI,bull_flag,absent,34.53,26.6,12.1,45.0,67.6,15.5,34.3,47.9,84.0,92.8,3.72,3.63,4.05,6.76,2.17,3.09,1.44,5.04,4.64,False,,239.31,273.76,211.312,289.36,"{""trend"":{""T1_ema_stack"":{""value"":[false,false,true],""score"":33.33333333333333},""T2_ema50_slope"":{""value"":0.04217574094735128,""score"":57.02929015789188},""T3_high_proximity"":{""value"":0.7718681460456714,""score"":0},""T4_rs_1m"":{""value"":-0.0409280970312218,""score"":9.071902968778204},""T5_rs_3m"":{""value"":-0.2537819964763943,""score"":0},""T6_adr_healthy"":{""value"":6.500433352950226,""score"":100.0},""_score"":26.55},""geometry"":{""sub_pole_impulse"":0.0,""sub_flag_tightness"":0,""sub_flag_shallowness"":0,""sub_flag_drift"":80.7,""sub_flag_duration"":0.0,""_score"":12.11},""compression"":{""VC1_atr_ratio"":{""value"":0.5897976707824849,""score"":100},""VC2_range_contraction"":{""value"":1.05164478430239,""score"":0},""VC3_range_pct_rank"":{""score"":19.999999999999996},""_score"":45.0},""sr_quality"":{""SR1_touches"":{""value"":5,""score"":100},""SR2_tightness"":{""value"":1.2978738311561624,""score"":85.86128076615289},""SR3_recency"":{""value"":238,""score"":0.0},""SR4_price_location"":{""score"":48.97163599723399},""SR5_reaction"":{""value"":1.6601548469427463,""score"":83.00774234713731},""_score"":67.57,""_levels_found"":5,""_target_level"":256.002},""volume"":{""V1_rvol_day"":{""value"":0.53236273723952,""score"":2.157515815967999},""V2_rvol_sameslot"":{""value"":0.5487132600899625,""score"":3.2475506726641643,""status"":""ok""},""V3_breakout_bar"":{""value"":0.5807581739609845,""score"":5.3838782640656335},""V4_base_dryup"":{""value"":0.8460162017339633,""score"":65.39837982660367},""V5_bo_expansion"":{""value"":0.53236273723952,""score"":0},""_score"":15.51},""readiness"":{""_distance_atr"":1.876,""BR1_atr_distance"":{""score"":0},""BR2_compression"":{""score"":67.18786562370983},""BR3_retest"":{""score"":50.0},""BR4_bo_age"":{""score"":50.0},""_score"":34.3},""risk"":{""R1_stop_clarity"":{""score"":64.94444185069327},""R2_stop_distance_pct"":{""value"":11.6994484141908,""score"":7.513789645230018},""R3_stop_distance_atr"":{""value"":1.5250140062561286,""score"":100.0},""R4_rr_potential"":{""value"":1.7876308801180067,""score"":39.38154400590034},""_score"":47.86},""market"":{""M1_spy_regime"":{""score"":100.0},""M3_earnings_risk"":{""value"":null,""score"":80.0},""M4_vix"":{""value"":null,""score"":60.0},""_score"":84.0},""liquidity"":{""L1_price"":{""value"":239.31,""score"":100.0},""L2_dollar_vol"":{""value"":201620220.64681283,""score"":100.0},""L3_spread_proxy"":{""value"":0.07220759684091764,""score"":27.792403159082355},""L4_volume_zscore"":{""value"":-1.047087498418408,""score"":100.0},""_score"":92.78},""pattern_structure"":{""pole_low"":258.16,""pole_low_idx"":19,""peak_price"":273.76,""peak_idx"":30,""pole_gain"":0.06042764177254402,""flag_bars"":29,""flag_low"":214.53,""flag_high"":262.21,""structural_low"":214.53,""current_price"":239.22,""neckline_distance_pct"":0.1443859209096229,""base_bars"":29},""pattern_geometry_features"":{""pole_gain"":0.06042764177254402,""pullback_pct"":0.21635739333722967,""flag_range_pct"":0.1741671537112799,""flag_drift_per_bar"":-0.0038533093802806642,""atr_pct"":0.07671698991744118,""pole_atr_multiple"":0.787669613179207},""_schema_version"":""1.0""}",,,,,,,,,,
20260520T193044Z-73e07b,2026-05-20T19:30:44.960382+00:00,RCAT,bull_flag,absent,34.49,13.3,13.0,61.1,53.9,21.4,32.0,82.4,84.0,88.6,1.87,3.91,5.5,5.39,2.99,2.88,2.47,5.04,4.43,False,,8.88,9.92,8.2297,10.73,"{""trend"":{""T1_ema_stack"":{""value"":[false,false,true],""score"":33.33333333333333},""T2_ema50_slope"":{""value"":-0.882582185724696,""score"":0},""T3_high_proximity"":{""value"":0.5223529411764707,""score"":0},""T4_rs_1m"":{""value"":-0.3453399741133776,""score"":0},""T5_rs_3m"":{""value"":-0.3897737641186193,""score"":0},""T6_adr_healthy"":{""value"":6.654238207559467,""score"":100.0},""_score"":13.33},""geometry"":{""sub_pole_impulse"":0.0,""sub_flag_tightness"":0,""sub_flag_shallowness"":0,""sub_flag_drift"":78.6,""sub_flag_duration"":12.5,""_score"":13.04},""compression"":{""VC1_atr_ratio"":{""value"":0.4047859782137147,""score"":100},""VC2_range_contraction"":{""value"":0.9853152964241165,""score"":2.447450595980579},""VC3_range_pct_rank"":{""score"":80.83333333333333},""_score"":61.06},""sr_quality"":{""SR1_touches"":{""value"":3,""score"":50.0},""SR2_tightness"":{""value"":0.1143095213298817,""score"":71.97265628787991},""SR3_recency"":{""value"":239,""score"":0.0},""SR4_price_location"":{""score"":52.49042145593871},""SR5_reaction"":{""value"":3.111846675656901,""score"":100},""_score"":53.92,""_levels_found"":6,""_target_level"":10.74},""volume"":{""V1_rvol_day"":{""value"":0.5687313241831916,""score"":4.58208827887944},""V2_rvol_sameslot"":{""value"":0.5772474181432291,""score"":5.149827876215274,""status"":""ok""},""V3_breakout_bar"":{""value"":0.5528870736863464,""score"":3.5258049124230917},""V4_base_dryup"":{""value"":0.5721266193978846,""score"":92.78733806021154},""V5_bo_expansion"":{""value"":0.5687313241831917,""score"":0},""_score"":21.39},""readiness"":{""_distance_atr"":1.275,""BR1_atr_distance"":{""score"":15.001430264394628},""BR2_compression"":{""score"":34.14171524578306},""BR3_retest"":{""score"":50.0},""BR4_bo_age"":{""score"":50.0},""_score"":32.04},""risk"":{""R1_stop_clarity"":{""score"":69.27179109966896},""R2_stop_distance_pct"":{""value"":7.323479729729734,""score"":100.0},""R3_stop_distance_atr"":{""value"":0.7972600220669372,""score"":64.86300110334686},""R4_rr_potential"":{""value"":2.8447314804136368,""score"":92.23657402068184},""_score"":82.42},""market"":{""M1_spy_regime"":{""score"":100.0},""M3_earnings_risk"":{""value"":null,""score"":80.0},""M4_vix"":{""value"":null,""score"":60.0},""_score"":84.0},""liquidity"":{""L1_price"":{""value"":8.88,""score"":99.44},""L2_dollar_vol"":{""value"":52846976.95358737,""score"":86.1510074535762},""L3_spread_proxy"":{""value"":0.0574324324324324,""score"":42.5675675675676},""L4_volume_zscore"":{""value"":-0.7381164061686721,""score"":100.0},""_score"":88.58},""pattern_structure"":{""pole_low"":9.11,""pole_low_idx"":24,""peak_price"":9.92,""peak_idx"":32,""pole_gain"":0.08891328210757415,""flag_bars"":27,""flag_low"":8.355,""flag_high"":9.895,""structural_low"":8.355,""current_price"":8.885,""neckline_distance_pct"":0.11648846370287003,""base_bars"":27},""pattern_geometry_features"":{""pole_gain"":0.08891328210757415,""pullback_pct"":0.1577620967741935,""flag_range_pct"":0.15524193548387089,""flag_drift_per_bar"":-0.004284841651189437,""atr_pct"":0.09185810810810807,""pole_atr_multiple"":0.9679415779272512},""_schema_version"":""1.0""}",,,,,,,,,,
20260520T193044Z-73e07b,2026-05-20T19:30:44.960382+00:00,PGY,bull_flag,absent,34.06,28.0,15.6,39.6,40.4,19.0,52.3,46.2,84.0,81.2,3.92,4.68,3.56,4.04,2.66,4.71,1.38,5.04,4.06,False,,13.4,13.63,11.9678,14.555,"{""trend"":{""T1_ema_stack"":{""value"":[false,false,false],""score"":0.0},""T2_ema50_slope"":{""value"":0.06934475026698561,""score"":61.55745837783093},""T3_high_proximity"":{""value"":0.864516129032258,""score"":32.258064516129004},""T4_rs_1m"":{""value"":-0.11602969825038911,""score"":0},""T5_rs_3m"":{""value"":-0.021775007249335676,""score"":39.112496375332164},""T6_adr_healthy"":{""value"":5.99628520225091,""score"":100.0},""_score"":28.02},""geometry"":{""sub_pole_impulse"":1.2,""sub_flag_tightness"":0,""sub_flag_shallowness"":0,""sub_flag_drift"":93.3,""sub_flag_duration"":12.5,""_score"":15.6},""compression"":{""VC1_atr_ratio"":{""value"":0.6187062110679113,""score"":95.32344723302216},""VC2_range_contraction"":{""value"":1.3408768295726563,""score"":0},""VC3_range_pct_rank"":{""score"":5.833333333333335},""_score"":39.59},""sr_quality"":{""SR1_touches"":{""value"":2,""score"":25.0},""SR2_tightness"":{""value"":0.014999999999998792,""score"":96.78333460978811},""SR3_recency"":{""value"":308,""score"":0.0},""SR4_price_location"":{""score"":13.560334528076465},""SR5_reaction"":{""value"":3.4659569579535887,""score"":100},""_score"":40.41,""_levels_found"":3,""_target_level"":20.635},""volume"":{""V1_rvol_day"":{""value"":0.6914150582238152,""score"":12.761003881587682},""V2_rvol_sameslot"":{""value"":0.8557413139086337,""score"":23.716087593908917,""status"":""ok""},""V3_breakout_bar"":{""value"":0.9708850410655495,""score"":31.392336071036635},""V4_base_dryup"":{""value"":1.306465948618231,""score"":19.353405138176896},""V5_bo_expansion"":{""value"":0.6914150582238154,""score"":0},""_score"":19.01},""readiness"":{""_distance_atr"":0.247,""BR1_atr_distance"":{""score"":83.5592657833601},""BR2_compression"":{""score"":5.51973578861494},""BR3_retest"":{""score"":50.0},""BR4_bo_age"":{""score"":50.0},""_score"":52.3},""risk"":{""R1_stop_clarity"":{""score"":60.917515508922456},""R2_stop_distance_pct"":{""value"":10.688432835820894,""score"":32.789179104477654},""R3_stop_distance_atr"":{""value"":1.5356896683771157,""score"":100.0},""R4_rr_potential"":{""value"":0.8064234595915527,""score"":0.0},""_score"":46.16},""market"":{""M1_spy_regime"":{""score"":100.0},""M3_earnings_risk"":{""value"":null,""score"":80.0},""M4_vix"":{""value"":null,""score"":60.0},""_score"":84.0},""liquidity"":{""L1_price"":{""value"":13.4,""score"":100.0},""L2_dollar_vol"":{""value"":35749007.90757421,""score"":77.66319969672276},""L3_spread_proxy"":{""value"":0.09813432835820891,""score"":1.8656716417910815},""L4_volume_zscore"":{""value"":-0.5085122572898745,""score"":100.0},""_score"":81.25},""pattern_structure"":{""pole_low"":12.705,""pole_low_idx"":24,""peak_price"":13.63,""peak_idx"":32,""pole_gain"":0.07280598189689104,""flag_bars"":27,""flag_low"":12.15,""flag_high"":13.62,""structural_low"":12.15,""current_price"":13.38,""neckline_distance_pct"":0.018684603886397606,""base_bars"":27},""pattern_geometry_features"":{""pole_gain"":0.07280598189689104,""pullback_pct"":0.10858400586940575,""flag_range_pct"":0.1078503301540718,""flag_drift_per_bar"":-0.0013450177127307232,""atr_pct"":0.0696002132196162,""pole_atr_multiple"":1.0460597536843657},""_schema_version"":""1.0""}",,,,,,,,,,
20260520T193044Z-73e07b,2026-05-20T19:30:44.960382+00:00,VSEC,bull_flag,absent,33.22,13.3,13.1,47.1,48.5,28.2,35.6,57.1,84.0,88.8,1.87,3.92,4.24,4.85,3.95,3.2,1.71,5.04,4.44,False,,170.75,185.0,153.8718,197.28,"{""trend"":{""T1_ema_stack"":{""value"":[false,false,true],""score"":33.33333333333333},""T2_ema50_slope"":{""value"":-0.32431011890299627,""score"":0},""T3_high_proximity"":{""value"":0.7496268329089473,""score"":0},""T4_rs_1m"":{""value"":-0.17316908938830733,""score"":0},""T5_rs_3m"":{""value"":-0.32183036762708206,""score"":0},""T6_adr_healthy"":{""value"":5.60969213678477,""score"":100.0},""_score"":13.33},""geometry"":{""sub_pole_impulse"":1.1,""sub_flag_tightness"":0,""sub_flag_shallowness"":0,""sub_flag_drift"":84.9,""sub_flag_duration"":0.0,""_score"":13.07},""compression"":{""VC1_atr_ratio"":{""value"":0.5259941473403106,""score"":100},""VC2_range_contraction"":{""value"":0.8995237160951239,""score"":16.746047317479345},""VC3_range_pct_rank"":{""score"":5.000000000000004},""_score"":47.11},""sr_quality"":{""SR1_touches"":{""value"":2,""score"":25.0},""SR2_tightness"":{""value"":2.8899999999999864,""score"":50.25478133804333},""SR3_recency"":{""value"":320,""score"":0.0},""SR4_price_location"":{""score"":73.67355204536248},""SR5_reaction"":{""value"":2.1072866417612706,""score"":100},""_score"":48.46,""_levels_found"":7,""_target_level"":174.0},""volume"":{""V1_rvol_day"":{""value"":0.8343357431628994,""score"":22.289049544193293},""V2_rvol_sameslot"":{""value"":0.8595960528134133,""score"":23.97307018756089,""status"":""ok""},""V3_breakout_bar"":{""value"":0.5738866203011811,""score"":4.925774686745407},""V4_base_dryup"":{""value"":0.6140069922454436,""score"":88.59930077545563},""V5_bo_expansion"":{""value"":0.8343357431628995,""score"":0},""_score"":28.2},""readiness"":{""_distance_atr"":1.226,""BR1_atr_distance"":{""score"":18.238827458721346},""BR2_compression"":{""score"":43.19404783258972},""BR3_retest"":{""score"":50.0},""BR4_bo_age"":{""score"":50.0},""_score"":35.59},""risk"":{""R1_stop_clarity"":{""score"":59.66635294146593},""R2_stop_distance_pct"":{""value"":9.88475841874084,""score"":52.881039531478976},""R3_stop_distance_atr"":{""value"":1.4526141751742336,""score"":97.63070875871168},""R4_rr_potential"":{""value"":1.571847750578039,""score"":28.592387528901952},""_score"":57.11},""market"":{""M1_spy_regime"":{""score"":100.0},""M3_earnings_risk"":{""value"":null,""score"":80.0},""M4_vix"":{""value"":null,""score"":60.0},""_score"":84.0},""liquidity"":{""L1_price"":{""value"":170.75,""score"":100.0},""L2_dollar_vol"":{""value"":71957629.81319325,""score"":92.85384249187199},""L3_spread_proxy"":{""value"":0.08304538799414336,""score"":16.95461200585663},""L4_volume_zscore"":{""value"":-0.45311600394714846,""score"":100.0},""_score"":88.84},""pattern_structure"":{""pole_low"":172.72,""pole_low_idx"":25,""peak_price"":185.0,""peak_idx"":30,""pole_gain"":0.07109773043075499,""flag_bars"":29,""flag_low"":156.215,""flag_high"":182.51,""structural_low"":156.215,""current_price"":170.75,""neckline_distance_pct"":0.08345534407027819,""base_bars"":29},""pattern_geometry_features"":{""pole_gain"":0.07109773043075499,""pullback_pct"":0.15559459459459457,""flag_range_pct"":0.14213513513513507,""flag_drift_per_bar"":-0.0030230510137108793,""atr_pct"":0.06804806525831414,""pole_atr_multiple"":1.0448163391694407},""_schema_version"":""1.0""}",,,,,,,,,,
20260520T193044Z-73e07b,2026-05-20T19:30:44.960382+00:00,NG,bull_flag,absent,32.21,13.3,11.5,60.0,41.0,27.0,22.7,79.6,84.0,82.9,1.87,3.46,5.4,4.1,3.78,2.04,2.39,5.04,4.14,False,,7.985,9.08,7.5451,9.6,"{""trend"":{""T1_ema_stack"":{""value"":[false,false,true],""score"":33.33333333333333},""T2_ema50_slope"":{""value"":-0.46065547512345806,""score"":0},""T3_high_proximity"":{""value"":0.5623239436619719,""score"":0},""T4_rs_1m"":{""value"":-0.2014111512403166,""score"":0},""T5_rs_3m"":{""value"":-0.3689551609563879,""score"":0},""T6_adr_healthy"":{""value"":5.129406835434345,""score"":100.0},""_score"":13.33},""geometry"":{""sub_pole_impulse"":0.0,""sub_flag_tightness"":0,""sub_flag_shallowness"":0,""sub_flag_drift"":76.9,""sub_flag_duration"":0.0,""_score"":11.54},""compression"":{""VC1_atr_ratio"":{""value"":0.42932810562360635,""score"":100},""VC2_range_contraction"":{""value"":0.9578419670555712,""score"":7.026338824071463},""VC3_range_pct_rank"":{""score"":70.0},""_score"":59.96},""sr_quality"":{""SR1_touches"":{""value"":2,""score"":25.0},""SR2_tightness"":{""value"":0.09499999999999975,""score"":63.23885073038609},""SR3_recency"":{""value"":255,""score"":0.0},""SR4_price_location"":{""score"":35.901926444833684},""SR5_reaction"":{""value"":2.6555093353971184,""score"":100},""_score"":40.96,""_levels_found"":6,""_target_level"":8.595},""volume"":{""V1_rvol_day"":{""value"":0.9636692245865182,""score"":30.91128163910121},""V2_rvol_sameslot"":{""value"":0.771013829283098,""score"":18.067588618873202,""status"":""ok""},""V3_breakout_bar"":{""value"":0.6080565641711929,""score"":7.203770944746195},""V4_base_dryup"":{""value"":0.7314529995975299,""score"":76.85470004024701},""V5_bo_expansion"":{""value"":0.963669224586518,""score"":0},""_score"":26.97},""readiness"":{""_distance_atr"":2.119,""BR1_atr_distance"":{""score"":0},""BR2_compression"":{""score"":20.648434984322435},""BR3_retest"":{""score"":50.0},""BR4_bo_age"":{""score"":50.0},""_score"":22.66},""risk"":{""R1_stop_clarity"":{""score"":55.53835735706667},""R2_stop_distance_pct"":{""value"":5.509079524107709,""score"":100.0},""R3_stop_distance_atr"":{""value"":0.8511173454580646,""score"":67.55586727290324},""R4_rr_potential"":{""value"":3.6712889293021074,""score"":100.0},""_score"":79.57},""market"":{""M1_spy_regime"":{""score"":100.0},""M3_earnings_risk"":{""value"":null,""score"":80.0},""M4_vix"":{""value"":null,""score"":60.0},""_score"":84.0},""liquidity"":{""L1_price"":{""value"":7.985,""score"":98.9925},""L2_dollar_vol"":{""value"":23918030.324892495,""score"":68.93627060893803},""L3_spread_proxy"":{""value"":0.04445835942391979,""score"":55.54164057608021},""L4_volume_zscore"":{""value"":-0.07073651461188174,""score"":100.0},""_score"":82.88},""pattern_structure"":{""pole_low"":8.56,""pole_low_idx"":6,""peak_price"":9.08,""peak_idx"":30,""pole_gain"":0.06074766355140181,""flag_bars"":29,""flag_low"":7.66,""flag_high"":9.035,""structural_low"":7.66,""current_price"":7.98,""neckline_distance_pct"":0.137844611528822,""base_bars"":29},""pattern_geometry_features"":{""pole_gain"":0.06074766355140181,""pullback_pct"":0.15638766519823788,""flag_range_pct"":0.15143171806167402,""flag_drift_per_bar"":-0.004621677346074543,""atr_pct"":0.06472761427676893,""pole_atr_multiple"":0.9385123216754253},""_schema_version"":""1.0""}",,,,,,,,,,
20260520T193044Z-73e07b,2026-05-20T19:30:44.960382+00:00,MIR,bull_flag,absent,31.58,10.0,16.7,56.8,41.3,13.7,29.1,71.1,84.0,84.4,1.4,5.02,5.11,4.13,1.92,2.61,2.13,5.04,4.22,False,,18.16,19.29,17.3261,20.41,"{""trend"":{""T1_ema_stack"":{""value"":[false,false,false],""score"":0.0},""T2_ema50_slope"":{""value"":-0.18434852886987063,""score"":19.275245188354894},""T3_high_proximity"":{""value"":0.81508078994614,""score"":7.540394973069963},""T4_rs_1m"":{""value"":-0.1280809380419291,""score"":0},""T5_rs_3m"":{""value"":-0.2360701968869222,""score"":0},""T6_adr_healthy"":{""value"":4.583428699366415,""score"":100.0},""_score"":9.99},""geometry"":{""sub_pole_impulse"":8.6,""sub_flag_tightness"":0,""sub_flag_shallowness"":0,""sub_flag_drift"":94.3,""sub_flag_duration"":0.0,""_score"":16.72},""compression"":{""VC1_atr_ratio"":{""value"":0.4563433886982075,""score"":100},""VC2_range_contraction"":{""value"":0.9513955876288018,""score"":8.100735395199695},""VC3_range_pct_rank"":{""score"":55.833333333333336},""_score"":56.79},""sr_quality"":{""SR1_touches"":{""value"":2,""score"":25.0},""SR2_tightness"":{""value"":0.1999999999999993,""score"":51.95483754729461},""SR3_recency"":{""value"":228,""score"":0.0},""SR4_price_location"":{""score"":55.92417061611374},""SR5_reaction"":{""value"":1.5975016515524578,""score"":79.87508257762289},""_score"":41.26,""_levels_found"":7,""_target_level"":19.09},""volume"":{""V1_rvol_day"":{""value"":0.3596102119598289,""score"":0},""V2_rvol_sameslot"":{""value"":0.509319452503424,""score"":0.621296833561602,""status"":""ok""},""V3_breakout_bar"":{""value"":0.7295040407660185,""score"":15.300269384401233},""V4_base_dryup"":{""value"":1.0113151160800966,""score"":48.86848839199034},""V5_bo_expansion"":{""value"":0.35961021195982895,""score"":0},""_score"":13.72},""readiness"":{""_distance_atr"":1.357,""BR1_atr_distance"":{""score"":9.514944047404597},""BR2_compression"":{""score"":30.992611018734223},""BR3_retest"":{""score"":50.0},""BR4_bo_age"":{""score"":50.0},""_score"":29.05},""risk"":{""R1_stop_clarity"":{""score"":36.61641943426783},""R2_stop_distance_pct"":{""value"":4.591685022026441,""score"":100.0},""R3_stop_distance_atr"":{""value"":1.0015614677797153,""score"":75.07807338898577},""R4_rr_potential"":{""value"":2.6983270372369033,""score"":84.91635186184516},""_score"":71.06},""market"":{""M1_spy_regime"":{""score"":100.0},""M3_earnings_risk"":{""value"":null,""score"":80.0},""M4_vix"":{""value"":null,""score"":60.0},""_score"":84.0},""liquidity"":{""L1_price"":{""value"":18.16,""score"":100.0},""L2_dollar_vol"":{""value"":25018417.50896608,""score"":69.912991788935},""L3_spread_proxy"":{""value"":0.035242290748898515,""score"":64.75770925110149},""L4_volume_zscore"":{""value"":-1.3261041664285667,""score"":100.0},""_score"":84.44},""pattern_structure"":{""pole_low"":18.17,""pole_low_idx"":19,""peak_price"":19.29,""peak_idx"":30,""pole_gain"":0.06164006604292776,""flag_bars"":29,""flag_low"":17.59,""flag_high"":19.045,""structural_low"":17.59,""current_price"":18.205,""neckline_distance_pct"":0.05959901126064273,""base_bars"":29},""pattern_geometry_features"":{""pole_gain"":0.06164006604292776,""pullback_pct"":0.08812856402280972,""flag_range_pct"":0.07542768273716961,""flag_drift_per_bar"":-0.001139837347775683,""atr_pct"":0.0458452643171806,""pole_atr_multiple"":1.3445241719290957},""_schema_version"":""1.0""}",,,,,,,,,,
20260520T193044Z-73e07b,2026-05-20T19:30:44.960382+00:00,BETA,bull_flag,absent,31.49,9.1,11.2,62.1,44.9,14.0,38.1,81.3,84.0,77.8,1.27,3.38,5.59,4.49,1.96,3.43,2.44,5.04,3.89,False,,14.82,18.32,14.0953,19.8,"{""trend"":{""T1_ema_stack"":{""value"":[false,false,false],""score"":0.0},""T2_ema50_slope"":{""value"":-0.17796640470868838,""score"":20.338932548551934},""T3_high_proximity"":{""value"":0.6870653685674548,""score"":0},""T4_rs_1m"":{""value"":-0.15901280385717387,""score"":0},""T5_rs_3m"":{""value"":-0.3246200361297583,""score"":0},""T6_adr_healthy"":{""value"":6.830131417838178,""score"":100.0},""_score"":9.07},""geometry"":{""sub_pole_impulse"":0.3,""sub_flag_tightness"":0,""sub_flag_shallowness"":0,""sub_flag_drift"":74.4,""sub_flag_duration"":0.0,""_score"":11.25},""compression"":{""VC1_atr_ratio"":{""value"":0.5041488131261247,""score"":100},""VC2_range_contraction"":{""value"":1.1060223052463871,""score"":0},""VC3_range_pct_rank"":{""score"":88.33333333333333},""_score"":62.08},""sr_quality"":{""SR1_touches"":{""value"":2,""score"":25.0},""SR2_tightness"":{""value"":0.21000000000000085,""score"":67.3025814111504},""SR3_recency"":{""value"":46,""score"":73.33333333333333},""SR4_price_location"":{""score"":16.770186335403707},""SR5_reaction"":{""value"":1.6193007301144497,""score"":80.96503650572248},""_score"":44.93,""_levels_found"":6,""_target_level"":17.5},""volume"":{""V1_rvol_day"":{""value"":0.4734143184869363,""score"":0},""V2_rvol_sameslot"":{""value"":0.3900130288346543,""score"":0,""status"":""ok""},""V3_breakout_bar"":{""value"":0.5701305987106416,""score"":4.67537324737611},""V4_base_dryup"":{""value"":0.8577582978735064,""score"":64.22417021264935},""V5_bo_expansion"":{""value"":0.4734143184869364,""score"":0},""_score"":14.01},""readiness"":{""_distance_atr"":2.725,""BR1_atr_distance"":{""score"":0},""BR2_compression"":{""score"":82.60922536927788},""BR3_retest"":{""score"":50.0},""BR4_bo_age"":{""score"":50.0},""_score"":38.15},""risk"":{""R1_stop_clarity"":{""score"":66.57856714239732},""R2_stop_distance_pct"":{""value"":4.889676113360327,""score"":100.0},""R3_stop_distance_atr"":{""value"":0.564147247152614,""score"":53.20736235763071},""R4_rr_potential"":{""value"":6.872283171186086,""score"":100.0},""_score"":81.28},""market"":{""M1_spy_regime"":{""score"":100.0},""M3_earnings_risk"":{""value"":null,""score"":80.0},""M4_vix"":{""value"":null,""score"":60.0},""_score"":84.0},""liquidity"":{""L1_price"":{""value"":14.82,""score"":100.0},""L2_dollar_vol"":{""value"":12444794.194058461,""score"":54.74938594267531},""L3_spread_proxy"":{""value"":0.04048582995951414,""score"":59.51417004048586},""L4_volume_zscore"":{""value"":-1.159202341648451,""score"":100.0},""_score"":77.85},""pattern_structure"":{""pole_low"":16.84,""pole_low_idx"":24,""peak_price"":18.32,""peak_idx"":30,""pole_gain"":0.08788598574821856,""flag_bars"":29,""flag_low"":14.31,""flag_high"":17.0,""structural_low"":14.31,""current_price"":14.825,""neckline_distance_pct"":0.23575042158516027,""base_bars"":29},""pattern_geometry_features"":{""pole_gain"":0.08788598574821856,""pullback_pct"":0.21888646288209607,""flag_range_pct"":0.14683406113537115,""flag_drift_per_bar"":-0.005117836167437843,""atr_pct"":0.08667375650665125,""pole_atr_multiple"":1.0139861163335442},""_schema_version"":""1.0""}",,,,,,,,,,
