run_id,asof,ticker,pattern,pattern_state,final_score,trend,geometry,compression,sr_quality,volume,readiness,risk,market,liquidity,comp_trend,comp_geometry,comp_compression,comp_sr,comp_volume,comp_readiness,comp_risk,comp_market,comp_liquidity,veto_triggered,veto_reasons,price,trigger,invalid_below,measured_move_target,features_json,note,ret_1h,ret_eod,ret_1d,ret_3d,ret_5d,max_dd_5d,max_fav_5d,touched_invalid_5d,post_hoc_tag
20260508T181321Z-e7d442,2026-05-08T18:13:21.400575+00:00,APP,double_bottom,candidate,67.79,76.8,84.5,43.3,62.5,44.8,44.0,67.6,84.0,90.0,11.52,21.13,3.47,8.74,5.82,3.52,4.06,5.04,4.5,False,,469.46,483.55,434.8775,525.6,"{""trend"":{""T1_ema_stack"":{""value"":[true,true,false],""score"":66.66666666666666},""T2_ema50_slope"":{""value"":0.09186173908617908,""score"":65.31028984769651},""T3_high_proximity"":{""value"":0.9076426348046323,""score"":53.821317402316105},""T4_rs_1m"":{""value"":0.15380040924602034,""score"":100},""T5_rs_3m"":{""value"":0.08665253858828681,""score"":93.3262692941434},""T6_adr_healthy"":{""value"":5.410783132638418,""score"":100.0},""_score"":76.8},""geometry"":{""sub_low_similarity"":93.2,""sub_bounce_quality"":93.2,""sub_separation_fit"":26.7,""sub_right_bottom_reaction"":92.7,""sub_base_context"":100.0,""_score"":84.51},""compression"":{""VC1_atr_ratio"":{""value"":0.48406067524882496,""score"":100},""VC2_range_contraction"":{""value"":0.967800439766594,""score"":5.3665933722343295},""VC3_range_pct_rank"":{""score"":5.833333333333335},""_score"":43.34},""sr_quality"":{""SR1_touches"":{""value"":4,""score"":75.0},""SR2_tightness"":{""value"":7.3639166718533735,""score"":46.99709708143103},""SR3_recency"":{""value"":236,""score"":0.0},""SR4_price_location"":{""score"":71.59725934204769},""SR5_reaction"":{""value"":3.826991088793823,""score"":100},""_score"":62.45,""_levels_found"":6,""_target_level"":484.0725},""volume"":{""V1_rvol_day"":{""value"":1.2472693851175267,""score"":49.817959007835114},""V2_rvol_sameslot"":{""value"":1.6055473655657233,""score"":73.70315770438155,""status"":""ok""},""V3_breakout_bar"":{""value"":0.402832862774778,""score"":0},""V4_base_dryup"":{""value"":0.6202768897023425,""score"":87.97231102976575},""V5_bo_expansion"":{""value"":1.2472693851175267,""score"":16.484625674501782},""_score"":44.77},""readiness"":{""_distance_atr"":0.507,""BR1_atr_distance"":{""score"":66.19503200983945},""BR2_compression"":{""score"":0},""BR3_retest"":{""score"":50.0},""BR4_bo_age"":{""score"":50.0},""_score"":43.98},""risk"":{""R1_stop_clarity"":{""score"":52.33355560365413},""R2_stop_distance_pct"":{""value"":7.3664422954032265,""score"":100.0},""R3_stop_distance_atr"":{""value"":1.244563845478769,""score"":87.22819227393845},""R4_rr_potential"":{""value"":1.6233644184197231,""score"":31.168220920986155},""_score"":67.63},""market"":{""M1_spy_regime"":{""score"":100.0},""M3_earnings_risk"":{""value"":null,""score"":80.0},""M4_vix"":{""value"":null,""score"":60.0},""_score"":84.0},""liquidity"":{""L1_price"":{""value"":469.46,""score"":100.0},""L2_dollar_vol"":{""value"":2563034081.7439084,""score"":100.0},""L3_spread_proxy"":{""value"":0.101233331913262,""score"":0},""L4_volume_zscore"":{""value"":0.462409453535071,""score"":100.0},""_score"":90.0},""pattern_structure"":{""left_low"":441.5,""left_idx"":29,""right_low"":443.0,""right_idx"":70,""separation_bars"":41,""structural_low"":441.5,""current_price"":469.5654,""neckline_distance_pct"":0.029782006936626932,""base_bars"":41},""pattern_geometry_features"":{""low_similarity_pct"":0.0033917467495760316,""bounce_pct"":0.0952434881087203,""right_bottom_reaction"":0.9270737487389016,""atr_pct"":0.059188946570832145},""_schema_version"":""1.0""}",,,,,,,,,,
20260508T181321Z-e7d442,2026-05-08T18:13:21.400575+00:00,MGNI,breakout_retest_hold,breakout_confirmed,64.29,83.8,65.0,53.3,53.6,37.2,75.0,48.0,84.0,87.1,11.73,14.3,3.2,7.51,4.83,13.5,2.4,4.2,2.61,False,,13.965,13.7,13.8303,13.16,"{""trend"":{""T1_ema_stack"":{""value"":[true,true,false],""score"":66.66666666666666},""T2_ema50_slope"":{""value"":0.09550965623001478,""score"":65.9182760383358},""T3_high_proximity"":{""value"":0.986228813559322,""score"":93.11440677966098},""T4_rs_1m"":{""value"":0.09704914288820099,""score"":100},""T5_rs_3m"":{""value"":0.1693294216908705,""score"":100},""T6_adr_healthy"":{""value"":4.667198503534445,""score"":100.0},""_score"":83.82},""geometry"":{""sub_retest_depth"":0.0,""sub_retest_timing"":100.0,""sub_retest_freshness"":75.0,""sub_hold_quality"":100.0,""_score"":65.0},""compression"":{""VC1_atr_ratio"":{""value"":0.3746532921583223,""score"":100},""VC2_range_contraction"":{""value"":0.9927502228953299,""score"":1.2082961841116866},""VC3_range_pct_rank"":{""score"":51.66666666666666},""_score"":53.34},""sr_quality"":{""SR1_touches"":{""value"":2,""score"":25.0},""SR2_tightness"":{""value"":0.004999999999999893,""score"":98.51495125857885},""SR3_recency"":{""value"":237,""score"":0.0},""SR4_price_location"":{""score"":65.43209876543206},""SR5_reaction"":{""value"":2.843868339821582,""score"":100},""_score"":53.64,""_levels_found"":7,""_target_level"":14.105},""volume"":{""V1_rvol_day"":{""value"":1.141542030953786,""score"":42.7694687302524},""V2_rvol_sameslot"":{""value"":3.164936840304922,""score"":100,""status"":""ok""},""V3_breakout_bar"":{""value"":0.7599647951879301,""score"":17.33098634586201},""V4_base_dryup"":{""value"":1.3572003926661642,""score"":14.279960733383575},""V5_bo_expansion"":{""value"":1.1415420309537863,""score"":9.436135396919083},""_score"":37.16},""readiness"":{""_distance_atr"":-0.394,""BR1_atr_distance"":{""score"":100.0},""BR2_compression"":{""score"":0},""BR3_retest"":{""score"":100},""BR4_bo_age"":{""score"":100.0},""_score"":75.0},""risk"":{""R1_stop_clarity"":{""score"":58.50773816469206},""R2_stop_distance_pct"":{""value"":0.9645542427497221,""score"":74.11385606874306},""R3_stop_distance_atr"":{""value"":0.2000360654694326,""score"":35.00180327347163},""R4_rr_potential"":{""value"":-5.97624350408323,""score"":0.0},""_score"":47.96},""market"":{""M1_spy_regime"":{""score"":100.0},""M3_earnings_risk"":{""value"":null,""score"":80.0},""M4_vix"":{""value"":null,""score"":60.0},""_score"":84.0},""liquidity"":{""L1_price"":{""value"":13.965,""score"":100.0},""L2_dollar_vol"":{""value"":37875102.92174868,""score"":78.91769108315741},""L3_spread_proxy"":{""value"":0.044389545291801016,""score"":55.610454708198986},""L4_volume_zscore"":{""value"":0.2901077917183919,""score"":100.0},""_score"":87.13},""pattern_structure"":{""level"":13.7,""level_idx"":71,""breakout_idx"":76,""bo_peak_idx"":76,""bo_peak_price"":14.3199,""retest_idx"":79,""retest_low"":13.97,""structural_low"":13.97,""current_price"":14.01,""neckline_distance_pct"":-0.022127052105638867,""base_bars"":8,""bars_since_breakout"":3},""pattern_geometry_features"":{""retest_depth_atr"":-0.8060045204486366,""bars_breakout_to_retest"":3.0,""bars_since_retest"":0.0,""current_above_level_atr"":0.9254125975521351,""bo_peak_excess_pct"":0.045248175182481844,""atr_pct"":0.04821901693008031},""_schema_version"":""1.0""}",,,,,,,,,,
20260508T181321Z-e7d442,2026-05-08T18:13:21.400575+00:00,FROG,double_bottom,breakout_confirmed,61.9,91.6,72.3,9.3,53.4,77.3,17.5,21.0,84.0,82.5,13.74,18.07,0.74,7.47,10.04,1.4,1.26,5.04,4.12,False,,70.1246,54.685,49.1416,59.48,"{""trend"":{""T1_ema_stack"":{""value"":[true,true,true],""score"":100.0},""T2_ema50_slope"":{""value"":0.04807873687377881,""score"":58.01312281229647},""T3_high_proximity"":{""value"":1.0,""score"":99.99999999999997},""T4_rs_1m"":{""value"":0.49282852365823104,""score"":100},""T5_rs_3m"":{""value"":0.3936276710124462,""score"":100},""T6_adr_healthy"":{""value"":5.431960726583308,""score"":100.0},""_score"":91.6},""geometry"":{""sub_low_similarity"":31.8,""sub_bounce_quality"":94.4,""sub_separation_fit"":100.0,""sub_right_bottom_reaction"":59.1,""sub_base_context"":100.0,""_score"":72.28},""compression"":{""VC1_atr_ratio"":{""value"":0.9505069088066209,""score"":12.37327279834477},""VC2_range_contraction"":{""value"":0.9327247066668973,""score"":11.212548888850446},""VC3_range_pct_rank"":{""score"":1.6666666666666718},""_score"":9.29},""sr_quality"":{""SR1_touches"":{""value"":4,""score"":75.0},""SR2_tightness"":{""value"":0.7849363031482243,""score"":55.84486893390199},""SR3_recency"":{""value"":293,""score"":0.0},""SR4_price_location"":{""score"":30.0},""SR5_reaction"":{""value"":2.0912104470115507,""score"":100},""_score"":53.38,""_levels_found"":5,""_target_level"":62.735},""volume"":{""V1_rvol_day"":{""value"":2.400277170964634,""score"":100},""V2_rvol_sameslot"":{""value"":6.014526171729233,""score"":100,""status"":""ok""},""V3_breakout_bar"":{""value"":1.3599359144518337,""score"":57.32906096345558},""V4_base_dryup"":{""value"":1.053783808211693,""score"":44.6216191788307},""V5_bo_expansion"":{""value"":2.400277170964634,""score"":93.35181139764227},""_score"":77.26},""readiness"":{""_distance_atr"":-4.343,""BR1_atr_distance"":{""score"":0},""BR2_compression"":{""score"":0},""BR3_retest"":{""score"":50.0},""BR4_bo_age"":{""score"":50.0},""_score"":17.5},""risk"":{""R1_stop_clarity"":{""score"":57.90296333500742},""R2_stop_distance_pct"":{""value"":29.922381018929165,""score"":0.0},""R3_stop_distance_atr"":{""value"":5.9017840281265705,""score"":4.910798593671473},""R4_rr_potential"":{""value"":-0.5072975916160499,""score"":0.0},""_score"":21.0},""market"":{""M1_spy_regime"":{""score"":100.0},""M3_earnings_risk"":{""value"":null,""score"":80.0},""M4_vix"":{""value"":null,""score"":60.0},""_score"":84.0},""liquidity"":{""L1_price"":{""value"":70.1246,""score"":100.0},""L2_dollar_vol"":{""value"":436036207.98631084,""score"":100.0},""L3_spread_proxy"":{""value"":0.13618473403056847,""score"":0},""L4_volume_zscore"":{""value"":2.5405251365686716,""score"":70.0},""_score"":82.5},""pattern_structure"":{""left_low"":49.89,""left_idx"":52,""right_low"":51.62,""right_idx"":64,""separation_bars"":12,""structural_low"":49.89,""current_price"":70.72,""neckline_distance_pct"":-0.2267392533936651,""base_bars"":12},""pattern_geometry_features"":{""low_similarity_pct"":0.034085311791941623,""bounce_pct"":0.0961114451793947,""right_bottom_reaction"":0.5913705583756322,""atr_pct"":0.0507005693131532},""_schema_version"":""1.0""}",,,,,,,,,,
20260508T181321Z-e7d442,2026-05-08T18:13:21.400575+00:00,MGNI,double_bottom,setup,61.84,83.8,61.6,53.3,53.6,47.1,57.5,32.8,84.0,87.1,12.57,15.4,4.27,7.51,6.13,4.6,1.97,5.04,4.36,False,,13.965,13.9299,12.3323,15.3397,"{""trend"":{""T1_ema_stack"":{""value"":[true,true,false],""score"":66.66666666666666},""T2_ema50_slope"":{""value"":0.09550965623001478,""score"":65.9182760383358},""T3_high_proximity"":{""value"":0.986228813559322,""score"":93.11440677966098},""T4_rs_1m"":{""value"":0.09704914288820099,""score"":100},""T5_rs_3m"":{""value"":0.1693294216908705,""score"":100},""T6_adr_healthy"":{""value"":4.667198503534445,""score"":100.0},""_score"":83.82},""geometry"":{""sub_low_similarity"":29.4,""sub_bounce_quality"":100,""sub_separation_fit"":20.0,""sub_right_bottom_reaction"":65.2,""sub_base_context"":100.0,""_score"":61.6},""compression"":{""VC1_atr_ratio"":{""value"":0.3746532921583223,""score"":100},""VC2_range_contraction"":{""value"":0.9927502228953299,""score"":1.2082961841116866},""VC3_range_pct_rank"":{""score"":51.66666666666666},""_score"":53.34},""sr_quality"":{""SR1_touches"":{""value"":2,""score"":25.0},""SR2_tightness"":{""value"":0.004999999999999893,""score"":98.51495125857885},""SR3_recency"":{""value"":237,""score"":0.0},""SR4_price_location"":{""score"":65.43209876543206},""SR5_reaction"":{""value"":2.843868339821582,""score"":100},""_score"":53.64,""_levels_found"":7,""_target_level"":14.105},""volume"":{""V1_rvol_day"":{""value"":1.141542030953786,""score"":42.7694687302524},""V2_rvol_sameslot"":{""value"":3.164936840304922,""score"":100,""status"":""ok""},""V3_breakout_bar"":{""value"":0.7599647951879301,""score"":17.33098634586201},""V4_base_dryup"":{""value"":0.8576245895366393,""score"":64.23754104633608},""V5_bo_expansion"":{""value"":1.1415420309537863,""score"":9.436135396919083},""_score"":47.15},""readiness"":{""_distance_atr"":-0.052,""BR1_atr_distance"":{""score"":100.0},""BR2_compression"":{""score"":0},""BR3_retest"":{""score"":50.0},""BR4_bo_age"":{""score"":50.0},""_score"":57.5},""risk"":{""R1_stop_clarity"":{""score"":44.22112375759737},""R2_stop_distance_pct"":{""value"":11.691382026494818,""score"":7.715449337629554},""R3_stop_distance_atr"":{""value"":2.4246413076914934,""score"":100.0},""R4_rr_potential"":{""value"":0.8419787695423808,""score"":0.0},""_score"":32.79},""market"":{""M1_spy_regime"":{""score"":100.0},""M3_earnings_risk"":{""value"":null,""score"":80.0},""M4_vix"":{""value"":null,""score"":60.0},""_score"":84.0},""liquidity"":{""L1_price"":{""value"":13.965,""score"":100.0},""L2_dollar_vol"":{""value"":37875102.92174868,""score"":78.91769108315741},""L3_spread_proxy"":{""value"":0.044389545291801016,""score"":55.610454708198986},""L4_volume_zscore"":{""value"":0.2901077917183919,""score"":100.0},""_score"":87.13},""pattern_structure"":{""left_low"":12.97,""left_idx"":28,""right_low"":12.5201,""right_idx"":70,""separation_bars"":42,""structural_low"":12.5201,""current_price"":14.01,""neckline_distance_pct"":-0.005717344753747312,""base_bars"":42},""pattern_geometry_features"":{""low_similarity_pct"":0.03529997920761404,""bounce_pct"":0.11260293448135404,""right_bottom_reaction"":0.6518546651474871,""atr_pct"":0.04821901693008031},""_schema_version"":""1.0""}",,,,,,,,,,
20260508T181321Z-e7d442,2026-05-08T18:13:21.400575+00:00,UEC,breakout_retest_hold,setup,61.16,66.3,80.0,52.3,49.8,21.0,63.5,62.7,84.0,89.5,9.29,17.6,3.14,6.97,2.73,11.42,3.14,4.2,2.68,False,,15.245,15.05,14.7807,15.29,"{""trend"":{""T1_ema_stack"":{""value"":[true,true,true],""score"":100.0},""T2_ema50_slope"":{""value"":0.11879611652121504,""score"":69.79935275353584},""T3_high_proximity"":{""value"":0.8915204678362572,""score"":45.760233918128556},""T4_rs_1m"":{""value"":0.02753913315059786,""score"":77.53913315059786},""T5_rs_3m"":{""value"":-0.12188631634120528,""score"":0},""T6_adr_healthy"":{""value"":6.764140546330302,""score"":100.0},""_score"":66.33},""geometry"":{""sub_retest_depth"":100.0,""sub_retest_timing"":0.0,""sub_retest_freshness"":100.0,""sub_hold_quality"":100.0,""_score"":80.0},""compression"":{""VC1_atr_ratio"":{""value"":0.616820310025764,""score"":95.794922493559},""VC2_range_contraction"":{""value"":1.1143740624422172,""score"":0},""VC3_range_pct_rank"":{""score"":55.833333333333336},""_score"":52.28},""sr_quality"":{""SR1_touches"":{""value"":2,""score"":25.0},""SR2_tightness"":{""value"":0.21999999999999975,""score"":61.89156417807038},""SR3_recency"":{""value"":238,""score"":0.0},""SR4_price_location"":{""score"":83.97293863925084},""SR5_reaction"":{""value"":1.595790750043304,""score"":79.7895375021652},""_score"":49.75,""_levels_found"":5,""_target_level"":15.4},""volume"":{""V1_rvol_day"":{""value"":0.47259966254885577,""score"":0},""V2_rvol_sameslot"":{""value"":0.9462816798726782,""score"":29.75211199151188,""status"":""ok""},""V3_breakout_bar"":{""value"":0.5827534971799119,""score"":5.516899811994125},""V4_base_dryup"":{""value"":0.8150332447539614,""score"":68.49667552460386},""V5_bo_expansion"":{""value"":0.47259966254885577,""score"":0},""_score"":21.03},""readiness"":{""_distance_atr"":-0.169,""BR1_atr_distance"":{""score"":100.0},""BR2_compression"":{""score"":0},""BR3_retest"":{""score"":94.80339511519136},""BR4_bo_age"":{""score"":30.0},""_score"":63.46},""risk"":{""R1_stop_clarity"":{""score"":74.13822968993588},""R2_stop_distance_pct"":{""value"":3.04558871761233,""score"":100.0},""R3_stop_distance_atr"":{""value"":0.4021306080027712,""score"":45.10653040013855},""R4_rr_potential"":{""value"":0.09692009476632243,""score"":0.0},""_score"":62.71},""market"":{""M1_spy_regime"":{""score"":100.0},""M3_earnings_risk"":{""value"":null,""score"":80.0},""M4_vix"":{""value"":null,""score"":60.0},""_score"":84.0},""liquidity"":{""L1_price"":{""value"":15.245,""score"":100.0},""L2_dollar_vol"":{""value"":62752264.46662922,""score"":89.88147011531682},""L3_spread_proxy"":{""value"":0.06493932436864547,""score"":35.06067563135453},""L4_volume_zscore"":{""value"":-2.1823192885392255,""score"":100.0},""_score"":89.46},""pattern_structure"":{""level"":15.05,""level_idx"":45,""breakout_idx"":52,""bo_peak_idx"":71,""bo_peak_price"":16.19,""retest_idx"":77,""retest_low"":14.93,""structural_low"":14.93,""current_price"":15.23,""neckline_distance_pct"":-0.011818778726198274,""base_bars"":34,""bars_since_breakout"":27},""pattern_geometry_features"":{""retest_depth_atr"":0.3018867924528326,""bars_breakout_to_retest"":25.0,""bars_since_retest"":2.0,""current_above_level_atr"":0.45283018867924446,""bo_peak_excess_pct"":0.07574750830564787,""atr_pct"":0.07573630698589703},""_schema_version"":""1.0""}",,,,,,,,,,
20260508T181321Z-e7d442,2026-05-08T18:13:21.400575+00:00,PGY,breakout_retest_hold,retest_hold,61.14,66.7,80.0,41.9,46.7,31.1,62.4,61.9,84.0,86.1,9.34,17.6,2.51,6.54,4.04,11.24,3.09,4.2,2.58,False,,14.82,14.65,14.3134,15.034,"{""trend"":{""T1_ema_stack"":{""value"":[true,true,false],""score"":66.66666666666666},""T2_ema50_slope"":{""value"":0.10102276779874972,""score"":66.83712796645828},""T3_high_proximity"":{""value"":0.9561290322580646,""score"":78.06451612903226},""T4_rs_1m"":{""value"":0.15678309182068095,""score"":100},""T5_rs_3m"":{""value"":-0.27254154163646926,""score"":0},""T6_adr_healthy"":{""value"":5.837873211366978,""score"":100.0},""_score"":66.74},""geometry"":{""sub_retest_depth"":100.0,""sub_retest_timing"":0.0,""sub_retest_freshness"":100.0,""sub_hold_quality"":100.0,""_score"":80.0},""compression"":{""VC1_atr_ratio"":{""value"":0.5558293014865382,""score"":100},""VC2_range_contraction"":{""value"":1.019371008258929,""score"":0},""VC3_range_pct_rank"":{""score"":7.499999999999996},""_score"":41.88},""sr_quality"":{""SR1_touches"":{""value"":3,""score"":50.0},""SR2_tightness"":{""value"":0.18660713336371265,""score"":59.49863780398152},""SR3_recency"":{""value"":299,""score"":0.0},""SR4_price_location"":{""score"":31.013554521545615},""SR5_reaction"":{""value"":4.168992103848857,""score"":100},""_score"":46.68,""_levels_found"":4,""_target_level"":20.5033},""volume"":{""V1_rvol_day"":{""value"":1.0520704635579186,""score"":36.80469757052791},""V2_rvol_sameslot"":{""value"":1.1418400761295706,""score"":42.78933840863804,""status"":""ok""},""V3_breakout_bar"":{""value"":0.33723679879053997,""score"":0},""V4_base_dryup"":{""value"":0.7691461582529954,""score"":73.08538417470047},""V5_bo_expansion"":{""value"":1.0520704635579188,""score"":3.471364237194585},""_score"":31.06},""readiness"":{""_distance_atr"":-0.184,""BR1_atr_distance"":{""score"":100.0},""BR2_compression"":{""score"":0},""BR3_retest"":{""score"":89.58204142378767},""BR4_bo_age"":{""score"":30.0},""_score"":62.42},""risk"":{""R1_stop_clarity"":{""score"":68.6202406052339},""R2_stop_distance_pct"":{""value"":3.4182186234817786,""score"":100.0},""R3_stop_distance_atr"":{""value"":0.5497426516185038,""score"":52.48713258092519},""R4_rr_potential"":{""value"":0.4224406806427427,""score"":0.0},""_score"":61.89},""market"":{""M1_spy_regime"":{""score"":100.0},""M3_earnings_risk"":{""value"":null,""score"":80.0},""M4_vix"":{""value"":null,""score"":60.0},""_score"":84.0},""liquidity"":{""L1_price"":{""value"":14.82,""score"":100.0},""L2_dollar_vol"":{""value"":60229500.19592142,""score"":88.99046296339873},""L3_spread_proxy"":{""value"":0.09527665317138995,""score"":4.7233468286100475},""L4_volume_zscore"":{""value"":0.08472194153922358,""score"":100.0},""_score"":86.07},""pattern_structure"":{""level"":14.65,""level_idx"":46,""breakout_idx"":52,""bo_peak_idx"":70,""bo_peak_price"":17.14,""retest_idx"":77,""retest_low"":14.458,""structural_low"":14.458,""current_price"":14.9,""neckline_distance_pct"":-0.016778523489932886,""base_bars"":33,""bars_since_breakout"":27},""pattern_geometry_features"":{""retest_depth_atr"":0.37349933303690563,""bars_breakout_to_retest"":25.0,""bars_since_retest"":2.0,""current_above_level_atr"":0.4863272565584704,""bo_peak_excess_pct"":0.16996587030716725,""atr_pct"":0.062178523231154824},""_schema_version"":""1.0""}",,,,,,,,,,
20260508T181321Z-e7d442,2026-05-08T18:13:21.400575+00:00,RBRK,double_bottom,breakout_failed,60.12,82.9,66.7,67.5,43.9,21.5,48.6,50.1,84.0,94.6,12.43,16.68,5.4,6.14,2.8,3.89,3.01,5.04,4.73,False,,61.48,62.47,55.5934,68.5,"{""trend"":{""T1_ema_stack"":{""value"":[true,true,false],""score"":66.66666666666666},""T2_ema50_slope"":{""value"":0.03667598383367818,""score"":56.1126639722797},""T3_high_proximity"":{""value"":0.9998373719303951,""score"":99.91868596519754},""T4_rs_1m"":{""value"":0.24688931805797365,""score"":100},""T5_rs_3m"":{""value"":0.13623195027188495,""score"":100},""T6_adr_healthy"":{""value"":5.003567799766712,""score"":100.0},""_score"":82.88},""geometry"":{""sub_low_similarity"":0.5,""sub_bounce_quality"":100,""sub_separation_fit"":100.0,""sub_right_bottom_reaction"":77.1,""sub_base_context"":100.0,""_score"":66.72},""compression"":{""VC1_atr_ratio"":{""value"":0.4563692576092533,""score"":100},""VC2_range_contraction"":{""value"":0.6891565500856793,""score"":51.80724165238678},""VC3_range_pct_rank"":{""score"":37.5},""_score"":67.51},""sr_quality"":{""SR1_touches"":{""value"":2,""score"":25.0},""SR2_tightness"":{""value"":0.11020000000000252,""score"":92.57417760268368},""SR3_recency"":{""value"":263,""score"":0.0},""SR4_price_location"":{""score"":30.0},""SR5_reaction"":{""value"":2.2456711180849207,""score"":100},""_score"":43.89,""_levels_found"":3,""_target_level"":58.0502},""volume"":{""V1_rvol_day"":{""value"":0.5238748498351404,""score"":1.5916566556760288},""V2_rvol_sameslot"":{""value"":0.872152504425285,""score"":24.810166961685667,""status"":""ok""},""V3_breakout_bar"":{""value"":0.511522678651477,""score"":0.7681785767651366},""V4_base_dryup"":{""value"":0.6980023616601169,""score"":80.19976383398831},""V5_bo_expansion"":{""value"":0.5238748498351404,""score"":0},""_score"":21.51},""readiness"":{""_distance_atr"":0.334,""BR1_atr_distance"":{""score"":77.7629637829915},""BR2_compression"":{""score"":0},""BR3_retest"":{""score"":50.0},""BR4_bo_age"":{""score"":50.0},""_score"":48.61},""risk"":{""R1_stop_clarity"":{""score"":42.951894359638175},""R2_stop_distance_pct"":{""value"":9.574821080026027,""score"":60.62947299934933},""R3_stop_distance_atr"":{""value"":1.9833414756824541,""score"":100.0},""R4_rr_potential"":{""value"":1.1925389868514935,""score"":9.626949342574676},""_score"":50.15},""market"":{""M1_spy_regime"":{""score"":100.0},""M3_earnings_risk"":{""value"":null,""score"":80.0},""M4_vix"":{""value"":null,""score"":60.0},""_score"":84.0},""liquidity"":{""L1_price"":{""value"":61.48,""score"":100.0},""L2_dollar_vol"":{""value"":96739237.98364028,""score"":99.28013310610355},""L3_spread_proxy"":{""value"":0.05156148340923881,""score"":48.43851659076119},""L4_volume_zscore"":{""value"":-1.7595848857994487,""score"":100.0},""_score"":94.56},""pattern_structure"":{""left_low"":56.44,""left_idx"":58,""right_low"":59.32,""right_idx"":76,""separation_bars"":18,""structural_low"":56.44,""current_price"":62.14,""neckline_distance_pct"":0.005310588992597333,""base_bars"":18},""pattern_geometry_features"":{""low_similarity_pct"":0.04975812024879065,""bounce_pct"":0.10683912119064495,""right_bottom_reaction"":0.7711187632793607,""atr_pct"":0.048276210614369354},""_schema_version"":""1.0""}",,,,,,,,,,
20260508T181321Z-e7d442,2026-05-08T18:13:21.400575+00:00,IE,breakout_retest_hold,breakout_failed,60.02,37.5,90.4,47.2,53.7,28.5,63.6,54.9,84.0,81.0,5.25,19.89,2.83,7.51,3.71,11.46,2.74,4.2,2.43,False,,13.73,13.785,13.5828,13.915,"{""trend"":{""T1_ema_stack"":{""value"":[true,false,true],""score"":66.66666666666666},""T2_ema50_slope"":{""value"":-0.01881467381136828,""score"":46.86422103143862},""T3_high_proximity"":{""value"":0.7636262513904338,""score"":0},""T4_rs_1m"":{""value"":-0.017600871508006044,""score"":32.399128491993956},""T5_rs_3m"":{""value"":-0.26795536602824954,""score"":0},""T6_adr_healthy"":{""value"":5.674158545342399,""score"":100.0},""_score"":37.52},""geometry"":{""sub_retest_depth"":87.0,""sub_retest_timing"":100.0,""sub_retest_freshness"":100.0,""sub_hold_quality"":81.0,""_score"":90.4},""compression"":{""VC1_atr_ratio"":{""value"":0.5540645260757723,""score"":100},""VC2_range_contraction"":{""value"":0.9874878767168902,""score"":2.0853538805183},""VC3_range_pct_rank"":{""score"":25.83333333333333},""_score"":47.19},""sr_quality"":{""SR1_touches"":{""value"":3,""score"":50.0},""SR2_tightness"":{""value"":0.06903623847098113,""score"":84.59749261205202},""SR3_recency"":{""value"":237,""score"":0.0},""SR4_price_location"":{""score"":43.86759241150013},""SR5_reaction"":{""value"":2.634491367861886,""score"":100},""_score"":53.66,""_levels_found"":6,""_target_level"":15.6434},""volume"":{""V1_rvol_day"":{""value"":1.064680510211892,""score"":37.64536734745946},""V2_rvol_sameslot"":{""value"":0.9925090041883008,""score"":32.83393361255339,""status"":""ok""},""V3_breakout_bar"":{""value"":0.5906528417539784,""score"":6.043522783598557},""V4_base_dryup"":{""value"":0.8860316096057228,""score"":61.39683903942772},""V5_bo_expansion"":{""value"":1.064680510211892,""score"":4.312034014126128},""_score"":28.53},""readiness"":{""_distance_atr"":0.061,""BR1_atr_distance"":{""score"":95.9096945551129},""BR2_compression"":{""score"":0},""BR3_retest"":{""score"":96.3745019920319},""BR4_bo_age"":{""score"":40},""_score"":63.64},""risk"":{""R1_stop_clarity"":{""score"":69.38964143426296},""R2_stop_distance_pct"":{""value"":1.0721048798251986,""score"":76.80262199562998},""R3_stop_distance_atr"":{""value"":0.1642071713147408,""score"":33.21035856573704},""R4_rr_potential"":{""value"":1.2567934782608627,""score"":12.839673913043137},""_score"":54.88},""market"":{""M1_spy_regime"":{""score"":100.0},""M3_earnings_risk"":{""value"":null,""score"":80.0},""M4_vix"":{""value"":null,""score"":60.0},""_score"":84.0},""liquidity"":{""L1_price"":{""value"":13.73,""score"":100.0},""L2_dollar_vol"":{""value"":28030410.13719914,""score"":72.38147261726739},""L3_spread_proxy"":{""value"":0.07938820101966496,""score"":20.61179898033504},""L4_volume_zscore"":{""value"":0.23173125199890143,""score"":100.0},""_score"":81.01},""pattern_structure"":{""level"":13.785,""level_idx"":65,""breakout_idx"":70,""bo_peak_idx"":76,""bo_peak_price"":14.36,""retest_idx"":77,""retest_low"":13.72,""structural_low"":13.72,""current_price"":13.8,""neckline_distance_pct"":-0.0010869565217391716,""base_bars"":14,""bars_since_breakout"":9},""pattern_geometry_features"":{""retest_depth_atr"":0.20924350425384977,""bars_breakout_to_retest"":7.0,""bars_since_retest"":2.0,""current_above_level_atr"":0.04828696252012138,""bo_peak_excess_pct"":0.04171200580340945,""atr_pct"":0.06528977213609405},""_schema_version"":""1.0""}",,,,,,,,,,
20260508T181321Z-e7d442,2026-05-08T18:13:21.400575+00:00,GDYN,high_tight_pullback,forming,59.82,46.2,84.5,49.4,38.7,19.3,48.1,78.0,84.0,76.0,5.55,29.59,4.94,3.09,2.7,4.33,0.78,5.04,3.8,False,,6.855,7.075,6.5109,8.745,"{""trend"":{""T1_ema_stack"":{""value"":[true,false,false],""score"":33.33333333333333},""T2_ema50_slope"":{""value"":-0.25505032284448675,""score"":7.491612859252207},""T3_high_proximity"":{""value"":0.9520833333333334,""score"":76.04166666666667},""T4_rs_1m"":{""value"":0.19688547288488056,""score"":100},""T5_rs_3m"":{""value"":-0.10617534428380948,""score"":0},""T6_adr_healthy"":{""value"":6.048204019144313,""score"":100.0},""_score"":46.24},""geometry"":{""sub_pole_impulse"":100.0,""sub_flag_tightness"":72.2,""sub_flag_shallowness"":57.5,""sub_flag_drift"":100,""sub_flag_duration"":100.0,""_score"":84.55},""compression"":{""VC1_atr_ratio"":{""value"":0.4833683499851369,""score"":100},""VC2_range_contraction"":{""value"":1.4901822672341365,""score"":0},""VC3_range_pct_rank"":{""score"":37.5},""_score"":49.38},""sr_quality"":{""SR1_touches"":{""value"":2,""score"":25.0},""SR2_tightness"":{""value"":0.0699999999999994,""score"":65.49963915438941},""SR3_recency"":{""value"":310,""score"":0.0},""SR4_price_location"":{""score"":25.43352601156071},""SR5_reaction"":{""value"":2.9818169016563694,""score"":100},""_score"":38.68,""_levels_found"":5,""_target_level"":8.79},""volume"":{""V1_rvol_day"":{""value"":0.9071066036393649,""score"":27.140440242624326},""V2_rvol_sameslot"":{""value"":1.2100563608439217,""score"":47.33709072292811,""status"":""ok""},""V3_breakout_bar"":{""value"":0.3454475980569825,""score"":0},""V4_base_dryup"":{""value"":1.2816510312435394,""score"":21.834896875646052},""V5_bo_expansion"":{""value"":0.9071066036393649,""score"":0},""_score"":19.26},""readiness"":{""_distance_atr"":0.542,""BR1_atr_distance"":{""score"":63.856764828407684},""BR2_compression"":{""score"":20.33750987410741},""BR3_retest"":{""score"":50.0},""BR4_bo_age"":{""score"":50.0},""_score"":48.13},""risk"":{""R1_stop_clarity"":{""score"":51.13270317368123},""R2_stop_distance_pct"":{""value"":5.0204230488694375,""score"":100.0},""R3_stop_distance_atr"":{""value"":0.8480927989297846,""score"":67.40463994648923},""R4_rr_potential"":{""value"":5.491791370042135,""score"":100.0},""_score"":78.01},""market"":{""M1_spy_regime"":{""score"":100.0},""M3_earnings_risk"":{""value"":null,""score"":80.0},""M4_vix"":{""value"":null,""score"":60.0},""_score"":84.0},""liquidity"":{""L1_price"":{""value"":6.855,""score"":98.4275},""L2_dollar_vol"":{""value"":12125763.690317716,""score"":54.18545501751439},""L3_spread_proxy"":{""value"":0.05324580598103564,""score"":46.754194018964355},""L4_volume_zscore"":{""value"":-0.09452598085669332,""score"":100.0},""_score"":75.96},""pattern_structure"":{""pole_low"":5.405,""pole_low_idx"":30,""peak_price"":7.075,""peak_idx"":55,""pole_gain"":0.30897317298797405,""flag_bars"":4,""flag_low"":6.61,""flag_high"":6.975,""structural_low"":6.61,""current_price"":6.8001,""neckline_distance_pct"":0.040425876090057586,""base_bars"":4},""pattern_geometry_features"":{""pole_gain"":0.30897317298797405,""pullback_pct"":0.06572438162544167,""flag_range_pct"":0.05159010600706704,""flag_drift_per_bar"":0.0009602799958824233,""atr_pct"":0.0591966239449828,""pole_atr_multiple"":5.2194390895523535},""_schema_version"":""1.0""}",,,,,,,,,,
20260508T181321Z-e7d442,2026-05-08T18:13:21.400575+00:00,QBTS,double_bottom,retest_hold,59.49,78.7,69.5,64.8,41.4,19.2,60.0,37.1,84.0,95.1,11.8,17.38,5.18,5.8,2.5,4.8,2.23,5.04,4.76,False,,22.105,21.72,19.2765,23.87,"{""trend"":{""T1_ema_stack"":{""value"":[true,true,false],""score"":66.66666666666666},""T2_ema50_slope"":{""value"":0.3040233095598536,""score"":100},""T3_high_proximity"":{""value"":0.9276122534620227,""score"":63.806126731011325},""T4_rs_1m"":{""value"":0.5093045310282545,""score"":100},""T5_rs_3m"":{""value"":-0.0007622899752433021,""score"":49.61885501237835},""T6_adr_healthy"":{""value"":7.96830843333864,""score"":100.0},""_score"":78.68},""geometry"":{""sub_low_similarity"":20.9,""sub_bounce_quality"":100,""sub_separation_fit"":100.0,""sub_right_bottom_reaction"":55.1,""sub_base_context"":100.0,""_score"":69.53},""compression"":{""VC1_atr_ratio"":{""value"":0.6620983856830348,""score"":84.47540357924129},""VC2_range_contraction"":{""value"":0.8540825605148316,""score"":24.319573247528076},""VC3_range_pct_rank"":{""score"":90.0},""_score"":64.8},""sr_quality"":{""SR1_touches"":{""value"":2,""score"":25.0},""SR2_tightness"":{""value"":0.037499999999999645,""score"":95.29696318194038},""SR3_recency"":{""value"":314,""score"":0.0},""SR4_price_location"":{""score"":18.419933844191664},""SR5_reaction"":{""value"":3.985039863835886,""score"":100},""_score"":41.4,""_levels_found"":5,""_target_level"":24.7275},""volume"":{""V1_rvol_day"":{""value"":0.3718966778399789,""score"":0},""V2_rvol_sameslot"":{""value"":0.4513131373578044,""score"":0,""status"":""ok""},""V3_breakout_bar"":{""value"":0.41781441908063116,""score"":0},""V4_base_dryup"":{""value"":0.5380598870317653,""score"":96.19401129682346},""V5_bo_expansion"":{""value"":0.3718966778399789,""score"":0},""_score"":19.24},""readiness"":{""_distance_atr"":-0.241,""BR1_atr_distance"":{""score"":100.0},""BR2_compression"":{""score"":10.138774369145862},""BR3_retest"":{""score"":50.0},""BR4_bo_age"":{""score"":50.0},""_score"":60.03},""risk"":{""R1_stop_clarity"":{""score"":63.184627788228994},""R2_stop_distance_pct"":{""value"":12.7959737615924,""score"":0.0},""R3_stop_distance_atr"":{""value"":1.773703305563021,""score"":100.0},""R4_rr_potential"":{""value"":0.6239946262219148,""score"":0.0},""_score"":37.11},""market"":{""M1_spy_regime"":{""score"":100.0},""M3_earnings_risk"":{""value"":null,""score"":80.0},""M4_vix"":{""value"":null,""score"":60.0},""_score"":84.0},""liquidity"":{""L1_price"":{""value"":22.105,""score"":100.0},""L2_dollar_vol"":{""value"":282030769.7112428,""score"":100.0},""L3_spread_proxy"":{""value"":0.04885772449672012,""score"":51.142275503279876},""L4_volume_zscore"":{""value"":-0.944775900595017,""score"":100.0},""_score"":95.11},""pattern_structure"":{""left_low"":19.57,""left_idx"":47,""right_low"":20.36,""right_idx"":58,""separation_bars"":11,""structural_low"":19.57,""current_price"":21.8,""neckline_distance_pct"":-0.0036697247706422866,""base_bars"":11},""pattern_geometry_features"":{""low_similarity_pct"":0.039569246180816385,""bounce_pct"":0.10986203372508935,""right_bottom_reaction"":0.5514018691588782,""atr_pct"":0.07214269557630787},""_schema_version"":""1.0""}",,,,,,,,,,
20260508T181321Z-e7d442,2026-05-08T18:13:21.400575+00:00,MGNI,vcp,breakout_confirmed,59.46,83.8,56.6,53.3,53.6,46.5,37.2,36.9,84.0,87.1,12.57,14.15,6.4,6.44,6.05,2.6,1.84,5.04,4.36,False,,13.965,13.6,12.411,15.48,"{""trend"":{""T1_ema_stack"":{""value"":[true,true,false],""score"":66.66666666666666},""T2_ema50_slope"":{""value"":0.09550965623001478,""score"":65.9182760383358},""T3_high_proximity"":{""value"":0.986228813559322,""score"":93.11440677966098},""T4_rs_1m"":{""value"":0.09704914288820099,""score"":100},""T5_rs_3m"":{""value"":0.1693294216908705,""score"":100},""T6_adr_healthy"":{""value"":4.667198503534445,""score"":100.0},""_score"":83.82},""geometry"":{""sub_contraction_count"":100.0,""sub_reduction_rate"":31.8,""sub_pivot_tightness"":37.9,""sub_volume_dryup"":0,""sub_base_depth"":79.8,""sub_base_duration"":100.0,""_score"":56.62},""compression"":{""VC1_atr_ratio"":{""value"":0.3746532921583223,""score"":100},""VC2_range_contraction"":{""value"":0.9927502228953299,""score"":1.2082961841116866},""VC3_range_pct_rank"":{""score"":51.66666666666666},""_score"":53.34},""sr_quality"":{""SR1_touches"":{""value"":2,""score"":25.0},""SR2_tightness"":{""value"":0.004999999999999893,""score"":98.51495125857885},""SR3_recency"":{""value"":237,""score"":0.0},""SR4_price_location"":{""score"":65.43209876543206},""SR5_reaction"":{""value"":2.843868339821582,""score"":100},""_score"":53.64,""_levels_found"":7,""_target_level"":14.105},""volume"":{""V1_rvol_day"":{""value"":1.141542030953786,""score"":42.7694687302524},""V2_rvol_sameslot"":{""value"":3.164936840304922,""score"":100,""status"":""ok""},""V3_breakout_bar"":{""value"":0.7599647951879301,""score"":17.33098634586201},""V4_base_dryup"":{""value"":0.8882533643865598,""score"":61.17466356134402},""V5_bo_expansion"":{""value"":1.1415420309537863,""score"":9.436135396919083},""_score"":46.54},""readiness"":{""_distance_atr"":-0.542,""BR1_atr_distance"":{""score"":49.159144187625294},""BR2_compression"":{""score"":0},""BR3_retest"":{""score"":50.0},""BR4_bo_age"":{""score"":50.0},""_score"":37.16},""risk"":{""R1_stop_clarity"":{""score"":43.865157574278946},""R2_stop_distance_pct"":{""value"":11.127819548872182,""score"":21.80451127819545},""R3_stop_distance_atr"":{""value"":2.307765744168532,""score"":100.0},""R4_rr_potential"":{""value"":0.9749034749034751,""score"":0.0},""_score"":36.89},""market"":{""M1_spy_regime"":{""score"":100.0},""M3_earnings_risk"":{""value"":null,""score"":80.0},""M4_vix"":{""value"":null,""score"":60.0},""_score"":84.0},""liquidity"":{""L1_price"":{""value"":13.965,""score"":100.0},""L2_dollar_vol"":{""value"":37875102.92174868,""score"":78.91769108315741},""L3_spread_proxy"":{""value"":0.044389545291801016,""score"":55.610454708198986},""L4_volume_zscore"":{""value"":0.2901077917183919,""score"":100.0},""_score"":87.13},""pattern_structure"":{""n_contractions"":5,""contractions_pct"":[18.47,12.88,9.66,13.08,7.35],""descending_strict"":false,""final_low"":12.6,""final_pivot"":13.6,""structural_low"":12.6,""dry_up_ratio"":1.361499210876916,""current_price"":13.965,""neckline_distance_pct"":-0.026136770497672768,""base_bars"":39},""pattern_geometry_features"":{""contraction_count"":5.0,""first_contraction_pct"":0.18473756906077352,""last_contraction_pct"":0.07352941176470588,""dry_up_ratio"":1.361499210876916,""near_monotone"":0.0,""base_depth_pct"":0.12983425414364647},""_schema_version"":""1.0""}",,,,,,,,,,
20260508T181321Z-e7d442,2026-05-08T18:13:21.400575+00:00,BETA,high_tight_pullback,forming,58.5,47.3,71.9,65.4,47.3,23.8,47.2,80.5,84.0,78.3,5.68,25.17,6.54,3.78,3.33,4.25,0.81,5.04,3.92,False,,18.55,19.1,17.3163,23.5886,"{""trend"":{""T1_ema_stack"":{""value"":[true,false,false],""score"":33.33333333333333},""T2_ema50_slope"":{""value"":-0.31032105798187093,""score"":0},""T3_high_proximity"":{""value"":0.8599907278627724,""score"":29.995363931386187},""T4_rs_1m"":{""value"":0.041183857786431854,""score"":91.18385778643186},""T5_rs_3m"":{""value"":0.049863960199199475,""score"":74.93198009959974},""T6_adr_healthy"":{""value"":6.500117992435184,""score"":100.0},""_score"":47.31},""geometry"":{""sub_pole_impulse"":100.0,""sub_flag_tightness"":61.1,""sub_flag_shallowness"":48.2,""sub_flag_drift"":100,""sub_flag_duration"":20.0,""_score"":71.91},""compression"":{""VC1_atr_ratio"":{""value"":0.4519604218673212,""score"":100},""VC2_range_contraction"":{""value"":0.889560436832385,""score"":18.406593861269176},""VC3_range_pct_rank"":{""score"":75.83333333333333},""_score"":65.4},""sr_quality"":{""SR1_touches"":{""value"":2,""score"":25.0},""SR2_tightness"":{""value"":0.029950000000001253,""score"":94.64112264199149},""SR3_recency"":{""value"":50,""score"":66.66666666666666},""SR4_price_location"":{""score"":2.2670310709202868},""SR5_reaction"":{""value"":5.2872616430652855,""score"":100},""_score"":47.26,""_levels_found"":6,""_target_level"":22.4299},""volume"":{""V1_rvol_day"":{""value"":0.58994840064837,""score"":5.9965600432246635},""V2_rvol_sameslot"":{""value"":1.2684374506441534,""score"":51.22916337627689,""status"":""ok""},""V3_breakout_bar"":{""value"":0.6429145967285652,""score"":9.527639781904346},""V4_base_dryup"":{""value"":1.0016651576295996,""score"":49.83348423704004},""V5_bo_expansion"":{""value"":0.58994840064837,""score"":0},""_score"":23.79},""readiness"":{""_distance_atr"":0.492,""BR1_atr_distance"":{""score"":67.19663275565321},""BR2_compression"":{""score"":11.168802858397092},""BR3_retest"":{""score"":50.0},""BR4_bo_age"":{""score"":50.0},""_score"":47.17},""risk"":{""R1_stop_clarity"":{""score"":52.816829405449596},""R2_stop_distance_pct"":{""value"":6.650673854447452,""score"":100.0},""R3_stop_distance_atr"":{""value"":1.103714022800473,""score"":80.18570114002365},""R4_rr_potential"":{""value"":4.08413714841533,""score"":100.0},""_score"":80.51},""market"":{""M1_spy_regime"":{""score"":100.0},""M3_earnings_risk"":{""value"":null,""score"":80.0},""M4_vix"":{""value"":null,""score"":60.0},""_score"":84.0},""liquidity"":{""L1_price"":{""value"":18.55,""score"":100.0},""L2_dollar_vol"":{""value"":15232185.115983501,""score"":59.13811045157886},""L3_spread_proxy"":{""value"":0.05336927223719668,""score"":46.63072776280332},""L4_volume_zscore"":{""value"":-0.7801195988396007,""score"":100.0},""_score"":78.32},""pattern_structure"":{""pole_low"":14.6114,""pole_low_idx"":20,""peak_price"":19.1,""peak_idx"":45,""pole_gain"":0.3071984888511711,""flag_bars"":14,""flag_low"":17.58,""flag_high"":18.95,""structural_low"":17.58,""current_price"":18.4,""neckline_distance_pct"":0.03804347826086972,""base_bars"":14},""pattern_geometry_features"":{""pole_gain"":0.3071984888511711,""pullback_pct"":0.0795811518324609,""flag_range_pct"":0.07172774869109952,""flag_drift_per_bar"":0.0013318203535594795,""atr_pct"":0.060257219869079684,""pole_atr_multiple"":5.098119188349853},""_schema_version"":""1.0""}",,,,,,,,,,
20260508T181321Z-e7d442,2026-05-08T18:13:21.400575+00:00,PCTY,breakout_retest_hold,retest_hold,58.22,44.8,80.0,36.1,38.5,43.4,62.6,57.8,84.0,92.7,6.27,17.6,2.17,5.4,5.64,11.28,2.89,4.2,2.78,False,,110.88,110.05,108.0288,111.91,"{""trend"":{""T1_ema_stack"":{""value"":[true,false,false],""score"":33.33333333333333},""T2_ema50_slope"":{""value"":-0.2331499636604674,""score"":11.14167272325544},""T3_high_proximity"":{""value"":0.9232306411323897,""score"":61.61532056619484},""T4_rs_1m"":{""value"":0.08052768154805245,""score"":100},""T5_rs_3m"":{""value"":-0.12674889768119768,""score"":0},""T6_adr_healthy"":{""value"":4.249499083770057,""score"":100.0},""_score"":44.8},""geometry"":{""sub_retest_depth"":100.0,""sub_retest_timing"":0.0,""sub_retest_freshness"":100.0,""sub_hold_quality"":100.0,""_score"":80.0},""compression"":{""VC1_atr_ratio"":{""value"":0.6448852712045348,""score"":88.7786821988663},""VC2_range_contraction"":{""value"":1.0601149323802674,""score"":0},""VC3_range_pct_rank"":{""score"":2.500000000000002},""_score"":36.14},""sr_quality"":{""SR1_touches"":{""value"":3,""score"":50.0},""SR2_tightness"":{""value"":0.8543936134280681,""score"":65.89976313023176},""SR3_recency"":{""value"":309,""score"":0.0},""SR4_price_location"":{""score"":1.2744685211373294},""SR5_reaction"":{""value"":1.780051790083861,""score"":89.00258950419305},""_score"":38.55,""_levels_found"":5,""_target_level"":143.1567},""volume"":{""V1_rvol_day"":{""value"":1.2159315569614815,""score"":47.728770464098766},""V2_rvol_sameslot"":{""value"":1.7630565185344058,""score"":84.20376790229372,""status"":""ok""},""V3_breakout_bar"":{""value"":0.5224286568436,""score"":1.4952437895733306},""V4_base_dryup"":{""value"":0.7786320905226498,""score"":72.13679094773502},""V5_bo_expansion"":{""value"":1.2159315569614815,""score"":14.395437130765432},""_score"":43.35},""readiness"":{""_distance_atr"":-0.166,""BR1_atr_distance"":{""score"":100.0},""BR2_compression"":{""score"":0},""BR3_retest"":{""score"":90.7205473594185},""BR4_bo_age"":{""score"":30.0},""_score"":62.64},""risk"":{""R1_stop_clarity"":{""score"":56.448435606870476},""R2_stop_distance_pct"":{""value"":2.5714285714285636,""score"":100.0},""R3_stop_distance_atr"":{""value"":0.5689801154586257,""score"":53.44900577293128},""R4_rr_potential"":{""value"":0.36125140291806607,""score"":0.0},""_score"":57.77},""market"":{""M1_spy_regime"":{""score"":100.0},""M3_earnings_risk"":{""value"":null,""score"":80.0},""M4_vix"":{""value"":null,""score"":60.0},""_score"":84.0},""liquidity"":{""L1_price"":{""value"":110.88,""score"":100.0},""L2_dollar_vol"":{""value"":100927459.5032088,""score"":100.0},""L3_spread_proxy"":{""value"":0.07332251082251091,""score"":26.67748917748908},""L4_volume_zscore"":{""value"":0.6692960359212111,""score"":100.0},""_score"":92.67},""pattern_structure"":{""level"":110.05,""level_idx"":46,""breakout_idx"":52,""bo_peak_idx"":76,""bo_peak_price"":114.95,""retest_idx"":77,""retest_low"":109.12,""structural_low"":109.12,""current_price"":111.115,""neckline_distance_pct"":-0.009584664536741195,""base_bars"":33,""bars_since_breakout"":27},""pattern_geometry_features"":{""retest_depth_atr"":0.396467722289887,""bars_breakout_to_retest"":25.0,""bars_since_retest"":2.0,""current_above_level_atr"":0.45401948842874423,""bo_peak_excess_pct"":0.044525215810995056,""atr_pct"":0.04519364564007421},""_schema_version"":""1.0""}",,,,,,,,,,
20260508T181321Z-e7d442,2026-05-08T18:13:21.400575+00:00,APP,breakout_retest_hold,breakout_confirmed,58.18,76.8,57.0,43.3,62.5,44.9,42.1,64.6,84.0,90.0,10.75,12.53,2.6,8.74,5.83,7.59,3.23,4.2,2.7,False,,469.46,447.705,443.0002,448.165,"{""trend"":{""T1_ema_stack"":{""value"":[true,true,false],""score"":66.66666666666666},""T2_ema50_slope"":{""value"":0.09186173908617908,""score"":65.31028984769651},""T3_high_proximity"":{""value"":0.9076426348046323,""score"":53.821317402316105},""T4_rs_1m"":{""value"":0.15380040924602034,""score"":100},""T5_rs_3m"":{""value"":0.08665253858828681,""score"":93.3262692941434},""T6_adr_healthy"":{""value"":5.410783132638418,""score"":100.0},""_score"":76.8},""geometry"":{""sub_retest_depth"":59.1,""sub_retest_timing"":0.0,""sub_retest_freshness"":100.0,""sub_hold_quality"":64.1,""_score"":56.96},""compression"":{""VC1_atr_ratio"":{""value"":0.48406067524882496,""score"":100},""VC2_range_contraction"":{""value"":0.967800439766594,""score"":5.3665933722343295},""VC3_range_pct_rank"":{""score"":5.833333333333335},""_score"":43.34},""sr_quality"":{""SR1_touches"":{""value"":4,""score"":75.0},""SR2_tightness"":{""value"":7.3639166718533735,""score"":46.99709708143103},""SR3_recency"":{""value"":236,""score"":0.0},""SR4_price_location"":{""score"":71.59725934204769},""SR5_reaction"":{""value"":3.826991088793823,""score"":100},""_score"":62.45,""_levels_found"":6,""_target_level"":484.0725},""volume"":{""V1_rvol_day"":{""value"":1.2472693851175267,""score"":49.817959007835114},""V2_rvol_sameslot"":{""value"":1.6055473655657233,""score"":73.70315770438155,""status"":""ok""},""V3_breakout_bar"":{""value"":0.402832862774778,""score"":0},""V4_base_dryup"":{""value"":0.6153300827799811,""score"":88.4669917220019},""V5_bo_expansion"":{""value"":1.2472693851175267,""score"":16.484625674501782},""_score"":44.87},""readiness"":{""_distance_atr"":-0.783,""BR1_atr_distance"":{""score"":44.341510036353284},""BR2_compression"":{""score"":0},""BR3_retest"":{""score"":99.58613506186646},""BR4_bo_age"":{""score"":30.0},""_score"":42.15},""risk"":{""R1_stop_clarity"":{""score"":67.79231074933182},""R2_stop_distance_pct"":{""value"":5.63620968772632,""score"":100.0},""R3_stop_distance_atr"":{""value"":0.9522402431983477,""score"":72.61201215991738},""R4_rr_potential"":{""value"":-0.8048073016562924,""score"":0.0},""_score"":64.62},""market"":{""M1_spy_regime"":{""score"":100.0},""M3_earnings_risk"":{""value"":null,""score"":80.0},""M4_vix"":{""value"":null,""score"":60.0},""_score"":84.0},""liquidity"":{""L1_price"":{""value"":469.46,""score"":100.0},""L2_dollar_vol"":{""value"":2563034081.7439084,""score"":100.0},""L3_spread_proxy"":{""value"":0.101233331913262,""score"":0},""L4_volume_zscore"":{""value"":0.462409453535071,""score"":100.0},""_score"":90.0},""pattern_structure"":{""level"":447.705,""level_idx"":40,""breakout_idx"":46,""bo_peak_idx"":72,""bo_peak_price"":512.6899,""retest_idx"":77,""retest_low"":447.475,""structural_low"":447.475,""current_price"":469.5654,""neckline_distance_pct"":-0.04655453745101327,""base_bars"":39,""bars_since_breakout"":33},""pattern_geometry_features"":{""retest_depth_atr"":0.013541080990380618,""bars_breakout_to_retest"":31.0,""bars_since_retest"":2.0,""current_above_level_atr"":1.2870149864442026,""bo_peak_excess_pct"":0.14515115980388868,""atr_pct"":0.059188946570832145},""_schema_version"":""1.0""}",,,,,,,,,,
20260508T181321Z-e7d442,2026-05-08T18:13:21.400575+00:00,HQY,breakout_retest_hold,retest_hold,58.08,49.9,54.1,82.0,73.4,25.1,64.5,46.2,84.0,87.0,6.99,11.9,4.92,10.28,3.26,11.61,2.31,4.2,2.61,False,,82.85,82.48,81.8235,82.14,"{""trend"":{""T1_ema_stack"":{""value"":[true,true,false],""score"":66.66666666666666},""T2_ema50_slope"":{""value"":0.019643333538624373,""score"":53.27388892310406},""T3_high_proximity"":{""value"":0.9596895633036024,""score"":79.8447816518012},""T4_rs_1m"":{""value"":-0.10045619248684268,""score"":0},""T5_rs_3m"":{""value"":-0.02481170912378161,""score"":37.594145438109194},""T6_adr_healthy"":{""value"":3.3817191721233972,""score"":100.0},""_score"":49.94},""geometry"":{""sub_retest_depth"":30.3,""sub_retest_timing"":0.0,""sub_retest_freshness"":75.0,""sub_hold_quality"":100.0,""_score"":54.09},""compression"":{""VC1_atr_ratio"":{""value"":0.24955872973494042,""score"":100},""VC2_range_contraction"":{""value"":0.6828552075519195,""score"":52.85746540801342},""VC3_range_pct_rank"":{""score"":94.16666666666667},""_score"":82.04},""sr_quality"":{""SR1_touches"":{""value"":5,""score"":100},""SR2_tightness"":{""value"":0.8029719795858378,""score"":45.98328453367164},""SR3_recency"":{""value"":253,""score"":0.0},""SR4_price_location"":{""score"":86.03252699193634},""SR5_reaction"":{""value"":2.1968685356788464,""score"":100},""_score"":73.41,""_levels_found"":8,""_target_level"":83.361},""volume"":{""V1_rvol_day"":{""value"":0.3723230544716052,""score"":0},""V2_rvol_sameslot"":{""value"":0.9109832734561519,""score"":27.398884897076798,""status"":""ok""},""V3_breakout_bar"":{""value"":0.9334219941876875,""score"":28.894799612512497},""V4_base_dryup"":{""value"":0.8801952945899285,""score"":61.98047054100715},""V5_bo_expansion"":{""value"":0.3723230544716052,""score"":0},""_score"":25.1},""readiness"":{""_distance_atr"":-0.124,""BR1_atr_distance"":{""score"":100.0},""BR2_compression"":{""score"":0},""BR3_retest"":{""score"":100},""BR4_bo_age"":{""score"":30.0},""_score"":64.5},""risk"":{""R1_stop_clarity"":{""score"":44.400531440776604},""R2_stop_distance_pct"":{""value"":1.2389861194930412,""score"":80.97465298732602},""R3_stop_distance_atr"":{""value"":0.3452683271387915,""score"":42.26341635693957},""R4_rr_potential"":{""value"":-0.6916707257671744,""score"":0.0},""_score"":46.17},""market"":{""M1_spy_regime"":{""score"":100.0},""M3_earnings_risk"":{""value"":null,""score"":80.0},""M4_vix"":{""value"":null,""score"":60.0},""_score"":84.0},""liquidity"":{""L1_price"":{""value"":82.85,""score"":100.0},""L2_dollar_vol"":{""value"":26760734.65334595,""score"":71.37490158990651},""L3_spread_proxy"":{""value"":0.015691007845504062,""score"":84.30899215449594},""L4_volume_zscore"":{""value"":-2.0491343464034553,""score"":100.0},""_score"":86.98},""pattern_structure"":{""level"":82.48,""level_idx"":58,""breakout_idx"":63,""bo_peak_idx"":70,""bo_peak_price"":84.805,""retest_idx"":79,""retest_low"":82.65,""structural_low"":82.65,""current_price"":82.7,""neckline_distance_pct"":-0.002660217654171691,""base_bars"":21,""bars_since_breakout"":16},""pattern_geometry_features"":{""retest_depth_atr"":-0.18788385935551308,""bars_breakout_to_retest"":16.0,""bars_since_retest"":0.0,""current_above_level_atr"":0.2431438179894838,""bo_peak_excess_pct"":0.028188651794374426,""atr_pct"":0.03588473144236573},""_schema_version"":""1.0""}",,,,,,,,,,
20260508T181321Z-e7d442,2026-05-08T18:13:21.400575+00:00,PGY,double_bottom,forming,57.51,66.7,72.3,41.9,46.7,16.4,55.3,60.4,84.0,86.1,10.01,18.08,3.35,6.54,2.14,4.43,3.62,5.04,4.3,False,,14.82,14.895,13.8737,15.705,"{""trend"":{""T1_ema_stack"":{""value"":[true,true,false],""score"":66.66666666666666},""T2_ema50_slope"":{""value"":0.10102276779874972,""score"":66.83712796645828},""T3_high_proximity"":{""value"":0.9561290322580646,""score"":78.06451612903226},""T4_rs_1m"":{""value"":0.15678309182068095,""score"":100},""T5_rs_3m"":{""value"":-0.27254154163646926,""score"":0},""T6_adr_healthy"":{""value"":5.837873211366978,""score"":100.0},""_score"":66.74},""geometry"":{""sub_low_similarity"":71.1,""sub_bounce_quality"":39.3,""sub_separation_fit"":73.3,""sub_right_bottom_reaction"":81.0,""sub_base_context"":100.0,""_score"":72.33},""compression"":{""VC1_atr_ratio"":{""value"":0.5558293014865382,""score"":100},""VC2_range_contraction"":{""value"":1.019371008258929,""score"":0},""VC3_range_pct_rank"":{""score"":7.499999999999996},""_score"":41.88},""sr_quality"":{""SR1_touches"":{""value"":3,""score"":50.0},""SR2_tightness"":{""value"":0.18660713336371265,""score"":59.49863780398152},""SR3_recency"":{""value"":299,""score"":0.0},""SR4_price_location"":{""score"":31.013554521545615},""SR5_reaction"":{""value"":4.168992103848857,""score"":100},""_score"":46.68,""_levels_found"":4,""_target_level"":20.5033},""volume"":{""V1_rvol_day"":{""value"":1.0520704635579186,""score"":36.80469757052791},""V2_rvol_sameslot"":{""value"":1.1418400761295706,""score"":42.78933840863804,""status"":""ok""},""V3_breakout_bar"":{""value"":0.33723679879053997,""score"":0},""V4_base_dryup"":{""value"":1.7893051656115118,""score"":0},""V5_bo_expansion"":{""value"":1.0520704635579188,""score"":3.471364237194585},""_score"":16.44},""readiness"":{""_distance_atr"":0.081,""BR1_atr_distance"":{""score"":94.5739799082228},""BR2_compression"":{""score"":0},""BR3_retest"":{""score"":50.0},""BR4_bo_age"":{""score"":50.0},""_score"":55.33},""risk"":{""R1_stop_clarity"":{""score"":54.144704204390315},""R2_stop_distance_pct"":{""value"":6.385121457489879,""score"":100.0},""R3_stop_distance_atr"":{""value"":1.026901432469304,""score"":76.3450716234652},""R4_rr_potential"":{""value"":0.935246096536417,""score"":0.0},""_score"":60.4},""market"":{""M1_spy_regime"":{""score"":100.0},""M3_earnings_risk"":{""value"":null,""score"":80.0},""M4_vix"":{""value"":null,""score"":60.0},""_score"":84.0},""liquidity"":{""L1_price"":{""value"":14.82,""score"":100.0},""L2_dollar_vol"":{""value"":60229500.19592142,""score"":88.99046296339873},""L3_spread_proxy"":{""value"":0.09527665317138995,""score"":4.7233468286100475},""L4_volume_zscore"":{""value"":0.08472194153922358,""score"":100.0},""_score"":86.07},""pattern_structure"":{""left_low"":14.085,""left_idx"":58,""right_low"":14.29,""right_idx"":64,""separation_bars"":6,""structural_low"":14.085,""current_price"":14.9,""neckline_distance_pct"":-0.0003355704697987102,""base_bars"":6},""pattern_geometry_features"":{""low_similarity_pct"":0.014449339207048337,""bounce_pct"":0.05750798722044719,""right_bottom_reaction"":0.8099173553719006,""atr_pct"":0.062178523231154824},""_schema_version"":""1.0""}",,,,,,,,,,
20260508T181321Z-e7d442,2026-05-08T18:13:21.400575+00:00,RBRK,cup_with_handle,breakout_confirmed,57.34,82.9,64.6,67.5,43.9,22.7,28.1,31.1,84.0,94.6,11.6,19.39,5.4,5.27,2.95,2.25,1.56,4.2,4.73,False,,61.48,56.4999,49.1332,70.8899,"{""trend"":{""T1_ema_stack"":{""value"":[true,true,false],""score"":66.66666666666666},""T2_ema50_slope"":{""value"":0.03667598383367818,""score"":56.1126639722797},""T3_high_proximity"":{""value"":0.9998373719303951,""score"":99.91868596519754},""T4_rs_1m"":{""value"":0.24688931805797365,""score"":100},""T5_rs_3m"":{""value"":0.13623195027188495,""score"":100},""T6_adr_healthy"":{""value"":5.003567799766712,""score"":100.0},""_score"":82.88},""geometry"":{""sub_cup_depth"":100.0,""sub_cup_duration"":100.0,""sub_rim_symmetry"":95.1,""sub_handle_shallowness"":2.4,""sub_handle_proportion"":57.6,""sub_u_shape"":29.2,""_score"":64.64},""compression"":{""VC1_atr_ratio"":{""value"":0.4563692576092533,""score"":100},""VC2_range_contraction"":{""value"":0.6891565500856793,""score"":51.80724165238678},""VC3_range_pct_rank"":{""score"":37.5},""_score"":67.51},""sr_quality"":{""SR1_touches"":{""value"":2,""score"":25.0},""SR2_tightness"":{""value"":0.11020000000000252,""score"":92.57417760268368},""SR3_recency"":{""value"":263,""score"":0.0},""SR4_price_location"":{""score"":30.0},""SR5_reaction"":{""value"":2.2456711180849207,""score"":100},""_score"":43.89,""_levels_found"":3,""_target_level"":58.0502},""volume"":{""V1_rvol_day"":{""value"":0.5238748498351404,""score"":1.5916566556760288},""V2_rvol_sameslot"":{""value"":0.872152504425285,""score"":24.810166961685667,""status"":""ok""},""V3_breakout_bar"":{""value"":0.511522678651477,""score"":0.7681785767651366},""V4_base_dryup"":{""value"":0.6391040267537685,""score"":86.08959732462314},""V5_bo_expansion"":{""value"":0.5238748498351404,""score"":0},""_score"":22.69},""readiness"":{""_distance_atr"":-1.678,""BR1_atr_distance"":{""score"":26.441616950204917},""BR2_compression"":{""score"":0},""BR3_retest"":{""score"":50.0},""BR4_bo_age"":{""score"":50.0},""_score"":28.08},""risk"":{""R1_stop_clarity"":{""score"":49.58115916567788},""R2_stop_distance_pct"":{""value"":20.082662654521794,""score"":0.0},""R3_stop_distance_atr"":{""value"":4.159950086998795,""score"":92.00249565006024},""R4_rr_potential"":{""value"":0.762131402083176,""score"":0.0},""_score"":31.15},""market"":{""M1_spy_regime"":{""score"":100.0},""M3_earnings_risk"":{""value"":null,""score"":80.0},""M4_vix"":{""value"":null,""score"":60.0},""_score"":84.0},""liquidity"":{""L1_price"":{""value"":61.48,""score"":100.0},""L2_dollar_vol"":{""value"":96739237.98364028,""score"":99.28013310610355},""L3_spread_proxy"":{""value"":0.05156148340923881,""score"":48.43851659076119},""L4_volume_zscore"":{""value"":-1.7595848857994487,""score"":100.0},""_score"":94.56},""pattern_structure"":{""left_rim"":56.64,""left_rim_idx"":118,""cup_bottom"":42.25,""cup_bottom_idx"":159,""right_rim"":56.4999,""right_rim_idx"":166,""handle_low"":49.8814,""handle_bars"":13,""cup_bars"":48,""structural_low"":49.8814,""current_price"":61.48,""neckline_distance_pct"":-0.08100357839947951,""base_bars"":61},""pattern_geometry_features"":{""cup_depth_pct"":0.2540607344632768,""rim_symmetry_pct"":0.002473516949152611,""handle_depth_pct"":0.11714180025097386,""handle_to_cup_ratio"":0.2708333333333333,""cup_duration_bars"":48.0,""atr_pct"":0.048276210614369354,""u_shape_score"":0.14583333333333334},""_schema_version"":""1.0""}",,,,,,,,,,
20260508T181321Z-e7d442,2026-05-08T18:13:21.400575+00:00,STEP,double_bottom,forming,57.25,62.0,61.9,50.6,52.6,45.0,48.1,39.5,84.0,79.2,9.3,15.48,4.05,7.37,5.85,3.84,2.37,5.04,3.96,False,,55.325,56.225,49.3091,62.39,"{""trend"":{""T1_ema_stack"":{""value"":[true,true,false],""score"":66.66666666666666},""T2_ema50_slope"":{""value"":0.11968676530904494,""score"":69.94779421817415},""T3_high_proximity"":{""value"":0.88449240607514,""score"":42.246203037569984},""T4_rs_1m"":{""value"":0.10741247743899218,""score"":100},""T5_rs_3m"":{""value"":-0.181413383678956,""score"":0},""T6_adr_healthy"":{""value"":4.697012971667387,""score"":100.0},""_score"":61.99},""geometry"":{""sub_low_similarity"":0.7,""sub_bounce_quality"":100,""sub_separation_fit"":60.0,""sub_right_bottom_reaction"":84.7,""sub_base_context"":100.0,""_score"":61.91},""compression"":{""VC1_atr_ratio"":{""value"":0.4353688594322625,""score"":100},""VC2_range_contraction"":{""value"":0.9174641500407227,""score"":13.755974993212888},""VC3_range_pct_rank"":{""score"":23.33333333333333},""_score"":50.65},""sr_quality"":{""SR1_touches"":{""value"":2,""score"":25.0},""SR2_tightness"":{""value"":0.3299999999999983,""score"":74.03940167001959},""SR3_recency"":{""value"":236,""score"":0.0},""SR4_price_location"":{""score"":76.00584400988988},""SR5_reaction"":{""value"":3.5902327463166266,""score"":100},""_score"":52.61,""_levels_found"":5,""_target_level"":57.46},""volume"":{""V1_rvol_day"":{""value"":0.3576127286266332,""score"":0},""V2_rvol_sameslot"":{""value"":1.5009874306845676,""score"":66.73249537897118,""status"":""ok""},""V3_breakout_bar"":{""value"":1.3075861854109687,""score"":53.839079027397915},""V4_base_dryup"":{""value"":0.5919695971738765,""score"":90.80304028261234},""V5_bo_expansion"":{""value"":0.3576127286266332,""score"":0},""_score"":44.97},""readiness"":{""_distance_atr"":0.354,""BR1_atr_distance"":{""score"":76.39945606365409},""BR2_compression"":{""score"":0},""BR3_retest"":{""score"":50.0},""BR4_bo_age"":{""score"":50.0},""_score"":48.06},""risk"":{""R1_stop_clarity"":{""score"":40.92783852732595},""R2_stop_distance_pct"":{""value"":10.87374604609128,""score"":28.156348847717982},""R3_stop_distance_atr"":{""value"":2.366308537777728,""score"":100.0},""R4_rr_potential"":{""value"":1.1743878721388312,""score"":8.719393606941562},""_score"":39.52},""market"":{""M1_spy_regime"":{""score"":100.0},""M3_earnings_risk"":{""value"":null,""score"":80.0},""M4_vix"":{""value"":null,""score"":60.0},""_score"":84.0},""liquidity"":{""L1_price"":{""value"":55.325,""score"":100.0},""L2_dollar_vol"":{""value"":17139172.117498975,""score"":61.69949200688127},""L3_spread_proxy"":{""value"":0.05512878445549023,""score"":44.871215544509774},""L4_volume_zscore"":{""value"":-1.6901832702210202,""score"":100.0},""_score"":79.17},""pattern_structure"":{""left_low"":50.06,""left_idx"":40,""right_low"":52.61,""right_idx"":76,""separation_bars"":36,""structural_low"":50.06,""current_price"":55.51,""neckline_distance_pct"":0.012880562060889991,""base_bars"":36},""pattern_geometry_features"":{""low_similarity_pct"":0.04967371189247097,""bounce_pct"":0.12315221733919295,""right_bottom_reaction"":0.8473053892215555,""atr_pct"":0.04595235943451037},""_schema_version"":""1.0""}",,,,,,,,,,
20260508T181321Z-e7d442,2026-05-08T18:13:21.400575+00:00,UEC,double_bottom,forming,57.17,66.3,68.2,52.3,49.8,14.1,39.1,75.8,84.0,89.5,9.95,17.05,4.18,6.97,1.83,3.13,4.55,5.04,4.47,False,,15.245,16.04,14.248,17.615,"{""trend"":{""T1_ema_stack"":{""value"":[true,true,true],""score"":100.0},""T2_ema50_slope"":{""value"":0.11879611652121504,""score"":69.79935275353584},""T3_high_proximity"":{""value"":0.8915204678362572,""score"":45.760233918128556},""T4_rs_1m"":{""value"":0.02753913315059786,""score"":77.53913315059786},""T5_rs_3m"":{""value"":-0.12188631634120528,""score"":0},""T6_adr_healthy"":{""value"":6.764140546330302,""score"":100.0},""_score"":66.33},""geometry"":{""sub_low_similarity"":0.9,""sub_bounce_quality"":100,""sub_separation_fit"":100.0,""sub_right_bottom_reaction"":86.3,""sub_base_context"":100.0,""_score"":68.22},""compression"":{""VC1_atr_ratio"":{""value"":0.616820310025764,""score"":95.794922493559},""VC2_range_contraction"":{""value"":1.1143740624422172,""score"":0},""VC3_range_pct_rank"":{""score"":55.833333333333336},""_score"":52.28},""sr_quality"":{""SR1_touches"":{""value"":2,""score"":25.0},""SR2_tightness"":{""value"":0.21999999999999975,""score"":61.89156417807038},""SR3_recency"":{""value"":238,""score"":0.0},""SR4_price_location"":{""score"":83.97293863925084},""SR5_reaction"":{""value"":1.595790750043304,""score"":79.7895375021652},""_score"":49.75,""_levels_found"":5,""_target_level"":15.4},""volume"":{""V1_rvol_day"":{""value"":0.47259966254885577,""score"":0},""V2_rvol_sameslot"":{""value"":0.9462816798726782,""score"":29.75211199151188,""status"":""ok""},""V3_breakout_bar"":{""value"":0.5827534971799119,""score"":5.516899811994125},""V4_base_dryup"":{""value"":1.1639226737655415,""score"":33.607732623445855},""V5_bo_expansion"":{""value"":0.47259966254885577,""score"":0},""_score"":14.05},""readiness"":{""_distance_atr"":0.689,""BR1_atr_distance"":{""score"":54.09665685085746},""BR2_compression"":{""score"":0},""BR3_retest"":{""score"":50.0},""BR4_bo_age"":{""score"":50.0},""_score"":39.14},""risk"":{""R1_stop_clarity"":{""score"":62.41555517062192},""R2_stop_distance_pct"":{""value"":6.539685142669723,""score"":100.0},""R3_stop_distance_atr"":{""value"":0.8634808591720066,""score"":68.17404295860032},""R4_rr_potential"":{""value"":2.3771910027834213,""score"":68.85955013917106},""_score"":75.84},""market"":{""M1_spy_regime"":{""score"":100.0},""M3_earnings_risk"":{""value"":null,""score"":80.0},""M4_vix"":{""value"":null,""score"":60.0},""_score"":84.0},""liquidity"":{""L1_price"":{""value"":15.245,""score"":100.0},""L2_dollar_vol"":{""value"":62752264.46662922,""score"":89.88147011531682},""L3_spread_proxy"":{""value"":0.06493932436864547,""score"":35.06067563135453},""L4_volume_zscore"":{""value"":-2.1823192885392255,""score"":100.0},""_score"":89.46},""pattern_structure"":{""left_low"":14.465,""left_idx"":54,""right_low"":15.2,""right_idx"":70,""separation_bars"":16,""structural_low"":14.465,""current_price"":15.23,""neckline_distance_pct"":0.05318450426789223,""base_bars"":16},""pattern_geometry_features"":{""low_similarity_pct"":0.049553345693578256,""bounce_pct"":0.10888351192533698,""right_bottom_reaction"":0.8630952380952399,""atr_pct"":0.07573630698589703},""_schema_version"":""1.0""}",,,,,,,,,,
20260508T181321Z-e7d442,2026-05-08T18:13:21.400575+00:00,PAR,double_bottom,forming,57.09,33.3,76.8,49.0,52.3,46.3,24.9,80.2,84.0,75.7,5.0,19.19,3.92,7.32,6.02,1.99,4.81,5.04,3.79,False,,14.34,15.5,13.5044,17.29,"{""trend"":{""T1_ema_stack"":{""value"":[true,false,false],""score"":33.33333333333333},""T2_ema50_slope"":{""value"":-0.8584830162500681,""score"":0},""T3_high_proximity"":{""value"":0.6167741935483871,""score"":0},""T4_rs_1m"":{""value"":0.10958205750672967,""score"":100},""T5_rs_3m"":{""value"":-0.42282174665700223,""score"":0},""T6_adr_healthy"":{""value"":6.3952369648306115,""score"":100.0},""_score"":33.33},""geometry"":{""sub_low_similarity"":94.2,""sub_bounce_quality"":100,""sub_separation_fit"":100.0,""sub_right_bottom_reaction"":50.0,""sub_base_context"":30.0,""_score"":76.76},""compression"":{""VC1_atr_ratio"":{""value"":0.3754034203217773,""score"":100},""VC2_range_contraction"":{""value"":0.8783679426922197,""score"":20.272009551296712},""VC3_range_pct_rank"":{""score"":7.499999999999996},""_score"":48.97},""sr_quality"":{""SR1_touches"":{""value"":2,""score"":25.0},""SR2_tightness"":{""value"":0.22380000000000067,""score"":52.8721628085374},""SR3_recency"":{""value"":231,""score"":0.0},""SR4_price_location"":{""score"":87.55150088287228},""SR5_reaction"":{""value"":2.4730532617360823,""score"":100},""_score"":52.32,""_levels_found"":5,""_target_level"":14.5938},""volume"":{""V1_rvol_day"":{""value"":1.0459366692824774,""score"":36.39577795216516},""V2_rvol_sameslot"":{""value"":1.9384952408700673,""score"":95.89968272467115,""status"":""ok""},""V3_breakout_bar"":{""value"":0.6206220825310738,""score"":8.04147216873825},""V4_base_dryup"":{""value"":0.6292593498793442,""score"":87.07406501206557},""V5_bo_expansion"":{""value"":1.0459366692824774,""score"":3.0624446188318277},""_score"":46.34},""readiness"":{""_distance_atr"":1.221,""BR1_atr_distance"":{""score"":18.575675987345136},""BR2_compression"":{""score"":0},""BR3_retest"":{""score"":50.0},""BR4_bo_age"":{""score"":50.0},""_score"":24.93},""risk"":{""R1_stop_clarity"":{""score"":56.69419250033837},""R2_stop_distance_pct"":{""value"":5.827405857740581,""score"":100.0},""R3_stop_distance_atr"":{""value"":0.879856504670366,""score"":68.9928252335183},""R4_rr_potential"":{""value"":3.5301860826901232,""score"":100.0},""_score"":80.19},""market"":{""M1_spy_regime"":{""score"":100.0},""M3_earnings_risk"":{""value"":null,""score"":80.0},""M4_vix"":{""value"":null,""score"":60.0},""_score"":84.0},""liquidity"":{""L1_price"":{""value"":14.34,""score"":100.0},""L2_dollar_vol"":{""value"":19319468.52740622,""score"":64.29975874685789},""L3_spread_proxy"":{""value"":0.11854951185495113,""score"":0},""L4_volume_zscore"":{""value"":0.11980324880949009,""score"":100.0},""_score"":75.72},""pattern_structure"":{""left_low"":13.71,""left_idx"":60,""right_low"":13.75,""right_idx"":76,""separation_bars"":16,""structural_low"":13.71,""current_price"":13.95,""neckline_distance_pct"":0.11111111111111117,""base_bars"":16},""pattern_geometry_features"":{""low_similarity_pct"":0.002913328477785808,""bounce_pct"":0.13056163384390948,""right_bottom_reaction"":0.5,""atr_pct"":0.06623132098027497},""_schema_version"":""1.0""}",,,,,,,,,,
20260508T181321Z-e7d442,2026-05-08T18:13:21.400575+00:00,INOD,ascending_triangle,breakout_confirmed,57.0,82.0,65.0,0.0,48.2,71.5,17.5,27.5,84.0,72.5,12.31,18.2,0.0,6.75,8.57,1.4,1.1,5.04,3.62,False,,83.605,48.18,41.3897,54.34,"{""trend"":{""T1_ema_stack"":{""value"":[true,true,false],""score"":66.66666666666666},""T2_ema50_slope"":{""value"":0.01108566673452347,""score"":51.84761112242058},""T3_high_proximity"":{""value"":1.0,""score"":99.99999999999997},""T4_rs_1m"":{""value"":1.2321467485638034,""score"":100},""T5_rs_3m"":{""value"":0.6891707144277126,""score"":100},""T6_adr_healthy"":{""value"":7.246744395750474,""score"":100.0},""_score"":82.04},""geometry"":{""sub_flat_top_quality"":66.7,""sub_hl_slope"":100,""sub_compression"":0,""sub_duration"":100.0,""_score"":65.01},""compression"":{""VC1_atr_ratio"":{""value"":1.417350165782113,""score"":0},""VC2_range_contraction"":{""value"":1.0485806937963946,""score"":0},""VC3_range_pct_rank"":{""score"":0.0},""_score"":0.0},""sr_quality"":{""SR1_touches"":{""value"":3,""score"":50.0},""SR2_tightness"":{""value"":0.8355038400071342,""score"":71.59206253258506},""SR3_recency"":{""value"":292,""score"":0.0},""SR4_price_location"":{""score"":30.0},""SR5_reaction"":{""value"":2.3585336591305883,""score"":100},""_score"":48.24,""_levels_found"":6,""_target_level"":65.99},""volume"":{""V1_rvol_day"":{""value"":8.882176448426987,""score"":100},""V2_rvol_sameslot"":{""value"":10.914243698181352,""score"":100,""status"":""ok""},""V3_breakout_bar"":{""value"":0.8372511644579674,""score"":22.483410963864493},""V4_base_dryup"":{""value"":0.9583098715623205,""score"":54.16901284376795},""V5_bo_expansion"":{""value"":8.882176448426987,""score"":100},""_score"":71.45},""readiness"":{""_distance_atr"":-6.022,""BR1_atr_distance"":{""score"":0},""BR2_compression"":{""score"":0},""BR3_retest"":{""score"":50.0},""BR4_bo_age"":{""score"":50.0},""_score"":17.5},""risk"":{""R1_stop_clarity"":{""score"":78.5691912731859},""R2_stop_distance_pct"":{""value"":50.49375037378147,""score"":0.0},""R3_stop_distance_atr"":{""value"":7.176804852015533,""score"":0.0},""R4_rr_potential"":{""value"":-0.6932320746269719,""score"":0.0},""_score"":27.5},""market"":{""M1_spy_regime"":{""score"":100.0},""M3_earnings_risk"":{""value"":null,""score"":80.0},""M4_vix"":{""value"":null,""score"":60.0},""_score"":84.0},""liquidity"":{""L1_price"":{""value"":83.605,""score"":100.0},""L2_dollar_vol"":{""value"":1380794499.0063345,""score"":100.0},""L3_spread_proxy"":{""value"":0.22821601578852937,""score"":0},""L4_volume_zscore"":{""value"":4.212437028575764,""score"":30.0},""_score"":72.5},""pattern_structure"":{""top"":48.18,""top_touches"":3,""low_slope_per_bar"":0.1351390161930947,""lowest_low"":42.02,""structural_low"":42.02,""current_price"":84.84,""neckline_distance_pct"":-0.43210749646393215,""base_bars"":45},""pattern_geometry_features"":{""top_touches"":3.0,""low_slope"":0.1351390161930947,""compression"":-0.889864246369676,""atr_pct"":0.0703568668996215},""_schema_version"":""1.0""}",,,,,,,,,,
20260508T181321Z-e7d442,2026-05-08T18:13:21.400575+00:00,QBTS,breakout_retest_hold,setup,56.8,78.7,62.8,64.8,41.4,0.0,67.0,63.6,84.0,95.1,11.02,13.81,3.89,5.8,0.0,12.05,3.18,4.2,2.85,False,,22.105,21.43,21.2058,21.45,"{""trend"":{""T1_ema_stack"":{""value"":[true,true,false],""score"":66.66666666666666},""T2_ema50_slope"":{""value"":0.3040233095598536,""score"":100},""T3_high_proximity"":{""value"":0.9276122534620227,""score"":63.806126731011325},""T4_rs_1m"":{""value"":0.5093045310282545,""score"":100},""T5_rs_3m"":{""value"":-0.0007622899752433021,""score"":49.61885501237835},""T6_adr_healthy"":{""value"":7.96830843333864,""score"":100.0},""_score"":78.68},""geometry"":{""sub_retest_depth"":59.3,""sub_retest_timing"":0.0,""sub_retest_freshness"":75.0,""sub_hold_quality"":100.0,""_score"":62.79},""compression"":{""VC1_atr_ratio"":{""value"":0.6620983856830348,""score"":84.47540357924129},""VC2_range_contraction"":{""value"":0.8540825605148316,""score"":24.319573247528076},""VC3_range_pct_rank"":{""score"":90.0},""_score"":64.8},""sr_quality"":{""SR1_touches"":{""value"":2,""score"":25.0},""SR2_tightness"":{""value"":0.037499999999999645,""score"":95.29696318194038},""SR3_recency"":{""value"":314,""score"":0.0},""SR4_price_location"":{""score"":18.419933844191664},""SR5_reaction"":{""value"":3.985039863835886,""score"":100},""_score"":41.4,""_levels_found"":5,""_target_level"":24.7275},""volume"":{""V1_rvol_day"":{""value"":0.3718966778399789,""score"":0},""V2_rvol_sameslot"":{""value"":0.4513131373578044,""score"":0,""status"":""ok""},""V3_breakout_bar"":{""value"":0.41781441908063116,""score"":0},""V4_base_dryup"":{""value"":1.6431301802828089,""score"":0},""V5_bo_expansion"":{""value"":0.3718966778399789,""score"":0},""_score"":0.0},""readiness"":{""_distance_atr"":-0.423,""BR1_atr_distance"":{""score"":100.0},""BR2_compression"":{""score"":10.138774369145862},""BR3_retest"":{""score"":99.68646421212942},""BR4_bo_age"":{""score"":30.0},""_score"":66.97},""risk"":{""R1_stop_clarity"":{""score"":73.136253695243},""R2_stop_distance_pct"":{""value"":4.067857950689891,""score"":100.0},""R3_stop_distance_atr"":{""value"":0.5638627609065667,""score"":53.19313804532834},""R4_rr_potential"":{""value"":-0.7284252669039194,""score"":0.0},""_score"":63.58},""market"":{""M1_spy_regime"":{""score"":100.0},""M3_earnings_risk"":{""value"":null,""score"":80.0},""M4_vix"":{""value"":null,""score"":60.0},""_score"":84.0},""liquidity"":{""L1_price"":{""value"":22.105,""score"":100.0},""L2_dollar_vol"":{""value"":282030769.7112428,""score"":100.0},""L3_spread_proxy"":{""value"":0.04885772449672012,""score"":51.142275503279876},""L4_volume_zscore"":{""value"":-0.944775900595017,""score"":100.0},""_score"":95.11},""pattern_structure"":{""level"":21.43,""level_idx"":58,""breakout_idx"":62,""bo_peak_idx"":68,""bo_peak_price"":24.04,""retest_idx"":79,""retest_low"":21.42,""structural_low"":21.42,""current_price"":21.8,""neckline_distance_pct"":-0.01697247706422023,""base_bars"":21,""bars_since_breakout"":17},""pattern_geometry_features"":{""retest_depth_atr"":0.014793524662916014,""bars_breakout_to_retest"":17.0,""bars_since_retest"":0.0,""current_above_level_atr"":0.5473604125280029,""bo_peak_excess_pct"":0.12179188054129722,""atr_pct"":0.07214269557630787},""_schema_version"":""1.0""}",,,,,,,,,,
20260508T181321Z-e7d442,2026-05-08T18:13:21.400575+00:00,BETA,double_bottom,forming,55.89,47.3,72.0,65.4,47.3,13.8,56.6,60.9,84.0,78.3,7.1,18.01,5.23,6.62,1.8,4.53,3.65,5.04,3.92,False,,18.55,18.7054,17.3163,19.8308,"{""trend"":{""T1_ema_stack"":{""value"":[true,false,false],""score"":33.33333333333333},""T2_ema50_slope"":{""value"":-0.31032105798187093,""score"":0},""T3_high_proximity"":{""value"":0.8599907278627724,""score"":29.995363931386187},""T4_rs_1m"":{""value"":0.041183857786431854,""score"":91.18385778643186},""T5_rs_3m"":{""value"":0.049863960199199475,""score"":74.93198009959974},""T6_adr_healthy"":{""value"":6.500117992435184,""score"":100.0},""_score"":47.31},""geometry"":{""sub_low_similarity"":77.4,""sub_bounce_quality"":48.6,""sub_separation_fit"":73.3,""sub_right_bottom_reaction"":54.0,""sub_base_context"":100.0,""_score"":72.03},""compression"":{""VC1_atr_ratio"":{""value"":0.4519604218673212,""score"":100},""VC2_range_contraction"":{""value"":0.889560436832385,""score"":18.406593861269176},""VC3_range_pct_rank"":{""score"":75.83333333333333},""_score"":65.4},""sr_quality"":{""SR1_touches"":{""value"":2,""score"":25.0},""SR2_tightness"":{""value"":0.029950000000001253,""score"":94.64112264199149},""SR3_recency"":{""value"":50,""score"":66.66666666666666},""SR4_price_location"":{""score"":2.2670310709202868},""SR5_reaction"":{""value"":5.2872616430652855,""score"":100},""_score"":47.26,""_levels_found"":6,""_target_level"":22.4299},""volume"":{""V1_rvol_day"":{""value"":0.58994840064837,""score"":5.9965600432246635},""V2_rvol_sameslot"":{""value"":1.2684374506441534,""score"":51.22916337627689,""status"":""ok""},""V3_breakout_bar"":{""value"":0.6429145967285652,""score"":9.527639781904346},""V4_base_dryup"":{""value"":2.1248615863446787,""score"":0},""V5_bo_expansion"":{""value"":0.58994840064837,""score"":0},""_score"":13.83},""readiness"":{""_distance_atr"":0.139,""BR1_atr_distance"":{""score"":90.73155769132455},""BR2_compression"":{""score"":11.168802858397092},""BR3_retest"":{""score"":50.0},""BR4_bo_age"":{""score"":50.0},""_score"":56.58},""risk"":{""R1_stop_clarity"":{""score"":52.816829405449596},""R2_stop_distance_pct"":{""value"":6.650673854447452,""score"":100.0},""R3_stop_distance_atr"":{""value"":1.103714022800473,""score"":80.18570114002365},""R4_rr_potential"":{""value"":1.0381778390208318,""score"":1.9088919510415914},""_score"":60.9},""market"":{""M1_spy_regime"":{""score"":100.0},""M3_earnings_risk"":{""value"":null,""score"":80.0},""M4_vix"":{""value"":null,""score"":60.0},""_score"":84.0},""liquidity"":{""L1_price"":{""value"":18.55,""score"":100.0},""L2_dollar_vol"":{""value"":15232185.115983501,""score"":59.13811045157886},""L3_spread_proxy"":{""value"":0.05336927223719668,""score"":46.63072776280332},""L4_volume_zscore"":{""value"":-0.7801195988396007,""score"":100.0},""_score"":78.32},""pattern_structure"":{""left_low"":17.58,""left_idx"":70,""right_low"":17.78,""right_idx"":76,""separation_bars"":6,""structural_low"":17.58,""current_price"":18.4,""neckline_distance_pct"":0.01659782608695665,""base_bars"":6},""pattern_geometry_features"":{""low_similarity_pct"":0.011312217194570297,""bounce_pct"":0.06401592718998877,""right_bottom_reaction"":0.5402298850574715,""atr_pct"":0.060257219869079684},""_schema_version"":""1.0""}",,,,,,,,,,
20260508T181321Z-e7d442,2026-05-08T18:13:21.400575+00:00,IE,double_bottom,forming,55.79,37.5,76.3,47.2,53.7,23.9,38.8,74.8,84.0,81.0,5.63,19.09,3.78,7.51,3.11,3.1,4.49,5.04,4.05,False,,13.73,14.36,13.0709,15.45,"{""trend"":{""T1_ema_stack"":{""value"":[true,false,true],""score"":66.66666666666666},""T2_ema50_slope"":{""value"":-0.01881467381136828,""score"":46.86422103143862},""T3_high_proximity"":{""value"":0.7636262513904338,""score"":0},""T4_rs_1m"":{""value"":-0.017600871508006044,""score"":32.399128491993956},""T5_rs_3m"":{""value"":-0.26795536602824954,""score"":0},""T6_adr_healthy"":{""value"":5.674158545342399,""score"":100.0},""_score"":37.52},""geometry"":{""sub_low_similarity"":77.5,""sub_bounce_quality"":74.5,""sub_separation_fit"":80.0,""sub_right_bottom_reaction"":41.3,""sub_base_context"":100.0,""_score"":76.34},""compression"":{""VC1_atr_ratio"":{""value"":0.5540645260757723,""score"":100},""VC2_range_contraction"":{""value"":0.9874878767168902,""score"":2.0853538805183},""VC3_range_pct_rank"":{""score"":25.83333333333333},""_score"":47.19},""sr_quality"":{""SR1_touches"":{""value"":3,""score"":50.0},""SR2_tightness"":{""value"":0.06903623847098113,""score"":84.59749261205202},""SR3_recency"":{""value"":237,""score"":0.0},""SR4_price_location"":{""score"":43.86759241150013},""SR5_reaction"":{""value"":2.634491367861886,""score"":100},""_score"":53.66,""_levels_found"":6,""_target_level"":15.6434},""volume"":{""V1_rvol_day"":{""value"":1.064680510211892,""score"":37.64536734745946},""V2_rvol_sameslot"":{""value"":0.9925090041883008,""score"":32.83393361255339,""status"":""ok""},""V3_breakout_bar"":{""value"":0.5906528417539784,""score"":6.043522783598557},""V4_base_dryup"":{""value"":1.1171525750337958,""score"":38.28474249662042},""V5_bo_expansion"":{""value"":1.064680510211892,""score"":4.312034014126128},""_score"":23.91},""readiness"":{""_distance_atr"":0.703,""BR1_atr_distance"":{""score"":53.14741035856581},""BR2_compression"":{""score"":0},""BR3_retest"":{""score"":50.0},""BR4_bo_age"":{""score"":50.0},""_score"":38.76},""risk"":{""R1_stop_clarity"":{""score"":55.59043824701201},""R2_stop_distance_pct"":{""value"":4.800072833211948,""score"":100.0},""R3_stop_distance_atr"":{""value"":0.7351952191235067,""score"":61.759760956175334},""R4_rr_potential"":{""value"":2.6098171610651657,""score"":80.49085805325828},""_score"":74.82},""market"":{""M1_spy_regime"":{""score"":100.0},""M3_earnings_risk"":{""value"":null,""score"":80.0},""M4_vix"":{""value"":null,""score"":60.0},""_score"":84.0},""liquidity"":{""L1_price"":{""value"":13.73,""score"":100.0},""L2_dollar_vol"":{""value"":28030410.13719914,""score"":72.38147261726739},""L3_spread_proxy"":{""value"":0.07938820101966496,""score"":20.61179898033504},""L4_volume_zscore"":{""value"":0.23173125199890143,""score"":100.0},""_score"":81.01},""pattern_structure"":{""left_low"":13.42,""left_idx"":69,""right_low"":13.27,""right_idx"":76,""separation_bars"":7,""structural_low"":13.27,""current_price"":13.8,""neckline_distance_pct"":0.04057971014492744,""base_bars"":7},""pattern_geometry_features"":{""low_similarity_pct"":0.011240164855751245,""bounce_pct"":0.08214016578749057,""right_bottom_reaction"":0.41284403669724873,""atr_pct"":0.06528977213609405},""_schema_version"":""1.0""}",,,,,,,,,,
20260508T181321Z-e7d442,2026-05-08T18:13:21.400575+00:00,UEC,inverse_head_shoulders,forming,55.62,66.3,65.5,52.3,49.8,14.1,44.7,66.0,84.0,89.5,7.96,18.34,4.18,6.97,1.97,3.57,3.96,4.2,4.47,False,,15.245,15.8,13.9181,17.47,"{""trend"":{""T1_ema_stack"":{""value"":[true,true,true],""score"":100.0},""T2_ema50_slope"":{""value"":0.11879611652121504,""score"":69.79935275353584},""T3_high_proximity"":{""value"":0.8915204678362572,""score"":45.760233918128556},""T4_rs_1m"":{""value"":0.02753913315059786,""score"":77.53913315059786},""T5_rs_3m"":{""value"":-0.12188631634120528,""score"":0},""T6_adr_healthy"":{""value"":6.764140546330302,""score"":100.0},""_score"":66.33},""geometry"":{""sub_head_depth"":67.4,""sub_shoulder_price_sym"":38.1,""sub_shoulder_time_sym"":55.6,""sub_right_shoulder_reaction"":86.3,""sub_base_context"":100.0,""_score"":65.51},""compression"":{""VC1_atr_ratio"":{""value"":0.616820310025764,""score"":95.794922493559},""VC2_range_contraction"":{""value"":1.1143740624422172,""score"":0},""VC3_range_pct_rank"":{""score"":55.833333333333336},""_score"":52.28},""sr_quality"":{""SR1_touches"":{""value"":2,""score"":25.0},""SR2_tightness"":{""value"":0.21999999999999975,""score"":61.89156417807038},""SR3_recency"":{""value"":238,""score"":0.0},""SR4_price_location"":{""score"":83.97293863925084},""SR5_reaction"":{""value"":1.595790750043304,""score"":79.7895375021652},""_score"":49.75,""_levels_found"":5,""_target_level"":15.4},""volume"":{""V1_rvol_day"":{""value"":0.47259966254885577,""score"":0},""V2_rvol_sameslot"":{""value"":0.9462816798726782,""score"":29.75211199151188,""status"":""ok""},""V3_breakout_bar"":{""value"":0.5827534971799119,""score"":5.516899811994125},""V4_base_dryup"":{""value"":1.1639226737655415,""score"":33.607732623445855},""V5_bo_expansion"":{""value"":0.47259966254885577,""score"":0},""_score"":14.05},""readiness"":{""_distance_atr"":0.481,""BR1_atr_distance"":{""score"":67.95426987701362},""BR2_compression"":{""score"":0},""BR3_retest"":{""score"":50.0},""BR4_bo_age"":{""score"":50.0},""_score"":44.68},""risk"":{""R1_stop_clarity"":{""score"":63.285986488827334},""R2_stop_distance_pct"":{""value"":8.704165300098381,""score"":82.39586749754046},""R3_stop_distance_atr"":{""value"":1.149272475316125,""score"":82.46362376580625},""R4_rr_potential"":{""value"":1.676777572628963,""score"":33.838878631448154},""_score"":66.01},""market"":{""M1_spy_regime"":{""score"":100.0},""M3_earnings_risk"":{""value"":null,""score"":80.0},""M4_vix"":{""value"":null,""score"":60.0},""_score"":84.0},""liquidity"":{""L1_price"":{""value"":15.245,""score"":100.0},""L2_dollar_vol"":{""value"":62752264.46662922,""score"":89.88147011531682},""L3_spread_proxy"":{""value"":0.06493932436864547,""score"":35.06067563135453},""L4_volume_zscore"":{""value"":-2.1823192885392255,""score"":100.0},""_score"":89.46},""pattern_structure"":{""left_shoulder"":14.465,""left_shoulder_idx"":74,""head"":14.13,""head_idx"":83,""right_shoulder"":15.2,""right_shoulder_idx"":90,""left_to_head_bars"":9,""head_to_right_bars"":7,""structural_low"":14.13,""current_price"":15.23,""neckline_distance_pct"":0.03742613263296128,""base_bars"":16},""pattern_geometry_features"":{""head_depth_pct"":0.04736221136018869,""shoulder_price_asymmetry"":0.049553345693578256,""shoulder_time_asymmetry"":0.2222222222222222,""right_shoulder_reaction"":0.8630952380952399,""atr_pct"":0.07573630698589703},""_schema_version"":""1.0""}",,,,,,,,,,
20260508T181321Z-e7d442,2026-05-08T18:13:21.400575+00:00,PRCH,high_tight_pullback,forming,55.45,89.9,66.4,23.0,44.6,7.4,53.8,77.7,84.0,77.0,10.79,23.24,2.3,3.57,1.04,4.84,0.78,5.04,3.85,False,,11.02,11.53,10.7168,14.13,"{""trend"":{""T1_ema_stack"":{""value"":[true,true,false],""score"":66.66666666666666},""T2_ema50_slope"":{""value"":0.3546723977665168,""score"":100},""T3_high_proximity"":{""value"":0.9769503546099291,""score"":88.47517730496452},""T4_rs_1m"":{""value"":0.48537763147049695,""score"":100},""T5_rs_3m"":{""value"":0.4523940806811273,""score"":100},""T6_adr_healthy"":{""value"":6.976955229299883,""score"":100.0},""_score"":89.94},""geometry"":{""sub_pole_impulse"":72.1,""sub_flag_tightness"":73.2,""sub_flag_shallowness"":61.3,""sub_flag_drift"":94.7,""sub_flag_duration"":0.0,""_score"":66.39},""compression"":{""VC1_atr_ratio"":{""value"":0.9452420297192055,""score"":13.689492570198636},""VC2_range_contraction"":{""value"":1.2675811395987981,""score"":0},""VC3_range_pct_rank"":{""score"":70.0},""_score"":22.98},""sr_quality"":{""SR1_touches"":{""value"":2,""score"":25.0},""SR2_tightness"":{""value"":0.009999999999999787,""score"":97.57973895755904},""SR3_recency"":{""value"":230,""score"":0.0},""SR4_price_location"":{""score"":30.0},""SR5_reaction"":{""value"":2.377906474198289,""score"":100},""_score"":44.64,""_levels_found"":6,""_target_level"":10.84},""volume"":{""V1_rvol_day"":{""value"":0.44475328748024806,""score"":0},""V2_rvol_sameslot"":{""value"":0.8347059295967969,""score"":22.313728639786458,""status"":""ok""},""V3_breakout_bar"":{""value"":0.6787800387147956,""score"":11.918669247653042},""V4_base_dryup"":{""value"":1.8783934655985886,""score"":0},""V5_bo_expansion"":{""value"":0.44475328748024806,""score"":0},""_score"":7.44},""readiness"":{""_distance_atr"":0.617,""BR1_atr_distance"":{""score"":58.8555622785029},""BR2_compression"":{""score"":50.91709291645968},""BR3_retest"":{""score"":50.0},""BR4_bo_age"":{""score"":50.0},""_score"":53.77},""risk"":{""R1_stop_clarity"":{""score"":60.50133978736282},""R2_stop_distance_pct"":{""value"":2.751361161524488,""score"":100.0},""R3_stop_distance_atr"":{""value"":0.36691157403405494,""score"":43.34557870170275},""R4_rr_potential"":{""value"":10.257255936675508,""score"":100.0},""_score"":77.68},""market"":{""M1_spy_regime"":{""score"":100.0},""M3_earnings_risk"":{""value"":null,""score"":80.0},""M4_vix"":{""value"":null,""score"":60.0},""_score"":84.0},""liquidity"":{""L1_price"":{""value"":11.02,""score"":100.0},""L2_dollar_vol"":{""value"":11858600.370671319,""score"":53.701671689337836},""L3_spread_proxy"":{""value"":0.044464609800362834,""score"":55.53539019963716},""L4_volume_zscore"":{""value"":-0.9566377817426673,""score"":100.0},""_score"":77.03},""pattern_structure"":{""pole_low"":8.93,""pole_low_idx"":20,""peak_price"":11.53,""peak_idx"":44,""pole_gain"":0.2911534154535274,""flag_bars"":15,""flag_low"":10.88,""flag_high"":11.42,""structural_low"":10.88,""current_price"":10.955,""neckline_distance_pct"":0.05248744865358277,""base_bars"":15},""pattern_geometry_features"":{""pole_gain"":0.2911534154535274,""pullback_pct"":0.05637467476149164,""flag_range_pct"":0.046834345186470006,""flag_drift_per_bar"":-0.0010611592879963387,""atr_pct"":0.0749870365569095,""pole_atr_multiple"":3.882716651064934},""_schema_version"":""1.0""}",,,,,,,,,,
20260508T181321Z-e7d442,2026-05-08T18:13:21.400575+00:00,QBTS,vcp,forming,55.43,78.7,54.0,64.8,41.4,14.7,53.6,38.7,84.0,95.1,11.8,13.49,7.78,4.97,1.9,3.75,1.94,5.04,4.76,False,,22.105,22.49,16.8533,26.8986,"{""trend"":{""T1_ema_stack"":{""value"":[true,true,false],""score"":66.66666666666666},""T2_ema50_slope"":{""value"":0.3040233095598536,""score"":100},""T3_high_proximity"":{""value"":0.9276122534620227,""score"":63.806126731011325},""T4_rs_1m"":{""value"":0.5093045310282545,""score"":100},""T5_rs_3m"":{""value"":-0.0007622899752433021,""score"":49.61885501237835},""T6_adr_healthy"":{""value"":7.96830843333864,""score"":100.0},""_score"":78.68},""geometry"":{""sub_contraction_count"":100.0,""sub_reduction_rate"":0,""sub_pivot_tightness"":0,""sub_volume_dryup"":59.8,""sub_base_depth"":100.0,""sub_base_duration"":100.0,""_score"":53.97},""compression"":{""VC1_atr_ratio"":{""value"":0.6620983856830348,""score"":84.47540357924129},""VC2_range_contraction"":{""value"":0.8540825605148316,""score"":24.319573247528076},""VC3_range_pct_rank"":{""score"":90.0},""_score"":64.8},""sr_quality"":{""SR1_touches"":{""value"":2,""score"":25.0},""SR2_tightness"":{""value"":0.037499999999999645,""score"":95.29696318194038},""SR3_recency"":{""value"":314,""score"":0.0},""SR4_price_location"":{""score"":18.419933844191664},""SR5_reaction"":{""value"":3.985039863835886,""score"":100},""_score"":41.4,""_levels_found"":5,""_target_level"":24.7275},""volume"":{""V1_rvol_day"":{""value"":0.3718966778399789,""score"":0},""V2_rvol_sameslot"":{""value"":0.4513131373578044,""score"":0,""status"":""ok""},""V3_breakout_bar"":{""value"":0.41781441908063116,""score"":0},""V4_base_dryup"":{""value"":0.7677250484779526,""score"":73.22749515220474},""V5_bo_expansion"":{""value"":0.3718966778399789,""score"":0},""_score"":14.65},""readiness"":{""_distance_atr"":0.241,""BR1_atr_distance"":{""score"":83.90516288930702},""BR2_compression"":{""score"":10.138774369145862},""BR3_retest"":{""score"":50.0},""BR4_bo_age"":{""score"":50.0},""_score"":53.6},""risk"":{""R1_stop_clarity"":{""score"":67.81241601719961},""R2_stop_distance_pct"":{""value"":23.757747116037102,""score"":0.0},""R3_stop_distance_atr"":{""value"":3.293160440741737,""score"":100.0},""R4_rr_potential"":{""value"":0.912779793017432,""score"":0.0},""_score"":38.73},""market"":{""M1_spy_regime"":{""score"":100.0},""M3_earnings_risk"":{""value"":null,""score"":80.0},""M4_vix"":{""value"":null,""score"":60.0},""_score"":84.0},""liquidity"":{""L1_price"":{""value"":22.105,""score"":100.0},""L2_dollar_vol"":{""value"":282030769.7112428,""score"":100.0},""L3_spread_proxy"":{""value"":0.04885772449672012,""score"":51.142275503279876},""L4_volume_zscore"":{""value"":-0.944775900595017,""score"":100.0},""_score"":95.11},""pattern_structure"":{""n_contractions"":5,""contractions_pct"":[17.23,20.46,22.39,23.78,23.92],""descending_strict"":false,""final_low"":17.11,""final_pivot"":22.49,""structural_low"":17.11,""dry_up_ratio"":0.7010645047995603,""current_price"":22.105,""neckline_distance_pct"":0.017416874010404794,""base_bars"":54},""pattern_geometry_features"":{""contraction_count"":5.0,""first_contraction_pct"":0.17234392572007476,""last_contraction_pct"":0.23921742996887502,""dry_up_ratio"":0.7010645047995603,""near_monotone"":0.0,""base_depth_pct"":0.2048739230247321},""_schema_version"":""1.0""}",,,,,,,,,,
20260508T181321Z-e7d442,2026-05-08T18:13:21.400575+00:00,MMYT,breakout_retest_hold,breakout_confirmed,55.28,39.3,82.7,70.2,31.4,17.7,63.4,56.3,84.0,74.8,5.51,18.19,4.21,4.4,2.3,11.42,2.81,4.2,2.24,False,,48.2,47.6,46.926,48.0,"{""trend"":{""T1_ema_stack"":{""value"":[true,false,false],""score"":33.33333333333333},""T2_ema50_slope"":{""value"":-0.12022364994244636,""score"":29.962725009592273},""T3_high_proximity"":{""value"":0.7731793391081168,""score"":0},""T4_rs_1m"":{""value"":0.07450949735158119,""score"":100},""T5_rs_3m"":{""value"":-0.223472819494004,""score"":0},""T6_adr_healthy"":{""value"":3.995104640255421,""score"":100.0},""_score"":39.33},""geometry"":{""sub_retest_depth"":95.6,""sub_retest_timing"":20.0,""sub_retest_freshness"":100.0,""sub_hold_quality"":100.0,""_score"":82.68},""compression"":{""VC1_atr_ratio"":{""value"":0.4112111315488549,""score"":100},""VC2_range_contraction"":{""value"":0.568700634835671,""score"":71.88322752738817},""VC3_range_pct_rank"":{""score"":19.999999999999996},""_score"":70.16},""sr_quality"":{""SR1_touches"":{""value"":2,""score"":25.0},""SR2_tightness"":{""value"":0.4549999999999983,""score"":51.97889182058065},""SR3_recency"":{""value"":276,""score"":0.0},""SR4_price_location"":{""score"":4.553571428571472},""SR5_reaction"":{""value"":3.8509234828496037,""score"":100},""_score"":31.44,""_levels_found"":4,""_target_level"":53.545},""volume"":{""V1_rvol_day"":{""value"":0.20806436169336426,""score"":0},""V2_rvol_sameslot"":{""value"":0.37725290396602623,""score"":0,""status"":""ok""},""V3_breakout_bar"":{""value"":0.48517110248375683,""score"":0},""V4_base_dryup"":{""value"":0.6148047221788946,""score"":88.51952778211054},""V5_bo_expansion"":{""value"":0.20806436169336426,""score"":0},""_score"":17.7},""readiness"":{""_distance_atr"":-0.317,""BR1_atr_distance"":{""score"":100.0},""BR2_compression"":{""score"":0},""BR3_retest"":{""score"":94.72295514511866},""BR4_bo_age"":{""score"":30.0},""_score"":63.44},""risk"":{""R1_stop_clarity"":{""score"":49.973614775725196},""R2_stop_distance_pct"":{""value"":2.6431535269709707,""score"":100.0},""R3_stop_distance_atr"":{""value"":0.6722955145118775,""score"":58.61477572559388},""R4_rr_potential"":{""value"":-0.15698587127158123,""score"":0.0},""_score"":56.28},""market"":{""M1_spy_regime"":{""score"":100.0},""M3_earnings_risk"":{""value"":null,""score"":80.0},""M4_vix"":{""value"":null,""score"":60.0},""_score"":84.0},""liquidity"":{""L1_price"":{""value"":48.2,""score"":100.0},""L2_dollar_vol"":{""value"":11471772.377081601,""score"":52.98152605688466},""L3_spread_proxy"":{""value"":0.06410788381742745,""score"":35.89211618257255},""L4_volume_zscore"":{""value"":-1.61644539437274,""score"":100.0},""_score"":74.78},""pattern_structure"":{""level"":47.6,""level_idx"":59,""breakout_idx"":64,""bo_peak_idx"":70,""bo_peak_price"":51.09,""retest_idx"":76,""retest_low"":47.4,""structural_low"":47.4,""current_price"":48.215,""neckline_distance_pct"":-0.012755366587161712,""base_bars"":20,""bars_since_breakout"":15},""pattern_geometry_features"":{""retest_depth_atr"":0.26949248789690305,""bars_breakout_to_retest"":12.0,""bars_since_retest"":3.0,""current_above_level_atr"":0.8286894002829678,""bo_peak_excess_pct"":0.07331932773109248,""atr_pct"":0.039315352697095435},""_schema_version"":""1.0""}",,,,,,,,,,
20260508T181321Z-e7d442,2026-05-08T18:13:21.400575+00:00,MPTI,vcp,breakout_confirmed,55.26,91.4,44.4,27.9,61.2,67.8,17.5,22.6,84.0,70.8,13.71,11.11,3.35,7.35,8.81,1.23,1.13,5.04,3.54,False,,84.27,69.89,63.6014,73.82,"{""trend"":{""T1_ema_stack"":{""value"":[true,true,true],""score"":100.0},""T2_ema50_slope"":{""value"":0.041149867431340664,""score"":56.85831123855678},""T3_high_proximity"":{""value"":1.0,""score"":99.99999999999997},""T4_rs_1m"":{""value"":0.15012145077042494,""score"":100},""T5_rs_3m"":{""value"":0.24134095859352245,""score"":100},""T6_adr_healthy"":{""value"":4.829587899388282,""score"":100.0},""_score"":91.37},""geometry"":{""sub_contraction_count"":100.0,""sub_reduction_rate"":1.5,""sub_pivot_tightness"":34.1,""sub_volume_dryup"":21.4,""sub_base_depth"":7.4,""sub_base_duration"":100.0,""_score"":44.44},""compression"":{""VC1_atr_ratio"":{""value"":0.7231127084170199,""score"":69.22182289574502},""VC2_range_contraction"":{""value"":1.1817902261610658,""score"":0},""VC3_range_pct_rank"":{""score"":0.8333333333333304},""_score"":27.9},""sr_quality"":{""SR1_touches"":{""value"":5,""score"":100},""SR2_tightness"":{""value"":0.4860891177551714,""score"":74.96690215717344},""SR3_recency"":{""value"":261,""score"":0.0},""SR4_price_location"":{""score"":30.0},""SR5_reaction"":{""value"":1.6668986573478026,""score"":83.34493286739013},""_score"":61.25,""_levels_found"":6,""_target_level"":67.9048},""volume"":{""V1_rvol_day"":{""value"":1.6169316224375159,""score"":74.46210816250107},""V2_rvol_sameslot"":{""value"":4.719162679087807,""score"":100,""status"":""ok""},""V3_breakout_bar"":{""value"":1.6036196870784807,""score"":73.57464580523204},""V4_base_dryup"":{""value"":1.082620853709455,""score"":41.737914629054494},""V5_bo_expansion"":{""value"":1.6169316224375159,""score"":41.128774829167725},""_score"":67.8},""readiness"":{""_distance_atr"":-3.703,""BR1_atr_distance"":{""score"":0},""BR2_compression"":{""score"":0},""BR3_retest"":{""score"":50.0},""BR4_bo_age"":{""score"":50.0},""_score"":17.5},""risk"":{""R1_stop_clarity"":{""score"":50.12065477285262},""R2_stop_distance_pct"":{""value"":24.526581227008432,""score"":0.0},""R3_stop_distance_atr"":{""value"":5.322047084789411,""score"":33.89764576052947},""R4_rr_potential"":{""value"":-0.5055990865348554,""score"":0.0},""_score"":22.63},""market"":{""M1_spy_regime"":{""score"":100.0},""M3_earnings_risk"":{""value"":null,""score"":80.0},""M4_vix"":{""value"":null,""score"":60.0},""_score"":84.0},""liquidity"":{""L1_price"":{""value"":84.27,""score"":100.0},""L2_dollar_vol"":{""value"":10927651.58689218,""score"":51.92634198386435},""L3_spread_proxy"":{""value"":0.12264150943396236,""score"":0},""L4_volume_zscore"":{""value"":1.7333714420730995,""score"":100.0},""_score"":70.77},""pattern_structure"":{""n_contractions"":5,""contractions_pct"":[10.34,14.03,18.71,11.11,7.61],""descending_strict"":false,""final_low"":64.57,""final_pivot"":69.89,""structural_low"":64.57,""dry_up_ratio"":0.893089724390596,""current_price"":84.27,""neckline_distance_pct"":-0.17064198409873022,""base_bars"":29},""pattern_geometry_features"":{""contraction_count"":5.0,""first_contraction_pct"":0.10335766423357662,""last_contraction_pct"":0.07611961654027768,""dry_up_ratio"":0.893089724390596,""near_monotone"":0.0,""base_depth_pct"":0.057372262773722725},""_schema_version"":""1.0""}",,,,,,,,,,
20260508T181321Z-e7d442,2026-05-08T18:13:21.400575+00:00,ALKT,double_bottom,forming,55.17,56.0,79.9,46.7,39.0,7.8,49.5,61.5,84.0,78.1,8.39,19.98,3.73,5.46,1.02,3.96,3.69,5.04,3.9,False,,17.845,18.13,16.3608,19.65,"{""trend"":{""T1_ema_stack"":{""value"":[true,false,false],""score"":33.33333333333333},""T2_ema50_slope"":{""value"":-0.10992106992180888,""score"":31.67982167969852},""T3_high_proximity"":{""value"":0.960958535271944,""score"":80.47926763597196},""T4_rs_1m"":{""value"":0.05437731693476433,""score"":100},""T5_rs_3m"":{""value"":-0.043796395509348995,""score"":28.1018022453255},""T6_adr_healthy"":{""value"":4.88140652389588,""score"":100.0},""_score"":55.96},""geometry"":{""sub_low_similarity"":45.4,""sub_bounce_quality"":87.9,""sub_separation_fit"":100.0,""sub_right_bottom_reaction"":91.4,""sub_base_context"":100.0,""_score"":79.91},""compression"":{""VC1_atr_ratio"":{""value"":0.5012407054882091,""score"":100},""VC2_range_contraction"":{""value"":1.0872197333173848,""score"":0},""VC3_range_pct_rank"":{""score"":26.66666666666667},""_score"":46.67},""sr_quality"":{""SR1_touches"":{""value"":2,""score"":25.0},""SR2_tightness"":{""value"":0.07499999999999929,""score"":84.24724326757197},""SR3_recency"":{""value"":263,""score"":0.0},""SR4_price_location"":{""score"":15.37873890815072},""SR5_reaction"":{""value"":2.425924536793938,""score"":100},""_score"":38.98,""_levels_found"":6,""_target_level"":19.285},""volume"":{""V1_rvol_day"":{""value"":0.5308976760017671,""score"":2.0598450667844714},""V2_rvol_sameslot"":{""value"":0.7922136628124354,""score"":19.48091085416236,""status"":""ok""},""V3_breakout_bar"":{""value"":0.28521585252608717,""score"":0},""V4_base_dryup"":{""value"":1.3240647633161544,""score"":17.593523668384563},""V5_bo_expansion"":{""value"":0.5308976760017671,""score"":0},""_score"":7.83},""readiness"":{""_distance_atr"":0.299,""BR1_atr_distance"":{""score"":80.04650813892431},""BR2_compression"":{""score"":0},""BR3_retest"":{""score"":50.0},""BR4_bo_age"":{""score"":50.0},""_score"":49.52},""risk"":{""R1_stop_clarity"":{""score"":47.669342134873595},""R2_stop_distance_pct"":{""value"":8.316895488932472,""score"":92.0776127766882},""R3_stop_distance_atr"":{""value"":1.5586302602955504,""score"":100.0},""R4_rr_potential"":{""value"":1.2161843479432672,""score"":10.809217397163362},""_score"":61.47},""market"":{""M1_spy_regime"":{""score"":100.0},""M3_earnings_risk"":{""value"":null,""score"":80.0},""M4_vix"":{""value"":null,""score"":60.0},""_score"":84.0},""liquidity"":{""L1_price"":{""value"":17.845,""score"":100.0},""L2_dollar_vol"":{""value"":16196569.92573895,""score"":60.47115251709552},""L3_spread_proxy"":{""value"":0.061081535444101984,""score"":38.91846455589802},""L4_volume_zscore"":{""value"":-1.2999454655274323,""score"":100.0},""_score"":78.08},""pattern_structure"":{""left_low"":16.61,""left_idx"":60,""right_low"":17.07,""right_idx"":76,""separation_bars"":16,""structural_low"":16.61,""current_price"":17.9,""neckline_distance_pct"":0.012849162011173209,""base_bars"":16},""pattern_geometry_features"":{""low_similarity_pct"":0.027315914489311213,""bounce_pct"":0.09151113786875374,""right_bottom_reaction"":0.9139784946236578,""atr_pct"":0.05336028499379581},""_schema_version"":""1.0""}",,,,,,,,,,
20260508T181321Z-e7d442,2026-05-08T18:13:21.400575+00:00,QTWO,cup_with_handle,forming,55.08,40.1,68.0,42.4,63.9,28.8,28.0,76.6,84.0,80.3,5.61,20.39,3.39,7.67,3.74,2.24,3.83,4.2,4.01,False,,50.51,53.98,48.2552,62.33,"{""trend"":{""T1_ema_stack"":{""value"":[true,false,false],""score"":33.33333333333333},""T2_ema50_slope"":{""value"":-0.05524786847474689,""score"":40.79202192087552},""T3_high_proximity"":{""value"":0.8810395953253096,""score"":40.51979766265479},""T4_rs_1m"":{""value"":0.012666549072186006,""score"":62.66654907218601},""T5_rs_3m"":{""value"":-0.18177638582185418,""score"":0},""T6_adr_healthy"":{""value"":4.363236466732225,""score"":100.0},""_score"":40.1},""geometry"":{""sub_cup_depth"":77.5,""sub_cup_duration"":100.0,""sub_rim_symmetry"":63.0,""sub_handle_shallowness"":23.0,""sub_handle_proportion"":100.0,""sub_u_shape"":68.4,""_score"":67.96},""compression"":{""VC1_atr_ratio"":{""value"":0.6785398243188284,""score"":80.36504392029289},""VC2_range_contraction"":{""value"":1.1929621726470931,""score"":0},""VC3_range_pct_rank"":{""score"":40.833333333333336},""_score"":42.35},""sr_quality"":{""SR1_touches"":{""value"":3,""score"":50.0},""SR2_tightness"":{""value"":0.12970050972229244,""score"":90.88104609873675},""SR3_recency"":{""value"":245,""score"":0.0},""SR4_price_location"":{""score"":82.80647648419433},""SR5_reaction"":{""value"":1.9451816995564764,""score"":97.25908497782382},""_score"":63.92,""_levels_found"":7,""_target_level"":51.2533},""volume"":{""V1_rvol_day"":{""value"":0.32943624260278814,""score"":0},""V2_rvol_sameslot"":{""value"":0.7316378096200526,""score"":15.442520641336843,""status"":""ok""},""V3_breakout_bar"":{""value"":1.0765090966283684,""score"":38.43393977522456},""V4_base_dryup"":{""value"":0.6961692950366152,""score"":80.38307049633849},""V5_bo_expansion"":{""value"":0.32943624260278814,""score"":0},""_score"":28.77},""readiness"":{""_distance_atr"":1.22,""BR1_atr_distance"":{""score"":18.677343404084695},""BR2_compression"":{""score"":12.143107603533673},""BR3_retest"":{""score"":50.0},""BR4_bo_age"":{""score"":50.0},""_score"":28.01},""risk"":{""R1_stop_clarity"":{""score"":48.33422808343537},""R2_stop_distance_pct"":{""value"":4.463970500890908,""score"":100.0},""R3_stop_distance_atr"":{""value"":0.7926327749724413,""score"":64.63163874862207},""R4_rr_potential"":{""value"":5.242262839164321,""score"":100.0},""_score"":76.61},""market"":{""M1_spy_regime"":{""score"":100.0},""M3_earnings_risk"":{""value"":null,""score"":80.0},""M4_vix"":{""value"":null,""score"":60.0},""_score"":84.0},""liquidity"":{""L1_price"":{""value"":50.51,""score"":100.0},""L2_dollar_vol"":{""value"":16105448.26709689,""score"":60.34864085771501},""L3_spread_proxy"":{""value"":0.03880221738269659,""score"":61.19778261730341},""L4_volume_zscore"":{""value"":-0.9714908305674066,""score"":100.0},""_score"":80.26},""pattern_structure"":{""left_rim"":53.0,""left_rim_idx"":137,""cup_bottom"":44.65,""cup_bottom_idx"":150,""right_rim"":53.98,""right_rim_idx"":175,""handle_low"":48.9901,""handle_bars"":4,""cup_bars"":38,""structural_low"":48.9901,""current_price"":50.51,""neckline_distance_pct"":0.06869926747178774,""base_bars"":42},""pattern_geometry_features"":{""cup_depth_pct"":0.15754716981132078,""rim_symmetry_pct"":0.01849056603773579,""handle_depth_pct"":0.09243979251574655,""handle_to_cup_ratio"":0.10526315789473684,""cup_duration_bars"":38.0,""atr_pct"":0.05631826795259776,""u_shape_score"":0.34210526315789475},""_schema_version"":""1.0""}",,,,,,,,,,
20260508T181321Z-e7d442,2026-05-08T18:13:21.400575+00:00,TTWO,vcp,forming,55.0,77.2,60.7,63.8,61.6,29.9,56.4,59.0,84.0,98.5,11.58,15.17,7.66,7.39,3.89,3.95,2.95,5.04,4.93,True,risk_unclear,220.98,221.22,203.3532,263.32,"{""trend"":{""T1_ema_stack"":{""value"":[true,true,false],""score"":66.66666666666666},""T2_ema50_slope"":{""value"":0.10586084015325714,""score"":67.6434733588762},""T3_high_proximity"":{""value"":0.9813482547295497,""score"":90.67412736477482},""T4_rs_1m"":{""value"":0.031355905396258654,""score"":81.35590539625866},""T5_rs_3m"":{""value"":0.06220644327635183,""score"":81.10322163817591},""T6_adr_healthy"":{""value"":2.669457013666442,""score"":100.0},""_score"":77.23},""geometry"":{""sub_contraction_count"":100.0,""sub_reduction_rate"":20.6,""sub_pivot_tightness"":47.4,""sub_volume_dryup"":22.8,""sub_base_depth"":100.0,""sub_base_duration"":100.0,""_score"":60.68},""compression"":{""VC1_atr_ratio"":{""value"":0.4207705799812078,""score"":100},""VC2_range_contraction"":{""value"":0.970397027610419,""score"":4.933828731596831},""VC3_range_pct_rank"":{""score"":88.33333333333333},""_score"":63.81},""sr_quality"":{""SR1_touches"":{""value"":2,""score"":25.0},""SR2_tightness"":{""value"":0.06999999999999318,""score"":97.63406178478677},""SR3_recency"":{""value"":235,""score"":0.0},""SR4_price_location"":{""score"":97.8440076093847},""SR5_reaction"":{""value"":2.3701631048834897,""score"":100},""_score"":61.61,""_levels_found"":6,""_target_level"":221.15},""volume"":{""V1_rvol_day"":{""value"":0.6373969734290305,""score"":9.15979822860203},""V2_rvol_sameslot"":{""value"":1.4531984779778597,""score"":63.546565198523986,""status"":""ok""},""V3_breakout_bar"":{""value"":0.7039595344220961,""score"":13.59730229480641},""V4_base_dryup"":{""value"":0.9016289022711078,""score"":59.83710977288922},""V5_bo_expansion"":{""value"":0.6373969734290306,""score"":0},""_score"":29.91},""readiness"":{""_distance_atr"":0.041,""BR1_atr_distance"":{""score"":97.2960706111845},""BR2_compression"":{""score"":0},""BR3_retest"":{""score"":50.0},""BR4_bo_age"":{""score"":50.0},""_score"":56.42},""risk"":{""R1_stop_clarity"":{""score"":0},""R2_stop_distance_pct"":{""value"":7.976626844058293,""score"":100.0},""R3_stop_distance_atr"":{""value"":2.9788429596438553,""score"":100.0},""R4_rr_potential"":{""value"":2.402031004013787,""score"":70.10155020068936},""_score"":59.02},""market"":{""M1_spy_regime"":{""score"":100.0},""M3_earnings_risk"":{""value"":null,""score"":80.0},""M4_vix"":{""value"":null,""score"":60.0},""_score"":84.0},""liquidity"":{""L1_price"":{""value"":220.98,""score"":100.0},""L2_dollar_vol"":{""value"":207273075.95868826,""score"":100.0},""L3_spread_proxy"":{""value"":0.014797719250610833,""score"":85.20228074938916},""L4_volume_zscore"":{""value"":-1.408053543698586,""score"":100.0},""_score"":98.52},""pattern_structure"":{""n_contractions"":5,""contractions_pct"":[23.78,11.65,5.85,11.91,6.68],""descending_strict"":false,""final_low"":206.45,""final_pivot"":221.22,""structural_low"":206.45,""dry_up_ratio"":0.8861877241515675,""current_price"":220.98,""neckline_distance_pct"":0.0010860711376595579,""base_bars"":59},""pattern_geometry_features"":{""contraction_count"":5.0,""first_contraction_pct"":0.23777911888955952,""last_contraction_pct"":0.0667661151794594,""dry_up_ratio"":0.8861877241515675,""near_monotone"":0.0,""base_depth_pct"":0.16938241802454243},""_schema_version"":""1.0""}",,,,,,,,,,
20260508T181321Z-e7d442,2026-05-08T18:13:21.400575+00:00,AIR,bull_flag,forming,55.0,62.0,61.6,64.1,55.8,49.7,58.5,65.9,84.0,86.8,8.69,18.47,5.77,5.58,6.96,5.26,1.98,5.04,4.34,True,risk_unclear,121.0,121.59,115.6018,134.38,"{""trend"":{""T1_ema_stack"":{""value"":[true,true,true],""score"":100.0},""T2_ema50_slope"":{""value"":0.0700638691444331,""score"":61.67731152407218},""T3_high_proximity"":{""value"":0.960393682038257,""score"":80.1968410191285},""T4_rs_1m"":{""value"":-0.10100291232227065,""score"":0},""T5_rs_3m"":{""value"":0.0023383728378165713,""score"":51.16918641890828},""T6_adr_healthy"":{""value"":3.698288281861147,""score"":100.0},""_score"":62.04},""geometry"":{""sub_pole_impulse"":50.6,""sub_flag_tightness"":52.9,""sub_flag_shallowness"":40.8,""sub_flag_drift"":100,""sub_flag_duration"":100.0,""_score"":61.56},""compression"":{""VC1_atr_ratio"":{""value"":0.4967554934803733,""score"":100},""VC2_range_contraction"":{""value"":0.8364916984532189,""score"":27.251383591130185},""VC3_range_pct_rank"":{""score"":58.33333333333333},""_score"":64.12},""sr_quality"":{""SR1_touches"":{""value"":2,""score"":25.0},""SR2_tightness"":{""value"":0.6649999999999991,""score"":71.71721467727707},""SR3_recency"":{""value"":254,""score"":0.0},""SR4_price_location"":{""score"":90.29378951283},""SR5_reaction"":{""value"":4.241354535802329,""score"":100},""_score"":55.83,""_levels_found"":5,""_target_level"":122.305},""volume"":{""V1_rvol_day"":{""value"":0.722122082359239,""score"":14.808138823949268},""V2_rvol_sameslot"":{""value"":2.0307261729905624,""score"":100,""status"":""ok""},""V3_breakout_bar"":{""value"":1.2396985154207394,""score"":49.31323436138263},""V4_base_dryup"":{""value"":0.7793399536531868,""score"":72.06600463468132},""V5_bo_expansion"":{""value"":0.7221220823592392,""score"":0},""_score"":49.7},""readiness"":{""_distance_atr"":0.125,""BR1_atr_distance"":{""score"":91.63566749854303},""BR2_compression"":{""score"":17.240594973803667},""BR3_retest"":{""score"":50.0},""BR4_bo_age"":{""score"":50.0},""_score"":58.46},""risk"":{""R1_stop_clarity"":{""score"":25.12789682099647},""R2_stop_distance_pct"":{""value"":4.461349586776863,""score"":100.0},""R3_stop_distance_atr"":{""value"":1.1479478576017965,""score"":82.39739288008982},""R4_rr_potential"":{""value"":2.4785888271217607,""score"":73.92944135608803},""_score"":65.94},""market"":{""M1_spy_regime"":{""score"":100.0},""M3_earnings_risk"":{""value"":null,""score"":80.0},""M4_vix"":{""value"":null,""score"":60.0},""_score"":84.0},""liquidity"":{""L1_price"":{""value"":121.0,""score"":100.0},""L2_dollar_vol"":{""value"":31142879.894159,""score"":74.6679385431249},""L3_spread_proxy"":{""value"":0.030661157024793453,""score"":69.33884297520655},""L4_volume_zscore"":{""value"":-1.1324123745117411,""score"":100.0},""_score"":86.8},""pattern_structure"":{""pole_low"":108.8,""pole_low_idx"":26,""peak_price"":121.59,""peak_idx"":51,""pole_gain"":0.11755514705882358,""flag_bars"":8,""flag_low"":117.3622,""flag_high"":121.405,""structural_low"":117.3622,""current_price"":121.21,""neckline_distance_pct"":0.0031350548634601905,""base_bars"":8},""pattern_geometry_features"":{""pole_gain"":0.11755514705882358,""pullback_pct"":0.03477095155851634,""flag_range_pct"":0.03324944485566247,""flag_drift_per_bar"":0.0038107809743812364,""atr_pct"":0.03886369539551359,""pole_atr_multiple"":3.0248062069875656},""_schema_version"":""1.0""}",,,,,,,,,,
20260508T181321Z-e7d442,2026-05-08T18:13:21.400575+00:00,TTWO,double_bottom,absent,55.0,77.2,43.7,63.8,61.6,32.8,30.3,51.9,84.0,98.5,11.58,10.92,5.1,8.63,4.27,2.42,3.11,5.04,4.93,True,risk_unclear,220.98,227.02,208.0911,242.78,"{""trend"":{""T1_ema_stack"":{""value"":[true,true,false],""score"":66.66666666666666},""T2_ema50_slope"":{""value"":0.10586084015325714,""score"":67.6434733588762},""T3_high_proximity"":{""value"":0.9813482547295497,""score"":90.67412736477482},""T4_rs_1m"":{""value"":0.031355905396258654,""score"":81.35590539625866},""T5_rs_3m"":{""value"":0.06220644327635183,""score"":81.10322163817591},""T6_adr_healthy"":{""value"":2.669457013666442,""score"":100.0},""_score"":77.23},""geometry"":{""sub_low_similarity"":21.6,""sub_bounce_quality"":63.7,""sub_separation_fit"":0.0,""sub_right_bottom_reaction"":29.7,""sub_base_context"":100.0,""_score"":43.68},""compression"":{""VC1_atr_ratio"":{""value"":0.4207705799812078,""score"":100},""VC2_range_contraction"":{""value"":0.970397027610419,""score"":4.933828731596831},""VC3_range_pct_rank"":{""score"":88.33333333333333},""_score"":63.81},""sr_quality"":{""SR1_touches"":{""value"":2,""score"":25.0},""SR2_tightness"":{""value"":0.06999999999999318,""score"":97.63406178478677},""SR3_recency"":{""value"":235,""score"":0.0},""SR4_price_location"":{""score"":97.8440076093847},""SR5_reaction"":{""value"":2.3701631048834897,""score"":100},""_score"":61.61,""_levels_found"":6,""_target_level"":221.15},""volume"":{""V1_rvol_day"":{""value"":0.6373969734290305,""score"":9.15979822860203},""V2_rvol_sameslot"":{""value"":1.4531984779778597,""score"":63.546565198523986,""status"":""ok""},""V3_breakout_bar"":{""value"":0.7039595344220961,""score"":13.59730229480641},""V4_base_dryup"":{""value"":0.7558450281850558,""score"":74.41549718149442},""V5_bo_expansion"":{""value"":0.6373969734290306,""score"":0},""_score"":32.82},""readiness"":{""_distance_atr"":1.021,""BR1_atr_distance"":{""score"":31.951110381479168},""BR2_compression"":{""score"":0},""BR3_retest"":{""score"":50.0},""BR4_bo_age"":{""score"":50.0},""_score"":30.28},""risk"":{""R1_stop_clarity"":{""score"":0},""R2_stop_distance_pct"":{""value"":5.83260928590823,""score"":100.0},""R3_stop_distance_atr"":{""value"":2.1781672187189174,""score"":100.0},""R4_rr_potential"":{""value"":1.6913778522604743,""score"":34.56889261302371},""_score"":51.91},""market"":{""M1_spy_regime"":{""score"":100.0},""M3_earnings_risk"":{""value"":null,""score"":80.0},""M4_vix"":{""value"":null,""score"":60.0},""_score"":84.0},""liquidity"":{""L1_price"":{""value"":220.98,""score"":100.0},""L2_dollar_vol"":{""value"":207273075.95868826,""score"":100.0},""L3_spread_proxy"":{""value"":0.014797719250610833,""score"":85.20228074938916},""L4_volume_zscore"":{""value"":-1.408053543698586,""score"":100.0},""_score"":98.52},""pattern_structure"":{""left_low"":211.26,""left_idx"":28,""right_low"":219.71,""right_idx"":76,""separation_bars"":48,""structural_low"":211.26,""current_price"":221.78,""neckline_distance_pct"":0.023627017765353094,""base_bars"":48},""pattern_geometry_features"":{""low_similarity_pct"":0.03921386639441268,""bounce_pct"":0.07460001893401505,""right_bottom_reaction"":0.2966360856269126,""atr_pct"":0.026777601075727613},""_schema_version"":""1.0""}",,,,,,,,,,
20260508T181321Z-e7d442,2026-05-08T18:13:21.400575+00:00,TTWO,ascending_triangle,forming,55.0,77.2,58.8,63.8,61.6,36.1,30.3,56.6,84.0,98.5,11.58,16.45,5.1,8.63,4.33,2.42,2.26,5.04,4.93,True,risk_unclear,220.98,227.02,215.4203,235.3392,"{""trend"":{""T1_ema_stack"":{""value"":[true,true,false],""score"":66.66666666666666},""T2_ema50_slope"":{""value"":0.10586084015325714,""score"":67.6434733588762},""T3_high_proximity"":{""value"":0.9813482547295497,""score"":90.67412736477482},""T4_rs_1m"":{""value"":0.031355905396258654,""score"":81.35590539625866},""T5_rs_3m"":{""value"":0.06220644327635183,""score"":81.10322163817591},""T6_adr_healthy"":{""value"":2.669457013666442,""score"":100.0},""_score"":77.23},""geometry"":{""sub_flat_top_quality"":100,""sub_hl_slope"":45.7,""sub_compression"":0.2,""sub_duration"":100.0,""_score"":58.76},""compression"":{""VC1_atr_ratio"":{""value"":0.4207705799812078,""score"":100},""VC2_range_contraction"":{""value"":0.970397027610419,""score"":4.933828731596831},""VC3_range_pct_rank"":{""score"":88.33333333333333},""_score"":63.81},""sr_quality"":{""SR1_touches"":{""value"":2,""score"":25.0},""SR2_tightness"":{""value"":0.06999999999999318,""score"":97.63406178478677},""SR3_recency"":{""value"":235,""score"":0.0},""SR4_price_location"":{""score"":97.8440076093847},""SR5_reaction"":{""value"":2.3701631048834897,""score"":100},""_score"":61.61,""_levels_found"":6,""_target_level"":221.15},""volume"":{""V1_rvol_day"":{""value"":0.6373969734290305,""score"":9.15979822860203},""V2_rvol_sameslot"":{""value"":1.4531984779778597,""score"":63.546565198523986,""status"":""ok""},""V3_breakout_bar"":{""value"":0.7039595344220961,""score"":13.59730229480641},""V4_base_dryup"":{""value"":0.5917660022111645,""score"":90.82339977888356},""V5_bo_expansion"":{""value"":0.6373969734290306,""score"":0},""_score"":36.11},""readiness"":{""_distance_atr"":1.021,""BR1_atr_distance"":{""score"":31.951110381479168},""BR2_compression"":{""score"":0},""BR3_retest"":{""score"":50.0},""BR4_bo_age"":{""score"":50.0},""_score"":30.28},""risk"":{""R1_stop_clarity"":{""score"":0},""R2_stop_distance_pct"":{""value"":2.5159344737080365,""score"":100.0},""R3_stop_distance_atr"":{""value"":0.9395667918843519,""score"":71.9783395942176},""R4_rr_potential"":{""value"":2.5827237094295525,""score"":79.13618547147763},""_score"":56.62},""market"":{""M1_spy_regime"":{""score"":100.0},""M3_earnings_risk"":{""value"":null,""score"":80.0},""M4_vix"":{""value"":null,""score"":60.0},""_score"":84.0},""liquidity"":{""L1_price"":{""value"":220.98,""score"":100.0},""L2_dollar_vol"":{""value"":207273075.95868826,""score"":100.0},""L3_spread_proxy"":{""value"":0.014797719250610833,""score"":85.20228074938916},""L4_volume_zscore"":{""value"":-1.408053543698586,""score"":100.0},""_score"":98.52},""pattern_structure"":{""top"":227.02,""top_touches"":4,""low_slope_per_bar"":0.299793961864407,""lowest_low"":218.7008,""structural_low"":218.7008,""current_price"":221.78,""neckline_distance_pct"":0.023627017765353094,""base_bars"":36},""pattern_geometry_features"":{""top_touches"":4.0,""low_slope"":0.299793961864407,""compression"":0.0011229998666311136,""atr_pct"":0.026777601075727613},""_schema_version"":""1.0""}",,,,,,,,,,
20260508T181321Z-e7d442,2026-05-08T18:13:21.400575+00:00,TTWO,cup_with_handle,forming,55.0,77.2,56.1,63.8,61.6,31.7,56.4,49.8,84.0,98.5,10.81,16.82,5.1,7.39,4.12,4.51,2.49,4.2,4.93,True,risk_unclear,220.98,221.22,203.3532,247.12,"{""trend"":{""T1_ema_stack"":{""value"":[true,true,false],""score"":66.66666666666666},""T2_ema50_slope"":{""value"":0.10586084015325714,""score"":67.6434733588762},""T3_high_proximity"":{""value"":0.9813482547295497,""score"":90.67412736477482},""T4_rs_1m"":{""value"":0.031355905396258654,""score"":81.35590539625866},""T5_rs_3m"":{""value"":0.06220644327635183,""score"":81.10322163817591},""T6_adr_healthy"":{""value"":2.669457013666442,""score"":100.0},""_score"":77.23},""geometry"":{""sub_cup_depth"":41.3,""sub_cup_duration"":100.0,""sub_rim_symmetry"":28.0,""sub_handle_shallowness"":44.4,""sub_handle_proportion"":79.3,""sub_u_shape"":69.4,""_score"":56.08},""compression"":{""VC1_atr_ratio"":{""value"":0.4207705799812078,""score"":100},""VC2_range_contraction"":{""value"":0.970397027610419,""score"":4.933828731596831},""VC3_range_pct_rank"":{""score"":88.33333333333333},""_score"":63.81},""sr_quality"":{""SR1_touches"":{""value"":2,""score"":25.0},""SR2_tightness"":{""value"":0.06999999999999318,""score"":97.63406178478677},""SR3_recency"":{""value"":235,""score"":0.0},""SR4_price_location"":{""score"":97.8440076093847},""SR5_reaction"":{""value"":2.3701631048834897,""score"":100},""_score"":61.61,""_levels_found"":6,""_target_level"":221.15},""volume"":{""V1_rvol_day"":{""value"":0.6373969734290305,""score"":9.15979822860203},""V2_rvol_sameslot"":{""value"":1.4531984779778597,""score"":63.546565198523986,""status"":""ok""},""V3_breakout_bar"":{""value"":0.7039595344220961,""score"":13.59730229480641},""V4_base_dryup"":{""value"":0.8104910777476944,""score"":68.95089222523056},""V5_bo_expansion"":{""value"":0.6373969734290306,""score"":0},""_score"":31.73},""readiness"":{""_distance_atr"":0.041,""BR1_atr_distance"":{""score"":97.2960706111845},""BR2_compression"":{""score"":0},""BR3_retest"":{""score"":50.0},""BR4_bo_age"":{""score"":50.0},""_score"":56.42},""risk"":{""R1_stop_clarity"":{""score"":0},""R2_stop_distance_pct"":{""value"":7.976626844058293,""score"":100.0},""R3_stop_distance_atr"":{""value"":2.9788429596438553,""score"":100.0},""R4_rr_potential"":{""value"":1.4829733217978351,""score"":24.14866608989176},""_score"":49.83},""market"":{""M1_spy_regime"":{""score"":100.0},""M3_earnings_risk"":{""value"":null,""score"":80.0},""M4_vix"":{""value"":null,""score"":60.0},""_score"":84.0},""liquidity"":{""L1_price"":{""value"":220.98,""score"":100.0},""L2_dollar_vol"":{""value"":207273075.95868826,""score"":100.0},""L3_spread_proxy"":{""value"":0.014797719250610833,""score"":85.20228074938916},""L4_volume_zscore"":{""value"":-1.408053543698586,""score"":100.0},""_score"":98.52},""pattern_structure"":{""left_rim"":213.53,""left_rim_idx"":118,""cup_bottom"":187.63,""cup_bottom_idx"":150,""right_rim"":221.22,""right_rim_idx"":167,""handle_low"":206.45,""handle_bars"":12,""cup_bars"":49,""structural_low"":206.45,""current_price"":220.98,""neckline_distance_pct"":0.0010860711376595579,""base_bars"":61},""pattern_geometry_features"":{""cup_depth_pct"":0.12129443169578048,""rim_symmetry_pct"":0.03601367489345758,""handle_depth_pct"":0.0667661151794594,""handle_to_cup_ratio"":0.24489795918367346,""cup_duration_bars"":49.0,""atr_pct"":0.026777601075727613,""u_shape_score"":0.3469387755102041},""_schema_version"":""1.0""}",,,,,,,,,,
20260508T181321Z-e7d442,2026-05-08T18:13:21.400575+00:00,HQY,vcp,absent,55.0,49.9,49.6,82.0,73.4,22.8,35.5,57.4,84.0,87.0,7.49,12.41,9.84,8.81,2.97,2.49,2.87,5.04,4.35,True,risk_unclear,82.85,85.3,78.1696,90.05,"{""trend"":{""T1_ema_stack"":{""value"":[true,true,false],""score"":66.66666666666666},""T2_ema50_slope"":{""value"":0.019643333538624373,""score"":53.27388892310406},""T3_high_proximity"":{""value"":0.9596895633036024,""score"":79.8447816518012},""T4_rs_1m"":{""value"":-0.10045619248684268,""score"":0},""T5_rs_3m"":{""value"":-0.02481170912378161,""score"":37.594145438109194},""T6_adr_healthy"":{""value"":3.3817191721233972,""score"":100.0},""_score"":49.94},""geometry"":{""sub_contraction_count"":100.0,""sub_reduction_rate"":0,""sub_pivot_tightness"":43.4,""sub_volume_dryup"":49.9,""sub_base_depth"":6.5,""sub_base_duration"":100.0,""_score"":49.64},""compression"":{""VC1_atr_ratio"":{""value"":0.24955872973494042,""score"":100},""VC2_range_contraction"":{""value"":0.6828552075519195,""score"":52.85746540801342},""VC3_range_pct_rank"":{""score"":94.16666666666667},""_score"":82.04},""sr_quality"":{""SR1_touches"":{""value"":5,""score"":100},""SR2_tightness"":{""value"":0.8029719795858378,""score"":45.98328453367164},""SR3_recency"":{""value"":253,""score"":0.0},""SR4_price_location"":{""score"":86.03252699193634},""SR5_reaction"":{""value"":2.1968685356788464,""score"":100},""_score"":73.41,""_levels_found"":8,""_target_level"":83.361},""volume"":{""V1_rvol_day"":{""value"":0.3723230544716052,""score"":0},""V2_rvol_sameslot"":{""value"":0.9109832734561519,""score"":27.398884897076798,""status"":""ok""},""V3_breakout_bar"":{""value"":0.9334219941876875,""score"":28.894799612512497},""V4_base_dryup"":{""value"":0.9931226741895683,""score"":50.687732581043164},""V5_bo_expansion"":{""value"":0.3723230544716052,""score"":0},""_score"":22.84},""readiness"":{""_distance_atr"":0.824,""BR1_atr_distance"":{""score"":45.062029453479255},""BR2_compression"":{""score"":0},""BR3_retest"":{""score"":50.0},""BR4_bo_age"":{""score"":50.0},""_score"":35.52},""risk"":{""R1_stop_clarity"":{""score"":19.920620238475877},""R2_stop_distance_pct"":{""value"":5.649245624622803,""score"":100.0},""R3_stop_distance_atr"":{""value"":1.5742755755873565,""score"":100.0},""R4_rr_potential"":{""value"":1.5383300572600667,""score"":26.916502863003334},""_score"":57.36},""market"":{""M1_spy_regime"":{""score"":100.0},""M3_earnings_risk"":{""value"":null,""score"":80.0},""M4_vix"":{""value"":null,""score"":60.0},""_score"":84.0},""liquidity"":{""L1_price"":{""value"":82.85,""score"":100.0},""L2_dollar_vol"":{""value"":26760734.65334595,""score"":71.37490158990651},""L3_spread_proxy"":{""value"":0.015691007845504062,""score"":84.30899215449594},""L4_volume_zscore"":{""value"":-2.0491343464034553,""score"":100.0},""_score"":86.98},""pattern_structure"":{""n_contractions"":5,""contractions_pct"":[10.83,5.17,10.7,12.51,6.96],""descending_strict"":false,""final_low"":79.36,""final_pivot"":85.3,""structural_low"":79.36,""dry_up_ratio"":0.7503611715348977,""current_price"":82.85,""neckline_distance_pct"":0.029571514785757428,""base_bars"":39},""pattern_geometry_features"":{""contraction_count"":5.0,""first_contraction_pct"":0.10831054571394602,""last_contraction_pct"":0.06963657678780771,""dry_up_ratio"":0.7503611715348977,""near_monotone"":0.0,""base_depth_pct"":0.05647366543811675},""_schema_version"":""1.0""}",,,,,,,,,,
20260508T181321Z-e7d442,2026-05-08T18:13:21.400575+00:00,AIR,double_bottom,forming,55.0,62.0,54.6,64.1,55.8,46.5,58.5,47.3,84.0,86.8,9.31,13.64,5.13,7.82,6.05,4.68,2.84,5.04,4.34,True,risk_unclear,121.0,121.59,110.0639,131.44,"{""trend"":{""T1_ema_stack"":{""value"":[true,true,true],""score"":100.0},""T2_ema50_slope"":{""value"":0.0700638691444331,""score"":61.67731152407218},""T3_high_proximity"":{""value"":0.960393682038257,""score"":80.1968410191285},""T4_rs_1m"":{""value"":-0.10100291232227065,""score"":0},""T5_rs_3m"":{""value"":0.0023383728378165713,""score"":51.16918641890828},""T6_adr_healthy"":{""value"":3.698288281861147,""score"":100.0},""_score"":62.04},""geometry"":{""sub_low_similarity"":1.8,""sub_bounce_quality"":83.1,""sub_separation_fit"":100.0,""sub_right_bottom_reaction"":16.0,""sub_base_context"":100.0,""_score"":54.56},""compression"":{""VC1_atr_ratio"":{""value"":0.4967554934803733,""score"":100},""VC2_range_contraction"":{""value"":0.8364916984532189,""score"":27.251383591130185},""VC3_range_pct_rank"":{""score"":58.33333333333333},""_score"":64.12},""sr_quality"":{""SR1_touches"":{""value"":2,""score"":25.0},""SR2_tightness"":{""value"":0.6649999999999991,""score"":71.71721467727707},""SR3_recency"":{""value"":254,""score"":0.0},""SR4_price_location"":{""score"":90.29378951283},""SR5_reaction"":{""value"":4.241354535802329,""score"":100},""_score"":55.83,""_levels_found"":5,""_target_level"":122.305},""volume"":{""V1_rvol_day"":{""value"":0.722122082359239,""score"":14.808138823949268},""V2_rvol_sameslot"":{""value"":2.0307261729905624,""score"":100,""status"":""ok""},""V3_breakout_bar"":{""value"":1.2396985154207394,""score"":49.31323436138263},""V4_base_dryup"":{""value"":0.9373494349687925,""score"":56.265056503120746},""V5_bo_expansion"":{""value"":0.7221220823592392,""score"":0},""_score"":46.54},""readiness"":{""_distance_atr"":0.125,""BR1_atr_distance"":{""score"":91.63566749854303},""BR2_compression"":{""score"":17.240594973803667},""BR3_retest"":{""score"":50.0},""BR4_bo_age"":{""score"":50.0},""_score"":58.46},""risk"":{""R1_stop_clarity"":{""score"":28.71462183546447},""R2_stop_distance_pct"":{""value"":9.038099173553729,""score"":74.04752066115678},""R3_stop_distance_atr"":{""value"":2.325589237352113,""score"":100.0},""R4_rr_potential"":{""value"":0.9546364791836202,""score"":0.0},""_score"":47.26},""market"":{""M1_spy_regime"":{""score"":100.0},""M3_earnings_risk"":{""value"":null,""score"":80.0},""M4_vix"":{""value"":null,""score"":60.0},""_score"":84.0},""liquidity"":{""L1_price"":{""value"":121.0,""score"":100.0},""L2_dollar_vol"":{""value"":31142879.894159,""score"":74.6679385431249},""L3_spread_proxy"":{""value"":0.030661157024793453,""score"":69.33884297520655},""L4_volume_zscore"":{""value"":-1.1324123745117411,""score"":100.0},""_score"":86.8},""pattern_structure"":{""left_low"":111.74,""left_idx"":63,""right_low"":117.3622,""right_idx"":75,""separation_bars"":12,""structural_low"":111.74,""current_price"":121.21,""neckline_distance_pct"":0.0031350548634601905,""base_bars"":12},""pattern_geometry_features"":{""low_similarity_pct"":0.04908027945606814,""bounce_pct"":0.08815106497225711,""right_bottom_reaction"":0.16014506585226235,""atr_pct"":0.03886369539551359},""_schema_version"":""1.0""}",,,,,,,,,,
20260508T181321Z-e7d442,2026-05-08T18:13:21.400575+00:00,XEL,breakout_retest_hold,setup,54.95,50.1,71.8,47.9,42.4,22.5,63.5,36.6,84.0,98.0,7.01,15.79,2.88,5.94,2.92,11.44,1.83,4.2,2.94,True,risk_unclear,79.925,79.76,78.799,80.09,"{""trend"":{""T1_ema_stack"":{""value"":[false,true,true],""score"":66.66666666666666},""T2_ema50_slope"":{""value"":0.01689072829187441,""score"":52.81512138197907},""T3_high_proximity"":{""value"":0.9525086402097486,""score"":76.25432010487427},""T4_rs_1m"":{""value"":-0.11879529546430034,""score"":0},""T5_rs_3m"":{""value"":-0.014575616288569737,""score"":42.71219185571513},""T6_adr_healthy"":{""value"":2.037850691924474,""score"":100.0},""_score"":50.07},""geometry"":{""sub_retest_depth"":100.0,""sub_retest_timing"":0.0,""sub_retest_freshness"":100.0,""sub_hold_quality"":72.6,""_score"":71.78},""compression"":{""VC1_atr_ratio"":{""value"":0.5914285510189613,""score"":100},""VC2_range_contraction"":{""value"":1.0355864022826333,""score"":0},""VC3_range_pct_rank"":{""score"":31.666666666666664},""_score"":47.92},""sr_quality"":{""SR1_touches"":{""value"":2,""score"":25.0},""SR2_tightness"":{""value"":0.4024999999999963,""score"":52.797788574300995},""SR3_recency"":{""value"":263,""score"":0.0},""SR4_price_location"":{""score"":68.54942233632862},""SR5_reaction"":{""value"":1.3178505612330342,""score"":65.89252806165172},""_score"":42.44,""_levels_found"":8,""_target_level"":80.5375},""volume"":{""V1_rvol_day"":{""value"":0.362528590715841,""score"":0},""V2_rvol_sameslot"":{""value"":0.9913936047595256,""score"":32.75957365063504,""status"":""ok""},""V3_breakout_bar"":{""value"":0.6599761276999269,""score"":10.665075179995124},""V4_base_dryup"":{""value"":0.8369243339344298,""score"":66.30756660655703},""V5_bo_expansion"":{""value"":0.362528590715841,""score"":0},""_score"":22.48},""readiness"":{""_distance_atr"":-0.097,""BR1_atr_distance"":{""score"":100.0},""BR2_compression"":{""score"":0},""BR3_retest"":{""score"":95.16250628245919},""BR4_bo_age"":{""score"":30.0},""_score"":63.53},""risk"":{""R1_stop_clarity"":{""score"":6.656893952085227},""R2_stop_distance_pct"":{""value"":1.4087582108226502,""score"":85.21895527056625},""R3_stop_distance_atr"":{""value"":0.6602152789411979,""score"":58.01076394705989},""R4_rr_potential"":{""value"":0.14654291931259825,""score"":0.0},""_score"":36.6},""market"":{""M1_spy_regime"":{""score"":100.0},""M3_earnings_risk"":{""value"":null,""score"":80.0},""M4_vix"":{""value"":null,""score"":60.0},""_score"":84.0},""liquidity"":{""L1_price"":{""value"":79.925,""score"":100.0},""L2_dollar_vol"":{""value"":140430365.20343646,""score"":100.0},""L3_spread_proxy"":{""value"":0.019831091648420493,""score"":80.1689083515795},""L4_volume_zscore"":{""value"":-1.9739025799261563,""score"":100.0},""_score"":98.02},""pattern_structure"":{""level"":79.76,""level_idx"":22,""breakout_idx"":40,""bo_peak_idx"":46,""bo_peak_price"":83.85,""retest_idx"":77,""retest_low"":79.595,""structural_low"":79.595,""current_price"":79.75,""neckline_distance_pct"":0.00012539184952984472,""base_bars"":57,""bars_since_breakout"":39},""pattern_geometry_features"":{""retest_depth_atr"":0.318401102687815,""bars_breakout_to_retest"":37.0,""bars_since_retest"":2.0,""current_above_level_atr"":-0.019297036526543382,""bo_peak_excess_pct"":0.05127883650952845,""atr_pct"":0.021337861387908313},""_schema_version"":""1.0""}",,,,,,,,,,
20260508T181321Z-e7d442,2026-05-08T18:13:21.400575+00:00,RBRK,inverse_head_shoulders,forming,54.77,82.9,53.9,67.5,43.9,21.5,48.6,39.1,84.0,94.6,9.95,15.1,5.4,6.14,3.01,3.89,2.34,4.2,4.73,False,,61.48,62.47,54.6773,69.43,"{""trend"":{""T1_ema_stack"":{""value"":[true,true,false],""score"":66.66666666666666},""T2_ema50_slope"":{""value"":0.03667598383367818,""score"":56.1126639722797},""T3_high_proximity"":{""value"":0.9998373719303951,""score"":99.91868596519754},""T4_rs_1m"":{""value"":0.24688931805797365,""score"":100},""T5_rs_3m"":{""value"":0.13623195027188495,""score"":100},""T6_adr_healthy"":{""value"":5.003567799766712,""score"":100.0},""_score"":82.88},""geometry"":{""sub_head_depth"":60.9,""sub_shoulder_price_sym"":37.8,""sub_shoulder_time_sym"":0,""sub_right_shoulder_reaction"":77.1,""sub_base_context"":100.0,""_score"":53.94},""compression"":{""VC1_atr_ratio"":{""value"":0.4563692576092533,""score"":100},""VC2_range_contraction"":{""value"":0.6891565500856793,""score"":51.80724165238678},""VC3_range_pct_rank"":{""score"":37.5},""_score"":67.51},""sr_quality"":{""SR1_touches"":{""value"":2,""score"":25.0},""SR2_tightness"":{""value"":0.11020000000000252,""score"":92.57417760268368},""SR3_recency"":{""value"":263,""score"":0.0},""SR4_price_location"":{""score"":30.0},""SR5_reaction"":{""value"":2.2456711180849207,""score"":100},""_score"":43.89,""_levels_found"":3,""_target_level"":58.0502},""volume"":{""V1_rvol_day"":{""value"":0.5238748498351404,""score"":1.5916566556760288},""V2_rvol_sameslot"":{""value"":0.872152504425285,""score"":24.810166961685667,""status"":""ok""},""V3_breakout_bar"":{""value"":0.511522678651477,""score"":0.7681785767651366},""V4_base_dryup"":{""value"":0.6980023616601169,""score"":80.19976383398831},""V5_bo_expansion"":{""value"":0.5238748498351404,""score"":0},""_score"":21.51},""readiness"":{""_distance_atr"":0.334,""BR1_atr_distance"":{""score"":77.7629637829915},""BR2_compression"":{""score"":0},""BR3_retest"":{""score"":50.0},""BR4_bo_age"":{""score"":50.0},""_score"":48.61},""risk"":{""R1_stop_clarity"":{""score"":43.89191452699362},""R2_stop_distance_pct"":{""value"":11.064817826935588,""score"":23.379554326610297},""R3_stop_distance_atr"":{""value"":2.2919814306307957,""score"":100.0},""R4_rr_potential"":{""value"":1.1686622125201223,""score"":8.433110626006112},""_score"":39.06},""market"":{""M1_spy_regime"":{""score"":100.0},""M3_earnings_risk"":{""value"":null,""score"":80.0},""M4_vix"":{""value"":null,""score"":60.0},""_score"":84.0},""liquidity"":{""L1_price"":{""value"":61.48,""score"":100.0},""L2_dollar_vol"":{""value"":96739237.98364028,""score"":99.28013310610355},""L3_spread_proxy"":{""value"":0.05156148340923881,""score"":48.43851659076119},""L4_volume_zscore"":{""value"":-1.7595848857994487,""score"":100.0},""_score"":94.56},""pattern_structure"":{""left_shoulder"":56.44,""left_shoulder_idx"":78,""head"":55.51,""head_idx"":84,""right_shoulder"":59.32,""right_shoulder_idx"":96,""left_to_head_bars"":6,""head_to_right_bars"":12,""structural_low"":55.51,""current_price"":62.14,""neckline_distance_pct"":0.005310588992597333,""base_bars"":18},""pattern_geometry_features"":{""head_depth_pct"":0.04094678645473389,""shoulder_price_asymmetry"":0.04975812024879065,""shoulder_time_asymmetry"":0.5,""right_shoulder_reaction"":0.7711187632793607,""atr_pct"":0.048276210614369354},""_schema_version"":""1.0""}",,,,,,,,,,
20260508T181321Z-e7d442,2026-05-08T18:13:21.400575+00:00,HQY,ascending_triangle,absent,54.74,49.9,45.6,82.0,73.4,23.2,40.0,56.7,84.0,87.0,7.49,12.77,6.56,10.28,2.78,3.2,2.27,5.04,4.35,True,risk_unclear,82.85,84.805,79.7456,88.65,"{""trend"":{""T1_ema_stack"":{""value"":[true,true,false],""score"":66.66666666666666},""T2_ema50_slope"":{""value"":0.019643333538624373,""score"":53.27388892310406},""T3_high_proximity"":{""value"":0.9596895633036024,""score"":79.8447816518012},""T4_rs_1m"":{""value"":-0.10045619248684268,""score"":0},""T5_rs_3m"":{""value"":-0.02481170912378161,""score"":37.594145438109194},""T6_adr_healthy"":{""value"":3.3817191721233972,""score"":100.0},""_score"":49.94},""geometry"":{""sub_flat_top_quality"":33.3,""sub_hl_slope"":31.9,""sub_compression"":44.2,""sub_duration"":100.0,""_score"":45.61},""compression"":{""VC1_atr_ratio"":{""value"":0.24955872973494042,""score"":100},""VC2_range_contraction"":{""value"":0.6828552075519195,""score"":52.85746540801342},""VC3_range_pct_rank"":{""score"":94.16666666666667},""_score"":82.04},""sr_quality"":{""SR1_touches"":{""value"":5,""score"":100},""SR2_tightness"":{""value"":0.8029719795858378,""score"":45.98328453367164},""SR3_recency"":{""value"":253,""score"":0.0},""SR4_price_location"":{""score"":86.03252699193634},""SR5_reaction"":{""value"":2.1968685356788464,""score"":100},""_score"":73.41,""_levels_found"":8,""_target_level"":83.361},""volume"":{""V1_rvol_day"":{""value"":0.3723230544716052,""score"":0},""V2_rvol_sameslot"":{""value"":0.9109832734561519,""score"":27.398884897076798,""status"":""ok""},""V3_breakout_bar"":{""value"":0.9334219941876875,""score"":28.894799612512497},""V4_base_dryup"":{""value"":0.9761643187859433,""score"":52.383568121405666},""V5_bo_expansion"":{""value"":0.3723230544716052,""score"":0},""_score"":23.18},""readiness"":{""_distance_atr"":0.658,""BR1_atr_distance"":{""score"":56.16174187002097},""BR2_compression"":{""score"":0},""BR3_retest"":{""score"":50.0},""BR4_bo_age"":{""score"":50.0},""_score"":39.96},""risk"":{""R1_stop_clarity"":{""score"":18.306116614251536},""R2_stop_distance_pct"":{""value"":3.747012673506335,""score"":100.0},""R3_stop_distance_atr"":{""value"":1.0441802189670533,""score"":77.20901094835267},""R4_rr_potential"":{""value"":1.8683159386677068,""score"":43.415796933385344},""_score"":56.67},""market"":{""M1_spy_regime"":{""score"":100.0},""M3_earnings_risk"":{""value"":null,""score"":80.0},""M4_vix"":{""value"":null,""score"":60.0},""_score"":84.0},""liquidity"":{""L1_price"":{""value"":82.85,""score"":100.0},""L2_dollar_vol"":{""value"":26760734.65334595,""score"":71.37490158990651},""L3_spread_proxy"":{""value"":0.015691007845504062,""score"":84.30899215449594},""L4_volume_zscore"":{""value"":-2.0491343464034553,""score"":100.0},""_score"":86.98},""pattern_structure"":{""top"":84.805,""top_touches"":2,""low_slope_per_bar"":0.07743023255813855,""lowest_low"":80.96,""structural_low"":80.96,""current_price"":82.7,""neckline_distance_pct"":0.025453446191052043,""base_bars"":37},""pattern_geometry_features"":{""top_touches"":2.0,""low_slope"":0.07743023255813855,""compression"":0.22091193818728172,""atr_pct"":0.03588473144236573},""_schema_version"":""1.0""}",,,,,,,,,,
20260508T181321Z-e7d442,2026-05-08T18:13:21.400575+00:00,NTSK,double_bottom,retest_hold,54.69,48.2,67.4,51.3,56.6,23.4,57.5,32.6,84.0,79.5,7.23,16.84,4.1,7.92,3.04,4.6,1.96,5.04,3.97,False,,11.615,11.59,10.1757,12.8493,"{""trend"":{""T1_ema_stack"":{""value"":[true,false,false],""score"":33.33333333333333},""T2_ema50_slope"":{""value"":-0.181003811743077,""score"":19.832698042820496},""T3_high_proximity"":{""value"":0.9450772986167617,""score"":72.53864930838083},""T4_rs_1m"":{""value"":0.2868875693440709,""score"":100},""T5_rs_3m"":{""value"":-0.10049517826974697,""score"":0},""T6_adr_healthy"":{""value"":5.570957319819821,""score"":100.0},""_score"":48.18},""geometry"":{""sub_low_similarity"":14.9,""sub_bounce_quality"":100,""sub_separation_fit"":100.0,""sub_right_bottom_reaction"":52.6,""sub_base_context"":100.0,""_score"":67.36},""compression"":{""VC1_atr_ratio"":{""value"":0.4126870759734947,""score"":100},""VC2_range_contraction"":{""value"":0.9070177389875665,""score"":15.497043502072245},""VC3_range_pct_rank"":{""score"":23.33333333333333},""_score"":51.26},""sr_quality"":{""SR1_touches"":{""value"":2,""score"":25.0},""SR2_tightness"":{""value"":0.03500000000000014,""score"":88.78076702919286},""SR3_recency"":{""value"":91,""score"":0.0},""SR4_price_location"":{""score"":82.99595141700405},""SR5_reaction"":{""value"":4.0108757870635365,""score"":100},""_score"":56.57,""_levels_found"":5,""_target_level"":11.965},""volume"":{""V1_rvol_day"":{""value"":0.5435783412494807,""score"":2.905222749965379},""V2_rvol_sameslot"":{""value"":0.9571122037680168,""score"":30.474146917867785,""status"":""ok""},""V3_breakout_bar"":{""value"":0.6226095384094378,""score"":8.173969227295853},""V4_base_dryup"":{""value"":0.7685977500118347,""score"":73.14022499881654},""V5_bo_expansion"":{""value"":0.5435783412494808,""score"":0},""_score"":23.35},""readiness"":{""_distance_atr"":-0.04,""BR1_atr_distance"":{""score"":100.0},""BR2_compression"":{""score"":0},""BR3_retest"":{""score"":50.0},""BR4_bo_age"":{""score"":50.0},""_score"":57.5},""risk"":{""R1_stop_clarity"":{""score"":50.327487120778606},""R2_stop_distance_pct"":{""value"":12.391394748170466,""score"":0.0},""R3_stop_distance_atr"":{""value"":2.3067712650257577,""score"":100.0},""R4_rr_potential"":{""value"":0.8575931876126661,""score"":0.0},""_score"":32.61},""market"":{""M1_spy_regime"":{""score"":100.0},""M3_earnings_risk"":{""value"":null,""score"":80.0},""M4_vix"":{""value"":null,""score"":60.0},""_score"":84.0},""liquidity"":{""L1_price"":{""value"":11.615,""score"":100.0},""L2_dollar_vol"":{""value"":23848728.036685705,""score"":68.87326105270701},""L3_spread_proxy"":{""value"":0.08092983211364625,""score"":19.070167886353744},""L4_volume_zscore"":{""value"":-1.3742484125495158,""score"":100.0},""_score"":79.46},""pattern_structure"":{""left_low"":10.3307,""left_idx"":52,""right_low"":10.78,""right_idx"":76,""separation_bars"":24,""structural_low"":10.3307,""current_price"":11.695,""neckline_distance_pct"":-0.008978195810175324,""base_bars"":24},""pattern_geometry_features"":{""low_similarity_pct"":0.04256609207652983,""bounce_pct"":0.12189880647003587,""right_bottom_reaction"":0.5258620689655198,""atr_pct"":0.0537174835495972},""_schema_version"":""1.0""}",,,,,,,,,,
20260508T181321Z-e7d442,2026-05-08T18:13:21.400575+00:00,AXON,breakout_retest_hold,breakout_confirmed,54.68,22.8,63.0,41.5,67.0,32.4,66.0,55.1,84.0,90.0,3.2,13.87,2.49,9.38,4.21,11.88,2.76,4.2,2.7,False,,394.76,387.68,388.7235,377.74,"{""trend"":{""T1_ema_stack"":{""value"":[false,false,false],""score"":0.0},""T2_ema50_slope"":{""value"":-0.5205710664041892,""score"":0},""T3_high_proximity"":{""value"":0.6816902381322419,""score"":0},""T4_rs_1m"":{""value"":0.03919303525601414,""score"":89.19303525601414},""T5_rs_3m"":{""value"":-0.1145397677012967,""score"":0},""T6_adr_healthy"":{""value"":5.195079075366403,""score"":100.0},""_score"":22.84},""geometry"":{""sub_retest_depth"":6.8,""sub_retest_timing"":80.0,""sub_retest_freshness"":75.0,""sub_hold_quality"":100.0,""_score"":63.04},""compression"":{""VC1_atr_ratio"":{""value"":0.5144443446868552,""score"":100},""VC2_range_contraction"":{""value"":1.0772046374143471,""score"":0},""VC3_range_pct_rank"":{""score"":5.833333333333335},""_score"":41.46},""sr_quality"":{""SR1_touches"":{""value"":5,""score"":100},""SR2_tightness"":{""value"":3.271657638812473,""score"":71.18027274050777},""SR3_recency"":{""value"":228,""score"":0.0},""SR4_price_location"":{""score"":45.2594102716721},""SR5_reaction"":{""value"":2.883050373418997,""score"":100},""_score"":66.99,""_levels_found"":5,""_target_level"":414.6621},""volume"":{""V1_rvol_day"":{""value"":0.9386023688059397,""score"":29.24015792039598},""V2_rvol_sameslot"":{""value"":1.574694621753046,""score"":71.64630811686973,""status"":""ok""},""V3_breakout_bar"":{""value"":0.4952007848525648,""score"":0},""V4_base_dryup"":{""value"":0.888003771790016,""score"":61.1996228209984},""V5_bo_expansion"":{""value"":0.9386023688059397,""score"":0},""_score"":32.42},""readiness"":{""_distance_atr"":-0.312,""BR1_atr_distance"":{""score"":100.0},""BR2_compression"":{""score"":0},""BR3_retest"":{""score"":100},""BR4_bo_age"":{""score"":40},""_score"":66.0},""risk"":{""R1_stop_clarity"":{""score"":65.41182740457222},""R2_stop_distance_pct"":{""value"":1.529156956125238,""score"":88.22892390313095},""R3_stop_distance_atr"":{""value"":0.2658748298386612,""score"":38.293741491933055},""R4_rr_potential"":{""value"":-2.8195146193986504,""score"":0.0},""_score"":55.11},""market"":{""M1_spy_regime"":{""score"":100.0},""M3_earnings_risk"":{""value"":null,""score"":80.0},""M4_vix"":{""value"":null,""score"":60.0},""_score"":84.0},""liquidity"":{""L1_price"":{""value"":394.76,""score"":100.0},""L2_dollar_vol"":{""value"":426931383.62080306,""score"":100.0},""L3_spread_proxy"":{""value"":0.10183402573715673,""score"":0},""L4_volume_zscore"":{""value"":-0.13537306681093844,""score"":100.0},""_score"":90.0},""pattern_structure"":{""level"":387.68,""level_idx"":64,""breakout_idx"":70,""bo_peak_idx"":71,""bo_peak_price"":438.97,""retest_idx"":79,""retest_low"":392.65,""structural_low"":392.65,""current_price"":394.21,""neckline_distance_pct"":-0.016564775119859904,""base_bars"":15,""bars_since_breakout"":9},""pattern_geometry_features"":{""retest_depth_atr"":-0.352626785749578,""bars_breakout_to_retest"":9.0,""bars_since_retest"":0.0,""current_above_level_atr"":0.46331044485809825,""bo_peak_excess_pct"":0.13229983491539418,""atr_pct"":0.057514167740254495},""_schema_version"":""1.0""}",,,,,,,,,,
20260508T181321Z-e7d442,2026-05-08T18:13:21.400575+00:00,CTRE,cup_with_handle,breakout_confirmed,54.66,66.3,72.3,48.5,39.2,11.7,30.6,49.0,84.0,90.0,9.28,21.68,3.88,4.71,1.51,2.45,2.45,4.2,4.5,True,risk_unclear,41.34,40.0,38.218,45.71,"{""trend"":{""T1_ema_stack"":{""value"":[true,true,true],""score"":100.0},""T2_ema50_slope"":{""value"":0.03540315434449725,""score"":55.900525724082875},""T3_high_proximity"":{""value"":1.0,""score"":99.99999999999997},""T4_rs_1m"":{""value"":-0.03571669784301057,""score"":14.283302156989429},""T5_rs_3m"":{""value"":-0.0032392869810766722,""score"":48.38035650946166},""T6_adr_healthy"":{""value"":2.22060905227137,""score"":100.0},""_score"":66.29},""geometry"":{""sub_cup_depth"":58.1,""sub_cup_duration"":100.0,""sub_rim_symmetry"":34.2,""sub_handle_shallowness"":75.0,""sub_handle_proportion"":100.0,""sub_u_shape"":92.0,""_score"":72.26},""compression"":{""VC1_atr_ratio"":{""value"":0.5416342398799379,""score"":100},""VC2_range_contraction"":{""value"":0.8901960352606437,""score"":18.300660789892714},""VC3_range_pct_rank"":{""score"":8.333333333333337},""_score"":48.49},""sr_quality"":{""SR1_touches"":{""value"":2,""score"":25.0},""SR2_tightness"":{""value"":0.19000000000000128,""score"":61.44843728486828},""SR3_recency"":{""value"":262,""score"":0.0},""SR4_price_location"":{""score"":30.0},""SR5_reaction"":{""value"":3.591382421356983,""score"":100},""_score"":39.22,""_levels_found"":5,""_target_level"":41.17},""volume"":{""V1_rvol_day"":{""value"":0.6108003044403891,""score"":7.386686962692608},""V2_rvol_sameslot"":{""value"":1.1684159851227347,""score"":44.56106567484898,""status"":""ok""},""V3_breakout_bar"":{""value"":0.5590385762812315,""score"":3.9359050854154365},""V4_base_dryup"":{""value"":1.4860300445321206,""score"":1.3969955467879345},""V5_bo_expansion"":{""value"":0.6108003044403891,""score"":0},""_score"":11.65},""readiness"":{""_distance_atr"":-1.359,""BR1_atr_distance"":{""score"":32.81100313774932},""BR2_compression"":{""score"":0},""BR3_retest"":{""score"":50.0},""BR4_bo_age"":{""score"":50.0},""_score"":30.62},""risk"":{""R1_stop_clarity"":{""score"":0},""R2_stop_distance_pct"":{""value"":7.552007740687003,""score"":100.0},""R3_stop_distance_atr"":{""value"":3.167315231490545,""score"":100.0},""R4_rr_potential"":{""value"":1.3997437540038398,""score"":19.98718770019199},""_score"":49.0},""market"":{""M1_spy_regime"":{""score"":100.0},""M3_earnings_risk"":{""value"":null,""score"":80.0},""M4_vix"":{""value"":null,""score"":60.0},""_score"":84.0},""liquidity"":{""L1_price"":{""value"":41.34,""score"":100.0},""L2_dollar_vol"":{""value"":45951630.0576294,""score"":83.11504609348108},""L3_spread_proxy"":{""value"":0.03289791969037251,""score"":67.1020803096275},""L4_volume_zscore"":{""value"":-1.3378009886569011,""score"":100.0},""_score"":89.96},""pattern_structure"":{""left_rim"":41.36,""left_rim_idx"":122,""cup_bottom"":35.65,""cup_bottom_idx"":145,""right_rim"":40.0,""right_rim_idx"":172,""handle_low"":38.8,""handle_bars"":7,""cup_bars"":50,""structural_low"":38.8,""current_price"":41.34,""neckline_distance_pct"":-0.032414126753749474,""base_bars"":57},""pattern_geometry_features"":{""cup_depth_pct"":0.1380560928433269,""rim_symmetry_pct"":0.032882011605415845,""handle_depth_pct"":0.030000000000000072,""handle_to_cup_ratio"":0.14,""cup_duration_bars"":50.0,""atr_pct"":0.023843562098279092,""u_shape_score"":0.46},""_schema_version"":""1.0""}",,,,,,,,,,
20260508T181321Z-e7d442,2026-05-08T18:13:21.400575+00:00,HQY,double_bottom,absent,54.5,49.9,44.0,82.0,73.4,24.4,40.0,56.8,84.0,87.0,7.49,11.0,6.56,10.28,3.17,3.2,3.41,5.04,4.35,True,risk_unclear,82.85,84.805,79.46,88.94,"{""trend"":{""T1_ema_stack"":{""value"":[true,true,false],""score"":66.66666666666666},""T2_ema50_slope"":{""value"":0.019643333538624373,""score"":53.27388892310406},""T3_high_proximity"":{""value"":0.9596895633036024,""score"":79.8447816518012},""T4_rs_1m"":{""value"":-0.10045619248684268,""score"":0},""T5_rs_3m"":{""value"":-0.02481170912378161,""score"":37.594145438109194},""T6_adr_healthy"":{""value"":3.3817191721233972,""score"":100.0},""_score"":49.94},""geometry"":{""sub_low_similarity"":46.4,""sub_bounce_quality"":30.4,""sub_separation_fit"":26.7,""sub_right_bottom_reaction"":0,""sub_base_context"":100.0,""_score"":44.0},""compression"":{""VC1_atr_ratio"":{""value"":0.24955872973494042,""score"":100},""VC2_range_contraction"":{""value"":0.6828552075519195,""score"":52.85746540801342},""VC3_range_pct_rank"":{""score"":94.16666666666667},""_score"":82.04},""sr_quality"":{""SR1_touches"":{""value"":5,""score"":100},""SR2_tightness"":{""value"":0.8029719795858378,""score"":45.98328453367164},""SR3_recency"":{""value"":253,""score"":0.0},""SR4_price_location"":{""score"":86.03252699193634},""SR5_reaction"":{""value"":2.1968685356788464,""score"":100},""_score"":73.41,""_levels_found"":8,""_target_level"":83.361},""volume"":{""V1_rvol_day"":{""value"":0.3723230544716052,""score"":0},""V2_rvol_sameslot"":{""value"":0.9109832734561519,""score"":27.398884897076798,""status"":""ok""},""V3_breakout_bar"":{""value"":0.9334219941876875,""score"":28.894799612512497},""V4_base_dryup"":{""value"":0.9141649724915104,""score"":58.58350275084896},""V5_bo_expansion"":{""value"":0.3723230544716052,""score"":0},""_score"":24.42},""readiness"":{""_distance_atr"":0.658,""BR1_atr_distance"":{""score"":56.16174187002097},""BR2_compression"":{""score"":0},""BR3_retest"":{""score"":50.0},""BR4_bo_age"":{""score"":50.0},""_score"":39.96},""risk"":{""R1_stop_clarity"":{""score"":18.598745396142334},""R2_stop_distance_pct"":{""value"":4.091792395896183,""score"":100.0},""R3_stop_distance_atr"":{""value"":1.1402600023544802,""score"":82.013000117724},""R4_rr_potential"":{""value"":1.796433680919172,""score"":39.821684045958605},""_score"":56.78},""market"":{""M1_spy_regime"":{""score"":100.0},""M3_earnings_risk"":{""value"":null,""score"":80.0},""M4_vix"":{""value"":null,""score"":60.0},""_score"":84.0},""liquidity"":{""L1_price"":{""value"":82.85,""score"":100.0},""L2_dollar_vol"":{""value"":26760734.65334595,""score"":71.37490158990651},""L3_spread_proxy"":{""value"":0.015691007845504062,""score"":84.30899215449594},""L4_volume_zscore"":{""value"":-2.0491343464034553,""score"":100.0},""_score"":86.98},""pattern_structure"":{""left_low"":80.67,""left_idx"":30,""right_low"":82.86,""right_idx"":71,""separation_bars"":41,""structural_low"":80.67,""current_price"":82.7,""neckline_distance_pct"":0.025453446191052043,""base_bars"":41},""pattern_geometry_features"":{""low_similarity_pct"":0.026784076316272217,""bounce_pct"":0.05125821247055913,""right_bottom_reaction"":0.0,""atr_pct"":0.03588473144236573},""_schema_version"":""1.0""}",,,,,,,,,,
20260508T181321Z-e7d442,2026-05-08T18:13:21.400575+00:00,ZS,double_bottom,breakout_failed,54.47,37.0,70.9,63.5,36.4,32.2,48.0,53.1,84.0,95.4,5.55,17.73,5.08,5.09,4.19,3.84,3.19,5.04,4.77,False,,150.825,153.46,136.8707,167.965,"{""trend"":{""T1_ema_stack"":{""value"":[true,false,false],""score"":33.33333333333333},""T2_ema50_slope"":{""value"":-0.4116052406918132,""score"":0},""T3_high_proximity"":{""value"":0.8486664415935178,""score"":24.33322079675887},""T4_rs_1m"":{""value"":0.14952126522060993,""score"":100},""T5_rs_3m"":{""value"":-0.16624334237510907,""score"":0},""T6_adr_healthy"":{""value"":4.293592177476767,""score"":100.0},""_score"":36.98},""geometry"":{""sub_low_similarity"":13.3,""sub_bounce_quality"":100,""sub_separation_fit"":100.0,""sub_right_bottom_reaction"":79.5,""sub_base_context"":100.0,""_score"":70.91},""compression"":{""VC1_atr_ratio"":{""value"":0.539194982526846,""score"":100},""VC2_range_contraction"":{""value"":0.7469956611314444,""score"":42.16738981142593},""VC3_range_pct_rank"":{""score"":35.0},""_score"":63.51},""sr_quality"":{""SR1_touches"":{""value"":2,""score"":25.0},""SR2_tightness"":{""value"":0.4864999999999924,""score"":86.79782903663519},""SR3_recency"":{""value"":258,""score"":0.0},""SR4_price_location"":{""score"":3.4248005680154403},""SR5_reaction"":{""value"":2.8037313432835864,""score"":100},""_score"":36.38,""_levels_found"":7,""_target_level"":162.3865},""volume"":{""V1_rvol_day"":{""value"":0.7777156421058984,""score"":18.514376140393228},""V2_rvol_sameslot"":{""value"":1.3782973677885744,""score"":58.55315785257162,""status"":""ok""},""V3_breakout_bar"":{""value"":0.6665535744975473,""score"":11.103571633169818},""V4_base_dryup"":{""value"":0.7987826033164094,""score"":70.12173966835906},""V5_bo_expansion"":{""value"":0.7777156421058984,""score"":0},""_score"":32.21},""readiness"":{""_distance_atr"":0.358,""BR1_atr_distance"":{""score"":76.1646313885118},""BR2_compression"":{""score"":0},""BR3_retest"":{""score"":50.0},""BR4_bo_age"":{""score"":50.0},""_score"":47.97},""risk"":{""R1_stop_clarity"":{""score"":43.4375848032562},""R2_stop_distance_pct"":{""value"":9.251997347919765,""score"":68.70006630200587},""R3_stop_distance_atr"":{""value"":1.8933955223880592,""score"":100.0},""R4_rr_potential"":{""value"":1.2282930202643292,""score"":11.41465101321646},""_score"":53.1},""market"":{""M1_spy_regime"":{""score"":100.0},""M3_earnings_risk"":{""value"":null,""score"":80.0},""M4_vix"":{""value"":null,""score"":60.0},""_score"":84.0},""liquidity"":{""L1_price"":{""value"":150.825,""score"":100.0},""L2_dollar_vol"":{""value"":300651239.78550696,""score"":100.0},""L3_spread_proxy"":{""value"":0.045980440908337306,""score"":54.01955909166269},""L4_volume_zscore"":{""value"":-0.8889077193779589,""score"":100.0},""_score"":95.4},""pattern_structure"":{""left_low"":138.955,""left_idx"":58,""right_low"":145.11,""right_idx"":76,""separation_bars"":18,""structural_low"":138.955,""current_price"":151.87,""neckline_distance_pct"":0.010469480476723535,""base_bars"":18},""pattern_geometry_features"":{""low_similarity_pct"":0.04333515216587753,""bounce_pct"":0.104386312115433,""right_bottom_reaction"":0.7947368421052622,""atr_pct"":0.0488645781534891},""_schema_version"":""1.0""}",,,,,,,,,,
20260508T181321Z-e7d442,2026-05-08T18:13:21.400575+00:00,QTWO,double_bottom,forming,54.29,40.1,67.9,42.4,63.9,23.3,28.0,77.2,84.0,80.3,6.01,16.98,3.39,8.95,3.03,2.24,4.63,5.04,4.01,False,,50.51,53.98,48.0483,59.18,"{""trend"":{""T1_ema_stack"":{""value"":[true,false,false],""score"":33.33333333333333},""T2_ema50_slope"":{""value"":-0.05524786847474689,""score"":40.79202192087552},""T3_high_proximity"":{""value"":0.8810395953253096,""score"":40.51979766265479},""T4_rs_1m"":{""value"":0.012666549072186006,""score"":62.66654907218601},""T5_rs_3m"":{""value"":-0.18177638582185418,""score"":0},""T6_adr_healthy"":{""value"":4.363236466732225,""score"":100.0},""_score"":40.1},""geometry"":{""sub_low_similarity"":91.4,""sub_bounce_quality"":100,""sub_separation_fit"":0.0,""sub_right_bottom_reaction"":96.7,""sub_base_context"":30.0,""_score"":67.92},""compression"":{""VC1_atr_ratio"":{""value"":0.6785398243188284,""score"":80.36504392029289},""VC2_range_contraction"":{""value"":1.1929621726470931,""score"":0},""VC3_range_pct_rank"":{""score"":40.833333333333336},""_score"":42.35},""sr_quality"":{""SR1_touches"":{""value"":3,""score"":50.0},""SR2_tightness"":{""value"":0.12970050972229244,""score"":90.88104609873675},""SR3_recency"":{""value"":245,""score"":0.0},""SR4_price_location"":{""score"":82.80647648419433},""SR5_reaction"":{""value"":1.9451816995564764,""score"":97.25908497782382},""_score"":63.92,""_levels_found"":7,""_target_level"":51.2533},""volume"":{""V1_rvol_day"":{""value"":0.32943624260278814,""score"":0},""V2_rvol_sameslot"":{""value"":0.7316378096200526,""score"":15.442520641336843,""status"":""ok""},""V3_breakout_bar"":{""value"":1.0765090966283684,""score"":38.43393977522456},""V4_base_dryup"":{""value"":0.9686431802219763,""score"":53.13568197780237},""V5_bo_expansion"":{""value"":0.32943624260278814,""score"":0},""_score"":23.32},""readiness"":{""_distance_atr"":1.22,""BR1_atr_distance"":{""score"":18.677343404084695},""BR2_compression"":{""score"":12.143107603533673},""BR3_retest"":{""score"":50.0},""BR4_bo_age"":{""score"":50.0},""_score"":28.01},""risk"":{""R1_stop_clarity"":{""score"":48.55580302775372},""R2_stop_distance_pct"":{""value"":4.873688378538904,""score"":100.0},""R3_stop_distance_atr"":{""value"":0.865383215023767,""score"":68.26916075118835},""R4_rr_potential"":{""value"":3.52195637161311,""score"":100.0},""_score"":77.23},""market"":{""M1_spy_regime"":{""score"":100.0},""M3_earnings_risk"":{""value"":null,""score"":80.0},""M4_vix"":{""value"":null,""score"":60.0},""_score"":84.0},""liquidity"":{""L1_price"":{""value"":50.51,""score"":100.0},""L2_dollar_vol"":{""value"":16105448.26709689,""score"":60.34864085771501},""L3_spread_proxy"":{""value"":0.03880221738269659,""score"":61.19778261730341},""L4_volume_zscore"":{""value"":-0.9714908305674066,""score"":100.0},""_score"":80.26},""pattern_structure"":{""left_low"":48.78,""left_idx"":27,""right_low"":48.9901,""right_idx"":76,""separation_bars"":49,""structural_low"":48.78,""current_price"":50.55,""neckline_distance_pct"":0.06785361028684471,""base_bars"":49},""pattern_geometry_features"":{""low_similarity_pct"":0.004297837477920082,""bounce_pct"":0.10660106601066002,""right_bottom_reaction"":0.9673895320397874,""atr_pct"":0.05631826795259776},""_schema_version"":""1.0""}",,,,,,,,,,
20260508T181321Z-e7d442,2026-05-08T18:13:21.400575+00:00,PRCH,ascending_triangle,forming,54.07,89.9,55.0,23.0,44.6,18.3,53.8,42.6,84.0,77.0,13.49,15.4,1.84,6.25,2.2,4.3,1.71,5.04,3.85,False,,11.02,11.53,8.796,14.13,"{""trend"":{""T1_ema_stack"":{""value"":[true,true,false],""score"":66.66666666666666},""T2_ema50_slope"":{""value"":0.3546723977665168,""score"":100},""T3_high_proximity"":{""value"":0.9769503546099291,""score"":88.47517730496452},""T4_rs_1m"":{""value"":0.48537763147049695,""score"":100},""T5_rs_3m"":{""value"":0.4523940806811273,""score"":100},""T6_adr_healthy"":{""value"":6.976955229299883,""score"":100.0},""_score"":89.94},""geometry"":{""sub_flat_top_quality"":33.3,""sub_hl_slope"":100,""sub_compression"":0,""sub_duration"":100.0,""_score"":54.99},""compression"":{""VC1_atr_ratio"":{""value"":0.9452420297192055,""score"":13.689492570198636},""VC2_range_contraction"":{""value"":1.2675811395987981,""score"":0},""VC3_range_pct_rank"":{""score"":70.0},""_score"":22.98},""sr_quality"":{""SR1_touches"":{""value"":2,""score"":25.0},""SR2_tightness"":{""value"":0.009999999999999787,""score"":97.57973895755904},""SR3_recency"":{""value"":230,""score"":0.0},""SR4_price_location"":{""score"":30.0},""SR5_reaction"":{""value"":2.377906474198289,""score"":100},""_score"":44.64,""_levels_found"":6,""_target_level"":10.84},""volume"":{""V1_rvol_day"":{""value"":0.44475328748024806,""score"":0},""V2_rvol_sameslot"":{""value"":0.8347059295967969,""score"":22.313728639786458,""status"":""ok""},""V3_breakout_bar"":{""value"":0.6787800387147956,""score"":11.918669247653042},""V4_base_dryup"":{""value"":0.9571906936202677,""score"":54.280930637973235},""V5_bo_expansion"":{""value"":0.44475328748024806,""score"":0},""_score"":18.3},""readiness"":{""_distance_atr"":0.617,""BR1_atr_distance"":{""score"":58.8555622785029},""BR2_compression"":{""score"":50.91709291645968},""BR3_retest"":{""score"":50.0},""BR4_bo_age"":{""score"":50.0},""_score"":53.77},""risk"":{""R1_stop_clarity"":{""score"":67.5806033365026},""R2_stop_distance_pct"":{""value"":20.181034482758626,""score"":0.0},""R3_stop_distance_atr"":{""value"":2.691269772668339,""score"":100.0},""R4_rr_potential"":{""value"":1.3984127340992374,""score"":19.92063670496187},""_score"":42.64},""market"":{""M1_spy_regime"":{""score"":100.0},""M3_earnings_risk"":{""value"":null,""score"":80.0},""M4_vix"":{""value"":null,""score"":60.0},""_score"":84.0},""liquidity"":{""L1_price"":{""value"":11.02,""score"":100.0},""L2_dollar_vol"":{""value"":11858600.370671319,""score"":53.701671689337836},""L3_spread_proxy"":{""value"":0.044464609800362834,""score"":55.53539019963716},""L4_volume_zscore"":{""value"":-0.9566377817426673,""score"":100.0},""_score"":77.03},""pattern_structure"":{""top"":11.53,""top_touches"":2,""low_slope_per_bar"":0.06364912926171203,""lowest_low"":8.93,""structural_low"":8.93,""current_price"":10.955,""neckline_distance_pct"":0.05248744865358277,""base_bars"":48},""pattern_geometry_features"":{""top_touches"":2.0,""low_slope"":0.06364912926171203,""compression"":-0.5488273647333601,""atr_pct"":0.0749870365569095},""_schema_version"":""1.0""}",,,,,,,,,,
20260508T181321Z-e7d442,2026-05-08T18:13:21.400575+00:00,AIR,vcp,absent,53.79,62.0,45.6,64.1,55.8,46.7,26.6,27.5,84.0,86.8,9.31,11.41,7.69,6.7,6.07,1.86,1.38,5.04,4.34,False,,121.0,127.21,103.2871,140.35,"{""trend"":{""T1_ema_stack"":{""value"":[true,true,true],""score"":100.0},""T2_ema50_slope"":{""value"":0.0700638691444331,""score"":61.67731152407218},""T3_high_proximity"":{""value"":0.960393682038257,""score"":80.1968410191285},""T4_rs_1m"":{""value"":-0.10100291232227065,""score"":0},""T5_rs_3m"":{""value"":0.0023383728378165713,""score"":51.16918641890828},""T6_adr_healthy"":{""value"":3.698288281861147,""score"":100.0},""_score"":62.04},""geometry"":{""sub_contraction_count"":100.0,""sub_reduction_rate"":0,""sub_pivot_tightness"":0,""sub_volume_dryup"":30.0,""sub_base_depth"":61.4,""sub_base_duration"":100.0,""_score"":45.64},""compression"":{""VC1_atr_ratio"":{""value"":0.4967554934803733,""score"":100},""VC2_range_contraction"":{""value"":0.8364916984532189,""score"":27.251383591130185},""VC3_range_pct_rank"":{""score"":58.33333333333333},""_score"":64.12},""sr_quality"":{""SR1_touches"":{""value"":2,""score"":25.0},""SR2_tightness"":{""value"":0.6649999999999991,""score"":71.71721467727707},""SR3_recency"":{""value"":254,""score"":0.0},""SR4_price_location"":{""score"":90.29378951283},""SR5_reaction"":{""value"":4.241354535802329,""score"":100},""_score"":55.83,""_levels_found"":5,""_target_level"":122.305},""volume"":{""V1_rvol_day"":{""value"":0.722122082359239,""score"":14.808138823949268},""V2_rvol_sameslot"":{""value"":2.0307261729905624,""score"":100,""status"":""ok""},""V3_breakout_bar"":{""value"":1.2396985154207394,""score"":49.31323436138263},""V4_base_dryup"":{""value"":0.9310297847865592,""score"":56.89702152134408},""V5_bo_expansion"":{""value"":0.7221220823592392,""score"":0},""_score"":46.67},""readiness"":{""_distance_atr"":1.321,""BR1_atr_distance"":{""score"":11.961856213478953},""BR2_compression"":{""score"":17.240594973803667},""BR3_retest"":{""score"":50.0},""BR4_bo_age"":{""score"":50.0},""_score"":26.59},""risk"":{""R1_stop_clarity"":{""score"":33.103769873517166},""R2_stop_distance_pct"":{""value"":14.638760330578515,""score"":0.0},""R3_stop_distance_atr"":{""value"":3.766692843179398,""score"":100.0},""R4_rr_potential"":{""value"":1.0924241654387474,""score"":4.6212082719373715},""_score"":27.51},""market"":{""M1_spy_regime"":{""score"":100.0},""M3_earnings_risk"":{""value"":null,""score"":80.0},""M4_vix"":{""value"":null,""score"":60.0},""_score"":84.0},""liquidity"":{""L1_price"":{""value"":121.0,""score"":100.0},""L2_dollar_vol"":{""value"":31142879.894159,""score"":74.6679385431249},""L3_spread_proxy"":{""value"":0.030661157024793453,""score"":69.33884297520655},""L4_volume_zscore"":{""value"":-1.1324123745117411,""score"":100.0},""_score"":86.8},""pattern_structure"":{""n_contractions"":5,""contractions_pct"":[5.38,15.77,8.44,16.84,17.57],""descending_strict"":false,""final_low"":104.86,""final_pivot"":127.21,""structural_low"":104.86,""dry_up_ratio"":0.8500599634141393,""current_price"":121.0,""neckline_distance_pct"":0.051322314049586724,""base_bars"":52},""pattern_geometry_features"":{""contraction_count"":5.0,""first_contraction_pct"":0.05381355932203385,""last_contraction_pct"":0.1756937347692791,""dry_up_ratio"":0.8500599634141393,""near_monotone"":0.0,""base_depth_pct"":0.11135593220338984},""_schema_version"":""1.0""}",,,,,,,,,,
20260508T181321Z-e7d442,2026-05-08T18:13:21.400575+00:00,V,double_bottom,forming,53.66,45.2,63.7,44.5,71.0,16.9,17.5,65.0,84.0,98.5,6.79,15.93,3.56,9.93,2.19,1.4,3.9,5.04,4.92,True,risk_unclear,319.59,341.98,304.2123,375.115,"{""trend"":{""T1_ema_stack"":{""value"":[true,true,false],""score"":66.66666666666666},""T2_ema50_slope"":{""value"":0.04656026180331358,""score"":57.760043633885594},""T3_high_proximity"":{""value"":0.9543988532521053,""score"":77.19942662605261},""T4_rs_1m"":{""value"":-0.0477691383365606,""score"":2.2308616634393985},""T5_rs_3m"":{""value"":-0.10376612198489599,""score"":0},""T6_adr_healthy"":{""value"":1.7442663509339331,""score"":100.0},""_score"":45.24},""geometry"":{""sub_low_similarity"":53.2,""sub_bounce_quality"":100,""sub_separation_fit"":0.0,""sub_right_bottom_reaction"":51.7,""sub_base_context"":100.0,""_score"":63.72},""compression"":{""VC1_atr_ratio"":{""value"":0.765075697226216,""score"":58.73107569344599},""VC2_range_contraction"":{""value"":0.9120337744073013,""score"":14.661037598783121},""VC3_range_pct_rank"":{""score"":63.33333333333333},""_score"":44.46},""sr_quality"":{""SR1_touches"":{""value"":8,""score"":100},""SR2_tightness"":{""value"":1.8443829422058655,""score"":52.87427806564382},""SR3_recency"":{""value"":238,""score"":0.0},""SR4_price_location"":{""score"":72.12048976053741},""SR5_reaction"":{""value"":2.0049504950495045,""score"":100},""_score"":70.96,""_levels_found"":7,""_target_level"":322.8062},""volume"":{""V1_rvol_day"":{""value"":0.43751609729718677,""score"":0},""V2_rvol_sameslot"":{""value"":0.7784928788209433,""score"":18.56619192139622,""status"":""ok""},""V3_breakout_bar"":{""value"":0.5407284238110676,""score"":2.715228254071171},""V4_base_dryup"":{""value"":0.8771611167788145,""score"":62.28388832211855},""V5_bo_expansion"":{""value"":0.4375160972971867,""score"":0},""_score"":16.85},""readiness"":{""_distance_atr"":2.86,""BR1_atr_distance"":{""score"":0},""BR2_compression"":{""score"":0},""BR3_retest"":{""score"":50.0},""BR4_bo_age"":{""score"":50.0},""_score"":17.5},""risk"":{""R1_stop_clarity"":{""score"":0},""R2_stop_distance_pct"":{""value"":4.811688413279501,""score"":100.0},""R3_stop_distance_atr"":{""value"":1.9645704247844074,""score"":100.0},""R4_rr_potential"":{""value"":3.6107539013537613,""score"":100.0},""_score"":65.0},""market"":{""M1_spy_regime"":{""score"":100.0},""M3_earnings_risk"":{""value"":null,""score"":80.0},""M4_vix"":{""value"":null,""score"":60.0},""_score"":84.0},""liquidity"":{""L1_price"":{""value"":319.59,""score"":100.0},""L2_dollar_vol"":{""value"":994776981.5614464,""score"":100.0},""L3_spread_proxy"":{""value"":0.015363434400325318,""score"":84.63656559967468},""L4_volume_zscore"":{""value"":-1.434283491789234,""score"":100.0},""_score"":98.46},""pattern_structure"":{""left_low"":308.845,""left_idx"":27,""right_low"":316.16,""right_idx"":76,""separation_bars"":49,""structural_low"":308.845,""current_price"":319.98,""neckline_distance_pct"":0.06875429714357147,""base_bars"":49},""pattern_geometry_features"":{""low_similarity_pct"":0.023407812737498087,""bounce_pct"":0.10728682672538001,""right_bottom_reaction"":0.5173116089612994,""atr_pct"":0.024492318282799845},""_schema_version"":""1.0""}",,,,,,,,,,
20260508T181321Z-e7d442,2026-05-08T18:13:21.400575+00:00,APP,vcp,absent,53.31,76.8,36.2,43.3,62.5,41.9,35.9,50.8,84.0,90.0,11.52,9.06,5.2,7.49,5.45,2.51,2.54,5.04,4.5,False,,469.46,491.99,423.7962,496.74,"{""trend"":{""T1_ema_stack"":{""value"":[true,true,false],""score"":66.66666666666666},""T2_ema50_slope"":{""value"":0.09186173908617908,""score"":65.31028984769651},""T3_high_proximity"":{""value"":0.9076426348046323,""score"":53.821317402316105},""T4_rs_1m"":{""value"":0.15380040924602034,""score"":100},""T5_rs_3m"":{""value"":0.08665253858828681,""score"":93.3262692941434},""T6_adr_healthy"":{""value"":5.410783132638418,""score"":100.0},""_score"":76.8},""geometry"":{""sub_contraction_count"":100.0,""sub_reduction_rate"":4.9,""sub_pivot_tightness"":0,""sub_volume_dryup"":0,""sub_base_depth"":0.0,""sub_base_duration"":100.0,""_score"":36.23},""compression"":{""VC1_atr_ratio"":{""value"":0.48406067524882496,""score"":100},""VC2_range_contraction"":{""value"":0.967800439766594,""score"":5.3665933722343295},""VC3_range_pct_rank"":{""score"":5.833333333333335},""_score"":43.34},""sr_quality"":{""SR1_touches"":{""value"":4,""score"":75.0},""SR2_tightness"":{""value"":7.3639166718533735,""score"":46.99709708143103},""SR3_recency"":{""value"":236,""score"":0.0},""SR4_price_location"":{""score"":71.59725934204769},""SR5_reaction"":{""value"":3.826991088793823,""score"":100},""_score"":62.45,""_levels_found"":6,""_target_level"":484.0725},""volume"":{""V1_rvol_day"":{""value"":1.2472693851175267,""score"":49.817959007835114},""V2_rvol_sameslot"":{""value"":1.6055473655657233,""score"":73.70315770438155,""status"":""ok""},""V3_breakout_bar"":{""value"":0.402832862774778,""score"":0},""V4_base_dryup"":{""value"":0.7621112885499763,""score"":73.78887114500236},""V5_bo_expansion"":{""value"":1.2472693851175267,""score"":16.484625674501782},""_score"":41.93},""readiness"":{""_distance_atr"":0.811,""BR1_atr_distance"":{""score"":45.945640254200406},""BR2_compression"":{""score"":0},""BR3_retest"":{""score"":50.0},""BR4_bo_age"":{""score"":50.0},""_score"":35.88},""risk"":{""R1_stop_clarity"":{""score"":53.54815922643749},""R2_stop_distance_pct"":{""value"":9.726867038725343,""score"":56.828324031866416},""R3_stop_distance_atr"":{""value"":1.6433587016260005,""score"":100.0},""R4_rr_potential"":{""value"":0.5974104185486306,""score"":0.0},""_score"":50.79},""market"":{""M1_spy_regime"":{""score"":100.0},""M3_earnings_risk"":{""value"":null,""score"":80.0},""M4_vix"":{""value"":null,""score"":60.0},""_score"":84.0},""liquidity"":{""L1_price"":{""value"":469.46,""score"":100.0},""L2_dollar_vol"":{""value"":2563034081.7439084,""score"":100.0},""L3_spread_proxy"":{""value"":0.101233331913262,""score"":0},""L4_volume_zscore"":{""value"":0.462409453535071,""score"":100.0},""_score"":90.0},""pattern_structure"":{""n_contractions"":5,""contractions_pct"":[15.71,20.06,22.49,18.88,12.55],""descending_strict"":false,""final_low"":430.25,""final_pivot"":491.99,""structural_low"":430.25,""dry_up_ratio"":1.0811521078454283,""current_price"":469.46,""neckline_distance_pct"":0.04799130916372008,""base_bars"":47},""pattern_geometry_features"":{""contraction_count"":5.0,""first_contraction_pct"":0.1570802298850575,""last_contraction_pct"":0.1254903554950304,""dry_up_ratio"":1.0811521078454283,""near_monotone"":0.0,""base_depth_pct"":0.010919540229885057},""_schema_version"":""1.0""}",,,,,,,,,,
20260508T181321Z-e7d442,2026-05-08T18:13:21.400575+00:00,INOD,double_bottom,breakout_confirmed,53.3,82.0,58.7,0.0,48.2,60.6,17.5,27.2,84.0,72.5,12.31,14.66,0.0,6.75,7.88,1.4,1.63,5.04,3.62,False,,83.605,47.98,43.0051,52.3,"{""trend"":{""T1_ema_stack"":{""value"":[true,true,false],""score"":66.66666666666666},""T2_ema50_slope"":{""value"":0.01108566673452347,""score"":51.84761112242058},""T3_high_proximity"":{""value"":1.0,""score"":99.99999999999997},""T4_rs_1m"":{""value"":1.2321467485638034,""score"":100},""T5_rs_3m"":{""value"":0.6891707144277126,""score"":100},""T6_adr_healthy"":{""value"":7.246744395750474,""score"":100.0},""_score"":82.04},""geometry"":{""sub_low_similarity"":4.3,""sub_bounce_quality"":98.5,""sub_separation_fit"":100.0,""sub_right_bottom_reaction"":17.8,""sub_base_context"":100.0,""_score"":58.66},""compression"":{""VC1_atr_ratio"":{""value"":1.417350165782113,""score"":0},""VC2_range_contraction"":{""value"":1.0485806937963946,""score"":0},""VC3_range_pct_rank"":{""score"":0.0},""_score"":0.0},""sr_quality"":{""SR1_touches"":{""value"":3,""score"":50.0},""SR2_tightness"":{""value"":0.8355038400071342,""score"":71.59206253258506},""SR3_recency"":{""value"":292,""score"":0.0},""SR4_price_location"":{""score"":30.0},""SR5_reaction"":{""value"":2.3585336591305883,""score"":100},""_score"":48.24,""_levels_found"":6,""_target_level"":65.99},""volume"":{""V1_rvol_day"":{""value"":8.882176448426987,""score"":100},""V2_rvol_sameslot"":{""value"":10.914243698181352,""score"":100,""status"":""ok""},""V3_breakout_bar"":{""value"":0.8372511644579674,""score"":22.483410963864493},""V4_base_dryup"":{""value"":2.526405573935058,""score"":0},""V5_bo_expansion"":{""value"":8.882176448426987,""score"":100},""_score"":60.62},""readiness"":{""_distance_atr"":-6.056,""BR1_atr_distance"":{""score"":0},""BR2_compression"":{""score"":0},""BR3_retest"":{""score"":50.0},""BR4_bo_age"":{""score"":50.0},""_score"":17.5},""risk"":{""R1_stop_clarity"":{""score"":77.7327675151665},""R2_stop_distance_pct"":{""value"":48.561569284133725,""score"":0.0},""R3_stop_distance_atr"":{""value"":6.902179051465831,""score"":0.0},""R4_rr_potential"":{""value"":-0.771061012465548,""score"":0.0},""_score"":27.21},""market"":{""M1_spy_regime"":{""score"":100.0},""M3_earnings_risk"":{""value"":null,""score"":80.0},""M4_vix"":{""value"":null,""score"":60.0},""_score"":84.0},""liquidity"":{""L1_price"":{""value"":83.605,""score"":100.0},""L2_dollar_vol"":{""value"":1380794499.0063345,""score"":100.0},""L3_spread_proxy"":{""value"":0.22821601578852937,""score"":0},""L4_volume_zscore"":{""value"":4.212437028575764,""score"":30.0},""_score"":72.5},""pattern_structure"":{""left_low"":43.66,""left_idx"":62,""right_low"":45.8,""right_idx"":73,""separation_bars"":11,""structural_low"":43.66,""current_price"":84.84,""neckline_distance_pct"":-0.43446487505893455,""base_bars"":11},""pattern_geometry_features"":{""low_similarity_pct"":0.047842611222892927,""bounce_pct"":0.0989464040311498,""right_bottom_reaction"":0.1783018867924525,""atr_pct"":0.0703568668996215},""_schema_version"":""1.0""}",,,,,,,,,,
20260508T181321Z-e7d442,2026-05-08T18:13:21.400575+00:00,WAY,breakout_retest_hold,setup,53.28,8.6,100.0,53.4,29.2,9.1,65.9,62.4,84.0,80.3,1.21,22.0,3.2,4.09,1.18,11.86,3.12,4.2,2.41,False,,21.15,20.8,20.3742,21.24,"{""trend"":{""T1_ema_stack"":{""value"":[false,false,false],""score"":0.0},""T2_ema50_slope"":{""value"":-0.19072171463444834,""score"":18.213047560925276},""T3_high_proximity"":{""value"":0.785369476420349,""score"":0},""T4_rs_1m"":{""value"":-0.11468428633557504,""score"":0},""T5_rs_3m"":{""value"":-0.19723554894850248,""score"":0},""T6_adr_healthy"":{""value"":5.158676763578489,""score"":100.0},""_score"":8.64},""geometry"":{""sub_retest_depth"":100.0,""sub_retest_timing"":100.0,""sub_retest_freshness"":100.0,""sub_hold_quality"":100.0,""_score"":100.0},""compression"":{""VC1_atr_ratio"":{""value"":0.6387765878436066,""score"":90.30585303909835},""VC2_range_contraction"":{""value"":1.0726099756673275,""score"":0},""VC3_range_pct_rank"":{""score"":69.16666666666667},""_score"":53.41},""sr_quality"":{""SR1_touches"":{""value"":2,""score"":25.0},""SR2_tightness"":{""value"":0.1899999999999995,""score"":71.87209203959061},""SR3_recency"":{""value"":250,""score"":0.0},""SR4_price_location"":{""score"":5.853051058530496},""SR5_reaction"":{""value"":1.2657558582184243,""score"":63.28779291092121},""_score"":29.24,""_levels_found"":6,""_target_level"":23.04},""volume"":{""V1_rvol_day"":{""value"":0.24661688706989154,""score"":0},""V2_rvol_sameslot"":{""value"":0.6423510365208439,""score"":9.490069101389594,""status"":""ok""},""V3_breakout_bar"":{""value"":0.5009696097900247,""score"":0.06464065266831298},""V4_base_dryup"":{""value"":1.1411130580067386,""score"":35.88869419932614},""V5_bo_expansion"":{""value"":0.24661688706989154,""score"":0},""_score"":9.09},""readiness"":{""_distance_atr"":-0.259,""BR1_atr_distance"":{""score"":100.0},""BR2_compression"":{""score"":0},""BR3_retest"":{""score"":91.85771085356559},""BR4_bo_age"":{""score"":50},""_score"":65.87},""risk"":{""R1_stop_clarity"":{""score"":69.53303443025125},""R2_stop_distance_pct"":{""value"":3.6680851063829802,""score"":100.0},""R3_stop_distance_atr"":{""value"":0.5742534472548857,""score"":53.712672362744286},""R4_rr_potential"":{""value"":0.11600928074246833,""score"":0.0},""_score"":62.39},""market"":{""M1_spy_regime"":{""score"":100.0},""M3_earnings_risk"":{""value"":null,""score"":80.0},""M4_vix"":{""value"":null,""score"":60.0},""_score"":84.0},""liquidity"":{""L1_price"":{""value"":21.15,""score"":100.0},""L2_dollar_vol"":{""value"":14997663.216805948,""score"":58.8011798491026},""L3_spread_proxy"":{""value"":0.031678486997636014,""score"":68.32151300236399},""L4_volume_zscore"":{""value"":-1.3980403239692119,""score"":100.0},""_score"":80.35},""pattern_structure"":{""level"":20.8,""level_idx"":64,""breakout_idx"":71,""bo_peak_idx"":75,""bo_peak_price"":21.34,""retest_idx"":76,""retest_low"":20.58,""structural_low"":20.58,""current_price"":21.05,""neckline_distance_pct"":-0.011876484560570071,""base_bars"":15,""bars_since_breakout"":8},""pattern_geometry_features"":{""retest_depth_atr"":0.6806329002033132,""bars_breakout_to_retest"":5.0,""bars_since_retest"":3.0,""current_above_level_atr"":0.7734464775037565,""bo_peak_excess_pct"":0.02596153846153842,""atr_pct"":0.06387571766295169},""_schema_version"":""1.0""}",,,,,,,,,,
20260508T181321Z-e7d442,2026-05-08T18:13:21.400575+00:00,FROG,vcp,breakout_confirmed,53.03,91.6,45.5,9.3,53.4,68.3,17.5,22.3,84.0,82.5,13.74,11.38,1.11,6.41,8.88,1.23,1.12,5.04,4.12,False,,70.1246,47.55,42.286,66.02,"{""trend"":{""T1_ema_stack"":{""value"":[true,true,true],""score"":100.0},""T2_ema50_slope"":{""value"":0.04807873687377881,""score"":58.01312281229647},""T3_high_proximity"":{""value"":1.0,""score"":99.99999999999997},""T4_rs_1m"":{""value"":0.49282852365823104,""score"":100},""T5_rs_3m"":{""value"":0.3936276710124462,""score"":100},""T6_adr_healthy"":{""value"":5.431960726583308,""score"":100.0},""_score"":91.6},""geometry"":{""sub_contraction_count"":100.0,""sub_reduction_rate"":0,""sub_pivot_tightness"":4.0,""sub_volume_dryup"":0,""sub_base_depth"":99.2,""sub_base_duration"":100.0,""_score"":45.52},""compression"":{""VC1_atr_ratio"":{""value"":0.9505069088066209,""score"":12.37327279834477},""VC2_range_contraction"":{""value"":0.9327247066668973,""score"":11.212548888850446},""VC3_range_pct_rank"":{""score"":1.6666666666666718},""_score"":9.29},""sr_quality"":{""SR1_touches"":{""value"":4,""score"":75.0},""SR2_tightness"":{""value"":0.7849363031482243,""score"":55.84486893390199},""SR3_recency"":{""value"":293,""score"":0.0},""SR4_price_location"":{""score"":30.0},""SR5_reaction"":{""value"":2.0912104470115507,""score"":100},""_score"":53.38,""_levels_found"":5,""_target_level"":62.735},""volume"":{""V1_rvol_day"":{""value"":2.400277170964634,""score"":100},""V2_rvol_sameslot"":{""value"":6.014526171729233,""score"":100,""status"":""ok""},""V3_breakout_bar"":{""value"":1.3599359144518337,""score"":57.32906096345558},""V4_base_dryup"":{""value"":1.6066588642299462,""score"":0},""V5_bo_expansion"":{""value"":2.400277170964634,""score"":93.35181139764227},""_score"":68.34},""readiness"":{""_distance_atr"":-6.349,""BR1_atr_distance"":{""score"":0},""BR2_compression"":{""score"":0},""BR3_retest"":{""score"":50.0},""BR4_bo_age"":{""score"":50.0},""_score"":17.5},""risk"":{""R1_stop_clarity"":{""score"":63.77579105976875},""R2_stop_distance_pct"":{""value"":39.69869346848325,""score"":0.0},""R3_stop_distance_atr"":{""value"":7.830029131089906,""score"":0.0},""R4_rr_potential"":{""value"":-0.14744302415176092,""score"":0.0},""_score"":22.32},""market"":{""M1_spy_regime"":{""score"":100.0},""M3_earnings_risk"":{""value"":null,""score"":80.0},""M4_vix"":{""value"":null,""score"":60.0},""_score"":84.0},""liquidity"":{""L1_price"":{""value"":70.1246,""score"":100.0},""L2_dollar_vol"":{""value"":436036207.98631084,""score"":100.0},""L3_spread_proxy"":{""value"":0.13618473403056847,""score"":0},""L4_volume_zscore"":{""value"":2.5405251365686716,""score"":70.0},""_score"":82.5},""pattern_structure"":{""n_contractions"":5,""contractions_pct"":[25.52,34.32,4.24,20.96,9.72],""descending_strict"":false,""final_low"":42.93,""final_pivot"":47.55,""structural_low"":42.93,""dry_up_ratio"":1.1222238025922193,""current_price"":70.1246,""neckline_distance_pct"":-0.3219212658610531,""base_bars"":59},""pattern_geometry_features"":{""contraction_count"":5.0,""first_contraction_pct"":0.25521172638436485,""last_contraction_pct"":0.09716088328075705,""dry_up_ratio"":1.1222238025922193,""near_monotone"":0.0,""base_depth_pct"":0.300814332247557},""_schema_version"":""1.0""}",,,,,,,,,,
20260508T181321Z-e7d442,2026-05-08T18:13:21.400575+00:00,STEP,bull_flag,absent,52.93,62.0,44.2,50.6,52.6,41.5,48.1,67.5,84.0,79.2,8.68,13.28,4.56,5.26,5.8,4.33,2.03,5.04,3.96,False,,55.325,56.225,51.8209,62.39,"{""trend"":{""T1_ema_stack"":{""value"":[true,true,false],""score"":66.66666666666666},""T2_ema50_slope"":{""value"":0.11968676530904494,""score"":69.94779421817415},""T3_high_proximity"":{""value"":0.88449240607514,""score"":42.246203037569984},""T4_rs_1m"":{""value"":0.10741247743899218,""score"":100},""T5_rs_3m"":{""value"":-0.181413383678956,""score"":0},""T6_adr_healthy"":{""value"":4.697012971667387,""score"":100.0},""_score"":61.99},""geometry"":{""sub_pole_impulse"":42.0,""sub_flag_tightness"":26.6,""sub_flag_shallowness"":0,""sub_flag_drift"":100,""sub_flag_duration"":100.0,""_score"":44.25},""compression"":{""VC1_atr_ratio"":{""value"":0.4353688594322625,""score"":100},""VC2_range_contraction"":{""value"":0.9174641500407227,""score"":13.755974993212888},""VC3_range_pct_rank"":{""score"":23.33333333333333},""_score"":50.65},""sr_quality"":{""SR1_touches"":{""value"":2,""score"":25.0},""SR2_tightness"":{""value"":0.3299999999999983,""score"":74.03940167001959},""SR3_recency"":{""value"":236,""score"":0.0},""SR4_price_location"":{""score"":76.00584400988988},""SR5_reaction"":{""value"":3.5902327463166266,""score"":100},""_score"":52.61,""_levels_found"":5,""_target_level"":57.46},""volume"":{""V1_rvol_day"":{""value"":0.3576127286266332,""score"":0},""V2_rvol_sameslot"":{""value"":1.5009874306845676,""score"":66.73249537897118,""status"":""ok""},""V3_breakout_bar"":{""value"":1.3075861854109687,""score"":53.839079027397915},""V4_base_dryup"":{""value"":0.7674505558160226,""score"":73.25494441839774},""V5_bo_expansion"":{""value"":0.3576127286266332,""score"":0},""_score"":41.46},""readiness"":{""_distance_atr"":0.354,""BR1_atr_distance"":{""score"":76.39945606365409},""BR2_compression"":{""score"":0},""BR3_retest"":{""score"":50.0},""BR4_bo_age"":{""score"":50.0},""_score"":48.06},""risk"":{""R1_stop_clarity"":{""score"":37.918769175442016},""R2_stop_distance_pct"":{""value"":6.333755083596931,""score"":100.0},""R3_stop_distance_atr"":{""value"":1.3783307672424459,""score"":93.9165383621223},""R4_rr_potential"":{""value"":2.016180814177473,""score"":50.809040708873646},""_score"":67.52},""market"":{""M1_spy_regime"":{""score"":100.0},""M3_earnings_risk"":{""value"":null,""score"":80.0},""M4_vix"":{""value"":null,""score"":60.0},""_score"":84.0},""liquidity"":{""L1_price"":{""value"":55.325,""score"":100.0},""L2_dollar_vol"":{""value"":17139172.117498975,""score"":61.69949200688127},""L3_spread_proxy"":{""value"":0.05512878445549023,""score"":44.871215544509774},""L4_volume_zscore"":{""value"":-1.6901832702210202,""score"":100.0},""_score"":79.17},""pattern_structure"":{""pole_low"":50.06,""pole_low_idx"":20,""peak_price"":56.225,""peak_idx"":44,""pole_gain"":0.12315221733919295,""flag_bars"":15,""flag_low"":52.61,""flag_high"":55.66,""structural_low"":52.61,""current_price"":55.51,""neckline_distance_pct"":0.012880562060889991,""base_bars"":15},""pattern_geometry_features"":{""pole_gain"":0.12315221733919295,""pullback_pct"":0.06429524232992445,""flag_range_pct"":0.05424633170297905,""flag_drift_per_bar"":0.0007381231180997095,""atr_pct"":0.04595235943451037,""pole_atr_multiple"":2.679997694453644},""_schema_version"":""1.0""}",,,,,,,,,,
20260508T181321Z-e7d442,2026-05-08T18:13:21.400575+00:00,VNET,breakout_retest_hold,setup,52.82,26.8,67.6,50.6,57.1,15.7,64.5,57.8,84.0,80.7,3.75,14.87,3.04,8.0,2.04,11.61,2.89,4.2,2.42,False,,8.905,8.785,8.712,8.755,"{""trend"":{""T1_ema_stack"":{""value"":[true,false,true],""score"":66.66666666666666},""T2_ema50_slope"":{""value"":-0.26959759940282635,""score"":5.067066766195602},""T3_high_proximity"":{""value"":0.6347113328581611,""score"":0},""T4_rs_1m"":{""value"":-0.02932815160021507,""score"":20.67184839978493},""T5_rs_3m"":{""value"":-0.272516633604587,""score"":0},""T6_adr_healthy"":{""value"":4.482009510352373,""score"":100.0},""_score"":26.81},""geometry"":{""sub_retest_depth"":45.3,""sub_retest_timing"":20.0,""sub_retest_freshness"":100.0,""sub_hold_quality"":100.0,""_score"":67.59},""compression"":{""VC1_atr_ratio"":{""value"":0.2695220488926918,""score"":100},""VC2_range_contraction"":{""value"":0.9532642368927712,""score"":7.789293851204803},""VC3_range_pct_rank"":{""score"":31.666666666666664},""_score"":50.64},""sr_quality"":{""SR1_touches"":{""value"":5,""score"":100},""SR2_tightness"":{""value"":0.048332183894377864,""score"":77.5385701403721},""SR3_recency"":{""value"":233,""score"":0.0},""SR4_price_location"":{""score"":2.0508613617718225},""SR5_reaction"":{""value"":3.703249792531122,""score"":100},""_score"":57.14,""_levels_found"":6,""_target_level"":9.303},""volume"":{""V1_rvol_day"":{""value"":0.5133584397187827,""score"":0.8905626479188467},""V2_rvol_sameslot"":{""value"":0.6548646392533338,""score"":10.32430928355559,""status"":""ok""},""V3_breakout_bar"":{""value"":0.3717075799624312,""score"":0},""V4_base_dryup"":{""value"":0.8289603253359842,""score"":67.10396746640158},""V5_bo_expansion"":{""value"":0.5133584397187826,""score"":0},""_score"":15.66},""readiness"":{""_distance_atr"":-0.279,""BR1_atr_distance"":{""score"":100.0},""BR2_compression"":{""score"":0},""BR3_retest"":{""score"":100},""BR4_bo_age"":{""score"":30.0},""_score"":64.5},""risk"":{""R1_stop_clarity"":{""score"":59.10373443983355},""R2_stop_distance_pct"":{""value"":2.167321729365521,""score"":100.0},""R3_stop_distance_atr"":{""value"":0.4484647302904558,""score"":47.42323651452279},""R4_rr_potential"":{""value"":-0.7772020725388635,""score"":0.0},""_score"":57.8},""market"":{""M1_spy_regime"":{""score"":100.0},""M3_earnings_risk"":{""value"":null,""score"":80.0},""M4_vix"":{""value"":null,""score"":60.0},""_score"":84.0},""liquidity"":{""L1_price"":{""value"":8.905,""score"":99.4525},""L2_dollar_vol"":{""value"":22901683.212835565,""score"":67.993370150143},""L3_spread_proxy"":{""value"":0.06400898371701275,""score"":35.99101628298726},""L4_volume_zscore"":{""value"":-1.1674657678464395,""score"":100.0},""_score"":80.66},""pattern_structure"":{""level"":8.785,""level_idx"":58,""breakout_idx"":66,""bo_peak_idx"":76,""bo_peak_price"":9.37,""retest_idx"":78,""retest_low"":8.8,""structural_low"":8.8,""current_price"":8.9,""neckline_distance_pct"":-0.012921348314606765,""base_bars"":21,""bars_since_breakout"":13},""pattern_geometry_features"":{""retest_depth_atr"":-0.08287946957139801,""bars_breakout_to_retest"":12.0,""bars_since_retest"":1.0,""current_above_level_atr"":0.6354092667140285,""bo_peak_excess_pct"":0.06659077973818998,""atr_pct"":0.04832758482393516},""_schema_version"":""1.0""}",,,,,,,,,,
20260508T181321Z-e7d442,2026-05-08T18:13:21.400575+00:00,STEP,breakout_retest_hold,breakout_confirmed,52.76,62.0,50.0,50.6,52.6,44.6,39.5,63.8,84.0,79.2,8.68,11.0,3.04,7.37,5.8,7.11,3.19,4.2,2.38,False,,55.325,53.16,52.0839,54.26,"{""trend"":{""T1_ema_stack"":{""value"":[true,true,false],""score"":66.66666666666666},""T2_ema50_slope"":{""value"":0.11968676530904494,""score"":69.94779421817415},""T3_high_proximity"":{""value"":0.88449240607514,""score"":42.246203037569984},""T4_rs_1m"":{""value"":0.10741247743899218,""score"":100},""T5_rs_3m"":{""value"":-0.181413383678956,""score"":0},""T6_adr_healthy"":{""value"":4.697012971667387,""score"":100.0},""_score"":61.99},""geometry"":{""sub_retest_depth"":100.0,""sub_retest_timing"":0.0,""sub_retest_freshness"":100.0,""sub_hold_quality"":0.0,""_score"":50.0},""compression"":{""VC1_atr_ratio"":{""value"":0.4353688594322625,""score"":100},""VC2_range_contraction"":{""value"":0.9174641500407227,""score"":13.755974993212888},""VC3_range_pct_rank"":{""score"":23.33333333333333},""_score"":50.65},""sr_quality"":{""SR1_touches"":{""value"":2,""score"":25.0},""SR2_tightness"":{""value"":0.3299999999999983,""score"":74.03940167001959},""SR3_recency"":{""value"":236,""score"":0.0},""SR4_price_location"":{""score"":76.00584400988988},""SR5_reaction"":{""value"":3.5902327463166266,""score"":100},""_score"":52.61,""_levels_found"":5,""_target_level"":57.46},""volume"":{""V1_rvol_day"":{""value"":0.3576127286266332,""score"":0},""V2_rvol_sameslot"":{""value"":1.5009874306845676,""score"":66.73249537897118,""status"":""ok""},""V3_breakout_bar"":{""value"":1.3075861854109687,""score"":53.839079027397915},""V4_base_dryup"":{""value"":0.6096610849879204,""score"":89.03389150120796},""V5_bo_expansion"":{""value"":0.3576127286266332,""score"":0},""_score"":44.61},""readiness"":{""_distance_atr"":-0.852,""BR1_atr_distance"":{""score"":42.96827412593695},""BR2_compression"":{""score"":0},""BR3_retest"":{""score"":89.18308402917482},""BR4_bo_age"":{""score"":30.0},""_score"":39.52},""risk"":{""R1_stop_clarity"":{""score"":58.612512783628006},""R2_stop_distance_pct"":{""value"":5.85829191143245,""score"":100.0},""R3_stop_distance_atr"":{""value"":1.274862049201516,""score"":88.74310246007579},""R4_rr_potential"":{""value"":-0.32859214464225445,""score"":0.0},""_score"":63.83},""market"":{""M1_spy_regime"":{""score"":100.0},""M3_earnings_risk"":{""value"":null,""score"":80.0},""M4_vix"":{""value"":null,""score"":60.0},""_score"":84.0},""liquidity"":{""L1_price"":{""value"":55.325,""score"":100.0},""L2_dollar_vol"":{""value"":17139172.117498975,""score"":61.69949200688127},""L3_spread_proxy"":{""value"":0.05512878445549023,""score"":44.871215544509774},""L4_volume_zscore"":{""value"":-1.6901832702210202,""score"":100.0},""_score"":79.17},""pattern_structure"":{""level"":53.16,""level_idx"":42,""breakout_idx"":46,""bo_peak_idx"":64,""bo_peak_price"":56.225,""retest_idx"":76,""retest_low"":52.61,""structural_low"":52.61,""current_price"":55.51,""neckline_distance_pct"":-0.04233471446586203,""base_bars"":37,""bars_since_breakout"":33},""pattern_geometry_features"":{""retest_depth_atr"":0.7417102798732909,""bars_breakout_to_retest"":30.0,""bars_since_retest"":3.0,""current_above_level_atr"":3.169125741276807,""bo_peak_excess_pct"":0.05765613243039889,""atr_pct"":0.04595235943451037},""_schema_version"":""1.0""}",,,,,,,,,,
20260508T181321Z-e7d442,2026-05-08T18:13:21.400575+00:00,SNOW,vcp,forming,52.67,34.9,50.2,64.9,74.3,24.1,36.6,53.8,84.0,95.1,5.24,12.55,7.78,8.92,3.13,2.56,2.69,5.04,4.76,False,,150.165,156.7,132.2855,207.0,"{""trend"":{""T1_ema_stack"":{""value"":[true,false,false],""score"":33.33333333333333},""T2_ema50_slope"":{""value"":-0.47266436108898935,""score"":0},""T3_high_proximity"":{""value"":0.8212918398599868,""score"":10.645919929993363},""T4_rs_1m"":{""value"":0.05112606348480897,""score"":100},""T5_rs_3m"":{""value"":-0.17604859580168464,""score"":0},""T6_adr_healthy"":{""value"":4.826419627776736,""score"":100.0},""_score"":34.93},""geometry"":{""sub_contraction_count"":100.0,""sub_reduction_rate"":0,""sub_pivot_tightness"":0,""sub_volume_dryup"":34.8,""sub_base_depth"":100.0,""sub_base_duration"":100.0,""_score"":50.22},""compression"":{""VC1_atr_ratio"":{""value"":0.4874936476427356,""score"":100},""VC2_range_contraction"":{""value"":0.7274702817964833,""score"":45.42161970058611},""VC3_range_pct_rank"":{""score"":35.83333333333333},""_score"":64.86},""sr_quality"":{""SR1_touches"":{""value"":5,""score"":100},""SR2_tightness"":{""value"":1.0615912584417788,""score"":74.48925809072105},""SR3_recency"":{""value"":235,""score"":0.0},""SR4_price_location"":{""score"":72.507957009087},""SR5_reaction"":{""value"":3.617455873694835,""score"":100},""_score"":74.3,""_levels_found"":6,""_target_level"":156.423},""volume"":{""V1_rvol_day"":{""value"":0.5762594421862041,""score"":5.083962812413604},""V2_rvol_sameslot"":{""value"":1.262548694647453,""score"":50.836579643163525,""status"":""ok""},""V3_breakout_bar"":{""value"":0.6878584494957172,""score"":12.523896633047812},""V4_base_dryup"":{""value"":1.010027931027741,""score"":48.99720689722591},""V5_bo_expansion"":{""value"":0.5762594421862041,""score"":0},""_score"":24.11},""readiness"":{""_distance_atr"":0.785,""BR1_atr_distance"":{""score"":47.653205490205494},""BR2_compression"":{""score"":0},""BR3_retest"":{""score"":50.0},""BR4_bo_age"":{""score"":50.0},""_score"":36.56},""risk"":{""R1_stop_clarity"":{""score"":51.590229132372926},""R2_stop_distance_pct"":{""value"":11.906569440282343,""score"":2.33576399294142},""R3_stop_distance_atr"":{""value"":2.1482812068199006,""score"":100.0},""R4_rr_potential"":{""value"":3.17878016723063,""score"":100.0},""_score"":53.76},""market"":{""M1_spy_regime"":{""score"":100.0},""M3_earnings_risk"":{""value"":null,""score"":80.0},""M4_vix"":{""value"":null,""score"":60.0},""_score"":84.0},""liquidity"":{""L1_price"":{""value"":150.165,""score"":100.0},""L2_dollar_vol"":{""value"":654751066.4666389,""score"":100.0},""L3_spread_proxy"":{""value"":0.04887956581094132,""score"":51.12043418905868},""L4_volume_zscore"":{""value"":-1.021792755728442,""score"":100.0},""_score"":95.11},""pattern_structure"":{""n_contractions"":5,""contractions_pct"":[16.24,14.94,21.51,25.05,14.29],""descending_strict"":false,""final_low"":134.3,""final_pivot"":156.7,""structural_low"":134.3,""dry_up_ratio"":0.8258411010647927,""current_price"":150.165,""neckline_distance_pct"":0.04351879599107646,""base_bars"":44},""pattern_geometry_features"":{""contraction_count"":5.0,""first_contraction_pct"":0.16237811484290354,""last_contraction_pct"":0.14294830887045296,""dry_up_ratio"":0.8258411010647927,""near_monotone"":0.0,""base_depth_pct"":0.2724810400866738},""_schema_version"":""1.0""}",,,,,,,,,,
20260508T181321Z-e7d442,2026-05-08T18:13:21.400575+00:00,UEC,cup_with_handle,breakout_confirmed,52.61,66.3,57.4,52.3,49.8,18.4,37.1,38.2,84.0,89.5,9.29,17.23,4.18,5.97,2.39,2.97,1.91,4.2,4.47,False,,15.245,14.61,12.7755,17.565,"{""trend"":{""T1_ema_stack"":{""value"":[true,true,true],""score"":100.0},""T2_ema50_slope"":{""value"":0.11879611652121504,""score"":69.79935275353584},""T3_high_proximity"":{""value"":0.8915204678362572,""score"":45.760233918128556},""T4_rs_1m"":{""value"":0.02753913315059786,""score"":77.53913315059786},""T5_rs_3m"":{""value"":-0.12188631634120528,""score"":0},""T6_adr_healthy"":{""value"":6.764140546330302,""score"":100.0},""_score"":66.33},""geometry"":{""sub_cup_depth"":100.0,""sub_cup_duration"":84.0,""sub_rim_symmetry"":67.3,""sub_handle_shallowness"":6.5,""sub_handle_proportion"":65.1,""sub_u_shape"":23.8,""_score"":57.44},""compression"":{""VC1_atr_ratio"":{""value"":0.616820310025764,""score"":95.794922493559},""VC2_range_contraction"":{""value"":1.1143740624422172,""score"":0},""VC3_range_pct_rank"":{""score"":55.833333333333336},""_score"":52.28},""sr_quality"":{""SR1_touches"":{""value"":2,""score"":25.0},""SR2_tightness"":{""value"":0.21999999999999975,""score"":61.89156417807038},""SR3_recency"":{""value"":238,""score"":0.0},""SR4_price_location"":{""score"":83.97293863925084},""SR5_reaction"":{""value"":1.595790750043304,""score"":79.7895375021652},""_score"":49.75,""_levels_found"":5,""_target_level"":15.4},""volume"":{""V1_rvol_day"":{""value"":0.47259966254885577,""score"":0},""V2_rvol_sameslot"":{""value"":0.9462816798726782,""score"":29.75211199151188,""status"":""ok""},""V3_breakout_bar"":{""value"":0.5827534971799119,""score"":5.516899811994125},""V4_base_dryup"":{""value"":0.9487617964650386,""score"":55.12382035349614},""V5_bo_expansion"":{""value"":0.47259966254885577,""score"":0},""_score"":18.35},""readiness"":{""_distance_atr"":-0.55,""BR1_atr_distance"":{""score"":49.000519660488486},""BR2_compression"":{""score"":0},""BR3_retest"":{""score"":50.0},""BR4_bo_age"":{""score"":50.0},""_score"":37.1},""risk"":{""R1_stop_clarity"":{""score"":66.30001732201637},""R2_stop_distance_pct"":{""value"":16.199081666120026,""score"":0.0},""R3_stop_distance_atr"":{""value"":2.1388792655465076,""score"":100.0},""R4_rr_potential"":{""value"":0.9394424085359682,""score"":0.0},""_score"":38.21},""market"":{""M1_spy_regime"":{""score"":100.0},""M3_earnings_risk"":{""value"":null,""score"":80.0},""M4_vix"":{""value"":null,""score"":60.0},""_score"":84.0},""liquidity"":{""L1_price"":{""value"":15.245,""score"":100.0},""L2_dollar_vol"":{""value"":62752264.46662922,""score"":89.88147011531682},""L3_spread_proxy"":{""value"":0.06493932436864547,""score"":35.06067563135453},""L4_volume_zscore"":{""value"":-2.1823192885392255,""score"":100.0},""_score"":89.46},""pattern_structure"":{""left_rim"":14.375,""left_rim_idx"":73,""cup_bottom"":11.42,""cup_bottom_idx"":83,""right_rim"":14.61,""right_rim_idx"":157,""handle_low"":12.97,""handle_bars"":22,""cup_bars"":84,""structural_low"":12.97,""current_price"":15.245,""neckline_distance_pct"":-0.04165300098392914,""base_bars"":106},""pattern_geometry_features"":{""cup_depth_pct"":0.20556521739130434,""rim_symmetry_pct"":0.016347826086956483,""handle_depth_pct"":0.11225188227241607,""handle_to_cup_ratio"":0.2619047619047619,""cup_duration_bars"":84.0,""atr_pct"":0.07573630698589703,""u_shape_score"":0.11904761904761904},""_schema_version"":""1.0""}",,,,,,,,,,
20260508T181321Z-e7d442,2026-05-08T18:13:21.400575+00:00,RBRK,vcp,breakout_confirmed,52.59,82.9,46.2,67.5,43.9,14.9,28.1,31.1,84.0,94.6,12.43,11.56,8.1,5.27,1.94,1.97,1.56,5.04,4.73,False,,61.48,56.4999,49.1332,62.0435,"{""trend"":{""T1_ema_stack"":{""value"":[true,true,false],""score"":66.66666666666666},""T2_ema50_slope"":{""value"":0.03667598383367818,""score"":56.1126639722797},""T3_high_proximity"":{""value"":0.9998373719303951,""score"":99.91868596519754},""T4_rs_1m"":{""value"":0.24688931805797365,""score"":100},""T5_rs_3m"":{""value"":0.13623195027188495,""score"":100},""T6_adr_healthy"":{""value"":5.003567799766712,""score"":100.0},""_score"":82.88},""geometry"":{""sub_contraction_count"":100.0,""sub_reduction_rate"":0,""sub_pivot_tightness"":0,""sub_volume_dryup"":41.6,""sub_base_depth"":50.0,""sub_base_duration"":100.0,""_score"":46.24},""compression"":{""VC1_atr_ratio"":{""value"":0.4563692576092533,""score"":100},""VC2_range_contraction"":{""value"":0.6891565500856793,""score"":51.80724165238678},""VC3_range_pct_rank"":{""score"":37.5},""_score"":67.51},""sr_quality"":{""SR1_touches"":{""value"":2,""score"":25.0},""SR2_tightness"":{""value"":0.11020000000000252,""score"":92.57417760268368},""SR3_recency"":{""value"":263,""score"":0.0},""SR4_price_location"":{""score"":30.0},""SR5_reaction"":{""value"":2.2456711180849207,""score"":100},""_score"":43.89,""_levels_found"":3,""_target_level"":58.0502},""volume"":{""V1_rvol_day"":{""value"":0.5238748498351404,""score"":1.5916566556760288},""V2_rvol_sameslot"":{""value"":0.872152504425285,""score"":24.810166961685667,""status"":""ok""},""V3_breakout_bar"":{""value"":0.511522678651477,""score"":0.7681785767651366},""V4_base_dryup"":{""value"":1.0289631227552223,""score"":47.10368772447777},""V5_bo_expansion"":{""value"":0.5238748498351404,""score"":0},""_score"":14.89},""readiness"":{""_distance_atr"":-1.678,""BR1_atr_distance"":{""score"":26.441616950204917},""BR2_compression"":{""score"":0},""BR3_retest"":{""score"":50.0},""BR4_bo_age"":{""score"":50.0},""_score"":28.08},""risk"":{""R1_stop_clarity"":{""score"":49.58115916567788},""R2_stop_distance_pct"":{""value"":20.082662654521794,""score"":0.0},""R3_stop_distance_atr"":{""value"":4.159950086998795,""score"":92.00249565006024},""R4_rr_potential"":{""value"":0.045639278321115834,""score"":0.0},""_score"":31.15},""market"":{""M1_spy_regime"":{""score"":100.0},""M3_earnings_risk"":{""value"":null,""score"":80.0},""M4_vix"":{""value"":null,""score"":60.0},""_score"":84.0},""liquidity"":{""L1_price"":{""value"":61.48,""score"":100.0},""L2_dollar_vol"":{""value"":96739237.98364028,""score"":99.28013310610355},""L3_spread_proxy"":{""value"":0.05156148340923881,""score"":48.43851659076119},""L4_volume_zscore"":{""value"":-1.7595848857994487,""score"":100.0},""_score"":94.56},""pattern_structure"":{""n_contractions"":5,""contractions_pct"":[16.36,8.97,22.76,24.55,11.71],""descending_strict"":false,""final_low"":49.8814,""final_pivot"":56.4999,""structural_low"":49.8814,""dry_up_ratio"":0.7922234942428419,""current_price"":61.48,""neckline_distance_pct"":-0.08100357839947951,""base_bars"":43},""pattern_geometry_features"":{""contraction_count"":5.0,""first_contraction_pct"":0.16355435272891292,""last_contraction_pct"":0.11714180025097386,""dry_up_ratio"":0.7922234942428419,""near_monotone"":0.0,""base_depth_pct"":0.10001984663960303},""_schema_version"":""1.0""}",,,,,,,,,,
20260508T181321Z-e7d442,2026-05-08T18:13:21.400575+00:00,SNOW,double_bottom,absent,52.55,34.9,47.4,64.9,74.3,22.7,35.6,71.3,84.0,95.1,5.24,11.85,5.19,10.4,2.95,2.85,4.28,5.04,4.76,False,,150.165,157.0,139.3775,172.5,"{""trend"":{""T1_ema_stack"":{""value"":[true,false,false],""score"":33.33333333333333},""T2_ema50_slope"":{""value"":-0.47266436108898935,""score"":0},""T3_high_proximity"":{""value"":0.8212918398599868,""score"":10.645919929993363},""T4_rs_1m"":{""value"":0.05112606348480897,""score"":100},""T5_rs_3m"":{""value"":-0.17604859580168464,""score"":0},""T6_adr_healthy"":{""value"":4.826419627776736,""score"":100.0},""_score"":34.93},""geometry"":{""sub_low_similarity"":58.3,""sub_bounce_quality"":100,""sub_separation_fit"":0.0,""sub_right_bottom_reaction"":26.1,""sub_base_context"":30.0,""_score"":47.4},""compression"":{""VC1_atr_ratio"":{""value"":0.4874936476427356,""score"":100},""VC2_range_contraction"":{""value"":0.7274702817964833,""score"":45.42161970058611},""VC3_range_pct_rank"":{""score"":35.83333333333333},""_score"":64.86},""sr_quality"":{""SR1_touches"":{""value"":5,""score"":100},""SR2_tightness"":{""value"":1.0615912584417788,""score"":74.48925809072105},""SR3_recency"":{""value"":235,""score"":0.0},""SR4_price_location"":{""score"":72.507957009087},""SR5_reaction"":{""value"":3.617455873694835,""score"":100},""_score"":74.3,""_levels_found"":6,""_target_level"":156.423},""volume"":{""V1_rvol_day"":{""value"":0.5762594421862041,""score"":5.083962812413604},""V2_rvol_sameslot"":{""value"":1.262548694647453,""score"":50.836579643163525,""status"":""ok""},""V3_breakout_bar"":{""value"":0.6878584494957172,""score"":12.523896633047812},""V4_base_dryup"":{""value"":1.0810247819914356,""score"":41.89752180085644},""V5_bo_expansion"":{""value"":0.5762594421862041,""score"":0},""_score"":22.69},""readiness"":{""_distance_atr"":0.821,""BR1_atr_distance"":{""score"":45.25013917759052},""BR2_compression"":{""score"":0},""BR3_retest"":{""score"":50.0},""BR4_bo_age"":{""score"":50.0},""_score"":35.6},""risk"":{""R1_stop_clarity"":{""score"":48.994917514748735},""R2_stop_distance_pct"":{""value"":7.183764525688406,""score"":100.0},""R3_stop_distance_atr"":{""value"":1.2961538923666598,""score"":89.80769461833299},""R4_rr_potential"":{""value"":2.0704519119351117,""score"":53.522595596755586},""_score"":71.32},""market"":{""M1_spy_regime"":{""score"":100.0},""M3_earnings_risk"":{""value"":null,""score"":80.0},""M4_vix"":{""value"":null,""score"":60.0},""_score"":84.0},""liquidity"":{""L1_price"":{""value"":150.165,""score"":100.0},""L2_dollar_vol"":{""value"":654751066.4666389,""score"":100.0},""L3_spread_proxy"":{""value"":0.04887956581094132,""score"":51.12043418905868},""L4_volume_zscore"":{""value"":-1.021792755728442,""score"":100.0},""_score"":95.11},""pattern_structure"":{""left_low"":141.5,""left_idx"":29,""right_low"":144.48,""right_idx"":76,""separation_bars"":47,""structural_low"":141.5,""current_price"":151.59,""neckline_distance_pct"":0.035688369945247024,""base_bars"":47},""pattern_geometry_features"":{""low_similarity_pct"":0.02084061822505063,""bounce_pct"":0.10954063604240283,""right_bottom_reaction"":0.2608695652173904,""atr_pct"":0.05542370059601103},""_schema_version"":""1.0""}",,,,,,,,,,
20260508T181321Z-e7d442,2026-05-08T18:13:21.400575+00:00,ZS,high_tight_pullback,forming,52.51,37.0,57.5,63.5,36.4,27.1,48.0,74.4,84.0,95.4,4.44,20.14,6.35,2.91,3.8,4.32,0.74,5.04,4.77,False,,150.825,153.46,142.9334,173.18,"{""trend"":{""T1_ema_stack"":{""value"":[true,false,false],""score"":33.33333333333333},""T2_ema50_slope"":{""value"":-0.4116052406918132,""score"":0},""T3_high_proximity"":{""value"":0.8486664415935178,""score"":24.33322079675887},""T4_rs_1m"":{""value"":0.14952126522060993,""score"":100},""T5_rs_3m"":{""value"":-0.16624334237510907,""score"":0},""T6_adr_healthy"":{""value"":4.293592177476767,""score"":100.0},""_score"":36.98},""geometry"":{""sub_pole_impulse"":50.4,""sub_flag_tightness"":48.7,""sub_flag_shallowness"":26.2,""sub_flag_drift"":100,""sub_flag_duration"":100.0,""_score"":57.54},""compression"":{""VC1_atr_ratio"":{""value"":0.539194982526846,""score"":100},""VC2_range_contraction"":{""value"":0.7469956611314444,""score"":42.16738981142593},""VC3_range_pct_rank"":{""score"":35.0},""_score"":63.51},""sr_quality"":{""SR1_touches"":{""value"":2,""score"":25.0},""SR2_tightness"":{""value"":0.4864999999999924,""score"":86.79782903663519},""SR3_recency"":{""value"":258,""score"":0.0},""SR4_price_location"":{""score"":3.4248005680154403},""SR5_reaction"":{""value"":2.8037313432835864,""score"":100},""_score"":36.38,""_levels_found"":7,""_target_level"":162.3865},""volume"":{""V1_rvol_day"":{""value"":0.7777156421058984,""score"":18.514376140393228},""V2_rvol_sameslot"":{""value"":1.3782973677885744,""score"":58.55315785257162,""status"":""ok""},""V3_breakout_bar"":{""value"":0.6665535744975473,""score"":11.103571633169818},""V4_base_dryup"":{""value"":1.052188971805459,""score"":44.78110281945411},""V5_bo_expansion"":{""value"":0.7777156421058984,""score"":0},""_score"":27.15},""readiness"":{""_distance_atr"":0.358,""BR1_atr_distance"":{""score"":76.1646313885118},""BR2_compression"":{""score"":0},""BR3_retest"":{""score"":50.0},""BR4_bo_age"":{""score"":50.0},""_score"":47.97},""risk"":{""R1_stop_clarity"":{""score"":40.93215739484404},""R2_stop_distance_pct"":{""value"":5.23232222774737,""score"":100.0},""R3_stop_distance_atr"":{""value"":1.0707801899592915,""score"":78.53900949796457},""R4_rr_potential"":{""value"":2.8327409350389465,""score"":91.63704675194732},""_score"":74.43},""market"":{""M1_spy_regime"":{""score"":100.0},""M3_earnings_risk"":{""value"":null,""score"":80.0},""M4_vix"":{""value"":null,""score"":60.0},""_score"":84.0},""liquidity"":{""L1_price"":{""value"":150.825,""score"":100.0},""L2_dollar_vol"":{""value"":300651239.78550696,""score"":100.0},""L3_spread_proxy"":{""value"":0.045980440908337306,""score"":54.01955909166269},""L4_volume_zscore"":{""value"":-0.8889077193779589,""score"":100.0},""_score"":95.4},""pattern_structure"":{""pole_low"":133.74,""pole_low_idx"":27,""peak_price"":153.46,""peak_idx"":52,""pole_gain"":0.1474502766561986,""flag_bars"":7,""flag_low"":145.11,""flag_high"":152.08,""structural_low"":145.11,""current_price"":151.87,""neckline_distance_pct"":0.010469480476723535,""base_bars"":7},""pattern_geometry_features"":{""pole_gain"":0.1474502766561986,""pullback_pct"":0.05441157304835132,""flag_range_pct"":0.045419001694252566,""flag_drift_per_bar"":0.0012181470994930112,""atr_pct"":0.0488645781534891,""pole_atr_multiple"":3.0175288977844192},""_schema_version"":""1.0""}",,,,,,,,,,
20260508T181321Z-e7d442,2026-05-08T18:13:21.400575+00:00,TTWO,bull_flag,absent,52.23,77.2,39.2,63.8,61.6,23.4,30.3,59.5,84.0,98.5,10.81,11.75,5.74,6.16,3.28,2.73,1.79,5.04,4.93,True,risk_unclear,220.98,227.02,216.4144,240.17,"{""trend"":{""T1_ema_stack"":{""value"":[true,true,false],""score"":66.66666666666666},""T2_ema50_slope"":{""value"":0.10586084015325714,""score"":67.6434733588762},""T3_high_proximity"":{""value"":0.9813482547295497,""score"":90.67412736477482},""T4_rs_1m"":{""value"":0.031355905396258654,""score"":81.35590539625866},""T5_rs_3m"":{""value"":0.06220644327635183,""score"":81.10322163817591},""T6_adr_healthy"":{""value"":2.669457013666442,""score"":100.0},""_score"":77.23},""geometry"":{""sub_pole_impulse"":32.4,""sub_flag_tightness"":25.4,""sub_flag_shallowness"":0,""sub_flag_drift"":87.4,""sub_flag_duration"":100.0,""_score"":39.18},""compression"":{""VC1_atr_ratio"":{""value"":0.4207705799812078,""score"":100},""VC2_range_contraction"":{""value"":0.970397027610419,""score"":4.933828731596831},""VC3_range_pct_rank"":{""score"":88.33333333333333},""_score"":63.81},""sr_quality"":{""SR1_touches"":{""value"":2,""score"":25.0},""SR2_tightness"":{""value"":0.06999999999999318,""score"":97.63406178478677},""SR3_recency"":{""value"":235,""score"":0.0},""SR4_price_location"":{""score"":97.8440076093847},""SR5_reaction"":{""value"":2.3701631048834897,""score"":100},""_score"":61.61,""_levels_found"":6,""_target_level"":221.15},""volume"":{""V1_rvol_day"":{""value"":0.6373969734290305,""score"":9.15979822860203},""V2_rvol_sameslot"":{""value"":1.4531984779778597,""score"":63.546565198523986,""status"":""ok""},""V3_breakout_bar"":{""value"":0.7039595344220961,""score"":13.59730229480641},""V4_base_dryup"":{""value"":1.224488566033592,""score"":27.551143396640796},""V5_bo_expansion"":{""value"":0.6373969734290306,""score"":0},""_score"":23.45},""readiness"":{""_distance_atr"":1.021,""BR1_atr_distance"":{""score"":31.951110381479168},""BR2_compression"":{""score"":0},""BR3_retest"":{""score"":50.0},""BR4_bo_age"":{""score"":50.0},""_score"":30.28},""risk"":{""R1_stop_clarity"":{""score"":0},""R2_stop_distance_pct"":{""value"":2.066091954022978,""score"":100.0},""R3_stop_distance_atr"":{""value"":0.7715747008778071,""score"":63.578735043890354},""R4_rr_potential"":{""value"":4.203125513344239,""score"":100.0},""_score"":59.54},""market"":{""M1_spy_regime"":{""score"":100.0},""M3_earnings_risk"":{""value"":null,""score"":80.0},""M4_vix"":{""value"":null,""score"":60.0},""_score"":84.0},""liquidity"":{""L1_price"":{""value"":220.98,""score"":100.0},""L2_dollar_vol"":{""value"":207273075.95868826,""score"":100.0},""L3_spread_proxy"":{""value"":0.014797719250610833,""score"":85.20228074938916},""L4_volume_zscore"":{""value"":-1.408053543698586,""score"":100.0},""_score"":98.52},""pattern_structure"":{""pole_low"":213.87,""pole_low_idx"":27,""peak_price"":227.02,""peak_idx"":52,""pole_gain"":0.061485949408519217,""flag_bars"":7,""flag_low"":219.71,""flag_high"":225.955,""structural_low"":219.71,""current_price"":221.78,""neckline_distance_pct"":0.023627017765353094,""base_bars"":7},""pattern_geometry_features"":{""pole_gain"":0.061485949408519217,""pullback_pct"":0.032199806184477146,""flag_range_pct"":0.027508589551581378,""flag_drift_per_bar"":-0.002513752367210701,""atr_pct"":0.026777601075727613,""pole_atr_multiple"":2.2961709390858305},""_schema_version"":""1.0""}",,,,,,,,,,
20260508T181321Z-e7d442,2026-05-08T18:13:21.400575+00:00,RCAT,double_bottom,forming,52.01,13.3,59.3,83.8,62.4,18.6,38.0,80.7,84.0,88.2,2.0,14.83,6.7,8.74,2.41,3.04,4.84,5.04,4.41,False,,10.215,10.81,9.7072,11.765,"{""trend"":{""T1_ema_stack"":{""value"":[false,false,true],""score"":33.33333333333333},""T2_ema50_slope"":{""value"":-0.4368243235625349,""score"":0},""T3_high_proximity"":{""value"":0.6008823529411764,""score"":0},""T4_rs_1m"":{""value"":-0.22817817722361866,""score"":0},""T5_rs_3m"":{""value"":-0.25881732074405095,""score"":0},""T6_adr_healthy"":{""value"":7.01700205133177,""score"":100.0},""_score"":13.33},""geometry"":{""sub_low_similarity"":54.9,""sub_bounce_quality"":95.6,""sub_separation_fit"":100.0,""sub_right_bottom_reaction"":18.1,""sub_base_context"":30.0,""_score"":59.31},""compression"":{""VC1_atr_ratio"":{""value"":0.22959066349736942,""score"":100},""VC2_range_contraction"":{""value"":0.5742479408273498,""score"":70.95867652877504},""VC3_range_pct_rank"":{""score"":75.83333333333333},""_score"":83.79},""sr_quality"":{""SR1_touches"":{""value"":3,""score"":50.0},""SR2_tightness"":{""value"":0.1143095213298817,""score"":71.84989800143633},""SR3_recency"":{""value"":230,""score"":0.0},""SR4_price_location"":{""score"":86.59003831417623},""SR5_reaction"":{""value"":3.1254763998827335,""score"":100},""_score"":62.42,""_levels_found"":5,""_target_level"":10.74},""volume"":{""V1_rvol_day"":{""value"":0.6107491158419234,""score"":7.383274389461558},""V2_rvol_sameslot"":{""value"":0.7301390492604246,""score"":15.342603284028309,""status"":""ok""},""V3_breakout_bar"":{""value"":0.5541804089712806,""score"":3.6120272647520415},""V4_base_dryup"":{""value"":0.8440424780641448,""score"":65.59575219358553},""V5_bo_expansion"":{""value"":0.6107491158419234,""score"":0},""_score"":18.57},""readiness"":{""_distance_atr"":0.733,""BR1_atr_distance"":{""score"":51.158018176487765},""BR2_compression"":{""score"":0},""BR3_retest"":{""score"":50.0},""BR4_bo_age"":{""score"":50.0},""_score"":37.96},""risk"":{""R1_stop_clarity"":{""score"":63.59630606860133},""R2_stop_distance_pct"":{""value"":4.971365638766525,""score"":100.0},""R3_stop_distance_atr"":{""value"":0.6252902374670192,""score"":56.264511873350955},""R4_rr_potential"":{""value"":3.052232560429281,""score"":100.0},""_score"":80.7},""market"":{""M1_spy_regime"":{""score"":100.0},""M3_earnings_risk"":{""value"":null,""score"":80.0},""M4_vix"":{""value"":null,""score"":60.0},""_score"":84.0},""liquidity"":{""L1_price"":{""value"":10.215,""score"":100.0},""L2_dollar_vol"":{""value"":59626563.63764742,""score"":88.77198905339205},""L3_spread_proxy"":{""value"":0.07293196279980413,""score"":27.068037200195874},""L4_volume_zscore"":{""value"":-1.1051790452200005,""score"":100.0},""_score"":88.22},""pattern_structure"":{""left_low"":10.08,""left_idx"":62,""right_low"":9.855,""right_idx"":76,""separation_bars"":14,""structural_low"":9.855,""current_price"":10.085,""neckline_distance_pct"":0.07188894397620224,""base_bars"":14},""pattern_geometry_features"":{""low_similarity_pct"":0.022573363431151204,""bounce_pct"":0.09690512430238458,""right_bottom_reaction"":0.1813422818791942,""atr_pct"":0.07950492972519402},""_schema_version"":""1.0""}",,,,,,,,,,
20260508T181321Z-e7d442,2026-05-08T18:13:21.400575+00:00,ADSK,double_bottom,forming,51.83,46.1,51.9,63.0,57.4,17.2,42.1,55.6,84.0,97.7,6.92,12.97,5.04,8.04,2.23,3.37,3.34,5.04,4.88,True,risk_unclear,245.29,250.275,228.7372,268.3295,"{""trend"":{""T1_ema_stack"":{""value"":[true,false,false],""score"":33.33333333333333},""T2_ema50_slope"":{""value"":-0.054420999501551826,""score"":40.92983341640803},""T3_high_proximity"":{""value"":0.9287066484931091,""score"":64.35332424655455},""T4_rs_1m"":{""value"":0.005125322674679911,""score"":55.12532267467991},""T5_rs_3m"":{""value"":-0.047264821149155534,""score"":26.36758942542223},""T6_adr_healthy"":{""value"":3.1199134411083977,""score"":100.0},""_score"":46.15},""geometry"":{""sub_low_similarity"":31.7,""sub_bounce_quality"":68.2,""sub_separation_fit"":33.3,""sub_right_bottom_reaction"":25.0,""sub_base_context"":100.0,""_score"":51.89},""compression"":{""VC1_atr_ratio"":{""value"":0.45328965922615494,""score"":100},""VC2_range_contraction"":{""value"":0.8636631170858817,""score"":22.722813819019713},""VC3_range_pct_rank"":{""score"":60.0},""_score"":62.95},""sr_quality"":{""SR1_touches"":{""value"":2,""score"":25.0},""SR2_tightness"":{""value"":1.1599999999999966,""score"":73.08963768776364},""SR3_recency"":{""value"":245,""score"":0.0},""SR4_price_location"":{""score"":95.82879377431897},""SR5_reaction"":{""value"":3.584761841636497,""score"":100},""_score"":57.42,""_levels_found"":6,""_target_level"":245.96},""volume"":{""V1_rvol_day"":{""value"":0.37451140646257036,""score"":0},""V2_rvol_sameslot"":{""value"":0.7082933676685012,""score"":13.886224511233412,""status"":""ok""},""V3_breakout_bar"":{""value"":0.48408214649031844,""score"":0},""V4_base_dryup"":{""value"":0.7798989497822222,""score"":72.01010502177778},""V5_bo_expansion"":{""value"":0.37451140646257036,""score"":0},""_score"":17.18},""readiness"":{""_distance_atr"":0.578,""BR1_atr_distance"":{""score"":61.45167927399455},""BR2_compression"":{""score"":0},""BR3_retest"":{""score"":50.0},""BR4_bo_age"":{""score"":50.0},""_score"":42.08},""risk"":{""R1_stop_clarity"":{""score"":19.19218373281865},""R2_stop_distance_pct"":{""value"":6.7482602225936645,""score"":100.0},""R3_stop_distance_atr"":{""value"":1.9200088237487265,""score"":100.0},""R4_rr_potential"":{""value"":1.3918786888568637,""score"":19.593934442843185},""_score"":55.64},""market"":{""M1_spy_regime"":{""score"":100.0},""M3_earnings_risk"":{""value"":null,""score"":80.0},""M4_vix"":{""value"":null,""score"":60.0},""_score"":84.0},""liquidity"":{""L1_price"":{""value"":245.29,""score"":100.0},""L2_dollar_vol"":{""value"":164633650.52188134,""score"":100.0},""L3_spread_proxy"":{""value"":0.023319336295813117,""score"":76.68066370418688},""L4_volume_zscore"":{""value"":-2.1781753764174936,""score"":100.0},""_score"":97.67},""pattern_structure"":{""left_low"":232.2205,""left_idx"":29,""right_low"":240.29,""right_idx"":69,""separation_bars"":40,""structural_low"":232.2205,""current_price"":246.37,""neckline_distance_pct"":0.015850144092219024,""base_bars"":40},""pattern_geometry_features"":{""low_similarity_pct"":0.03415585473761961,""bounce_pct"":0.07774722731197298,""right_bottom_reaction"":0.2500000000000065,""atr_pct"":0.03514702713406288},""_schema_version"":""1.0""}",,,,,,,,,,
20260508T181321Z-e7d442,2026-05-08T18:13:21.400575+00:00,AXON,double_bottom,forming,51.83,22.8,62.2,41.5,67.0,26.7,35.0,72.5,84.0,90.0,3.43,15.55,3.32,9.38,3.47,2.8,4.35,5.04,4.5,False,,394.76,413.95,363.8859,458.4727,"{""trend"":{""T1_ema_stack"":{""value"":[false,false,false],""score"":0.0},""T2_ema50_slope"":{""value"":-0.5205710664041892,""score"":0},""T3_high_proximity"":{""value"":0.6816902381322419,""score"":0},""T4_rs_1m"":{""value"":0.03919303525601414,""score"":89.19303525601414},""T5_rs_3m"":{""value"":-0.1145397677012967,""score"":0},""T6_adr_healthy"":{""value"":5.195079075366403,""score"":100.0},""_score"":22.84},""geometry"":{""sub_low_similarity"":41.8,""sub_bounce_quality"":100,""sub_separation_fit"":100.0,""sub_right_bottom_reaction"":57.7,""sub_base_context"":30.0,""_score"":62.2},""compression"":{""VC1_atr_ratio"":{""value"":0.5144443446868552,""score"":100},""VC2_range_contraction"":{""value"":1.0772046374143471,""score"":0},""VC3_range_pct_rank"":{""score"":5.833333333333335},""_score"":41.46},""sr_quality"":{""SR1_touches"":{""value"":5,""score"":100},""SR2_tightness"":{""value"":3.271657638812473,""score"":71.18027274050777},""SR3_recency"":{""value"":228,""score"":0.0},""SR4_price_location"":{""score"":45.2594102716721},""SR5_reaction"":{""value"":2.883050373418997,""score"":100},""_score"":66.99,""_levels_found"":5,""_target_level"":414.6621},""volume"":{""V1_rvol_day"":{""value"":0.9386023688059397,""score"":29.24015792039598},""V2_rvol_sameslot"":{""value"":1.574694621753046,""score"":71.64630811686973,""status"":""ok""},""V3_breakout_bar"":{""value"":0.4952007848525648,""score"":0},""V4_base_dryup"":{""value"":1.172137132340864,""score"":32.7862867659136},""V5_bo_expansion"":{""value"":0.9386023688059397,""score"":0},""_score"":26.73},""readiness"":{""_distance_atr"":0.845,""BR1_atr_distance"":{""score"":43.65235942898571},""BR2_compression"":{""score"":0},""BR3_retest"":{""score"":50.0},""BR4_bo_age"":{""score"":50.0},""_score"":34.96},""risk"":{""R1_stop_clarity"":{""score"":51.18624011003597},""R2_stop_distance_pct"":{""value"":7.820982242375107,""score"":100.0},""R3_stop_distance_atr"":{""value"":1.359835767370612,""score"":92.9917883685306},""R4_rr_potential"":{""value"":2.063628750166868,""score"":53.18143750834341},""_score"":72.5},""market"":{""M1_spy_regime"":{""score"":100.0},""M3_earnings_risk"":{""value"":null,""score"":80.0},""M4_vix"":{""value"":null,""score"":60.0},""_score"":84.0},""liquidity"":{""L1_price"":{""value"":394.76,""score"":100.0},""L2_dollar_vol"":{""value"":426931383.62080306,""score"":100.0},""L3_spread_proxy"":{""value"":0.10183402573715673,""score"":0},""L4_volume_zscore"":{""value"":-0.13537306681093844,""score"":100.0},""_score"":90.0},""pattern_structure"":{""left_low"":380.33,""left_idx"":34,""right_low"":369.4273,""right_idx"":64,""separation_bars"":30,""structural_low"":369.4273,""current_price"":394.21,""neckline_distance_pct"":0.05007483321072528,""base_bars"":30},""pattern_geometry_features"":{""low_similarity_pct"":0.029083278015432413,""bounce_pct"":0.12051816419631138,""right_bottom_reaction"":0.5765010108093588,""atr_pct"":0.057514167740254495},""_schema_version"":""1.0""}",,,,,,,,,,
20260508T181321Z-e7d442,2026-05-08T18:13:21.400575+00:00,MIR,ascending_triangle,forming,51.77,9.4,74.0,49.8,68.6,21.3,17.5,71.2,84.0,84.4,1.41,20.71,3.98,9.61,2.56,1.4,2.85,5.04,4.22,False,,19.045,20.79,18.6657,22.63,"{""trend"":{""T1_ema_stack"":{""value"":[false,false,false],""score"":0.0},""T2_ema50_slope"":{""value"":-0.1685492295029022,""score"":21.9084617495163},""T3_high_proximity"":{""value"":0.7905770029057702,""score"":0},""T4_rs_1m"":{""value"":-0.08782429887429055,""score"":0},""T5_rs_3m"":{""value"":-0.2763720181971444,""score"":0},""T6_adr_healthy"":{""value"":4.287726098649596,""score"":100.0},""_score"":9.38},""geometry"":{""sub_flat_top_quality"":100,""sub_hl_slope"":96.5,""sub_compression"":0,""sub_duration"":100.0,""_score"":73.95},""compression"":{""VC1_atr_ratio"":{""value"":0.4494509520840853,""score"":100},""VC2_range_contraction"":{""value"":1.5291959919555487,""score"":0},""VC3_range_pct_rank"":{""score"":39.16666666666667},""_score"":49.79},""sr_quality"":{""SR1_touches"":{""value"":5,""score"":100},""SR2_tightness"":{""value"":0.2757244160389127,""score"":43.32488878953489},""SR3_recency"":{""value"":238,""score"":0.0},""SR4_price_location"":{""score"":68.51860454313191},""SR5_reaction"":{""value"":2.0711408016443977,""score"":100},""_score"":68.63,""_levels_found"":7,""_target_level"":19.9938},""volume"":{""V1_rvol_day"":{""value"":0.39584832564997574,""score"":0},""V2_rvol_sameslot"":{""value"":1.0028826983406445,""score"":33.52551322270963,""status"":""ok""},""V3_breakout_bar"":{""value"":0.9538137708795467,""score"":30.254251391969778},""V4_base_dryup"":{""value"":1.1477819051652955,""score"":35.22180948347045},""V5_bo_expansion"":{""value"":0.39584832564997563,""score"":0},""_score"":21.31},""readiness"":{""_distance_atr"":1.793,""BR1_atr_distance"":{""score"":0},""BR2_compression"":{""score"":0},""BR3_retest"":{""score"":50.0},""BR4_bo_age"":{""score"":50.0},""_score"":17.5},""risk"":{""R1_stop_clarity"":{""score"":41.57245632065772},""R2_stop_distance_pct"":{""value"":1.9913363087424651,""score"":99.78340771856162},""R3_stop_distance_atr"":{""value"":0.38977389516958133,""score"":44.48869475847906},""R4_rr_potential"":{""value"":9.45286750164792,""score"":100.0},""_score"":71.16},""market"":{""M1_spy_regime"":{""score"":100.0},""M3_earnings_risk"":{""value"":null,""score"":80.0},""M4_vix"":{""value"":null,""score"":60.0},""_score"":84.0},""liquidity"":{""L1_price"":{""value"":19.045,""score"":100.0},""L2_dollar_vol"":{""value"":27387425.316392377,""score"":71.87756031397363},""L3_spread_proxy"":{""value"":0.043843528485166754,""score"":56.15647151483325},""L4_volume_zscore"":{""value"":-1.1560847166432546,""score"":100.0},""_score"":84.37},""pattern_structure"":{""top"":20.79,""top_touches"":4,""low_slope_per_bar"":0.05485846338535433,""lowest_low"":18.95,""structural_low"":18.95,""current_price"":19.09,""neckline_distance_pct"":0.08905185961236246,""base_bars"":42},""pattern_geometry_features"":{""top_touches"":4.0,""low_slope"":0.05485846338535433,""compression"":-0.3661482858942442,""atr_pct"":0.05108952480966131},""_schema_version"":""1.0""}",,,,,,,,,,
20260508T181321Z-e7d442,2026-05-08T18:13:21.400575+00:00,IE,inverse_head_shoulders,forming,51.74,37.5,59.5,47.2,53.7,29.9,55.9,40.0,84.0,81.0,4.5,16.65,3.78,7.51,4.18,4.47,2.4,4.2,4.05,False,,13.73,13.785,12.1647,15.22,"{""trend"":{""T1_ema_stack"":{""value"":[true,false,true],""score"":66.66666666666666},""T2_ema50_slope"":{""value"":-0.01881467381136828,""score"":46.86422103143862},""T3_high_proximity"":{""value"":0.7636262513904338,""score"":0},""T4_rs_1m"":{""value"":-0.017600871508006044,""score"":32.399128491993956},""T5_rs_3m"":{""value"":-0.26795536602824954,""score"":0},""T6_adr_healthy"":{""value"":5.674158545342399,""score"":100.0},""_score"":37.52},""geometry"":{""sub_head_depth"":69.3,""sub_shoulder_price_sym"":17.2,""sub_shoulder_time_sym"":83.3,""sub_right_shoulder_reaction"":64.7,""sub_base_context"":100.0,""_score"":59.45},""compression"":{""VC1_atr_ratio"":{""value"":0.5540645260757723,""score"":100},""VC2_range_contraction"":{""value"":0.9874878767168902,""score"":2.0853538805183},""VC3_range_pct_rank"":{""score"":25.83333333333333},""_score"":47.19},""sr_quality"":{""SR1_touches"":{""value"":3,""score"":50.0},""SR2_tightness"":{""value"":0.06903623847098113,""score"":84.59749261205202},""SR3_recency"":{""value"":237,""score"":0.0},""SR4_price_location"":{""score"":43.86759241150013},""SR5_reaction"":{""value"":2.634491367861886,""score"":100},""_score"":53.66,""_levels_found"":6,""_target_level"":15.6434},""volume"":{""V1_rvol_day"":{""value"":1.064680510211892,""score"":37.64536734745946},""V2_rvol_sameslot"":{""value"":0.9925090041883008,""score"":32.83393361255339,""status"":""ok""},""V3_breakout_bar"":{""value"":0.5906528417539784,""score"":6.043522783598557},""V4_base_dryup"":{""value"":0.818187926823052,""score"":68.1812073176948},""V5_bo_expansion"":{""value"":1.064680510211892,""score"":4.312034014126128},""_score"":29.89},""readiness"":{""_distance_atr"":0.061,""BR1_atr_distance"":{""score"":95.9096945551129},""BR2_compression"":{""score"":0},""BR3_retest"":{""score"":50.0},""BR4_bo_age"":{""score"":50.0},""_score"":55.86},""risk"":{""R1_stop_clarity"":{""score"":58.66932270916336},""R2_stop_distance_pct"":{""value"":11.400218499635839,""score"":14.994537509104022},""R3_stop_distance_atr"":{""value"":1.7460956175298814,""score"":100.0},""R4_rr_potential"":{""value"":0.9519246126816799,""score"":0.0},""_score"":40.03},""market"":{""M1_spy_regime"":{""score"":100.0},""M3_earnings_risk"":{""value"":null,""score"":80.0},""M4_vix"":{""value"":null,""score"":60.0},""_score"":84.0},""liquidity"":{""L1_price"":{""value"":13.73,""score"":100.0},""L2_dollar_vol"":{""value"":28030410.13719914,""score"":72.38147261726739},""L3_spread_proxy"":{""value"":0.07938820101966496,""score"":20.61179898033504},""L4_volume_zscore"":{""value"":0.23173125199890143,""score"":100.0},""_score"":81.01},""pattern_structure"":{""left_shoulder"":12.56,""left_shoulder_idx"":66,""head"":12.35,""head_idx"":78,""right_shoulder"":13.42,""right_shoulder_idx"":89,""left_to_head_bars"":12,""head_to_right_bars"":11,""structural_low"":12.35,""current_price"":13.8,""neckline_distance_pct"":-0.0010869565217391716,""base_bars"":23},""pattern_geometry_features"":{""head_depth_pct"":0.049268668206312594,""shoulder_price_asymmetry"":0.06620477290223244,""shoulder_time_asymmetry"":0.08333333333333333,""right_shoulder_reaction"":0.6470588235294087,""atr_pct"":0.06528977213609405},""_schema_version"":""1.0""}",,,,,,,,,,
20260508T181321Z-e7d442,2026-05-08T18:13:21.400575+00:00,PRCH,breakout_retest_hold,setup,51.55,89.9,31.2,23.0,44.6,7.4,77.2,61.8,84.0,77.0,12.59,6.86,1.38,6.25,0.97,13.9,3.09,4.2,2.31,False,,11.02,10.65,10.7712,10.19,"{""trend"":{""T1_ema_stack"":{""value"":[true,true,false],""score"":66.66666666666666},""T2_ema50_slope"":{""value"":0.3546723977665168,""score"":100},""T3_high_proximity"":{""value"":0.9769503546099291,""score"":88.47517730496452},""T4_rs_1m"":{""value"":0.48537763147049695,""score"":100},""T5_rs_3m"":{""value"":0.4523940806811273,""score"":100},""T6_adr_healthy"":{""value"":6.976955229299883,""score"":100.0},""_score"":89.94},""geometry"":{""sub_retest_depth"":0.0,""sub_retest_timing"":0.0,""sub_retest_freshness"":100.0,""sub_hold_quality"":37.3,""_score"":31.19},""compression"":{""VC1_atr_ratio"":{""value"":0.9452420297192055,""score"":13.689492570198636},""VC2_range_contraction"":{""value"":1.2675811395987981,""score"":0},""VC3_range_pct_rank"":{""score"":70.0},""_score"":22.98},""sr_quality"":{""SR1_touches"":{""value"":2,""score"":25.0},""SR2_tightness"":{""value"":0.009999999999999787,""score"":97.57973895755904},""SR3_recency"":{""value"":230,""score"":0.0},""SR4_price_location"":{""score"":30.0},""SR5_reaction"":{""value"":2.377906474198289,""score"":100},""_score"":44.64,""_levels_found"":6,""_target_level"":10.84},""volume"":{""V1_rvol_day"":{""value"":0.44475328748024806,""score"":0},""V2_rvol_sameslot"":{""value"":0.8347059295967969,""score"":22.313728639786458,""status"":""ok""},""V3_breakout_bar"":{""value"":0.6787800387147956,""score"":11.918669247653042},""V4_base_dryup"":{""value"":1.7426392095455256,""score"":0},""V5_bo_expansion"":{""value"":0.44475328748024806,""score"":0},""_score"":7.44},""readiness"":{""_distance_atr"":-0.448,""BR1_atr_distance"":{""score"":100.0},""BR2_compression"":{""score"":50.91709291645968},""BR3_retest"":{""score"":100},""BR4_bo_age"":{""score"":30.0},""_score"":77.23},""risk"":{""R1_stop_clarity"":{""score"":73.66755985824173},""R2_stop_distance_pct"":{""value"":2.257713248638832,""score"":100.0},""R3_stop_distance_atr"":{""value"":0.30108047367966034,""score"":40.05402368398302},""R4_rr_potential"":{""value"":-3.3360128617363447,""score"":0.0},""_score"":61.79},""market"":{""M1_spy_regime"":{""score"":100.0},""M3_earnings_risk"":{""value"":null,""score"":80.0},""M4_vix"":{""value"":null,""score"":60.0},""_score"":84.0},""liquidity"":{""L1_price"":{""value"":11.02,""score"":100.0},""L2_dollar_vol"":{""value"":11858600.370671319,""score"":53.701671689337836},""L3_spread_proxy"":{""value"":0.044464609800362834,""score"":55.53539019963716},""L4_volume_zscore"":{""value"":-0.9566377817426673,""score"":100.0},""_score"":77.03},""pattern_structure"":{""level"":10.65,""level_idx"":52,""breakout_idx"":59,""bo_peak_idx"":64,""bo_peak_price"":11.53,""retest_idx"":77,""retest_low"":10.88,""structural_low"":10.88,""current_price"":10.955,""neckline_distance_pct"":-0.02784116841624826,""base_bars"":27,""bars_since_breakout"":20},""pattern_geometry_features"":{""retest_depth_atr"":-1.1321683485109557,""bars_breakout_to_retest"":18.0,""bars_since_retest"":2.0,""current_above_level_atr"":1.5013536795471327,""bo_peak_excess_pct"":0.08262910798122056,""atr_pct"":0.0749870365569095},""_schema_version"":""1.0""}",,,,,,,,,,
20260508T181321Z-e7d442,2026-05-08T18:13:21.400575+00:00,QBTS,bull_flag,absent,51.27,78.7,43.1,64.8,41.4,19.2,27.7,79.4,84.0,95.1,11.02,12.92,5.83,4.14,2.69,2.49,2.38,5.04,4.76,False,,22.105,24.04,21.0987,28.575,"{""trend"":{""T1_ema_stack"":{""value"":[true,true,false],""score"":66.66666666666666},""T2_ema50_slope"":{""value"":0.3040233095598536,""score"":100},""T3_high_proximity"":{""value"":0.9276122534620227,""score"":63.806126731011325},""T4_rs_1m"":{""value"":0.5093045310282545,""score"":100},""T5_rs_3m"":{""value"":-0.0007622899752433021,""score"":49.61885501237835},""T6_adr_healthy"":{""value"":7.96830843333864,""score"":100.0},""_score"":78.68},""geometry"":{""sub_pole_impulse"":55.6,""sub_flag_tightness"":27.5,""sub_flag_shallowness"":6.3,""sub_flag_drift"":55.1,""sub_flag_duration"":100.0,""_score"":43.08},""compression"":{""VC1_atr_ratio"":{""value"":0.6620983856830348,""score"":84.47540357924129},""VC2_range_contraction"":{""value"":0.8540825605148316,""score"":24.319573247528076},""VC3_range_pct_rank"":{""score"":90.0},""_score"":64.8},""sr_quality"":{""SR1_touches"":{""value"":2,""score"":25.0},""SR2_tightness"":{""value"":0.037499999999999645,""score"":95.29696318194038},""SR3_recency"":{""value"":314,""score"":0.0},""SR4_price_location"":{""score"":18.419933844191664},""SR5_reaction"":{""value"":3.985039863835886,""score"":100},""_score"":41.4,""_levels_found"":5,""_target_level"":24.7275},""volume"":{""V1_rvol_day"":{""value"":0.3718966778399789,""score"":0},""V2_rvol_sameslot"":{""value"":0.4513131373578044,""score"":0,""status"":""ok""},""V3_breakout_bar"":{""value"":0.41781441908063116,""score"":0},""V4_base_dryup"":{""value"":0.5380598870317653,""score"":96.19401129682346},""V5_bo_expansion"":{""value"":0.3718966778399789,""score"":0},""_score"":19.24},""readiness"":{""_distance_atr"":1.213,""BR1_atr_distance"":{""score"":19.10776672937388},""BR2_compression"":{""score"":10.138774369145862},""BR3_retest"":{""score"":50.0},""BR4_bo_age"":{""score"":50.0},""_score"":27.68},""risk"":{""R1_stop_clarity"":{""score"":59.70438054286472},""R2_stop_distance_pct"":{""value"":4.5523637186156956,""score"":100.0},""R3_stop_distance_atr"":{""value"":0.631022126668458,""score"":56.55110633342291},""R4_rr_potential"":{""value"":6.429494186624269,""score"":100.0},""_score"":79.38},""market"":{""M1_spy_regime"":{""score"":100.0},""M3_earnings_risk"":{""value"":null,""score"":80.0},""M4_vix"":{""value"":null,""score"":60.0},""_score"":84.0},""liquidity"":{""L1_price"":{""value"":22.105,""score"":100.0},""L2_dollar_vol"":{""value"":282030769.7112428,""score"":100.0},""L3_spread_proxy"":{""value"":0.04885772449672012,""score"":51.142275503279876},""L4_volume_zscore"":{""value"":-0.944775900595017,""score"":100.0},""_score"":95.11},""pattern_structure"":{""pole_low"":19.505,""pole_low_idx"":23,""peak_price"":24.04,""peak_idx"":48,""pole_gain"":0.2325044860292233,""flag_bars"":11,""flag_low"":21.42,""flag_high"":23.85,""structural_low"":21.42,""current_price"":21.8,""neckline_distance_pct"":0.10275229357798157,""base_bars"":11},""pattern_geometry_features"":{""pole_gain"":0.2325044860292233,""pullback_pct"":0.10898502495840257,""flag_range_pct"":0.10108153078202994,""flag_drift_per_bar"":-0.008984548373644709,""atr_pct"":0.07214269557630787,""pole_atr_multiple"":3.2228416774820277},""_schema_version"":""1.0""}",,,,,,,,,,
20260508T181321Z-e7d442,2026-05-08T18:13:21.400575+00:00,AVAV,double_bottom,forming,51.15,5.0,66.5,68.6,57.5,14.4,47.6,78.0,84.0,96.5,0.75,16.63,5.49,8.05,1.87,3.81,4.68,5.04,4.83,False,,168.735,178.0,162.1409,191.39,"{""trend"":{""T1_ema_stack"":{""value"":[false,false,false],""score"":0.0},""T2_ema50_slope"":{""value"":-0.5314498125322235,""score"":0},""T3_high_proximity"":{""value"":0.5990520822238791,""score"":0},""T4_rs_1m"":{""value"":-0.13487313529124334,""score"":0},""T5_rs_3m"":{""value"":-0.411560040625249,""score"":0},""T6_adr_healthy"":{""value"":5.943210760218661,""score"":100.0},""_score"":5.0},""geometry"":{""sub_low_similarity"":82.9,""sub_bounce_quality"":73.3,""sub_separation_fit"":100.0,""sub_right_bottom_reaction"":40.0,""sub_base_context"":30.0,""_score"":66.53},""compression"":{""VC1_atr_ratio"":{""value"":0.5191935833589792,""score"":100},""VC2_range_contraction"":{""value"":0.923325755058624,""score"":12.779040823562665},""VC3_range_pct_rank"":{""score"":96.66666666666667},""_score"":68.64},""sr_quality"":{""SR1_touches"":{""value"":2,""score"":25.0},""SR2_tightness"":{""value"":0.34250000000000114,""score"":94.04454728312743},""SR3_recency"":{""value"":243,""score"":0.0},""SR4_price_location"":{""score"":83.47035842634465},""SR5_reaction"":{""value"":2.186781378994704,""score"":100},""_score"":57.47,""_levels_found"":7,""_target_level"":175.0725},""volume"":{""V1_rvol_day"":{""value"":0.4601506981430284,""score"":0},""V2_rvol_sameslot"":{""value"":0.6130189301940249,""score"":7.534595346268325,""status"":""ok""},""V3_breakout_bar"":{""value"":0.4240849020565838,""score"":0},""V4_base_dryup"":{""value"":0.8544065121967154,""score"":64.55934878032846},""V5_bo_expansion"":{""value"":0.4601506981430284,""score"":0},""_score"":14.42},""readiness"":{""_distance_atr"":0.806,""BR1_atr_distance"":{""score"":46.299494479976445},""BR2_compression"":{""score"":46.34407395036746},""BR3_retest"":{""score"":50.0},""BR4_bo_age"":{""score"":50.0},""_score"":47.61},""risk"":{""R1_stop_clarity"":{""score"":57.065967661705216},""R2_stop_distance_pct"":{""value"":3.9079918214952514,""score"":100.0},""R3_stop_distance_atr"":{""value"":0.5733014384374494,""score"":53.66507192187247},""R4_rr_potential"":{""value"":3.435620967069285,""score"":100.0},""_score"":78.02},""market"":{""M1_spy_regime"":{""score"":100.0},""M3_earnings_risk"":{""value"":null,""score"":80.0},""M4_vix"":{""value"":null,""score"":60.0},""_score"":84.0},""liquidity"":{""L1_price"":{""value"":168.735,""score"":100.0},""L2_dollar_vol"":{""value"":89604953.45427708,""score"":97.61660092863971},""L3_spread_proxy"":{""value"":0.024950365958455442,""score"":75.04963404154455},""L4_volume_zscore"":{""value"":-1.4738722589917548,""score"":100.0},""_score"":96.55},""pattern_structure"":{""left_low"":166.02,""left_idx"":64,""right_low"":164.61,""right_idx"":76,""separation_bars"":12,""structural_low"":164.61,""current_price"":168.2,""neckline_distance_pct"":0.05826397146254466,""base_bars"":12},""pattern_geometry_features"":{""low_similarity_pct"":0.008529171581526157,""bounce_pct"":0.08134378227325184,""right_bottom_reaction"":0.3999999999999984,""atr_pct"":0.06816644019150908},""_schema_version"":""1.0""}",,,,,,,,,,
20260508T181321Z-e7d442,2026-05-08T18:13:21.400575+00:00,V,vcp,setup,50.88,45.2,46.9,44.5,71.0,17.4,57.5,45.0,84.0,98.5,6.79,11.73,5.34,8.52,2.27,4.03,2.25,5.04,4.92,True,risk_unclear,319.59,319.44,299.9325,337.29,"{""trend"":{""T1_ema_stack"":{""value"":[true,true,false],""score"":66.66666666666666},""T2_ema50_slope"":{""value"":0.04656026180331358,""score"":57.760043633885594},""T3_high_proximity"":{""value"":0.9543988532521053,""score"":77.19942662605261},""T4_rs_1m"":{""value"":-0.0477691383365606,""score"":2.2308616634393985},""T5_rs_3m"":{""value"":-0.10376612198489599,""score"":0},""T6_adr_healthy"":{""value"":1.7442663509339331,""score"":100.0},""_score"":45.24},""geometry"":{""sub_contraction_count"":100.0,""sub_reduction_rate"":0,""sub_pivot_tightness"":76.0,""sub_volume_dryup"":0,""sub_base_depth"":5.4,""sub_base_duration"":100.0,""_score"":46.94},""compression"":{""VC1_atr_ratio"":{""value"":0.765075697226216,""score"":58.73107569344599},""VC2_range_contraction"":{""value"":0.9120337744073013,""score"":14.661037598783121},""VC3_range_pct_rank"":{""score"":63.33333333333333},""_score"":44.46},""sr_quality"":{""SR1_touches"":{""value"":8,""score"":100},""SR2_tightness"":{""value"":1.8443829422058655,""score"":52.87427806564382},""SR3_recency"":{""value"":238,""score"":0.0},""SR4_price_location"":{""score"":72.12048976053741},""SR5_reaction"":{""value"":2.0049504950495045,""score"":100},""_score"":70.96,""_levels_found"":7,""_target_level"":322.8062},""volume"":{""V1_rvol_day"":{""value"":0.43751609729718677,""score"":0},""V2_rvol_sameslot"":{""value"":0.7784928788209433,""score"":18.56619192139622,""status"":""ok""},""V3_breakout_bar"":{""value"":0.5407284238110676,""score"":2.715228254071171},""V4_base_dryup"":{""value"":0.8475918055545177,""score"":65.24081944454822},""V5_bo_expansion"":{""value"":0.4375160972971867,""score"":0},""_score"":17.44},""readiness"":{""_distance_atr"":-0.019,""BR1_atr_distance"":{""score"":100.0},""BR2_compression"":{""score"":0},""BR3_retest"":{""score"":50.0},""BR4_bo_age"":{""score"":50.0},""_score"":57.5},""risk"":{""R1_stop_clarity"":{""score"":0},""R2_stop_distance_pct"":{""value"":6.150849525955121,""score"":100.0},""R3_stop_distance_atr"":{""value"":2.5113382305972487,""score"":100.0},""R4_rr_potential"":{""value"":0.9004196871423158,""score"":0.0},""_score"":45.0},""market"":{""M1_spy_regime"":{""score"":100.0},""M3_earnings_risk"":{""value"":null,""score"":80.0},""M4_vix"":{""value"":null,""score"":60.0},""_score"":84.0},""liquidity"":{""L1_price"":{""value"":319.59,""score"":100.0},""L2_dollar_vol"":{""value"":994776981.5614464,""score"":100.0},""L3_spread_proxy"":{""value"":0.015363434400325318,""score"":84.63656559967468},""L4_volume_zscore"":{""value"":-1.434283491789234,""score"":100.0},""_score"":98.46},""pattern_structure"":{""n_contractions"":5,""contractions_pct"":[5.98,6.06,5.01,2.81,4.68],""descending_strict"":false,""final_low"":304.5,""final_pivot"":319.44,""structural_low"":304.5,""dry_up_ratio"":1.2353670271332555,""current_price"":319.59,""neckline_distance_pct"":-0.00046935135642534894,""base_bars"":44},""pattern_geometry_features"":{""contraction_count"":5.0,""first_contraction_pct"":0.05977974251589898,""last_contraction_pct"":0.04676934635612321,""dry_up_ratio"":1.2353670271332555,""near_monotone"":0.0,""base_depth_pct"":0.05537459283387629},""_schema_version"":""1.0""}",,,,,,,,,,
20260508T181321Z-e7d442,2026-05-08T18:13:21.400575+00:00,STEP,vcp,absent,50.55,62.0,41.4,50.6,52.6,44.6,31.6,30.2,84.0,79.2,9.3,10.34,6.08,6.31,5.8,2.21,1.51,5.04,3.96,False,,55.325,57.79,48.7329,56.145,"{""trend"":{""T1_ema_stack"":{""value"":[true,true,false],""score"":66.66666666666666},""T2_ema50_slope"":{""value"":0.11968676530904494,""score"":69.94779421817415},""T3_high_proximity"":{""value"":0.88449240607514,""score"":42.246203037569984},""T4_rs_1m"":{""value"":0.10741247743899218,""score"":100},""T5_rs_3m"":{""value"":-0.181413383678956,""score"":0},""T6_adr_healthy"":{""value"":4.697012971667387,""score"":100.0},""_score"":61.99},""geometry"":{""sub_contraction_count"":100.0,""sub_reduction_rate"":0,""sub_pivot_tightness"":0,""sub_volume_dryup"":42.4,""sub_base_depth"":0.0,""sub_base_duration"":100.0,""_score"":41.36},""compression"":{""VC1_atr_ratio"":{""value"":0.4353688594322625,""score"":100},""VC2_range_contraction"":{""value"":0.9174641500407227,""score"":13.755974993212888},""VC3_range_pct_rank"":{""score"":23.33333333333333},""_score"":50.65},""sr_quality"":{""SR1_touches"":{""value"":2,""score"":25.0},""SR2_tightness"":{""value"":0.3299999999999983,""score"":74.03940167001959},""SR3_recency"":{""value"":236,""score"":0.0},""SR4_price_location"":{""score"":76.00584400988988},""SR5_reaction"":{""value"":3.5902327463166266,""score"":100},""_score"":52.61,""_levels_found"":5,""_target_level"":57.46},""volume"":{""V1_rvol_day"":{""value"":0.3576127286266332,""score"":0},""V2_rvol_sameslot"":{""value"":1.5009874306845676,""score"":66.73249537897118,""status"":""ok""},""V3_breakout_bar"":{""value"":1.3075861854109687,""score"":53.839079027397915},""V4_base_dryup"":{""value"":0.6096610849879204,""score"":89.03389150120796},""V5_bo_expansion"":{""value"":0.3576127286266332,""score"":0},""_score"":44.61},""readiness"":{""_distance_atr"":0.97,""BR1_atr_distance"":{""score"":35.36073244100811},""BR2_compression"":{""score"":0},""BR3_retest"":{""score"":50.0},""BR4_bo_age"":{""score"":50.0},""_score"":31.64},""risk"":{""R1_stop_clarity"":{""score"":41.61815443746407},""R2_stop_distance_pct"":{""value"":11.91527338454587,""score"":2.1181653863532546},""R3_stop_distance_atr"":{""value"":2.592962261606411,""score"":100.0},""R4_rr_potential"":{""value"":0.12439084513718912,""score"":0.0},""_score"":30.2},""market"":{""M1_spy_regime"":{""score"":100.0},""M3_earnings_risk"":{""value"":null,""score"":80.0},""M4_vix"":{""value"":null,""score"":60.0},""_score"":84.0},""liquidity"":{""L1_price"":{""value"":55.325,""score"":100.0},""L2_dollar_vol"":{""value"":17139172.117498975,""score"":61.69949200688127},""L3_spread_proxy"":{""value"":0.05512878445549023,""score"":44.871215544509774},""L4_volume_zscore"":{""value"":-1.6901832702210202,""score"":100.0},""_score"":79.17},""pattern_structure"":{""n_contractions"":5,""contractions_pct"":[9.9,9.28,7.96,12.26,14.39],""descending_strict"":false,""final_low"":49.475,""final_pivot"":57.79,""structural_low"":49.475,""dry_up_ratio"":0.7880822265389501,""current_price"":55.325,""neckline_distance_pct"":0.04455490284681421,""base_bars"":37},""pattern_geometry_features"":{""contraction_count"":5.0,""first_contraction_pct"":0.0989964457453481,""last_contraction_pct"":0.1438830247447655,""dry_up_ratio"":0.7880822265389501,""near_monotone"":0.0,""base_depth_pct"":-0.03439264060213262},""_schema_version"":""1.0""}",,,,,,,,,,
20260508T181321Z-e7d442,2026-05-08T18:13:21.400575+00:00,ZS,inverse_head_shoulders,forming,50.38,37.0,58.9,63.5,36.4,32.2,48.0,32.6,84.0,95.4,4.44,16.49,5.08,5.09,4.51,3.84,1.96,4.2,4.77,False,,150.825,153.46,132.7189,172.18,"{""trend"":{""T1_ema_stack"":{""value"":[true,false,false],""score"":33.33333333333333},""T2_ema50_slope"":{""value"":-0.4116052406918132,""score"":0},""T3_high_proximity"":{""value"":0.8486664415935178,""score"":24.33322079675887},""T4_rs_1m"":{""value"":0.14952126522060993,""score"":100},""T5_rs_3m"":{""value"":-0.16624334237510907,""score"":0},""T6_adr_healthy"":{""value"":4.293592177476767,""score"":100.0},""_score"":36.98},""geometry"":{""sub_head_depth"":71.3,""sub_shoulder_price_sym"":45.8,""sub_shoulder_time_sym"":0,""sub_right_shoulder_reaction"":79.5,""sub_base_context"":100.0,""_score"":58.9},""compression"":{""VC1_atr_ratio"":{""value"":0.539194982526846,""score"":100},""VC2_range_contraction"":{""value"":0.7469956611314444,""score"":42.16738981142593},""VC3_range_pct_rank"":{""score"":35.0},""_score"":63.51},""sr_quality"":{""SR1_touches"":{""value"":2,""score"":25.0},""SR2_tightness"":{""value"":0.4864999999999924,""score"":86.79782903663519},""SR3_recency"":{""value"":258,""score"":0.0},""SR4_price_location"":{""score"":3.4248005680154403},""SR5_reaction"":{""value"":2.8037313432835864,""score"":100},""_score"":36.38,""_levels_found"":7,""_target_level"":162.3865},""volume"":{""V1_rvol_day"":{""value"":0.7777156421058984,""score"":18.514376140393228},""V2_rvol_sameslot"":{""value"":1.3782973677885744,""score"":58.55315785257162,""status"":""ok""},""V3_breakout_bar"":{""value"":0.6665535744975473,""score"":11.103571633169818},""V4_base_dryup"":{""value"":0.7987826033164094,""score"":70.12173966835906},""V5_bo_expansion"":{""value"":0.7777156421058984,""score"":0},""_score"":32.21},""readiness"":{""_distance_atr"":0.358,""BR1_atr_distance"":{""score"":76.1646313885118},""BR2_compression"":{""score"":0},""BR3_retest"":{""score"":50.0},""BR4_bo_age"":{""score"":50.0},""_score"":47.97},""risk"":{""R1_stop_clarity"":{""score"":45.153324287652865},""R2_stop_distance_pct"":{""value"":12.004707442400113,""score"":0.0},""R3_stop_distance_atr"":{""value"":2.456729986431477,""score"":100.0},""R4_rr_potential"":{""value"":1.1794367644053692,""score"":8.971838220268458},""_score"":32.6},""market"":{""M1_spy_regime"":{""score"":100.0},""M3_earnings_risk"":{""value"":null,""score"":80.0},""M4_vix"":{""value"":null,""score"":60.0},""_score"":84.0},""liquidity"":{""L1_price"":{""value"":150.825,""score"":100.0},""L2_dollar_vol"":{""value"":300651239.78550696,""score"":100.0},""L3_spread_proxy"":{""value"":0.045980440908337306,""score"":54.01955909166269},""L4_volume_zscore"":{""value"":-0.8889077193779589,""score"":100.0},""_score"":95.4},""pattern_structure"":{""left_shoulder"":138.955,""left_shoulder_idx"":78,""head"":134.74,""head_idx"":84,""right_shoulder"":145.11,""right_shoulder_idx"":96,""left_to_head_bars"":6,""head_to_right_bars"":12,""structural_low"":134.74,""current_price"":151.87,""neckline_distance_pct"":0.010469480476723535,""base_bars"":18},""pattern_geometry_features"":{""head_depth_pct"":0.05134388256208978,""shoulder_price_asymmetry"":0.04333515216587753,""shoulder_time_asymmetry"":0.5,""right_shoulder_reaction"":0.7947368421052622,""atr_pct"":0.0488645781534891},""_schema_version"":""1.0""}",,,,,,,,,,
20260508T181321Z-e7d442,2026-05-08T18:13:21.400575+00:00,PGY,inverse_head_shoulders,absent,50.26,66.7,49.4,41.9,46.7,25.1,54.9,35.5,84.0,86.1,8.01,13.84,3.35,6.54,3.51,4.39,2.13,4.2,4.3,False,,14.82,14.91,12.5785,17.05,"{""trend"":{""T1_ema_stack"":{""value"":[true,true,false],""score"":66.66666666666666},""T2_ema50_slope"":{""value"":0.10102276779874972,""score"":66.83712796645828},""T3_high_proximity"":{""value"":0.9561290322580646,""score"":78.06451612903226},""T4_rs_1m"":{""value"":0.15678309182068095,""score"":100},""T5_rs_3m"":{""value"":-0.27254154163646926,""score"":0},""T6_adr_healthy"":{""value"":5.837873211366978,""score"":100.0},""_score"":66.74},""geometry"":{""sub_head_depth"":81.2,""sub_shoulder_price_sym"":11.3,""sub_shoulder_time_sym"":15.8,""sub_right_shoulder_reaction"":62.1,""sub_base_context"":100.0,""_score"":49.42},""compression"":{""VC1_atr_ratio"":{""value"":0.5558293014865382,""score"":100},""VC2_range_contraction"":{""value"":1.019371008258929,""score"":0},""VC3_range_pct_rank"":{""score"":7.499999999999996},""_score"":41.88},""sr_quality"":{""SR1_touches"":{""value"":3,""score"":50.0},""SR2_tightness"":{""value"":0.18660713336371265,""score"":59.49863780398152},""SR3_recency"":{""value"":299,""score"":0.0},""SR4_price_location"":{""score"":31.013554521545615},""SR5_reaction"":{""value"":4.168992103848857,""score"":100},""_score"":46.68,""_levels_found"":4,""_target_level"":20.5033},""volume"":{""V1_rvol_day"":{""value"":1.0520704635579186,""score"":36.80469757052791},""V2_rvol_sameslot"":{""value"":1.1418400761295706,""score"":42.78933840863804,""status"":""ok""},""V3_breakout_bar"":{""value"":0.33723679879053997,""score"":0},""V4_base_dryup"":{""value"":1.0683534510866768,""score"":43.16465489133232},""V5_bo_expansion"":{""value"":1.0520704635579188,""score"":3.471364237194585},""_score"":25.07},""readiness"":{""_distance_atr"":0.098,""BR1_atr_distance"":{""score"":93.48877588986731},""BR2_compression"":{""score"":0},""BR3_retest"":{""score"":50.0},""BR4_bo_age"":{""score"":50.0},""_score"":54.9},""risk"":{""R1_stop_clarity"":{""score"":58.425834056802806},""R2_stop_distance_pct"":{""value"":15.125168690958166,""score"":0.0},""R3_stop_distance_atr"":{""value"":2.4325390673446603,""score"":100.0},""R4_rr_potential"":{""value"":0.9948473154736679,""score"":0.0},""_score"":35.45},""market"":{""M1_spy_regime"":{""score"":100.0},""M3_earnings_risk"":{""value"":null,""score"":80.0},""M4_vix"":{""value"":null,""score"":60.0},""_score"":84.0},""liquidity"":{""L1_price"":{""value"":14.82,""score"":100.0},""L2_dollar_vol"":{""value"":60229500.19592142,""score"":88.99046296339873},""L3_spread_proxy"":{""value"":0.09527665317138995,""score"":4.7233468286100475},""L4_volume_zscore"":{""value"":0.08472194153922358,""score"":100.0},""_score"":86.07},""pattern_structure"":{""left_shoulder"":13.12,""left_shoulder_idx"":48,""head"":12.77,""head_idx"":59,""right_shoulder"":14.085,""right_shoulder_idx"":78,""left_to_head_bars"":11,""head_to_right_bars"":19,""structural_low"":12.77,""current_price"":14.9,""neckline_distance_pct"":0.0006711409395973011,""base_bars"":30},""pattern_geometry_features"":{""head_depth_pct"":0.06120198492924092,""shoulder_price_asymmetry"":0.07094284138945059,""shoulder_time_asymmetry"":0.42105263157894735,""right_shoulder_reaction"":0.6210526315789476,""atr_pct"":0.062178523231154824},""_schema_version"":""1.0""}",,,,,,,,,,
20260508T181321Z-e7d442,2026-05-08T18:13:21.400575+00:00,NTES,double_bottom,absent,50.18,30.6,48.6,39.1,59.8,56.4,22.6,52.8,84.0,92.2,4.59,12.14,3.13,8.37,7.33,1.81,3.17,5.04,4.61,True,risk_unclear,115.68,119.18,108.7933,127.91,"{""trend"":{""T1_ema_stack"":{""value"":[true,false,false],""score"":33.33333333333333},""T2_ema50_slope"":{""value"":-0.0881612157861842,""score"":35.30646403563597},""T3_high_proximity"":{""value"":0.9364526835586497,""score"":68.22634177932485},""T4_rs_1m"":{""value"":-0.06296598468768888,""score"":0},""T5_rs_3m"":{""value"":-0.12650601694334385,""score"":0},""T6_adr_healthy"":{""value"":1.770950604819398,""score"":100.0},""_score"":30.63},""geometry"":{""sub_low_similarity"":19.1,""sub_bounce_quality"":70.1,""sub_separation_fit"":73.3,""sub_right_bottom_reaction"":78.9,""sub_base_context"":30.0,""_score"":48.58},""compression"":{""VC1_atr_ratio"":{""value"":0.6966982361998107,""score"":75.82544095004731},""VC2_range_contraction"":{""value"":1.3038502225713184,""score"":0},""VC3_range_pct_rank"":{""score"":35.0},""_score"":39.08},""sr_quality"":{""SR1_touches"":{""value"":5,""score"":100},""SR2_tightness"":{""value"":0.33005454094740144,""score"":75.29663954416667},""SR3_recency"":{""value"":228,""score"":0.0},""SR4_price_location"":{""score"":14.06878070567241},""SR5_reaction"":{""value"":2.5900561347233393,""score"":100},""_score"":59.81,""_levels_found"":6,""_target_level"":119.528},""volume"":{""V1_rvol_day"":{""value"":0.6263547441481884,""score"":8.423649609879224},""V2_rvol_sameslot"":{""value"":2.2611025879074784,""score"":100,""status"":""ok""},""V3_breakout_bar"":{""value"":1.5564330426639368,""score"":70.42886951092912},""V4_base_dryup"":{""value"":0.6467851746156194,""score"":85.32148253843806},""V5_bo_expansion"":{""value"":0.6263547441481884,""score"":0},""_score"":56.36},""readiness"":{""_distance_atr"":1.31,""BR1_atr_distance"":{""score"":12.679319255101035},""BR2_compression"":{""score"":0},""BR3_retest"":{""score"":50.0},""BR4_bo_age"":{""score"":50.0},""_score"":22.57},""risk"":{""R1_stop_clarity"":{""score"":0},""R2_stop_distance_pct"":{""value"":5.95327627939143,""score"":100.0},""R3_stop_distance_atr"":{""value"":2.5772387062282864,""score"":100.0},""R4_rr_potential"":{""value"":1.775873960866881,""score"":38.79369804334405},""_score"":52.76},""market"":{""M1_spy_regime"":{""score"":100.0},""M3_earnings_risk"":{""value"":null,""score"":80.0},""M4_vix"":{""value"":null,""score"":60.0},""_score"":84.0},""liquidity"":{""L1_price"":{""value"":115.68,""score"":100.0},""L2_dollar_vol"":{""value"":50882950.97444304,""score"":85.32861452151566},""L3_spread_proxy"":{""value"":0.019839211618257153,""score"":80.16078838174285},""L4_volume_zscore"":{""value"":-1.1486678462610276,""score"":100.0},""_score"":92.15},""pattern_structure"":{""left_low"":110.45,""left_idx"":28,""right_low"":115.01,""right_idx"":62,""separation_bars"":34,""structural_low"":110.45,""current_price"":115.69,""neckline_distance_pct"":0.030166825136139764,""base_bars"":34},""pattern_geometry_features"":{""low_similarity_pct"":0.040450634258848595,""bounce_pct"":0.07904028972385699,""right_bottom_reaction"":0.7894736842105158,""atr_pct"":0.02309943687018373},""_schema_version"":""1.0""}",,,,,,,,,,
20260508T181321Z-e7d442,2026-05-08T18:13:21.400575+00:00,PGY,bull_flag,forming,50.11,66.7,54.4,41.9,46.7,19.9,17.5,77.0,84.0,86.1,9.34,16.31,3.77,4.67,2.79,1.57,2.31,5.04,4.3,False,,14.82,17.14,14.2411,20.685,"{""trend"":{""T1_ema_stack"":{""value"":[true,true,false],""score"":66.66666666666666},""T2_ema50_slope"":{""value"":0.10102276779874972,""score"":66.83712796645828},""T3_high_proximity"":{""value"":0.9561290322580646,""score"":78.06451612903226},""T4_rs_1m"":{""value"":0.15678309182068095,""score"":100},""T5_rs_3m"":{""value"":-0.27254154163646926,""score"":0},""T6_adr_healthy"":{""value"":5.837873211366978,""score"":100.0},""_score"":66.74},""geometry"":{""sub_pole_impulse"":79.8,""sub_flag_tightness"":43.6,""sub_flag_shallowness"":0,""sub_flag_drift"":63.6,""sub_flag_duration"":100.0,""_score"":54.38},""compression"":{""VC1_atr_ratio"":{""value"":0.5558293014865382,""score"":100},""VC2_range_contraction"":{""value"":1.019371008258929,""score"":0},""VC3_range_pct_rank"":{""score"":7.499999999999996},""_score"":41.88},""sr_quality"":{""SR1_touches"":{""value"":3,""score"":50.0},""SR2_tightness"":{""value"":0.18660713336371265,""score"":59.49863780398152},""SR3_recency"":{""value"":299,""score"":0.0},""SR4_price_location"":{""score"":31.013554521545615},""SR5_reaction"":{""value"":4.168992103848857,""score"":100},""_score"":46.68,""_levels_found"":4,""_target_level"":20.5033},""volume"":{""V1_rvol_day"":{""value"":1.0520704635579186,""score"":36.80469757052791},""V2_rvol_sameslot"":{""value"":1.1418400761295706,""score"":42.78933840863804,""status"":""ok""},""V3_breakout_bar"":{""value"":0.33723679879053997,""score"":0},""V4_base_dryup"":{""value"":1.3255794857419623,""score"":17.44205142580377},""V5_bo_expansion"":{""value"":1.0520704635579188,""score"":3.471364237194585},""_score"":19.93},""readiness"":{""_distance_atr"":2.518,""BR1_atr_distance"":{""score"":0},""BR2_compression"":{""score"":0},""BR3_retest"":{""score"":50.0},""BR4_bo_age"":{""score"":50.0},""_score"":17.5},""risk"":{""R1_stop_clarity"":{""score"":52.93036090785066},""R2_stop_distance_pct"":{""value"":3.906005398110662,""score"":100.0},""R3_stop_distance_atr"":{""value"":0.6281920501054199,""score"":56.409602505270996},""R4_rr_potential"":{""value"":10.131808523502686,""score"":100.0},""_score"":76.99},""market"":{""M1_spy_regime"":{""score"":100.0},""M3_earnings_risk"":{""value"":null,""score"":80.0},""M4_vix"":{""value"":null,""score"":60.0},""_score"":84.0},""liquidity"":{""L1_price"":{""value"":14.82,""score"":100.0},""L2_dollar_vol"":{""value"":60229500.19592142,""score"":88.99046296339873},""L3_spread_proxy"":{""value"":0.09527665317138995,""score"":4.7233468286100475},""L4_volume_zscore"":{""value"":0.08472194153922358,""score"":100.0},""_score"":86.07},""pattern_structure"":{""pole_low"":13.595,""pole_low_idx"":25,""peak_price"":17.14,""peak_idx"":50,""pole_gain"":0.2607576314821625,""flag_bars"":9,""flag_low"":14.458,""flag_high"":15.97,""structural_low"":14.458,""current_price"":14.9,""neckline_distance_pct"":0.15033557046979867,""base_bars"":9},""pattern_geometry_features"":{""pole_gain"":0.2607576314821625,""pullback_pct"":0.15647607934655777,""flag_range_pct"":0.08821470245040842,""flag_drift_per_bar"":-0.0072709172259506835,""atr_pct"":0.062178523231154824,""pole_atr_multiple"":4.193692901209155},""_schema_version"":""1.0""}",,,,,,,,,,
20260508T181321Z-e7d442,2026-05-08T18:13:21.400575+00:00,PCTY,double_bottom,forming,49.9,44.8,54.6,36.1,38.5,42.6,35.8,52.8,84.0,92.7,6.72,13.64,2.89,5.4,5.54,2.87,3.17,5.04,4.63,False,,110.88,114.95,100.2237,128.15,"{""trend"":{""T1_ema_stack"":{""value"":[true,false,false],""score"":33.33333333333333},""T2_ema50_slope"":{""value"":-0.2331499636604674,""score"":11.14167272325544},""T3_high_proximity"":{""value"":0.9232306411323897,""score"":61.61532056619484},""T4_rs_1m"":{""value"":0.08052768154805245,""score"":100},""T5_rs_3m"":{""value"":-0.12674889768119768,""score"":0},""T6_adr_healthy"":{""value"":4.249499083770057,""score"":100.0},""_score"":44.8},""geometry"":{""sub_low_similarity"":2.8,""sub_bounce_quality"":100,""sub_separation_fit"":20.0,""sub_right_bottom_reaction"":71.5,""sub_base_context"":100.0,""_score"":54.56},""compression"":{""VC1_atr_ratio"":{""value"":0.6448852712045348,""score"":88.7786821988663},""VC2_range_contraction"":{""value"":1.0601149323802674,""score"":0},""VC3_range_pct_rank"":{""score"":2.500000000000002},""_score"":36.14},""sr_quality"":{""SR1_touches"":{""value"":3,""score"":50.0},""SR2_tightness"":{""value"":0.8543936134280681,""score"":65.89976313023176},""SR3_recency"":{""value"":309,""score"":0.0},""SR4_price_location"":{""score"":1.2744685211373294},""SR5_reaction"":{""value"":1.780051790083861,""score"":89.00258950419305},""_score"":38.55,""_levels_found"":5,""_target_level"":143.1567},""volume"":{""V1_rvol_day"":{""value"":1.2159315569614815,""score"":47.728770464098766},""V2_rvol_sameslot"":{""value"":1.7630565185344058,""score"":84.20376790229372,""status"":""ok""},""V3_breakout_bar"":{""value"":0.5224286568436,""score"":1.4952437895733306},""V4_base_dryup"":{""value"":0.8139976025649995,""score"":68.60023974350005},""V5_bo_expansion"":{""value"":1.2159315569614815,""score"":14.395437130765432},""_score"":42.64},""readiness"":{""_distance_atr"":0.812,""BR1_atr_distance"":{""score"":45.853229753165515},""BR2_compression"":{""score"":0},""BR3_retest"":{""score"":50.0},""BR4_bo_age"":{""score"":50.0},""_score"":35.84},""risk"":{""R1_stop_clarity"":{""score"":39.08488347231113},""R2_stop_distance_pct"":{""value"":9.610615079365079,""score"":59.73462301587303},""R3_stop_distance_atr"":{""value"":2.1265412301332764,""score"":100.0},""R4_rr_potential"":{""value"":1.6206451612903234,""score"":31.03225806451617},""_score"":52.81},""market"":{""M1_spy_regime"":{""score"":100.0},""M3_earnings_risk"":{""value"":null,""score"":80.0},""M4_vix"":{""value"":null,""score"":60.0},""_score"":84.0},""liquidity"":{""L1_price"":{""value"":110.88,""score"":100.0},""L2_dollar_vol"":{""value"":100927459.5032088,""score"":100.0},""L3_spread_proxy"":{""value"":0.07332251082251091,""score"":26.67748917748908},""L4_volume_zscore"":{""value"":0.6692960359212111,""score"":100.0},""_score"":92.67},""pattern_structure"":{""left_low"":101.75,""left_idx"":34,""right_low"":106.82,""right_idx"":76,""separation_bars"":42,""structural_low"":101.75,""current_price"":111.115,""neckline_distance_pct"":0.03451379201727947,""base_bars"":42},""pattern_geometry_features"":{""low_similarity_pct"":0.048616771347748895,""bounce_pct"":0.12972972972972976,""right_bottom_reaction"":0.7152521525215259,""atr_pct"":0.04519364564007421},""_schema_version"":""1.0""}",,,,,,,,,,
20260508T181321Z-e7d442,2026-05-08T18:13:21.400575+00:00,FTAI,double_bottom,breakout_confirmed,49.83,44.4,79.0,18.1,49.3,3.4,34.6,37.0,84.0,92.1,6.66,19.74,1.44,6.91,0.44,2.77,2.22,5.04,4.6,False,,267.355,250.865,233.445,264.73,"{""trend"":{""T1_ema_stack"":{""value"":[true,true,true],""score"":100.0},""T2_ema50_slope"":{""value"":-0.11775131258773203,""score"":30.374781235377995},""T3_high_proximity"":{""value"":0.8623242162301639,""score"":31.16210811508191},""T4_rs_1m"":{""value"":-0.036711518939838594,""score"":13.288481060161402},""T5_rs_3m"":{""value"":-0.08688254159978681,""score"":6.5587292001065975},""T6_adr_healthy"":{""value"":6.570539844740184,""score"":100.0},""_score"":44.39},""geometry"":{""sub_low_similarity"":74.5,""sub_bounce_quality"":40.7,""sub_separation_fit"":100.0,""sub_right_bottom_reaction"":89.9,""sub_base_context"":100.0,""_score"":78.97},""compression"":{""VC1_atr_ratio"":{""value"":0.8527892152967923,""score"":36.80269617580193},""VC2_range_contraction"":{""value"":1.2308405507169622,""score"":0},""VC3_range_pct_rank"":{""score"":13.33333333333333},""_score"":18.05},""sr_quality"":{""SR1_touches"":{""value"":2,""score"":25.0},""SR2_tightness"":{""value"":1.1399999999999864,""score"":88.12663435464626},""SR3_recency"":{""value"":238,""score"":0.0},""SR4_price_location"":{""score"":54.429998628824826},""SR5_reaction"":{""value"":2.3516294260090698,""score"":100},""_score"":49.33,""_levels_found"":5,""_target_level"":276.86},""volume"":{""V1_rvol_day"":{""value"":0.29901338311619957,""score"":0},""V2_rvol_sameslot"":{""value"":0.6926786735034627,""score"":12.845244900230846,""status"":""ok""},""V3_breakout_bar"":{""value"":0.5476768778380934,""score"":3.1784585225395587},""V4_base_dryup"":{""value"":1.7008688476625196,""score"":0},""V5_bo_expansion"":{""value"":0.29901338311619957,""score"":0},""_score"":3.36},""readiness"":{""_distance_atr"":-0.859,""BR1_atr_distance"":{""score"":42.82528074632583},""BR2_compression"":{""score"":0},""BR3_retest"":{""score"":50.0},""BR4_bo_age"":{""score"":50.0},""_score"":34.63},""risk"":{""R1_stop_clarity"":{""score"":62.97384660593586},""R2_stop_distance_pct"":{""value"":12.683510688036515,""score"":0.0},""R3_stop_distance_atr"":{""value"":1.7659027589208345,""score"":100.0},""R4_rr_potential"":{""value"":-0.07741079327631961,""score"":0.0},""_score"":37.04},""market"":{""M1_spy_regime"":{""score"":100.0},""M3_earnings_risk"":{""value"":null,""score"":80.0},""M4_vix"":{""value"":null,""score"":60.0},""_score"":84.0},""liquidity"":{""L1_price"":{""value"":267.355,""score"":100.0},""L2_dollar_vol"":{""value"":126241651.46222752,""score"":100.0},""L3_spread_proxy"":{""value"":0.0790634175534401,""score"":20.93658244655991},""L4_volume_zscore"":{""value"":-1.4899280331590172,""score"":100.0},""_score"":92.09},""pattern_structure"":{""left_low"":237.0,""left_idx"":46,""right_low"":240.04,""right_idx"":60,""separation_bars"":14,""structural_low"":237.0,""current_price"":270.0375,""neckline_distance_pct"":-0.07099939823172711,""base_bars"":14},""pattern_geometry_features"":{""low_similarity_pct"":0.012745262451785982,""bounce_pct"":0.05850210970464139,""right_bottom_reaction"":0.8985507246376795,""atr_pct"":0.0718245136883277},""_schema_version"":""1.0""}",,,,,,,,,,
20260508T181321Z-e7d442,2026-05-08T18:13:21.400575+00:00,INOD,vcp,breakout_confirmed,49.79,82.0,45.0,0.0,48.2,70.5,17.5,27.9,84.0,72.5,12.31,11.25,0.0,5.79,9.16,1.23,1.4,5.04,3.62,False,,83.605,48.92,39.0454,57.81,"{""trend"":{""T1_ema_stack"":{""value"":[true,true,false],""score"":66.66666666666666},""T2_ema50_slope"":{""value"":0.01108566673452347,""score"":51.84761112242058},""T3_high_proximity"":{""value"":1.0,""score"":99.99999999999997},""T4_rs_1m"":{""value"":1.2321467485638034,""score"":100},""T5_rs_3m"":{""value"":0.6891707144277126,""score"":100},""T6_adr_healthy"":{""value"":7.246744395750474,""score"":100.0},""_score"":82.04},""geometry"":{""sub_contraction_count"":100.0,""sub_reduction_rate"":0,""sub_pivot_tightness"":0,""sub_volume_dryup"":0,""sub_base_depth"":100.0,""sub_base_duration"":100.0,""_score"":45.0},""compression"":{""VC1_atr_ratio"":{""value"":1.417350165782113,""score"":0},""VC2_range_contraction"":{""value"":1.0485806937963946,""score"":0},""VC3_range_pct_rank"":{""score"":0.0},""_score"":0.0},""sr_quality"":{""SR1_touches"":{""value"":3,""score"":50.0},""SR2_tightness"":{""value"":0.8355038400071342,""score"":71.59206253258506},""SR3_recency"":{""value"":292,""score"":0.0},""SR4_price_location"":{""score"":30.0},""SR5_reaction"":{""value"":2.3585336591305883,""score"":100},""_score"":48.24,""_levels_found"":6,""_target_level"":65.99},""volume"":{""V1_rvol_day"":{""value"":8.882176448426987,""score"":100},""V2_rvol_sameslot"":{""value"":10.914243698181352,""score"":100,""status"":""ok""},""V3_breakout_bar"":{""value"":0.8372511644579674,""score"":22.483410963864493},""V4_base_dryup"":{""value"":1.0067210467749872,""score"":49.32789532250128},""V5_bo_expansion"":{""value"":8.882176448426987,""score"":100},""_score"":70.49},""readiness"":{""_distance_atr"":-5.897,""BR1_atr_distance"":{""score"":0},""BR2_compression"":{""score"":0},""BR3_retest"":{""score"":50.0},""BR4_bo_age"":{""score"":50.0},""_score"":17.5},""risk"":{""R1_stop_clarity"":{""score"":79.78302575128717},""R2_stop_distance_pct"":{""value"":53.29776927217272,""score"":0.0},""R3_stop_distance_atr"":{""value"":7.575347172325469,""score"":0.0},""R4_rr_potential"":{""value"":-0.5788876022226411,""score"":0.0},""_score"":27.92},""market"":{""M1_spy_regime"":{""score"":100.0},""M3_earnings_risk"":{""value"":null,""score"":80.0},""M4_vix"":{""value"":null,""score"":60.0},""_score"":84.0},""liquidity"":{""L1_price"":{""value"":83.605,""score"":100.0},""L2_dollar_vol"":{""value"":1380794499.0063345,""score"":100.0},""L3_spread_proxy"":{""value"":0.22821601578852937,""score"":0},""L4_volume_zscore"":{""value"":4.212437028575764,""score"":30.0},""_score"":72.5},""pattern_structure"":{""n_contractions"":5,""contractions_pct"":[15.51,10.27,25.44,19.26,18.97],""descending_strict"":false,""final_low"":39.64,""final_pivot"":48.92,""structural_low"":39.64,""dry_up_ratio"":2.654564998251231,""current_price"":83.605,""neckline_distance_pct"":-0.41486753184618147,""base_bars"":42},""pattern_geometry_features"":{""contraction_count"":5.0,""first_contraction_pct"":0.1551205439934061,""last_contraction_pct"":0.18969746524938677,""dry_up_ratio"":2.654564998251231,""near_monotone"":0.0,""base_depth_pct"":0.1831856583556563},""_schema_version"":""1.0""}",,,,,,,,,,
20260508T181321Z-e7d442,2026-05-08T18:13:21.400575+00:00,IE,ascending_triangle,forming,49.72,37.5,57.2,47.2,53.7,22.6,38.8,46.9,84.0,81.0,5.63,16.02,3.78,7.51,2.71,3.1,1.88,5.04,4.05,False,,13.73,14.36,12.1647,16.37,"{""trend"":{""T1_ema_stack"":{""value"":[true,false,true],""score"":66.66666666666666},""T2_ema50_slope"":{""value"":-0.01881467381136828,""score"":46.86422103143862},""T3_high_proximity"":{""value"":0.7636262513904338,""score"":0},""T4_rs_1m"":{""value"":-0.017600871508006044,""score"":32.399128491993956},""T5_rs_3m"":{""value"":-0.26795536602824954,""score"":0},""T6_adr_healthy"":{""value"":5.674158545342399,""score"":100.0},""_score"":37.52},""geometry"":{""sub_flat_top_quality"":33.3,""sub_hl_slope"":85.9,""sub_compression"":25.9,""sub_duration"":100.0,""_score"":57.23},""compression"":{""VC1_atr_ratio"":{""value"":0.5540645260757723,""score"":100},""VC2_range_contraction"":{""value"":0.9874878767168902,""score"":2.0853538805183},""VC3_range_pct_rank"":{""score"":25.83333333333333},""_score"":47.19},""sr_quality"":{""SR1_touches"":{""value"":3,""score"":50.0},""SR2_tightness"":{""value"":0.06903623847098113,""score"":84.59749261205202},""SR3_recency"":{""value"":237,""score"":0.0},""SR4_price_location"":{""score"":43.86759241150013},""SR5_reaction"":{""value"":2.634491367861886,""score"":100},""_score"":53.66,""_levels_found"":6,""_target_level"":15.6434},""volume"":{""V1_rvol_day"":{""value"":1.064680510211892,""score"":37.64536734745946},""V2_rvol_sameslot"":{""value"":0.9925090041883008,""score"":32.83393361255339,""status"":""ok""},""V3_breakout_bar"":{""value"":0.5906528417539784,""score"":6.043522783598557},""V4_base_dryup"":{""value"":1.1823657696540897,""score"":31.76342303459103},""V5_bo_expansion"":{""value"":1.064680510211892,""score"":4.312034014126128},""_score"":22.61},""readiness"":{""_distance_atr"":0.703,""BR1_atr_distance"":{""score"":53.14741035856581},""BR2_compression"":{""score"":0},""BR3_retest"":{""score"":50.0},""BR4_bo_age"":{""score"":50.0},""_score"":38.76},""risk"":{""R1_stop_clarity"":{""score"":58.66932270916336},""R2_stop_distance_pct"":{""value"":11.400218499635839,""score"":14.994537509104022},""R3_stop_distance_atr"":{""value"":1.7460956175298814,""score"":100.0},""R4_rr_potential"":{""value"":1.6866315285098201,""score"":34.33157642549101},""_score"":46.9},""market"":{""M1_spy_regime"":{""score"":100.0},""M3_earnings_risk"":{""value"":null,""score"":80.0},""M4_vix"":{""value"":null,""score"":60.0},""_score"":84.0},""liquidity"":{""L1_price"":{""value"":13.73,""score"":100.0},""L2_dollar_vol"":{""value"":28030410.13719914,""score"":72.38147261726739},""L3_spread_proxy"":{""value"":0.07938820101966496,""score"":20.61179898033504},""L4_volume_zscore"":{""value"":0.23173125199890143,""score"":100.0},""_score"":81.01},""pattern_structure"":{""top"":14.36,""top_touches"":2,""low_slope_per_bar"":0.031841550779603864,""lowest_low"":12.35,""structural_low"":12.35,""current_price"":13.8,""neckline_distance_pct"":0.04057971014492744,""base_bars"":37},""pattern_geometry_features"":{""top_touches"":2.0,""low_slope"":0.031841550779603864,""compression"":0.12968377490891048,""atr_pct"":0.06528977213609405},""_schema_version"":""1.0""}",,,,,,,,,,
20260508T181321Z-e7d442,2026-05-08T18:13:21.400575+00:00,UEC,vcp,absent,49.66,66.3,42.3,52.3,49.8,19.6,40.5,40.1,84.0,89.5,9.95,10.57,6.27,5.97,2.55,2.84,2.01,5.04,4.47,False,,15.245,15.98,13.1694,17.79,"{""trend"":{""T1_ema_stack"":{""value"":[true,true,true],""score"":100.0},""T2_ema50_slope"":{""value"":0.11879611652121504,""score"":69.79935275353584},""T3_high_proximity"":{""value"":0.8915204678362572,""score"":45.760233918128556},""T4_rs_1m"":{""value"":0.02753913315059786,""score"":77.53913315059786},""T5_rs_3m"":{""value"":-0.12188631634120528,""score"":0},""T6_adr_healthy"":{""value"":6.764140546330302,""score"":100.0},""_score"":66.33},""geometry"":{""sub_contraction_count"":100.0,""sub_reduction_rate"":1.4,""sub_pivot_tightness"":0,""sub_volume_dryup"":0,""sub_base_depth"":69.2,""sub_base_duration"":100.0,""_score"":42.27},""compression"":{""VC1_atr_ratio"":{""value"":0.616820310025764,""score"":95.794922493559},""VC2_range_contraction"":{""value"":1.1143740624422172,""score"":0},""VC3_range_pct_rank"":{""score"":55.833333333333336},""_score"":52.28},""sr_quality"":{""SR1_touches"":{""value"":2,""score"":25.0},""SR2_tightness"":{""value"":0.21999999999999975,""score"":61.89156417807038},""SR3_recency"":{""value"":238,""score"":0.0},""SR4_price_location"":{""score"":83.97293863925084},""SR5_reaction"":{""value"":1.595790750043304,""score"":79.7895375021652},""_score"":49.75,""_levels_found"":5,""_target_level"":15.4},""volume"":{""V1_rvol_day"":{""value"":0.47259966254885577,""score"":0},""V2_rvol_sameslot"":{""value"":0.9462816798726782,""score"":29.75211199151188,""status"":""ok""},""V3_breakout_bar"":{""value"":0.5827534971799119,""score"":5.516899811994125},""V4_base_dryup"":{""value"":0.8871825904217515,""score"":61.28174095782485},""V5_bo_expansion"":{""value"":0.47259966254885577,""score"":0},""_score"":19.59},""readiness"":{""_distance_atr"":0.637,""BR1_atr_distance"":{""score"":57.561060107396436},""BR2_compression"":{""score"":0},""BR3_retest"":{""score"":50.0},""BR4_bo_age"":{""score"":50.0},""_score"":40.52},""risk"":{""R1_stop_clarity"":{""score"":65.26069634505461},""R2_stop_distance_pct"":{""value"":13.61462774680223,""score"":0.0},""R3_stop_distance_atr"":{""value"":1.7976355447774115,""score"":100.0},""R4_rr_potential"":{""value"":1.2261810122618102,""score"":11.309050613090509},""_score"":40.1},""market"":{""M1_spy_regime"":{""score"":100.0},""M3_earnings_risk"":{""value"":null,""score"":80.0},""M4_vix"":{""value"":null,""score"":60.0},""_score"":84.0},""liquidity"":{""L1_price"":{""value"":15.245,""score"":100.0},""L2_dollar_vol"":{""value"":62752264.46662922,""score"":89.88147011531682},""L3_spread_proxy"":{""value"":0.06493932436864547,""score"":35.06067563135453},""L4_volume_zscore"":{""value"":-2.1823192885392255,""score"":100.0},""_score"":89.46},""pattern_structure"":{""n_contractions"":5,""contractions_pct"":[21.74,11.56,12.83,11.23,16.33],""descending_strict"":false,""final_low"":13.37,""final_pivot"":15.98,""structural_low"":13.37,""dry_up_ratio"":1.1091996430604611,""current_price"":15.245,""neckline_distance_pct"":0.04821252869793383,""base_bars"":35},""pattern_geometry_features"":{""contraction_count"":5.0,""first_contraction_pct"":0.21739130434782603,""last_contraction_pct"":0.16332916145181484,""dry_up_ratio"":1.1091996430604611,""near_monotone"":0.0,""base_depth_pct"":0.119235836627141},""_schema_version"":""1.0""}",,,,,,,,,,
20260508T181321Z-e7d442,2026-05-08T18:13:21.400575+00:00,HBAN,double_bottom,forming,49.64,19.6,61.3,58.9,61.5,27.9,18.1,50.2,84.0,98.3,2.95,15.32,4.71,8.61,3.63,1.45,3.01,5.04,4.92,True,risk_unclear,16.04,16.796,15.8634,17.487,"{""trend"":{""T1_ema_stack"":{""value"":[false,false,false],""score"":0.0},""T2_ema50_slope"":{""value"":0.03975679648017712,""score"":56.626132746696186},""T3_high_proximity"":{""value"":0.8442105263157894,""score"":22.105263157894683},""T4_rs_1m"":{""value"":-0.11757543983700491,""score"":0},""T5_rs_3m"":{""value"":-0.23522397847818777,""score"":0},""T6_adr_healthy"":{""value"":2.3108948271177234,""score"":100.0},""_score"":19.64},""geometry"":{""sub_low_similarity"":91.9,""sub_bounce_quality"":18.4,""sub_separation_fit"":73.3,""sub_right_bottom_reaction"":87.0,""sub_base_context"":30.0,""_score"":61.29},""compression"":{""VC1_atr_ratio"":{""value"":0.6136947918624606,""score"":96.57630203438485},""VC2_range_contraction"":{""value"":0.9641115967666808,""score"":5.981400538886535},""VC3_range_pct_rank"":{""score"":72.5},""_score"":58.85},""sr_quality"":{""SR1_touches"":{""value"":3,""score"":50.0},""SR2_tightness"":{""value"":0.07575545451575626,""score"":63.371564040041875},""SR3_recency"":{""value"":234,""score"":0.0},""SR4_price_location"":{""score"":92.4346629986246},""SR5_reaction"":{""value"":1.8534507569216607,""score"":92.67253784608303},""_score"":61.52,""_levels_found"":6,""_target_level"":16.1317},""volume"":{""V1_rvol_day"":{""value"":0.6405807754781618,""score"":9.372051698544121},""V2_rvol_sameslot"":{""value"":1.131459201221739,""score"":42.09728008144927,""status"":""ok""},""V3_breakout_bar"":{""value"":0.5706819439079597,""score"":4.7121295938639784},""V4_base_dryup"":{""value"":0.6759645135931008,""score"":82.40354864068992},""V5_bo_expansion"":{""value"":0.6405807754781618,""score"":0},""_score"":27.95},""readiness"":{""_distance_atr"":1.828,""BR1_atr_distance"":{""score"":0},""BR2_compression"":{""score"":2.568037115589524},""BR3_retest"":{""score"":50.0},""BR4_bo_age"":{""score"":50.0},""_score"":18.14},""risk"":{""R1_stop_clarity"":{""score"":0},""R2_stop_distance_pct"":{""value"":1.100841645885285,""score"":77.52104114713212},""R3_stop_distance_atr"":{""value"":0.426877914004489,""score"":46.343895700224444},""R4_rr_potential"":{""value"":8.194818065977639,""score"":100.0},""_score"":50.21},""market"":{""M1_spy_regime"":{""score"":100.0},""M3_earnings_risk"":{""value"":null,""score"":80.0},""M4_vix"":{""value"":null,""score"":60.0},""_score"":84.0},""liquidity"":{""L1_price"":{""value"":16.04,""score"":100.0},""L2_dollar_vol"":{""value"":214393686.5574,""score"":100.0},""L3_spread_proxy"":{""value"":0.016832917705735636,""score"":83.16708229426436},""L4_volume_zscore"":{""value"":-1.0528733825698129,""score"":100.0},""_score"":98.32},""pattern_structure"":{""left_low"":16.17,""left_idx"":40,""right_low"":16.105,""right_idx"":74,""separation_bars"":34,""structural_low"":16.105,""current_price"":16.105,""neckline_distance_pct"":0.04290592983545476,""base_bars"":34},""pattern_geometry_features"":{""low_similarity_pct"":0.004027885360185981,""bounce_pct"":0.04290592983545476,""right_bottom_reaction"":0.8695652173912977,""atr_pct"":0.02578820805130032},""_schema_version"":""1.0""}",,,,,,,,,,
20260508T181321Z-e7d442,2026-05-08T18:13:21.400575+00:00,TTWO,breakout_retest_hold,breakout_confirmed,49.49,77.2,20.0,63.8,61.6,35.5,43.6,43.9,84.0,98.5,10.81,4.4,3.83,8.63,4.62,7.85,2.2,4.2,2.96,True,risk_unclear,220.98,217.36,217.5129,212.66,"{""trend"":{""T1_ema_stack"":{""value"":[true,true,false],""score"":66.66666666666666},""T2_ema50_slope"":{""value"":0.10586084015325714,""score"":67.6434733588762},""T3_high_proximity"":{""value"":0.9813482547295497,""score"":90.67412736477482},""T4_rs_1m"":{""value"":0.031355905396258654,""score"":81.35590539625866},""T5_rs_3m"":{""value"":0.06220644327635183,""score"":81.10322163817591},""T6_adr_healthy"":{""value"":2.669457013666442,""score"":100.0},""_score"":77.23},""geometry"":{""sub_retest_depth"":0.0,""sub_retest_timing"":0.0,""sub_retest_freshness"":100.0,""sub_hold_quality"":0.0,""_score"":20.0},""compression"":{""VC1_atr_ratio"":{""value"":0.4207705799812078,""score"":100},""VC2_range_contraction"":{""value"":0.970397027610419,""score"":4.933828731596831},""VC3_range_pct_rank"":{""score"":88.33333333333333},""_score"":63.81},""sr_quality"":{""SR1_touches"":{""value"":2,""score"":25.0},""SR2_tightness"":{""value"":0.06999999999999318,""score"":97.63406178478677},""SR3_recency"":{""value"":235,""score"":0.0},""SR4_price_location"":{""score"":97.8440076093847},""SR5_reaction"":{""value"":2.3701631048834897,""score"":100},""_score"":61.61,""_levels_found"":6,""_target_level"":221.15},""volume"":{""V1_rvol_day"":{""value"":0.6373969734290305,""score"":9.15979822860203},""V2_rvol_sameslot"":{""value"":1.4531984779778597,""score"":63.546565198523986,""status"":""ok""},""V3_breakout_bar"":{""value"":0.7039595344220961,""score"":13.59730229480641},""V4_base_dryup"":{""value"":0.619990386567115,""score"":88.0009613432885},""V5_bo_expansion"":{""value"":0.6373969734290306,""score"":0},""_score"":35.54},""readiness"":{""_distance_atr"":-0.612,""BR1_atr_distance"":{""score"":47.76471951561045},""BR2_compression"":{""score"":0},""BR3_retest"":{""score"":100},""BR4_bo_age"":{""score"":30.0},""_score"":43.61},""risk"":{""R1_stop_clarity"":{""score"":25.739959247921178},""R2_stop_distance_pct"":{""value"":1.568965517241374,""score"":89.22413793103433},""R3_stop_distance_atr"":{""value"":0.5859245989976125,""score"":54.296229949880626},""R4_rr_potential"":{""value"":-2.3997000374953115,""score"":0.0},""_score"":43.92},""market"":{""M1_spy_regime"":{""score"":100.0},""M3_earnings_risk"":{""value"":null,""score"":80.0},""M4_vix"":{""value"":null,""score"":60.0},""_score"":84.0},""liquidity"":{""L1_price"":{""value"":220.98,""score"":100.0},""L2_dollar_vol"":{""value"":207273075.95868826,""score"":100.0},""L3_spread_proxy"":{""value"":0.014797719250610833,""score"":85.20228074938916},""L4_volume_zscore"":{""value"":-1.408053543698586,""score"":100.0},""_score"":98.52},""pattern_structure"":{""level"":217.36,""level_idx"":46,""breakout_idx"":52,""bo_peak_idx"":72,""bo_peak_price"":227.02,""retest_idx"":76,""retest_low"":219.71,""structural_low"":219.71,""current_price"":221.78,""neckline_distance_pct"":-0.0199296600234466,""base_bars"":33,""bars_since_breakout"":27},""pattern_geometry_features"":{""retest_depth_atr"":-1.2998814697747922,""bars_breakout_to_retest"":24.0,""bars_since_retest"":3.0,""current_above_level_atr"":2.444883445278544,""bo_peak_excess_pct"":0.044442399705557585,""atr_pct"":0.026777601075727613},""_schema_version"":""1.0""}",,,,,,,,,,
20260508T181321Z-e7d442,2026-05-08T18:13:21.400575+00:00,EXLS,vcp,forming,49.24,26.8,57.2,45.8,69.8,18.2,26.1,73.2,84.0,82.5,4.03,14.31,5.5,8.37,2.37,1.83,3.66,5.04,4.13,True,risk_unclear,31.095,32.465,29.2447,45.9646,"{""trend"":{""T1_ema_stack"":{""value"":[false,false,false],""score"":0.0},""T2_ema50_slope"":{""value"":-0.08472006814914902,""score"":35.879988641808495},""T3_high_proximity"":{""value"":0.9552995391705069,""score"":77.64976958525344},""T4_rs_1m"":{""value"":-0.039915044477200956,""score"":10.084955522799042},""T5_rs_3m"":{""value"":-0.08669109282045007,""score"":6.654453589774967},""T6_adr_healthy"":{""value"":3.298171714338932,""score"":100.0},""_score"":26.84},""geometry"":{""sub_contraction_count"":100.0,""sub_reduction_rate"":41.6,""sub_pivot_tightness"":20.7,""sub_volume_dryup"":0,""sub_base_depth"":87.4,""sub_base_duration"":100.0,""_score"":57.24},""compression"":{""VC1_atr_ratio"":{""value"":0.31464066164198556,""score"":100},""VC2_range_contraction"":{""value"":1.3523798386491028,""score"":0},""VC3_range_pct_rank"":{""score"":23.33333333333333},""_score"":45.83},""sr_quality"":{""SR1_touches"":{""value"":4,""score"":75.0},""SR2_tightness"":{""value"":0.20141297748655612,""score"":65.42160477253401},""SR3_recency"":{""value"":245,""score"":0.0},""SR4_price_location"":{""score"":89.77914740626602},""SR5_reaction"":{""value"":2.2411202060148976,""score"":100},""_score"":69.76,""_levels_found"":5,""_target_level"":31.3438},""volume"":{""V1_rvol_day"":{""value"":0.2826702250306542,""score"":0},""V2_rvol_sameslot"":{""value"":0.7338927741565625,""score"":15.5928516104375,""status"":""ok""},""V3_breakout_bar"":{""value"":0.9068836345770529,""score"":27.125575638470195},""V4_base_dryup"":{""value"":1.0828352974954114,""score"":41.71647025045886},""V5_bo_expansion"":{""value"":0.2826702250306542,""score"":0},""_score"":18.24},""readiness"":{""_distance_atr"":1.176,""BR1_atr_distance"":{""score"":21.599885547277964},""BR2_compression"":{""score"":0},""BR3_retest"":{""score"":50.0},""BR4_bo_age"":{""score"":50.0},""_score"":26.14},""risk"":{""R1_stop_clarity"":{""score"":23.54272050032175},""R2_stop_distance_pct"":{""value"":5.950635150345711,""score"":100.0},""R3_stop_distance_atr"":{""value"":1.5883319537692735,""score"":100.0},""R4_rr_potential"":{""value"":8.036101278136577,""score"":100.0},""_score"":73.24},""market"":{""M1_spy_regime"":{""score"":100.0},""M3_earnings_risk"":{""value"":null,""score"":80.0},""M4_vix"":{""value"":null,""score"":60.0},""_score"":84.0},""liquidity"":{""L1_price"":{""value"":31.095,""score"":100.0},""L2_dollar_vol"":{""value"":20106129.97550799,""score"":65.1664242856186},""L3_spread_proxy"":{""value"":0.03537546229297308,""score"":64.62453770702692},""L4_volume_zscore"":{""value"":-1.7863560154177387,""score"":100.0},""_score"":82.53},""pattern_structure"":{""n_contractions"":5,""contractions_pct"":[33.73,13.1,6.73,8.42,8.55],""descending_strict"":false,""final_low"":29.69,""final_pivot"":32.465,""structural_low"":29.69,""dry_up_ratio"":1.2654861516682687,""current_price"":31.095,""neckline_distance_pct"":0.04405853031033943,""base_bars"":61},""pattern_geometry_features"":{""contraction_count"":5.0,""first_contraction_pct"":0.33734047085409447,""last_contraction_pct"":0.0854766671800401,""dry_up_ratio"":1.2654861516682687,""near_monotone"":0.0,""base_depth_pct"":0.3125659881082482},""_schema_version"":""1.0""}",,,,,,,,,,
20260508T181321Z-e7d442,2026-05-08T18:13:21.400575+00:00,CTRE,ascending_triangle,breakout_confirmed,49.22,66.3,45.4,48.5,39.2,30.0,28.4,45.0,84.0,90.0,9.94,12.7,3.88,5.49,3.6,2.27,1.8,5.04,4.5,True,risk_unclear,41.34,39.72,38.218,40.64,"{""trend"":{""T1_ema_stack"":{""value"":[true,true,true],""score"":100.0},""T2_ema50_slope"":{""value"":0.03540315434449725,""score"":55.900525724082875},""T3_high_proximity"":{""value"":1.0,""score"":99.99999999999997},""T4_rs_1m"":{""value"":-0.03571669784301057,""score"":14.283302156989429},""T5_rs_3m"":{""value"":-0.0032392869810766722,""score"":48.38035650946166},""T6_adr_healthy"":{""value"":2.22060905227137,""score"":100.0},""_score"":66.29},""geometry"":{""sub_flat_top_quality"":100,""sub_hl_slope"":1.2,""sub_compression"":0,""sub_duration"":100.0,""_score"":45.36},""compression"":{""VC1_atr_ratio"":{""value"":0.5416342398799379,""score"":100},""VC2_range_contraction"":{""value"":0.8901960352606437,""score"":18.300660789892714},""VC3_range_pct_rank"":{""score"":8.333333333333337},""_score"":48.49},""sr_quality"":{""SR1_touches"":{""value"":2,""score"":25.0},""SR2_tightness"":{""value"":0.19000000000000128,""score"":61.44843728486828},""SR3_recency"":{""value"":262,""score"":0.0},""SR4_price_location"":{""score"":30.0},""SR5_reaction"":{""value"":3.591382421356983,""score"":100},""_score"":39.22,""_levels_found"":5,""_target_level"":41.17},""volume"":{""V1_rvol_day"":{""value"":0.6108003044403891,""score"":7.386686962692608},""V2_rvol_sameslot"":{""value"":1.1684159851227347,""score"":44.56106567484898,""status"":""ok""},""V3_breakout_bar"":{""value"":0.5590385762812315,""score"":3.9359050854154365},""V4_base_dryup"":{""value"":0.569150098758832,""score"":93.0849901241168},""V5_bo_expansion"":{""value"":0.6108003044403891,""score"":0},""_score"":29.99},""readiness"":{""_distance_atr"":-1.644,""BR1_atr_distance"":{""score"":27.12972021130887},""BR2_compression"":{""score"":0},""BR3_retest"":{""score"":50.0},""BR4_bo_age"":{""score"":50.0},""_score"":28.35},""risk"":{""R1_stop_clarity"":{""score"":0},""R2_stop_distance_pct"":{""value"":7.552007740687003,""score"":100.0},""R3_stop_distance_atr"":{""value"":3.167315231490545,""score"":100.0},""R4_rr_potential"":{""value"":-0.2242152466367717,""score"":0.0},""_score"":45.0},""market"":{""M1_spy_regime"":{""score"":100.0},""M3_earnings_risk"":{""value"":null,""score"":80.0},""M4_vix"":{""value"":null,""score"":60.0},""_score"":84.0},""liquidity"":{""L1_price"":{""value"":41.34,""score"":100.0},""L2_dollar_vol"":{""value"":45951630.0576294,""score"":83.11504609348108},""L3_spread_proxy"":{""value"":0.03289791969037251,""score"":67.1020803096275},""L4_volume_zscore"":{""value"":-1.3378009886569011,""score"":100.0},""_score"":89.96},""pattern_structure"":{""top"":39.72,""top_touches"":5,""low_slope_per_bar"":0.0014133934320674322,""lowest_low"":38.8,""structural_low"":38.8,""current_price"":41.12,""neckline_distance_pct"":-0.03404669260700386,""base_bars"":31},""pattern_geometry_features"":{""top_touches"":5.0,""low_slope"":0.0014133934320674322,""compression"":-0.06215186162415498,""atr_pct"":0.023843562098279092},""_schema_version"":""1.0""}",,,,,,,,,,
20260508T181321Z-e7d442,2026-05-08T18:13:21.400575+00:00,APPF,vcp,forming,49.19,40.3,51.8,52.4,46.7,24.0,28.1,76.8,84.0,87.1,6.04,12.95,6.28,5.6,3.12,1.97,3.84,5.04,4.36,False,,166.21,175.71,157.6,242.9975,"{""trend"":{""T1_ema_stack"":{""value"":[true,false,false],""score"":33.33333333333333},""T2_ema50_slope"":{""value"":-0.15161476960882833,""score"":24.730871731861942},""T3_high_proximity"":{""value"":0.8694355808965842,""score"":34.7177904482921},""T4_rs_1m"":{""value"":0.034007853675848576,""score"":84.00785367584858},""T5_rs_3m"":{""value"":-0.1428041388208896,""score"":0},""T6_adr_healthy"":{""value"":4.017516583440743,""score"":100.0},""_score"":40.29},""geometry"":{""sub_contraction_count"":100.0,""sub_reduction_rate"":16.2,""sub_pivot_tightness"":15.1,""sub_volume_dryup"":3.1,""sub_base_depth"":100.0,""sub_base_duration"":100.0,""_score"":51.78},""compression"":{""VC1_atr_ratio"":{""value"":0.39544699450488485,""score"":100},""VC2_range_contraction"":{""value"":0.95574668547603,""score"":7.375552420661662},""VC3_range_pct_rank"":{""score"":39.16666666666667},""_score"":52.37},""sr_quality"":{""SR1_touches"":{""value"":3,""score"":50.0},""SR2_tightness"":{""value"":0.8628248180636997,""score"":80.00487076274543},""SR3_recency"":{""value"":227,""score"":0.0},""SR4_price_location"":{""score"":30.237154150197583},""SR5_reaction"":{""value"":1.6134919209533796,""score"":80.67459604766898},""_score"":46.66,""_levels_found"":7,""_target_level"":176.8},""volume"":{""V1_rvol_day"":{""value"":0.6322196581497651,""score"":8.814643876651008},""V2_rvol_sameslot"":{""value"":1.078859479929016,""score"":38.590631995267735,""status"":""ok""},""V3_breakout_bar"":{""value"":0.714727305869009,""score"":14.315153724600602},""V4_base_dryup"":{""value"":0.9542470422935659,""score"":54.57529577064341},""V5_bo_expansion"":{""value"":0.6322196581497651,""score"":0},""_score"":23.97},""readiness"":{""_distance_atr"":1.101,""BR1_atr_distance"":{""score"":26.615567927913304},""BR2_compression"":{""score"":0},""BR3_retest"":{""score"":50.0},""BR4_bo_age"":{""score"":50.0},""_score"":28.15},""risk"":{""R1_stop_clarity"":{""score"":44.38232516641837},""R2_stop_distance_pct"":{""value"":5.180193730822461,""score"":100.0},""R3_stop_distance_atr"":{""value"":0.9976420423273697,""score"":74.88210211636849},""R4_rr_potential"":{""value"":8.918408826945397,""score"":100.0},""_score"":76.77},""market"":{""M1_spy_regime"":{""score"":100.0},""M3_earnings_risk"":{""value"":null,""score"":80.0},""M4_vix"":{""value"":null,""score"":60.0},""_score"":84.0},""liquidity"":{""L1_price"":{""value"":166.21,""score"":100.0},""L2_dollar_vol"":{""value"":36337295.28932063,""score"":78.01762990666572},""L3_spread_proxy"":{""value"":0.040972264003369244,""score"":59.02773599663075},""L4_volume_zscore"":{""value"":-0.8472616493587518,""score"":100.0},""_score"":87.11},""pattern_structure"":{""n_contractions"":5,""contractions_pct"":[22.18,11.98,22.34,12.83,8.94],""descending_strict"":false,""final_low"":160.0,""final_pivot"":175.71,""structural_low"":160.0,""dry_up_ratio"":0.9847426308154628,""current_price"":166.21,""neckline_distance_pct"":0.05715660910895854,""base_bars"":66},""pattern_geometry_features"":{""contraction_count"":5.0,""first_contraction_pct"":0.22182258153220036,""last_contraction_pct"":0.0894086847646691,""dry_up_ratio"":0.9847426308154628,""near_monotone"":0.0,""base_depth_pct"":0.29604575702579333},""_schema_version"":""1.0""}",,,,,,,,,,
20260508T181321Z-e7d442,2026-05-08T18:13:21.400575+00:00,BETA,vcp,absent,49.15,47.3,35.0,65.4,47.3,30.0,58.6,56.5,84.0,78.3,7.1,8.75,7.85,5.67,3.9,4.1,2.82,5.04,3.92,False,,18.55,18.62,14.1643,35.12,"{""trend"":{""T1_ema_stack"":{""value"":[true,false,false],""score"":33.33333333333333},""T2_ema50_slope"":{""value"":-0.31032105798187093,""score"":0},""T3_high_proximity"":{""value"":0.8599907278627724,""score"":29.995363931386187},""T4_rs_1m"":{""value"":0.041183857786431854,""score"":91.18385778643186},""T5_rs_3m"":{""value"":0.049863960199199475,""score"":74.93198009959974},""T6_adr_healthy"":{""value"":6.500117992435184,""score"":100.0},""_score"":47.31},""geometry"":{""sub_contraction_count"":100.0,""sub_reduction_rate"":0,""sub_pivot_tightness"":0,""sub_volume_dryup"":0,""sub_base_depth"":0.0,""sub_base_duration"":100.0,""_score"":35.0},""compression"":{""VC1_atr_ratio"":{""value"":0.4519604218673212,""score"":100},""VC2_range_contraction"":{""value"":0.889560436832385,""score"":18.406593861269176},""VC3_range_pct_rank"":{""score"":75.83333333333333},""_score"":65.4},""sr_quality"":{""SR1_touches"":{""value"":2,""score"":25.0},""SR2_tightness"":{""value"":0.029950000000001253,""score"":94.64112264199149},""SR3_recency"":{""value"":50,""score"":66.66666666666666},""SR4_price_location"":{""score"":2.2670310709202868},""SR5_reaction"":{""value"":5.2872616430652855,""score"":100},""_score"":47.26,""_levels_found"":6,""_target_level"":22.4299},""volume"":{""V1_rvol_day"":{""value"":0.58994840064837,""score"":5.9965600432246635},""V2_rvol_sameslot"":{""value"":1.2684374506441534,""score"":51.22916337627689,""status"":""ok""},""V3_breakout_bar"":{""value"":0.6429145967285652,""score"":9.527639781904346},""V4_base_dryup"":{""value"":0.6928686116474714,""score"":80.71313883525286},""V5_bo_expansion"":{""value"":0.58994840064837,""score"":0},""_score"":29.97},""readiness"":{""_distance_atr"":0.063,""BR1_atr_distance"":{""score"":95.82502598708312},""BR2_compression"":{""score"":11.168802858397092},""BR3_retest"":{""score"":50.0},""BR4_bo_age"":{""score"":50.0},""_score"":58.62},""risk"":{""R1_stop_clarity"":{""score"":61.40534737487857},""R2_stop_distance_pct"":{""value"":23.642587601078166,""score"":0.0},""R3_stop_distance_atr"":{""value"":3.9236107560963154,""score"":100.0},""R4_rr_potential"":{""value"":3.778188202567436,""score"":100.0},""_score"":56.49},""market"":{""M1_spy_regime"":{""score"":100.0},""M3_earnings_risk"":{""value"":null,""score"":80.0},""M4_vix"":{""value"":null,""score"":60.0},""_score"":84.0},""liquidity"":{""L1_price"":{""value"":18.55,""score"":100.0},""L2_dollar_vol"":{""value"":15232185.115983501,""score"":59.13811045157886},""L3_spread_proxy"":{""value"":0.05336927223719668,""score"":46.63072776280332},""L4_volume_zscore"":{""value"":-0.7801195988396007,""score"":100.0},""_score"":78.32},""pattern_structure"":{""n_contractions"":5,""contractions_pct"":[14.51,48.8,12.28,36.87,22.77],""descending_strict"":false,""final_low"":14.38,""final_pivot"":18.62,""structural_low"":14.38,""dry_up_ratio"":1.1484611108141525,""current_price"":18.55,""neckline_distance_pct"":0.0037735849056603926,""base_bars"":76},""pattern_geometry_features"":{""contraction_count"":5.0,""first_contraction_pct"":0.1450777202072539,""last_contraction_pct"":0.22771213748657357,""dry_up_ratio"":1.1484611108141525,""near_monotone"":0.0,""base_depth_pct"":0.5343264248704663},""_schema_version"":""1.0""}",,,,,,,,,,
20260508T181321Z-e7d442,2026-05-08T18:13:21.400575+00:00,HBAN,vcp,forming,49.04,19.6,60.1,58.9,61.5,25.1,18.1,42.9,84.0,98.3,2.95,15.02,7.06,7.38,3.26,1.27,2.14,5.04,4.92,True,risk_unclear,16.04,17.345,15.9767,20.035,"{""trend"":{""T1_ema_stack"":{""value"":[false,false,false],""score"":0.0},""T2_ema50_slope"":{""value"":0.03975679648017712,""score"":56.626132746696186},""T3_high_proximity"":{""value"":0.8442105263157894,""score"":22.105263157894683},""T4_rs_1m"":{""value"":-0.11757543983700491,""score"":0},""T5_rs_3m"":{""value"":-0.23522397847818777,""score"":0},""T6_adr_healthy"":{""value"":2.3108948271177234,""score"":100.0},""_score"":19.64},""geometry"":{""sub_contraction_count"":100.0,""sub_reduction_rate"":14.4,""sub_pivot_tightness"":50.1,""sub_volume_dryup"":31.6,""sub_base_depth"":92.3,""sub_base_duration"":100.0,""_score"":60.09},""compression"":{""VC1_atr_ratio"":{""value"":0.6136947918624606,""score"":96.57630203438485},""VC2_range_contraction"":{""value"":0.9641115967666808,""score"":5.981400538886535},""VC3_range_pct_rank"":{""score"":72.5},""_score"":58.85},""sr_quality"":{""SR1_touches"":{""value"":3,""score"":50.0},""SR2_tightness"":{""value"":0.07575545451575626,""score"":63.371564040041875},""SR3_recency"":{""value"":234,""score"":0.0},""SR4_price_location"":{""score"":92.4346629986246},""SR5_reaction"":{""value"":1.8534507569216607,""score"":92.67253784608303},""_score"":61.52,""_levels_found"":6,""_target_level"":16.1317},""volume"":{""V1_rvol_day"":{""value"":0.6405807754781618,""score"":9.372051698544121},""V2_rvol_sameslot"":{""value"":1.131459201221739,""score"":42.09728008144927,""status"":""ok""},""V3_breakout_bar"":{""value"":0.5706819439079597,""score"":4.7121295938639784},""V4_base_dryup"":{""value"":0.8197386905468466,""score"":68.02613094531534},""V5_bo_expansion"":{""value"":0.6405807754781618,""score"":0},""_score"":25.08},""readiness"":{""_distance_atr"":3.155,""BR1_atr_distance"":{""score"":0},""BR2_compression"":{""score"":2.568037115589524},""BR3_retest"":{""score"":50.0},""BR4_bo_age"":{""score"":50.0},""_score"":18.14},""risk"":{""R1_stop_clarity"":{""score"":0},""R2_stop_distance_pct"":{""value"":0.3946384039900244,""score"":59.8659600997506},""R3_stop_distance_atr"":{""value"":0.15303056466931425,""score"":32.65152823346571},""R4_rr_potential"":{""value"":63.11216429699852,""score"":100.0},""_score"":42.86},""market"":{""M1_spy_regime"":{""score"":100.0},""M3_earnings_risk"":{""value"":null,""score"":80.0},""M4_vix"":{""value"":null,""score"":60.0},""_score"":84.0},""liquidity"":{""L1_price"":{""value"":16.04,""score"":100.0},""L2_dollar_vol"":{""value"":214393686.5574,""score"":100.0},""L3_spread_proxy"":{""value"":0.016832917705735636,""score"":83.16708229426436},""L4_volume_zscore"":{""value"":-1.0528733825698129,""score"":100.0},""_score"":98.32},""pattern_structure"":{""n_contractions"":5,""contractions_pct"":[11.08,12.28,9.46,4.96,6.49],""descending_strict"":false,""final_low"":16.22,""final_pivot"":17.345,""structural_low"":16.22,""dry_up_ratio"":0.8419485461260482,""current_price"":16.04,""neckline_distance_pct"":0.08135910224438901,""base_bars"":64},""pattern_geometry_features"":{""contraction_count"":5.0,""first_contraction_pct"":0.11078794288736113,""last_contraction_pct"":0.06486019025655809,""dry_up_ratio"":0.8419485461260482,""near_monotone"":0.0,""base_depth_pct"":0.14225277630883137},""_schema_version"":""1.0""}",,,,,,,,,,
20260508T181321Z-e7d442,2026-05-08T18:13:21.400575+00:00,NTES,ascending_triangle,absent,49.0,30.6,48.8,39.1,59.8,48.4,21.1,52.5,84.0,92.2,4.59,13.68,3.13,8.37,5.8,1.69,2.1,5.04,4.61,True,risk_unclear,115.68,119.33,108.1432,128.87,"{""trend"":{""T1_ema_stack"":{""value"":[true,false,false],""score"":33.33333333333333},""T2_ema50_slope"":{""value"":-0.0881612157861842,""score"":35.30646403563597},""T3_high_proximity"":{""value"":0.9364526835586497,""score"":68.22634177932485},""T4_rs_1m"":{""value"":-0.06296598468768888,""score"":0},""T5_rs_3m"":{""value"":-0.12650601694334385,""score"":0},""T6_adr_healthy"":{""value"":1.770950604819398,""score"":100.0},""_score"":30.63},""geometry"":{""sub_flat_top_quality"":66.7,""sub_hl_slope"":46.1,""sub_compression"":0,""sub_duration"":100.0,""_score"":48.84},""compression"":{""VC1_atr_ratio"":{""value"":0.6966982361998107,""score"":75.82544095004731},""VC2_range_contraction"":{""value"":1.3038502225713184,""score"":0},""VC3_range_pct_rank"":{""score"":35.0},""_score"":39.08},""sr_quality"":{""SR1_touches"":{""value"":5,""score"":100},""SR2_tightness"":{""value"":0.33005454094740144,""score"":75.29663954416667},""SR3_recency"":{""value"":228,""score"":0.0},""SR4_price_location"":{""score"":14.06878070567241},""SR5_reaction"":{""value"":2.5900561347233393,""score"":100},""_score"":59.81,""_levels_found"":6,""_target_level"":119.528},""volume"":{""V1_rvol_day"":{""value"":0.6263547441481884,""score"":8.423649609879224},""V2_rvol_sameslot"":{""value"":2.2611025879074784,""score"":100,""status"":""ok""},""V3_breakout_bar"":{""value"":1.5564330426639368,""score"":70.42886951092912},""V4_base_dryup"":{""value"":1.0471951122318235,""score"":45.28048877681765},""V5_bo_expansion"":{""value"":0.6263547441481884,""score"":0},""_score"":48.35},""readiness"":{""_distance_atr"":1.366,""BR1_atr_distance"":{""score"":8.937004366034145},""BR2_compression"":{""score"":0},""BR3_retest"":{""score"":50.0},""BR4_bo_age"":{""score"":50.0},""_score"":21.07},""risk"":{""R1_stop_clarity"":{""score"":0},""R2_stop_distance_pct"":{""value"":6.515257607192256,""score"":100.0},""R3_stop_distance_atr"":{""value"":2.8205265971665368,""score"":100.0},""R4_rr_potential"":{""value"":1.750067999230447,""score"":37.503399961522355},""_score"":52.5},""market"":{""M1_spy_regime"":{""score"":100.0},""M3_earnings_risk"":{""value"":null,""score"":80.0},""M4_vix"":{""value"":null,""score"":60.0},""_score"":84.0},""liquidity"":{""L1_price"":{""value"":115.68,""score"":100.0},""L2_dollar_vol"":{""value"":50882950.97444304,""score"":85.32861452151566},""L3_spread_proxy"":{""value"":0.019839211618257153,""score"":80.16078838174285},""L4_volume_zscore"":{""value"":-1.1486678462610276,""score"":100.0},""_score"":92.15},""pattern_structure"":{""top"":119.33,""top_touches"":3,""low_slope_per_bar"":0.15184426229508313,""lowest_low"":109.79,""structural_low"":109.79,""current_price"":115.69,""neckline_distance_pct"":0.03146339355173308,""base_bars"":48},""pattern_geometry_features"":{""top_touches"":3.0,""low_slope"":0.15184426229508313,""compression"":-0.30472826886722904,""atr_pct"":0.02309943687018373},""_schema_version"":""1.0""}",,,,,,,,,,
20260508T181321Z-e7d442,2026-05-08T18:13:21.400575+00:00,BETA,breakout_retest_hold,breakout_confirmed,48.94,47.3,45.6,65.4,47.3,30.6,44.1,65.4,84.0,78.3,6.62,10.04,3.92,6.62,3.97,7.94,3.27,4.2,2.35,False,,18.55,17.5445,17.4042,17.4735,"{""trend"":{""T1_ema_stack"":{""value"":[true,false,false],""score"":33.33333333333333},""T2_ema50_slope"":{""value"":-0.31032105798187093,""score"":0},""T3_high_proximity"":{""value"":0.8599907278627724,""score"":29.995363931386187},""T4_rs_1m"":{""value"":0.041183857786431854,""score"":91.18385778643186},""T5_rs_3m"":{""value"":0.049863960199199475,""score"":74.93198009959974},""T6_adr_healthy"":{""value"":6.500117992435184,""score"":100.0},""_score"":47.31},""geometry"":{""sub_retest_depth"":47.5,""sub_retest_timing"":100.0,""sub_retest_freshness"":25.0,""sub_hold_quality"":21.3,""_score"":45.64},""compression"":{""VC1_atr_ratio"":{""value"":0.4519604218673212,""score"":100},""VC2_range_contraction"":{""value"":0.889560436832385,""score"":18.406593861269176},""VC3_range_pct_rank"":{""score"":75.83333333333333},""_score"":65.4},""sr_quality"":{""SR1_touches"":{""value"":2,""score"":25.0},""SR2_tightness"":{""value"":0.029950000000001253,""score"":94.64112264199149},""SR3_recency"":{""value"":50,""score"":66.66666666666666},""SR4_price_location"":{""score"":2.2670310709202868},""SR5_reaction"":{""value"":5.2872616430652855,""score"":100},""_score"":47.26,""_levels_found"":6,""_target_level"":22.4299},""volume"":{""V1_rvol_day"":{""value"":0.58994840064837,""score"":5.9965600432246635},""V2_rvol_sameslot"":{""value"":1.2684374506441534,""score"":51.22916337627689,""status"":""ok""},""V3_breakout_bar"":{""value"":0.6429145967285652,""score"":9.527639781904346},""V4_base_dryup"":{""value"":0.6631305034568769,""score"":83.68694965431231},""V5_bo_expansion"":{""value"":0.58994840064837,""score"":0},""_score"":30.56},""readiness"":{""_distance_atr"":-0.9,""BR1_atr_distance"":{""score"":42.00884412862325},""BR2_compression"":{""score"":11.168802858397092},""BR3_retest"":{""score"":100},""BR4_bo_age"":{""score"":30.0},""_score"":44.1},""risk"":{""R1_stop_clarity"":{""score"":68.54455293696661},""R2_stop_distance_pct"":{""value"":6.176819407008092,""score"":100.0},""R3_stop_distance_atr"":{""value"":1.0250754051428879,""score"":76.2537702571444},""R4_rr_potential"":{""value"":-0.939518240530632,""score"":0.0},""_score"":65.43},""market"":{""M1_spy_regime"":{""score"":100.0},""M3_earnings_risk"":{""value"":null,""score"":80.0},""M4_vix"":{""value"":null,""score"":60.0},""_score"":84.0},""liquidity"":{""L1_price"":{""value"":18.55,""score"":100.0},""L2_dollar_vol"":{""value"":15232185.115983501,""score"":59.13811045157886},""L3_spread_proxy"":{""value"":0.05336927223719668,""score"":46.63072776280332},""L4_volume_zscore"":{""value"":-0.7801195988396007,""score"":100.0},""_score"":78.32},""pattern_structure"":{""level"":17.5445,""level_idx"":58,""breakout_idx"":64,""bo_peak_idx"":65,""bo_peak_price"":19.1,""retest_idx"":70,""retest_low"":17.58,""structural_low"":17.58,""current_price"":18.4,""neckline_distance_pct"":-0.046494565217391266,""base_bars"":21,""bars_since_breakout"":15},""pattern_geometry_features"":{""retest_depth_atr"":-0.06760617025328312,""bars_breakout_to_retest"":6.0,""bars_since_retest"":9.0,""current_above_level_atr"":1.6292134831460656,""bo_peak_excess_pct"":0.08866026390036776,""atr_pct"":0.060257219869079684},""_schema_version"":""1.0""}",,,,,,,,,,
20260508T181321Z-e7d442,2026-05-08T18:13:21.400575+00:00,INTU,vcp,forming,48.9,19.1,55.9,59.5,58.7,18.4,24.3,78.3,84.0,96.3,2.87,13.98,7.14,7.05,2.39,1.7,3.92,5.04,4.82,False,,396.42,419.0,368.3457,614.425,"{""trend"":{""T1_ema_stack"":{""value"":[false,false,false],""score"":0.0},""T2_ema50_slope"":{""value"":-0.35447142428761286,""score"":0},""T3_high_proximity"":{""value"":0.8238668246150009,""score"":11.933412307500447},""T4_rs_1m"":{""value"":0.011598516506942103,""score"":61.598516506942104},""T5_rs_3m"":{""value"":-0.1743053356832055,""score"":0},""T6_adr_healthy"":{""value"":3.7370044689270956,""score"":100.0},""_score"":19.11},""geometry"":{""sub_contraction_count"":100.0,""sub_reduction_rate"":15.0,""sub_pivot_tightness"":0,""sub_volume_dryup"":76.5,""sub_base_depth"":56.8,""sub_base_duration"":100.0,""_score"":55.91},""compression"":{""VC1_atr_ratio"":{""value"":0.49762875875098195,""score"":100},""VC2_range_contraction"":{""value"":0.854278851718314,""score"":24.286858046947675},""VC3_range_pct_rank"":{""score"":44.166666666666664},""_score"":59.54},""sr_quality"":{""SR1_touches"":{""value"":4,""score"":75.0},""SR2_tightness"":{""value"":4.184770364294199,""score"":53.85850022042751},""SR3_recency"":{""value"":227,""score"":0.0},""SR4_price_location"":{""score"":52.56434920961538},""SR5_reaction"":{""value"":2.23176317088282,""score"":100},""_score"":58.72,""_levels_found"":7,""_target_level"":414.44},""volume"":{""V1_rvol_day"":{""value"":0.4671364341973316,""score"":0},""V2_rvol_sameslot"":{""value"":0.699232549698767,""score"":13.282169979917802,""status"":""ok""},""V3_breakout_bar"":{""value"":0.5889137910697453,""score"":5.927586071316352},""V4_base_dryup"":{""value"":0.7872764770795577,""score"":71.27235229204423},""V5_bo_expansion"":{""value"":0.4671364341973316,""score"":0},""_score"":18.39},""readiness"":{""_distance_atr"":1.245,""BR1_atr_distance"":{""score"":17.010574509865734},""BR2_compression"":{""score"":0},""BR3_retest"":{""score"":50.0},""BR4_bo_age"":{""score"":50.0},""_score"":24.3},""risk"":{""R1_stop_clarity"":{""score"":38.15128532274817},""R2_stop_distance_pct"":{""value"":7.081964835275728,""score"":100.0},""R3_stop_distance_atr"":{""value"":1.5477449752701409,""score"":100.0},""R4_rr_potential"":{""value"":7.765280198188187,""score"":100.0},""_score"":78.35},""market"":{""M1_spy_regime"":{""score"":100.0},""M3_earnings_risk"":{""value"":null,""score"":80.0},""M4_vix"":{""value"":null,""score"":60.0},""_score"":84.0},""liquidity"":{""L1_price"":{""value"":396.42,""score"":100.0},""L2_dollar_vol"":{""value"":480499128.4581659,""score"":100.0},""L3_spread_proxy"":{""value"":0.03660259320922252,""score"":63.39740679077748},""L4_volume_zscore"":{""value"":-2.1487619213528895,""score"":100.0},""_score"":96.34},""pattern_structure"":{""n_contractions"":5,""contractions_pct"":[27.8,11.22,13.75,21.64,10.75],""descending_strict"":false,""final_low"":373.955,""final_pivot"":419.0,""structural_low"":373.955,""dry_up_ratio"":0.6174595179046644,""current_price"":396.42,""neckline_distance_pct"":0.05695979012158817,""base_bars"":61},""pattern_geometry_features"":{""contraction_count"":5.0,""first_contraction_pct"":0.27796901893287435,""last_contraction_pct"":0.10750596658711221,""dry_up_ratio"":0.6174595179046644,""near_monotone"":0.0,""base_depth_pct"":0.34322420878850685},""_schema_version"":""1.0""}",,,,,,,,,,
20260508T181321Z-e7d442,2026-05-08T18:13:21.400575+00:00,SNOW,inverse_head_shoulders,absent,48.89,34.9,38.4,64.9,74.3,25.2,35.6,50.1,84.0,95.1,4.19,10.76,5.19,10.4,3.53,2.85,3.01,4.2,4.76,False,,150.165,157.0,134.157,177.8,"{""trend"":{""T1_ema_stack"":{""value"":[true,false,false],""score"":33.33333333333333},""T2_ema50_slope"":{""value"":-0.47266436108898935,""score"":0},""T3_high_proximity"":{""value"":0.8212918398599868,""score"":10.645919929993363},""T4_rs_1m"":{""value"":0.05112606348480897,""score"":100},""T5_rs_3m"":{""value"":-0.17604859580168464,""score"":0},""T6_adr_healthy"":{""value"":4.826419627776736,""score"":100.0},""_score"":34.93},""geometry"":{""sub_head_depth"":60.5,""sub_shoulder_price_sym"":55.4,""sub_shoulder_time_sym"":0,""sub_right_shoulder_reaction"":26.1,""sub_base_context"":30.0,""_score"":38.44},""compression"":{""VC1_atr_ratio"":{""value"":0.4874936476427356,""score"":100},""VC2_range_contraction"":{""value"":0.7274702817964833,""score"":45.42161970058611},""VC3_range_pct_rank"":{""score"":35.83333333333333},""_score"":64.86},""sr_quality"":{""SR1_touches"":{""value"":5,""score"":100},""SR2_tightness"":{""value"":1.0615912584417788,""score"":74.48925809072105},""SR3_recency"":{""value"":235,""score"":0.0},""SR4_price_location"":{""score"":72.507957009087},""SR5_reaction"":{""value"":3.617455873694835,""score"":100},""_score"":74.3,""_levels_found"":6,""_target_level"":156.423},""volume"":{""V1_rvol_day"":{""value"":0.5762594421862041,""score"":5.083962812413604},""V2_rvol_sameslot"":{""value"":1.262548694647453,""score"":50.836579643163525,""status"":""ok""},""V3_breakout_bar"":{""value"":0.6878584494957172,""score"":12.523896633047812},""V4_base_dryup"":{""value"":0.9554281812859728,""score"":54.45718187140272},""V5_bo_expansion"":{""value"":0.5762594421862041,""score"":0},""_score"":25.21},""readiness"":{""_distance_atr"":0.821,""BR1_atr_distance"":{""score"":45.25013917759052},""BR2_compression"":{""score"":0},""BR3_retest"":{""score"":50.0},""BR4_bo_age"":{""score"":50.0},""_score"":35.6},""risk"":{""R1_stop_clarity"":{""score"":50.90535523327748},""R2_stop_distance_pct"":{""value"":10.660273698931183,""score"":33.49315752672042},""R3_stop_distance_atr"":{""value"":1.9234142766169653,""score"":100.0},""R4_rr_potential"":{""value"":1.7263243378310846,""score"":36.316216891554234},""_score"":50.13},""market"":{""M1_spy_regime"":{""score"":100.0},""M3_earnings_risk"":{""value"":null,""score"":80.0},""M4_vix"":{""value"":null,""score"":60.0},""_score"":84.0},""liquidity"":{""L1_price"":{""value"":150.165,""score"":100.0},""L2_dollar_vol"":{""value"":654751066.4666389,""score"":100.0},""L3_spread_proxy"":{""value"":0.04887956581094132,""score"":51.12043418905868},""L4_volume_zscore"":{""value"":-1.021792755728442,""score"":100.0},""_score"":95.11},""pattern_structure"":{""left_shoulder"":139.42,""left_shoulder_idx"":78,""head"":136.2,""head_idx"":84,""right_shoulder"":144.48,""right_shoulder_idx"":96,""left_to_head_bars"":6,""head_to_right_bars"":12,""structural_low"":136.2,""current_price"":151.59,""neckline_distance_pct"":0.035688369945247024,""base_bars"":18},""pattern_geometry_features"":{""head_depth_pct"":0.040507220852412824,""shoulder_price_asymmetry"":0.035646354350123304,""shoulder_time_asymmetry"":0.5,""right_shoulder_reaction"":0.2608695652173904,""atr_pct"":0.05542370059601103},""_schema_version"":""1.0""}",,,,,,,,,,
20260508T181321Z-e7d442,2026-05-08T18:13:21.400575+00:00,NTES,vcp,absent,48.8,30.6,47.2,39.1,59.8,48.4,19.5,65.0,84.0,92.2,4.59,11.79,4.69,7.18,6.29,1.36,3.25,5.04,4.61,True,risk_unclear,115.68,119.49,107.1138,146.685,"{""trend"":{""T1_ema_stack"":{""value"":[true,false,false],""score"":33.33333333333333},""T2_ema50_slope"":{""value"":-0.0881612157861842,""score"":35.30646403563597},""T3_high_proximity"":{""value"":0.9364526835586497,""score"":68.22634177932485},""T4_rs_1m"":{""value"":-0.06296598468768888,""score"":0},""T5_rs_3m"":{""value"":-0.12650601694334385,""score"":0},""T6_adr_healthy"":{""value"":1.770950604819398,""score"":100.0},""_score"":30.63},""geometry"":{""sub_contraction_count"":100.0,""sub_reduction_rate"":0,""sub_pivot_tightness"":14.4,""sub_volume_dryup"":0,""sub_base_depth"":100.0,""sub_base_duration"":100.0,""_score"":47.16},""compression"":{""VC1_atr_ratio"":{""value"":0.6966982361998107,""score"":75.82544095004731},""VC2_range_contraction"":{""value"":1.3038502225713184,""score"":0},""VC3_range_pct_rank"":{""score"":35.0},""_score"":39.08},""sr_quality"":{""SR1_touches"":{""value"":5,""score"":100},""SR2_tightness"":{""value"":0.33005454094740144,""score"":75.29663954416667},""SR3_recency"":{""value"":228,""score"":0.0},""SR4_price_location"":{""score"":14.06878070567241},""SR5_reaction"":{""value"":2.5900561347233393,""score"":100},""_score"":59.81,""_levels_found"":6,""_target_level"":119.528},""volume"":{""V1_rvol_day"":{""value"":0.6263547441481884,""score"":8.423649609879224},""V2_rvol_sameslot"":{""value"":2.2611025879074784,""score"":100,""status"":""ok""},""V3_breakout_bar"":{""value"":1.5564330426639368,""score"":70.42886951092912},""V4_base_dryup"":{""value"":1.0461179995441594,""score"":45.38820004558406},""V5_bo_expansion"":{""value"":0.6263547441481884,""score"":0},""_score"":48.37},""readiness"":{""_distance_atr"":1.426,""BR1_atr_distance"":{""score"":4.945201817695988},""BR2_compression"":{""score"":0},""BR3_retest"":{""score"":50.0},""BR4_bo_age"":{""score"":50.0},""_score"":19.48},""risk"":{""R1_stop_clarity"":{""score"":0},""R2_stop_distance_pct"":{""value"":7.405061376210235,""score"":100.0},""R3_stop_distance_atr"":{""value"":3.205732424485436,""score"":100.0},""R4_rr_potential"":{""value"":3.6194684325267685,""score"":100.0},""_score"":65.0},""market"":{""M1_spy_regime"":{""score"":100.0},""M3_earnings_risk"":{""value"":null,""score"":80.0},""M4_vix"":{""value"":null,""score"":60.0},""_score"":84.0},""liquidity"":{""L1_price"":{""value"":115.68,""score"":100.0},""L2_dollar_vol"":{""value"":50882950.97444304,""score"":85.32861452151566},""L3_spread_proxy"":{""value"":0.019839211618257153,""score"":80.16078838174285},""L4_volume_zscore"":{""value"":-1.1486678462610276,""score"":100.0},""_score"":92.15},""pattern_structure"":{""n_contractions"":5,""contractions_pct"":[12.34,7.04,4.21,9.4,8.99],""descending_strict"":false,""final_low"":108.745,""final_pivot"":119.49,""structural_low"":108.745,""dry_up_ratio"":1.4056399180302643,""current_price"":115.68,""neckline_distance_pct"":0.0329356846473028,""base_bars"":59},""pattern_geometry_features"":{""contraction_count"":5.0,""first_contraction_pct"":0.12343681035751068,""last_contraction_pct"":0.0899238429994141,""dry_up_ratio"":1.4056399180302643,""near_monotone"":0.0,""base_depth_pct"":0.2000514933058702},""_schema_version"":""1.0""}",,,,,,,,,,
20260508T181321Z-e7d442,2026-05-08T18:13:21.400575+00:00,ADSK,vcp,absent,48.78,46.1,42.4,63.0,57.4,13.0,40.1,47.9,84.0,97.7,6.92,10.59,7.55,6.89,1.7,2.81,2.39,5.04,4.88,True,risk_unclear,245.29,250.91,223.595,271.03,"{""trend"":{""T1_ema_stack"":{""value"":[true,false,false],""score"":33.33333333333333},""T2_ema50_slope"":{""value"":-0.054420999501551826,""score"":40.92983341640803},""T3_high_proximity"":{""value"":0.9287066484931091,""score"":64.35332424655455},""T4_rs_1m"":{""value"":0.005125322674679911,""score"":55.12532267467991},""T5_rs_3m"":{""value"":-0.047264821149155534,""score"":26.36758942542223},""T6_adr_healthy"":{""value"":3.1199134411083977,""score"":100.0},""_score"":46.15},""geometry"":{""sub_contraction_count"":100.0,""sub_reduction_rate"":0.2,""sub_pivot_tightness"":6.7,""sub_volume_dryup"":21.1,""sub_base_depth"":31.4,""sub_base_duration"":100.0,""_score"":42.36},""compression"":{""VC1_atr_ratio"":{""value"":0.45328965922615494,""score"":100},""VC2_range_contraction"":{""value"":0.8636631170858817,""score"":22.722813819019713},""VC3_range_pct_rank"":{""score"":60.0},""_score"":62.95},""sr_quality"":{""SR1_touches"":{""value"":2,""score"":25.0},""SR2_tightness"":{""value"":1.1599999999999966,""score"":73.08963768776364},""SR3_recency"":{""value"":245,""score"":0.0},""SR4_price_location"":{""score"":95.82879377431897},""SR5_reaction"":{""value"":3.584761841636497,""score"":100},""_score"":57.42,""_levels_found"":6,""_target_level"":245.96},""volume"":{""V1_rvol_day"":{""value"":0.37451140646257036,""score"":0},""V2_rvol_sameslot"":{""value"":0.7082933676685012,""score"":13.886224511233412,""status"":""ok""},""V3_breakout_bar"":{""value"":0.48408214649031844,""score"":0},""V4_base_dryup"":{""value"":0.9869438382528908,""score"":51.30561617471092},""V5_bo_expansion"":{""value"":0.37451140646257036,""score"":0},""_score"":13.04},""readiness"":{""_distance_atr"":0.652,""BR1_atr_distance"":{""score"":56.54131143828481},""BR2_compression"":{""score"":0},""BR3_retest"":{""score"":50.0},""BR4_bo_age"":{""score"":50.0},""_score"":40.12},""risk"":{""R1_stop_clarity"":{""score"":21.00880717830597},""R2_stop_distance_pct"":{""value"":8.84463288352562,""score"":78.88417791185951},""R3_stop_distance_atr"":{""value"":2.5164668550171085,""score"":100.0},""R4_rr_potential"":{""value"":1.1864484904355836,""score"":9.322424521779183},""_score"":47.88},""market"":{""M1_spy_regime"":{""score"":100.0},""M3_earnings_risk"":{""value"":null,""score"":80.0},""M4_vix"":{""value"":null,""score"":60.0},""_score"":84.0},""liquidity"":{""L1_price"":{""value"":245.29,""score"":100.0},""L2_dollar_vol"":{""value"":164633650.52188134,""score"":100.0},""L3_spread_proxy"":{""value"":0.023319336295813117,""score"":76.68066370418688},""L4_volume_zscore"":{""value"":-2.1781753764174936,""score"":100.0},""_score"":97.67},""pattern_structure"":{""n_contractions"":5,""contractions_pct"":[12.59,7.41,11.62,12.54,9.53],""descending_strict"":false,""final_low"":227.0,""final_pivot"":250.91,""structural_low"":227.0,""dry_up_ratio"":0.8945243457930495,""current_price"":245.29,""neckline_distance_pct"":0.022911655591340882,""base_bars"":50},""pattern_geometry_features"":{""contraction_count"":5.0,""first_contraction_pct"":0.12589025574619622,""last_contraction_pct"":0.09529313299589492,""dry_up_ratio"":0.8945243457930495,""near_monotone"":0.0,""base_depth_pct"":0.08141793460666884},""_schema_version"":""1.0""}",,,,,,,,,,
20260508T181321Z-e7d442,2026-05-08T18:13:21.400575+00:00,ZS,vcp,breakout_confirmed,48.64,37.0,52.8,63.5,36.4,29.9,34.9,35.3,84.0,95.4,5.55,13.2,7.62,4.37,3.89,2.44,1.77,5.04,4.77,False,,150.825,144.715,128.3849,181.965,"{""trend"":{""T1_ema_stack"":{""value"":[true,false,false],""score"":33.33333333333333},""T2_ema50_slope"":{""value"":-0.4116052406918132,""score"":0},""T3_high_proximity"":{""value"":0.8486664415935178,""score"":24.33322079675887},""T4_rs_1m"":{""value"":0.14952126522060993,""score"":100},""T5_rs_3m"":{""value"":-0.16624334237510907,""score"":0},""T6_adr_healthy"":{""value"":4.293592177476767,""score"":100.0},""_score"":36.98},""geometry"":{""sub_contraction_count"":100.0,""sub_reduction_rate"":0,""sub_pivot_tightness"":1.0,""sub_volume_dryup"":51.1,""sub_base_depth"":100.0,""sub_base_duration"":100.0,""_score"":52.81},""compression"":{""VC1_atr_ratio"":{""value"":0.539194982526846,""score"":100},""VC2_range_contraction"":{""value"":0.7469956611314444,""score"":42.16738981142593},""VC3_range_pct_rank"":{""score"":35.0},""_score"":63.51},""sr_quality"":{""SR1_touches"":{""value"":2,""score"":25.0},""SR2_tightness"":{""value"":0.4864999999999924,""score"":86.79782903663519},""SR3_recency"":{""value"":258,""score"":0.0},""SR4_price_location"":{""score"":3.4248005680154403},""SR5_reaction"":{""value"":2.8037313432835864,""score"":100},""_score"":36.38,""_levels_found"":7,""_target_level"":162.3865},""volume"":{""V1_rvol_day"":{""value"":0.7777156421058984,""score"":18.514376140393228},""V2_rvol_sameslot"":{""value"":1.3782973677885744,""score"":58.55315785257162,""status"":""ok""},""V3_breakout_bar"":{""value"":0.6665535744975473,""score"":11.103571633169818},""V4_base_dryup"":{""value"":0.914063277875798,""score"":58.5936722124202},""V5_bo_expansion"":{""value"":0.7777156421058984,""score"":0},""_score"":29.91},""readiness"":{""_distance_atr"":-0.829,""BR1_atr_distance"":{""score"":43.41926729986434},""BR2_compression"":{""score"":0},""BR3_retest"":{""score"":50.0},""BR4_bo_age"":{""score"":50.0},""_score"":34.87},""risk"":{""R1_stop_clarity"":{""score"":46.944369063771575},""R2_stop_distance_pct"":{""value"":14.878236366650095,""score"":0.0},""R3_stop_distance_atr"":{""value"":3.0447896879240193,""score"":100.0},""R4_rr_potential"":{""value"":1.387694350738188,""score"":19.384717536909402},""_score"":35.31},""market"":{""M1_spy_regime"":{""score"":100.0},""M3_earnings_risk"":{""value"":null,""score"":80.0},""M4_vix"":{""value"":null,""score"":60.0},""_score"":84.0},""liquidity"":{""L1_price"":{""value"":150.825,""score"":100.0},""L2_dollar_vol"":{""value"":300651239.78550696,""score"":100.0},""L3_spread_proxy"":{""value"":0.045980440908337306,""score"":54.01955909166269},""L4_volume_zscore"":{""value"":-0.8889077193779589,""score"":100.0},""_score"":95.4},""pattern_structure"":{""n_contractions"":5,""contractions_pct"":[16.13,9.6,20.94,23.84,9.93],""descending_strict"":false,""final_low"":130.34,""final_pivot"":144.715,""structural_low"":130.34,""dry_up_ratio"":0.7446071144804524,""current_price"":150.825,""neckline_distance_pct"":-0.04051052544339457,""base_bars"":39},""pattern_geometry_features"":{""contraction_count"":5.0,""first_contraction_pct"":0.1612861745927562,""last_contraction_pct"":0.09933317209688007,""dry_up_ratio"":0.7446071144804524,""near_monotone"":0.0,""base_depth_pct"":0.22226863177993914},""_schema_version"":""1.0""}",,,,,,,,,,
20260508T181321Z-e7d442,2026-05-08T18:13:21.400575+00:00,SNOW,high_tight_pullback,absent,48.6,34.9,42.1,64.9,74.3,24.6,35.6,77.6,84.0,95.1,4.19,14.75,6.49,5.94,3.45,3.2,0.78,5.04,4.76,False,,150.165,157.0,142.3128,177.97,"{""trend"":{""T1_ema_stack"":{""value"":[true,false,false],""score"":33.33333333333333},""T2_ema50_slope"":{""value"":-0.47266436108898935,""score"":0},""T3_high_proximity"":{""value"":0.8212918398599868,""score"":10.645919929993363},""T4_rs_1m"":{""value"":0.05112606348480897,""score"":100},""T5_rs_3m"":{""value"":-0.17604859580168464,""score"":0},""T6_adr_healthy"":{""value"":4.826419627776736,""score"":100.0},""_score"":34.93},""geometry"":{""sub_pole_impulse"":44.5,""sub_flag_tightness"":27.8,""sub_flag_shallowness"":0,""sub_flag_drift"":79.0,""sub_flag_duration"":100.0,""_score"":42.15},""compression"":{""VC1_atr_ratio"":{""value"":0.4874936476427356,""score"":100},""VC2_range_contraction"":{""value"":0.7274702817964833,""score"":45.42161970058611},""VC3_range_pct_rank"":{""score"":35.83333333333333},""_score"":64.86},""sr_quality"":{""SR1_touches"":{""value"":5,""score"":100},""SR2_tightness"":{""value"":1.0615912584417788,""score"":74.48925809072105},""SR3_recency"":{""value"":235,""score"":0.0},""SR4_price_location"":{""score"":72.507957009087},""SR5_reaction"":{""value"":3.617455873694835,""score"":100},""_score"":74.3,""_levels_found"":6,""_target_level"":156.423},""volume"":{""V1_rvol_day"":{""value"":0.5762594421862041,""score"":5.083962812413604},""V2_rvol_sameslot"":{""value"":1.262548694647453,""score"":50.836579643163525,""status"":""ok""},""V3_breakout_bar"":{""value"":0.6878584494957172,""score"":12.523896633047812},""V4_base_dryup"":{""value"":0.9843533379059853,""score"":51.564666209401466},""V5_bo_expansion"":{""value"":0.5762594421862041,""score"":0},""_score"":24.63},""readiness"":{""_distance_atr"":0.821,""BR1_atr_distance"":{""score"":45.25013917759052},""BR2_compression"":{""score"":0},""BR3_retest"":{""score"":50.0},""BR4_bo_age"":{""score"":50.0},""_score"":35.6},""risk"":{""R1_stop_clarity"":{""score"":47.92074687300973},""R2_stop_distance_pct"":{""value"":5.229048047148145,""score"":100.0},""R3_stop_distance_atr"":{""value"":0.9434678649957363,""score"":72.17339324978683},""R4_rr_potential"":{""value"":3.5410458215531913,""score"":100.0},""_score"":77.6},""market"":{""M1_spy_regime"":{""score"":100.0},""M3_earnings_risk"":{""value"":null,""score"":80.0},""M4_vix"":{""value"":null,""score"":60.0},""_score"":84.0},""liquidity"":{""L1_price"":{""value"":150.165,""score"":100.0},""L2_dollar_vol"":{""value"":654751066.4666389,""score"":100.0},""L3_spread_proxy"":{""value"":0.04887956581094132,""score"":51.12043418905868},""L4_volume_zscore"":{""value"":-1.021792755728442,""score"":100.0},""_score"":95.11},""pattern_structure"":{""pole_low"":136.03,""pole_low_idx"":25,""peak_price"":157.0,""peak_idx"":50,""pole_gain"":0.15415717121223257,""flag_bars"":9,""flag_low"":144.48,""flag_high"":154.96,""structural_low"":144.48,""current_price"":151.59,""neckline_distance_pct"":0.035688369945247024,""base_bars"":9},""pattern_geometry_features"":{""pole_gain"":0.15415717121223257,""pullback_pct"":0.07974522292993637,""flag_range_pct"":0.06675159235668801,""flag_drift_per_bar"":-0.004207621435011109,""atr_pct"":0.05542370059601103,""pole_atr_multiple"":2.781430499127076},""_schema_version"":""1.0""}",,,,,,,,,,
20260508T181321Z-e7d442,2026-05-08T18:13:21.400575+00:00,TMC,high_tight_pullback,forming,48.55,43.9,51.9,61.5,44.7,15.6,37.4,77.8,84.0,80.0,5.27,18.18,6.15,3.58,2.19,3.37,0.78,5.04,4.0,False,,5.705,6.175,5.5209,7.27,"{""trend"":{""T1_ema_stack"":{""value"":[true,false,false],""score"":33.33333333333333},""T2_ema50_slope"":{""value"":-0.11668817501863094,""score"":30.551970830228175},""T3_high_proximity"":{""value"":0.8591867469879518,""score"":29.593373493975893},""T4_rs_1m"":{""value"":0.2063010435703796,""score"":100},""T5_rs_3m"":{""value"":-0.17759031869484776,""score"":0},""T6_adr_healthy"":{""value"":7.106654298025463,""score"":100.0},""_score"":43.88},""geometry"":{""sub_pole_impulse"":49.5,""sub_flag_tightness"":40.5,""sub_flag_shallowness"":14.4,""sub_flag_drift"":93.9,""sub_flag_duration"":100.0,""_score"":51.94},""compression"":{""VC1_atr_ratio"":{""value"":0.6700892765097628,""score"":82.4776808725593},""VC2_range_contraction"":{""value"":0.9001252046940595,""score"":16.645799217656744},""VC3_range_pct_rank"":{""score"":90.83333333333333},""_score"":61.53},""sr_quality"":{""SR1_touches"":{""value"":3,""score"":50.0},""SR2_tightness"":{""value"":0.11089836187548764,""score"":46.229235081498},""SR3_recency"":{""value"":235,""score"":0.0},""SR4_price_location"":{""score"":31.199247798957312},""SR5_reaction"":{""value"":3.062651520398975,""score"":100},""_score"":44.73,""_levels_found"":6,""_target_level"":5.9733},""volume"":{""V1_rvol_day"":{""value"":0.6009735171750175,""score"":6.731567811667831},""V2_rvol_sameslot"":{""value"":0.9252298711469397,""score"":28.348658076462645,""status"":""ok""},""V3_breakout_bar"":{""value"":0.4733542866098435,""score"":0},""V4_base_dryup"":{""value"":1.0698354804121104,""score"":43.01645195878896},""V5_bo_expansion"":{""value"":0.6009735171750176,""score"":0},""_score"":15.62},""readiness"":{""_distance_atr"":1.139,""BR1_atr_distance"":{""score"":24.037773313938786},""BR2_compression"":{""score"":41.1132145045634},""BR3_retest"":{""score"":50.0},""BR4_bo_age"":{""score"":50.0},""_score"":37.39},""risk"":{""R1_stop_clarity"":{""score"":59.23495185980451},""R2_stop_distance_pct"":{""value"":3.226555652936021,""score"":100.0},""R3_stop_distance_atr"":{""value"":0.4462578790607466,""score"":47.312893953037324},""R4_rr_potential"":{""value"":8.501969305989403,""score"":100.0},""_score"":77.83},""market"":{""M1_spy_regime"":{""score"":100.0},""M3_earnings_risk"":{""value"":null,""score"":80.0},""M4_vix"":{""value"":null,""score"":60.0},""_score"":84.0},""liquidity"":{""L1_price"":{""value"":5.705,""score"":97.85249999999999},""L2_dollar_vol"":{""value"":18049126.667523596,""score"":62.822809639919576},""L3_spread_proxy"":{""value"":0.04557405784399646,""score"":54.42594215600354},""L4_volume_zscore"":{""value"":-0.8691589954462877,""score"":100.0},""_score"":80.03},""pattern_structure"":{""pole_low"":5.08,""pole_low_idx"":40,""peak_price"":6.175,""peak_idx"":50,""pole_gain"":0.21555118110236215,""flag_bars"":9,""flag_low"":5.605,""flag_high"":6.08,""structural_low"":5.605,""current_price"":5.685,""neckline_distance_pct"":0.0861917326297274,""base_bars"":9},""pattern_geometry_features"":{""pole_gain"":0.21555118110236215,""pullback_pct"":0.09230769230769222,""flag_range_pct"":0.07692307692307687,""flag_drift_per_bar"":-0.0012166520082087604,""atr_pct"":0.07230249154876675,""pole_atr_multiple"":2.9812413996407954},""_schema_version"":""1.0""}",,,,,,,,,,
20260508T181321Z-e7d442,2026-05-08T18:13:21.400575+00:00,SNOW,breakout_retest_hold,setup,48.5,34.9,38.3,64.9,74.3,22.7,43.0,63.0,84.0,95.1,4.89,8.42,3.89,10.4,2.95,7.74,3.15,4.2,2.85,False,,150.165,144.56,143.0352,144.72,"{""trend"":{""T1_ema_stack"":{""value"":[true,false,false],""score"":33.33333333333333},""T2_ema50_slope"":{""value"":-0.47266436108898935,""score"":0},""T3_high_proximity"":{""value"":0.8212918398599868,""score"":10.645919929993363},""T4_rs_1m"":{""value"":0.05112606348480897,""score"":100},""T5_rs_3m"":{""value"":-0.17604859580168464,""score"":0},""T6_adr_healthy"":{""value"":4.826419627776736,""score"":100.0},""_score"":34.93},""geometry"":{""sub_retest_depth"":60.9,""sub_retest_timing"":0.0,""sub_retest_freshness"":100.0,""sub_hold_quality"":0.0,""_score"":38.27},""compression"":{""VC1_atr_ratio"":{""value"":0.4874936476427356,""score"":100},""VC2_range_contraction"":{""value"":0.7274702817964833,""score"":45.42161970058611},""VC3_range_pct_rank"":{""score"":35.83333333333333},""_score"":64.86},""sr_quality"":{""SR1_touches"":{""value"":5,""score"":100},""SR2_tightness"":{""value"":1.0615912584417788,""score"":74.48925809072105},""SR3_recency"":{""value"":235,""score"":0.0},""SR4_price_location"":{""score"":72.507957009087},""SR5_reaction"":{""value"":3.617455873694835,""score"":100},""_score"":74.3,""_levels_found"":6,""_target_level"":156.423},""volume"":{""V1_rvol_day"":{""value"":0.5762594421862041,""score"":5.083962812413604},""V2_rvol_sameslot"":{""value"":1.262548694647453,""score"":50.836579643163525,""status"":""ok""},""V3_breakout_bar"":{""value"":0.6878584494957172,""score"":12.523896633047812},""V4_base_dryup"":{""value"":1.0807847587459194,""score"":41.92152412540806},""V5_bo_expansion"":{""value"":0.5762594421862041,""score"":0},""_score"":22.7},""readiness"":{""_distance_atr"":-0.673,""BR1_atr_distance"":{""score"":46.53081331779352},""BR2_compression"":{""score"":0},""BR3_retest"":{""score"":99.51938673747695},""BR4_bo_age"":{""score"":30.0},""_score"":43.02},""risk"":{""R1_stop_clarity"":{""score"":65.2804979153396},""R2_stop_distance_pct"":{""value"":4.747977225052455,""score"":100.0},""R3_stop_distance_atr"":{""value"":0.856669109784087,""score"":67.83345548920434},""R4_rr_potential"":{""value"":-0.7636960363544492,""score"":0.0},""_score"":63.02},""market"":{""M1_spy_regime"":{""score"":100.0},""M3_earnings_risk"":{""value"":null,""score"":80.0},""M4_vix"":{""value"":null,""score"":60.0},""_score"":84.0},""liquidity"":{""L1_price"":{""value"":150.165,""score"":100.0},""L2_dollar_vol"":{""value"":654751066.4666389,""score"":100.0},""L3_spread_proxy"":{""value"":0.04887956581094132,""score"":51.12043418905868},""L4_volume_zscore"":{""value"":-1.021792755728442,""score"":100.0},""_score"":95.11},""pattern_structure"":{""level"":144.56,""level_idx"":46,""breakout_idx"":52,""bo_peak_idx"":70,""bo_peak_price"":157.0,""retest_idx"":76,""retest_low"":144.48,""structural_low"":144.48,""current_price"":151.59,""neckline_distance_pct"":-0.04637509070519164,""base_bars"":33,""bars_since_breakout"":27},""pattern_geometry_features"":{""retest_depth_atr"":0.026073919561962224,""bars_breakout_to_retest"":24.0,""bars_since_retest"":3.0,""current_above_level_atr"":2.2912456815070725,""bo_peak_excess_pct"":0.0860542335362479,""atr_pct"":0.05542370059601103},""_schema_version"":""1.0""}",,,,,,,,,,
20260508T181321Z-e7d442,2026-05-08T18:13:21.400575+00:00,NTSK,vcp,breakout_confirmed,48.34,48.2,55.8,51.3,56.6,11.6,28.4,34.1,84.0,79.5,7.23,13.96,6.15,6.79,1.51,1.99,1.71,5.04,3.97,False,,11.615,10.595,9.2787,13.175,"{""trend"":{""T1_ema_stack"":{""value"":[true,false,false],""score"":33.33333333333333},""T2_ema50_slope"":{""value"":-0.181003811743077,""score"":19.832698042820496},""T3_high_proximity"":{""value"":0.9450772986167617,""score"":72.53864930838083},""T4_rs_1m"":{""value"":0.2868875693440709,""score"":100},""T5_rs_3m"":{""value"":-0.10049517826974697,""score"":0},""T6_adr_healthy"":{""value"":5.570957319819821,""score"":100.0},""_score"":48.18},""geometry"":{""sub_contraction_count"":100.0,""sub_reduction_rate"":8.3,""sub_pivot_tightness"":0,""sub_volume_dryup"":58.3,""sub_base_depth"":100.0,""sub_base_duration"":100.0,""_score"":55.82},""compression"":{""VC1_atr_ratio"":{""value"":0.4126870759734947,""score"":100},""VC2_range_contraction"":{""value"":0.9070177389875665,""score"":15.497043502072245},""VC3_range_pct_rank"":{""score"":23.33333333333333},""_score"":51.26},""sr_quality"":{""SR1_touches"":{""value"":2,""score"":25.0},""SR2_tightness"":{""value"":0.03500000000000014,""score"":88.78076702919286},""SR3_recency"":{""value"":91,""score"":0.0},""SR4_price_location"":{""score"":82.99595141700405},""SR5_reaction"":{""value"":4.0108757870635365,""score"":100},""_score"":56.57,""_levels_found"":5,""_target_level"":11.965},""volume"":{""V1_rvol_day"":{""value"":0.5435783412494807,""score"":2.905222749965379},""V2_rvol_sameslot"":{""value"":0.9571122037680168,""score"":30.474146917867785,""status"":""ok""},""V3_breakout_bar"":{""value"":0.6226095384094378,""score"":8.173969227295853},""V4_base_dryup"":{""value"":1.3547719846237345,""score"":14.522801537626549},""V5_bo_expansion"":{""value"":0.5435783412494808,""score"":0},""_score"":11.62},""readiness"":{""_distance_atr"":-1.635,""BR1_atr_distance"":{""score"":27.30394962793362},""BR2_compression"":{""score"":0},""BR3_retest"":{""score"":50.0},""BR4_bo_age"":{""score"":50.0},""_score"":28.42},""risk"":{""R1_stop_clarity"":{""score"":54.706353749284716},""R2_stop_distance_pct"":{""value"":20.114507102884197,""score"":0.0},""R3_stop_distance_atr"":{""value"":3.744499141385231,""score"":100.0},""R4_rr_potential"":{""value"":0.667722467148911,""score"":0.0},""_score"":34.15},""market"":{""M1_spy_regime"":{""score"":100.0},""M3_earnings_risk"":{""value"":null,""score"":80.0},""M4_vix"":{""value"":null,""score"":60.0},""_score"":84.0},""liquidity"":{""L1_price"":{""value"":11.615,""score"":100.0},""L2_dollar_vol"":{""value"":23848728.036685705,""score"":68.87326105270701},""L3_spread_proxy"":{""value"":0.08092983211364625,""score"":19.070167886353744},""L4_volume_zscore"":{""value"":-1.3742484125495158,""score"":100.0},""_score"":79.46},""pattern_structure"":{""n_contractions"":5,""contractions_pct"":[18.33,31.28,22.02,16.75,11.09],""descending_strict"":false,""final_low"":9.42,""final_pivot"":10.595,""structural_low"":9.42,""dry_up_ratio"":0.7083511507047204,""current_price"":11.615,""neckline_distance_pct"":-0.08781747739991387,""base_bars"":40},""pattern_geometry_features"":{""contraction_count"":5.0,""first_contraction_pct"":0.18333333333333326,""last_contraction_pct"":0.11090136857008029,""dry_up_ratio"":0.7083511507047204,""near_monotone"":0.0,""base_depth_pct"":0.215},""_schema_version"":""1.0""}",,,,,,,,,,
20260508T181321Z-e7d442,2026-05-08T18:13:21.400575+00:00,EXLS,double_bottom,forming,48.11,26.8,54.8,45.8,69.8,16.9,17.5,69.8,84.0,82.5,4.03,13.7,3.67,9.77,2.2,1.4,4.19,5.04,4.13,True,risk_unclear,31.095,33.005,29.8061,35.75,"{""trend"":{""T1_ema_stack"":{""value"":[false,false,false],""score"":0.0},""T2_ema50_slope"":{""value"":-0.08472006814914902,""score"":35.879988641808495},""T3_high_proximity"":{""value"":0.9552995391705069,""score"":77.64976958525344},""T4_rs_1m"":{""value"":-0.039915044477200956,""score"":10.084955522799042},""T5_rs_3m"":{""value"":-0.08669109282045007,""score"":6.654453589774967},""T6_adr_healthy"":{""value"":3.298171714338932,""score"":100.0},""_score"":26.84},""geometry"":{""sub_low_similarity"":88.1,""sub_bounce_quality"":86.7,""sub_separation_fit"":0.0,""sub_right_bottom_reaction"":33.6,""sub_base_context"":30.0,""_score"":54.81},""compression"":{""VC1_atr_ratio"":{""value"":0.31464066164198556,""score"":100},""VC2_range_contraction"":{""value"":1.3523798386491028,""score"":0},""VC3_range_pct_rank"":{""score"":23.33333333333333},""_score"":45.83},""sr_quality"":{""SR1_touches"":{""value"":4,""score"":75.0},""SR2_tightness"":{""value"":0.20141297748655612,""score"":65.42160477253401},""SR3_recency"":{""value"":245,""score"":0.0},""SR4_price_location"":{""score"":89.77914740626602},""SR5_reaction"":{""value"":2.2411202060148976,""score"":100},""_score"":69.76,""_levels_found"":5,""_target_level"":31.3438},""volume"":{""V1_rvol_day"":{""value"":0.2826702250306542,""score"":0},""V2_rvol_sameslot"":{""value"":0.7338927741565625,""score"":15.5928516104375,""status"":""ok""},""V3_breakout_bar"":{""value"":0.9068836345770529,""score"":27.125575638470195},""V4_base_dryup"":{""value"":1.1506594094279188,""score"":34.93405905720812},""V5_bo_expansion"":{""value"":0.2826702250306542,""score"":0},""_score"":16.89},""readiness"":{""_distance_atr"":1.64,""BR1_atr_distance"":{""score"":0},""BR2_compression"":{""score"":0},""BR3_retest"":{""score"":50.0},""BR4_bo_age"":{""score"":50.0},""_score"":17.5},""risk"":{""R1_stop_clarity"":{""score"":22.074864342867556},""R2_stop_distance_pct"":{""value"":4.145039395401184,""score"":100.0},""R3_stop_distance_atr"":{""value"":1.106385848738463,""score"":80.31929243692315},""R4_rr_potential"":{""value"":3.6116067964931395,""score"":100.0},""_score"":69.77},""market"":{""M1_spy_regime"":{""score"":100.0},""M3_earnings_risk"":{""value"":null,""score"":80.0},""M4_vix"":{""value"":null,""score"":60.0},""_score"":84.0},""liquidity"":{""L1_price"":{""value"":31.095,""score"":100.0},""L2_dollar_vol"":{""value"":20106129.97550799,""score"":65.1664242856186},""L3_spread_proxy"":{""value"":0.03537546229297308,""score"":64.62453770702692},""L4_volume_zscore"":{""value"":-1.7863560154177387,""score"":100.0},""_score"":82.53},""pattern_structure"":{""left_low"":30.26,""left_idx"":27,""right_low"":30.44,""right_idx"":76,""separation_bars"":49,""structural_low"":30.26,""current_price"":31.03,""neckline_distance_pct"":0.06364808250080571,""base_bars"":49},""pattern_geometry_features"":{""low_similarity_pct"":0.0059308072487644055,""bounce_pct"":0.0907138136153338,""right_bottom_reaction"":0.3363636363636347,""atr_pct"":0.03746468196540558},""_schema_version"":""1.0""}",,,,,,,,,,
20260508T181321Z-e7d442,2026-05-08T18:13:21.400575+00:00,KVYO,double_bottom,forming,48.1,14.0,67.9,13.5,53.3,29.2,32.3,72.8,84.0,93.8,2.1,16.98,1.08,7.46,3.79,2.59,4.37,5.04,4.69,False,,15.07,17.575,14.9129,20.01,"{""trend"":{""T1_ema_stack"":{""value"":[false,false,false],""score"":0.0},""T2_ema50_slope"":{""value"":-0.030892529786291156,""score"":44.85124503561814},""T3_high_proximity"":{""value"":0.6459494213459066,""score"":0},""T4_rs_1m"":{""value"":-0.23731782309679583,""score"":0},""T5_rs_3m"":{""value"":-0.2802495974797923,""score"":0},""T6_adr_healthy"":{""value"":6.110720148059317,""score"":100.0},""_score"":13.97},""geometry"":{""sub_low_similarity"":51.7,""sub_bounce_quality"":100,""sub_separation_fit"":100.0,""sub_right_bottom_reaction"":76.1,""sub_base_context"":30.0,""_score"":67.92},""compression"":{""VC1_atr_ratio"":{""value"":1.0439516446378359,""score"":0},""VC2_range_contraction"":{""value"":1.0916797698797125,""score"":0},""VC3_range_pct_rank"":{""score"":54.16666666666667},""_score"":13.54},""sr_quality"":{""SR1_touches"":{""value"":2,""score"":25.0},""SR2_tightness"":{""value"":0.3200000000000012,""score"":61.85188654342313},""SR3_recency"":{""value"":242,""score"":0.0},""SR4_price_location"":{""score"":86.05209601743911},""SR5_reaction"":{""value"":2.1622231494333133,""score"":100},""_score"":53.29,""_levels_found"":9,""_target_level"":15.85},""volume"":{""V1_rvol_day"":{""value"":0.8758746609661849,""score"":25.058310731078997},""V2_rvol_sameslot"":{""value"":2.505056164872911,""score"":100,""status"":""ok""},""V3_breakout_bar"":{""value"":0.7500597899953408,""score"":16.670652666356055},""V4_base_dryup"":{""value"":1.6064551809711538,""score"":0},""V5_bo_expansion"":{""value"":0.8758746609661849,""score"":0},""_score"":29.18},""readiness"":{""_distance_atr"":1.493,""BR1_atr_distance"":{""score"":0.4572664492451253},""BR2_compression"":{""score"":58.6198937595522},""BR3_retest"":{""score"":50.0},""BR4_bo_age"":{""score"":50.0},""_score"":32.34},""risk"":{""R1_stop_clarity"":{""score"":72.9267607312857},""R2_stop_distance_pct"":{""value"":1.0424684804246833,""score"":76.06171201061709},""R3_stop_distance_atr"":{""value"":0.09364169725044058,""score"":29.68208486252203},""R4_rr_potential"":{""value"":31.444939528962472,""score"":100.0},""_score"":72.8},""market"":{""M1_spy_regime"":{""score"":100.0},""M3_earnings_risk"":{""value"":null,""score"":80.0},""M4_vix"":{""value"":null,""score"":60.0},""_score"":84.0},""liquidity"":{""L1_price"":{""value"":15.07,""score"":100.0},""L2_dollar_vol"":{""value"":87504560.79983419,""score"":97.101534467448},""L3_spread_proxy"":{""value"":0.05043132050431319,""score"":49.56867949568681},""L4_volume_zscore"":{""value"":-0.1799678303414334,""score"":100.0},""_score"":93.8},""pattern_structure"":{""left_low"":15.51,""left_idx"":64,""right_low"":15.14,""right_idx"":76,""separation_bars"":12,""structural_low"":15.14,""current_price"":15.26,""neckline_distance_pct"":0.15170380078636955,""base_bars"":12},""pattern_geometry_features"":{""low_similarity_pct"":0.024143556280587227,""bounce_pct"":0.1608322324966974,""right_bottom_reaction"":0.761194029850746,""atr_pct"":0.11132524409896667},""_schema_version"":""1.0""}",,,,,,,,,,
20260508T181321Z-e7d442,2026-05-08T18:13:21.400575+00:00,MMYT,vcp,forming,48.09,39.3,59.3,70.2,31.4,12.8,17.5,69.8,84.0,74.8,5.9,14.84,8.42,3.77,1.67,1.23,3.49,5.04,3.74,True,risk_unclear,48.2,51.385,43.9901,70.23,"{""trend"":{""T1_ema_stack"":{""value"":[true,false,false],""score"":33.33333333333333},""T2_ema50_slope"":{""value"":-0.12022364994244636,""score"":29.962725009592273},""T3_high_proximity"":{""value"":0.7731793391081168,""score"":0},""T4_rs_1m"":{""value"":0.07450949735158119,""score"":100},""T5_rs_3m"":{""value"":-0.223472819494004,""score"":0},""T6_adr_healthy"":{""value"":3.995104640255421,""score"":100.0},""_score"":39.33},""geometry"":{""sub_contraction_count"":100.0,""sub_reduction_rate"":0,""sub_pivot_tightness"":0,""sub_volume_dryup"":95.6,""sub_base_depth"":100.0,""sub_base_duration"":100.0,""_score"":59.34},""compression"":{""VC1_atr_ratio"":{""value"":0.4112111315488549,""score"":100},""VC2_range_contraction"":{""value"":0.568700634835671,""score"":71.88322752738817},""VC3_range_pct_rank"":{""score"":19.999999999999996},""_score"":70.16},""sr_quality"":{""SR1_touches"":{""value"":2,""score"":25.0},""SR2_tightness"":{""value"":0.4549999999999983,""score"":51.97889182058065},""SR3_recency"":{""value"":276,""score"":0.0},""SR4_price_location"":{""score"":4.553571428571472},""SR5_reaction"":{""value"":3.8509234828496037,""score"":100},""_score"":31.44,""_levels_found"":4,""_target_level"":53.545},""volume"":{""V1_rvol_day"":{""value"":0.20806436169336426,""score"":0},""V2_rvol_sameslot"":{""value"":0.37725290396602623,""score"":0,""status"":""ok""},""V3_breakout_bar"":{""value"":0.48517110248375683,""score"":0},""V4_base_dryup"":{""value"":0.8573009662003577,""score"":64.26990337996423},""V5_bo_expansion"":{""value"":0.20806436169336426,""score"":0},""_score"":12.85},""readiness"":{""_distance_atr"":1.681,""BR1_atr_distance"":{""score"":0},""BR2_compression"":{""score"":0},""BR3_retest"":{""score"":50.0},""BR4_bo_age"":{""score"":50.0},""_score"":17.5},""risk"":{""R1_stop_clarity"":{""score"":29.298153034300967},""R2_stop_distance_pct"":{""value"":8.734232365145237,""score"":81.64419087136908},""R3_stop_distance_atr"":{""value"":2.2215831134564668,""score"":100.0},""R4_rr_potential"":{""value"":5.232903394379909,""score"":100.0},""_score"":69.75},""market"":{""M1_spy_regime"":{""score"":100.0},""M3_earnings_risk"":{""value"":null,""score"":80.0},""M4_vix"":{""value"":null,""score"":60.0},""_score"":84.0},""liquidity"":{""L1_price"":{""value"":48.2,""score"":100.0},""L2_dollar_vol"":{""value"":11471772.377081601,""score"":52.98152605688466},""L3_spread_proxy"":{""value"":0.06410788381742745,""score"":35.89211618257255},""L4_volume_zscore"":{""value"":-1.61644539437274,""score"":100.0},""_score"":74.78},""pattern_structure"":{""n_contractions"":5,""contractions_pct"":[14.97,17.15,31.5,10.82,13.09],""descending_strict"":false,""final_low"":44.66,""final_pivot"":51.385,""structural_low"":44.66,""dry_up_ratio"":0.5218739109368129,""current_price"":48.2,""neckline_distance_pct"":0.06607883817427375,""base_bars"":50},""pattern_geometry_features"":{""contraction_count"":5.0,""first_contraction_pct"":0.14967325407448237,""last_contraction_pct"":0.1308747689014304,""dry_up_ratio"":0.5218739109368129,""near_monotone"":0.0,""base_depth_pct"":0.2967482875364145},""_schema_version"":""1.0""}",,,,,,,,,,
20260508T181321Z-e7d442,2026-05-08T18:13:21.400575+00:00,GDYN,ascending_triangle,forming,47.93,46.2,55.0,49.4,38.7,16.7,48.1,38.4,84.0,76.0,6.94,15.4,3.95,5.42,2.01,3.85,1.53,5.04,3.8,False,,6.855,7.075,5.3239,8.745,"{""trend"":{""T1_ema_stack"":{""value"":[true,false,false],""score"":33.33333333333333},""T2_ema50_slope"":{""value"":-0.25505032284448675,""score"":7.491612859252207},""T3_high_proximity"":{""value"":0.9520833333333334,""score"":76.04166666666667},""T4_rs_1m"":{""value"":0.19688547288488056,""score"":100},""T5_rs_3m"":{""value"":-0.10617534428380948,""score"":0},""T6_adr_healthy"":{""value"":6.048204019144313,""score"":100.0},""_score"":46.24},""geometry"":{""sub_flat_top_quality"":33.3,""sub_hl_slope"":100,""sub_compression"":0,""sub_duration"":100.0,""_score"":54.99},""compression"":{""VC1_atr_ratio"":{""value"":0.4833683499851369,""score"":100},""VC2_range_contraction"":{""value"":1.4901822672341365,""score"":0},""VC3_range_pct_rank"":{""score"":37.5},""_score"":49.38},""sr_quality"":{""SR1_touches"":{""value"":2,""score"":25.0},""SR2_tightness"":{""value"":0.0699999999999994,""score"":65.49963915438941},""SR3_recency"":{""value"":310,""score"":0.0},""SR4_price_location"":{""score"":25.43352601156071},""SR5_reaction"":{""value"":2.9818169016563694,""score"":100},""_score"":38.68,""_levels_found"":5,""_target_level"":8.79},""volume"":{""V1_rvol_day"":{""value"":0.9071066036393649,""score"":27.140440242624326},""V2_rvol_sameslot"":{""value"":1.2100563608439217,""score"":47.33709072292811,""status"":""ok""},""V3_breakout_bar"":{""value"":0.3454475980569825,""score"":0},""V4_base_dryup"":{""value"":1.4088990468887288,""score"":9.110095311127125},""V5_bo_expansion"":{""value"":0.9071066036393649,""score"":0},""_score"":16.72},""readiness"":{""_distance_atr"":0.542,""BR1_atr_distance"":{""score"":63.856764828407684},""BR2_compression"":{""score"":20.33750987410741},""BR3_retest"":{""score"":50.0},""BR4_bo_age"":{""score"":50.0},""_score"":48.13},""risk"":{""R1_stop_clarity"":{""score"":60.041189206315565},""R2_stop_distance_pct"":{""value"":22.33515681983954,""score"":0.0},""R3_stop_distance_atr"":{""value"":3.7730457129781216,""score"":100.0},""R4_rr_potential"":{""value"":1.2344267916333296,""score"":11.721339581666479},""_score"":38.36},""market"":{""M1_spy_regime"":{""score"":100.0},""M3_earnings_risk"":{""value"":null,""score"":80.0},""M4_vix"":{""value"":null,""score"":60.0},""_score"":84.0},""liquidity"":{""L1_price"":{""value"":6.855,""score"":98.4275},""L2_dollar_vol"":{""value"":12125763.690317716,""score"":54.18545501751439},""L3_spread_proxy"":{""value"":0.05324580598103564,""score"":46.754194018964355},""L4_volume_zscore"":{""value"":-0.09452598085669332,""score"":100.0},""_score"":75.96},""pattern_structure"":{""top"":7.075,""top_touches"":2,""low_slope_per_bar"":0.019841162096117325,""lowest_low"":5.405,""structural_low"":5.405,""current_price"":6.8001,""neckline_distance_pct"":0.040425876090057586,""base_bars"":49},""pattern_geometry_features"":{""top_touches"":2.0,""low_slope"":0.019841162096117325,""compression"":-0.7741638104242985,""atr_pct"":0.0591966239449828},""_schema_version"":""1.0""}",,,,,,,,,,
20260508T181321Z-e7d442,2026-05-08T18:13:21.400575+00:00,PRCH,vcp,breakout_confirmed,47.6,89.9,44.4,23.0,44.6,15.8,30.2,36.7,84.0,77.0,13.49,11.09,2.76,5.36,2.06,2.12,1.84,5.04,3.85,False,,11.02,8.5,7.289,9.5932,"{""trend"":{""T1_ema_stack"":{""value"":[true,true,false],""score"":66.66666666666666},""T2_ema50_slope"":{""value"":0.3546723977665168,""score"":100},""T3_high_proximity"":{""value"":0.9769503546099291,""score"":88.47517730496452},""T4_rs_1m"":{""value"":0.48537763147049695,""score"":100},""T5_rs_3m"":{""value"":0.4523940806811273,""score"":100},""T6_adr_healthy"":{""value"":6.976955229299883,""score"":100.0},""_score"":89.94},""geometry"":{""sub_contraction_count"":100.0,""sub_reduction_rate"":6.0,""sub_pivot_tightness"":0,""sub_volume_dryup"":0,""sub_base_depth"":78.7,""sub_base_duration"":100.0,""_score"":44.37},""compression"":{""VC1_atr_ratio"":{""value"":0.9452420297192055,""score"":13.689492570198636},""VC2_range_contraction"":{""value"":1.2675811395987981,""score"":0},""VC3_range_pct_rank"":{""score"":70.0},""_score"":22.98},""sr_quality"":{""SR1_touches"":{""value"":2,""score"":25.0},""SR2_tightness"":{""value"":0.009999999999999787,""score"":97.57973895755904},""SR3_recency"":{""value"":230,""score"":0.0},""SR4_price_location"":{""score"":30.0},""SR5_reaction"":{""value"":2.377906474198289,""score"":100},""_score"":44.64,""_levels_found"":6,""_target_level"":10.84},""volume"":{""V1_rvol_day"":{""value"":0.44475328748024806,""score"":0},""V2_rvol_sameslot"":{""value"":0.8347059295967969,""score"":22.313728639786458,""status"":""ok""},""V3_breakout_bar"":{""value"":0.6787800387147956,""score"":11.918669247653042},""V4_base_dryup"":{""value"":1.0809107967137377,""score"":41.90892032862623},""V5_bo_expansion"":{""value"":0.44475328748024806,""score"":0},""_score"":15.82},""readiness"":{""_distance_atr"":-3.05,""BR1_atr_distance"":{""score"":0},""BR2_compression"":{""score"":50.91709291645968},""BR3_retest"":{""score"":50.0},""BR4_bo_age"":{""score"":50.0},""_score"":30.23},""risk"":{""R1_stop_clarity"":{""score"":73.13510242890487},""R2_stop_distance_pct"":{""value"":33.85662431941923,""score"":0.0},""R3_stop_distance_atr"":{""value"":4.514996974673697,""score"":74.25015126631513},""R4_rr_potential"":{""value"":-0.38241758241758256,""score"":0.0},""_score"":36.73},""market"":{""M1_spy_regime"":{""score"":100.0},""M3_earnings_risk"":{""value"":null,""score"":80.0},""M4_vix"":{""value"":null,""score"":60.0},""_score"":84.0},""liquidity"":{""L1_price"":{""value"":11.02,""score"":100.0},""L2_dollar_vol"":{""value"":11858600.370671319,""score"":53.701671689337836},""L3_spread_proxy"":{""value"":0.044464609800362834,""score"":55.53539019963716},""L4_volume_zscore"":{""value"":-0.9566377817426673,""score"":100.0},""_score"":77.03},""pattern_structure"":{""n_contractions"":5,""contractions_pct"":[16.64,12.62,12.66,17.4,12.94],""descending_strict"":false,""final_low"":7.4,""final_pivot"":8.5,""structural_low"":7.4,""dry_up_ratio"":2.087483885550642,""current_price"":11.02,""neckline_distance_pct"":-0.22867513611615242,""base_bars"":34},""pattern_geometry_features"":{""contraction_count"":5.0,""first_contraction_pct"":0.16639193707907501,""last_contraction_pct"":0.1294117647058823,""dry_up_ratio"":2.087483885550642,""near_monotone"":0.0,""base_depth_pct"":0.12871473649507836},""_schema_version"":""1.0""}",,,,,,,,,,
20260508T181321Z-e7d442,2026-05-08T18:13:21.400575+00:00,QTWO,vcp,absent,47.55,40.1,45.0,42.4,63.9,22.1,22.2,81.1,84.0,80.3,6.01,11.25,5.08,7.67,2.87,1.55,4.05,5.04,4.01,False,,50.51,54.6,46.3935,66.44,"{""trend"":{""T1_ema_stack"":{""value"":[true,false,false],""score"":33.33333333333333},""T2_ema50_slope"":{""value"":-0.05524786847474689,""score"":40.79202192087552},""T3_high_proximity"":{""value"":0.8810395953253096,""score"":40.51979766265479},""T4_rs_1m"":{""value"":0.012666549072186006,""score"":62.66654907218601},""T5_rs_3m"":{""value"":-0.18177638582185418,""score"":0},""T6_adr_healthy"":{""value"":4.363236466732225,""score"":100.0},""_score"":40.1},""geometry"":{""sub_contraction_count"":100.0,""sub_reduction_rate"":0,""sub_pivot_tightness"":0,""sub_volume_dryup"":0,""sub_base_depth"":100.0,""sub_base_duration"":100.0,""_score"":45.0},""compression"":{""VC1_atr_ratio"":{""value"":0.6785398243188284,""score"":80.36504392029289},""VC2_range_contraction"":{""value"":1.1929621726470931,""score"":0},""VC3_range_pct_rank"":{""score"":40.833333333333336},""_score"":42.35},""sr_quality"":{""SR1_touches"":{""value"":3,""score"":50.0},""SR2_tightness"":{""value"":0.12970050972229244,""score"":90.88104609873675},""SR3_recency"":{""value"":245,""score"":0.0},""SR4_price_location"":{""score"":82.80647648419433},""SR5_reaction"":{""value"":1.9451816995564764,""score"":97.25908497782382},""_score"":63.92,""_levels_found"":7,""_target_level"":51.2533},""volume"":{""V1_rvol_day"":{""value"":0.32943624260278814,""score"":0},""V2_rvol_sameslot"":{""value"":0.7316378096200526,""score"":15.442520641336843,""status"":""ok""},""V3_breakout_bar"":{""value"":1.0765090966283684,""score"":38.43393977522456},""V4_base_dryup"":{""value"":1.0291092005128628,""score"":47.08907994871372},""V5_bo_expansion"":{""value"":0.32943624260278814,""score"":0},""_score"":22.11},""readiness"":{""_distance_atr"":1.438,""BR1_atr_distance"":{""score"":4.147070467638642},""BR2_compression"":{""score"":12.143107603533673},""BR3_retest"":{""score"":50.0},""BR4_bo_age"":{""score"":50.0},""_score"":22.19},""risk"":{""R1_stop_clarity"":{""score"":50.32755888903686},""R2_stop_distance_pct"":{""value"":8.149871312611355,""score"":96.25321718471614},""R3_stop_distance_atr"":{""value"":1.4471097228116068,""score"":97.35548614058034},""R4_rr_potential"":{""value"":3.8697922992833766,""score"":100.0},""_score"":81.09},""market"":{""M1_spy_regime"":{""score"":100.0},""M3_earnings_risk"":{""value"":null,""score"":80.0},""M4_vix"":{""value"":null,""score"":60.0},""_score"":84.0},""liquidity"":{""L1_price"":{""value"":50.51,""score"":100.0},""L2_dollar_vol"":{""value"":16105448.26709689,""score"":60.34864085771501},""L3_spread_proxy"":{""value"":0.03880221738269659,""score"":61.19778261730341},""L4_volume_zscore"":{""value"":-0.9714908305674066,""score"":100.0},""_score"":80.26},""pattern_structure"":{""n_contractions"":5,""contractions_pct"":[12.89,9.81,13.05,12.39,13.74],""descending_strict"":false,""final_low"":47.1,""final_pivot"":54.6,""structural_low"":47.1,""dry_up_ratio"":1.8265224139231246,""current_price"":50.51,""neckline_distance_pct"":0.08097406454167498,""base_bars"":50},""pattern_geometry_features"":{""contraction_count"":5.0,""first_contraction_pct"":0.12894468951476068,""last_contraction_pct"":0.13736263736263735,""dry_up_ratio"":1.8265224139231246,""near_monotone"":0.0,""base_depth_pct"":0.20088225313878516},""_schema_version"":""1.0""}",,,,,,,,,,
20260508T181321Z-e7d442,2026-05-08T18:13:21.400575+00:00,ICE,vcp,forming,47.39,21.8,54.3,50.4,61.0,23.1,17.5,59.9,84.0,97.9,3.27,13.59,6.05,7.32,3.01,1.23,2.99,5.04,4.9,True,risk_unclear,156.175,165.89,152.9803,186.63,"{""trend"":{""T1_ema_stack"":{""value"":[false,false,false],""score"":0.0},""T2_ema50_slope"":{""value"":-0.0688567806027563,""score"":38.523869899540614},""T3_high_proximity"":{""value"":0.9214951616709938,""score"":60.74758083549686},""T4_rs_1m"":{""value"":-0.12020116886659205,""score"":0},""T5_rs_3m"":{""value"":-0.1434934932833697,""score"":0},""T6_adr_healthy"":{""value"":2.375127865433975,""score"":100.0},""_score"":21.82},""geometry"":{""sub_contraction_count"":100.0,""sub_reduction_rate"":19.2,""sub_pivot_tightness"":51.7,""sub_volume_dryup"":0,""sub_base_depth"":67.8,""sub_base_duration"":100.0,""_score"":54.34},""compression"":{""VC1_atr_ratio"":{""value"":0.3888229286275423,""score"":100},""VC2_range_contraction"":{""value"":1.173448625017927,""score"":0},""VC3_range_pct_rank"":{""score"":41.666666666666664},""_score"":50.42},""sr_quality"":{""SR1_touches"":{""value"":5,""score"":100},""SR2_tightness"":{""value"":0.6331753311682338,""score"":67.62806822313982},""SR3_recency"":{""value"":243,""score"":0.0},""SR4_price_location"":{""score"":23.362866900955833},""SR5_reaction"":{""value"":2.0909391359284824,""score"":100},""_score"":60.98,""_levels_found"":7,""_target_level"":158.7555},""volume"":{""V1_rvol_day"":{""value"":0.3614409326421695,""score"":0},""V2_rvol_sameslot"":{""value"":1.0579211361576488,""score"":37.194742410509924,""status"":""ok""},""V3_breakout_bar"":{""value"":0.7397656317348111,""score"":15.984375448987409},""V4_base_dryup"":{""value"":0.9152867449683353,""score"":58.47132550316647},""V5_bo_expansion"":{""value"":0.3614409326421695,""score"":0},""_score"":23.13},""readiness"":{""_distance_atr"":2.483,""BR1_atr_distance"":{""score"":0},""BR2_compression"":{""score"":0},""BR3_retest"":{""score"":50.0},""BR4_bo_age"":{""score"":50.0},""_score"":17.5},""risk"":{""R1_stop_clarity"":{""score"":0},""R2_stop_distance_pct"":{""value"":2.045557867776548,""score"":100.0},""R3_stop_distance_atr"":{""value"":0.8166536720574588,""score"":65.83268360287293},""R4_rr_potential"":{""value"":9.53312569452045,""score"":100.0},""_score"":59.87},""market"":{""M1_spy_regime"":{""score"":100.0},""M3_earnings_risk"":{""value"":null,""score"":80.0},""M4_vix"":{""value"":null,""score"":60.0},""_score"":84.0},""liquidity"":{""L1_price"":{""value"":156.175,""score"":100.0},""L2_dollar_vol"":{""value"":174870397.9588665,""score"":100.0},""L3_spread_proxy"":{""value"":0.020938050264126845,""score"":79.06194973587316},""L4_volume_zscore"":{""value"":-1.8234663733322225,""score"":100.0},""_score"":97.91},""pattern_structure"":{""n_contractions"":5,""contractions_pct"":[9.78,8.16,6.44,6.19,6.38],""descending_strict"":false,""final_low"":155.31,""final_pivot"":165.89,""structural_low"":155.31,""dry_up_ratio"":1.1716271122740152,""current_price"":156.175,""neckline_distance_pct"":0.0622058588122297,""base_bars"":58},""pattern_geometry_features"":{""contraction_count"":5.0,""first_contraction_pct"":0.09781312127236579,""last_contraction_pct"":0.06377720176020245,""dry_up_ratio"":1.1716271122740152,""near_monotone"":0.0,""base_depth_pct"":0.1178074410678785},""_schema_version"":""1.0""}",,,,,,,,,,
20260508T181321Z-e7d442,2026-05-08T18:13:21.400575+00:00,XEL,double_bottom,absent,47.27,50.1,47.1,47.9,42.4,23.2,17.5,64.1,84.0,98.0,7.51,11.78,3.83,5.94,3.02,1.4,3.85,5.04,4.9,True,risk_unclear,79.925,83.85,77.5687,88.95,"{""trend"":{""T1_ema_stack"":{""value"":[false,true,true],""score"":66.66666666666666},""T2_ema50_slope"":{""value"":0.01689072829187441,""score"":52.81512138197907},""T3_high_proximity"":{""value"":0.9525086402097486,""score"":76.25432010487427},""T4_rs_1m"":{""value"":-0.11879529546430034,""score"":0},""T5_rs_3m"":{""value"":-0.014575616288569737,""score"":42.71219185571513},""T6_adr_healthy"":{""value"":2.037850691924474,""score"":100.0},""_score"":50.07},""geometry"":{""sub_low_similarity"":73.8,""sub_bounce_quality"":49.7,""sub_separation_fit"":0.0,""sub_right_bottom_reaction"":60.2,""sub_base_context"":30.0,""_score"":47.11},""compression"":{""VC1_atr_ratio"":{""value"":0.5914285510189613,""score"":100},""VC2_range_contraction"":{""value"":1.0355864022826333,""score"":0},""VC3_range_pct_rank"":{""score"":31.666666666666664},""_score"":47.92},""sr_quality"":{""SR1_touches"":{""value"":2,""score"":25.0},""SR2_tightness"":{""value"":0.4024999999999963,""score"":52.797788574300995},""SR3_recency"":{""value"":263,""score"":0.0},""SR4_price_location"":{""score"":68.54942233632862},""SR5_reaction"":{""value"":1.3178505612330342,""score"":65.89252806165172},""_score"":42.44,""_levels_found"":8,""_target_level"":80.5375},""volume"":{""V1_rvol_day"":{""value"":0.362528590715841,""score"":0},""V2_rvol_sameslot"":{""value"":0.9913936047595256,""score"":32.75957365063504,""status"":""ok""},""V3_breakout_bar"":{""value"":0.6599761276999269,""score"":10.665075179995124},""V4_base_dryup"":{""value"":0.7992462276622557,""score"":70.07537723377443},""V5_bo_expansion"":{""value"":0.362528590715841,""score"":0},""_score"":23.23},""readiness"":{""_distance_atr"":2.301,""BR1_atr_distance"":{""score"":0},""BR2_compression"":{""score"":0},""BR3_retest"":{""score"":50.0},""BR4_bo_age"":{""score"":50.0},""_score"":17.5},""risk"":{""R1_stop_clarity"":{""score"":0},""R2_stop_distance_pct"":{""value"":2.9480763215514583,""score"":100.0},""R3_stop_distance_atr"":{""value"":1.381617523873347,""score"":94.08087619366735},""R4_rr_potential"":{""value"":3.8302387267904425,""score"":100.0},""_score"":64.11},""market"":{""M1_spy_regime"":{""score"":100.0},""M3_earnings_risk"":{""value"":null,""score"":80.0},""M4_vix"":{""value"":null,""score"":60.0},""_score"":84.0},""liquidity"":{""L1_price"":{""value"":79.925,""score"":100.0},""L2_dollar_vol"":{""value"":140430365.20343646,""score"":100.0},""L3_spread_proxy"":{""value"":0.019831091648420493,""score"":80.1689083515795},""L4_volume_zscore"":{""value"":-1.9739025799261563,""score"":100.0},""_score"":98.02},""pattern_structure"":{""left_low"":78.75,""left_idx"":20,""right_low"":79.79,""right_idx"":70,""separation_bars"":50,""structural_low"":78.75,""current_price"":79.75,""neckline_distance_pct"":0.05141065830720996,""base_bars"":50},""pattern_geometry_features"":{""low_similarity_pct"":0.013119717421471,""bounce_pct"":0.06476190476190469,""right_bottom_reaction"":0.6019417475728138,""atr_pct"":0.021337861387908313},""_schema_version"":""1.0""}",,,,,,,,,,
20260508T181321Z-e7d442,2026-05-08T18:13:21.400575+00:00,SAIL,vcp,forming,47.12,14.8,50.5,75.2,54.1,6.5,42.1,79.6,84.0,79.2,2.23,12.62,9.02,6.5,0.84,2.95,3.98,5.04,3.96,False,,11.985,12.84,11.229,19.96,"{""trend"":{""T1_ema_stack"":{""value"":[false,false,false],""score"":0.0},""T2_ema50_slope"":{""value"":-0.5411444156317399,""score"":0},""T3_high_proximity"":{""value"":0.7448725916718458,""score"":0},""T4_rs_1m"":{""value"":-0.0007882186194039242,""score"":49.21178138059608},""T5_rs_3m"":{""value"":-0.2528540498423263,""score"":0},""T6_adr_healthy"":{""value"":5.745167473428172,""score"":100.0},""_score"":14.84},""geometry"":{""sub_contraction_count"":100.0,""sub_reduction_rate"":27.7,""sub_pivot_tightness"":0,""sub_volume_dryup"":46.5,""sub_base_depth"":15.6,""sub_base_duration"":100.0,""_score"":50.46},""compression"":{""VC1_atr_ratio"":{""value"":0.3520613635465999,""score"":100},""VC2_range_contraction"":{""value"":0.8045236379028374,""score"":32.57939368286043},""VC3_range_pct_rank"":{""score"":95.0},""_score"":75.15},""sr_quality"":{""SR1_touches"":{""value"":3,""score"":50.0},""SR2_tightness"":{""value"":0.04642796092394688,""score"":86.4534314339699},""SR3_recency"":{""value"":194,""score"":0.0},""SR4_price_location"":{""score"":44.63470319634703},""SR5_reaction"":{""value"":2.319619857446543,""score"":100},""_score"":54.13,""_levels_found"":5,""_target_level"":12.7933},""volume"":{""V1_rvol_day"":{""value"":0.3921288745919745,""score"":0},""V2_rvol_sameslot"":{""value"":0.7799481353725742,""score"":18.66320902483828,""status"":""ok""},""V3_breakout_bar"":{""value"":0.4198652821030814,""score"":0},""V4_base_dryup"":{""value"":1.3642310181721875,""score"":13.57689818278125},""V5_bo_expansion"":{""value"":0.39212887459197443,""score"":0},""_score"":6.45},""readiness"":{""_distance_atr"":1.247,""BR1_atr_distance"":{""score"":16.843816431161628},""BR2_compression"":{""score"":71.36366210694479},""BR3_retest"":{""score"":50.0},""BR4_bo_age"":{""score"":50.0},""_score"":42.08},""risk"":{""R1_stop_clarity"":{""score"":50.10628985869718},""R2_stop_distance_pct"":{""value"":6.307884856070076,""score"":100.0},""R3_stop_distance_atr"":{""value"":1.102913592597222,""score"":80.14567962986109},""R4_rr_potential"":{""value"":10.548941798941822,""score"":100.0},""_score"":79.56},""market"":{""M1_spy_regime"":{""score"":100.0},""M3_earnings_risk"":{""value"":null,""score"":80.0},""M4_vix"":{""value"":null,""score"":60.0},""_score"":84.0},""liquidity"":{""L1_price"":{""value"":11.985,""score"":100.0},""L2_dollar_vol"":{""value"":12122030.642099025,""score"":54.17876887430219},""L3_spread_proxy"":{""value"":0.02419691280767634,""score"":75.80308719232366},""L4_volume_zscore"":{""value"":-1.826772689050915,""score"":100.0},""_score"":79.25},""pattern_structure"":{""n_contractions"":5,""contractions_pct"":[25.94,22.01,28.26,23.87,11.21],""descending_strict"":false,""final_low"":11.4,""final_pivot"":12.84,""structural_low"":11.4,""dry_up_ratio"":0.7674409600859128,""current_price"":11.985,""neckline_distance_pct"":0.07133917396745937,""base_bars"":59},""pattern_geometry_features"":{""contraction_count"":5.0,""first_contraction_pct"":0.25944924406047515,""last_contraction_pct"":0.11214953271028033,""dry_up_ratio"":0.7674409600859128,""near_monotone"":0.0,""base_depth_pct"":0.38444924406047515},""_schema_version"":""1.0""}",,,,,,,,,,
20260508T181321Z-e7d442,2026-05-08T18:13:21.400575+00:00,KTOS,double_bottom,forming,47.09,5.0,52.2,75.1,51.7,26.3,26.4,77.2,84.0,96.7,0.75,13.06,6.0,7.23,3.42,2.11,4.63,5.04,4.83,False,,57.3501,61.74,54.894,67.75,"{""trend"":{""T1_ema_stack"":{""value"":[false,false,false],""score"":0.0},""T2_ema50_slope"":{""value"":-0.9687056007873744,""score"":0},""T3_high_proximity"":{""value"":0.5427283051007854,""score"":0},""T4_rs_1m"":{""value"":-0.24511224024723965,""score"":0},""T5_rs_3m"":{""value"":-0.460148022909594,""score"":0},""T6_adr_healthy"":{""value"":5.619922350432905,""score"":100.0},""_score"":5.0},""geometry"":{""sub_low_similarity"":19.8,""sub_bounce_quality"":100,""sub_separation_fit"":100.0,""sub_right_bottom_reaction"":35.3,""sub_base_context"":30.0,""_score"":52.23},""compression"":{""VC1_atr_ratio"":{""value"":0.3884899676659282,""score"":100},""VC2_range_contraction"":{""value"":0.7953396963619109,""score"":34.11005060634818},""VC3_range_pct_rank"":{""score"":92.5},""_score"":75.06},""sr_quality"":{""SR1_touches"":{""value"":3,""score"":50.0},""SR2_tightness"":{""value"":0.40202266381663193,""score"":76.92224903773153},""SR3_recency"":{""value"":227,""score"":0.0},""SR4_price_location"":{""score"":40.53020890993711},""SR5_reaction"":{""value"":4.013981999712978,""score"":100},""_score"":51.67,""_levels_found"":6,""_target_level"":64.2567},""volume"":{""V1_rvol_day"":{""value"":0.6768198345190359,""score"":11.78798896793573},""V2_rvol_sameslot"":{""value"":1.342088106434092,""score"":56.139207095606125,""status"":""ok""},""V3_breakout_bar"":{""value"":0.6188780674375478,""score"":7.92520449583652},""V4_base_dryup"":{""value"":0.9613836936570597,""score"":53.86163063429403},""V5_bo_expansion"":{""value"":0.6768198345190359,""score"":0},""_score"":26.34},""readiness"":{""_distance_atr"":1.26,""BR1_atr_distance"":{""score"":16.000574041043876},""BR2_compression"":{""score"":9.888439843278215},""BR3_retest"":{""score"":50.0},""BR4_bo_age"":{""score"":50.0},""_score"":26.37},""risk"":{""R1_stop_clarity"":{""score"":52.01303893228344},""R2_stop_distance_pct"":{""value"":4.282555740966458,""score"":100.0},""R3_stop_distance_atr"":{""value"":0.7049367529778391,""score"":60.24683764889196},""R4_rr_potential"":{""value"":4.234400765456722,""score"":100.0},""_score"":77.24},""market"":{""M1_spy_regime"":{""score"":100.0},""M3_earnings_risk"":{""value"":null,""score"":80.0},""M4_vix"":{""value"":null,""score"":60.0},""_score"":84.0},""liquidity"":{""L1_price"":{""value"":57.3501,""score"":100.0},""L2_dollar_vol"":{""value"":145521173.99073103,""score"":100.0},""L3_spread_proxy"":{""value"":0.033129846329823416,""score"":66.87015367017659},""L4_volume_zscore"":{""value"":-0.9874438276981141,""score"":100.0},""_score"":96.69},""pattern_structure"":{""left_low"":58.01,""left_idx"":62,""right_low"":55.73,""right_idx"":76,""separation_bars"":14,""structural_low"":55.73,""current_price"":56.99,""neckline_distance_pct"":0.08334795578171608,""base_bars"":14},""pattern_geometry_features"":{""low_similarity_pct"":0.040091436609811876,""bounce_pct"":0.10784137807285135,""right_bottom_reaction"":0.35263157894736824,""atr_pct"":0.06075092159510497},""_schema_version"":""1.0""}",,,,,,,,,,
20260508T181321Z-e7d442,2026-05-08T18:13:21.400575+00:00,TMC,vcp,absent,47.09,43.9,35.9,61.5,44.7,20.7,59.7,57.6,84.0,80.0,6.58,8.96,7.38,5.37,2.7,4.18,2.88,5.04,4.0,False,,5.705,5.8299,4.7969,11.0099,"{""trend"":{""T1_ema_stack"":{""value"":[true,false,false],""score"":33.33333333333333},""T2_ema50_slope"":{""value"":-0.11668817501863094,""score"":30.551970830228175},""T3_high_proximity"":{""value"":0.8591867469879518,""score"":29.593373493975893},""T4_rs_1m"":{""value"":0.2063010435703796,""score"":100},""T5_rs_3m"":{""value"":-0.17759031869484776,""score"":0},""T6_adr_healthy"":{""value"":7.106654298025463,""score"":100.0},""_score"":43.88},""geometry"":{""sub_contraction_count"":100.0,""sub_reduction_rate"":0,""sub_pivot_tightness"":0,""sub_volume_dryup"":5.7,""sub_base_depth"":0.0,""sub_base_duration"":100.0,""_score"":35.86},""compression"":{""VC1_atr_ratio"":{""value"":0.6700892765097628,""score"":82.4776808725593},""VC2_range_contraction"":{""value"":0.9001252046940595,""score"":16.645799217656744},""VC3_range_pct_rank"":{""score"":90.83333333333333},""_score"":61.53},""sr_quality"":{""SR1_touches"":{""value"":3,""score"":50.0},""SR2_tightness"":{""value"":0.11089836187548764,""score"":46.229235081498},""SR3_recency"":{""value"":235,""score"":0.0},""SR4_price_location"":{""score"":31.199247798957312},""SR5_reaction"":{""value"":3.062651520398975,""score"":100},""_score"":44.73,""_levels_found"":6,""_target_level"":5.9733},""volume"":{""V1_rvol_day"":{""value"":0.6009735171750175,""score"":6.731567811667831},""V2_rvol_sameslot"":{""value"":0.9252298711469397,""score"":28.348658076462645,""status"":""ok""},""V3_breakout_bar"":{""value"":0.4733542866098435,""score"":0},""V4_base_dryup"":{""value"":0.8138188074230528,""score"":68.61811925769473},""V5_bo_expansion"":{""value"":0.6009735171750176,""score"":0},""_score"":20.74},""readiness"":{""_distance_atr"":0.303,""BR1_atr_distance"":{""score"":79.81344231257644},""BR2_compression"":{""score"":41.1132145045634},""BR3_retest"":{""score"":50.0},""BR4_bo_age"":{""score"":50.0},""_score"":59.7},""risk"":{""R1_stop_clarity"":{""score"":64.58059153563747},""R2_stop_distance_pct"":{""value"":15.91673970201578,""score"":0.0},""R3_stop_distance_atr"":{""value"":2.201409572625892,""score"":100.0},""R4_rr_potential"":{""value"":5.842079180661858,""score"":100.0},""_score"":57.6},""market"":{""M1_spy_regime"":{""score"":100.0},""M3_earnings_risk"":{""value"":null,""score"":80.0},""M4_vix"":{""value"":null,""score"":60.0},""_score"":84.0},""liquidity"":{""L1_price"":{""value"":5.705,""score"":97.85249999999999},""L2_dollar_vol"":{""value"":18049126.667523596,""score"":62.822809639919576},""L3_spread_proxy"":{""value"":0.04557405784399646,""score"":54.42594215600354},""L4_volume_zscore"":{""value"":-0.8691589954462877,""score"":100.0},""_score"":80.03},""pattern_structure"":{""n_contractions"":5,""contractions_pct"":[43.98,16.94,39.86,13.11,16.47],""descending_strict"":false,""final_low"":4.87,""final_pivot"":5.8299,""structural_low"":4.87,""dry_up_ratio"":0.9715927531301032,""current_price"":5.705,""neckline_distance_pct"":0.02189307624890451,""base_bars"":67},""pattern_geometry_features"":{""contraction_count"":5.0,""first_contraction_pct"":0.4398009950248757,""last_contraction_pct"":0.16465119470316816,""dry_up_ratio"":0.9715927531301032,""near_monotone"":0.0,""base_depth_pct"":0.5154228855721393},""_schema_version"":""1.0""}",,,,,,,,,,
20260508T181321Z-e7d442,2026-05-08T18:13:21.400575+00:00,PGY,vcp,absent,47.08,66.7,35.0,41.9,46.7,31.3,35.8,35.5,84.0,86.1,10.01,8.75,5.03,5.6,4.07,2.51,1.77,5.04,4.3,False,,14.82,15.57,12.5785,15.325,"{""trend"":{""T1_ema_stack"":{""value"":[true,true,false],""score"":66.66666666666666},""T2_ema50_slope"":{""value"":0.10102276779874972,""score"":66.83712796645828},""T3_high_proximity"":{""value"":0.9561290322580646,""score"":78.06451612903226},""T4_rs_1m"":{""value"":0.15678309182068095,""score"":100},""T5_rs_3m"":{""value"":-0.27254154163646926,""score"":0},""T6_adr_healthy"":{""value"":5.837873211366978,""score"":100.0},""_score"":66.74},""geometry"":{""sub_contraction_count"":100.0,""sub_reduction_rate"":0,""sub_pivot_tightness"":0,""sub_volume_dryup"":0,""sub_base_depth"":0.0,""sub_base_duration"":100.0,""_score"":35.0},""compression"":{""VC1_atr_ratio"":{""value"":0.5558293014865382,""score"":100},""VC2_range_contraction"":{""value"":1.019371008258929,""score"":0},""VC3_range_pct_rank"":{""score"":7.499999999999996},""_score"":41.88},""sr_quality"":{""SR1_touches"":{""value"":3,""score"":50.0},""SR2_tightness"":{""value"":0.18660713336371265,""score"":59.49863780398152},""SR3_recency"":{""value"":299,""score"":0.0},""SR4_price_location"":{""score"":31.013554521545615},""SR5_reaction"":{""value"":4.168992103848857,""score"":100},""_score"":46.68,""_levels_found"":4,""_target_level"":20.5033},""volume"":{""V1_rvol_day"":{""value"":1.0520704635579186,""score"":36.80469757052791},""V2_rvol_sameslot"":{""value"":1.1418400761295706,""score"":42.78933840863804,""status"":""ok""},""V3_breakout_bar"":{""value"":0.33723679879053997,""score"":0},""V4_base_dryup"":{""value"":0.7553689253806448,""score"":74.46310746193552},""V5_bo_expansion"":{""value"":1.0520704635579188,""score"":3.471364237194585},""_score"":31.33},""readiness"":{""_distance_atr"":0.814,""BR1_atr_distance"":{""score"":45.73979908222747},""BR2_compression"":{""score"":0},""BR3_retest"":{""score"":50.0},""BR4_bo_age"":{""score"":50.0},""_score"":35.8},""risk"":{""R1_stop_clarity"":{""score"":58.425834056802806},""R2_stop_distance_pct"":{""value"":15.125168690958166,""score"":0.0},""R3_stop_distance_atr"":{""value"":2.4325390673446603,""score"":100.0},""R4_rr_potential"":{""value"":0.22529053556690717,""score"":0.0},""_score"":35.45},""market"":{""M1_spy_regime"":{""score"":100.0},""M3_earnings_risk"":{""value"":null,""score"":80.0},""M4_vix"":{""value"":null,""score"":60.0},""_score"":84.0},""liquidity"":{""L1_price"":{""value"":14.82,""score"":100.0},""L2_dollar_vol"":{""value"":60229500.19592142,""score"":88.99046296339873},""L3_spread_proxy"":{""value"":0.09527665317138995,""score"":4.7233468286100475},""L4_volume_zscore"":{""value"":0.08472194153922358,""score"":100.0},""_score"":86.07},""pattern_structure"":{""n_contractions"":5,""contractions_pct"":[15.85,12.13,10.36,15.24,17.98],""descending_strict"":false,""final_low"":12.77,""final_pivot"":15.57,""structural_low"":12.77,""dry_up_ratio"":1.3573263861989129,""current_price"":14.82,""neckline_distance_pct"":0.05060728744939271,""base_bars"":43},""pattern_geometry_features"":{""contraction_count"":5.0,""first_contraction_pct"":0.1584830339321358,""last_contraction_pct"":0.17983301220295445,""dry_up_ratio"":1.3573263861989129,""near_monotone"":0.0,""base_depth_pct"":-0.01956087824351291},""_schema_version"":""1.0""}",,,,,,,,,,
20260508T181321Z-e7d442,2026-05-08T18:13:21.400575+00:00,V,cup_with_handle,absent,47.01,45.2,43.8,44.5,71.0,14.4,17.5,61.6,84.0,98.5,6.33,13.14,3.56,8.52,1.87,1.4,3.08,4.2,4.92,True,risk_unclear,319.59,341.98,311.4176,384.15,"{""trend"":{""T1_ema_stack"":{""value"":[true,true,false],""score"":66.66666666666666},""T2_ema50_slope"":{""value"":0.04656026180331358,""score"":57.760043633885594},""T3_high_proximity"":{""value"":0.9543988532521053,""score"":77.19942662605261},""T4_rs_1m"":{""value"":-0.0477691383365606,""score"":2.2308616634393985},""T5_rs_3m"":{""value"":-0.10376612198489599,""score"":0},""T6_adr_healthy"":{""value"":1.7442663509339331,""score"":100.0},""_score"":45.24},""geometry"":{""sub_cup_depth"":45.5,""sub_cup_duration"":0.0,""sub_rim_symmetry"":64.8,""sub_handle_shallowness"":37.1,""sub_handle_proportion"":88.9,""sub_u_shape"":36.2,""_score"":43.8},""compression"":{""VC1_atr_ratio"":{""value"":0.765075697226216,""score"":58.73107569344599},""VC2_range_contraction"":{""value"":0.9120337744073013,""score"":14.661037598783121},""VC3_range_pct_rank"":{""score"":63.33333333333333},""_score"":44.46},""sr_quality"":{""SR1_touches"":{""value"":8,""score"":100},""SR2_tightness"":{""value"":1.8443829422058655,""score"":52.87427806564382},""SR3_recency"":{""value"":238,""score"":0.0},""SR4_price_location"":{""score"":72.12048976053741},""SR5_reaction"":{""value"":2.0049504950495045,""score"":100},""_score"":70.96,""_levels_found"":7,""_target_level"":322.8062},""volume"":{""V1_rvol_day"":{""value"":0.43751609729718677,""score"":0},""V2_rvol_sameslot"":{""value"":0.7784928788209433,""score"":18.56619192139622,""status"":""ok""},""V3_breakout_bar"":{""value"":0.5407284238110676,""score"":2.715228254071171},""V4_base_dryup"":{""value"":1.0015661442359975,""score"":49.843385576400244},""V5_bo_expansion"":{""value"":0.4375160972971867,""score"":0},""_score"":14.36},""readiness"":{""_distance_atr"":2.86,""BR1_atr_distance"":{""score"":0},""BR2_compression"":{""score"":0},""BR3_retest"":{""score"":50.0},""BR4_bo_age"":{""score"":50.0},""_score"":17.5},""risk"":{""R1_stop_clarity"":{""score"":0},""R2_stop_distance_pct"":{""value"":2.5571513501673966,""score"":100.0},""R3_stop_distance_atr"":{""value"":1.0440625998083652,""score"":77.20312999041826},""R4_rr_potential"":{""value"":7.899760168371617,""score"":100.0},""_score"":61.58},""market"":{""M1_spy_regime"":{""score"":100.0},""M3_earnings_risk"":{""value"":null,""score"":80.0},""M4_vix"":{""value"":null,""score"":60.0},""_score"":84.0},""liquidity"":{""L1_price"":{""value"":319.59,""score"":100.0},""L2_dollar_vol"":{""value"":994776981.5614464,""score"":100.0},""L3_spread_proxy"":{""value"":0.015363434400325318,""score"":84.63656559967468},""L4_volume_zscore"":{""value"":-1.434283491789234,""score"":100.0},""_score"":98.46},""pattern_structure"":{""left_rim"":336.06,""left_rim_idx"":67,""cup_bottom"":293.89,""cup_bottom_idx"":153,""right_rim"":341.98,""right_rim_idx"":172,""handle_low"":316.16,""handle_bars"":7,""cup_bars"":105,""structural_low"":316.16,""current_price"":319.59,""neckline_distance_pct"":0.07005851246910118,""base_bars"":112},""pattern_geometry_features"":{""cup_depth_pct"":0.1254835446051301,""rim_symmetry_pct"":0.017615901922275832,""handle_depth_pct"":0.07550149131528157,""handle_to_cup_ratio"":0.06666666666666667,""cup_duration_bars"":105.0,""atr_pct"":0.024492318282799845,""u_shape_score"":0.18095238095238095},""_schema_version"":""1.0""}",,,,,,,,,,
20260508T181321Z-e7d442,2026-05-08T18:13:21.400575+00:00,APPF,double_bottom,absent,46.95,40.3,45.5,52.4,46.7,24.5,21.6,75.1,84.0,87.1,6.04,11.36,4.19,6.53,3.19,1.73,4.5,5.04,4.36,False,,166.21,177.82,159.304,193.91,"{""trend"":{""T1_ema_stack"":{""value"":[true,false,false],""score"":33.33333333333333},""T2_ema50_slope"":{""value"":-0.15161476960882833,""score"":24.730871731861942},""T3_high_proximity"":{""value"":0.8694355808965842,""score"":34.7177904482921},""T4_rs_1m"":{""value"":0.034007853675848576,""score"":84.00785367584858},""T5_rs_3m"":{""value"":-0.1428041388208896,""score"":0},""T6_adr_healthy"":{""value"":4.017516583440743,""score"":100.0},""_score"":40.29},""geometry"":{""sub_low_similarity"":49.3,""sub_bounce_quality"":99.3,""sub_separation_fit"":0.0,""sub_right_bottom_reaction"":32.0,""sub_base_context"":30.0,""_score"":45.45},""compression"":{""VC1_atr_ratio"":{""value"":0.39544699450488485,""score"":100},""VC2_range_contraction"":{""value"":0.95574668547603,""score"":7.375552420661662},""VC3_range_pct_rank"":{""score"":39.16666666666667},""_score"":52.37},""sr_quality"":{""SR1_touches"":{""value"":3,""score"":50.0},""SR2_tightness"":{""value"":0.8628248180636997,""score"":80.00487076274543},""SR3_recency"":{""value"":227,""score"":0.0},""SR4_price_location"":{""score"":30.237154150197583},""SR5_reaction"":{""value"":1.6134919209533796,""score"":80.67459604766898},""_score"":46.66,""_levels_found"":7,""_target_level"":176.8},""volume"":{""V1_rvol_day"":{""value"":0.6322196581497651,""score"":8.814643876651008},""V2_rvol_sameslot"":{""value"":1.078859479929016,""score"":38.590631995267735,""status"":""ok""},""V3_breakout_bar"":{""value"":0.714727305869009,""score"":14.315153724600602},""V4_base_dryup"":{""value"":0.9272301773366934,""score"":57.276982266330656},""V5_bo_expansion"":{""value"":0.6322196581497651,""score"":0},""_score"":24.52},""readiness"":{""_distance_atr"":1.345,""BR1_atr_distance"":{""score"":10.31649933084995},""BR2_compression"":{""score"":0},""BR3_retest"":{""score"":50.0},""BR4_bo_age"":{""score"":50.0},""_score"":21.63},""risk"":{""R1_stop_clarity"":{""score"":43.78095905728039},""R2_stop_distance_pct"":{""value"":4.1549545755369826,""score"":100.0},""R3_stop_distance_atr"":{""value"":0.8001935031603609,""score"":65.00967515801804},""R4_rr_potential"":{""value"":4.011033963466274,""score"":100.0},""_score"":75.07},""market"":{""M1_spy_regime"":{""score"":100.0},""M3_earnings_risk"":{""value"":null,""score"":80.0},""M4_vix"":{""value"":null,""score"":60.0},""_score"":84.0},""liquidity"":{""L1_price"":{""value"":166.21,""score"":100.0},""L2_dollar_vol"":{""value"":36337295.28932063,""score"":78.01762990666572},""L3_spread_proxy"":{""value"":0.040972264003369244,""score"":59.02773599663075},""L4_volume_zscore"":{""value"":-0.8472616493587518,""score"":100.0},""_score"":87.11},""pattern_structure"":{""left_low"":165.88,""left_idx"":27,""right_low"":161.73,""right_idx"":76,""separation_bars"":49,""structural_low"":161.73,""current_price"":166.68,""neckline_distance_pct"":0.0668346532277417,""base_bars"":49},""pattern_geometry_features"":{""low_similarity_pct"":0.025335001984066453,""bounce_pct"":0.09948679898596428,""right_bottom_reaction"":0.3201174743024972,""atr_pct"":0.05192437278142108},""_schema_version"":""1.0""}",,,,,,,,,,
20260508T181321Z-e7d442,2026-05-08T18:13:21.400575+00:00,PAR,vcp,absent,46.94,33.3,44.4,49.0,52.3,28.9,44.1,60.3,84.0,75.7,5.0,11.1,5.88,6.28,3.76,3.09,3.02,5.04,3.79,False,,14.34,14.8176,12.7065,27.1876,"{""trend"":{""T1_ema_stack"":{""value"":[true,false,false],""score"":33.33333333333333},""T2_ema50_slope"":{""value"":-0.8584830162500681,""score"":0},""T3_high_proximity"":{""value"":0.6167741935483871,""score"":0},""T4_rs_1m"":{""value"":0.10958205750672967,""score"":100},""T5_rs_3m"":{""value"":-0.42282174665700223,""score"":0},""T6_adr_healthy"":{""value"":6.3952369648306115,""score"":100.0},""_score"":33.33},""geometry"":{""sub_contraction_count"":100.0,""sub_reduction_rate"":2.0,""sub_pivot_tightness"":0,""sub_volume_dryup"":59.3,""sub_base_depth"":0.0,""sub_base_duration"":100.0,""_score"":44.39},""compression"":{""VC1_atr_ratio"":{""value"":0.3754034203217773,""score"":100},""VC2_range_contraction"":{""value"":0.8783679426922197,""score"":20.272009551296712},""VC3_range_pct_rank"":{""score"":7.499999999999996},""_score"":48.97},""sr_quality"":{""SR1_touches"":{""value"":2,""score"":25.0},""SR2_tightness"":{""value"":0.22380000000000067,""score"":52.8721628085374},""SR3_recency"":{""value"":231,""score"":0.0},""SR4_price_location"":{""score"":87.55150088287228},""SR5_reaction"":{""value"":2.4730532617360823,""score"":100},""_score"":52.32,""_levels_found"":5,""_target_level"":14.5938},""volume"":{""V1_rvol_day"":{""value"":1.0459366692824774,""score"":36.39577795216516},""V2_rvol_sameslot"":{""value"":1.9384952408700673,""score"":95.89968272467115,""status"":""ok""},""V3_breakout_bar"":{""value"":0.6206220825310738,""score"":8.04147216873825},""V4_base_dryup"":{""value"":2.058071473540537,""score"":0},""V5_bo_expansion"":{""value"":1.0459366692824774,""score"":3.0624446188318277},""_score"":28.93},""readiness"":{""_distance_atr"":0.503,""BR1_atr_distance"":{""score"":66.4756403892724},""BR2_compression"":{""score"":0},""BR3_retest"":{""score"":50.0},""BR4_bo_age"":{""score"":50.0},""_score"":44.09},""risk"":{""R1_stop_clarity"":{""score"":59.25274130228776},""R2_stop_distance_pct"":{""value"":11.391213389121337,""score"":15.219665271966587},""R3_stop_distance_atr"":{""value"":1.7199133613104096,""score"":100.0},""R4_rr_potential"":{""value"":7.865074992347721,""score"":100.0},""_score"":60.3},""market"":{""M1_spy_regime"":{""score"":100.0},""M3_earnings_risk"":{""value"":null,""score"":80.0},""M4_vix"":{""value"":null,""score"":60.0},""_score"":84.0},""liquidity"":{""L1_price"":{""value"":14.34,""score"":100.0},""L2_dollar_vol"":{""value"":19319468.52740622,""score"":64.29975874685789},""L3_spread_proxy"":{""value"":0.11854951185495113,""score"":0},""L4_volume_zscore"":{""value"":0.11980324880949009,""score"":100.0},""_score"":75.72},""pattern_structure"":{""n_contractions"":5,""contractions_pct"":[20.85,37.47,19.35,14.08,12.94],""descending_strict"":false,""final_low"":12.9,""final_pivot"":14.8176,""structural_low"":12.9,""dry_up_ratio"":0.70347562481734,""current_price"":14.34,""neckline_distance_pct"":0.03330543933054398,""base_bars"":55},""pattern_geometry_features"":{""contraction_count"":5.0,""first_contraction_pct"":0.20854768500197862,""last_contraction_pct"":0.12941367022999678,""dry_up_ratio"":0.70347562481734,""near_monotone"":0.0,""base_depth_pct"":0.4895132568262762},""_schema_version"":""1.0""}",,,,,,,,,,
20260508T181321Z-e7d442,2026-05-08T18:13:21.400575+00:00,INTU,double_bottom,forming,46.87,19.1,50.6,59.5,58.7,15.8,25.6,73.5,84.0,96.3,2.87,12.66,4.76,8.22,2.05,2.04,4.41,5.04,4.82,False,,396.42,418.15,379.422,451.1,"{""trend"":{""T1_ema_stack"":{""value"":[false,false,false],""score"":0.0},""T2_ema50_slope"":{""value"":-0.35447142428761286,""score"":0},""T3_high_proximity"":{""value"":0.8238668246150009,""score"":11.933412307500447},""T4_rs_1m"":{""value"":0.011598516506942103,""score"":61.598516506942104},""T5_rs_3m"":{""value"":-0.1743053356832055,""score"":0},""T6_adr_healthy"":{""value"":3.7370044689270956,""score"":100.0},""_score"":19.11},""geometry"":{""sub_low_similarity"":81.7,""sub_bounce_quality"":79.3,""sub_separation_fit"":0.0,""sub_right_bottom_reaction"":28.5,""sub_base_context"":30.0,""_score"":50.65},""compression"":{""VC1_atr_ratio"":{""value"":0.49762875875098195,""score"":100},""VC2_range_contraction"":{""value"":0.854278851718314,""score"":24.286858046947675},""VC3_range_pct_rank"":{""score"":44.166666666666664},""_score"":59.54},""sr_quality"":{""SR1_touches"":{""value"":4,""score"":75.0},""SR2_tightness"":{""value"":4.184770364294199,""score"":53.85850022042751},""SR3_recency"":{""value"":227,""score"":0.0},""SR4_price_location"":{""score"":52.56434920961538},""SR5_reaction"":{""value"":2.23176317088282,""score"":100},""_score"":58.72,""_levels_found"":7,""_target_level"":414.44},""volume"":{""V1_rvol_day"":{""value"":0.4671364341973316,""score"":0},""V2_rvol_sameslot"":{""value"":0.699232549698767,""score"":13.282169979917802,""status"":""ok""},""V3_breakout_bar"":{""value"":0.5889137910697453,""score"":5.927586071316352},""V4_base_dryup"":{""value"":0.9185185922663718,""score"":58.14814077336282},""V5_bo_expansion"":{""value"":0.4671364341973316,""score"":0},""_score"":15.77},""readiness"":{""_distance_atr"":1.198,""BR1_atr_distance"":{""score"":20.134622856482935},""BR2_compression"":{""score"":0},""BR3_retest"":{""score"":50.0},""BR4_bo_age"":{""score"":50.0},""_score"":25.55},""risk"":{""R1_stop_clarity"":{""score"":36.291465834987015},""R2_stop_distance_pct"":{""value"":4.287876494626923,""score"":100.0},""R3_stop_distance_atr"":{""value"":0.9371042434552527,""score"":71.85521217276263},""R4_rr_potential"":{""value"":3.2168490410636426,""score"":100.0},""_score"":73.48},""market"":{""M1_spy_regime"":{""score"":100.0},""M3_earnings_risk"":{""value"":null,""score"":80.0},""M4_vix"":{""value"":null,""score"":60.0},""_score"":84.0},""liquidity"":{""L1_price"":{""value"":396.42,""score"":100.0},""L2_dollar_vol"":{""value"":480499128.4581659,""score"":100.0},""L3_spread_proxy"":{""value"":0.03660259320922252,""score"":63.39740679077748},""L4_volume_zscore"":{""value"":-2.1487619213528895,""score"":100.0},""_score"":96.34},""pattern_structure"":{""left_low"":388.75,""left_idx"":27,""right_low"":385.2,""right_idx"":76,""separation_bars"":49,""structural_low"":385.2,""current_price"":397.38,""neckline_distance_pct"":0.05226735115003267,""base_bars"":49},""pattern_geometry_features"":{""low_similarity_pct"":0.009173719232508589,""bounce_pct"":0.08553997923156799,""right_bottom_reaction"":0.28532046864231486,""atr_pct"":0.04575666500897316},""_schema_version"":""1.0""}",,,,,,,,,,
20260508T181321Z-e7d442,2026-05-08T18:13:21.400575+00:00,CTRE,vcp,breakout_confirmed,46.66,66.3,50.5,48.5,39.2,11.4,31.4,7.1,84.0,90.0,9.94,12.62,5.82,4.71,1.48,2.19,0.35,5.04,4.5,True,risk_unclear,41.34,40.09,36.3563,44.54,"{""trend"":{""T1_ema_stack"":{""value"":[true,true,true],""score"":100.0},""T2_ema50_slope"":{""value"":0.03540315434449725,""score"":55.900525724082875},""T3_high_proximity"":{""value"":1.0,""score"":99.99999999999997},""T4_rs_1m"":{""value"":-0.03571669784301057,""score"":14.283302156989429},""T5_rs_3m"":{""value"":-0.0032392869810766722,""score"":48.38035650946166},""T6_adr_healthy"":{""value"":2.22060905227137,""score"":100.0},""_score"":66.29},""geometry"":{""sub_contraction_count"":100.0,""sub_reduction_rate"":0,""sub_pivot_tightness"":29.6,""sub_volume_dryup"":35.3,""sub_base_depth"":57.6,""sub_base_duration"":100.0,""_score"":50.49},""compression"":{""VC1_atr_ratio"":{""value"":0.5416342398799379,""score"":100},""VC2_range_contraction"":{""value"":0.8901960352606437,""score"":18.300660789892714},""VC3_range_pct_rank"":{""score"":8.333333333333337},""_score"":48.49},""sr_quality"":{""SR1_touches"":{""value"":2,""score"":25.0},""SR2_tightness"":{""value"":0.19000000000000128,""score"":61.44843728486828},""SR3_recency"":{""value"":262,""score"":0.0},""SR4_price_location"":{""score"":30.0},""SR5_reaction"":{""value"":3.591382421356983,""score"":100},""_score"":39.22,""_levels_found"":5,""_target_level"":41.17},""volume"":{""V1_rvol_day"":{""value"":0.6108003044403891,""score"":7.386686962692608},""V2_rvol_sameslot"":{""value"":1.1684159851227347,""score"":44.56106567484898,""status"":""ok""},""V3_breakout_bar"":{""value"":0.5590385762812315,""score"":3.9359050854154365},""V4_base_dryup"":{""value"":1.59123745309953,""score"":0},""V5_bo_expansion"":{""value"":0.6108003044403891,""score"":0},""_score"":11.37},""readiness"":{""_distance_atr"":-1.268,""BR1_atr_distance"":{""score"":34.63712979267667},""BR2_compression"":{""score"":0},""BR3_retest"":{""score"":50.0},""BR4_bo_age"":{""score"":50.0},""_score"":31.35},""risk"":{""R1_stop_clarity"":{""score"":0},""R2_stop_distance_pct"":{""value"":12.055273343009201,""score"":0.0},""R3_stop_distance_atr"":{""value"":5.055986724349082,""score"":47.2006637825459},""R4_rr_potential"":{""value"":0.6420996659075175,""score"":0.0},""_score"":7.08},""market"":{""M1_spy_regime"":{""score"":100.0},""M3_earnings_risk"":{""value"":null,""score"":80.0},""M4_vix"":{""value"":null,""score"":60.0},""_score"":84.0},""liquidity"":{""L1_price"":{""value"":41.34,""score"":100.0},""L2_dollar_vol"":{""value"":45951630.0576294,""score"":83.11504609348108},""L3_spread_proxy"":{""value"":0.03289791969037251,""score"":67.1020803096275},""L4_volume_zscore"":{""value"":-1.3378009886569011,""score"":100.0},""_score"":89.96},""pattern_structure"":{""n_contractions"":5,""contractions_pct"":[4.23,7.5,13.01,3.81,7.93],""descending_strict"":false,""final_low"":36.91,""final_pivot"":40.09,""structural_low"":36.91,""dry_up_ratio"":0.8233703590317689,""current_price"":41.34,""neckline_distance_pct"":-0.03023705853894533,""base_bars"":45},""pattern_geometry_features"":{""contraction_count"":5.0,""first_contraction_pct"":0.04231141199226306,""last_contraction_pct"":0.0793215265652284,""dry_up_ratio"":0.8233703590317689,""near_monotone"":0.0,""base_depth_pct"":0.10759187620889755},""_schema_version"":""1.0""}",,,,,,,,,,
20260508T181321Z-e7d442,2026-05-08T18:13:21.400575+00:00,MIR,high_tight_pullback,forming,46.64,9.4,57.1,49.8,68.6,25.5,17.5,65.6,84.0,84.4,1.13,19.98,4.98,5.49,3.57,1.57,0.66,5.04,4.22,False,,19.045,20.79,18.782,24.74,"{""trend"":{""T1_ema_stack"":{""value"":[false,false,false],""score"":0.0},""T2_ema50_slope"":{""value"":-0.1685492295029022,""score"":21.9084617495163},""T3_high_proximity"":{""value"":0.7905770029057702,""score"":0},""T4_rs_1m"":{""value"":-0.08782429887429055,""score"":0},""T5_rs_3m"":{""value"":-0.2763720181971444,""score"":0},""T6_adr_healthy"":{""value"":4.287726098649596,""score"":100.0},""_score"":9.38},""geometry"":{""sub_pole_impulse"":89.8,""sub_flag_tightness"":46.6,""sub_flag_shallowness"":29.4,""sub_flag_drift"":84.2,""sub_flag_duration"":0.0,""_score"":57.1},""compression"":{""VC1_atr_ratio"":{""value"":0.4494509520840853,""score"":100},""VC2_range_contraction"":{""value"":1.5291959919555487,""score"":0},""VC3_range_pct_rank"":{""score"":39.16666666666667},""_score"":49.79},""sr_quality"":{""SR1_touches"":{""value"":5,""score"":100},""SR2_tightness"":{""value"":0.2757244160389127,""score"":43.32488878953489},""SR3_recency"":{""value"":238,""score"":0.0},""SR4_price_location"":{""score"":68.51860454313191},""SR5_reaction"":{""value"":2.0711408016443977,""score"":100},""_score"":68.63,""_levels_found"":7,""_target_level"":19.9938},""volume"":{""V1_rvol_day"":{""value"":0.39584832564997574,""score"":0},""V2_rvol_sameslot"":{""value"":1.0028826983406445,""score"":33.52551322270963,""status"":""ok""},""V3_breakout_bar"":{""value"":0.9538137708795467,""score"":30.254251391969778},""V4_base_dryup"":{""value"":0.9396092684891066,""score"":56.03907315108933},""V5_bo_expansion"":{""value"":0.39584832564997563,""score"":0},""_score"":25.48},""readiness"":{""_distance_atr"":1.793,""BR1_atr_distance"":{""score"":0},""BR2_compression"":{""score"":0},""BR3_retest"":{""score"":50.0},""BR4_bo_age"":{""score"":50.0},""_score"":17.5},""risk"":{""R1_stop_clarity"":{""score"":41.20863309352504},""R2_stop_distance_pct"":{""value"":1.3810448936728847,""score"":84.52612234182212},""R3_stop_distance_atr"":{""value"":0.2703186022610493,""score"":38.51593011305246},""R4_rr_potential"":{""value"":21.652345829214422,""score"":100.0},""_score"":65.56},""market"":{""M1_spy_regime"":{""score"":100.0},""M3_earnings_risk"":{""value"":null,""score"":80.0},""M4_vix"":{""value"":null,""score"":60.0},""_score"":84.0},""liquidity"":{""L1_price"":{""value"":19.045,""score"":100.0},""L2_dollar_vol"":{""value"":27387425.316392377,""score"":71.87756031397363},""L3_spread_proxy"":{""value"":0.043843528485166754,""score"":56.15647151483325},""L4_volume_zscore"":{""value"":-1.1560847166432546,""score"":100.0},""_score"":84.37},""pattern_structure"":{""pole_low"":16.84,""pole_low_idx"":14,""peak_price"":20.79,""peak_idx"":38,""pole_gain"":0.23456057007125886,""flag_bars"":21,""flag_low"":19.068,""flag_high"":20.63,""structural_low"":19.068,""current_price"":19.09,""neckline_distance_pct"":0.08905185961236246,""base_bars"":21},""pattern_geometry_features"":{""pole_gain"":0.23456057007125886,""pullback_pct"":0.08282828282828272,""flag_range_pct"":0.07513227513227502,""flag_drift_per_bar"":-0.0031551026239344604,""atr_pct"":0.05108952480966131,""pole_atr_multiple"":4.591167581713388},""_schema_version"":""1.0""}",,,,,,,,,,
20260508T181321Z-e7d442,2026-05-08T18:13:21.400575+00:00,APP,bull_flag,absent,46.63,76.8,28.1,43.3,62.5,27.2,17.5,79.6,84.0,90.0,10.75,8.42,3.9,6.25,3.81,1.57,2.39,5.04,4.5,False,,469.46,512.6899,440.7629,582.3798,"{""trend"":{""T1_ema_stack"":{""value"":[true,true,false],""score"":66.66666666666666},""T2_ema50_slope"":{""value"":0.09186173908617908,""score"":65.31028984769651},""T3_high_proximity"":{""value"":0.9076426348046323,""score"":53.821317402316105},""T4_rs_1m"":{""value"":0.15380040924602034,""score"":100},""T5_rs_3m"":{""value"":0.08665253858828681,""score"":93.3262692941434},""T6_adr_healthy"":{""value"":5.410783132638418,""score"":100.0},""_score"":76.8},""geometry"":{""sub_pole_impulse"":41.4,""sub_flag_tightness"":0,""sub_flag_shallowness"":0,""sub_flag_drift"":37.7,""sub_flag_duration"":100.0,""_score"":28.07},""compression"":{""VC1_atr_ratio"":{""value"":0.48406067524882496,""score"":100},""VC2_range_contraction"":{""value"":0.967800439766594,""score"":5.3665933722343295},""VC3_range_pct_rank"":{""score"":5.833333333333335},""_score"":43.34},""sr_quality"":{""SR1_touches"":{""value"":4,""score"":75.0},""SR2_tightness"":{""value"":7.3639166718533735,""score"":46.99709708143103},""SR3_recency"":{""value"":236,""score"":0.0},""SR4_price_location"":{""score"":71.59725934204769},""SR5_reaction"":{""value"":3.826991088793823,""score"":100},""_score"":62.45,""_levels_found"":6,""_target_level"":484.0725},""volume"":{""V1_rvol_day"":{""value"":1.2472693851175267,""score"":49.817959007835114},""V2_rvol_sameslot"":{""value"":1.6055473655657233,""score"":73.70315770438155,""status"":""ok""},""V3_breakout_bar"":{""value"":0.402832862774778,""score"":0},""V4_base_dryup"":{""value"":1.5892687231174074,""score"":0},""V5_bo_expansion"":{""value"":1.2472693851175267,""score"":16.484625674501782},""_score"":27.18},""readiness"":{""_distance_atr"":1.556,""BR1_atr_distance"":{""score"":0},""BR2_compression"":{""score"":0},""BR3_retest"":{""score"":50.0},""BR4_bo_age"":{""score"":50.0},""_score"":17.5},""risk"":{""R1_stop_clarity"":{""score"":51.68846612399795},""R2_stop_distance_pct"":{""value"":6.112794487283256,""score"":100.0},""R3_stop_distance_atr"":{""value"":1.032759466325017,""score"":76.63797331625085},""R4_rr_potential"":{""value"":3.934881978595419,""score"":100.0},""_score"":79.59},""market"":{""M1_spy_regime"":{""score"":100.0},""M3_earnings_risk"":{""value"":null,""score"":80.0},""M4_vix"":{""value"":null,""score"":60.0},""_score"":84.0},""liquidity"":{""L1_price"":{""value"":469.46,""score"":100.0},""L2_dollar_vol"":{""value"":2563034081.7439084,""score"":100.0},""L3_spread_proxy"":{""value"":0.101233331913262,""score"":0},""L4_volume_zscore"":{""value"":0.462409453535071,""score"":100.0},""_score"":90.0},""pattern_structure"":{""pole_low"":443.0,""pole_low_idx"":50,""peak_price"":512.6899,""peak_idx"":52,""pole_gain"":0.1573135440180586,""flag_bars"":7,""flag_low"":447.475,""flag_high"":509.25,""structural_low"":447.475,""current_price"":469.5654,""neckline_distance_pct"":0.09183917724772726,""base_bars"":7},""pattern_geometry_features"":{""pole_gain"":0.1573135440180586,""pullback_pct"":0.12720145257396323,""flag_range_pct"":0.12049193869432571,""flag_drift_per_bar"":-0.012464702163197866,""atr_pct"":0.059188946570832145,""pole_atr_multiple"":2.65781962903833},""_schema_version"":""1.0""}",,,,,,,,,,
20260508T181321Z-e7d442,2026-05-08T18:13:21.400575+00:00,XEL,vcp,absent,46.53,50.1,44.6,47.9,42.4,22.5,27.2,45.0,84.0,98.0,7.51,11.15,5.75,5.09,2.92,1.91,2.25,5.04,4.9,True,risk_unclear,79.925,81.86,76.1897,81.5,"{""trend"":{""T1_ema_stack"":{""value"":[false,true,true],""score"":66.66666666666666},""T2_ema50_slope"":{""value"":0.01689072829187441,""score"":52.81512138197907},""T3_high_proximity"":{""value"":0.9525086402097486,""score"":76.25432010487427},""T4_rs_1m"":{""value"":-0.11879529546430034,""score"":0},""T5_rs_3m"":{""value"":-0.014575616288569737,""score"":42.71219185571513},""T6_adr_healthy"":{""value"":2.037850691924474,""score"":100.0},""_score"":50.07},""geometry"":{""sub_contraction_count"":100.0,""sub_reduction_rate"":0,""sub_pivot_tightness"":64.1,""sub_volume_dryup"":0,""sub_base_depth"":0.0,""sub_base_duration"":100.0,""_score"":44.61},""compression"":{""VC1_atr_ratio"":{""value"":0.5914285510189613,""score"":100},""VC2_range_contraction"":{""value"":1.0355864022826333,""score"":0},""VC3_range_pct_rank"":{""score"":31.666666666666664},""_score"":47.92},""sr_quality"":{""SR1_touches"":{""value"":2,""score"":25.0},""SR2_tightness"":{""value"":0.4024999999999963,""score"":52.797788574300995},""SR3_recency"":{""value"":263,""score"":0.0},""SR4_price_location"":{""score"":68.54942233632862},""SR5_reaction"":{""value"":1.3178505612330342,""score"":65.89252806165172},""_score"":42.44,""_levels_found"":8,""_target_level"":80.5375},""volume"":{""V1_rvol_day"":{""value"":0.362528590715841,""score"":0},""V2_rvol_sameslot"":{""value"":0.9913936047595256,""score"":32.75957365063504,""status"":""ok""},""V3_breakout_bar"":{""value"":0.6599761276999269,""score"":10.665075179995124},""V4_base_dryup"":{""value"":0.8369243339344298,""score"":66.30756660655703},""V5_bo_expansion"":{""value"":0.362528590715841,""score"":0},""_score"":22.48},""readiness"":{""_distance_atr"":1.135,""BR1_atr_distance"":{""score"":24.359189143910115},""BR2_compression"":{""score"":0},""BR3_retest"":{""score"":50.0},""BR4_bo_age"":{""score"":50.0},""_score"":27.24},""risk"":{""R1_stop_clarity"":{""score"":0},""R2_stop_distance_pct"":{""value"":4.673443853612771,""score"":100.0},""R3_stop_distance_atr"":{""value"":2.1902119282962014,""score"":100.0},""R4_rr_potential"":{""value"":0.4216585235258683,""score"":0.0},""_score"":45.0},""market"":{""M1_spy_regime"":{""score"":100.0},""M3_earnings_risk"":{""value"":null,""score"":80.0},""M4_vix"":{""value"":null,""score"":60.0},""_score"":84.0},""liquidity"":{""L1_price"":{""value"":79.925,""score"":100.0},""L2_dollar_vol"":{""value"":140430365.20343646,""score"":100.0},""L3_spread_proxy"":{""value"":0.019831091648420493,""score"":80.1689083515795},""L4_volume_zscore"":{""value"":-1.9739025799261563,""score"":100.0},""_score"":98.02},""pattern_structure"":{""n_contractions"":5,""contractions_pct"":[3.74,3.91,7.84,5.63,5.51],""descending_strict"":false,""final_low"":77.35,""final_pivot"":81.86,""structural_low"":77.35,""dry_up_ratio"":1.1269971020870737,""current_price"":79.925,""neckline_distance_pct"":0.02421019705974354,""base_bars"":57},""pattern_geometry_features"":{""contraction_count"":5.0,""first_contraction_pct"":0.037407455513703024,""last_contraction_pct"":0.05509406303444912,""dry_up_ratio"":1.1269971020870737,""near_monotone"":0.0,""base_depth_pct"":-0.004675931939212878},""_schema_version"":""1.0""}",,,,,,,,,,
20260508T181321Z-e7d442,2026-05-08T18:13:21.400575+00:00,XEL,cup_with_handle,absent,46.3,50.1,49.1,47.9,42.4,16.5,17.5,59.8,84.0,98.0,7.01,14.73,3.83,5.09,2.15,1.4,2.99,4.2,4.9,True,risk_unclear,79.925,83.85,78.4011,94.11,"{""trend"":{""T1_ema_stack"":{""value"":[false,true,true],""score"":66.66666666666666},""T2_ema50_slope"":{""value"":0.01689072829187441,""score"":52.81512138197907},""T3_high_proximity"":{""value"":0.9525086402097486,""score"":76.25432010487427},""T4_rs_1m"":{""value"":-0.11879529546430034,""score"":0},""T5_rs_3m"":{""value"":-0.014575616288569737,""score"":42.71219185571513},""T6_adr_healthy"":{""value"":2.037850691924474,""score"":100.0},""_score"":50.07},""geometry"":{""sub_cup_depth"":44.1,""sub_cup_duration"":0.0,""sub_rim_symmetry"":71.9,""sub_handle_shallowness"":57.7,""sub_handle_proportion"":66.7,""sub_u_shape"":51.2,""_score"":49.09},""compression"":{""VC1_atr_ratio"":{""value"":0.5914285510189613,""score"":100},""VC2_range_contraction"":{""value"":1.0355864022826333,""score"":0},""VC3_range_pct_rank"":{""score"":31.666666666666664},""_score"":47.92},""sr_quality"":{""SR1_touches"":{""value"":2,""score"":25.0},""SR2_tightness"":{""value"":0.4024999999999963,""score"":52.797788574300995},""SR3_recency"":{""value"":263,""score"":0.0},""SR4_price_location"":{""score"":68.54942233632862},""SR5_reaction"":{""value"":1.3178505612330342,""score"":65.89252806165172},""_score"":42.44,""_levels_found"":8,""_target_level"":80.5375},""volume"":{""V1_rvol_day"":{""value"":0.362528590715841,""score"":0},""V2_rvol_sameslot"":{""value"":0.9913936047595256,""score"":32.75957365063504,""status"":""ok""},""V3_breakout_bar"":{""value"":0.6599761276999269,""score"":10.665075179995124},""V4_base_dryup"":{""value"":1.135267997166916,""score"":36.4732002833084},""V5_bo_expansion"":{""value"":0.362528590715841,""score"":0},""_score"":16.51},""readiness"":{""_distance_atr"":2.301,""BR1_atr_distance"":{""score"":0},""BR2_compression"":{""score"":0},""BR3_retest"":{""score"":50.0},""BR4_bo_age"":{""score"":50.0},""_score"":17.5},""risk"":{""R1_stop_clarity"":{""score"":0},""R2_stop_distance_pct"":{""value"":1.906693775414458,""score"":97.66734438536145},""R3_stop_distance_atr"":{""value"":0.8935730440609848,""score"":69.67865220304924},""R4_rr_potential"":{""value"":9.308200862903316,""score"":100.0},""_score"":59.75},""market"":{""M1_spy_regime"":{""score"":100.0},""M3_earnings_risk"":{""value"":null,""score"":80.0},""M4_vix"":{""value"":null,""score"":60.0},""_score"":84.0},""liquidity"":{""L1_price"":{""value"":79.925,""score"":100.0},""L2_dollar_vol"":{""value"":140430365.20343646,""score"":100.0},""L3_spread_proxy"":{""value"":0.019831091648420493,""score"":80.1689083515795},""L4_volume_zscore"":{""value"":-1.9739025799261563,""score"":100.0},""_score"":98.02},""pattern_structure"":{""left_rim"":82.69,""left_rim_idx"":49,""cup_bottom"":72.43,""cup_bottom_idx"":81,""right_rim"":83.85,""right_rim_idx"":174,""handle_low"":79.595,""handle_bars"":5,""cup_bars"":125,""structural_low"":79.595,""current_price"":79.925,""neckline_distance_pct"":0.049108539255552044,""base_bars"":130},""pattern_geometry_features"":{""cup_depth_pct"":0.12407788124319738,""rim_symmetry_pct"":0.014028298464143144,""handle_depth_pct"":0.050745378652355344,""handle_to_cup_ratio"":0.04,""cup_duration_bars"":125.0,""atr_pct"":0.021337861387908313,""u_shape_score"":0.256},""_schema_version"":""1.0""}",,,,,,,,,,
20260508T181321Z-e7d442,2026-05-08T18:13:21.400575+00:00,PCTY,vcp,breakout_confirmed,46.18,44.8,43.0,36.1,38.5,40.2,34.0,49.5,84.0,92.7,6.72,10.74,4.34,4.63,5.23,2.38,2.48,5.04,4.63,False,,110.88,106.19,96.3724,162.75,"{""trend"":{""T1_ema_stack"":{""value"":[true,false,false],""score"":33.33333333333333},""T2_ema50_slope"":{""value"":-0.2331499636604674,""score"":11.14167272325544},""T3_high_proximity"":{""value"":0.9232306411323897,""score"":61.61532056619484},""T4_rs_1m"":{""value"":0.08052768154805245,""score"":100},""T5_rs_3m"":{""value"":-0.12674889768119768,""score"":0},""T6_adr_healthy"":{""value"":4.249499083770057,""score"":100.0},""_score"":44.8},""geometry"":{""sub_contraction_count"":100.0,""sub_reduction_rate"":0,""sub_pivot_tightness"":30.6,""sub_volume_dryup"":0,""sub_base_depth"":33.7,""sub_base_duration"":100.0,""_score"":42.96},""compression"":{""VC1_atr_ratio"":{""value"":0.6448852712045348,""score"":88.7786821988663},""VC2_range_contraction"":{""value"":1.0601149323802674,""score"":0},""VC3_range_pct_rank"":{""score"":2.500000000000002},""_score"":36.14},""sr_quality"":{""SR1_touches"":{""value"":3,""score"":50.0},""SR2_tightness"":{""value"":0.8543936134280681,""score"":65.89976313023176},""SR3_recency"":{""value"":309,""score"":0.0},""SR4_price_location"":{""score"":1.2744685211373294},""SR5_reaction"":{""value"":1.780051790083861,""score"":89.00258950419305},""_score"":38.55,""_levels_found"":5,""_target_level"":143.1567},""volume"":{""V1_rvol_day"":{""value"":1.2159315569614815,""score"":47.728770464098766},""V2_rvol_sameslot"":{""value"":1.7630565185344058,""score"":84.20376790229372,""status"":""ok""},""V3_breakout_bar"":{""value"":0.5224286568436,""score"":1.4952437895733306},""V4_base_dryup"":{""value"":0.935526969533603,""score"":56.447303046639696},""V5_bo_expansion"":{""value"":1.2159315569614815,""score"":14.395437130765432},""_score"":40.21},""readiness"":{""_distance_atr"":-0.936,""BR1_atr_distance"":{""score"":41.281448221794605},""BR2_compression"":{""score"":0},""BR3_retest"":{""score"":50.0},""BR4_bo_age"":{""score"":50.0},""_score"":34.01},""risk"":{""R1_stop_clarity"":{""score"":41.42570023519332},""R2_stop_distance_pct"":{""value"":13.08405483405483,""score"":0.0},""R3_stop_distance_atr"":{""value"":2.895109400612928,""score"":100.0},""R4_rr_potential"":{""value"":3.5753673936419545,""score"":100.0},""_score"":49.5},""market"":{""M1_spy_regime"":{""score"":100.0},""M3_earnings_risk"":{""value"":null,""score"":80.0},""M4_vix"":{""value"":null,""score"":60.0},""_score"":84.0},""liquidity"":{""L1_price"":{""value"":110.88,""score"":100.0},""L2_dollar_vol"":{""value"":100927459.5032088,""score"":100.0},""L3_spread_proxy"":{""value"":0.07332251082251091,""score"":26.67748917748908},""L4_volume_zscore"":{""value"":0.6692960359212111,""score"":100.0},""_score"":92.67},""pattern_structure"":{""n_contractions"":5,""contractions_pct"":[11.17,31.81,8.57,15.24,7.86],""descending_strict"":false,""final_low"":97.84,""final_pivot"":106.19,""structural_low"":97.84,""dry_up_ratio"":1.0573426279732543,""current_price"":110.88,""neckline_distance_pct"":-0.04229797979797978,""base_bars"":72},""pattern_geometry_features"":{""contraction_count"":5.0,""first_contraction_pct"":0.11172279792746113,""last_contraction_pct"":0.07863263960824932,""dry_up_ratio"":1.0573426279732543,""near_monotone"":0.0,""base_depth_pct"":0.3663212435233161},""_schema_version"":""1.0""}",,,,,,,,,,
20260508T181321Z-e7d442,2026-05-08T18:13:21.400575+00:00,SAIL,double_bottom,absent,46.15,14.8,47.1,75.2,54.1,9.3,46.4,77.2,84.0,79.2,2.23,11.78,6.01,7.58,1.21,3.71,4.63,5.04,3.96,False,,11.985,12.73,11.2487,14.04,"{""trend"":{""T1_ema_stack"":{""value"":[false,false,false],""score"":0.0},""T2_ema50_slope"":{""value"":-0.5411444156317399,""score"":0},""T3_high_proximity"":{""value"":0.7448725916718458,""score"":0},""T4_rs_1m"":{""value"":-0.0007882186194039242,""score"":49.21178138059608},""T5_rs_3m"":{""value"":-0.2528540498423263,""score"":0},""T6_adr_healthy"":{""value"":5.745167473428172,""score"":100.0},""_score"":14.84},""geometry"":{""sub_low_similarity"":41.3,""sub_bounce_quality"":100,""sub_separation_fit"":0.0,""sub_right_bottom_reaction"":58.3,""sub_base_context"":30.0,""_score"":47.13},""compression"":{""VC1_atr_ratio"":{""value"":0.3520613635465999,""score"":100},""VC2_range_contraction"":{""value"":0.8045236379028374,""score"":32.57939368286043},""VC3_range_pct_rank"":{""score"":95.0},""_score"":75.15},""sr_quality"":{""SR1_touches"":{""value"":3,""score"":50.0},""SR2_tightness"":{""value"":0.04642796092394688,""score"":86.4534314339699},""SR3_recency"":{""value"":194,""score"":0.0},""SR4_price_location"":{""score"":44.63470319634703},""SR5_reaction"":{""value"":2.319619857446543,""score"":100},""_score"":54.13,""_levels_found"":5,""_target_level"":12.7933},""volume"":{""V1_rvol_day"":{""value"":0.3921288745919745,""score"":0},""V2_rvol_sameslot"":{""value"":0.7799481353725742,""score"":18.66320902483828,""status"":""ok""},""V3_breakout_bar"":{""value"":0.4198652821030814,""score"":0},""V4_base_dryup"":{""value"":1.2210238315470359,""score"":27.89761684529641},""V5_bo_expansion"":{""value"":0.39212887459197443,""score"":0},""_score"":9.31},""readiness"":{""_distance_atr"":1.087,""BR1_atr_distance"":{""score"":27.542272796743106},""BR2_compression"":{""score"":71.36366210694479},""BR3_retest"":{""score"":50.0},""BR4_bo_age"":{""score"":50.0},""_score"":46.36},""risk"":{""R1_stop_clarity"":{""score"":50.01875703388756},""R2_stop_distance_pct"":{""value"":6.143512724238632,""score"":100.0},""R3_stop_distance_atr"":{""value"":1.074173648451503,""score"":78.70868242257515},""R4_rr_potential"":{""value"":2.790981936710582,""score"":89.5490968355291},""_score"":77.22},""market"":{""M1_spy_regime"":{""score"":100.0},""M3_earnings_risk"":{""value"":null,""score"":80.0},""M4_vix"":{""value"":null,""score"":60.0},""_score"":84.0},""liquidity"":{""L1_price"":{""value"":11.985,""score"":100.0},""L2_dollar_vol"":{""value"":12122030.642099025,""score"":54.17876887430219},""L3_spread_proxy"":{""value"":0.02419691280767634,""score"":75.80308719232366},""L4_volume_zscore"":{""value"":-1.826772689050915,""score"":100.0},""_score"":79.25},""pattern_structure"":{""left_low"":11.42,""left_idx"":29,""right_low"":11.76,""right_idx"":76,""separation_bars"":47,""structural_low"":11.42,""current_price"":12.04,""neckline_distance_pct"":0.057308970099667886,""base_bars"":47},""pattern_geometry_features"":{""low_similarity_pct"":0.029335634167385664,""bounce_pct"":0.11471103327495626,""right_bottom_reaction"":0.5833333333333351,""atr_pct"":0.057192919721079906},""_schema_version"":""1.0""}",,,,,,,,,,
20260508T181321Z-e7d442,2026-05-08T18:13:21.400575+00:00,NOW,double_bottom,absent,46.04,5.0,48.6,69.1,59.9,12.1,43.1,72.1,84.0,96.9,0.75,12.15,5.53,8.38,1.58,3.44,4.33,5.04,4.84,False,,91.45,95.62,84.5918,105.36,"{""trend"":{""T1_ema_stack"":{""value"":[false,false,false],""score"":0.0},""T2_ema50_slope"":{""value"":-0.5827059031984715,""score"":0},""T3_high_proximity"":{""value"":0.7354833520990831,""score"":0},""T4_rs_1m"":{""value"":-0.06616216558761656,""score"":0},""T5_rs_3m"":{""value"":-0.15982350915409205,""score"":0},""T6_adr_healthy"":{""value"":4.580963130794473,""score"":100.0},""_score"":5.0},""geometry"":{""sub_low_similarity"":28.9,""sub_bounce_quality"":100,""sub_separation_fit"":60.0,""sub_right_bottom_reaction"":33.0,""sub_base_context"":30.0,""_score"":48.62},""compression"":{""VC1_atr_ratio"":{""value"":0.32006467774855646,""score"":100},""VC2_range_contraction"":{""value"":0.7624527448599957,""score"":39.59120919000072},""VC3_range_pct_rank"":{""score"":60.83333333333334},""_score"":69.07},""sr_quality"":{""SR1_touches"":{""value"":4,""score"":75.0},""SR2_tightness"":{""value"":1.3216939887886305,""score"":52.62084483615654},""SR3_recency"":{""value"":227,""score"":0.0},""SR4_price_location"":{""score"":58.796747967479654},""SR5_reaction"":{""value"":1.970705077897452,""score"":98.5352538948726},""_score"":59.87,""_levels_found"":5,""_target_level"":97.785},""volume"":{""V1_rvol_day"":{""value"":0.5850818032667316,""score"":5.672120217782109},""V2_rvol_sameslot"":{""value"":0.688212665755501,""score"":12.547511050366733,""status"":""ok""},""V3_breakout_bar"":{""value"":0.46795818684863794,""score"":0},""V4_base_dryup"":{""value"":1.0762220121490076,""score"":42.377798785099245},""V5_bo_expansion"":{""value"":0.5850818032667316,""score"":0},""_score"":12.12},""readiness"":{""_distance_atr"":0.747,""BR1_atr_distance"":{""score"":50.17225905816352},""BR2_compression"":{""score"":21.94821231941387},""BR3_retest"":{""score"":50.0},""BR4_bo_age"":{""score"":50.0},""_score"":43.06},""risk"":{""R1_stop_clarity"":{""score"":53.821513754479206},""R2_stop_distance_pct"":{""value"":7.499398578458186,""score"":100.0},""R3_stop_distance_atr"":{""value"":1.229239614846415,""score"":86.46198074232075},""R4_rr_potential"":{""value"":2.028228981365371,""score"":51.41144906826855},""_score"":72.09},""market"":{""M1_spy_regime"":{""score"":100.0},""M3_earnings_risk"":{""value"":null,""score"":80.0},""M4_vix"":{""value"":null,""score"":60.0},""_score"":84.0},""liquidity"":{""L1_price"":{""value"":91.45,""score"":100.0},""L2_dollar_vol"":{""value"":1485114857.3446846,""score"":100.0},""L3_spread_proxy"":{""value"":0.03127392017495899,""score"":68.72607982504101},""L4_volume_zscore"":{""value"":-0.7921024987293895,""score"":100.0},""_score"":96.87},""pattern_structure"":{""left_low"":85.88,""left_idx"":40,""right_low"":88.99,""right_idx"":76,""separation_bars"":36,""structural_low"":85.88,""current_price"":91.635,""neckline_distance_pct"":0.04348775031374474,""base_bars"":36},""pattern_geometry_features"":{""low_similarity_pct"":0.03556928003659861,""bounce_pct"":0.11341406613879844,""right_bottom_reaction"":0.33001988071570504,""atr_pct"":0.06100843552292433},""_schema_version"":""1.0""}",,,,,,,,,,
20260508T181321Z-e7d442,2026-05-08T18:13:21.400575+00:00,RCAT,vcp,invalidated,45.96,13.3,46.4,83.8,62.4,19.0,17.5,33.2,84.0,88.2,2.0,11.6,10.05,7.49,2.47,1.23,1.66,5.04,4.41,False,,10.215,14.18,10.4213,22.38,"{""trend"":{""T1_ema_stack"":{""value"":[false,false,true],""score"":33.33333333333333},""T2_ema50_slope"":{""value"":-0.4368243235625349,""score"":0},""T3_high_proximity"":{""value"":0.6008823529411764,""score"":0},""T4_rs_1m"":{""value"":-0.22817817722361866,""score"":0},""T5_rs_3m"":{""value"":-0.25881732074405095,""score"":0},""T6_adr_healthy"":{""value"":7.01700205133177,""score"":100.0},""_score"":13.33},""geometry"":{""sub_contraction_count"":100.0,""sub_reduction_rate"":0,""sub_pivot_tightness"":0,""sub_volume_dryup"":76.1,""sub_base_depth"":0.0,""sub_base_duration"":100.0,""_score"":46.41},""compression"":{""VC1_atr_ratio"":{""value"":0.22959066349736942,""score"":100},""VC2_range_contraction"":{""value"":0.5742479408273498,""score"":70.95867652877504},""VC3_range_pct_rank"":{""score"":75.83333333333333},""_score"":83.79},""sr_quality"":{""SR1_touches"":{""value"":3,""score"":50.0},""SR2_tightness"":{""value"":0.1143095213298817,""score"":71.84989800143633},""SR3_recency"":{""value"":230,""score"":0.0},""SR4_price_location"":{""score"":86.59003831417623},""SR5_reaction"":{""value"":3.1254763998827335,""score"":100},""_score"":62.42,""_levels_found"":5,""_target_level"":10.74},""volume"":{""V1_rvol_day"":{""value"":0.6107491158419234,""score"":7.383274389461558},""V2_rvol_sameslot"":{""value"":0.7301390492604246,""score"":15.342603284028309,""status"":""ok""},""V3_breakout_bar"":{""value"":0.5541804089712806,""score"":3.6120272647520415},""V4_base_dryup"":{""value"":0.8206708064267831,""score"":67.93291935732168},""V5_bo_expansion"":{""value"":0.6107491158419234,""score"":0},""_score"":19.03},""readiness"":{""_distance_atr"":4.882,""BR1_atr_distance"":{""score"":0},""BR2_compression"":{""score"":0},""BR3_retest"":{""score"":50.0},""BR4_bo_age"":{""score"":50.0},""_score"":17.5},""risk"":{""R1_stop_clarity"":{""score"":60.91820580474943},""R2_stop_distance_pct"":{""value"":-2.019579050416061,""score"":0.0},""R3_stop_distance_atr"":{""value"":-0.25401934916446867,""score"":12.299032541776567},""R4_rr_potential"":{""value"":null,""score"":50.0},""_score"":33.17},""market"":{""M1_spy_regime"":{""score"":100.0},""M3_earnings_risk"":{""value"":null,""score"":80.0},""M4_vix"":{""value"":null,""score"":60.0},""_score"":84.0},""liquidity"":{""L1_price"":{""value"":10.215,""score"":100.0},""L2_dollar_vol"":{""value"":59626563.63764742,""score"":88.77198905339205},""L3_spread_proxy"":{""value"":0.07293196279980413,""score"":27.068037200195874},""L4_volume_zscore"":{""value"":-1.1051790452200005,""score"":100.0},""_score"":88.22},""pattern_structure"":{""n_contractions"":5,""contractions_pct"":[28.17,29.8,33.89,15.28,25.39],""descending_strict"":false,""final_low"":10.58,""final_pivot"":14.18,""structural_low"":10.58,""dry_up_ratio"":0.6192605952871383,""current_price"":10.215,""neckline_distance_pct"":0.38815467449828683,""base_bars"":37},""pattern_geometry_features"":{""contraction_count"":5.0,""first_contraction_pct"":0.28168264110756125,""last_contraction_pct"":0.2538787023977433,""dry_up_ratio"":0.6192605952871383,""near_monotone"":0.0,""base_depth_pct"":0.43663471778487756},""_schema_version"":""1.0""}",,,,,,,,,,
20260508T181321Z-e7d442,2026-05-08T18:13:21.400575+00:00,HLNE,double_bottom,forming,45.86,5.0,54.5,50.4,66.7,14.9,27.3,77.5,84.0,85.7,0.75,13.63,4.03,9.34,1.94,2.18,4.65,5.04,4.28,False,,88.7701,94.94,84.6115,103.98,"{""trend"":{""T1_ema_stack"":{""value"":[false,false,false],""score"":0.0},""T2_ema50_slope"":{""value"":-0.39146830655407383,""score"":0},""T3_high_proximity"":{""value"":0.6621175505333036,""score"":0},""T4_rs_1m"":{""value"":-0.14793069231256062,""score"":0},""T5_rs_3m"":{""value"":-0.39367561260766715,""score"":0},""T6_adr_healthy"":{""value"":5.26293163262071,""score"":100.0},""_score"":5.0},""geometry"":{""sub_low_similarity"":54.7,""sub_bounce_quality"":100,""sub_separation_fit"":0.0,""sub_right_bottom_reaction"":80.9,""sub_base_context"":30.0,""_score"":54.54},""compression"":{""VC1_atr_ratio"":{""value"":0.31112381863164096,""score"":100},""VC2_range_contraction"":{""value"":1.1312126903349655,""score"":0},""VC3_range_pct_rank"":{""score"":41.666666666666664},""_score"":50.42},""sr_quality"":{""SR1_touches"":{""value"":4,""score"":75.0},""SR2_tightness"":{""value"":1.0841817190858722,""score"":58.71469041968662},""SR3_recency"":{""value"":242,""score"":0.0},""SR4_price_location"":{""score"":81.55095879232965},""SR5_reaction"":{""value"":2.414014687882499,""score"":100},""_score"":66.69,""_levels_found"":5,""_target_level"":92.0},""volume"":{""V1_rvol_day"":{""value"":0.3264896984355712,""score"":0},""V2_rvol_sameslot"":{""value"":1.0303211813221846,""score"":35.35474542147898,""status"":""ok""},""V3_breakout_bar"":{""value"":0.8687054510946867,""score"":24.580363406312443},""V4_base_dryup"":{""value"":1.4132365408311613,""score"":8.67634591688386},""V5_bo_expansion"":{""value"":0.3264896984355712,""score"":0},""_score"":14.95},""readiness"":{""_distance_atr"":1.175,""BR1_atr_distance"":{""score"":21.684029194433094},""BR2_compression"":{""score"":4.562264496021373},""BR3_retest"":{""score"":50.0},""BR4_bo_age"":{""score"":50.0},""_score"":27.31},""risk"":{""R1_stop_clarity"":{""score"":50.93431252549981},""R2_stop_distance_pct"":{""value"":4.684685496580484,""score"":100.0},""R3_stop_distance_atr"":{""value"":0.7917911056711535,""score"":64.58955528355767},""R4_rr_potential"":{""value"":3.657456836435343,""score"":100.0},""_score"":77.52},""market"":{""M1_spy_regime"":{""score"":100.0},""M3_earnings_risk"":{""value"":null,""score"":80.0},""M4_vix"":{""value"":null,""score"":60.0},""_score"":84.0},""liquidity"":{""L1_price"":{""value"":88.7701,""score"":100.0},""L2_dollar_vol"":{""value"":29785586.59049191,""score"":73.70030787073634},""L3_spread_proxy"":{""value"":0.03818853420239473,""score"":61.81146579760527},""L4_volume_zscore"":{""value"":-1.201661268594069,""score"":100.0},""_score"":85.66},""pattern_structure"":{""left_low"":87.87,""left_idx"":26,""right_low"":85.9,""right_idx"":76,""separation_bars"":50,""structural_low"":85.9,""current_price"":89.145,""neckline_distance_pct"":0.06500645016546079,""base_bars"":50},""pattern_geometry_features"":{""low_similarity_pct"":0.022673649076365297,""bounce_pct"":0.10523864959254937,""right_bottom_reaction"":0.8093645484949805,""atr_pct"":0.05916567467134604},""_schema_version"":""1.0""}",,,,,,,,,,
20260508T181321Z-e7d442,2026-05-08T18:13:21.400575+00:00,TMC,breakout_retest_hold,setup,45.84,43.9,36.4,61.5,44.7,17.3,54.4,62.1,84.0,80.0,6.14,8.0,3.69,6.26,2.25,9.79,3.1,4.2,2.4,False,,5.705,5.48,5.549,5.23,"{""trend"":{""T1_ema_stack"":{""value"":[true,false,false],""score"":33.33333333333333},""T2_ema50_slope"":{""value"":-0.11668817501863094,""score"":30.551970830228175},""T3_high_proximity"":{""value"":0.8591867469879518,""score"":29.593373493975893},""T4_rs_1m"":{""value"":0.2063010435703796,""score"":100},""T5_rs_3m"":{""value"":-0.17759031869484776,""score"":0},""T6_adr_healthy"":{""value"":7.106654298025463,""score"":100.0},""_score"":43.88},""geometry"":{""sub_retest_depth"":0.0,""sub_retest_timing"":0.0,""sub_retest_freshness"":75.0,""sub_hold_quality"":71.2,""_score"":36.36},""compression"":{""VC1_atr_ratio"":{""value"":0.6700892765097628,""score"":82.4776808725593},""VC2_range_contraction"":{""value"":0.9001252046940595,""score"":16.645799217656744},""VC3_range_pct_rank"":{""score"":90.83333333333333},""_score"":61.53},""sr_quality"":{""SR1_touches"":{""value"":3,""score"":50.0},""SR2_tightness"":{""value"":0.11089836187548764,""score"":46.229235081498},""SR3_recency"":{""value"":235,""score"":0.0},""SR4_price_location"":{""score"":31.199247798957312},""SR5_reaction"":{""value"":3.062651520398975,""score"":100},""_score"":44.73,""_levels_found"":6,""_target_level"":5.9733},""volume"":{""V1_rvol_day"":{""value"":0.6009735171750175,""score"":6.731567811667831},""V2_rvol_sameslot"":{""value"":0.9252298711469397,""score"":28.348658076462645,""status"":""ok""},""V3_breakout_bar"":{""value"":0.4733542866098435,""score"":0},""V4_base_dryup"":{""value"":0.9866620044024843,""score"":51.33379955975157},""V5_bo_expansion"":{""value"":0.6009735171750176,""score"":0},""_score"":17.28},""readiness"":{""_distance_atr"":-0.545,""BR1_atr_distance"":{""score"":49.09053127381037},""BR2_compression"":{""score"":41.1132145045634},""BR3_retest"":{""score"":100},""BR4_bo_age"":{""score"":30.0},""_score"":54.41},""risk"":{""R1_stop_clarity"":{""score"":72.8233012398698},""R2_stop_distance_pct"":{""value"":2.73531989482909,""score"":100.0},""R3_stop_distance_atr"":{""value"":0.37831613216042004,""score"":43.915806608021},""R4_rr_potential"":{""value"":-3.043896187119519,""score"":0.0},""_score"":62.08},""market"":{""M1_spy_regime"":{""score"":100.0},""M3_earnings_risk"":{""value"":null,""score"":80.0},""M4_vix"":{""value"":null,""score"":60.0},""_score"":84.0},""liquidity"":{""L1_price"":{""value"":5.705,""score"":97.85249999999999},""L2_dollar_vol"":{""value"":18049126.667523596,""score"":62.822809639919576},""L3_spread_proxy"":{""value"":0.04557405784399646,""score"":54.42594215600354},""L4_volume_zscore"":{""value"":-0.8691589954462877,""score"":100.0},""_score"":80.03},""pattern_structure"":{""level"":5.48,""level_idx"":50,""breakout_idx"":64,""bo_peak_idx"":70,""bo_peak_price"":6.175,""retest_idx"":79,""retest_low"":5.605,""structural_low"":5.605,""current_price"":5.685,""neckline_distance_pct"":-0.03605980650835518,""base_bars"":29,""bars_since_breakout"":15},""pattern_geometry_features"":{""retest_depth_atr"":-0.7501714677640607,""bars_breakout_to_retest"":15.0,""bars_since_retest"":0.0,""current_above_level_atr"":1.2302812071330547,""bo_peak_excess_pct"":0.12682481751824806,""atr_pct"":0.07230249154876675},""_schema_version"":""1.0""}",,,,,,,,,,
20260508T181321Z-e7d442,2026-05-08T18:13:21.400575+00:00,PEGA,double_bottom,forming,45.59,5.0,57.3,66.5,48.2,14.9,32.4,77.3,84.0,85.0,0.75,14.32,5.32,6.74,1.94,2.59,4.64,5.04,4.25,False,,35.67,38.21,34.2878,41.61,"{""trend"":{""T1_ema_stack"":{""value"":[false,false,false],""score"":0.0},""T2_ema50_slope"":{""value"":-0.5443646955456444,""score"":0},""T3_high_proximity"":{""value"":0.7541226215644821,""score"":0},""T4_rs_1m"":{""value"":-0.18976530100877864,""score"":0},""T5_rs_3m"":{""value"":-0.1785231675741069,""score"":0},""T6_adr_healthy"":{""value"":5.302867467209714,""score"":100.0},""_score"":5.0},""geometry"":{""sub_low_similarity"":78.9,""sub_bounce_quality"":96.7,""sub_separation_fit"":20.0,""sub_right_bottom_reaction"":35.2,""sub_base_context"":30.0,""_score"":57.29},""compression"":{""VC1_atr_ratio"":{""value"":0.2662080760927483,""score"":100},""VC2_range_contraction"":{""value"":0.8641931296958866,""score"":22.634478384018905},""VC3_range_pct_rank"":{""score"":74.16666666666667},""_score"":66.46},""sr_quality"":{""SR1_touches"":{""value"":3,""score"":50.0},""SR2_tightness"":{""value"":0.3626139667592657,""score"":68.39473597117683},""SR3_recency"":{""value"":228,""score"":0.0},""SR4_price_location"":{""score"":31.620648259303707},""SR5_reaction"":{""value"":2.2211154345006485,""score"":100},""_score"":48.16,""_levels_found"":7,""_target_level"":38.0433},""volume"":{""V1_rvol_day"":{""value"":0.2848234523357075,""score"":0},""V2_rvol_sameslot"":{""value"":0.565752605377743,""score"":4.3835070251828645,""status"":""ok""},""V3_breakout_bar"":{""value"":0.6542842059843818,""score"":10.285613732292116},""V4_base_dryup"":{""value"":0.9252307651655477,""score"":57.47692348344523},""V5_bo_expansion"":{""value"":0.28482345233570755,""score"":0},""_score"":14.94},""readiness"":{""_distance_atr"":1.107,""BR1_atr_distance"":{""score"":26.20492866407264},""BR2_compression"":{""score"":17.62871369330064},""BR3_retest"":{""score"":50.0},""BR4_bo_age"":{""score"":50.0},""_score"":32.39},""risk"":{""R1_stop_clarity"":{""score"":54.489649805447165},""R2_stop_distance_pct"":{""value"":3.874824782730594,""score"":100.0},""R3_stop_distance_atr"":{""value"":0.6023377431906628,""score"":55.116887159533135},""R4_rr_potential"":{""value"":4.297652208515708,""score"":100.0},""_score"":77.34},""market"":{""M1_spy_regime"":{""score"":100.0},""M3_earnings_risk"":{""value"":null,""score"":80.0},""M4_vix"":{""value"":null,""score"":60.0},""_score"":84.0},""liquidity"":{""L1_price"":{""value"":35.67,""score"":100.0},""L2_dollar_vol"":{""value"":25757843.30319411,""score"":70.54547484290347},""L3_spread_proxy"":{""value"":0.03266049901878327,""score"":67.33950098121673},""L4_volume_zscore"":{""value"":-1.3768020104390677,""score"":100.0},""_score"":84.95},""pattern_structure"":{""left_low"":34.81,""left_idx"":34,""right_low"":35.18,""right_idx"":76,""separation_bars"":42,""structural_low"":34.81,""current_price"":35.92,""neckline_distance_pct"":0.06375278396436523,""base_bars"":42},""pattern_geometry_features"":{""low_similarity_pct"":0.010572938991284395,""bounce_pct"":0.09767308244757249,""right_bottom_reaction"":0.35193133047210645,""atr_pct"":0.06432976891345267},""_schema_version"":""1.0""}",,,,,,,,,,
20260508T181321Z-e7d442,2026-05-08T18:13:21.400575+00:00,ALKT,vcp,absent,45.39,56.0,41.5,46.7,39.0,19.1,46.7,32.8,84.0,78.1,8.39,10.37,5.6,4.68,2.49,3.27,1.64,5.04,3.9,False,,17.845,18.23,15.3364,20.2499,"{""trend"":{""T1_ema_stack"":{""value"":[true,false,false],""score"":33.33333333333333},""T2_ema50_slope"":{""value"":-0.10992106992180888,""score"":31.67982167969852},""T3_high_proximity"":{""value"":0.960958535271944,""score"":80.47926763597196},""T4_rs_1m"":{""value"":0.05437731693476433,""score"":100},""T5_rs_3m"":{""value"":-0.043796395509348995,""score"":28.1018022453255},""T6_adr_healthy"":{""value"":4.88140652389588,""score"":100.0},""_score"":55.96},""geometry"":{""sub_contraction_count"":100.0,""sub_reduction_rate"":0,""sub_pivot_tightness"":0,""sub_volume_dryup"":0,""sub_base_depth"":64.8,""sub_base_duration"":100.0,""_score"":41.48},""compression"":{""VC1_atr_ratio"":{""value"":0.5012407054882091,""score"":100},""VC2_range_contraction"":{""value"":1.0872197333173848,""score"":0},""VC3_range_pct_rank"":{""score"":26.66666666666667},""_score"":46.67},""sr_quality"":{""SR1_touches"":{""value"":2,""score"":25.0},""SR2_tightness"":{""value"":0.07499999999999929,""score"":84.24724326757197},""SR3_recency"":{""value"":263,""score"":0.0},""SR4_price_location"":{""score"":15.37873890815072},""SR5_reaction"":{""value"":2.425924536793938,""score"":100},""_score"":38.98,""_levels_found"":6,""_target_level"":19.285},""volume"":{""V1_rvol_day"":{""value"":0.5308976760017671,""score"":2.0598450667844714},""V2_rvol_sameslot"":{""value"":0.7922136628124354,""score"":19.48091085416236,""status"":""ok""},""V3_breakout_bar"":{""value"":0.28521585252608717,""score"":0},""V4_base_dryup"":{""value"":0.7581742451231546,""score"":74.18257548768455},""V5_bo_expansion"":{""value"":0.5308976760017671,""score"":0},""_score"":19.14},""readiness"":{""_distance_atr"":0.404,""BR1_atr_distance"":{""score"":73.0452829245117},""BR2_compression"":{""score"":0},""BR3_retest"":{""score"":50.0},""BR4_bo_age"":{""score"":50.0},""_score"":46.72},""risk"":{""R1_stop_clarity"":{""score"":50.945915535218475},""R2_stop_distance_pct"":{""value"":14.05743905855982,""score"":0.0},""R3_stop_distance_atr"":{""value"":2.634438526742178,""score"":100.0},""R4_rr_potential"":{""value"":0.958681309920074,""score"":0.0},""_score"":32.83},""market"":{""M1_spy_regime"":{""score"":100.0},""M3_earnings_risk"":{""value"":null,""score"":80.0},""M4_vix"":{""value"":null,""score"":60.0},""_score"":84.0},""liquidity"":{""L1_price"":{""value"":17.845,""score"":100.0},""L2_dollar_vol"":{""value"":16196569.92573895,""score"":60.47115251709552},""L3_spread_proxy"":{""value"":0.061081535444101984,""score"":38.91846455589802},""L4_volume_zscore"":{""value"":-1.2999454655274323,""score"":100.0},""_score"":78.08},""pattern_structure"":{""n_contractions"":5,""contractions_pct"":[19.78,8.5,21.5,13.03,14.59],""descending_strict"":false,""final_low"":15.57,""final_pivot"":18.23,""structural_low"":15.57,""dry_up_ratio"":1.5326967956043314,""current_price"":17.845,""neckline_distance_pct"":0.021574670776127857,""base_bars"":43},""pattern_geometry_features"":{""contraction_count"":5.0,""first_contraction_pct"":0.19783512129119554,""last_contraction_pct"":0.14591332967635764,""dry_up_ratio"":1.5326967956043314,""near_monotone"":0.0,""base_depth_pct"":0.11483294390530928},""_schema_version"":""1.0""}",,,,,,,,,,
20260508T181321Z-e7d442,2026-05-08T18:13:21.400575+00:00,UEC,high_tight_pullback,absent,45.23,66.3,33.9,52.3,49.8,19.1,35.7,78.7,84.0,89.5,7.96,11.88,5.23,3.98,2.68,3.21,0.79,5.04,4.47,False,,15.245,16.19,14.706,18.25,"{""trend"":{""T1_ema_stack"":{""value"":[true,true,true],""score"":100.0},""T2_ema50_slope"":{""value"":0.11879611652121504,""score"":69.79935275353584},""T3_high_proximity"":{""value"":0.8915204678362572,""score"":45.760233918128556},""T4_rs_1m"":{""value"":0.02753913315059786,""score"":77.53913315059786},""T5_rs_3m"":{""value"":-0.12188631634120528,""score"":0},""T6_adr_healthy"":{""value"":6.764140546330302,""score"":100.0},""_score"":66.33},""geometry"":{""sub_pole_impulse"":23.1,""sub_flag_tightness"":20.2,""sub_flag_shallowness"":0,""sub_flag_drift"":79.7,""sub_flag_duration"":100.0,""_score"":33.94},""compression"":{""VC1_atr_ratio"":{""value"":0.616820310025764,""score"":95.794922493559},""VC2_range_contraction"":{""value"":1.1143740624422172,""score"":0},""VC3_range_pct_rank"":{""score"":55.833333333333336},""_score"":52.28},""sr_quality"":{""SR1_touches"":{""value"":2,""score"":25.0},""SR2_tightness"":{""value"":0.21999999999999975,""score"":61.89156417807038},""SR3_recency"":{""value"":238,""score"":0.0},""SR4_price_location"":{""score"":83.97293863925084},""SR5_reaction"":{""value"":1.595790750043304,""score"":79.7895375021652},""_score"":49.75,""_levels_found"":5,""_target_level"":15.4},""volume"":{""V1_rvol_day"":{""value"":0.47259966254885577,""score"":0},""V2_rvol_sameslot"":{""value"":0.9462816798726782,""score"":29.75211199151188,""status"":""ok""},""V3_breakout_bar"":{""value"":0.5827534971799119,""score"":5.516899811994125},""V4_base_dryup"":{""value"":0.9104132128607068,""score"":58.958678713929324},""V5_bo_expansion"":{""value"":0.47259966254885577,""score"":0},""_score"":19.12},""readiness"":{""_distance_atr"":0.818,""BR1_atr_distance"":{""score"":45.43564870950968},""BR2_compression"":{""score"":0},""BR3_retest"":{""score"":50.0},""BR4_bo_age"":{""score"":50.0},""_score"":35.67},""risk"":{""R1_stop_clarity"":{""score"":61.20734453490382},""R2_stop_distance_pct"":{""value"":3.5352574614627734,""score"":100.0},""R3_stop_distance_atr"":{""value"":0.46678503377793146,""score"":48.33925168889657},""R4_rr_potential"":{""value"":5.575656368865389,""score"":100.0},""_score"":78.67},""market"":{""M1_spy_regime"":{""score"":100.0},""M3_earnings_risk"":{""value"":null,""score"":80.0},""M4_vix"":{""value"":null,""score"":60.0},""_score"":84.0},""liquidity"":{""L1_price"":{""value"":15.245,""score"":100.0},""L2_dollar_vol"":{""value"":62752264.46662922,""score"":89.88147011531682},""L3_spread_proxy"":{""value"":0.06493932436864547,""score"":35.06067563135453},""L4_volume_zscore"":{""value"":-2.1823192885392255,""score"":100.0},""_score"":89.46},""pattern_structure"":{""pole_low"":14.13,""pole_low_idx"":43,""peak_price"":16.19,""peak_idx"":51,""pole_gain"":0.14578910120311397,""flag_bars"":8,""flag_low"":14.93,""flag_high"":16.06,""structural_low"":14.93,""current_price"":15.23,""neckline_distance_pct"":0.06303348653972428,""base_bars"":8},""pattern_geometry_features"":{""pole_gain"":0.14578910120311397,""pullback_pct"":0.0778258184064238,""flag_range_pct"":0.06979617047560216,""flag_drift_per_bar"":-0.004062861520182648,""atr_pct"":0.07573630698589703,""pole_atr_multiple"":1.9249565631746683},""_schema_version"":""1.0""}",,,,,,,,,,
20260508T181321Z-e7d442,2026-05-08T18:13:21.400575+00:00,AXON,vcp,absent,45.18,22.8,36.9,41.5,67.0,27.4,34.9,79.3,84.0,90.0,3.43,9.23,4.98,8.04,3.56,2.44,3.97,5.04,4.5,False,,394.76,414.0,370.6358,687.61,"{""trend"":{""T1_ema_stack"":{""value"":[false,false,false],""score"":0.0},""T2_ema50_slope"":{""value"":-0.5205710664041892,""score"":0},""T3_high_proximity"":{""value"":0.6816902381322419,""score"":0},""T4_rs_1m"":{""value"":0.03919303525601414,""score"":89.19303525601414},""T5_rs_3m"":{""value"":-0.1145397677012967,""score"":0},""T6_adr_healthy"":{""value"":5.195079075366403,""score"":100.0},""_score"":22.84},""geometry"":{""sub_contraction_count"":100.0,""sub_reduction_rate"":0,""sub_pivot_tightness"":12.7,""sub_volume_dryup"":0,""sub_base_depth"":0.0,""sub_base_duration"":100.0,""_score"":36.91},""compression"":{""VC1_atr_ratio"":{""value"":0.5144443446868552,""score"":100},""VC2_range_contraction"":{""value"":1.0772046374143471,""score"":0},""VC3_range_pct_rank"":{""score"":5.833333333333335},""_score"":41.46},""sr_quality"":{""SR1_touches"":{""value"":5,""score"":100},""SR2_tightness"":{""value"":3.271657638812473,""score"":71.18027274050777},""SR3_recency"":{""value"":228,""score"":0.0},""SR4_price_location"":{""score"":45.2594102716721},""SR5_reaction"":{""value"":2.883050373418997,""score"":100},""_score"":66.99,""_levels_found"":5,""_target_level"":414.6621},""volume"":{""V1_rvol_day"":{""value"":0.9386023688059397,""score"":29.24015792039598},""V2_rvol_sameslot"":{""value"":1.574694621753046,""score"":71.64630811686973,""status"":""ok""},""V3_breakout_bar"":{""value"":0.4952007848525648,""score"":0},""V4_base_dryup"":{""value"":1.1378808525964943,""score"":36.21191474035057},""V5_bo_expansion"":{""value"":0.9386023688059397,""score"":0},""_score"":27.42},""readiness"":{""_distance_atr"":0.847,""BR1_atr_distance"":{""score"":43.50554431546036},""BR2_compression"":{""score"":0},""BR3_retest"":{""score"":50.0},""BR4_bo_age"":{""score"":50.0},""_score"":34.9},""risk"":{""R1_stop_clarity"":{""score"":50.280768174426335},""R2_stop_distance_pct"":{""value"":6.111105481811741,""score"":100.0},""R3_stop_distance_atr"":{""value"":1.0625391485121924,""score"":78.12695742560962},""R4_rr_potential"":{""value"":12.139262649124102,""score"":100.0},""_score"":79.32},""market"":{""M1_spy_regime"":{""score"":100.0},""M3_earnings_risk"":{""value"":null,""score"":80.0},""M4_vix"":{""value"":null,""score"":60.0},""_score"":84.0},""liquidity"":{""L1_price"":{""value"":394.76,""score"":100.0},""L2_dollar_vol"":{""value"":426931383.62080306,""score"":100.0},""L3_spread_proxy"":{""value"":0.10183402573715673,""score"":0},""L4_volume_zscore"":{""value"":-0.13537306681093844,""score"":100.0},""_score"":90.0},""pattern_structure"":{""n_contractions"":5,""contractions_pct"":[8.36,8.19,17.67,34.36,9.11],""descending_strict"":false,""final_low"":376.28,""final_pivot"":414.0,""structural_low"":376.28,""dry_up_ratio"":1.0764882905580577,""current_price"":394.76,""neckline_distance_pct"":0.0487384740095248,""base_bars"":69},""pattern_geometry_features"":{""contraction_count"":5.0,""first_contraction_pct"":0.08362953730631341,""last_contraction_pct"":0.09111111111111117,""dry_up_ratio"":1.0764882905580577,""near_monotone"":0.0,""base_depth_pct"":0.42100970933542603},""_schema_version"":""1.0""}",,,,,,,,,,
20260508T181321Z-e7d442,2026-05-08T18:13:21.400575+00:00,CTRE,double_bottom,breakout_confirmed,45.16,66.3,42.6,48.5,39.2,11.4,30.6,29.0,84.0,90.0,9.94,10.64,3.88,5.49,1.48,2.45,1.74,5.04,4.5,True,risk_unclear,41.34,40.0,37.2231,42.21,"{""trend"":{""T1_ema_stack"":{""value"":[true,true,true],""score"":100.0},""T2_ema50_slope"":{""value"":0.03540315434449725,""score"":55.900525724082875},""T3_high_proximity"":{""value"":1.0,""score"":99.99999999999997},""T4_rs_1m"":{""value"":-0.03571669784301057,""score"":14.283302156989429},""T5_rs_3m"":{""value"":-0.0032392869810766722,""score"":48.38035650946166},""T6_adr_healthy"":{""value"":2.22060905227137,""score"":100.0},""_score"":66.29},""geometry"":{""sub_low_similarity"":46.7,""sub_bounce_quality"":40.7,""sub_separation_fit"":0.0,""sub_right_bottom_reaction"":2.9,""sub_base_context"":100.0,""_score"":42.58},""compression"":{""VC1_atr_ratio"":{""value"":0.5416342398799379,""score"":100},""VC2_range_contraction"":{""value"":0.8901960352606437,""score"":18.300660789892714},""VC3_range_pct_rank"":{""score"":8.333333333333337},""_score"":48.49},""sr_quality"":{""SR1_touches"":{""value"":2,""score"":25.0},""SR2_tightness"":{""value"":0.19000000000000128,""score"":61.44843728486828},""SR3_recency"":{""value"":262,""score"":0.0},""SR4_price_location"":{""score"":30.0},""SR5_reaction"":{""value"":3.591382421356983,""score"":100},""_score"":39.22,""_levels_found"":5,""_target_level"":41.17},""volume"":{""V1_rvol_day"":{""value"":0.6108003044403891,""score"":7.386686962692608},""V2_rvol_sameslot"":{""value"":1.1684159851227347,""score"":44.56106567484898,""status"":""ok""},""V3_breakout_bar"":{""value"":0.5590385762812315,""score"":3.9359050854154365},""V4_base_dryup"":{""value"":1.5583040178838508,""score"":0},""V5_bo_expansion"":{""value"":0.6108003044403891,""score"":0},""_score"":11.37},""readiness"":{""_distance_atr"":-1.359,""BR1_atr_distance"":{""score"":32.81100313774932},""BR2_compression"":{""score"":0},""BR3_retest"":{""score"":50.0},""BR4_bo_age"":{""score"":50.0},""_score"":30.62},""risk"":{""R1_stop_clarity"":{""score"":0},""R2_stop_distance_pct"":{""value"":9.958514755684583,""score"":51.037131107885436},""R3_stop_distance_atr"":{""value"":4.176605288520769,""score"":91.16973557396153},""R4_rr_potential"":{""value"":0.2113266210816513,""score"":0.0},""_score"":28.99},""market"":{""M1_spy_regime"":{""score"":100.0},""M3_earnings_risk"":{""value"":null,""score"":80.0},""M4_vix"":{""value"":null,""score"":60.0},""_score"":84.0},""liquidity"":{""L1_price"":{""value"":41.34,""score"":100.0},""L2_dollar_vol"":{""value"":45951630.0576294,""score"":83.11504609348108},""L3_spread_proxy"":{""value"":0.03289791969037251,""score"":67.1020803096275},""L4_volume_zscore"":{""value"":-1.3378009886569011,""score"":100.0},""_score"":89.96},""pattern_structure"":{""left_low"":37.79,""left_idx"":21,""right_low"":38.81,""right_idx"":70,""separation_bars"":49,""structural_low"":37.79,""current_price"":41.12,""neckline_distance_pct"":-0.02723735408560305,""base_bars"":49},""pattern_geometry_features"":{""low_similarity_pct"":0.026631853785900866,""bounce_pct"":0.05848107965070127,""right_bottom_reaction"":0.02906976744185883,""atr_pct"":0.023843562098279092},""_schema_version"":""1.0""}",,,,,,,,,,
20260508T181321Z-e7d442,2026-05-08T18:13:21.400575+00:00,VNET,vcp,absent,45.11,26.8,49.1,50.6,57.1,15.5,28.7,55.8,84.0,80.7,4.02,12.27,6.08,6.86,2.02,2.01,2.79,5.04,4.03,False,,8.905,9.37,7.8997,14.01,"{""trend"":{""T1_ema_stack"":{""value"":[true,false,true],""score"":66.66666666666666},""T2_ema50_slope"":{""value"":-0.26959759940282635,""score"":5.067066766195602},""T3_high_proximity"":{""value"":0.6347113328581611,""score"":0},""T4_rs_1m"":{""value"":-0.02932815160021507,""score"":20.67184839978493},""T5_rs_3m"":{""value"":-0.272516633604587,""score"":0},""T6_adr_healthy"":{""value"":4.482009510352373,""score"":100.0},""_score"":26.81},""geometry"":{""sub_contraction_count"":100.0,""sub_reduction_rate"":23.4,""sub_pivot_tightness"":0,""sub_volume_dryup"":32.6,""sub_base_depth"":33.5,""sub_base_duration"":100.0,""_score"":49.09},""compression"":{""VC1_atr_ratio"":{""value"":0.2695220488926918,""score"":100},""VC2_range_contraction"":{""value"":0.9532642368927712,""score"":7.789293851204803},""VC3_range_pct_rank"":{""score"":31.666666666666664},""_score"":50.64},""sr_quality"":{""SR1_touches"":{""value"":5,""score"":100},""SR2_tightness"":{""value"":0.048332183894377864,""score"":77.5385701403721},""SR3_recency"":{""value"":233,""score"":0.0},""SR4_price_location"":{""score"":2.0508613617718225},""SR5_reaction"":{""value"":3.703249792531122,""score"":100},""_score"":57.14,""_levels_found"":6,""_target_level"":9.303},""volume"":{""V1_rvol_day"":{""value"":0.5133584397187827,""score"":0.8905626479188467},""V2_rvol_sameslot"":{""value"":0.6548646392533338,""score"":10.32430928355559,""status"":""ok""},""V3_breakout_bar"":{""value"":0.3717075799624312,""score"":0},""V4_base_dryup"":{""value"":0.8361262233416185,""score"":66.38737766583816},""V5_bo_expansion"":{""value"":0.5133584397187826,""score"":0},""_score"":15.52},""readiness"":{""_distance_atr"":1.08,""BR1_atr_distance"":{""score"":27.966804979253084},""BR2_compression"":{""score"":0},""BR3_retest"":{""score"":50.0},""BR4_bo_age"":{""score"":50.0},""_score"":28.69},""risk"":{""R1_stop_clarity"":{""score"":44.09294605809112},""R2_stop_distance_pct"":{""value"":11.289163391353174,""score"":17.770915216170646},""R3_stop_distance_atr"":{""value"":2.335966804979255,""score"":100.0},""R4_rr_potential"":{""value"":5.078086143439769,""score"":100.0},""_score"":55.76},""market"":{""M1_spy_regime"":{""score"":100.0},""M3_earnings_risk"":{""value"":null,""score"":80.0},""M4_vix"":{""value"":null,""score"":60.0},""_score"":84.0},""liquidity"":{""L1_price"":{""value"":8.905,""score"":99.4525},""L2_dollar_vol"":{""value"":22901683.212835565,""score"":67.993370150143},""L3_spread_proxy"":{""value"":0.06400898371701275,""score"":35.99101628298726},""L4_volume_zscore"":{""value"":-1.1674657678464395,""score"":100.0},""_score"":80.66},""pattern_structure"":{""n_contractions"":5,""contractions_pct"":[26.54,16.5,13.76,11.85,14.41],""descending_strict"":false,""final_low"":8.02,""final_pivot"":9.37,""structural_low"":8.02,""dry_up_ratio"":0.8367770462485778,""current_price"":8.905,""neckline_distance_pct"":0.052217855137563156,""base_bars"":46},""pattern_geometry_features"":{""contraction_count"":5.0,""first_contraction_pct"":0.2654028436018957,""last_contraction_pct"":0.14407684098185697,""dry_up_ratio"":0.8367770462485778,""near_monotone"":0.0,""base_depth_pct"":0.36650868878357035},""_schema_version"":""1.0""}",,,,,,,,,,
20260508T181321Z-e7d442,2026-05-08T18:13:21.400575+00:00,TTAN,double_bottom,absent,45.09,21.7,49.9,55.8,45.0,14.2,44.7,66.7,84.0,82.8,3.25,12.46,4.47,6.3,1.85,3.58,4.0,5.04,4.14,False,,62.83,64.85,57.6127,71.21,"{""trend"":{""T1_ema_stack"":{""value"":[true,false,false],""score"":33.33333333333333},""T2_ema50_slope"":{""value"":-0.35912816466875824,""score"":0},""T3_high_proximity"":{""value"":0.7574442435201928,""score"":0},""T4_rs_1m"":{""value"":-0.01515813233960328,""score"":34.841867660396716},""T5_rs_3m"":{""value"":-0.08188266861287963,""score"":9.058665693560187},""T6_adr_healthy"":{""value"":5.417998471564357,""score"":100.0},""_score"":21.66},""geometry"":{""sub_low_similarity"":31.8,""sub_bounce_quality"":100,""sub_separation_fit"":0.0,""sub_right_bottom_reaction"":95.4,""sub_base_context"":30.0,""_score"":49.85},""compression"":{""VC1_atr_ratio"":{""value"":0.34712883077354506,""score"":100},""VC2_range_contraction"":{""value"":1.0230636323825884,""score"":0},""VC3_range_pct_rank"":{""score"":63.33333333333333},""_score"":55.83},""sr_quality"":{""SR1_touches"":{""value"":2,""score"":25.0},""SR2_tightness"":{""value"":0.44249999999999545,""score"":76.90143680893092},""SR3_recency"":{""value"":236,""score"":0.0},""SR4_price_location"":{""score"":43.84102690693655},""SR5_reaction"":{""value"":2.1682634317492457,""score"":100},""_score"":45.0,""_levels_found"":3,""_target_level"":68.5175},""volume"":{""V1_rvol_day"":{""value"":0.34035443275773897,""score"":0},""V2_rvol_sameslot"":{""value"":0.5659739498954613,""score"":4.3982633263640905,""status"":""ok""},""V3_breakout_bar"":{""value"":0.4121243992476618,""score"":0},""V4_base_dryup"":{""value"":0.8333440029017147,""score"":66.66559970982853},""V5_bo_expansion"":{""value"":0.34035443275773897,""score"":0},""_score"":14.21},""readiness"":{""_distance_atr"":0.527,""BR1_atr_distance"":{""score"":64.85190384485128},""BR2_compression"":{""score"":5.081220925242214},""BR3_retest"":{""score"":50.0},""BR4_bo_age"":{""score"":50.0},""_score"":44.71},""risk"":{""R1_stop_clarity"":{""score"":54.202204710317154},""R2_stop_distance_pct"":{""value"":8.303915327073048,""score"":92.40211682317381},""R3_stop_distance_atr"":{""value"":1.3617320753098914,""score"":93.08660376549457},""R4_rr_potential"":{""value"":1.6061793822534405,""score"":30.308969112672024},""_score"":66.72},""market"":{""M1_spy_regime"":{""score"":100.0},""M3_earnings_risk"":{""value"":null,""score"":80.0},""M4_vix"":{""value"":null,""score"":60.0},""_score"":84.0},""liquidity"":{""L1_price"":{""value"":62.83,""score"":100.0},""L2_dollar_vol"":{""value"":22339606.32988874,""score"":67.45377578395843},""L3_spread_proxy"":{""value"":0.04169982492439913,""score"":58.30017507560087},""L4_volume_zscore"":{""value"":-2.1928022545092514,""score"":100.0},""_score"":82.81},""pattern_structure"":{""left_low"":58.49,""left_idx"":14,""right_low"":60.52,""right_idx"":64,""separation_bars"":50,""structural_low"":58.49,""current_price"":63.135,""neckline_distance_pct"":0.027164013621604442,""base_bars"":50},""pattern_geometry_features"":{""low_similarity_pct"":0.03411478027056552,""bounce_pct"":0.10873653616002722,""right_bottom_reaction"":0.9540186915887859,""atr_pct"":0.06098053705008978},""_schema_version"":""1.0""}",,,,,,,,,,
20260508T181321Z-e7d442,2026-05-08T18:13:21.400575+00:00,GDYN,vcp,breakout_confirmed,45.02,46.2,45.0,49.4,38.7,24.9,34.3,36.0,84.0,76.0,6.94,11.25,5.93,4.64,3.24,2.4,1.8,5.04,3.8,False,,6.855,6.23,5.3436,8.345,"{""trend"":{""T1_ema_stack"":{""value"":[true,false,false],""score"":33.33333333333333},""T2_ema50_slope"":{""value"":-0.25505032284448675,""score"":7.491612859252207},""T3_high_proximity"":{""value"":0.9520833333333334,""score"":76.04166666666667},""T4_rs_1m"":{""value"":0.19688547288488056,""score"":100},""T5_rs_3m"":{""value"":-0.10617534428380948,""score"":0},""T6_adr_healthy"":{""value"":6.048204019144313,""score"":100.0},""_score"":46.24},""geometry"":{""sub_contraction_count"":100.0,""sub_reduction_rate"":0,""sub_pivot_tightness"":0,""sub_volume_dryup"":0,""sub_base_depth"":100.0,""sub_base_duration"":100.0,""_score"":45.0},""compression"":{""VC1_atr_ratio"":{""value"":0.4833683499851369,""score"":100},""VC2_range_contraction"":{""value"":1.4901822672341365,""score"":0},""VC3_range_pct_rank"":{""score"":37.5},""_score"":49.38},""sr_quality"":{""SR1_touches"":{""value"":2,""score"":25.0},""SR2_tightness"":{""value"":0.0699999999999994,""score"":65.49963915438941},""SR3_recency"":{""value"":310,""score"":0.0},""SR4_price_location"":{""score"":25.43352601156071},""SR5_reaction"":{""value"":2.9818169016563694,""score"":100},""_score"":38.68,""_levels_found"":5,""_target_level"":8.79},""volume"":{""V1_rvol_day"":{""value"":0.9071066036393649,""score"":27.140440242624326},""V2_rvol_sameslot"":{""value"":1.2100563608439217,""score"":47.33709072292811,""status"":""ok""},""V3_breakout_bar"":{""value"":0.3454475980569825,""score"":0},""V4_base_dryup"":{""value"":1.000458916703128,""score"":49.95410832968721},""V5_bo_expansion"":{""value"":0.9071066036393649,""score"":0},""_score"":24.89},""readiness"":{""_distance_atr"":-1.54,""BR1_atr_distance"":{""score"":29.196106387847422},""BR2_compression"":{""score"":20.33750987410741},""BR3_retest"":{""score"":50.0},""BR4_bo_age"":{""score"":50.0},""_score"":34.26},""risk"":{""R1_stop_clarity"":{""score"":59.89333051697714},""R2_stop_distance_pct"":{""value"":22.04777534646245,""score"":0.0},""R3_stop_distance_atr"":{""value"":3.7244987766453708,""score"":100.0},""R4_rr_potential"":{""value"":0.9858572491936145,""score"":0.0},""_score"":35.96},""market"":{""M1_spy_regime"":{""score"":100.0},""M3_earnings_risk"":{""value"":null,""score"":80.0},""M4_vix"":{""value"":null,""score"":60.0},""_score"":84.0},""liquidity"":{""L1_price"":{""value"":6.855,""score"":98.4275},""L2_dollar_vol"":{""value"":12125763.690317716,""score"":54.18545501751439},""L3_spread_proxy"":{""value"":0.05324580598103564,""score"":46.754194018964355},""L4_volume_zscore"":{""value"":-0.09452598085669332,""score"":100.0},""_score"":75.96},""pattern_structure"":{""n_contractions"":5,""contractions_pct"":[20.42,18.75,6.8,14.3,12.92],""descending_strict"":false,""final_low"":5.425,""final_pivot"":6.23,""structural_low"":5.425,""dry_up_ratio"":2.066504918176918,""current_price"":6.855,""neckline_distance_pct"":-0.0911743253099927,""base_bars"":34},""pattern_geometry_features"":{""contraction_count"":5.0,""first_contraction_pct"":0.20424403183023873,""last_contraction_pct"":0.1292134831460675,""dry_up_ratio"":2.066504918176918,""near_monotone"":0.0,""base_depth_pct"":0.2805039787798409},""_schema_version"":""1.0""}",,,,,,,,,,
20260508T181321Z-e7d442,2026-05-08T18:13:21.400575+00:00,NOW,vcp,absent,44.89,5.0,50.0,69.1,59.9,9.3,23.0,69.5,84.0,96.9,0.75,12.49,8.29,7.18,1.21,1.61,3.47,5.04,4.84,False,,91.45,104.5,82.3263,131.77,"{""trend"":{""T1_ema_stack"":{""value"":[false,false,false],""score"":0.0},""T2_ema50_slope"":{""value"":-0.5827059031984715,""score"":0},""T3_high_proximity"":{""value"":0.7354833520990831,""score"":0},""T4_rs_1m"":{""value"":-0.06616216558761656,""score"":0},""T5_rs_3m"":{""value"":-0.15982350915409205,""score"":0},""T6_adr_healthy"":{""value"":4.580963130794473,""score"":100.0},""_score"":5.0},""geometry"":{""sub_contraction_count"":100.0,""sub_reduction_rate"":0,""sub_pivot_tightness"":0,""sub_volume_dryup"":33.1,""sub_base_depth"":100.0,""sub_base_duration"":100.0,""_score"":49.97},""compression"":{""VC1_atr_ratio"":{""value"":0.32006467774855646,""score"":100},""VC2_range_contraction"":{""value"":0.7624527448599957,""score"":39.59120919000072},""VC3_range_pct_rank"":{""score"":60.83333333333334},""_score"":69.07},""sr_quality"":{""SR1_touches"":{""value"":4,""score"":75.0},""SR2_tightness"":{""value"":1.3216939887886305,""score"":52.62084483615654},""SR3_recency"":{""value"":227,""score"":0.0},""SR4_price_location"":{""score"":58.796747967479654},""SR5_reaction"":{""value"":1.970705077897452,""score"":98.5352538948726},""_score"":59.87,""_levels_found"":5,""_target_level"":97.785},""volume"":{""V1_rvol_day"":{""value"":0.5850818032667316,""score"":5.672120217782109},""V2_rvol_sameslot"":{""value"":0.688212665755501,""score"":12.547511050366733,""status"":""ok""},""V3_breakout_bar"":{""value"":0.46795818684863794,""score"":0},""V4_base_dryup"":{""value"":1.2185779888671733,""score"":28.142201113282667},""V5_bo_expansion"":{""value"":0.5850818032667316,""score"":0},""_score"":9.27},""readiness"":{""_distance_atr"":2.339,""BR1_atr_distance"":{""score"":0},""BR2_compression"":{""score"":21.94821231941387},""BR3_retest"":{""score"":50.0},""BR4_bo_age"":{""score"":50.0},""_score"":22.99},""risk"":{""R1_stop_clarity"":{""score"":55.05824545411502},""R2_stop_distance_pct"":{""value"":9.976708583925642,""score"":50.58228540185894},""R3_stop_distance_atr"":{""value"":1.6352998562267387,""score"":100.0},""R4_rr_potential"":{""value"":4.4192597301533345,""score"":100.0},""_score"":69.45},""market"":{""M1_spy_regime"":{""score"":100.0},""M3_earnings_risk"":{""value"":null,""score"":80.0},""M4_vix"":{""value"":null,""score"":60.0},""_score"":84.0},""liquidity"":{""L1_price"":{""value"":91.45,""score"":100.0},""L2_dollar_vol"":{""value"":1485114857.3446846,""score"":100.0},""L3_spread_proxy"":{""value"":0.03127392017495899,""score"":68.72607982504101},""L4_volume_zscore"":{""value"":-0.7921024987293895,""score"":100.0},""_score"":96.87},""pattern_structure"":{""n_contractions"":5,""contractions_pct"":[10.53,11.81,17.35,23.05,20.02],""descending_strict"":false,""final_low"":83.58,""final_pivot"":104.5,""structural_low"":83.58,""dry_up_ratio"":0.8342762293308895,""current_price"":91.45,""neckline_distance_pct"":0.1427009294696555,""base_bars"":46},""pattern_geometry_features"":{""contraction_count"":5.0,""first_contraction_pct"":0.10527740189445185,""last_contraction_pct"":0.20019138755980864,""dry_up_ratio"":0.8342762293308895,""near_monotone"":0.0,""base_depth_pct"":0.2460081190798376},""_schema_version"":""1.0""}",,,,,,,,,,
20260508T181321Z-e7d442,2026-05-08T18:13:21.400575+00:00,NG,high_tight_pullback,forming,44.7,13.3,53.2,65.8,47.5,16.1,23.8,77.3,84.0,77.6,1.6,18.64,6.58,3.8,2.25,2.14,0.77,5.04,3.88,False,,8.665,9.445,8.4119,11.13,"{""trend"":{""T1_ema_stack"":{""value"":[false,false,true],""score"":33.33333333333333},""T2_ema50_slope"":{""value"":-0.34506907101460954,""score"":0},""T3_high_proximity"":{""value"":0.6102112676056338,""score"":0},""T4_rs_1m"":{""value"":-0.156692745610587,""score"":0},""T5_rs_3m"":{""value"":-0.12473323161484662,""score"":0},""T6_adr_healthy"":{""value"":5.77751730514889,""score"":100.0},""_score"":13.33},""geometry"":{""sub_pole_impulse"":51.3,""sub_flag_tightness"":50.0,""sub_flag_shallowness"":11.7,""sub_flag_drift"":86.8,""sub_flag_duration"":100.0,""_score"":53.25},""compression"":{""VC1_atr_ratio"":{""value"":0.45669276008303955,""score"":100},""VC2_range_contraction"":{""value"":0.828951058028662,""score"":28.508156995223004},""VC3_range_pct_rank"":{""score"":63.33333333333333},""_score"":65.81},""sr_quality"":{""SR1_touches"":{""value"":4,""score"":75.0},""SR2_tightness"":{""value"":0.1657369904396723,""score"":46.22545444493703},""SR3_recency"":{""value"":297,""score"":0.0},""SR4_price_location"":{""score"":12.121212121212158},""SR5_reaction"":{""value"":2.575378340170108,""score"":100},""_score"":47.46,""_levels_found"":8,""_target_level"":9.1725},""volume"":{""V1_rvol_day"":{""value"":0.48415550322356943,""score"":0},""V2_rvol_sameslot"":{""value"":1.009643245584008,""score"":33.9762163722672,""status"":""ok""},""V3_breakout_bar"":{""value"":0.442481058365282,""score"":0},""V4_base_dryup"":{""value"":1.0345648208532905,""score"":46.54351791467095},""V5_bo_expansion"":{""value"":0.4841555032235695,""score"":0},""_score"":16.1},""readiness"":{""_distance_atr"":1.265,""BR1_atr_distance"":{""score"":15.6411504322231},""BR2_compression"":{""score"":0},""BR3_retest"":{""score"":50.0},""BR4_bo_age"":{""score"":50.0},""_score"":23.76},""risk"":{""R1_stop_clarity"":{""score"":58.43704373218387},""R2_stop_distance_pct"":{""value"":2.920946335833813,""score"":100.0},""R3_stop_distance_atr"":{""value"":0.4106004774154672,""score"":45.53002387077336},""R4_rr_potential"":{""value"":9.73923350454367,""score"":100.0},""_score"":77.28},""market"":{""M1_spy_regime"":{""score"":100.0},""M3_earnings_risk"":{""value"":null,""score"":80.0},""M4_vix"":{""value"":null,""score"":60.0},""_score"":84.0},""liquidity"":{""L1_price"":{""value"":8.665,""score"":99.3325},""L2_dollar_vol"":{""value"":13579595.867159728,""score"":56.64434227014712},""L3_spread_proxy"":{""value"":0.04847085978072706,""score"":51.52914021927294},""L4_volume_zscore"":{""value"":-1.0044056896379239,""score"":100.0},""_score"":77.64},""pattern_structure"":{""pole_low"":7.76,""pole_low_idx"":32,""peak_price"":9.445,""peak_idx"":51,""pole_gain"":0.21713917525773202,""flag_bars"":8,""flag_low"":8.54,""flag_high"":9.155,""structural_low"":8.54,""current_price"":8.645,""neckline_distance_pct"":0.09253903990746104,""base_bars"":8},""pattern_geometry_features"":{""pole_gain"":0.21713917525773202,""pullback_pct"":0.09581789306511393,""flag_range_pct"":0.06511381683430388,""flag_drift_per_bar"":-0.002649893965683396,""atr_pct"":0.07113840573736709,""pole_atr_multiple"":3.0523480672223537},""_schema_version"":""1.0""}",,,,,,,,,,
20260508T181321Z-e7d442,2026-05-08T18:13:21.400575+00:00,ICE,double_bottom,absent,44.69,21.8,41.4,50.4,61.0,24.6,22.3,59.5,84.0,97.9,3.27,10.35,4.03,8.54,3.2,1.78,3.57,5.04,4.9,True,risk_unclear,156.175,161.3374,151.2861,169.0848,"{""trend"":{""T1_ema_stack"":{""value"":[false,false,false],""score"":0.0},""T2_ema50_slope"":{""value"":-0.0688567806027563,""score"":38.523869899540614},""T3_high_proximity"":{""value"":0.9214951616709938,""score"":60.74758083549686},""T4_rs_1m"":{""value"":-0.12020116886659205,""score"":0},""T5_rs_3m"":{""value"":-0.1434934932833697,""score"":0},""T6_adr_healthy"":{""value"":2.375127865433975,""score"":100.0},""_score"":21.82},""geometry"":{""sub_low_similarity"":68.2,""sub_bounce_quality"":29.2,""sub_separation_fit"":0.0,""sub_right_bottom_reaction"":60.7,""sub_base_context"":30.0,""_score"":41.41},""compression"":{""VC1_atr_ratio"":{""value"":0.3888229286275423,""score"":100},""VC2_range_contraction"":{""value"":1.173448625017927,""score"":0},""VC3_range_pct_rank"":{""score"":41.666666666666664},""_score"":50.42},""sr_quality"":{""SR1_touches"":{""value"":5,""score"":100},""SR2_tightness"":{""value"":0.6331753311682338,""score"":67.62806822313982},""SR3_recency"":{""value"":243,""score"":0.0},""SR4_price_location"":{""score"":23.362866900955833},""SR5_reaction"":{""value"":2.0909391359284824,""score"":100},""_score"":60.98,""_levels_found"":7,""_target_level"":158.7555},""volume"":{""V1_rvol_day"":{""value"":0.3614409326421695,""score"":0},""V2_rvol_sameslot"":{""value"":1.0579211361576488,""score"":37.194742410509924,""status"":""ok""},""V3_breakout_bar"":{""value"":0.7397656317348111,""score"":15.984375448987409},""V4_base_dryup"":{""value"":0.841068736078406,""score"":65.89312639215939},""V5_bo_expansion"":{""value"":0.3614409326421695,""score"":0},""_score"":24.61},""readiness"":{""_distance_atr"":1.32,""BR1_atr_distance"":{""score"":12.021809032196813},""BR2_compression"":{""score"":0},""BR3_retest"":{""score"":50.0},""BR4_bo_age"":{""score"":50.0},""_score"":22.31},""risk"":{""R1_stop_clarity"":{""score"":0},""R2_stop_distance_pct"":{""value"":3.130366575956471,""score"":100.0},""R3_stop_distance_atr"":{""value"":1.249744824828414,""score"":87.4872412414207},""R4_rr_potential"":{""value"":2.6406619143561243,""score"":82.03309571780622},""_score"":59.53},""market"":{""M1_spy_regime"":{""score"":100.0},""M3_earnings_risk"":{""value"":null,""score"":80.0},""M4_vix"":{""value"":null,""score"":60.0},""_score"":84.0},""liquidity"":{""L1_price"":{""value"":156.175,""score"":100.0},""L2_dollar_vol"":{""value"":174870397.9588665,""score"":100.0},""L3_spread_proxy"":{""value"":0.020938050264126845,""score"":79.06194973587316},""L4_volume_zscore"":{""value"":-1.8234663733322225,""score"":100.0},""_score"":97.91},""pattern_structure"":{""left_low"":156.05,""left_idx"":28,""right_low"":153.59,""right_idx"":76,""separation_bars"":48,""structural_low"":153.59,""current_price"":155.725,""neckline_distance_pct"":0.036040455931931344,""base_bars"":48},""pattern_geometry_features"":{""low_similarity_pct"":0.01588941997157995,""bounce_pct"":0.050442086073312055,""right_bottom_reaction"":0.6067796610169488,""atr_pct"":0.025048045919184025},""_schema_version"":""1.0""}",,,,,,,,,,
20260508T181321Z-e7d442,2026-05-08T18:13:21.400575+00:00,WAY,double_bottom,forming,44.48,8.6,71.1,53.4,29.2,14.2,17.5,79.1,84.0,80.3,1.3,17.77,4.27,4.09,1.85,1.4,4.74,5.04,4.02,False,,21.15,23.775,20.0448,27.2,"{""trend"":{""T1_ema_stack"":{""value"":[false,false,false],""score"":0.0},""T2_ema50_slope"":{""value"":-0.19072171463444834,""score"":18.213047560925276},""T3_high_proximity"":{""value"":0.785369476420349,""score"":0},""T4_rs_1m"":{""value"":-0.11468428633557504,""score"":0},""T5_rs_3m"":{""value"":-0.19723554894850248,""score"":0},""T6_adr_healthy"":{""value"":5.158676763578489,""score"":100.0},""_score"":8.64},""geometry"":{""sub_low_similarity"":77.5,""sub_bounce_quality"":100,""sub_separation_fit"":60.0,""sub_right_bottom_reaction"":85.5,""sub_base_context"":30.0,""_score"":71.08},""compression"":{""VC1_atr_ratio"":{""value"":0.6387765878436066,""score"":90.30585303909835},""VC2_range_contraction"":{""value"":1.0726099756673275,""score"":0},""VC3_range_pct_rank"":{""score"":69.16666666666667},""_score"":53.41},""sr_quality"":{""SR1_touches"":{""value"":2,""score"":25.0},""SR2_tightness"":{""value"":0.1899999999999995,""score"":71.87209203959061},""SR3_recency"":{""value"":250,""score"":0.0},""SR4_price_location"":{""score"":5.853051058530496},""SR5_reaction"":{""value"":1.2657558582184243,""score"":63.28779291092121},""_score"":29.24,""_levels_found"":6,""_target_level"":23.04},""volume"":{""V1_rvol_day"":{""value"":0.24661688706989154,""score"":0},""V2_rvol_sameslot"":{""value"":0.6423510365208439,""score"":9.490069101389594,""status"":""ok""},""V3_breakout_bar"":{""value"":0.5009696097900247,""score"":0.06464065266831298},""V4_base_dryup"":{""value"":0.8857197084023218,""score"":61.42802915976782},""V5_bo_expansion"":{""value"":0.24661688706989154,""score"":0},""_score"":14.2},""readiness"":{""_distance_atr"":1.943,""BR1_atr_distance"":{""score"":0},""BR2_compression"":{""score"":0},""BR3_retest"":{""score"":50.0},""BR4_bo_age"":{""score"":50.0},""_score"":17.5},""risk"":{""R1_stop_clarity"":{""score"":54.810295237289424},""R2_stop_distance_pct"":{""value"":5.2257683215129935,""score"":100.0},""R3_stop_distance_atr"":{""value"":0.8181150071905917,""score"":65.90575035952959},""R4_rr_potential"":{""value"":5.4738746889844,""score"":100.0},""_score"":79.07},""market"":{""M1_spy_regime"":{""score"":100.0},""M3_earnings_risk"":{""value"":null,""score"":80.0},""M4_vix"":{""value"":null,""score"":60.0},""_score"":84.0},""liquidity"":{""L1_price"":{""value"":21.15,""score"":100.0},""L2_dollar_vol"":{""value"":14997663.216805948,""score"":58.8011798491026},""L3_spread_proxy"":{""value"":0.031678486997636014,""score"":68.32151300236399},""L4_volume_zscore"":{""value"":-1.3980403239692119,""score"":100.0},""_score"":80.35},""pattern_structure"":{""left_low"":20.35,""left_idx"":40,""right_low"":20.58,""right_idx"":76,""separation_bars"":36,""structural_low"":20.35,""current_price"":21.05,""neckline_distance_pct"":0.12945368171021368,""base_bars"":36},""pattern_geometry_features"":{""low_similarity_pct"":0.01123870021988746,""bounce_pct"":0.16830466830466814,""right_bottom_reaction"":0.8545454545454578,""atr_pct"":0.06387571766295169},""_schema_version"":""1.0""}",,,,,,,,,,
20260508T181321Z-e7d442,2026-05-08T18:13:21.400575+00:00,TRMB,vcp,invalidated,44.44,18.6,48.4,45.2,55.8,43.4,19.8,12.5,84.0,94.9,2.79,12.1,5.43,6.69,5.64,1.39,0.62,5.04,4.74,True,risk_unclear,60.3431,70.8,64.8524,76.88,"{""trend"":{""T1_ema_stack"":{""value"":[false,false,false],""score"":0.0},""T2_ema50_slope"":{""value"":-0.019633486428516485,""score"":46.72775226191392},""T3_high_proximity"":{""value"":0.8564164064717571,""score"":28.208203235878525},""T4_rs_1m"":{""value"":-0.16202764637042766,""score"":0},""T5_rs_3m"":{""value"":-0.1553897439598403,""score"":0},""T6_adr_healthy"":{""value"":2.934657717884266,""score"":100.0},""_score"":18.58},""geometry"":{""sub_contraction_count"":100.0,""sub_reduction_rate"":14.1,""sub_pivot_tightness"":42.7,""sub_volume_dryup"":0,""sub_base_depth"":34.5,""sub_base_duration"":100.0,""_score"":48.38},""compression"":{""VC1_atr_ratio"":{""value"":0.5905046308046947,""score"":100},""VC2_range_contraction"":{""value"":1.2638739575962015,""score"":0},""VC3_range_pct_rank"":{""score"":20.833333333333336},""_score"":45.21},""sr_quality"":{""SR1_touches"":{""value"":4,""score"":75.0},""SR2_tightness"":{""value"":0.6056556364800022,""score"":43.052819522953854},""SR3_recency"":{""value"":246,""score"":0.0},""SR4_price_location"":{""score"":47.26005822875764},""SR5_reaction"":{""value"":2.163178202161919,""score"":100},""_score"":55.77,""_levels_found"":6,""_target_level"":64.0825},""volume"":{""V1_rvol_day"":{""value"":0.7676871340061392,""score"":17.845808933742614},""V2_rvol_sameslot"":{""value"":3.11825132133467,""score"":100,""status"":""ok""},""V3_breakout_bar"":{""value"":1.0719007201343318,""score"":38.12671467562212},""V4_base_dryup"":{""value"":0.9840046221839435,""score"":51.599537781605655},""V5_bo_expansion"":{""value"":0.7676871340061393,""score"":0},""_score"":43.42},""readiness"":{""_distance_atr"":4.916,""BR1_atr_distance"":{""score"":0},""BR2_compression"":{""score"":9.145694279342253},""BR3_retest"":{""score"":50.0},""BR4_bo_age"":{""score"":50.0},""_score"":19.79},""risk"":{""R1_stop_clarity"":{""score"":7.140242653404599},""R2_stop_distance_pct"":{""value"":-7.472768220393057,""score"":0.0},""R3_stop_distance_atr"":{""value"":-2.1199498977470776,""score"":0.0},""R4_rr_potential"":{""value"":null,""score"":50.0},""_score"":12.5},""market"":{""M1_spy_regime"":{""score"":100.0},""M3_earnings_risk"":{""value"":null,""score"":80.0},""M4_vix"":{""value"":null,""score"":60.0},""_score"":84.0},""liquidity"":{""L1_price"":{""value"":60.3431,""score"":100.0},""L2_dollar_vol"":{""value"":82828714.69216473,""score"":95.90904610885454},""L3_spread_proxy"":{""value"":0.03504957484782854,""score"":64.95042515217146},""L4_volume_zscore"":{""value"":-0.5062058305184401,""score"":100.0},""_score"":94.86},""pattern_structure"":{""n_contractions"":5,""contractions_pct"":[11.68,6.83,6.08,8.8,7.01],""descending_strict"":false,""final_low"":65.84,""final_pivot"":70.8,""structural_low"":65.84,""dry_up_ratio"":1.3417790146970654,""current_price"":60.3431,""neckline_distance_pct"":0.17329073249468452,""base_bars"":61},""pattern_geometry_features"":{""contraction_count"":5.0,""first_contraction_pct"":0.11679644048943268,""last_contraction_pct"":0.07005649717514116,""dry_up_ratio"":1.3417790146970654,""near_monotone"":0.0,""base_depth_pct"":0.08453837597330364},""_schema_version"":""1.0""}",,,,,,,,,,
20260508T181321Z-e7d442,2026-05-08T18:13:21.400575+00:00,BTU,double_bottom,absent,44.42,13.3,45.7,74.5,49.8,18.1,29.8,67.5,84.0,84.9,2.0,11.42,5.96,6.97,2.35,2.39,4.05,5.04,4.25,False,,23.955,26.79,23.5267,29.695,"{""trend"":{""T1_ema_stack"":{""value"":[false,false,true],""score"":33.33333333333333},""T2_ema50_slope"":{""value"":-0.8292134768643371,""score"":0},""T3_high_proximity"":{""value"":0.6064556962025316,""score"":0},""T4_rs_1m"":{""value"":-0.21993358430625498,""score"":0},""T5_rs_3m"":{""value"":-0.4187705997089053,""score"":0},""T6_adr_healthy"":{""value"":4.003435451157236,""score"":100.0},""_score"":13.33},""geometry"":{""sub_low_similarity"":5.6,""sub_bounce_quality"":100,""sub_separation_fit"":100.0,""sub_right_bottom_reaction"":20.0,""sub_base_context"":30.0,""_score"":45.68},""compression"":{""VC1_atr_ratio"":{""value"":0.25227759459838534,""score"":100},""VC2_range_contraction"":{""value"":0.7755051284744435,""score"":37.41581192092608},""VC3_range_pct_rank"":{""score"":85.83333333333334},""_score"":74.55},""sr_quality"":{""SR1_touches"":{""value"":2,""score"":25.0},""SR2_tightness"":{""value"":0.13000000000000078,""score"":76.68908101184743},""SR3_recency"":{""value"":238,""score"":0.0},""SR4_price_location"":{""score"":63.01633045148895},""SR5_reaction"":{""value"":2.2907460774895947,""score"":100},""_score"":49.76,""_levels_found"":6,""_target_level"":25.33},""volume"":{""V1_rvol_day"":{""value"":0.3422541502571984,""score"":0},""V2_rvol_sameslot"":{""value"":0.7843347341838359,""score"":18.95564894558906,""status"":""ok""},""V3_breakout_bar"":{""value"":0.5794615980873847,""score"":5.2974398724923155},""V4_base_dryup"":{""value"":0.8534473697917493,""score"":64.65526302082507},""V5_bo_expansion"":{""value"":0.3422541502571984,""score"":0},""_score"":18.05},""readiness"":{""_distance_atr"":2.542,""BR1_atr_distance"":{""score"":0},""BR2_compression"":{""score"":49.36159903541647},""BR3_retest"":{""score"":50.0},""BR4_bo_age"":{""score"":50.0},""_score"":29.84},""risk"":{""R1_stop_clarity"":{""score"":35.756003842459336},""R2_stop_distance_pct"":{""value"":1.7878313504487404,""score"":94.69578376121851},""R3_stop_distance_atr"":{""value"":0.38398014729426455,""score"":44.199007364713225},""R4_rr_potential"":{""value"":13.402603467398414,""score"":100.0},""_score"":67.55},""market"":{""M1_spy_regime"":{""score"":100.0},""M3_earnings_risk"":{""value"":null,""score"":80.0},""M4_vix"":{""value"":null,""score"":60.0},""_score"":84.0},""liquidity"":{""L1_price"":{""value"":23.955,""score"":100.0},""L2_dollar_vol"":{""value"":25656089.70895989,""score"":70.4595232737518},""L3_spread_proxy"":{""value"":0.03256105197244839,""score"":67.4389480275516},""L4_volume_zscore"":{""value"":-1.4059908975910334,""score"":100.0},""_score"":84.93},""pattern_structure"":{""left_low"":25.04,""left_idx"":46,""right_low"":23.885,""right_idx"":70,""separation_bars"":24,""structural_low"":23.885,""current_price"":23.89,""neckline_distance_pct"":0.12138970280452066,""base_bars"":24},""pattern_geometry_features"":{""low_similarity_pct"":0.04721512519161973,""bounce_pct"":0.12162445049194044,""right_bottom_reaction"":0.2,""atr_pct"":0.04656051525181143},""_schema_version"":""1.0""}",,,,,,,,,,
20260508T181321Z-e7d442,2026-05-08T18:13:21.400575+00:00,ZS,breakout_retest_hold,breakout_confirmed,44.37,37.0,40.0,63.5,36.4,28.1,42.6,62.3,84.0,95.4,5.18,8.8,3.81,5.09,3.65,7.67,3.11,4.2,2.86,False,,150.825,144.0,143.6589,141.78,"{""trend"":{""T1_ema_stack"":{""value"":[true,false,false],""score"":33.33333333333333},""T2_ema50_slope"":{""value"":-0.4116052406918132,""score"":0},""T3_high_proximity"":{""value"":0.8486664415935178,""score"":24.33322079675887},""T4_rs_1m"":{""value"":0.14952126522060993,""score"":100},""T5_rs_3m"":{""value"":-0.16624334237510907,""score"":0},""T6_adr_healthy"":{""value"":4.293592177476767,""score"":100.0},""_score"":36.98},""geometry"":{""sub_retest_depth"":0.0,""sub_retest_timing"":100.0,""sub_retest_freshness"":100.0,""sub_hold_quality"":0.0,""_score"":40.0},""compression"":{""VC1_atr_ratio"":{""value"":0.539194982526846,""score"":100},""VC2_range_contraction"":{""value"":0.7469956611314444,""score"":42.16738981142593},""VC3_range_pct_rank"":{""score"":35.0},""_score"":63.51},""sr_quality"":{""SR1_touches"":{""value"":2,""score"":25.0},""SR2_tightness"":{""value"":0.4864999999999924,""score"":86.79782903663519},""SR3_recency"":{""value"":258,""score"":0.0},""SR4_price_location"":{""score"":3.4248005680154403},""SR5_reaction"":{""value"":2.8037313432835864,""score"":100},""_score"":36.38,""_levels_found"":7,""_target_level"":162.3865},""volume"":{""V1_rvol_day"":{""value"":0.7777156421058984,""score"":18.514376140393228},""V2_rvol_sameslot"":{""value"":1.3782973677885744,""score"":58.55315785257162,""status"":""ok""},""V3_breakout_bar"":{""value"":0.6665535744975473,""score"":11.103571633169818},""V4_base_dryup"":{""value"":1.0057875217076078,""score"":49.42124782923922},""V5_bo_expansion"":{""value"":0.7777156421058984,""score"":0},""_score"":28.07},""readiness"":{""_distance_atr"":-0.926,""BR1_atr_distance"":{""score"":41.478968792401645},""BR2_compression"":{""score"":0},""BR3_retest"":{""score"":100},""BR4_bo_age"":{""score"":40},""_score"":42.59},""risk"":{""R1_stop_clarity"":{""score"":60.62143826322936},""R2_stop_distance_pct"":{""value"":4.751268025857764,""score"":100.0},""R3_stop_distance_atr"":{""value"":0.9723337856173648,""score"":73.61668928086824},""R4_rr_potential"":{""value"":-1.2621928245489251,""score"":0.0},""_score"":62.26},""market"":{""M1_spy_regime"":{""score"":100.0},""M3_earnings_risk"":{""value"":null,""score"":80.0},""M4_vix"":{""value"":null,""score"":60.0},""_score"":84.0},""liquidity"":{""L1_price"":{""value"":150.825,""score"":100.0},""L2_dollar_vol"":{""value"":300651239.78550696,""score"":100.0},""L3_spread_proxy"":{""value"":0.045980440908337306,""score"":54.01955909166269},""L4_volume_zscore"":{""value"":-0.8889077193779589,""score"":100.0},""_score"":95.4},""pattern_structure"":{""level"":144.0,""level_idx"":58,""breakout_idx"":70,""bo_peak_idx"":72,""bo_peak_price"":153.46,""retest_idx"":76,""retest_low"":145.11,""structural_low"":145.11,""current_price"":151.87,""neckline_distance_pct"":-0.051820636070323334,""base_bars"":21,""bars_since_breakout"":9},""pattern_geometry_features"":{""retest_depth_atr"":-0.4481783022867524,""bars_breakout_to_retest"":6.0,""bars_since_retest"":3.0,""current_above_level_atr"":3.1776245396366667,""bo_peak_excess_pct"":0.0656944444444445,""atr_pct"":0.0488645781534891},""_schema_version"":""1.0""}",,,,,,,,,,
20260508T181321Z-e7d442,2026-05-08T18:13:21.400575+00:00,CNR,cup_with_handle,absent,44.32,14.3,49.5,68.3,45.6,19.6,22.1,74.0,84.0,85.9,2.0,14.86,5.47,5.48,2.55,1.77,3.7,4.2,4.29,False,,86.6,92.31,82.2968,108.9232,"{""trend"":{""T1_ema_stack"":{""value"":[false,false,true],""score"":33.33333333333333},""T2_ema50_slope"":{""value"":-0.2720049380296112,""score"":4.665843661731465},""T3_high_proximity"":{""value"":0.7648149783626247,""score"":0},""T4_rs_1m"":{""value"":-0.10289738012991445,""score"":0},""T5_rs_3m"":{""value"":-0.12875075886787535,""score"":0},""T6_adr_healthy"":{""value"":3.8849044928946426,""score"":100.0},""_score"":14.27},""geometry"":{""sub_cup_depth"":100.0,""sub_cup_duration"":0.0,""sub_rim_symmetry"":79.3,""sub_handle_shallowness"":20.9,""sub_handle_proportion"":76.8,""sub_u_shape"":12.2,""_score"":49.55},""compression"":{""VC1_atr_ratio"":{""value"":0.2863215596839296,""score"":100},""VC2_range_contraction"":{""value"":0.8461398627363502,""score"":25.6433562106083},""VC3_range_pct_rank"":{""score"":77.5},""_score"":68.35},""sr_quality"":{""SR1_touches"":{""value"":3,""score"":50.0},""SR2_tightness"":{""value"":0.20005554784165247,""score"":89.34052266495478},""SR3_recency"":{""value"":216,""score"":0.0},""SR4_price_location"":{""score"":13.55421686746993},""SR5_reaction"":{""value"":1.8462416745956232,""score"":92.31208372978116},""_score"":45.64,""_levels_found"":5,""_target_level"":92.0667},""volume"":{""V1_rvol_day"":{""value"":0.3969445097543281,""score"":0},""V2_rvol_sameslot"":{""value"":0.7404923421625429,""score"":16.03282281083619,""status"":""ok""},""V3_breakout_bar"":{""value"":0.522326905597921,""score"":1.4884603731947368},""V4_base_dryup"":{""value"":0.6991685748680746,""score"":80.08314251319254},""V5_bo_expansion"":{""value"":0.39694450975432805,""score"":0},""_score"":19.6},""readiness"":{""_distance_atr"":1.521,""BR1_atr_distance"":{""score"":0},""BR2_compression"":{""score"":18.427936564308876},""BR3_retest"":{""score"":50.0},""BR4_bo_age"":{""score"":50.0},""_score"":22.11},""risk"":{""R1_stop_clarity"":{""score"":33.22359657469106},""R2_stop_distance_pct"":{""value"":4.969110854503454,""score"":100.0},""R3_stop_distance_atr"":{""value"":1.146441484300664,""score"":82.3220742150332},""R4_rr_potential"":{""value"":5.187521059664221,""score"":100.0},""_score"":73.98},""market"":{""M1_spy_regime"":{""score"":100.0},""M3_earnings_risk"":{""value"":null,""score"":80.0},""M4_vix"":{""value"":null,""score"":60.0},""_score"":84.0},""liquidity"":{""L1_price"":{""value"":86.6,""score"":100.0},""L2_dollar_vol"":{""value"":28304168.025509197,""score"":72.59251968644884},""L3_spread_proxy"":{""value"":0.03163972286374128,""score"":68.36027713625872},""L4_volume_zscore"":{""value"":-2.054598213086492,""score"":100.0},""_score"":85.87},""pattern_structure"":{""left_rim"":91.3632,""left_rim_idx"":58,""cup_bottom"":74.75,""cup_bottom_idx"":65,""right_rim"":92.31,""right_rim_idx"":173,""handle_low"":83.55,""handle_bars"":6,""cup_bars"":115,""structural_low"":83.55,""current_price"":86.6,""neckline_distance_pct"":0.06593533487297931,""base_bars"":121},""pattern_geometry_features"":{""cup_depth_pct"":0.18183688837518833,""rim_symmetry_pct"":0.010363034569717305,""handle_depth_pct"":0.09489762755931107,""handle_to_cup_ratio"":0.05217391304347826,""cup_duration_bars"":115.0,""atr_pct"":0.043343780930385996,""u_shape_score"":0.06086956521739131},""_schema_version"":""1.0""}",,,,,,,,,,
20260508T181321Z-e7d442,2026-05-08T18:13:21.400575+00:00,IE,vcp,absent,44.27,37.5,37.5,47.2,53.7,31.3,17.5,55.8,84.0,81.0,5.63,9.37,5.66,6.44,4.07,1.23,2.79,5.04,4.05,False,,13.73,15.665,11.9776,25.055,"{""trend"":{""T1_ema_stack"":{""value"":[true,false,true],""score"":66.66666666666666},""T2_ema50_slope"":{""value"":-0.01881467381136828,""score"":46.86422103143862},""T3_high_proximity"":{""value"":0.7636262513904338,""score"":0},""T4_rs_1m"":{""value"":-0.017600871508006044,""score"":32.399128491993956},""T5_rs_3m"":{""value"":-0.26795536602824954,""score"":0},""T6_adr_healthy"":{""value"":5.674158545342399,""score"":100.0},""_score"":37.52},""geometry"":{""sub_contraction_count"":100.0,""sub_reduction_rate"":0,""sub_pivot_tightness"":0,""sub_volume_dryup"":16.4,""sub_base_depth"":0.0,""sub_base_duration"":100.0,""_score"":37.46},""compression"":{""VC1_atr_ratio"":{""value"":0.5540645260757723,""score"":100},""VC2_range_contraction"":{""value"":0.9874878767168902,""score"":2.0853538805183},""VC3_range_pct_rank"":{""score"":25.83333333333333},""_score"":47.19},""sr_quality"":{""SR1_touches"":{""value"":3,""score"":50.0},""SR2_tightness"":{""value"":0.06903623847098113,""score"":84.59749261205202},""SR3_recency"":{""value"":237,""score"":0.0},""SR4_price_location"":{""score"":43.86759241150013},""SR5_reaction"":{""value"":2.634491367861886,""score"":100},""_score"":53.66,""_levels_found"":6,""_target_level"":15.6434},""volume"":{""V1_rvol_day"":{""value"":1.064680510211892,""score"":37.64536734745946},""V2_rvol_sameslot"":{""value"":0.9925090041883008,""score"":32.83393361255339,""status"":""ok""},""V3_breakout_bar"":{""value"":0.5906528417539784,""score"":6.043522783598557},""V4_base_dryup"":{""value"":0.7482268679516135,""score"":75.17731320483864},""V5_bo_expansion"":{""value"":1.064680510211892,""score"":4.312034014126128},""_score"":31.29},""readiness"":{""_distance_atr"":2.159,""BR1_atr_distance"":{""score"":0},""BR2_compression"":{""score"":0},""BR3_retest"":{""score"":50.0},""BR4_bo_age"":{""score"":50.0},""_score"":17.5},""risk"":{""R1_stop_clarity"":{""score"":59.30517928286865},""R2_stop_distance_pct"":{""value"":12.763292061179895,""score"":0.0},""R3_stop_distance_atr"":{""value"":1.9548685258964142,""score"":100.0},""R4_rr_potential"":{""value"":6.462565624286693,""score"":100.0},""_score"":55.76},""market"":{""M1_spy_regime"":{""score"":100.0},""M3_earnings_risk"":{""value"":null,""score"":80.0},""M4_vix"":{""value"":null,""score"":60.0},""_score"":84.0},""liquidity"":{""L1_price"":{""value"":13.73,""score"":100.0},""L2_dollar_vol"":{""value"":28030410.13719914,""score"":72.38147261726739},""L3_spread_proxy"":{""value"":0.07938820101966496,""score"":20.61179898033504},""L4_volume_zscore"":{""value"":0.23173125199890143,""score"":100.0},""_score"":81.01},""pattern_structure"":{""n_contractions"":5,""contractions_pct"":[23.16,20.16,22.96,28.5,22.37],""descending_strict"":false,""final_low"":12.16,""final_pivot"":15.665,""structural_low"":12.16,""dry_up_ratio"":0.9181011436991442,""current_price"":13.73,""neckline_distance_pct"":0.1409322651128914,""base_bars"":62},""pattern_geometry_features"":{""contraction_count"":5.0,""first_contraction_pct"":0.23155452436194904,""last_contraction_pct"":0.22374720714969673,""dry_up_ratio"":0.9181011436991442,""near_monotone"":0.0,""base_depth_pct"":0.4357308584686775},""_schema_version"":""1.0""}",,,,,,,,,,
20260508T181321Z-e7d442,2026-05-08T18:13:21.400575+00:00,PEGA,vcp,forming,44.23,5.0,52.1,66.5,48.2,14.8,21.9,79.1,84.0,85.0,0.75,13.02,7.98,5.78,1.92,1.53,3.95,5.04,4.25,False,,35.67,44.91,33.82,56.535,"{""trend"":{""T1_ema_stack"":{""value"":[false,false,false],""score"":0.0},""T2_ema50_slope"":{""value"":-0.5443646955456444,""score"":0},""T3_high_proximity"":{""value"":0.7541226215644821,""score"":0},""T4_rs_1m"":{""value"":-0.18976530100877864,""score"":0},""T5_rs_3m"":{""value"":-0.1785231675741069,""score"":0},""T6_adr_healthy"":{""value"":5.302867467209714,""score"":100.0},""_score"":5.0},""geometry"":{""sub_contraction_count"":100.0,""sub_reduction_rate"":0,""sub_pivot_tightness"":0,""sub_volume_dryup"":47.3,""sub_base_depth"":100.0,""sub_base_duration"":100.0,""_score"":52.09},""compression"":{""VC1_atr_ratio"":{""value"":0.2662080760927483,""score"":100},""VC2_range_contraction"":{""value"":0.8641931296958866,""score"":22.634478384018905},""VC3_range_pct_rank"":{""score"":74.16666666666667},""_score"":66.46},""sr_quality"":{""SR1_touches"":{""value"":3,""score"":50.0},""SR2_tightness"":{""value"":0.3626139667592657,""score"":68.39473597117683},""SR3_recency"":{""value"":228,""score"":0.0},""SR4_price_location"":{""score"":31.620648259303707},""SR5_reaction"":{""value"":2.2211154345006485,""score"":100},""_score"":48.16,""_levels_found"":7,""_target_level"":38.0433},""volume"":{""V1_rvol_day"":{""value"":0.2848234523357075,""score"":0},""V2_rvol_sameslot"":{""value"":0.565752605377743,""score"":4.3835070251828645,""status"":""ok""},""V3_breakout_bar"":{""value"":0.6542842059843818,""score"":10.285613732292116},""V4_base_dryup"":{""value"":0.9324845075920195,""score"":56.75154924079805},""V5_bo_expansion"":{""value"":0.28482345233570755,""score"":0},""_score"":14.8},""readiness"":{""_distance_atr"":4.027,""BR1_atr_distance"":{""score"":0},""BR2_compression"":{""score"":17.62871369330064},""BR3_retest"":{""score"":50.0},""BR4_bo_age"":{""score"":50.0},""_score"":21.91},""risk"":{""R1_stop_clarity"":{""score"":55.11066147859909},""R2_stop_distance_pct"":{""value"":5.186501261564346,""score"":100.0},""R3_stop_distance_atr"":{""value"":0.8062365758754875,""score"":65.31182879377437},""R4_rr_potential"":{""value"":11.278225969919308,""score"":100.0},""_score"":79.09},""market"":{""M1_spy_regime"":{""score"":100.0},""M3_earnings_risk"":{""value"":null,""score"":80.0},""M4_vix"":{""value"":null,""score"":60.0},""_score"":84.0},""liquidity"":{""L1_price"":{""value"":35.67,""score"":100.0},""L2_dollar_vol"":{""value"":25757843.30319411,""score"":70.54547484290347},""L3_spread_proxy"":{""value"":0.03266049901878327,""score"":67.33950098121673},""L4_volume_zscore"":{""value"":-1.3768020104390677,""score"":100.0},""_score"":84.95},""pattern_structure"":{""n_contractions"":5,""contractions_pct"":[9.9,15.17,11.67,13.41,23.55],""descending_strict"":false,""final_low"":34.335,""final_pivot"":44.91,""structural_low"":34.335,""dry_up_ratio"":0.7634632688239936,""current_price"":35.67,""neckline_distance_pct"":0.25904121110176603,""base_bars"":43},""pattern_geometry_features"":{""contraction_count"":5.0,""first_contraction_pct"":0.09899912967798094,""last_contraction_pct"":0.23547094188376747,""dry_up_ratio"":0.7634632688239936,""near_monotone"":0.0,""base_depth_pct"":0.2529373368146214},""_schema_version"":""1.0""}",,,,,,,,,,
20260508T181321Z-e7d442,2026-05-08T18:13:21.400575+00:00,HUBS,vcp,invalidated,44.17,5.0,44.3,40.0,64.2,59.1,17.5,33.4,84.0,84.5,0.75,11.07,4.8,7.71,7.68,1.23,1.67,5.04,4.23,False,,192.96,243.62,203.7571,372.05,"{""trend"":{""T1_ema_stack"":{""value"":[false,false,false],""score"":0.0},""T2_ema50_slope"":{""value"":-0.45859685414489954,""score"":0},""T3_high_proximity"":{""value"":0.6506609117885083,""score"":0},""T4_rs_1m"":{""value"":-0.1433382719235181,""score"":0},""T5_rs_3m"":{""value"":-0.23795590642008524,""score"":0},""T6_adr_healthy"":{""value"":5.601954799715073,""score"":100.0},""_score"":5.0},""geometry"":{""sub_contraction_count"":100.0,""sub_reduction_rate"":30.3,""sub_pivot_tightness"":0,""sub_volume_dryup"":0,""sub_base_depth"":17.0,""sub_base_duration"":100.0,""_score"":44.28},""compression"":{""VC1_atr_ratio"":{""value"":0.7105446148072163,""score"":72.36384629819592},""VC2_range_contraction"":{""value"":0.8753364108858611,""score"":20.77726485235648},""VC3_range_pct_rank"":{""score"":15.000000000000002},""_score"":39.97},""sr_quality"":{""SR1_touches"":{""value"":4,""score"":75.0},""SR2_tightness"":{""value"":3.79975883280768,""score"":59.369714264421034},""SR3_recency"":{""value"":229,""score"":0.0},""SR4_price_location"":{""score"":71.36385508120851},""SR5_reaction"":{""value"":2.3587324379336803,""score"":100},""_score"":64.25,""_levels_found"":5,""_target_level"":210.8137},""volume"":{""V1_rvol_day"":{""value"":2.918615293493877,""score"":100},""V2_rvol_sameslot"":{""value"":3.371345214911848,""score"":100,""status"":""ok""},""V3_breakout_bar"":{""value"":0.7420797038115796,""score"":16.138646920771972},""V4_base_dryup"":{""value"":1.4971547144474149,""score"":0.28452855525851817},""V5_bo_expansion"":{""value"":2.9186152934938776,""score"":100},""_score"":59.09},""readiness"":{""_distance_atr"":2.709,""BR1_atr_distance"":{""score"":0},""BR2_compression"":{""score"":0},""BR3_retest"":{""score"":50.0},""BR4_bo_age"":{""score"":50.0},""_score"":17.5},""risk"":{""R1_stop_clarity"":{""score"":66.8211275619899},""R2_stop_distance_pct"":{""value"":-5.595512023217247,""score"":0.0},""R3_stop_distance_atr"":{""value"":-0.5772593438403402,""score"":0.0},""R4_rr_potential"":{""value"":null,""score"":50.0},""_score"":33.39},""market"":{""M1_spy_regime"":{""score"":100.0},""M3_earnings_risk"":{""value"":null,""score"":80.0},""M4_vix"":{""value"":null,""score"":60.0},""_score"":84.0},""liquidity"":{""L1_price"":{""value"":192.96,""score"":100.0},""L2_dollar_vol"":{""value"":915123010.2848612,""score"":100.0},""L3_spread_proxy"":{""value"":0.07991293532338302,""score"":20.087064676616976},""L4_volume_zscore"":{""value"":3.4267189095495385,""score"":70.0},""_score"":84.51},""pattern_structure"":{""n_contractions"":5,""contractions_pct"":[38.2,16.57,14.03,17.7,15.09],""descending_strict"":false,""final_low"":206.86,""final_pivot"":243.62,""structural_low"":206.86,""dry_up_ratio"":1.083227811425983,""current_price"":192.96,""neckline_distance_pct"":0.26254145936981754,""base_bars"":60},""pattern_geometry_features"":{""contraction_count"":5.0,""first_contraction_pct"":0.382027498583316,""last_contraction_pct"":0.1508907314670388,""dry_up_ratio"":1.083227811425983,""near_monotone"":0.0,""base_depth_pct"":0.3830415461242506},""_schema_version"":""1.0""}",,,,,,,,,,
20260508T181321Z-e7d442,2026-05-08T18:13:21.400575+00:00,NOW,breakout_retest_hold,breakout_confirmed,44.11,5.0,30.0,69.1,59.9,13.0,68.5,63.2,84.0,96.9,0.7,6.6,4.14,8.38,1.69,12.33,3.16,4.2,2.91,False,,91.45,89.048,87.3279,90.724,"{""trend"":{""T1_ema_stack"":{""value"":[false,false,false],""score"":0.0},""T2_ema50_slope"":{""value"":-0.5827059031984715,""score"":0},""T3_high_proximity"":{""value"":0.7354833520990831,""score"":0},""T4_rs_1m"":{""value"":-0.06616216558761656,""score"":0},""T5_rs_3m"":{""value"":-0.15982350915409205,""score"":0},""T6_adr_healthy"":{""value"":4.580963130794473,""score"":100.0},""_score"":5.0},""geometry"":{""sub_retest_depth"":100.0,""sub_retest_timing"":0.0,""sub_retest_freshness"":0.0,""sub_hold_quality"":0.0,""_score"":30.0},""compression"":{""VC1_atr_ratio"":{""value"":0.32006467774855646,""score"":100},""VC2_range_contraction"":{""value"":0.7624527448599957,""score"":39.59120919000072},""VC3_range_pct_rank"":{""score"":60.83333333333334},""_score"":69.07},""sr_quality"":{""SR1_touches"":{""value"":4,""score"":75.0},""SR2_tightness"":{""value"":1.3216939887886305,""score"":52.62084483615654},""SR3_recency"":{""value"":227,""score"":0.0},""SR4_price_location"":{""score"":58.796747967479654},""SR5_reaction"":{""value"":1.970705077897452,""score"":98.5352538948726},""_score"":59.87,""_levels_found"":5,""_target_level"":97.785},""volume"":{""V1_rvol_day"":{""value"":0.5850818032667316,""score"":5.672120217782109},""V2_rvol_sameslot"":{""value"":0.688212665755501,""score"":12.547511050366733,""status"":""ok""},""V3_breakout_bar"":{""value"":0.46795818684863794,""score"":0},""V4_base_dryup"":{""value"":1.0330877407283814,""score"":46.69122592716186},""V5_bo_expansion"":{""value"":0.5850818032667316,""score"":0},""_score"":12.98},""readiness"":{""_distance_atr"":-0.431,""BR1_atr_distance"":{""score"":100.0},""BR2_compression"":{""score"":21.94821231941387},""BR3_retest"":{""score"":92.48999156308285},""BR4_bo_age"":{""score"":30.0},""_score"":68.49},""risk"":{""R1_stop_clarity"":{""score"":68.37910051453694},""R2_stop_distance_pct"":{""value"":4.5074904319300195,""score"":100.0},""R3_stop_distance_atr"":{""value"":0.7388306868213822,""score"":61.9415343410691},""R4_rr_potential"":{""value"":-0.17612382038281077,""score"":0.0},""_score"":63.22},""market"":{""M1_spy_regime"":{""score"":100.0},""M3_earnings_risk"":{""value"":null,""score"":80.0},""M4_vix"":{""value"":null,""score"":60.0},""_score"":84.0},""liquidity"":{""L1_price"":{""value"":91.45,""score"":100.0},""L2_dollar_vol"":{""value"":1485114857.3446846,""score"":100.0},""L3_spread_proxy"":{""value"":0.03127392017495899,""score"":68.72607982504101},""L4_volume_zscore"":{""value"":-0.7921024987293895,""score"":100.0},""_score"":96.87},""pattern_structure"":{""level"":89.048,""level_idx"":39,""breakout_idx"":47,""bo_peak_idx"":53,""bo_peak_price"":95.62,""retest_idx"":64,""retest_low"":88.21,""structural_low"":88.21,""current_price"":91.635,""neckline_distance_pct"":-0.028231570906313123,""base_bars"":40,""bars_since_breakout"":32},""pattern_geometry_features"":{""retest_depth_atr"":0.6372623574144554,""bars_breakout_to_retest"":17.0,""bars_since_retest"":15.0,""current_above_level_atr"":1.967300380228141,""bo_peak_excess_pct"":0.07380289282184892,""atr_pct"":0.06100843552292433},""_schema_version"":""1.0""}",,,,,,,,,,
20260508T181321Z-e7d442,2026-05-08T18:13:21.400575+00:00,EXPO,vcp,invalidated,44.06,11.6,53.3,44.2,66.5,37.4,17.5,14.8,84.0,76.9,1.73,13.33,5.3,7.99,4.86,1.23,0.74,5.04,3.85,True,risk_unclear,60.945,69.61,63.7935,81.775,"{""trend"":{""T1_ema_stack"":{""value"":[false,false,false],""score"":0.0},""T2_ema50_slope"":{""value"":-0.10311201044755432,""score"":32.81466492540761},""T3_high_proximity"":{""value"":0.7779550676538166,""score"":0},""T4_rs_1m"":{""value"":-0.17015651168740864,""score"":0},""T5_rs_3m"":{""value"":-0.30378839832626714,""score"":0},""T6_adr_healthy"":{""value"":3.2654063690913784,""score"":100.0},""_score"":11.56},""geometry"":{""sub_contraction_count"":100.0,""sub_reduction_rate"":0,""sub_pivot_tightness"":43.4,""sub_volume_dryup"":12.0,""sub_base_depth"":100.0,""sub_base_duration"":100.0,""_score"":53.31},""compression"":{""VC1_atr_ratio"":{""value"":0.4974133880520833,""score"":100},""VC2_range_contraction"":{""value"":1.1473665799466928,""score"":0},""VC3_range_pct_rank"":{""score"":16.666666666666664},""_score"":44.17},""sr_quality"":{""SR1_touches"":{""value"":5,""score"":100},""SR2_tightness"":{""value"":0.5103469408157553,""score"":54.63179475368876},""SR3_recency"":{""value"":234,""score"":0.0},""SR4_price_location"":{""score"":57.07618454973794},""SR5_reaction"":{""value"":1.8776516134767554,""score"":93.88258067383777},""_score"":66.55,""_levels_found"":4,""_target_level"":64.164},""volume"":{""V1_rvol_day"":{""value"":0.42507165503540084,""score"":0},""V2_rvol_sameslot"":{""value"":0.9955821600223764,""score"":33.03881066815843,""status"":""ok""},""V3_breakout_bar"":{""value"":1.5736419307955603,""score"":71.57612871970402},""V4_base_dryup"":{""value"":0.856454773842418,""score"":64.3545226157582},""V5_bo_expansion"":{""value"":0.42507165503540084,""score"":0},""_score"":37.37},""readiness"":{""_distance_atr"":3.851,""BR1_atr_distance"":{""score"":0},""BR2_compression"":{""score"":0},""BR3_retest"":{""score"":50.0},""BR4_bo_age"":{""score"":50.0},""_score"":17.5},""risk"":{""R1_stop_clarity"":{""score"":13.638990132456414},""R2_stop_distance_pct"":{""value"":-4.673927311510382,""score"":0.0},""R3_stop_distance_atr"":{""value"":-1.2661236554360396,""score"":0.0},""R4_rr_potential"":{""value"":null,""score"":50.0},""_score"":14.77},""market"":{""M1_spy_regime"":{""score"":100.0},""M3_earnings_risk"":{""value"":null,""score"":80.0},""M4_vix"":{""value"":null,""score"":60.0},""_score"":84.0},""liquidity"":{""L1_price"":{""value"":60.945,""score"":100.0},""L2_dollar_vol"":{""value"":11470499.14285461,""score"":52.97911583957449},""L3_spread_proxy"":{""value"":0.04274345721552226,""score"":57.256542784477745},""L4_volume_zscore"":{""value"":-1.4668689317910153,""score"":100.0},""_score"":76.92},""pattern_structure"":{""n_contractions"":5,""contractions_pct"":[10.31,19.95,14.36,8.74,6.96],""descending_strict"":false,""final_low"":64.765,""final_pivot"":69.61,""structural_low"":64.765,""dry_up_ratio"":0.9400583752757556,""current_price"":60.945,""neckline_distance_pct"":0.1421773730412667,""base_bars"":61},""pattern_geometry_features"":{""contraction_count"":5.0,""first_contraction_pct"":0.10308072273495393,""last_contraction_pct"":0.06960206866829477,""dry_up_ratio"":0.9400583752757556,""near_monotone"":0.0,""base_depth_pct"":0.15813076823085928},""_schema_version"":""1.0""}",,,,,,,,,,
20260508T181321Z-e7d442,2026-05-08T18:13:21.400575+00:00,SAIL,ascending_triangle,absent,44.02,14.8,39.6,75.2,54.1,11.0,46.4,76.8,84.0,79.2,2.23,11.09,6.01,7.58,1.32,3.71,3.07,5.04,3.96,False,,11.985,12.73,11.2093,14.08,"{""trend"":{""T1_ema_stack"":{""value"":[false,false,false],""score"":0.0},""T2_ema50_slope"":{""value"":-0.5411444156317399,""score"":0},""T3_high_proximity"":{""value"":0.7448725916718458,""score"":0},""T4_rs_1m"":{""value"":-0.0007882186194039242,""score"":49.21178138059608},""T5_rs_3m"":{""value"":-0.2528540498423263,""score"":0},""T6_adr_healthy"":{""value"":5.745167473428172,""score"":100.0},""_score"":14.84},""geometry"":{""sub_flat_top_quality"":33.3,""sub_hl_slope"":38.0,""sub_compression"":12.9,""sub_duration"":100.0,""_score"":39.62},""compression"":{""VC1_atr_ratio"":{""value"":0.3520613635465999,""score"":100},""VC2_range_contraction"":{""value"":0.8045236379028374,""score"":32.57939368286043},""VC3_range_pct_rank"":{""score"":95.0},""_score"":75.15},""sr_quality"":{""SR1_touches"":{""value"":3,""score"":50.0},""SR2_tightness"":{""value"":0.04642796092394688,""score"":86.4534314339699},""SR3_recency"":{""value"":194,""score"":0.0},""SR4_price_location"":{""score"":44.63470319634703},""SR5_reaction"":{""value"":2.319619857446543,""score"":100},""_score"":54.13,""_levels_found"":5,""_target_level"":12.7933},""volume"":{""V1_rvol_day"":{""value"":0.3921288745919745,""score"":0},""V2_rvol_sameslot"":{""value"":0.7799481353725742,""score"":18.66320902483828,""status"":""ok""},""V3_breakout_bar"":{""value"":0.4198652821030814,""score"":0},""V4_base_dryup"":{""value"":1.1354655424257936,""score"":36.453445757420646},""V5_bo_expansion"":{""value"":0.39212887459197443,""score"":0},""_score"":11.02},""readiness"":{""_distance_atr"":1.087,""BR1_atr_distance"":{""score"":27.542272796743106},""BR2_compression"":{""score"":71.36366210694479},""BR3_retest"":{""score"":50.0},""BR4_bo_age"":{""score"":50.0},""_score"":46.36},""risk"":{""R1_stop_clarity"":{""score"":50.193822683506276},""R2_stop_distance_pct"":{""value"":6.472256987901533,""score"":100.0},""R3_stop_distance_atr"":{""value"":1.1316535367429437,""score"":81.58267683714719},""R4_rr_potential"":{""value"":2.7007863864896278,""score"":85.03931932448138},""_score"":76.81},""market"":{""M1_spy_regime"":{""score"":100.0},""M3_earnings_risk"":{""value"":null,""score"":80.0},""M4_vix"":{""value"":null,""score"":60.0},""_score"":84.0},""liquidity"":{""L1_price"":{""value"":11.985,""score"":100.0},""L2_dollar_vol"":{""value"":12122030.642099025,""score"":54.17876887430219},""L3_spread_proxy"":{""value"":0.02419691280767634,""score"":75.80308719232366},""L4_volume_zscore"":{""value"":-1.826772689050915,""score"":100.0},""_score"":79.25},""pattern_structure"":{""top"":12.73,""top_touches"":2,""low_slope_per_bar"":0.01295759609517989,""lowest_low"":11.38,""structural_low"":11.38,""current_price"":12.04,""neckline_distance_pct"":0.057308970099667886,""base_bars"":42},""pattern_geometry_features"":{""top_touches"":2.0,""low_slope"":0.01295759609517989,""compression"":0.06472754393324887,""atr_pct"":0.057192919721079906},""_schema_version"":""1.0""}",,,,,,,,,,
20260508T181321Z-e7d442,2026-05-08T18:13:21.400575+00:00,MMYT,double_bottom,breakout_failed,43.92,39.3,47.1,70.2,31.4,13.1,17.5,72.4,84.0,74.8,5.9,11.79,5.61,4.4,1.7,1.4,4.35,5.04,3.74,True,risk_unclear,48.2,51.09,45.8123,55.67,"{""trend"":{""T1_ema_stack"":{""value"":[true,false,false],""score"":33.33333333333333},""T2_ema50_slope"":{""value"":-0.12022364994244636,""score"":29.962725009592273},""T3_high_proximity"":{""value"":0.7731793391081168,""score"":0},""T4_rs_1m"":{""value"":0.07450949735158119,""score"":100},""T5_rs_3m"":{""value"":-0.223472819494004,""score"":0},""T6_adr_healthy"":{""value"":3.995104640255421,""score"":100.0},""_score"":39.33},""geometry"":{""sub_low_similarity"":62.1,""sub_bounce_quality"":97.8,""sub_separation_fit"":0.0,""sub_right_bottom_reaction"":19.7,""sub_base_context"":30.0,""_score"":47.14},""compression"":{""VC1_atr_ratio"":{""value"":0.4112111315488549,""score"":100},""VC2_range_contraction"":{""value"":0.568700634835671,""score"":71.88322752738817},""VC3_range_pct_rank"":{""score"":19.999999999999996},""_score"":70.16},""sr_quality"":{""SR1_touches"":{""value"":2,""score"":25.0},""SR2_tightness"":{""value"":0.4549999999999983,""score"":51.97889182058065},""SR3_recency"":{""value"":276,""score"":0.0},""SR4_price_location"":{""score"":4.553571428571472},""SR5_reaction"":{""value"":3.8509234828496037,""score"":100},""_score"":31.44,""_levels_found"":4,""_target_level"":53.545},""volume"":{""V1_rvol_day"":{""value"":0.20806436169336426,""score"":0},""V2_rvol_sameslot"":{""value"":0.37725290396602623,""score"":0,""status"":""ok""},""V3_breakout_bar"":{""value"":0.48517110248375683,""score"":0},""V4_base_dryup"":{""value"":0.8473261097126679,""score"":65.26738902873322},""V5_bo_expansion"":{""value"":0.20806436169336426,""score"":0},""_score"":13.05},""readiness"":{""_distance_atr"":1.525,""BR1_atr_distance"":{""score"":0},""BR2_compression"":{""score"":0},""BR3_retest"":{""score"":50.0},""BR4_bo_age"":{""score"":50.0},""_score"":17.5},""risk"":{""R1_stop_clarity"":{""score"":26.369393139841364},""R2_stop_distance_pct"":{""value"":4.953630705394207,""score"":100.0},""R3_stop_distance_atr"":{""value"":1.2599736147757297,""score"":87.99868073878649},""R4_rr_potential"":{""value"":3.1285992503088735,""score"":100.0},""_score"":72.43},""market"":{""M1_spy_regime"":{""score"":100.0},""M3_earnings_risk"":{""value"":null,""score"":80.0},""M4_vix"":{""value"":null,""score"":60.0},""_score"":84.0},""liquidity"":{""L1_price"":{""value"":48.2,""score"":100.0},""L2_dollar_vol"":{""value"":11471772.377081601,""score"":52.98152605688466},""L3_spread_proxy"":{""value"":0.06410788381742745,""score"":35.89211618257255},""L4_volume_zscore"":{""value"":-1.61644539437274,""score"":100.0},""_score"":74.78},""pattern_structure"":{""left_low"":46.51,""left_idx"":29,""right_low"":47.4,""right_idx"":76,""separation_bars"":47,""structural_low"":46.51,""current_price"":48.215,""neckline_distance_pct"":0.05962874624079643,""base_bars"":47},""pattern_geometry_features"":{""low_similarity_pct"":0.018954317964008104,""bounce_pct"":0.09847344657063009,""right_bottom_reaction"":0.19741100323624555,""atr_pct"":0.039315352697095435},""_schema_version"":""1.0""}",,,,,,,,,,
20260508T181321Z-e7d442,2026-05-08T18:13:21.400575+00:00,VNET,double_bottom,absent,43.9,26.8,37.5,50.6,57.1,15.5,47.6,59.1,84.0,80.7,4.02,9.38,4.05,8.0,2.02,3.81,3.54,5.04,4.03,False,,8.905,9.065,8.5547,9.445,"{""trend"":{""T1_ema_stack"":{""value"":[true,false,true],""score"":66.66666666666666},""T2_ema50_slope"":{""value"":-0.26959759940282635,""score"":5.067066766195602},""T3_high_proximity"":{""value"":0.6347113328581611,""score"":0},""T4_rs_1m"":{""value"":-0.02932815160021507,""score"":20.67184839978493},""T5_rs_3m"":{""value"":-0.272516633604587,""score"":0},""T6_adr_healthy"":{""value"":4.482009510352373,""score"":100.0},""_score"":26.81},""geometry"":{""sub_low_similarity"":73.7,""sub_bounce_quality"":19.6,""sub_separation_fit"":0.0,""sub_right_bottom_reaction"":36.7,""sub_base_context"":30.0,""_score"":37.53},""compression"":{""VC1_atr_ratio"":{""value"":0.2695220488926918,""score"":100},""VC2_range_contraction"":{""value"":0.9532642368927712,""score"":7.789293851204803},""VC3_range_pct_rank"":{""score"":31.666666666666664},""_score"":50.64},""sr_quality"":{""SR1_touches"":{""value"":5,""score"":100},""SR2_tightness"":{""value"":0.048332183894377864,""score"":77.5385701403721},""SR3_recency"":{""value"":233,""score"":0.0},""SR4_price_location"":{""score"":2.0508613617718225},""SR5_reaction"":{""value"":3.703249792531122,""score"":100},""_score"":57.14,""_levels_found"":6,""_target_level"":9.303},""volume"":{""V1_rvol_day"":{""value"":0.5133584397187827,""score"":0.8905626479188467},""V2_rvol_sameslot"":{""value"":0.6548646392533338,""score"":10.32430928355559,""status"":""ok""},""V3_breakout_bar"":{""value"":0.3717075799624312,""score"":0},""V4_base_dryup"":{""value"":0.8361262233416185,""score"":66.38737766583816},""V5_bo_expansion"":{""value"":0.5133584397187826,""score"":0},""_score"":15.52},""readiness"":{""_distance_atr"":0.372,""BR1_atr_distance"":{""score"":75.21438450899028},""BR2_compression"":{""score"":0},""BR3_retest"":{""score"":50.0},""BR4_bo_age"":{""score"":50.0},""_score"":47.59},""risk"":{""R1_stop_clarity"":{""score"":39.45726141078869},""R2_stop_distance_pct"":{""value"":3.9334643458730842,""score"":100.0},""R3_stop_distance_atr"":{""value"":0.8139170124481289,""score"":65.69585062240644},""R4_rr_potential"":{""value"":1.5416458496895356,""score"":27.082292484476778},""_score"":59.08},""market"":{""M1_spy_regime"":{""score"":100.0},""M3_earnings_risk"":{""value"":null,""score"":80.0},""M4_vix"":{""value"":null,""score"":60.0},""_score"":84.0},""liquidity"":{""L1_price"":{""value"":8.905,""score"":99.4525},""L2_dollar_vol"":{""value"":22901683.212835565,""score"":67.993370150143},""L3_spread_proxy"":{""value"":0.06400898371701275,""score"":35.99101628298726},""L4_volume_zscore"":{""value"":-1.1674657678464395,""score"":100.0},""_score"":80.66},""pattern_structure"":{""left_low"":8.8,""left_idx"":24,""right_low"":8.685,""right_idx"":70,""separation_bars"":46,""structural_low"":8.685,""current_price"":8.9,""neckline_distance_pct"":0.018539325842696533,""base_bars"":46},""pattern_geometry_features"":{""low_similarity_pct"":0.013154132113239944,""bounce_pct"":0.04375359815774312,""right_bottom_reaction"":0.3673469387755108,""atr_pct"":0.04832758482393516},""_schema_version"":""1.0""}",,,,,,,,,,
20260508T181321Z-e7d442,2026-05-08T18:13:21.400575+00:00,CNR,vcp,forming,43.9,14.3,50.9,68.3,45.6,6.0,22.1,74.0,84.0,85.9,2.14,12.72,8.2,5.48,0.78,1.55,3.7,5.04,4.29,False,,86.6,92.31,82.2968,104.76,"{""trend"":{""T1_ema_stack"":{""value"":[false,false,true],""score"":33.33333333333333},""T2_ema50_slope"":{""value"":-0.2720049380296112,""score"":4.665843661731465},""T3_high_proximity"":{""value"":0.7648149783626247,""score"":0},""T4_rs_1m"":{""value"":-0.10289738012991445,""score"":0},""T5_rs_3m"":{""value"":-0.12875075886787535,""score"":0},""T6_adr_healthy"":{""value"":3.8849044928946426,""score"":100.0},""_score"":14.27},""geometry"":{""sub_contraction_count"":100.0,""sub_reduction_rate"":0,""sub_pivot_tightness"":7.3,""sub_volume_dryup"":45.4,""sub_base_depth"":79.7,""sub_base_duration"":100.0,""_score"":50.88},""compression"":{""VC1_atr_ratio"":{""value"":0.2863215596839296,""score"":100},""VC2_range_contraction"":{""value"":0.8461398627363502,""score"":25.6433562106083},""VC3_range_pct_rank"":{""score"":77.5},""_score"":68.35},""sr_quality"":{""SR1_touches"":{""value"":3,""score"":50.0},""SR2_tightness"":{""value"":0.20005554784165247,""score"":89.34052266495478},""SR3_recency"":{""value"":216,""score"":0.0},""SR4_price_location"":{""score"":13.55421686746993},""SR5_reaction"":{""value"":1.8462416745956232,""score"":92.31208372978116},""_score"":45.64,""_levels_found"":5,""_target_level"":92.0667},""volume"":{""V1_rvol_day"":{""value"":0.3969445097543281,""score"":0},""V2_rvol_sameslot"":{""value"":0.7404923421625429,""score"":16.03282281083619,""status"":""ok""},""V3_breakout_bar"":{""value"":0.522326905597921,""score"":1.4884603731947368},""V4_base_dryup"":{""value"":1.378537366220406,""score"":12.146263377959414},""V5_bo_expansion"":{""value"":0.39694450975432805,""score"":0},""_score"":6.01},""readiness"":{""_distance_atr"":1.521,""BR1_atr_distance"":{""score"":0},""BR2_compression"":{""score"":18.427936564308876},""BR3_retest"":{""score"":50.0},""BR4_bo_age"":{""score"":50.0},""_score"":22.11},""risk"":{""R1_stop_clarity"":{""score"":33.22359657469106},""R2_stop_distance_pct"":{""value"":4.969110854503454,""score"":100.0},""R3_stop_distance_atr"":{""value"":1.146441484300664,""score"":82.3220742150332},""R4_rr_potential"":{""value"":4.220066229012966,""score"":100.0},""_score"":73.98},""market"":{""M1_spy_regime"":{""score"":100.0},""M3_earnings_risk"":{""value"":null,""score"":80.0},""M4_vix"":{""value"":null,""score"":60.0},""_score"":84.0},""liquidity"":{""L1_price"":{""value"":86.6,""score"":100.0},""L2_dollar_vol"":{""value"":28304168.025509197,""score"":72.59251968644884},""L3_spread_proxy"":{""value"":0.03163972286374128,""score"":68.36027713625872},""L4_volume_zscore"":{""value"":-2.054598213086492,""score"":100.0},""_score"":85.87},""pattern_structure"":{""n_contractions"":5,""contractions_pct"":[11.0,11.02,21.91,7.59,9.49],""descending_strict"":false,""final_low"":83.55,""final_pivot"":92.31,""structural_low"":83.55,""dry_up_ratio"":0.7728881811833068,""current_price"":86.6,""neckline_distance_pct"":0.06593533487297931,""base_bars"":56},""pattern_geometry_features"":{""contraction_count"":5.0,""first_contraction_pct"":0.11000000000000003,""last_contraction_pct"":0.09489762755931107,""dry_up_ratio"":0.7728881811833068,""near_monotone"":0.0,""base_depth_pct"":0.12968750000000004},""_schema_version"":""1.0""}",,,,,,,,,,
20260508T181321Z-e7d442,2026-05-08T18:13:21.400575+00:00,RCAT,inverse_head_shoulders,absent,43.89,13.3,30.8,83.8,62.4,22.3,22.5,78.4,84.0,88.2,1.6,8.62,6.7,8.74,3.12,1.8,4.7,4.2,4.41,False,,10.215,11.28,9.9288,12.48,"{""trend"":{""T1_ema_stack"":{""value"":[false,false,true],""score"":33.33333333333333},""T2_ema50_slope"":{""value"":-0.4368243235625349,""score"":0},""T3_high_proximity"":{""value"":0.6008823529411764,""score"":0},""T4_rs_1m"":{""value"":-0.22817817722361866,""score"":0},""T5_rs_3m"":{""value"":-0.25881732074405095,""score"":0},""T6_adr_healthy"":{""value"":7.01700205133177,""score"":100.0},""_score"":13.33},""geometry"":{""sub_head_depth"":60.5,""sub_shoulder_price_sym"":15.5,""sub_shoulder_time_sym"":60.0,""sub_right_shoulder_reaction"":2.7,""sub_base_context"":30.0,""_score"":30.79},""compression"":{""VC1_atr_ratio"":{""value"":0.22959066349736942,""score"":100},""VC2_range_contraction"":{""value"":0.5742479408273498,""score"":70.95867652877504},""VC3_range_pct_rank"":{""score"":75.83333333333333},""_score"":83.79},""sr_quality"":{""SR1_touches"":{""value"":3,""score"":50.0},""SR2_tightness"":{""value"":0.1143095213298817,""score"":71.84989800143633},""SR3_recency"":{""value"":230,""score"":0.0},""SR4_price_location"":{""score"":86.59003831417623},""SR5_reaction"":{""value"":3.1254763998827335,""score"":100},""_score"":62.42,""_levels_found"":5,""_target_level"":10.74},""volume"":{""V1_rvol_day"":{""value"":0.6107491158419234,""score"":7.383274389461558},""V2_rvol_sameslot"":{""value"":0.7301390492604246,""score"":15.342603284028309,""status"":""ok""},""V3_breakout_bar"":{""value"":0.5541804089712806,""score"":3.6120272647520415},""V4_base_dryup"":{""value"":0.6594851700285402,""score"":84.05148299714598},""V5_bo_expansion"":{""value"":0.6107491158419234,""score"":0},""_score"":22.26},""readiness"":{""_distance_atr"":1.311,""BR1_atr_distance"":{""score"":12.57695690413371},""BR2_compression"":{""score"":0},""BR3_retest"":{""score"":50.0},""BR4_bo_age"":{""score"":50.0},""_score"":22.53},""risk"":{""R1_stop_clarity"":{""score"":62.76517150395794},""R2_stop_distance_pct"":{""value"":2.8017621145374365,""score"":100.0},""R3_stop_distance_atr"":{""value"":0.35240105540897,""score"":42.6200527704485},""R4_rr_potential"":{""value"":7.914046121593311,""score"":100.0},""_score"":78.36},""market"":{""M1_spy_regime"":{""score"":100.0},""M3_earnings_risk"":{""value"":null,""score"":80.0},""M4_vix"":{""value"":null,""score"":60.0},""_score"":84.0},""liquidity"":{""L1_price"":{""value"":10.215,""score"":100.0},""L2_dollar_vol"":{""value"":59626563.63764742,""score"":88.77198905339205},""L3_spread_proxy"":{""value"":0.07293196279980413,""score"":27.068037200195874},""L4_volume_zscore"":{""value"":-1.1051790452200005,""score"":100.0},""_score"":88.22},""pattern_structure"":{""left_shoulder"":10.86,""left_shoulder_idx"":72,""head"":10.08,""head_idx"":82,""right_shoulder"":10.15,""right_shoulder_idx"":90,""left_to_head_bars"":10,""head_to_right_bars"":8,""structural_low"":10.08,""current_price"":10.085,""neckline_distance_pct"":0.11849281110560222,""base_bars"":18},""pattern_geometry_features"":{""head_depth_pct"":0.040456925273679105,""shoulder_price_asymmetry"":0.06758686339838164,""shoulder_time_asymmetry"":0.2,""right_shoulder_reaction"":0.027034333603676134,""atr_pct"":0.07950492972519402},""_schema_version"":""1.0""}",,,,,,,,,,
20260508T181321Z-e7d442,2026-05-08T18:13:21.400575+00:00,EXE,vcp,absent,43.79,10.7,48.4,66.5,50.9,9.4,24.1,63.0,84.0,97.8,1.6,12.11,7.98,6.11,1.23,1.69,3.15,5.04,4.89,True,risk_unclear,96.79,114.81,93.5159,134.06,"{""trend"":{""T1_ema_stack"":{""value"":[false,false,false],""score"":0.0},""T2_ema50_slope"":{""value"":-0.24196883221244617,""score"":9.671861297925638},""T3_high_proximity"":{""value"":0.8496313202247191,""score"":24.815660112359527},""T4_rs_1m"":{""value"":-0.11165911923459548,""score"":0},""T5_rs_3m"":{""value"":-0.19064660066344097,""score"":0},""T6_adr_healthy"":{""value"":2.364790407634672,""score"":100.0},""_score"":10.66},""geometry"":{""sub_contraction_count"":100.0,""sub_reduction_rate"":0,""sub_pivot_tightness"":0,""sub_volume_dryup"":22.8,""sub_base_depth"":100.0,""sub_base_duration"":100.0,""_score"":48.42},""compression"":{""VC1_atr_ratio"":{""value"":0.4711626038957979,""score"":100},""VC2_range_contraction"":{""value"":0.9595095553313484,""score"":6.748407444775266},""VC3_range_pct_rank"":{""score"":96.66666666666667},""_score"":66.53},""sr_quality"":{""SR1_touches"":{""value"":2,""score"":25.0},""SR2_tightness"":{""value"":0.125,""score"":90.557103890743},""SR3_recency"":{""value"":279,""score"":0.0},""SR4_price_location"":{""score"":59.200968523002665},""SR5_reaction"":{""value"":5.095386740555084,""score"":100},""_score"":50.88,""_levels_found"":6,""_target_level"":98.475},""volume"":{""V1_rvol_day"":{""value"":0.3061501694974024,""score"":0},""V2_rvol_sameslot"":{""value"":0.4970806472338502,""score"":0,""status"":""ok""},""V3_breakout_bar"":{""value"":0.45547179525363696,""score"":0},""V4_base_dryup"":{""value"":1.027696476183252,""score"":47.23035238167479},""V5_bo_expansion"":{""value"":0.3061501694974024,""score"":0},""_score"":9.45},""readiness"":{""_distance_atr"":6.806,""BR1_atr_distance"":{""score"":0},""BR2_compression"":{""score"":26.462043318707757},""BR3_retest"":{""score"":50.0},""BR4_bo_age"":{""score"":50.0},""_score"":24.12},""risk"":{""R1_stop_clarity"":{""score"":0},""R2_stop_distance_pct"":{""value"":3.382684161586945,""score"":100.0},""R3_stop_distance_atr"":{""value"":1.2366794460527362,""score"":86.83397230263681},""R4_rr_potential"":{""value"":11.383280901621804,""score"":100.0},""_score"":63.03},""market"":{""M1_spy_regime"":{""score"":100.0},""M3_earnings_risk"":{""value"":null,""score"":80.0},""M4_vix"":{""value"":null,""score"":60.0},""_score"":84.0},""liquidity"":{""L1_price"":{""value"":96.79,""score"":100.0},""L2_dollar_vol"":{""value"":93066914.73318698,""score"":98.43976584146775},""L3_spread_proxy"":{""value"":0.015807418121706798,""score"":84.1925818782932},""L4_volume_zscore"":{""value"":-2.1657681832988844,""score"":100.0},""_score"":97.8},""pattern_structure"":{""n_contractions"":5,""contractions_pct"":[7.43,10.43,6.54,5.8,17.31],""descending_strict"":false,""final_low"":94.94,""final_pivot"":114.81,""structural_low"":94.94,""dry_up_ratio"":0.8858963173702594,""current_price"":96.79,""neckline_distance_pct"":0.1861762578778799,""base_bars"":51},""pattern_geometry_features"":{""contraction_count"":5.0,""first_contraction_pct"":0.07425081005341977,""last_contraction_pct"":0.17306854803588542,""dry_up_ratio"":0.8858963173702594,""near_monotone"":0.0,""base_depth_pct"":0.16857868464839304},""_schema_version"":""1.0""}",,,,,,,,,,
20260508T181321Z-e7d442,2026-05-08T18:13:21.400575+00:00,BTU,vcp,invalidated,43.73,13.3,46.7,74.5,49.8,20.7,29.8,21.3,84.0,84.9,2.0,11.68,8.95,5.97,2.7,2.09,1.06,5.04,4.25,False,,23.955,40.12,24.822,46.72,"{""trend"":{""T1_ema_stack"":{""value"":[false,false,true],""score"":33.33333333333333},""T2_ema50_slope"":{""value"":-0.8292134768643371,""score"":0},""T3_high_proximity"":{""value"":0.6064556962025316,""score"":0},""T4_rs_1m"":{""value"":-0.21993358430625498,""score"":0},""T5_rs_3m"":{""value"":-0.4187705997089053,""score"":0},""T6_adr_healthy"":{""value"":4.003435451157236,""score"":100.0},""_score"":13.33},""geometry"":{""sub_contraction_count"":100.0,""sub_reduction_rate"":0,""sub_pivot_tightness"":0,""sub_volume_dryup"":11.3,""sub_base_depth"":100.0,""sub_base_duration"":100.0,""_score"":46.7},""compression"":{""VC1_atr_ratio"":{""value"":0.25227759459838534,""score"":100},""VC2_range_contraction"":{""value"":0.7755051284744435,""score"":37.41581192092608},""VC3_range_pct_rank"":{""score"":85.83333333333334},""_score"":74.55},""sr_quality"":{""SR1_touches"":{""value"":2,""score"":25.0},""SR2_tightness"":{""value"":0.13000000000000078,""score"":76.68908101184743},""SR3_recency"":{""value"":238,""score"":0.0},""SR4_price_location"":{""score"":63.01633045148895},""SR5_reaction"":{""value"":2.2907460774895947,""score"":100},""_score"":49.76,""_levels_found"":6,""_target_level"":25.33},""volume"":{""V1_rvol_day"":{""value"":0.3422541502571984,""score"":0},""V2_rvol_sameslot"":{""value"":0.7843347341838359,""score"":18.95564894558906,""status"":""ok""},""V3_breakout_bar"":{""value"":0.5794615980873847,""score"":5.2974398724923155},""V4_base_dryup"":{""value"":0.7186587400411973,""score"":78.13412599588027},""V5_bo_expansion"":{""value"":0.3422541502571984,""score"":0},""_score"":20.74},""readiness"":{""_distance_atr"":14.493,""BR1_atr_distance"":{""score"":0},""BR2_compression"":{""score"":49.36159903541647},""BR3_retest"":{""score"":50.0},""BR4_bo_age"":{""score"":50.0},""_score"":29.84},""risk"":{""R1_stop_clarity"":{""score"":32.21902017291063},""R2_stop_distance_pct"":{""value"":-3.6192861615529157,""score"":0.0},""R3_stop_distance_atr"":{""value"":-0.7773294908741604,""score"":0.0},""R4_rr_potential"":{""value"":null,""score"":50.0},""_score"":21.28},""market"":{""M1_spy_regime"":{""score"":100.0},""M3_earnings_risk"":{""value"":null,""score"":80.0},""M4_vix"":{""value"":null,""score"":60.0},""_score"":84.0},""liquidity"":{""L1_price"":{""value"":23.955,""score"":100.0},""L2_dollar_vol"":{""value"":25656089.70895989,""score"":70.4595232737518},""L3_spread_proxy"":{""value"":0.03256105197244839,""score"":67.4389480275516},""L4_volume_zscore"":{""value"":-1.4059908975910334,""score"":100.0},""_score"":84.93},""pattern_structure"":{""n_contractions"":5,""contractions_pct"":[7.48,15.94,12.86,13.03,37.19],""descending_strict"":false,""final_low"":25.2,""final_pivot"":40.12,""structural_low"":25.2,""dry_up_ratio"":0.9432593419361256,""current_price"":23.955,""neckline_distance_pct"":0.6748069296597787,""base_bars"":79},""pattern_geometry_features"":{""contraction_count"":5.0,""first_contraction_pct"":0.07484276729559745,""last_contraction_pct"":0.3718843469591226,""dry_up_ratio"":0.9432593419361256,""near_monotone"":0.0,""base_depth_pct"":0.2075471698113208},""_schema_version"":""1.0""}",,,,,,,,,,
20260508T181321Z-e7d442,2026-05-08T18:13:21.400575+00:00,CNR,double_bottom,forming,43.66,14.3,54.4,68.3,45.6,5.0,22.1,71.8,84.0,85.9,2.14,13.61,5.47,6.39,0.64,1.77,4.31,5.04,4.29,False,,86.6,92.31,83.2424,100.11,"{""trend"":{""T1_ema_stack"":{""value"":[false,false,true],""score"":33.33333333333333},""T2_ema50_slope"":{""value"":-0.2720049380296112,""score"":4.665843661731465},""T3_high_proximity"":{""value"":0.7648149783626247,""score"":0},""T4_rs_1m"":{""value"":-0.10289738012991445,""score"":0},""T5_rs_3m"":{""value"":-0.12875075886787535,""score"":0},""T6_adr_healthy"":{""value"":3.8849044928946426,""score"":100.0},""_score"":14.27},""geometry"":{""sub_low_similarity"":88.0,""sub_bounce_quality"":89.0,""sub_separation_fit"":0.0,""sub_right_bottom_reaction"":28.2,""sub_base_context"":30.0,""_score"":54.43},""compression"":{""VC1_atr_ratio"":{""value"":0.2863215596839296,""score"":100},""VC2_range_contraction"":{""value"":0.8461398627363502,""score"":25.6433562106083},""VC3_range_pct_rank"":{""score"":77.5},""_score"":68.35},""sr_quality"":{""SR1_touches"":{""value"":3,""score"":50.0},""SR2_tightness"":{""value"":0.20005554784165247,""score"":89.34052266495478},""SR3_recency"":{""value"":216,""score"":0.0},""SR4_price_location"":{""score"":13.55421686746993},""SR5_reaction"":{""value"":1.8462416745956232,""score"":92.31208372978116},""_score"":45.64,""_levels_found"":5,""_target_level"":92.0667},""volume"":{""V1_rvol_day"":{""value"":0.3969445097543281,""score"":0},""V2_rvol_sameslot"":{""value"":0.7404923421625429,""score"":16.03282281083619,""status"":""ok""},""V3_breakout_bar"":{""value"":0.522326905597921,""score"":1.4884603731947368},""V4_base_dryup"":{""value"":1.431301804667472,""score"":6.869819533252809},""V5_bo_expansion"":{""value"":0.39694450975432805,""score"":0},""_score"":4.95},""readiness"":{""_distance_atr"":1.521,""BR1_atr_distance"":{""score"":0},""BR2_compression"":{""score"":18.427936564308876},""BR3_retest"":{""score"":50.0},""BR4_bo_age"":{""score"":50.0},""_score"":22.11},""risk"":{""R1_stop_clarity"":{""score"":32.45632730732616},""R2_stop_distance_pct"":{""value"":3.8771939953810537,""score"":100.0},""R3_stop_distance_atr"":{""value"":0.8945214081826814,""score"":69.72607040913408},""R4_rr_potential"":{""value"":4.023647491549159,""score"":100.0},""_score"":71.82},""market"":{""M1_spy_regime"":{""score"":100.0},""M3_earnings_risk"":{""value"":null,""score"":80.0},""M4_vix"":{""value"":null,""score"":60.0},""_score"":84.0},""liquidity"":{""L1_price"":{""value"":86.6,""score"":100.0},""L2_dollar_vol"":{""value"":28304168.025509197,""score"":72.59251968644884},""L3_spread_proxy"":{""value"":0.03163972286374128,""score"":68.36027713625872},""L4_volume_zscore"":{""value"":-2.054598213086492,""score"":100.0},""_score"":85.87},""pattern_structure"":{""left_low"":85.02,""left_idx"":21,""right_low"":84.51,""right_idx"":70,""separation_bars"":49,""structural_low"":84.51,""current_price"":86.6,""neckline_distance_pct"":0.06593533487297931,""base_bars"":49},""pattern_geometry_features"":{""low_similarity_pct"":0.0060166342240310375,""bounce_pct"":0.0922967696130635,""right_bottom_reaction"":0.2823315118397083,""atr_pct"":0.043343780930385996},""_schema_version"":""1.0""}",,,,,,,,,,
20260508T181321Z-e7d442,2026-05-08T18:13:21.400575+00:00,NOW,ascending_triangle,absent,43.57,5.0,40.0,69.1,59.9,12.1,43.1,73.7,84.0,96.9,0.75,11.19,5.53,8.38,1.45,3.44,2.95,5.04,4.84,False,,91.45,95.62,86.8868,103.03,"{""trend"":{""T1_ema_stack"":{""value"":[false,false,false],""score"":0.0},""T2_ema50_slope"":{""value"":-0.5827059031984715,""score"":0},""T3_high_proximity"":{""value"":0.7354833520990831,""score"":0},""T4_rs_1m"":{""value"":-0.06616216558761656,""score"":0},""T5_rs_3m"":{""value"":-0.15982350915409205,""score"":0},""T6_adr_healthy"":{""value"":4.580963130794473,""score"":100.0},""_score"":5.0},""geometry"":{""sub_flat_top_quality"":33.3,""sub_hl_slope"":30.6,""sub_compression"":23.1,""sub_duration"":100.0,""_score"":39.95},""compression"":{""VC1_atr_ratio"":{""value"":0.32006467774855646,""score"":100},""VC2_range_contraction"":{""value"":0.7624527448599957,""score"":39.59120919000072},""VC3_range_pct_rank"":{""score"":60.83333333333334},""_score"":69.07},""sr_quality"":{""SR1_touches"":{""value"":4,""score"":75.0},""SR2_tightness"":{""value"":1.3216939887886305,""score"":52.62084483615654},""SR3_recency"":{""value"":227,""score"":0.0},""SR4_price_location"":{""score"":58.796747967479654},""SR5_reaction"":{""value"":1.970705077897452,""score"":98.5352538948726},""_score"":59.87,""_levels_found"":5,""_target_level"":97.785},""volume"":{""V1_rvol_day"":{""value"":0.5850818032667316,""score"":5.672120217782109},""V2_rvol_sameslot"":{""value"":0.688212665755501,""score"":12.547511050366733,""status"":""ok""},""V3_breakout_bar"":{""value"":0.46795818684863794,""score"":0},""V4_base_dryup"":{""value"":1.0762220121490076,""score"":42.377798785099245},""V5_bo_expansion"":{""value"":0.5850818032667316,""score"":0},""_score"":12.12},""readiness"":{""_distance_atr"":0.747,""BR1_atr_distance"":{""score"":50.17225905816352},""BR2_compression"":{""score"":21.94821231941387},""BR3_retest"":{""score"":50.0},""BR4_bo_age"":{""score"":50.0},""_score"":43.06},""risk"":{""R1_stop_clarity"":{""score"":52.56865077180515},""R2_stop_distance_pct"":{""value"":4.989775833788963,""score"":100.0},""R3_stop_distance_atr"":{""value"":0.8178829355350411,""score"":65.89414677675205},""R4_rr_potential"":{""value"":2.537720653495939,""score"":76.88603267479695},""_score"":73.66},""market"":{""M1_spy_regime"":{""score"":100.0},""M3_earnings_risk"":{""value"":null,""score"":80.0},""M4_vix"":{""value"":null,""score"":60.0},""_score"":84.0},""liquidity"":{""L1_price"":{""value"":91.45,""score"":100.0},""L2_dollar_vol"":{""value"":1485114857.3446846,""score"":100.0},""L3_spread_proxy"":{""value"":0.03127392017495899,""score"":68.72607982504101},""L4_volume_zscore"":{""value"":-0.7921024987293895,""score"":100.0},""_score"":96.87},""pattern_structure"":{""top"":95.62,""top_touches"":2,""low_slope_per_bar"":0.08089400428265585,""lowest_low"":88.21,""structural_low"":88.21,""current_price"":91.635,""neckline_distance_pct"":0.04348775031374474,""base_bars"":36},""pattern_geometry_features"":{""top_touches"":2.0,""low_slope"":0.08089400428265585,""compression"":0.11529502477636655,""atr_pct"":0.06100843552292433},""_schema_version"":""1.0""}",,,,,,,,,,
20260508T181321Z-e7d442,2026-05-08T18:13:21.400575+00:00,VSEC,bull_flag,forming,43.54,28.6,62.5,17.1,36.9,10.9,26.6,75.4,84.0,86.6,4.0,18.76,1.54,3.69,1.52,2.4,2.26,5.04,4.33,False,,192.18,212.58,188.598,260.8,"{""trend"":{""T1_ema_stack"":{""value"":[true,false,true],""score"":66.66666666666666},""T2_ema50_slope"":{""value"":-0.19114458039878754,""score"":18.14256993353541},""T3_high_proximity"":{""value"":0.8437088418649574,""score"":21.85442093247869},""T4_rs_1m"":{""value"":-0.2039941312932395,""score"":0},""T5_rs_3m"":{""value"":-0.10665787191650267,""score"":0},""T6_adr_healthy"":{""value"":6.041618606032046,""score"":100.0},""_score"":28.57},""geometry"":{""sub_pole_impulse"":74.7,""sub_flag_tightness"":53.3,""sub_flag_shallowness"":32.3,""sub_flag_drift"":68.9,""sub_flag_duration"":100.0,""_score"":62.53},""compression"":{""VC1_atr_ratio"":{""value"":0.8784797386690693,""score"":30.380065332732688},""VC2_range_contraction"":{""value"":1.150188985403301,""score"":0},""VC3_range_pct_rank"":{""score"":19.999999999999996},""_score"":17.15},""sr_quality"":{""SR1_touches"":{""value"":2,""score"":25.0},""SR2_tightness"":{""value"":1.8920999999999992,""score"":73.23761024328665},""SR3_recency"":{""value"":267,""score"":0.0},""SR4_price_location"":{""score"":34.13567725215849},""SR5_reaction"":{""value"":1.3113231518100388,""score"":65.56615759050194},""_score"":36.85,""_levels_found"":6,""_target_level"":205.8279},""volume"":{""V1_rvol_day"":{""value"":0.39864625008481136,""score"":0},""V2_rvol_sameslot"":{""value"":0.6374056892729006,""score"":9.160379284860042,""status"":""ok""},""V3_breakout_bar"":{""value"":0.5252000376144629,""score"":1.6800025076308585},""V4_base_dryup"":{""value"":1.0684910676605026,""score"":43.15089323394974},""V5_bo_expansion"":{""value"":0.39864625008481136,""score"":0},""_score"":10.88},""readiness"":{""_distance_atr"":1.443,""BR1_atr_distance"":{""score"":3.8189047377776717},""BR2_compression"":{""score"":30.426798066596895},""BR3_retest"":{""score"":50.0},""BR4_bo_age"":{""score"":50.0},""_score"":26.63},""risk"":{""R1_stop_clarity"":{""score"":59.37690310007231},""R2_stop_distance_pct"":{""value"":1.8638523779789793,""score"":96.59630944947449},""R3_stop_distance_atr"":{""value"":0.2533206017986473,""score"":37.66603008993237},""R4_rr_potential"":{""value"":19.157154975437262,""score"":100.0},""_score"":75.41},""market"":{""M1_spy_regime"":{""score"":100.0},""M3_earnings_risk"":{""value"":null,""score"":80.0},""M4_vix"":{""value"":null,""score"":60.0},""_score"":84.0},""liquidity"":{""L1_price"":{""value"":192.18,""score"":100.0},""L2_dollar_vol"":{""value"":41033627.85252276,""score"":80.6569957687465},""L3_spread_proxy"":{""value"":0.0568212092829638,""score"":43.1787907170362},""L4_volume_zscore"":{""value"":-1.456618161332778,""score"":100.0},""_score"":86.58},""pattern_structure"":{""pole_low"":164.36,""pole_low_idx"":26,""peak_price"":212.58,""peak_idx"":49,""pole_gain"":0.29338038452178145,""flag_bars"":10,""flag_low"":191.4701,""flag_high"":208.96,""structural_low"":191.4701,""current_price"":193.015,""neckline_distance_pct"":0.10136517887210852,""base_bars"":10},""pattern_geometry_features"":{""pole_gain"":0.29338038452178145,""pullback_pct"":0.09930332110264375,""flag_range_pct"":0.08227443785868852,""flag_drift_per_bar"":-0.00622482630098622,""atr_pct"":0.07357681786420468,""pole_atr_multiple"":3.987402459606938},""_schema_version"":""1.0""}",,,,,,,,,,
20260508T181321Z-e7d442,2026-05-08T18:13:21.400575+00:00,V,bull_flag,absent,43.47,45.2,34.5,44.5,71.0,16.4,17.5,61.6,84.0,98.5,6.33,10.36,4.0,7.1,2.29,1.57,1.85,5.04,4.92,True,risk_unclear,319.59,333.31,311.4176,357.775,"{""trend"":{""T1_ema_stack"":{""value"":[true,true,false],""score"":66.66666666666666},""T2_ema50_slope"":{""value"":0.04656026180331358,""score"":57.760043633885594},""T3_high_proximity"":{""value"":0.9543988532521053,""score"":77.19942662605261},""T4_rs_1m"":{""value"":-0.0477691383365606,""score"":2.2308616634393985},""T5_rs_3m"":{""value"":-0.10376612198489599,""score"":0},""T6_adr_healthy"":{""value"":1.7442663509339331,""score"":100.0},""_score"":45.24},""geometry"":{""sub_pole_impulse"":55.9,""sub_flag_tightness"":14.0,""sub_flag_shallowness"":0,""sub_flag_drift"":95.1,""sub_flag_duration"":0.0,""_score"":34.53},""compression"":{""VC1_atr_ratio"":{""value"":0.765075697226216,""score"":58.73107569344599},""VC2_range_contraction"":{""value"":0.9120337744073013,""score"":14.661037598783121},""VC3_range_pct_rank"":{""score"":63.33333333333333},""_score"":44.46},""sr_quality"":{""SR1_touches"":{""value"":8,""score"":100},""SR2_tightness"":{""value"":1.8443829422058655,""score"":52.87427806564382},""SR3_recency"":{""value"":238,""score"":0.0},""SR4_price_location"":{""score"":72.12048976053741},""SR5_reaction"":{""value"":2.0049504950495045,""score"":100},""_score"":70.96,""_levels_found"":7,""_target_level"":322.8062},""volume"":{""V1_rvol_day"":{""value"":0.43751609729718677,""score"":0},""V2_rvol_sameslot"":{""value"":0.7784928788209433,""score"":18.56619192139622,""status"":""ok""},""V3_breakout_bar"":{""value"":0.5407284238110676,""score"":2.715228254071171},""V4_base_dryup"":{""value"":0.9014071338458921,""score"":59.85928661541079},""V5_bo_expansion"":{""value"":0.4375160972971867,""score"":0},""_score"":16.36},""readiness"":{""_distance_atr"":1.753,""BR1_atr_distance"":{""score"":0},""BR2_compression"":{""score"":0},""BR3_retest"":{""score"":50.0},""BR4_bo_age"":{""score"":50.0},""_score"":17.5},""risk"":{""R1_stop_clarity"":{""score"":0},""R2_stop_distance_pct"":{""value"":2.5571513501673966,""score"":100.0},""R3_stop_distance_atr"":{""value"":1.0440625998083652,""score"":77.20312999041826},""R4_rr_potential"":{""value"":4.6724340463021985,""score"":100.0},""_score"":61.58},""market"":{""M1_spy_regime"":{""score"":100.0},""M3_earnings_risk"":{""value"":null,""score"":80.0},""M4_vix"":{""value"":null,""score"":60.0},""_score"":84.0},""liquidity"":{""L1_price"":{""value"":319.59,""score"":100.0},""L2_dollar_vol"":{""value"":994776981.5614464,""score"":100.0},""L3_spread_proxy"":{""value"":0.015363434400325318,""score"":84.63656559967468},""L4_volume_zscore"":{""value"":-1.434283491789234,""score"":100.0},""_score"":98.46},""pattern_structure"":{""pole_low"":308.845,""pole_low_idx"":7,""peak_price"":333.31,""peak_idx"":30,""pole_gain"":0.07921449270669745,""flag_bars"":29,""flag_low"":316.16,""flag_high"":329.79,""structural_low"":316.16,""current_price"":319.98,""neckline_distance_pct"":0.04165885367835485,""base_bars"":29},""pattern_geometry_features"":{""pole_gain"":0.07921449270669745,""pullback_pct"":0.05145360175212258,""flag_range_pct"":0.040892862500375014,""flag_drift_per_bar"":-0.0009709518482836321,""atr_pct"":0.024492318282799845,""pole_atr_multiple"":3.23425866804643},""_schema_version"":""1.0""}",,,,,,,,,,
20260508T181321Z-e7d442,2026-05-08T18:13:21.400575+00:00,MIR,vcp,absent,43.33,9.4,45.0,49.8,68.6,22.9,25.3,49.1,84.0,84.4,1.41,11.25,5.97,8.24,2.98,1.77,2.46,5.04,4.22,False,,19.045,20.22,16.5874,25.75,"{""trend"":{""T1_ema_stack"":{""value"":[false,false,false],""score"":0.0},""T2_ema50_slope"":{""value"":-0.1685492295029022,""score"":21.9084617495163},""T3_high_proximity"":{""value"":0.7905770029057702,""score"":0},""T4_rs_1m"":{""value"":-0.08782429887429055,""score"":0},""T5_rs_3m"":{""value"":-0.2763720181971444,""score"":0},""T6_adr_healthy"":{""value"":4.287726098649596,""score"":100.0},""_score"":9.38},""geometry"":{""sub_contraction_count"":100.0,""sub_reduction_rate"":0,""sub_pivot_tightness"":0,""sub_volume_dryup"":0,""sub_base_depth"":100.0,""sub_base_duration"":100.0,""_score"":45.0},""compression"":{""VC1_atr_ratio"":{""value"":0.4494509520840853,""score"":100},""VC2_range_contraction"":{""value"":1.5291959919555487,""score"":0},""VC3_range_pct_rank"":{""score"":39.16666666666667},""_score"":49.79},""sr_quality"":{""SR1_touches"":{""value"":5,""score"":100},""SR2_tightness"":{""value"":0.2757244160389127,""score"":43.32488878953489},""SR3_recency"":{""value"":238,""score"":0.0},""SR4_price_location"":{""score"":68.51860454313191},""SR5_reaction"":{""value"":2.0711408016443977,""score"":100},""_score"":68.63,""_levels_found"":7,""_target_level"":19.9938},""volume"":{""V1_rvol_day"":{""value"":0.39584832564997574,""score"":0},""V2_rvol_sameslot"":{""value"":1.0028826983406445,""score"":33.52551322270963,""status"":""ok""},""V3_breakout_bar"":{""value"":0.9538137708795467,""score"":30.254251391969778},""V4_base_dryup"":{""value"":1.0681533147880502,""score"":43.18466852119498},""V5_bo_expansion"":{""value"":0.39584832564997563,""score"":0},""_score"":22.91},""readiness"":{""_distance_atr"":1.208,""BR1_atr_distance"":{""score"":19.492977046934058},""BR2_compression"":{""score"":0},""BR3_retest"":{""score"":50.0},""BR4_bo_age"":{""score"":50.0},""_score"":25.3},""risk"":{""R1_stop_clarity"":{""score"":48.078108941418066},""R2_stop_distance_pct"":{""value"":12.904174323969562,""score"":0.0},""R3_stop_distance_atr"":{""value"":2.5257965056526244,""score"":100.0},""R4_rr_potential"":{""value"":2.728271484374996,""score"":86.4135742187498},""_score"":49.11},""market"":{""M1_spy_regime"":{""score"":100.0},""M3_earnings_risk"":{""value"":null,""score"":80.0},""M4_vix"":{""value"":null,""score"":60.0},""_score"":84.0},""liquidity"":{""L1_price"":{""value"":19.045,""score"":100.0},""L2_dollar_vol"":{""value"":27387425.316392377,""score"":71.87756031397363},""L3_spread_proxy"":{""value"":0.043843528485166754,""score"":56.15647151483325},""L4_volume_zscore"":{""value"":-1.1560847166432546,""score"":100.0},""_score"":84.37},""pattern_structure"":{""n_contractions"":5,""contractions_pct"":[12.66,8.96,13.97,8.3,16.72],""descending_strict"":false,""final_low"":16.84,""final_pivot"":20.22,""structural_low"":16.84,""dry_up_ratio"":1.3800495161292854,""current_price"":19.045,""neckline_distance_pct"":0.06169598319768953,""base_bars"":39},""pattern_geometry_features"":{""contraction_count"":5.0,""first_contraction_pct"":0.12655789003129186,""last_contraction_pct"":0.16716122650840748,""dry_up_ratio"":1.3800495161292854,""near_monotone"":0.0,""base_depth_pct"":0.24720607957085386},""_schema_version"":""1.0""}",,,,,,,,,,
20260508T181321Z-e7d442,2026-05-08T18:13:21.400575+00:00,BILI,breakout_retest_hold,setup,43.32,5.0,45.0,49.1,48.4,18.3,64.5,44.8,84.0,85.8,0.7,9.9,2.94,6.77,2.38,11.61,2.24,4.2,2.58,False,,22.025,21.86,21.7453,21.65,"{""trend"":{""T1_ema_stack"":{""value"":[false,false,false],""score"":0.0},""T2_ema50_slope"":{""value"":-0.446085498205487,""score"":0},""T3_high_proximity"":{""value"":0.6917399497487436,""score"":0},""T4_rs_1m"":{""value"":-0.15783480202380462,""score"":0},""T5_rs_3m"":{""value"":-0.3690648473239473,""score"":0},""T6_adr_healthy"":{""value"":2.6317763294285497,""score"":100.0},""_score"":5.0},""geometry"":{""sub_retest_depth"":0.0,""sub_retest_timing"":0.0,""sub_retest_freshness"":75.0,""sub_hold_quality"":100.0,""_score"":45.0},""compression"":{""VC1_atr_ratio"":{""value"":0.31782212111622615,""score"":100},""VC2_range_contraction"":{""value"":0.9160563888288253,""score"":13.990601861862444},""VC3_range_pct_rank"":{""score"":16.666666666666664},""_score"":49.06},""sr_quality"":{""SR1_touches"":{""value"":4,""score"":75.0},""SR2_tightness"":{""value"":0.15105876340020785,""score"":57.942015022762725},""SR3_recency"":{""value"":266,""score"":0.0},""SR4_price_location"":{""score"":8.642994222756954},""SR5_reaction"":{""value"":3.7465073035886505,""score"":100},""_score"":48.35,""_levels_found"":4,""_target_level"":24.2125},""volume"":{""V1_rvol_day"":{""value"":0.6532196778240212,""score"":10.214645188268083},""V2_rvol_sameslot"":{""value"":0.9388456262595439,""score"":29.256375083969594,""status"":""ok""},""V3_breakout_bar"":{""value"":0.4617155577295796,""score"":0},""V4_base_dryup"":{""value"":0.9790641614985229,""score"":52.09358385014771},""V5_bo_expansion"":{""value"":0.6532196778240212,""score"":0},""_score"":18.31},""readiness"":{""_distance_atr"":-0.23,""BR1_atr_distance"":{""score"":100.0},""BR2_compression"":{""score"":0},""BR3_retest"":{""score"":100},""BR4_bo_age"":{""score"":30.0},""_score"":64.5},""risk"":{""R1_stop_clarity"":{""score"":38.844750265991415},""R2_stop_distance_pct"":{""value"":1.269693530079456,""score"":81.7423382519864},""R3_stop_distance_atr"":{""value"":0.38930265395209196,""score"":44.465132697604595},""R4_rr_potential"":{""value"":-1.3409619166815654,""score"":0.0},""_score"":44.79},""market"":{""M1_spy_regime"":{""score"":100.0},""M3_earnings_risk"":{""value"":null,""score"":80.0},""M4_vix"":{""value"":null,""score"":60.0},""_score"":84.0},""liquidity"":{""L1_price"":{""value"":22.025,""score"":100.0},""L2_dollar_vol"":{""value"":30646272.249202546,""score"":74.31888276807301},""L3_spread_proxy"":{""value"":0.03881952326901251,""score"":61.18047673098749},""L4_volume_zscore"":{""value"":-0.8406699826463165,""score"":100.0},""_score"":85.85},""pattern_structure"":{""level"":21.86,""level_idx"":58,""breakout_idx"":64,""bo_peak_idx"":76,""bo_peak_price"":22.8,""retest_idx"":79,""retest_low"":21.965,""structural_low"":21.965,""current_price"":21.975,""neckline_distance_pct"":-0.005233219567690648,""base_bars"":21,""bars_since_breakout"":15},""pattern_geometry_features"":{""retest_depth_atr"":-0.43725274398405906,""bars_breakout_to_retest"":15.0,""bars_since_retest"":0.0,""current_above_level_atr"":0.4788958624587377,""bo_peak_excess_pct"":0.04300091491308332,""atr_pct"":0.0326145613750608},""_schema_version"":""1.0""}",,,,,,,,,,
20260508T181321Z-e7d442,2026-05-08T18:13:21.400575+00:00,HLNE,vcp,absent,43.28,5.0,45.0,50.4,66.7,21.3,18.6,76.6,84.0,85.7,0.75,11.25,6.05,8.0,2.77,1.3,3.83,5.04,4.28,False,,88.7701,111.01,85.1779,134.725,"{""trend"":{""T1_ema_stack"":{""value"":[false,false,false],""score"":0.0},""T2_ema50_slope"":{""value"":-0.39146830655407383,""score"":0},""T3_high_proximity"":{""value"":0.6621175505333036,""score"":0},""T4_rs_1m"":{""value"":-0.14793069231256062,""score"":0},""T5_rs_3m"":{""value"":-0.39367561260766715,""score"":0},""T6_adr_healthy"":{""value"":5.26293163262071,""score"":100.0},""_score"":5.0},""geometry"":{""sub_contraction_count"":100.0,""sub_reduction_rate"":0,""sub_pivot_tightness"":0,""sub_volume_dryup"":0,""sub_base_depth"":100.0,""sub_base_duration"":100.0,""_score"":45.0},""compression"":{""VC1_atr_ratio"":{""value"":0.31112381863164096,""score"":100},""VC2_range_contraction"":{""value"":1.1312126903349655,""score"":0},""VC3_range_pct_rank"":{""score"":41.666666666666664},""_score"":50.42},""sr_quality"":{""SR1_touches"":{""value"":4,""score"":75.0},""SR2_tightness"":{""value"":1.0841817190858722,""score"":58.71469041968662},""SR3_recency"":{""value"":242,""score"":0.0},""SR4_price_location"":{""score"":81.55095879232965},""SR5_reaction"":{""value"":2.414014687882499,""score"":100},""_score"":66.69,""_levels_found"":5,""_target_level"":92.0},""volume"":{""V1_rvol_day"":{""value"":0.3264896984355712,""score"":0},""V2_rvol_sameslot"":{""value"":1.0303211813221846,""score"":35.35474542147898,""status"":""ok""},""V3_breakout_bar"":{""value"":0.8687054510946867,""score"":24.580363406312443},""V4_base_dryup"":{""value"":1.0954159987649505,""score"":40.458400123504944},""V5_bo_expansion"":{""value"":0.3264896984355712,""score"":0},""_score"":21.31},""readiness"":{""_distance_atr"":4.234,""BR1_atr_distance"":{""score"":0},""BR2_compression"":{""score"":4.562264496021373},""BR3_retest"":{""score"":50.0},""BR4_bo_age"":{""score"":50.0},""_score"":18.64},""risk"":{""R1_stop_clarity"":{""score"":50.60587515299898},""R2_stop_distance_pct"":{""value"":4.046660981569244,""score"":100.0},""R3_stop_distance_atr"":{""value"":0.6839541683666531,""score"":59.19770841833265},""R4_rr_potential"":{""value"":12.79287906520333,""score"":100.0},""_score"":76.59},""market"":{""M1_spy_regime"":{""score"":100.0},""M3_earnings_risk"":{""value"":null,""score"":80.0},""M4_vix"":{""value"":null,""score"":60.0},""_score"":84.0},""liquidity"":{""L1_price"":{""value"":88.7701,""score"":100.0},""L2_dollar_vol"":{""value"":29785586.59049191,""score"":73.70030787073634},""L3_spread_proxy"":{""value"":0.03818853420239473,""score"":61.81146579760527},""L4_volume_zscore"":{""value"":-1.201661268594069,""score"":100.0},""_score"":85.66},""pattern_structure"":{""n_contractions"":5,""contractions_pct"":[15.81,10.53,11.24,10.56,22.1],""descending_strict"":false,""final_low"":86.475,""final_pivot"":111.01,""structural_low"":86.475,""dry_up_ratio"":1.6977158765127254,""current_price"":88.7701,""neckline_distance_pct"":0.25053368194921494,""base_bars"":38},""pattern_geometry_features"":{""contraction_count"":5.0,""first_contraction_pct"":0.15809057083219893,""last_contraction_pct"":0.22101612467345294,""dry_up_ratio"":1.6977158765127254,""near_monotone"":0.0,""base_depth_pct"":0.21521916689354753},""_schema_version"":""1.0""}",,,,,,,,,,
20260508T181321Z-e7d442,2026-05-08T18:13:21.400575+00:00,EXE,double_bottom,absent,43.18,10.7,48.9,66.5,50.9,9.9,24.1,62.8,84.0,97.8,1.6,12.22,5.32,7.12,1.29,1.93,3.76,5.04,4.89,True,risk_unclear,96.79,102.965,93.6144,110.89,"{""trend"":{""T1_ema_stack"":{""value"":[false,false,false],""score"":0.0},""T2_ema50_slope"":{""value"":-0.24196883221244617,""score"":9.671861297925638},""T3_high_proximity"":{""value"":0.8496313202247191,""score"":24.815660112359527},""T4_rs_1m"":{""value"":-0.11165911923459548,""score"":0},""T5_rs_3m"":{""value"":-0.19064660066344097,""score"":0},""T6_adr_healthy"":{""value"":2.364790407634672,""score"":100.0},""_score"":10.66},""geometry"":{""sub_low_similarity"":77.8,""sub_bounce_quality"":76.3,""sub_separation_fit"":0.0,""sub_right_bottom_reaction"":28.5,""sub_base_context"":30.0,""_score"":48.88},""compression"":{""VC1_atr_ratio"":{""value"":0.4711626038957979,""score"":100},""VC2_range_contraction"":{""value"":0.9595095553313484,""score"":6.748407444775266},""VC3_range_pct_rank"":{""score"":96.66666666666667},""_score"":66.53},""sr_quality"":{""SR1_touches"":{""value"":2,""score"":25.0},""SR2_tightness"":{""value"":0.125,""score"":90.557103890743},""SR3_recency"":{""value"":279,""score"":0.0},""SR4_price_location"":{""score"":59.200968523002665},""SR5_reaction"":{""value"":5.095386740555084,""score"":100},""_score"":50.88,""_levels_found"":6,""_target_level"":98.475},""volume"":{""V1_rvol_day"":{""value"":0.3061501694974024,""score"":0},""V2_rvol_sameslot"":{""value"":0.4970806472338502,""score"":0,""status"":""ok""},""V3_breakout_bar"":{""value"":0.45547179525363696,""score"":0},""V4_base_dryup"":{""value"":1.0050553287290325,""score"":49.494467127096755},""V5_bo_expansion"":{""value"":0.3061501694974024,""score"":0},""_score"":9.9},""readiness"":{""_distance_atr"":2.332,""BR1_atr_distance"":{""score"":0},""BR2_compression"":{""score"":26.462043318707757},""BR3_retest"":{""score"":50.0},""BR4_bo_age"":{""score"":50.0},""_score"":24.12},""risk"":{""R1_stop_clarity"":{""score"":0},""R2_stop_distance_pct"":{""value"":3.2809174501498117,""score"":100.0},""R3_stop_distance_atr"":{""value"":1.199474435382263,""score"":84.97372176911315},""R4_rr_potential"":{""value"":4.440105806776666,""score"":100.0},""_score"":62.75},""market"":{""M1_spy_regime"":{""score"":100.0},""M3_earnings_risk"":{""value"":null,""score"":80.0},""M4_vix"":{""value"":null,""score"":60.0},""_score"":84.0},""liquidity"":{""L1_price"":{""value"":96.79,""score"":100.0},""L2_dollar_vol"":{""value"":93066914.73318698,""score"":98.43976584146775},""L3_spread_proxy"":{""value"":0.015807418121706798,""score"":84.1925818782932},""L4_volume_zscore"":{""value"":-2.1657681832988844,""score"":100.0},""_score"":97.8},""pattern_structure"":{""left_low"":96.1,""left_idx"":25,""right_low"":95.04,""right_idx"":70,""separation_bars"":45,""structural_low"":95.04,""current_price"":96.725,""neckline_distance_pct"":0.0645127940036186,""base_bars"":45},""pattern_geometry_features"":{""low_similarity_pct"":0.011091346656900578,""bounce_pct"":0.08338594276094273,""right_bottom_reaction"":0.28524590163933805,""atr_pct"":0.027352958540581226},""_schema_version"":""1.0""}",,,,,,,,,,
20260508T181321Z-e7d442,2026-05-08T18:13:21.400575+00:00,FRMI,vcp,absent,43.09,8.6,47.9,72.5,55.0,0.4,17.5,84.5,84.0,79.9,1.29,11.97,8.71,6.59,0.05,1.23,4.22,5.04,3.99,False,,5.135,6.255,4.7625,12.01,"{""trend"":{""T1_ema_stack"":{""value"":[false,false,false],""score"":0.0},""T2_ema50_slope"":{""value"":-1.3298237356799485,""score"":0},""T3_high_proximity"":{""value"":0.4355385920271417,""score"":0},""T4_rs_1m"":{""value"":-0.019070241234637297,""score"":30.929758765362703},""T5_rs_3m"":{""value"":-0.42573091931887275,""score"":0},""T6_adr_healthy"":{""value"":10.060088025205154,""score"":48.49779936987115},""_score"":8.61},""geometry"":{""sub_contraction_count"":100.0,""sub_reduction_rate"":0,""sub_pivot_tightness"":0,""sub_volume_dryup"":85.8,""sub_base_depth"":0.0,""sub_base_duration"":100.0,""_score"":47.87},""compression"":{""VC1_atr_ratio"":{""value"":0.3234869093905398,""score"":100},""VC2_range_contraction"":{""value"":0.7419949343808813,""score"":43.000844269853125},""VC3_range_pct_rank"":{""score"":70.0},""_score"":72.55},""sr_quality"":{""SR1_touches"":{""value"":3,""score"":50.0},""SR2_tightness"":{""value"":0.0984321537348894,""score"":63.29310765839722},""SR3_recency"":{""value"":47,""score"":71.66666666666667},""SR4_price_location"":{""score"":18.828033960379535},""SR5_reaction"":{""value"":4.642800063928401,""score"":100},""_score"":54.95,""_levels_found"":5,""_target_level"":7.1667},""volume"":{""V1_rvol_day"":{""value"":0.24809536997193793,""score"":0},""V2_rvol_sameslot"":{""value"":0.5302712432333458,""score"":2.018082882223056,""status"":""ok""},""V3_breakout_bar"":{""value"":0.3715220177153309,""score"":0},""V4_base_dryup"":{""value"":1.7245725396377127,""score"":0},""V5_bo_expansion"":{""value"":0.24809536997193793,""score"":0},""_score"":0.4},""readiness"":{""_distance_atr"":2.088,""BR1_atr_distance"":{""score"":0},""BR2_compression"":{""score"":0},""BR3_retest"":{""score"":50.0},""BR4_bo_age"":{""score"":50.0},""_score"":17.5},""risk"":{""R1_stop_clarity"":{""score"":72.95429119386297},""R2_stop_distance_pct"":{""value"":7.254625121713721,""score"":100.0},""R3_stop_distance_atr"":{""value"":0.6946020457088055,""score"":59.73010228544027},""R4_rr_potential"":{""value"":18.45513723911149,""score"":100.0},""_score"":84.49},""market"":{""M1_spy_regime"":{""score"":100.0},""M3_earnings_risk"":{""value"":null,""score"":80.0},""M4_vix"":{""value"":null,""score"":60.0},""_score"":84.0},""liquidity"":{""L1_price"":{""value"":5.135,""score"":97.5675},""L2_dollar_vol"":{""value"":24728740.964491587,""score"":69.66010026591518},""L3_spread_proxy"":{""value"":0.07400194741966892,""score"":25.998052580331077},""L4_volume_zscore"":{""value"":-1.0096592666612856,""score"":100.0},""_score"":79.86},""pattern_structure"":{""n_contractions"":5,""contractions_pct"":[18.7,36.89,47.33,28.55,22.7],""descending_strict"":false,""final_low"":4.835,""final_pivot"":6.255,""structural_low"":4.835,""dry_up_ratio"":0.571070337983473,""current_price"":5.135,""neckline_distance_pct"":0.21811100292112953,""base_bars"":51},""pattern_geometry_features"":{""contraction_count"":5.0,""first_contraction_pct"":0.18696883852691223,""last_contraction_pct"":0.22701838529176657,""dry_up_ratio"":0.571070337983473,""near_monotone"":0.0,""base_depth_pct"":0.5434372049102927},""_schema_version"":""1.0""}",,,,,,,,,,
20260508T181321Z-e7d442,2026-05-08T18:13:21.400575+00:00,FTAI,ascending_triangle,breakout_failed,43.02,44.4,43.2,18.1,49.3,16.9,28.8,48.2,84.0,92.1,6.66,12.1,1.44,6.91,2.03,2.31,1.93,5.04,4.6,False,,267.355,288.0,233.445,339.0,"{""trend"":{""T1_ema_stack"":{""value"":[true,true,true],""score"":100.0},""T2_ema50_slope"":{""value"":-0.11775131258773203,""score"":30.374781235377995},""T3_high_proximity"":{""value"":0.8623242162301639,""score"":31.16210811508191},""T4_rs_1m"":{""value"":-0.036711518939838594,""score"":13.288481060161402},""T5_rs_3m"":{""value"":-0.08688254159978681,""score"":6.5587292001065975},""T6_adr_healthy"":{""value"":6.570539844740184,""score"":100.0},""_score"":44.39},""geometry"":{""sub_flat_top_quality"":33.3,""sub_hl_slope"":60.8,""sub_compression"":0,""sub_duration"":100.0,""_score"":43.23},""compression"":{""VC1_atr_ratio"":{""value"":0.8527892152967923,""score"":36.80269617580193},""VC2_range_contraction"":{""value"":1.2308405507169622,""score"":0},""VC3_range_pct_rank"":{""score"":13.33333333333333},""_score"":18.05},""sr_quality"":{""SR1_touches"":{""value"":2,""score"":25.0},""SR2_tightness"":{""value"":1.1399999999999864,""score"":88.12663435464626},""SR3_recency"":{""value"":238,""score"":0.0},""SR4_price_location"":{""score"":54.429998628824826},""SR5_reaction"":{""value"":2.3516294260090698,""score"":100},""_score"":49.33,""_levels_found"":5,""_target_level"":276.86},""volume"":{""V1_rvol_day"":{""value"":0.29901338311619957,""score"":0},""V2_rvol_sameslot"":{""value"":0.6926786735034627,""score"":12.845244900230846,""status"":""ok""},""V3_breakout_bar"":{""value"":0.5476768778380934,""score"":3.1784585225395587},""V4_base_dryup"":{""value"":0.822576330328093,""score"":67.7423669671907},""V5_bo_expansion"":{""value"":0.29901338311619957,""score"":0},""_score"":16.91},""readiness"":{""_distance_atr"":1.075,""BR1_atr_distance"":{""score"":28.325838085283465},""BR2_compression"":{""score"":0},""BR3_retest"":{""score"":50.0},""BR4_bo_age"":{""score"":50.0},""_score"":28.83},""risk"":{""R1_stop_clarity"":{""score"":62.97384660593586},""R2_stop_distance_pct"":{""value"":12.683510688036515,""score"":0.0},""R3_stop_distance_atr"":{""value"":1.7659027589208345,""score"":100.0},""R4_rr_potential"":{""value"":2.1127985844883495,""score"":55.63992922441747},""_score"":48.17},""market"":{""M1_spy_regime"":{""score"":100.0},""M3_earnings_risk"":{""value"":null,""score"":80.0},""M4_vix"":{""value"":null,""score"":60.0},""_score"":84.0},""liquidity"":{""L1_price"":{""value"":267.355,""score"":100.0},""L2_dollar_vol"":{""value"":126241651.46222752,""score"":100.0},""L3_spread_proxy"":{""value"":0.0790634175534401,""score"":20.93658244655991},""L4_volume_zscore"":{""value"":-1.4899280331590172,""score"":100.0},""_score"":92.09},""pattern_structure"":{""top"":288.0,""top_touches"":2,""low_slope_per_bar"":0.4325814094775189,""lowest_low"":237.0,""structural_low"":237.0,""current_price"":270.0375,""neckline_distance_pct"":0.06651853909179271,""base_bars"":46},""pattern_geometry_features"":{""top_touches"":2.0,""low_slope"":0.4325814094775189,""compression"":-0.1567818732606998,""atr_pct"":0.0718245136883277},""_schema_version"":""1.0""}",,,,,,,,,,
20260508T181321Z-e7d442,2026-05-08T18:13:21.400575+00:00,FTAI,high_tight_pullback,forming,42.83,44.4,52.2,18.1,49.3,3.4,28.8,76.4,84.0,92.1,5.33,18.28,1.81,3.95,0.47,2.59,0.76,5.04,4.6,False,,267.355,288.0,261.8229,339.0,"{""trend"":{""T1_ema_stack"":{""value"":[true,true,true],""score"":100.0},""T2_ema50_slope"":{""value"":-0.11775131258773203,""score"":30.374781235377995},""T3_high_proximity"":{""value"":0.8623242162301639,""score"":31.16210811508191},""T4_rs_1m"":{""value"":-0.036711518939838594,""score"":13.288481060161402},""T5_rs_3m"":{""value"":-0.08688254159978681,""score"":6.5587292001065975},""T6_adr_healthy"":{""value"":6.570539844740184,""score"":100.0},""_score"":44.39},""geometry"":{""sub_pole_impulse"":49.9,""sub_flag_tightness"":43.0,""sub_flag_shallowness"":28.4,""sub_flag_drift"":72.2,""sub_flag_duration"":100.0,""_score"":52.23},""compression"":{""VC1_atr_ratio"":{""value"":0.8527892152967923,""score"":36.80269617580193},""VC2_range_contraction"":{""value"":1.2308405507169622,""score"":0},""VC3_range_pct_rank"":{""score"":13.33333333333333},""_score"":18.05},""sr_quality"":{""SR1_touches"":{""value"":2,""score"":25.0},""SR2_tightness"":{""value"":1.1399999999999864,""score"":88.12663435464626},""SR3_recency"":{""value"":238,""score"":0.0},""SR4_price_location"":{""score"":54.429998628824826},""SR5_reaction"":{""value"":2.3516294260090698,""score"":100},""_score"":49.33,""_levels_found"":5,""_target_level"":276.86},""volume"":{""V1_rvol_day"":{""value"":0.29901338311619957,""score"":0},""V2_rvol_sameslot"":{""value"":0.6926786735034627,""score"":12.845244900230846,""status"":""ok""},""V3_breakout_bar"":{""value"":0.5476768778380934,""score"":3.1784585225395587},""V4_base_dryup"":{""value"":1.5310417860456753,""score"":0},""V5_bo_expansion"":{""value"":0.29901338311619957,""score"":0},""_score"":3.36},""readiness"":{""_distance_atr"":1.075,""BR1_atr_distance"":{""score"":28.325838085283465},""BR2_compression"":{""score"":0},""BR3_retest"":{""score"":50.0},""BR4_bo_age"":{""score"":50.0},""_score"":28.83},""risk"":{""R1_stop_clarity"":{""score"":58.472903655374964},""R2_stop_distance_pct"":{""value"":2.069215088552674,""score"":100.0},""R3_stop_distance_atr"":{""value"":0.28809315681993186,""score"":39.40465784099659},""R4_rr_potential"":{""value"":12.950661135363278,""score"":100.0},""_score"":76.38},""market"":{""M1_spy_regime"":{""score"":100.0},""M3_earnings_risk"":{""value"":null,""score"":80.0},""M4_vix"":{""value"":null,""score"":60.0},""_score"":84.0},""liquidity"":{""L1_price"":{""value"":267.355,""score"":100.0},""L2_dollar_vol"":{""value"":126241651.46222752,""score"":100.0},""L3_spread_proxy"":{""value"":0.0790634175534401,""score"":20.93658244655991},""L4_volume_zscore"":{""value"":-1.4899280331590172,""score"":100.0},""_score"":92.09},""pattern_structure"":{""pole_low"":237.0,""pole_low_idx"":26,""peak_price"":288.0,""peak_idx"":50,""pole_gain"":0.21518987341772153,""flag_bars"":9,""flag_low"":265.81,""flag_high"":287.0105,""structural_low"":265.81,""current_price"":270.0375,""neckline_distance_pct"":0.06651853909179271,""base_bars"":9},""pattern_geometry_features"":{""pole_gain"":0.21518987341772153,""pullback_pct"":0.07704861111111111,""flag_range_pct"":0.07361284722222214,""flag_drift_per_bar"":-0.00555293246308372,""atr_pct"":0.0718245136883277,""pole_atr_multiple"":2.996050545521373},""_schema_version"":""1.0""}",,,,,,,,,,
20260508T181321Z-e7d442,2026-05-08T18:13:21.400575+00:00,TRMB,double_bottom,invalidated,42.8,18.6,42.5,45.2,55.8,44.6,19.8,13.4,84.0,94.9,2.79,10.62,3.62,7.81,5.8,1.58,0.8,5.04,4.74,True,risk_unclear,60.3431,69.79,63.0991,75.52,"{""trend"":{""T1_ema_stack"":{""value"":[false,false,false],""score"":0.0},""T2_ema50_slope"":{""value"":-0.019633486428516485,""score"":46.72775226191392},""T3_high_proximity"":{""value"":0.8564164064717571,""score"":28.208203235878525},""T4_rs_1m"":{""value"":-0.16202764637042766,""score"":0},""T5_rs_3m"":{""value"":-0.1553897439598403,""score"":0},""T6_adr_healthy"":{""value"":2.934657717884266,""score"":100.0},""_score"":18.58},""geometry"":{""sub_low_similarity"":45.2,""sub_bounce_quality"":84.9,""sub_separation_fit"":0.0,""sub_right_bottom_reaction"":39.6,""sub_base_context"":30.0,""_score"":42.48},""compression"":{""VC1_atr_ratio"":{""value"":0.5905046308046947,""score"":100},""VC2_range_contraction"":{""value"":1.2638739575962015,""score"":0},""VC3_range_pct_rank"":{""score"":20.833333333333336},""_score"":45.21},""sr_quality"":{""SR1_touches"":{""value"":4,""score"":75.0},""SR2_tightness"":{""value"":0.6056556364800022,""score"":43.052819522953854},""SR3_recency"":{""value"":246,""score"":0.0},""SR4_price_location"":{""score"":47.26005822875764},""SR5_reaction"":{""value"":2.163178202161919,""score"":100},""_score"":55.77,""_levels_found"":6,""_target_level"":64.0825},""volume"":{""V1_rvol_day"":{""value"":0.7676871340061392,""score"":17.845808933742614},""V2_rvol_sameslot"":{""value"":3.11825132133467,""score"":100,""status"":""ok""},""V3_breakout_bar"":{""value"":1.0719007201343318,""score"":38.12671467562212},""V4_base_dryup"":{""value"":0.9239855471818951,""score"":57.60144528181049},""V5_bo_expansion"":{""value"":0.7676871340061393,""score"":0},""_score"":44.62},""readiness"":{""_distance_atr"":4.441,""BR1_atr_distance"":{""score"":0},""BR2_compression"":{""score"":9.145694279342253},""BR3_retest"":{""score"":50.0},""BR4_bo_age"":{""score"":50.0},""_score"":19.79},""risk"":{""R1_stop_clarity"":{""score"":9.65072819527775},""R2_stop_distance_pct"":{""value"":-4.567216467168575,""score"":0.0},""R3_stop_distance_atr"":{""value"":-1.2956738114986677,""score"":0.0},""R4_rr_potential"":{""value"":null,""score"":50.0},""_score"":13.38},""market"":{""M1_spy_regime"":{""score"":100.0},""M3_earnings_risk"":{""value"":null,""score"":80.0},""M4_vix"":{""value"":null,""score"":60.0},""_score"":84.0},""liquidity"":{""L1_price"":{""value"":60.3431,""score"":100.0},""L2_dollar_vol"":{""value"":82828714.69216473,""score"":95.90904610885454},""L3_spread_proxy"":{""value"":0.03504957484782854,""score"":64.95042515217146},""L4_volume_zscore"":{""value"":-0.5062058305184401,""score"":100.0},""_score"":94.86},""pattern_structure"":{""left_low"":65.84,""left_idx"":14,""right_low"":64.06,""right_idx"":64,""separation_bars"":50,""structural_low"":64.06,""current_price"":60.22,""neckline_distance_pct"":0.15891730322152123,""base_bars"":50},""pattern_geometry_features"":{""low_similarity_pct"":0.02740569668976137,""bounce_pct"":0.08944739306899788,""right_bottom_reaction"":0.39616055846422243,""atr_pct"":0.035249739761937536},""_schema_version"":""1.0""}",,,,,,,,,,
20260508T181321Z-e7d442,2026-05-08T18:13:21.400575+00:00,KTOS,vcp,invalidated,42.27,5.0,38.5,75.1,51.7,28.9,20.0,33.4,84.0,96.7,0.75,9.62,9.01,6.2,3.75,1.4,1.67,5.04,4.83,False,,57.3501,77.2211,58.1748,115.2604,"{""trend"":{""T1_ema_stack"":{""value"":[false,false,false],""score"":0.0},""T2_ema50_slope"":{""value"":-0.9687056007873744,""score"":0},""T3_high_proximity"":{""value"":0.5427283051007854,""score"":0},""T4_rs_1m"":{""value"":-0.24511224024723965,""score"":0},""T5_rs_3m"":{""value"":-0.460148022909594,""score"":0},""T6_adr_healthy"":{""value"":5.619922350432905,""score"":100.0},""_score"":5.0},""geometry"":{""sub_contraction_count"":100.0,""sub_reduction_rate"":0,""sub_pivot_tightness"":0,""sub_volume_dryup"":17.9,""sub_base_depth"":8.2,""sub_base_duration"":100.0,""_score"":38.5},""compression"":{""VC1_atr_ratio"":{""value"":0.3884899676659282,""score"":100},""VC2_range_contraction"":{""value"":0.7953396963619109,""score"":34.11005060634818},""VC3_range_pct_rank"":{""score"":92.5},""_score"":75.06},""sr_quality"":{""SR1_touches"":{""value"":3,""score"":50.0},""SR2_tightness"":{""value"":0.40202266381663193,""score"":76.92224903773153},""SR3_recency"":{""value"":227,""score"":0.0},""SR4_price_location"":{""score"":40.53020890993711},""SR5_reaction"":{""value"":4.013981999712978,""score"":100},""_score"":51.67,""_levels_found"":6,""_target_level"":64.2567},""volume"":{""V1_rvol_day"":{""value"":0.6768198345190359,""score"":11.78798896793573},""V2_rvol_sameslot"":{""value"":1.342088106434092,""score"":56.139207095606125,""status"":""ok""},""V3_breakout_bar"":{""value"":0.6188780674375478,""score"":7.92520449583652},""V4_base_dryup"":{""value"":0.8359199300038905,""score"":66.40800699961095},""V5_bo_expansion"":{""value"":0.6768198345190359,""score"":0},""_score"":28.85},""readiness"":{""_distance_atr"":5.703,""BR1_atr_distance"":{""score"":0},""BR2_compression"":{""score"":9.888439843278215},""BR3_retest"":{""score"":50.0},""BR4_bo_age"":{""score"":50.0},""_score"":19.97},""risk"":{""R1_stop_clarity"":{""score"":49.14510117473393},""R2_stop_distance_pct"":{""value"":-1.4379913897273031,""score"":14.050215256817422},""R3_stop_distance_atr"":{""value"":-0.23670281075096808,""score"":13.164859462451595},""R4_rr_potential"":{""value"":null,""score"":50.0},""_score"":33.39},""market"":{""M1_spy_regime"":{""score"":100.0},""M3_earnings_risk"":{""value"":null,""score"":80.0},""M4_vix"":{""value"":null,""score"":60.0},""_score"":84.0},""liquidity"":{""L1_price"":{""value"":57.3501,""score"":100.0},""L2_dollar_vol"":{""value"":145521173.99073103,""score"":100.0},""L3_spread_proxy"":{""value"":0.033129846329823416,""score"":66.87015367017659},""L4_volume_zscore"":{""value"":-0.9874438276981141,""score"":100.0},""_score"":96.69},""pattern_structure"":{""n_contractions"":5,""contractions_pct"":[16.07,8.84,34.1,15.12,23.52],""descending_strict"":false,""final_low"":59.0607,""final_pivot"":77.2211,""structural_low"":59.0607,""dry_up_ratio"":0.9104000989825217,""current_price"":57.3501,""neckline_distance_pct"":0.34648588232627336,""base_bars"":41},""pattern_geometry_features"":{""contraction_count"":5.0,""first_contraction_pct"":0.160659114315139,""last_contraction_pct"":0.23517406511950759,""dry_up_ratio"":0.9104000989825217,""near_monotone"":0.0,""base_depth_pct"":0.39175386199794027},""_schema_version"":""1.0""}",,,,,,,,,,
20260508T181321Z-e7d442,2026-05-08T18:13:21.400575+00:00,MA,vcp,forming,41.97,22.9,50.3,35.9,40.8,20.6,17.5,58.0,84.0,98.2,3.43,12.57,4.31,4.9,2.68,1.23,2.9,5.04,4.91,True,risk_unclear,497.5,527.465,488.1955,593.7549,"{""trend"":{""T1_ema_stack"":{""value"":[false,false,false],""score"":0.0},""T2_ema50_slope"":{""value"":-0.035001356552663135,""score"":44.16644057455615},""T3_high_proximity"":{""value"":0.9206313958437425,""score"":60.31569792187125},""T4_rs_1m"":{""value"":-0.09647687323485288,""score"":0},""T5_rs_3m"":{""value"":-0.16098347517410472,""score"":0},""T6_adr_healthy"":{""value"":2.11585500899076,""score"":100.0},""_score"":22.88},""geometry"":{""sub_contraction_count"":100.0,""sub_reduction_rate"":0,""sub_pivot_tightness"":56.6,""sub_volume_dryup"":0,""sub_base_depth"":68.0,""sub_base_duration"":100.0,""_score"":50.29},""compression"":{""VC1_atr_ratio"":{""value"":0.7906405945161089,""score"":52.33985137097277},""VC2_range_contraction"":{""value"":1.1437065654975505,""score"":0},""VC3_range_pct_rank"":{""score"":60.0},""_score"":35.94},""sr_quality"":{""SR1_touches"":{""value"":2,""score"":25.0},""SR2_tightness"":{""value"":2.0175000000000125,""score"":69.96529180827109},""SR3_recency"":{""value"":249,""score"":0.0},""SR4_price_location"":{""score"":42.31728371379225},""SR5_reaction"":{""value"":1.6333000854944442,""score"":81.66500427472221},""_score"":40.82,""_levels_found"":5,""_target_level"":505.0175},""volume"":{""V1_rvol_day"":{""value"":0.6001728043579474,""score"":6.678186957196493},""V2_rvol_sameslot"":{""value"":1.0851265931829368,""score"":39.00843954552912,""status"":""ok""},""V3_breakout_bar"":{""value"":0.6160496670929512,""score"":7.736644472863412},""V4_base_dryup"":{""value"":1.0246270745475634,""score"":47.53729254524366},""V5_bo_expansion"":{""value"":0.6001728043579473,""score"":0},""_score"":20.58},""readiness"":{""_distance_atr"":2.23,""BR1_atr_distance"":{""score"":0},""BR2_compression"":{""score"":0},""BR3_retest"":{""score"":50.0},""BR4_bo_age"":{""score"":50.0},""_score"":17.5},""risk"":{""R1_stop_clarity"":{""score"":0},""R2_stop_distance_pct"":{""value"":1.870241206030157,""score"":96.75603015075393},""R3_stop_distance_atr"":{""value"":0.6925810176816141,""score"":59.629050884080705},""R4_rr_potential"":{""value"":10.345039201672286,""score"":100.0},""_score"":57.97},""market"":{""M1_spy_regime"":{""score"":100.0},""M3_earnings_risk"":{""value"":null,""score"":80.0},""M4_vix"":{""value"":null,""score"":60.0},""_score"":84.0},""liquidity"":{""L1_price"":{""value"":497.5,""score"":100.0},""L2_dollar_vol"":{""value"":1072734965.7479177,""score"":100.0},""L3_spread_proxy"":{""value"":0.01745226130653267,""score"":82.54773869346732},""L4_volume_zscore"":{""value"":-1.244346645203118,""score"":100.0},""_score"":98.25},""pattern_structure"":{""n_contractions"":5,""contractions_pct"":[8.35,5.74,5.23,3.29,6.04],""descending_strict"":false,""final_low"":495.63,""final_pivot"":527.465,""structural_low"":495.63,""dry_up_ratio"":1.330084718787482,""current_price"":497.5,""neckline_distance_pct"":0.060231155778894534,""base_bars"":54},""pattern_geometry_features"":{""contraction_count"":5.0,""first_contraction_pct"":0.08349926742227849,""last_contraction_pct"":0.06035471547875221,""dry_up_ratio"":1.330084718787482,""near_monotone"":0.0,""base_depth_pct"":0.11797037264563863},""_schema_version"":""1.0""}",,,,,,,,,,
20260508T181321Z-e7d442,2026-05-08T18:13:21.400575+00:00,WK,double_bottom,absent,41.88,5.0,41.5,48.1,63.0,16.6,26.2,75.1,84.0,85.8,0.75,10.37,3.85,8.82,2.16,2.1,4.51,5.04,4.29,False,,50.74,57.01,48.6984,64.58,"{""trend"":{""T1_ema_stack"":{""value"":[false,false,false],""score"":0.0},""T2_ema50_slope"":{""value"":-0.5174617853498964,""score"":0},""T3_high_proximity"":{""value"":0.7252715837621498,""score"":0},""T4_rs_1m"":{""value"":-0.17166884586739983,""score"":0},""T5_rs_3m"":{""value"":-0.3411921755822942,""score"":0},""T6_adr_healthy"":{""value"":4.282338545761867,""score"":100.0},""_score"":5.0},""geometry"":{""sub_low_similarity"":0.2,""sub_bounce_quality"":100,""sub_separation_fit"":13.3,""sub_right_bottom_reaction"":89.5,""sub_base_context"":30.0,""_score"":41.48},""compression"":{""VC1_atr_ratio"":{""value"":0.5049215309643788,""score"":100},""VC2_range_contraction"":{""value"":1.0124689276854866,""score"":0},""VC3_range_pct_rank"":{""score"":32.49999999999999},""_score"":48.12},""sr_quality"":{""SR1_touches"":{""value"":3,""score"":50.0},""SR2_tightness"":{""value"":0.42297228698291517,""score"":68.47691233558257},""SR3_recency"":{""value"":229,""score"":0.0},""SR4_price_location"":{""score"":90.92627096087303},""SR5_reaction"":{""value"":2.1575725312749543,""score"":100},""_score"":63.0,""_levels_found"":6,""_target_level"":51.5517},""volume"":{""V1_rvol_day"":{""value"":0.5125764591348984,""score"":0.8384306089932236},""V2_rvol_sameslot"":{""value"":0.7643044731615882,""score"":17.620298210772546,""status"":""ok""},""V3_breakout_bar"":{""value"":0.535886758883764,""score"":2.3924505922509347},""V4_base_dryup"":{""value"":0.8845129094736631,""score"":61.54870905263369},""V5_bo_expansion"":{""value"":0.5125764591348982,""score"":0},""_score"":16.6},""readiness"":{""_distance_atr"":2.336,""BR1_atr_distance"":{""score"":0},""BR2_compression"":{""score"":34.76730821980247},""BR3_retest"":{""score"":50.0},""BR4_bo_age"":{""score"":50.0},""_score"":26.19},""risk"":{""R1_stop_clarity"":{""score"":44.73036997604481},""R2_stop_distance_pct"":{""value"":4.0236499802916885,""score"":100.0},""R3_stop_distance_atr"":{""value"":0.7607772158637225,""score"":63.038860793186124},""R4_rr_potential"":{""value"":6.7789968652037516,""score"":100.0},""_score"":75.11},""market"":{""M1_spy_regime"":{""score"":100.0},""M3_earnings_risk"":{""value"":null,""score"":80.0},""M4_vix"":{""value"":null,""score"":60.0},""_score"":84.0},""liquidity"":{""L1_price"":{""value"":50.74,""score"":100.0},""L2_dollar_vol"":{""value"":32245822.702701602,""score"":75.42367308861083},""L3_spread_proxy"":{""value"":0.04316121403232173,""score"":56.83878596767827},""L4_volume_zscore"":{""value"":-0.9615158419220723,""score"":100.0},""_score"":85.85},""pattern_structure"":{""left_low"":51.97,""left_idx"":21,""right_low"":49.44,""right_idx"":64,""separation_bars"":43,""structural_low"":49.44,""current_price"":51.04,""neckline_distance_pct"":0.11696708463949841,""base_bars"":43},""pattern_geometry_features"":{""low_similarity_pct"":0.049896459915195764,""bounce_pct"":0.1531148867313916,""right_bottom_reaction"":0.8953900709219877,""atr_pct"":0.0528886761641984},""_schema_version"":""1.0""}",,,,,,,,,,
20260508T181321Z-e7d442,2026-05-08T18:13:21.400575+00:00,ADSK,bull_flag,absent,41.61,46.1,26.5,63.0,57.4,10.5,27.1,65.4,84.0,97.7,6.46,7.96,5.67,5.74,1.46,2.43,1.96,5.04,4.88,True,risk_unclear,245.29,255.135,238.3011,270.28,"{""trend"":{""T1_ema_stack"":{""value"":[true,false,false],""score"":33.33333333333333},""T2_ema50_slope"":{""value"":-0.054420999501551826,""score"":40.92983341640803},""T3_high_proximity"":{""value"":0.9287066484931091,""score"":64.35332424655455},""T4_rs_1m"":{""value"":0.005125322674679911,""score"":55.12532267467991},""T5_rs_3m"":{""value"":-0.047264821149155534,""score"":26.36758942542223},""T6_adr_healthy"":{""value"":3.1199134411083977,""score"":100.0},""_score"":46.15},""geometry"":{""sub_pole_impulse"":19.9,""sub_flag_tightness"":0,""sub_flag_shallowness"":0,""sub_flag_drift"":70.4,""sub_flag_duration"":100.0,""_score"":26.53},""compression"":{""VC1_atr_ratio"":{""value"":0.45328965922615494,""score"":100},""VC2_range_contraction"":{""value"":0.8636631170858817,""score"":22.722813819019713},""VC3_range_pct_rank"":{""score"":60.0},""_score"":62.95},""sr_quality"":{""SR1_touches"":{""value"":2,""score"":25.0},""SR2_tightness"":{""value"":1.1599999999999966,""score"":73.08963768776364},""SR3_recency"":{""value"":245,""score"":0.0},""SR4_price_location"":{""score"":95.82879377431897},""SR5_reaction"":{""value"":3.584761841636497,""score"":100},""_score"":57.42,""_levels_found"":6,""_target_level"":245.96},""volume"":{""V1_rvol_day"":{""value"":0.37451140646257036,""score"":0},""V2_rvol_sameslot"":{""value"":0.7082933676685012,""score"":13.886224511233412,""status"":""ok""},""V3_breakout_bar"":{""value"":0.48408214649031844,""score"":0},""V4_base_dryup"":{""value"":1.115846471387941,""score"":38.415352861205896},""V5_bo_expansion"":{""value"":0.37451140646257036,""score"":0},""_score"":10.46},""readiness"":{""_distance_atr"":1.142,""BR1_atr_distance"":{""score"":23.869966389664484},""BR2_compression"":{""score"":0},""BR3_retest"":{""score"":50.0},""BR4_bo_age"":{""score"":50.0},""_score"":27.05},""risk"":{""R1_stop_clarity"":{""score"":15.813483350870271},""R2_stop_distance_pct"":{""value"":2.849260059521378,""score"":100.0},""R3_stop_distance_atr"":{""value"":0.8106688650090711,""score"":65.53344325045356},""R4_rr_potential"":{""value"":3.5756444101045255,""score"":100.0},""_score"":65.36},""market"":{""M1_spy_regime"":{""score"":100.0},""M3_earnings_risk"":{""value"":null,""score"":80.0},""M4_vix"":{""value"":null,""score"":60.0},""_score"":84.0},""liquidity"":{""L1_price"":{""value"":245.29,""score"":100.0},""L2_dollar_vol"":{""value"":164633650.52188134,""score"":100.0},""L3_spread_proxy"":{""value"":0.023319336295813117,""score"":76.68066370418688},""L4_volume_zscore"":{""value"":-2.1781753764174936,""score"":100.0},""_score"":97.67},""pattern_structure"":{""pole_low"":239.99,""pole_low_idx"":27,""peak_price"":255.135,""peak_idx"":52,""pole_gain"":0.06310679611650477,""flag_bars"":7,""flag_low"":241.93,""flag_high"":254.13,""structural_low"":241.93,""current_price"":246.37,""neckline_distance_pct"":0.03557657182286799,""base_bars"":7},""pattern_geometry_features"":{""pole_gain"":0.06310679611650477,""pullback_pct"":0.051756913006839454,""flag_range_pct"":0.04781782193740564,""flag_drift_per_bar"":-0.005914449231411543,""atr_pct"":0.03514702713406288,""pole_atr_multiple"":1.7955087887175687},""_schema_version"":""1.0""}",,,,,,,,,,
20260508T181321Z-e7d442,2026-05-08T18:13:21.400575+00:00,VYX,vcp,breakout_confirmed,41.55,42.2,39.7,31.3,58.0,23.5,18.9,28.2,84.0,74.8,6.34,9.92,3.76,6.97,3.06,1.32,1.41,5.04,3.74,False,,8.545,7.34,6.4419,10.91,"{""trend"":{""T1_ema_stack"":{""value"":[true,false,false],""score"":33.33333333333333},""T2_ema50_slope"":{""value"":-0.17441727757234676,""score"":20.930453737942205},""T3_high_proximity"":{""value"":0.8631313131313131,""score"":31.565656565656518},""T4_rs_1m"":{""value"":0.242440415707194,""score"":100},""T5_rs_3m"":{""value"":-0.20009322896354276,""score"":0},""T6_adr_healthy"":{""value"":4.685356768686698,""score"":100.0},""_score"":42.25},""geometry"":{""sub_contraction_count"":100.0,""sub_reduction_rate"":0,""sub_pivot_tightness"":0,""sub_volume_dryup"":0,""sub_base_depth"":46.9,""sub_base_duration"":100.0,""_score"":39.69},""compression"":{""VC1_atr_ratio"":{""value"":0.7014294517193954,""score"":74.64263707015114},""VC2_range_contraction"":{""value"":1.0150455603851796,""score"":0},""VC3_range_pct_rank"":{""score"":5.833333333333335},""_score"":31.32},""sr_quality"":{""SR1_touches"":{""value"":4,""score"":75.0},""SR2_tightness"":{""value"":0.10064634866700324,""score"":52.818601304624366},""SR3_recency"":{""value"":279,""score"":0.0},""SR4_price_location"":{""score"":50.49682358690342},""SR5_reaction"":{""value"":2.314621038356579,""score"":100},""_score"":58.05,""_levels_found"":5,""_target_level"":9.8112},""volume"":{""V1_rvol_day"":{""value"":0.7615141062078572,""score"":17.434273747190478},""V2_rvol_sameslot"":{""value"":1.7578621039639417,""score"":83.85747359759611,""status"":""ok""},""V3_breakout_bar"":{""value"":0.500055792295832,""score"":0.0037194863887979324},""V4_base_dryup"":{""value"":1.3377033206018496,""score"":16.229667939815045},""V5_bo_expansion"":{""value"":0.7615141062078572,""score"":0},""_score"":23.51},""readiness"":{""_distance_atr"":-2.824,""BR1_atr_distance"":{""score"":3.511527063905291},""BR2_compression"":{""score"":0},""BR3_retest"":{""score"":50.0},""BR4_bo_age"":{""score"":50.0},""_score"":18.9},""risk"":{""R1_stop_clarity"":{""score"":54.01228883791768},""R2_stop_distance_pct"":{""value"":24.612053832650677,""score"":0.0},""R3_stop_distance_atr"":{""value"":4.92949823368883,""score"":53.52508831555851},""R4_rr_potential"":{""value"":1.124530455042556,""score"":6.2265227521278055},""_score"":28.18},""market"":{""M1_spy_regime"":{""score"":100.0},""M3_earnings_risk"":{""value"":null,""score"":80.0},""M4_vix"":{""value"":null,""score"":60.0},""_score"":84.0},""liquidity"":{""L1_price"":{""value"":8.545,""score"":99.2725},""L2_dollar_vol"":{""value"":14577446.3217233,""score"":58.18407254505096},""L3_spread_proxy"":{""value"":0.08250438853130486,""score"":17.495611468695145},""L4_volume_zscore"":{""value"":-0.5618600455575312,""score"":100.0},""_score"":74.84},""pattern_structure"":{""n_contractions"":5,""contractions_pct"":[9.3,26.77,22.69,15.41,10.9],""descending_strict"":false,""final_low"":6.54,""final_pivot"":7.34,""structural_low"":6.54,""dry_up_ratio"":1.114954162373349,""current_price"":8.545,""neckline_distance_pct"":-0.14101813926272674,""base_bars"":50},""pattern_geometry_features"":{""contraction_count"":5.0,""first_contraction_pct"":0.09297725024727987,""last_contraction_pct"":0.10899182561307899,""dry_up_ratio"":1.114954162373349,""near_monotone"":0.0,""base_depth_pct"":0.35311572700296734},""_schema_version"":""1.0""}",,,,,,,,,,
20260508T181321Z-e7d442,2026-05-08T18:13:21.400575+00:00,TTAN,vcp,absent,41.42,21.7,39.6,55.8,45.0,11.7,22.3,78.4,84.0,82.8,3.25,9.9,6.7,5.4,1.52,1.56,3.92,5.04,4.14,False,,62.83,68.075,57.3762,119.775,"{""trend"":{""T1_ema_stack"":{""value"":[true,false,false],""score"":33.33333333333333},""T2_ema50_slope"":{""value"":-0.35912816466875824,""score"":0},""T3_high_proximity"":{""value"":0.7574442435201928,""score"":0},""T4_rs_1m"":{""value"":-0.01515813233960328,""score"":34.841867660396716},""T5_rs_3m"":{""value"":-0.08188266861287963,""score"":9.058665693560187},""T6_adr_healthy"":{""value"":5.417998471564357,""score"":100.0},""_score"":21.66},""geometry"":{""sub_contraction_count"":100.0,""sub_reduction_rate"":0.4,""sub_pivot_tightness"":0,""sub_volume_dryup"":29.9,""sub_base_depth"":0.0,""sub_base_duration"":100.0,""_score"":39.59},""compression"":{""VC1_atr_ratio"":{""value"":0.34712883077354506,""score"":100},""VC2_range_contraction"":{""value"":1.0230636323825884,""score"":0},""VC3_range_pct_rank"":{""score"":63.33333333333333},""_score"":55.83},""sr_quality"":{""SR1_touches"":{""value"":2,""score"":25.0},""SR2_tightness"":{""value"":0.44249999999999545,""score"":76.90143680893092},""SR3_recency"":{""value"":236,""score"":0.0},""SR4_price_location"":{""score"":43.84102690693655},""SR5_reaction"":{""value"":2.1682634317492457,""score"":100},""_score"":45.0,""_levels_found"":3,""_target_level"":68.5175},""volume"":{""V1_rvol_day"":{""value"":0.34035443275773897,""score"":0},""V2_rvol_sameslot"":{""value"":0.5659739498954613,""score"":4.3982633263640905,""status"":""ok""},""V3_breakout_bar"":{""value"":0.4121243992476618,""score"":0},""V4_base_dryup"":{""value"":0.9594538644038549,""score"":54.05461355961451},""V5_bo_expansion"":{""value"":0.34035443275773897,""score"":0},""_score"":11.69},""readiness"":{""_distance_atr"":1.369,""BR1_atr_distance"":{""score"":8.736750329823991},""BR2_compression"":{""score"":5.081220925242214},""BR3_retest"":{""score"":50.0},""BR4_bo_age"":{""score"":50.0},""_score"":22.27},""risk"":{""R1_stop_clarity"":{""score"":54.39012522441392},""R2_stop_distance_pct"":{""value"":8.680168709215343,""score"":82.99578226961644},""R3_stop_distance_atr"":{""value"":1.4234326441050198,""score"":96.17163220525099},""R4_rr_potential"":{""value"":10.441439376575753,""score"":100.0},""_score"":78.36},""market"":{""M1_spy_regime"":{""score"":100.0},""M3_earnings_risk"":{""value"":null,""score"":80.0},""M4_vix"":{""value"":null,""score"":60.0},""_score"":84.0},""liquidity"":{""L1_price"":{""value"":62.83,""score"":100.0},""L2_dollar_vol"":{""value"":22339606.32988874,""score"":67.45377578395843},""L3_spread_proxy"":{""value"":0.04169982492439913,""score"":58.30017507560087},""L4_volume_zscore"":{""value"":-2.1928022545092514,""score"":100.0},""_score"":82.81},""pattern_structure"":{""n_contractions"":5,""contractions_pct"":[20.8,36.24,28.52,15.99,14.43],""descending_strict"":false,""final_low"":58.25,""final_pivot"":68.075,""structural_low"":58.25,""dry_up_ratio"":0.8504049089085717,""current_price"":62.83,""neckline_distance_pct"":0.08347922966735644,""base_bars"":70},""pattern_geometry_features"":{""contraction_count"":5.0,""first_contraction_pct"":0.2080036380172806,""last_contraction_pct"":0.1443261109070878,""dry_up_ratio"":0.8504049089085717,""near_monotone"":0.0,""base_depth_pct"":0.4702137335152342},""_schema_version"":""1.0""}",,,,,,,,,,
20260508T181321Z-e7d442,2026-05-08T18:13:21.400575+00:00,AXON,bull_flag,absent,41.2,22.8,38.1,41.5,67.0,20.2,17.5,73.2,84.0,90.0,3.2,11.44,3.73,6.7,2.83,1.57,2.2,5.04,4.5,False,,394.76,438.97,386.7602,508.5127,"{""trend"":{""T1_ema_stack"":{""value"":[false,false,false],""score"":0.0},""T2_ema50_slope"":{""value"":-0.5205710664041892,""score"":0},""T3_high_proximity"":{""value"":0.6816902381322419,""score"":0},""T4_rs_1m"":{""value"":0.03919303525601414,""score"":89.19303525601414},""T5_rs_3m"":{""value"":-0.1145397677012967,""score"":0},""T6_adr_healthy"":{""value"":5.195079075366403,""score"":100.0},""_score"":22.84},""geometry"":{""sub_pole_impulse"":56.8,""sub_flag_tightness"":19.1,""sub_flag_shallowness"":0,""sub_flag_drift"":42.1,""sub_flag_duration"":100.0,""_score"":38.13},""compression"":{""VC1_atr_ratio"":{""value"":0.5144443446868552,""score"":100},""VC2_range_contraction"":{""value"":1.0772046374143471,""score"":0},""VC3_range_pct_rank"":{""score"":5.833333333333335},""_score"":41.46},""sr_quality"":{""SR1_touches"":{""value"":5,""score"":100},""SR2_tightness"":{""value"":3.271657638812473,""score"":71.18027274050777},""SR3_recency"":{""value"":228,""score"":0.0},""SR4_price_location"":{""score"":45.2594102716721},""SR5_reaction"":{""value"":2.883050373418997,""score"":100},""_score"":66.99,""_levels_found"":5,""_target_level"":414.6621},""volume"":{""V1_rvol_day"":{""value"":0.9386023688059397,""score"":29.24015792039598},""V2_rvol_sameslot"":{""value"":1.574694621753046,""score"":71.64630811686973,""status"":""ok""},""V3_breakout_bar"":{""value"":0.4952007848525648,""score"":0},""V4_base_dryup"":{""value"":1.6165294584691248,""score"":0},""V5_bo_expansion"":{""value"":0.9386023688059397,""score"":0},""_score"":20.18},""readiness"":{""_distance_atr"":1.947,""BR1_atr_distance"":{""score"":0},""BR2_compression"":{""score"":0},""BR3_retest"":{""score"":50.0},""BR4_bo_age"":{""score"":50.0},""_score"":17.5},""risk"":{""R1_stop_clarity"":{""score"":48.117741106858105},""R2_stop_distance_pct"":{""value"":2.026484446245822,""score"":100.0},""R3_stop_distance_atr"":{""value"":0.3523452613272319,""score"":42.6172630663616},""R4_rr_potential"":{""value"":14.219531860370633,""score"":100.0},""_score"":73.23},""market"":{""M1_spy_regime"":{""score"":100.0},""M3_earnings_risk"":{""value"":null,""score"":80.0},""M4_vix"":{""value"":null,""score"":60.0},""_score"":84.0},""liquidity"":{""L1_price"":{""value"":394.76,""score"":100.0},""L2_dollar_vol"":{""value"":426931383.62080306,""score"":100.0},""L3_spread_proxy"":{""value"":0.10183402573715673,""score"":0},""L4_volume_zscore"":{""value"":-0.13537306681093844,""score"":100.0},""_score"":90.0},""pattern_structure"":{""pole_low"":369.4273,""pole_low_idx"":44,""peak_price"":438.97,""peak_idx"":51,""pole_gain"":0.18824461538170034,""flag_bars"":8,""flag_low"":392.65,""flag_high"":432.76,""structural_low"":392.65,""current_price"":394.21,""neckline_distance_pct"":0.11354354278176619,""base_bars"":8},""pattern_geometry_features"":{""pole_gain"":0.18824461538170034,""pullback_pct"":0.10551973938993564,""flag_range_pct"":0.0913729867644714,""flag_drift_per_bar"":-0.011577555351812792,""atr_pct"":0.057514167740254495,""pole_atr_multiple"":3.2730129423388465},""_schema_version"":""1.0""}",,,,,,,,,,
20260508T181321Z-e7d442,2026-05-08T18:13:21.400575+00:00,PAR,bull_flag,absent,41.17,33.3,21.8,49.0,52.3,48.9,24.9,79.8,84.0,75.7,4.67,6.55,4.41,5.23,6.85,2.24,2.4,5.04,3.79,False,,14.34,15.5,13.5437,17.46,"{""trend"":{""T1_ema_stack"":{""value"":[true,false,false],""score"":33.33333333333333},""T2_ema50_slope"":{""value"":-0.8584830162500681,""score"":0},""T3_high_proximity"":{""value"":0.6167741935483871,""score"":0},""T4_rs_1m"":{""value"":0.10958205750672967,""score"":100},""T5_rs_3m"":{""value"":-0.42282174665700223,""score"":0},""T6_adr_healthy"":{""value"":6.3952369648306115,""score"":100.0},""_score"":33.33},""geometry"":{""sub_pole_impulse"":29.6,""sub_flag_tightness"":0,""sub_flag_shallowness"":0,""sub_flag_drift"":28.0,""sub_flag_duration"":87.5,""_score"":21.83},""compression"":{""VC1_atr_ratio"":{""value"":0.3754034203217773,""score"":100},""VC2_range_contraction"":{""value"":0.8783679426922197,""score"":20.272009551296712},""VC3_range_pct_rank"":{""score"":7.499999999999996},""_score"":48.97},""sr_quality"":{""SR1_touches"":{""value"":2,""score"":25.0},""SR2_tightness"":{""value"":0.22380000000000067,""score"":52.8721628085374},""SR3_recency"":{""value"":231,""score"":0.0},""SR4_price_location"":{""score"":87.55150088287228},""SR5_reaction"":{""value"":2.4730532617360823,""score"":100},""_score"":52.32,""_levels_found"":5,""_target_level"":14.5938},""volume"":{""V1_rvol_day"":{""value"":1.0459366692824774,""score"":36.39577795216516},""V2_rvol_sameslot"":{""value"":1.9384952408700673,""score"":95.89968272467115,""status"":""ok""},""V3_breakout_bar"":{""value"":0.6206220825310738,""score"":8.04147216873825},""V4_base_dryup"":{""value"":0.4695598627105763,""score"":100},""V5_bo_expansion"":{""value"":1.0459366692824774,""score"":3.0624446188318277},""_score"":48.93},""readiness"":{""_distance_atr"":1.221,""BR1_atr_distance"":{""score"":18.575675987345136},""BR2_compression"":{""score"":0},""BR3_retest"":{""score"":50.0},""BR4_bo_age"":{""score"":50.0},""_score"":24.93},""risk"":{""R1_stop_clarity"":{""score"":56.567844411353136},""R2_stop_distance_pct"":{""value"":5.552649930264996,""score"":100.0},""R3_stop_distance_atr"":{""value"":0.8383722154535751,""score"":66.91861077267876},""R4_rr_potential"":{""value"":3.918367346938774,""score"":100.0},""_score"":79.84},""market"":{""M1_spy_regime"":{""score"":100.0},""M3_earnings_risk"":{""value"":null,""score"":80.0},""M4_vix"":{""value"":null,""score"":60.0},""_score"":84.0},""liquidity"":{""L1_price"":{""value"":14.34,""score"":100.0},""L2_dollar_vol"":{""value"":19319468.52740622,""score"":64.29975874685789},""L3_spread_proxy"":{""value"":0.11854951185495113,""score"":0},""L4_volume_zscore"":{""value"":0.11980324880949009,""score"":100.0},""_score"":75.72},""pattern_structure"":{""pole_low"":13.54,""pole_low_idx"":44,""peak_price"":15.5,""peak_idx"":55,""pole_gain"":0.14475627769571647,""flag_bars"":4,""flag_low"":13.75,""flag_high"":15.45,""structural_low"":13.75,""current_price"":13.95,""neckline_distance_pct"":0.11111111111111117,""base_bars"":4},""pattern_geometry_features"":{""pole_gain"":0.14475627769571647,""pullback_pct"":0.11290322580645161,""flag_range_pct"":0.10967741935483867,""flag_drift_per_bar"":-0.014408602150537854,""atr_pct"":0.06623132098027497,""pole_atr_multiple"":2.185616647127238},""_schema_version"":""1.0""}",,,,,,,,,,
20260508T181321Z-e7d442,2026-05-08T18:13:21.400575+00:00,KVYO,vcp,invalidated,41.06,14.0,50.2,13.5,53.3,36.4,32.1,33.4,84.0,93.8,2.1,12.56,1.62,6.39,4.73,2.25,1.67,5.04,4.69,False,,15.07,21.5609,18.2226,25.1558,"{""trend"":{""T1_ema_stack"":{""value"":[false,false,false],""score"":0.0},""T2_ema50_slope"":{""value"":-0.030892529786291156,""score"":44.85124503561814},""T3_high_proximity"":{""value"":0.6459494213459066,""score"":0},""T4_rs_1m"":{""value"":-0.23731782309679583,""score"":0},""T5_rs_3m"":{""value"":-0.2802495974797923,""score"":0},""T6_adr_healthy"":{""value"":6.110720148059317,""score"":100.0},""_score"":13.97},""geometry"":{""sub_contraction_count"":100.0,""sub_reduction_rate"":20.9,""sub_pivot_tightness"":0,""sub_volume_dryup"":0,""sub_base_depth"":100.0,""sub_base_duration"":100.0,""_score"":50.23},""compression"":{""VC1_atr_ratio"":{""value"":1.0439516446378359,""score"":0},""VC2_range_contraction"":{""value"":1.0916797698797125,""score"":0},""VC3_range_pct_rank"":{""score"":54.16666666666667},""_score"":13.54},""sr_quality"":{""SR1_touches"":{""value"":2,""score"":25.0},""SR2_tightness"":{""value"":0.3200000000000012,""score"":61.85188654342313},""SR3_recency"":{""value"":242,""score"":0.0},""SR4_price_location"":{""score"":86.05209601743911},""SR5_reaction"":{""value"":2.1622231494333133,""score"":100},""_score"":53.29,""_levels_found"":9,""_target_level"":15.85},""volume"":{""V1_rvol_day"":{""value"":0.8758746609661849,""score"":25.058310731078997},""V2_rvol_sameslot"":{""value"":2.505056164872911,""score"":100,""status"":""ok""},""V3_breakout_bar"":{""value"":0.7500597899953408,""score"":16.670652666356055},""V4_base_dryup"":{""value"":1.138335739037421,""score"":36.16642609625791},""V5_bo_expansion"":{""value"":0.8758746609661849,""score"":0},""_score"":36.41},""readiness"":{""_distance_atr"":3.869,""BR1_atr_distance"":{""score"":0},""BR2_compression"":{""score"":58.6198937595522},""BR3_retest"":{""score"":50.0},""BR4_bo_age"":{""score"":50.0},""_score"":32.15},""risk"":{""R1_stop_clarity"":{""score"":66.91825404259308},""R2_stop_distance_pct"":{""value"":-20.91969807564698,""score"":0.0},""R3_stop_distance_atr"":{""value"":-1.8791513322036504,""score"":0.0},""R4_rr_potential"":{""value"":null,""score"":50.0},""_score"":33.42},""market"":{""M1_spy_regime"":{""score"":100.0},""M3_earnings_risk"":{""value"":null,""score"":80.0},""M4_vix"":{""value"":null,""score"":60.0},""_score"":84.0},""liquidity"":{""L1_price"":{""value"":15.07,""score"":100.0},""L2_dollar_vol"":{""value"":87504560.79983419,""score"":97.101534467448},""L3_spread_proxy"":{""value"":0.05043132050431319,""score"":49.56867949568681},""L4_volume_zscore"":{""value"":-0.1799678303414334,""score"":100.0},""_score"":93.8},""pattern_structure"":{""n_contractions"":5,""contractions_pct"":[23.38,16.88,18.91,17.92,14.2],""descending_strict"":false,""final_low"":18.5001,""final_pivot"":21.5609,""structural_low"":18.5001,""dry_up_ratio"":2.0937425307681043,""current_price"":15.07,""neckline_distance_pct"":0.43071665560716654,""base_bars"":49},""pattern_geometry_features"":{""contraction_count"":5.0,""first_contraction_pct"":0.23376329486309116,""last_contraction_pct"":0.14196067882138502,""dry_up_ratio"":2.0937425307681043,""near_monotone"":0.0,""base_depth_pct"":0.16270196877121518},""_schema_version"":""1.0""}",,,,,,,,,,
20260508T181321Z-e7d442,2026-05-08T18:13:21.400575+00:00,XEL,bull_flag,absent,40.97,50.1,31.2,47.9,42.4,19.5,17.5,59.8,84.0,98.0,7.01,9.36,4.31,4.24,2.73,1.57,1.79,5.04,4.9,True,risk_unclear,79.925,83.095,78.4011,87.95,"{""trend"":{""T1_ema_stack"":{""value"":[false,true,true],""score"":66.66666666666666},""T2_ema50_slope"":{""value"":0.01689072829187441,""score"":52.81512138197907},""T3_high_proximity"":{""value"":0.9525086402097486,""score"":76.25432010487427},""T4_rs_1m"":{""value"":-0.11879529546430034,""score"":0},""T5_rs_3m"":{""value"":-0.014575616288569737,""score"":42.71219185571513},""T6_adr_healthy"":{""value"":2.037850691924474,""score"":100.0},""_score"":50.07},""geometry"":{""sub_pole_impulse"":47.7,""sub_flag_tightness"":10.3,""sub_flag_shallowness"":0,""sub_flag_drift"":95.4,""sub_flag_duration"":0.0,""_score"":31.2},""compression"":{""VC1_atr_ratio"":{""value"":0.5914285510189613,""score"":100},""VC2_range_contraction"":{""value"":1.0355864022826333,""score"":0},""VC3_range_pct_rank"":{""score"":31.666666666666664},""_score"":47.92},""sr_quality"":{""SR1_touches"":{""value"":2,""score"":25.0},""SR2_tightness"":{""value"":0.4024999999999963,""score"":52.797788574300995},""SR3_recency"":{""value"":263,""score"":0.0},""SR4_price_location"":{""score"":68.54942233632862},""SR5_reaction"":{""value"":1.3178505612330342,""score"":65.89252806165172},""_score"":42.44,""_levels_found"":8,""_target_level"":80.5375},""volume"":{""V1_rvol_day"":{""value"":0.362528590715841,""score"":0},""V2_rvol_sameslot"":{""value"":0.9913936047595256,""score"":32.75957365063504,""status"":""ok""},""V3_breakout_bar"":{""value"":0.6599761276999269,""score"":10.665075179995124},""V4_base_dryup"":{""value"":0.9849854534213635,""score"":51.501454657863654},""V5_bo_expansion"":{""value"":0.362528590715841,""score"":0},""_score"":19.52},""readiness"":{""_distance_atr"":1.859,""BR1_atr_distance"":{""score"":0},""BR2_compression"":{""score"":0},""BR3_retest"":{""score"":50.0},""BR4_bo_age"":{""score"":50.0},""_score"":17.5},""risk"":{""R1_stop_clarity"":{""score"":0},""R2_stop_distance_pct"":{""value"":1.906693775414458,""score"":97.66734438536145},""R3_stop_distance_atr"":{""value"":0.8935730440609848,""score"":69.67865220304924},""R4_rr_potential"":{""value"":5.266007185392967,""score"":100.0},""_score"":59.75},""market"":{""M1_spy_regime"":{""score"":100.0},""M3_earnings_risk"":{""value"":null,""score"":80.0},""M4_vix"":{""value"":null,""score"":60.0},""_score"":84.0},""liquidity"":{""L1_price"":{""value"":79.925,""score"":100.0},""L2_dollar_vol"":{""value"":140430365.20343646,""score"":100.0},""L3_spread_proxy"":{""value"":0.019831091648420493,""score"":80.1689083515795},""L4_volume_zscore"":{""value"":-1.9739025799261563,""score"":100.0},""_score"":98.02},""pattern_structure"":{""pole_low"":78.24,""pole_low_idx"":19,""peak_price"":83.095,""peak_idx"":31,""pole_gain"":0.06205265848670762,""flag_bars"":28,""flag_low"":79.595,""flag_high"":82.37,""structural_low"":79.595,""current_price"":79.75,""neckline_distance_pct"":0.041943573667711585,""base_bars"":28},""pattern_geometry_features"":{""pole_gain"":0.06205265848670762,""pullback_pct"":0.04212046452855166,""flag_range_pct"":0.03339551116192317,""flag_drift_per_bar"":-0.0009109954650977095,""atr_pct"":0.021337861387908313,""pole_atr_multiple"":2.9081011146633218},""_schema_version"":""1.0""}",,,,,,,,,,
20260508T181321Z-e7d442,2026-05-08T18:13:21.400575+00:00,MIR,double_bottom,absent,40.95,9.4,34.1,49.8,68.6,19.7,17.5,70.0,84.0,84.4,1.41,8.54,3.98,9.61,2.56,1.4,4.2,5.04,4.22,False,,19.045,20.79,18.6904,22.605,"{""trend"":{""T1_ema_stack"":{""value"":[false,false,false],""score"":0.0},""T2_ema50_slope"":{""value"":-0.1685492295029022,""score"":21.9084617495163},""T3_high_proximity"":{""value"":0.7905770029057702,""score"":0},""T4_rs_1m"":{""value"":-0.08782429887429055,""score"":0},""T5_rs_3m"":{""value"":-0.2763720181971444,""score"":0},""T6_adr_healthy"":{""value"":4.287726098649596,""score"":100.0},""_score"":9.38},""geometry"":{""sub_low_similarity"":23.6,""sub_bounce_quality"":93.8,""sub_separation_fit"":0.0,""sub_right_bottom_reaction"":15.3,""sub_base_context"":30.0,""_score"":34.14},""compression"":{""VC1_atr_ratio"":{""value"":0.4494509520840853,""score"":100},""VC2_range_contraction"":{""value"":1.5291959919555487,""score"":0},""VC3_range_pct_rank"":{""score"":39.16666666666667},""_score"":49.79},""sr_quality"":{""SR1_touches"":{""value"":5,""score"":100},""SR2_tightness"":{""value"":0.2757244160389127,""score"":43.32488878953489},""SR3_recency"":{""value"":238,""score"":0.0},""SR4_price_location"":{""score"":68.51860454313191},""SR5_reaction"":{""value"":2.0711408016443977,""score"":100},""_score"":68.63,""_levels_found"":7,""_target_level"":19.9938},""volume"":{""V1_rvol_day"":{""value"":0.39584832564997574,""score"":0},""V2_rvol_sameslot"":{""value"":1.0028826983406445,""score"":33.52551322270963,""status"":""ok""},""V3_breakout_bar"":{""value"":0.9538137708795467,""score"":30.254251391969778},""V4_base_dryup"":{""value"":1.228820365519609,""score"":27.11796344803909},""V5_bo_expansion"":{""value"":0.39584832564997563,""score"":0},""_score"":19.69},""readiness"":{""_distance_atr"":1.793,""BR1_atr_distance"":{""score"":0},""BR2_compression"":{""score"":0},""BR3_retest"":{""score"":50.0},""BR4_bo_age"":{""score"":50.0},""_score"":17.5},""risk"":{""R1_stop_clarity"":{""score"":41.49537512846825},""R2_stop_distance_pct"":{""value"":1.8620372801260288,""score"":96.55093200315072},""R3_stop_distance_atr"":{""value"":0.36446557040082456,""score"":43.223278520041234},""R4_rr_potential"":{""value"":10.03877335213246,""score"":100.0},""_score"":69.97},""market"":{""M1_spy_regime"":{""score"":100.0},""M3_earnings_risk"":{""value"":null,""score"":80.0},""M4_vix"":{""value"":null,""score"":60.0},""_score"":84.0},""liquidity"":{""L1_price"":{""value"":19.045,""score"":100.0},""L2_dollar_vol"":{""value"":27387425.316392377,""score"":71.87756031397363},""L3_spread_proxy"":{""value"":0.043843528485166754,""score"":56.15647151483325},""L4_volume_zscore"":{""value"":-1.1560847166432546,""score"":100.0},""_score"":84.37},""pattern_structure"":{""left_low"":18.975,""left_idx"":23,""right_low"":19.7142,""right_idx"":70,""separation_bars"":47,""structural_low"":18.975,""current_price"":19.09,""neckline_distance_pct"":0.08905185961236246,""base_bars"":47},""pattern_geometry_features"":{""low_similarity_pct"":0.03821221426134427,""bounce_pct"":0.09565217391304336,""right_bottom_reaction"":0.15326510721247366,""atr_pct"":0.05108952480966131},""_schema_version"":""1.0""}",,,,,,,,,,
20260508T181321Z-e7d442,2026-05-08T18:13:21.400575+00:00,SAIL,bull_flag,absent,40.92,14.8,28.9,75.2,54.1,17.2,46.4,79.8,84.0,79.2,2.08,8.68,6.76,5.41,2.41,4.17,2.39,5.04,3.96,False,,11.985,12.73,11.2093,14.38,"{""trend"":{""T1_ema_stack"":{""value"":[false,false,false],""score"":0.0},""T2_ema50_slope"":{""value"":-0.5411444156317399,""score"":0},""T3_high_proximity"":{""value"":0.7448725916718458,""score"":0},""T4_rs_1m"":{""value"":-0.0007882186194039242,""score"":49.21178138059608},""T5_rs_3m"":{""value"":-0.2528540498423263,""score"":0},""T6_adr_healthy"":{""value"":5.745167473428172,""score"":100.0},""_score"":14.84},""geometry"":{""sub_pole_impulse"":40.1,""sub_flag_tightness"":0,""sub_flag_shallowness"":0,""sub_flag_drift"":96.1,""sub_flag_duration"":25.0,""_score"":28.95},""compression"":{""VC1_atr_ratio"":{""value"":0.3520613635465999,""score"":100},""VC2_range_contraction"":{""value"":0.8045236379028374,""score"":32.57939368286043},""VC3_range_pct_rank"":{""score"":95.0},""_score"":75.15},""sr_quality"":{""SR1_touches"":{""value"":3,""score"":50.0},""SR2_tightness"":{""value"":0.04642796092394688,""score"":86.4534314339699},""SR3_recency"":{""value"":194,""score"":0.0},""SR4_price_location"":{""score"":44.63470319634703},""SR5_reaction"":{""value"":2.319619857446543,""score"":100},""_score"":54.13,""_levels_found"":5,""_target_level"":12.7933},""volume"":{""V1_rvol_day"":{""value"":0.3921288745919745,""score"":0},""V2_rvol_sameslot"":{""value"":0.7799481353725742,""score"":18.66320902483828,""status"":""ok""},""V3_breakout_bar"":{""value"":0.4198652821030814,""score"":0},""V4_base_dryup"":{""value"":0.826117231727951,""score"":67.38827682720489},""V5_bo_expansion"":{""value"":0.39212887459197443,""score"":0},""_score"":17.21},""readiness"":{""_distance_atr"":1.087,""BR1_atr_distance"":{""score"":27.542272796743106},""BR2_compression"":{""score"":71.36366210694479},""BR3_retest"":{""score"":50.0},""BR4_bo_age"":{""score"":50.0},""_score"":46.36},""risk"":{""R1_stop_clarity"":{""score"":50.193822683506276},""R2_stop_distance_pct"":{""value"":6.472256987901533,""score"":100.0},""R3_stop_distance_atr"":{""value"":1.1316535367429437,""score"":81.58267683714719},""R4_rr_potential"":{""value"":3.0875338404022243,""score"":100.0},""_score"":79.81},""market"":{""M1_spy_regime"":{""score"":100.0},""M3_earnings_risk"":{""value"":null,""score"":80.0},""M4_vix"":{""value"":null,""score"":60.0},""_score"":84.0},""liquidity"":{""L1_price"":{""value"":11.985,""score"":100.0},""L2_dollar_vol"":{""value"":12122030.642099025,""score"":54.17876887430219},""L3_spread_proxy"":{""value"":0.02419691280767634,""score"":75.80308719232366},""L4_volume_zscore"":{""value"":-1.826772689050915,""score"":100.0},""_score"":79.25},""pattern_structure"":{""pole_low"":11.08,""pole_low_idx"":20,""peak_price"":12.73,""peak_idx"":33,""pole_gain"":0.1489169675090253,""flag_bars"":26,""flag_low"":11.38,""flag_high"":12.695,""structural_low"":11.38,""current_price"":12.04,""neckline_distance_pct"":0.057308970099667886,""base_bars"":26},""pattern_geometry_features"":{""pole_gain"":0.1489169675090253,""pullback_pct"":0.10604870384917514,""flag_range_pct"":0.10329929300864096,""flag_drift_per_bar"":-0.0007723542607263401,""atr_pct"":0.057192919721079906,""pole_atr_multiple"":2.603765784913026},""_schema_version"":""1.0""}",,,,,,,,,,
20260508T181321Z-e7d442,2026-05-08T18:13:21.400575+00:00,FRMI,bull_flag,absent,40.67,8.6,35.8,72.5,55.0,20.4,26.4,81.1,84.0,79.9,1.21,10.74,6.53,5.5,2.86,2.38,2.43,5.04,3.99,False,,5.135,5.76,4.9742,6.8,"{""trend"":{""T1_ema_stack"":{""value"":[false,false,false],""score"":0.0},""T2_ema50_slope"":{""value"":-1.3298237356799485,""score"":0},""T3_high_proximity"":{""value"":0.4355385920271417,""score"":0},""T4_rs_1m"":{""value"":-0.019070241234637297,""score"":30.929758765362703},""T5_rs_3m"":{""value"":-0.42573091931887275,""score"":0},""T6_adr_healthy"":{""value"":10.060088025205154,""score"":48.49779936987115},""_score"":8.61},""geometry"":{""sub_pole_impulse"":27.7,""sub_flag_tightness"":25.8,""sub_flag_shallowness"":0,""sub_flag_drift"":73.7,""sub_flag_duration"":100.0,""_score"":35.81},""compression"":{""VC1_atr_ratio"":{""value"":0.3234869093905398,""score"":100},""VC2_range_contraction"":{""value"":0.7419949343808813,""score"":43.000844269853125},""VC3_range_pct_rank"":{""score"":70.0},""_score"":72.55},""sr_quality"":{""SR1_touches"":{""value"":3,""score"":50.0},""SR2_tightness"":{""value"":0.0984321537348894,""score"":63.29310765839722},""SR3_recency"":{""value"":47,""score"":71.66666666666667},""SR4_price_location"":{""score"":18.828033960379535},""SR5_reaction"":{""value"":4.642800063928401,""score"":100},""_score"":54.95,""_levels_found"":5,""_target_level"":7.1667},""volume"":{""V1_rvol_day"":{""value"":0.24809536997193793,""score"":0},""V2_rvol_sameslot"":{""value"":0.5302712432333458,""score"":2.018082882223056,""status"":""ok""},""V3_breakout_bar"":{""value"":0.3715220177153309,""score"":0},""V4_base_dryup"":{""value"":0.46549829958175976,""score"":100},""V5_bo_expansion"":{""value"":0.24809536997193793,""score"":0},""_score"":20.4},""readiness"":{""_distance_atr"":1.165,""BR1_atr_distance"":{""score"":22.309235878038805},""BR2_compression"":{""score"":0},""BR3_retest"":{""score"":50.0},""BR4_bo_age"":{""score"":50.0},""_score"":26.42},""risk"":{""R1_stop_clarity"":{""score"":71.75163816525483},""R2_stop_distance_pct"":{""value"":3.1304771178188933,""score"":100.0},""R3_stop_distance_atr"":{""value"":0.2997309679825266,""score"":39.986548399126335},""R4_rr_potential"":{""value"":10.35769828926904,""score"":100.0},""_score"":81.11},""market"":{""M1_spy_regime"":{""score"":100.0},""M3_earnings_risk"":{""value"":null,""score"":80.0},""M4_vix"":{""value"":null,""score"":60.0},""_score"":84.0},""liquidity"":{""L1_price"":{""value"":5.135,""score"":97.5675},""L2_dollar_vol"":{""value"":24728740.964491587,""score"":69.66010026591518},""L3_spread_proxy"":{""value"":0.07400194741966892,""score"":25.998052580331077},""L4_volume_zscore"":{""value"":-1.0096592666612856,""score"":100.0},""_score"":79.86},""pattern_structure"":{""pole_low"":4.72,""pole_low_idx"":40,""peak_price"":5.76,""peak_idx"":49,""pole_gain"":0.22033898305084748,""flag_bars"":10,""flag_low"":5.05,""flag_high"":5.615,""structural_low"":5.05,""current_price"":5.115,""neckline_distance_pct"":0.12609970674486795,""base_bars"":10},""pattern_geometry_features"":{""pole_gain"":0.22033898305084748,""pullback_pct"":0.12326388888888888,""flag_range_pct"":0.09809027777777785,""flag_drift_per_bar"":-0.005260819337065683,""atr_pct"":0.10444289887327861,""pole_atr_multiple"":2.1096597799165506},""_schema_version"":""1.0""}",,,,,,,,,,
20260508T181321Z-e7d442,2026-05-08T18:13:21.400575+00:00,EXLS,ascending_triangle,absent,40.57,26.8,25.7,45.8,69.8,21.6,17.5,68.5,84.0,82.5,4.03,7.21,3.67,9.77,2.6,1.4,2.74,5.04,4.13,True,risk_unclear,31.095,32.89,29.9834,35.34,"{""trend"":{""T1_ema_stack"":{""value"":[false,false,false],""score"":0.0},""T2_ema50_slope"":{""value"":-0.08472006814914902,""score"":35.879988641808495},""T3_high_proximity"":{""value"":0.9552995391705069,""score"":77.64976958525344},""T4_rs_1m"":{""value"":-0.039915044477200956,""score"":10.084955522799042},""T5_rs_3m"":{""value"":-0.08669109282045007,""score"":6.654453589774967},""T6_adr_healthy"":{""value"":3.298171714338932,""score"":100.0},""_score"":26.84},""geometry"":{""sub_flat_top_quality"":33.3,""sub_hl_slope"":2.5,""sub_compression"":0,""sub_duration"":100.0,""_score"":25.74},""compression"":{""VC1_atr_ratio"":{""value"":0.31464066164198556,""score"":100},""VC2_range_contraction"":{""value"":1.3523798386491028,""score"":0},""VC3_range_pct_rank"":{""score"":23.33333333333333},""_score"":45.83},""sr_quality"":{""SR1_touches"":{""value"":4,""score"":75.0},""SR2_tightness"":{""value"":0.20141297748655612,""score"":65.42160477253401},""SR3_recency"":{""value"":245,""score"":0.0},""SR4_price_location"":{""score"":89.77914740626602},""SR5_reaction"":{""value"":2.2411202060148976,""score"":100},""_score"":69.76,""_levels_found"":5,""_target_level"":31.3438},""volume"":{""V1_rvol_day"":{""value"":0.2826702250306542,""score"":0},""V2_rvol_sameslot"":{""value"":0.7338927741565625,""score"":15.5928516104375,""status"":""ok""},""V3_breakout_bar"":{""value"":0.9068836345770529,""score"":27.125575638470195},""V4_base_dryup"":{""value"":0.9136613326319458,""score"":58.633866736805416},""V5_bo_expansion"":{""value"":0.2826702250306542,""score"":0},""_score"":21.63},""readiness"":{""_distance_atr"":1.541,""BR1_atr_distance"":{""score"":0},""BR2_compression"":{""score"":0},""BR3_retest"":{""score"":50.0},""BR4_bo_age"":{""score"":50.0},""_score"":17.5},""risk"":{""R1_stop_clarity"":{""score"":21.611330819460818},""R2_stop_distance_pct"":{""value"":3.5748512622608115,""score"":100.0},""R3_stop_distance_atr"":{""value"":0.9541923418866292,""score"":72.70961709433146},""R4_rr_potential"":{""value"":3.8188197193235043,""score"":100.0},""_score"":68.47},""market"":{""M1_spy_regime"":{""score"":100.0},""M3_earnings_risk"":{""value"":null,""score"":80.0},""M4_vix"":{""value"":null,""score"":60.0},""_score"":84.0},""liquidity"":{""L1_price"":{""value"":31.095,""score"":100.0},""L2_dollar_vol"":{""value"":20106129.97550799,""score"":65.1664242856186},""L3_spread_proxy"":{""value"":0.03537546229297308,""score"":64.62453770702692},""L4_volume_zscore"":{""value"":-1.7863560154177387,""score"":100.0},""_score"":82.53},""pattern_structure"":{""top"":32.89,""top_touches"":2,""low_slope_per_bar"":0.0023201832811802214,""lowest_low"":30.44,""structural_low"":30.44,""current_price"":31.03,""neckline_distance_pct"":0.0599419916210119,""base_bars"":39},""pattern_geometry_features"":{""top_touches"":2.0,""low_slope"":0.0023201832811802214,""compression"":-0.10836102851145757,""atr_pct"":0.03746468196540558},""_schema_version"":""1.0""}",,,,,,,,,,
20260508T181321Z-e7d442,2026-05-08T18:13:21.400575+00:00,NG,breakout_retest_hold,breakout_confirmed,40.21,13.3,34.4,65.8,47.5,20.4,44.0,61.6,84.0,77.6,1.87,7.56,3.95,6.64,2.65,7.92,3.08,4.2,2.33,False,,8.665,8.32,8.4546,7.88,"{""trend"":{""T1_ema_stack"":{""value"":[false,false,true],""score"":33.33333333333333},""T2_ema50_slope"":{""value"":-0.34506907101460954,""score"":0},""T3_high_proximity"":{""value"":0.6102112676056338,""score"":0},""T4_rs_1m"":{""value"":-0.156692745610587,""score"":0},""T5_rs_3m"":{""value"":-0.12473323161484662,""score"":0},""T6_adr_healthy"":{""value"":5.77751730514889,""score"":100.0},""_score"":13.33},""geometry"":{""sub_retest_depth"":0.0,""sub_retest_timing"":60.0,""sub_retest_freshness"":100.0,""sub_hold_quality"":7.9,""_score"":34.37},""compression"":{""VC1_atr_ratio"":{""value"":0.45669276008303955,""score"":100},""VC2_range_contraction"":{""value"":0.828951058028662,""score"":28.508156995223004},""VC3_range_pct_rank"":{""score"":63.33333333333333},""_score"":65.81},""sr_quality"":{""SR1_touches"":{""value"":4,""score"":75.0},""SR2_tightness"":{""value"":0.1657369904396723,""score"":46.22545444493703},""SR3_recency"":{""value"":297,""score"":0.0},""SR4_price_location"":{""score"":12.121212121212158},""SR5_reaction"":{""value"":2.575378340170108,""score"":100},""_score"":47.46,""_levels_found"":8,""_target_level"":9.1725},""volume"":{""V1_rvol_day"":{""value"":0.48415550322356943,""score"":0},""V2_rvol_sameslot"":{""value"":1.009643245584008,""score"":33.9762163722672,""status"":""ok""},""V3_breakout_bar"":{""value"":0.442481058365282,""score"":0},""V4_base_dryup"":{""value"":0.8190067696814833,""score"":68.09932303185167},""V5_bo_expansion"":{""value"":0.4841555032235695,""score"":0},""_score"":20.42},""readiness"":{""_distance_atr"":-0.56,""BR1_atr_distance"":{""score"":48.806229576583505},""BR2_compression"":{""score"":0},""BR3_retest"":{""score"":100},""BR4_bo_age"":{""score"":30.0},""_score"":44.02},""risk"":{""R1_stop_clarity"":{""score"":72.29136248812259},""R2_stop_distance_pct"":{""value"":2.428159261396422,""score"":100.0},""R3_stop_distance_atr"":{""value"":0.3413288836357736,""score"":42.066444181788675},""R4_rr_potential"":{""value"":-3.7309885931558786,""score"":0.0},""_score"":61.61},""market"":{""M1_spy_regime"":{""score"":100.0},""M3_earnings_risk"":{""value"":null,""score"":80.0},""M4_vix"":{""value"":null,""score"":60.0},""_score"":84.0},""liquidity"":{""L1_price"":{""value"":8.665,""score"":99.3325},""L2_dollar_vol"":{""value"":13579595.867159728,""score"":56.64434227014712},""L3_spread_proxy"":{""value"":0.04847085978072706,""score"":51.52914021927294},""L4_volume_zscore"":{""value"":-1.0044056896379239,""score"":100.0},""_score"":77.64},""pattern_structure"":{""level"":8.32,""level_idx"":40,""breakout_idx"":64,""bo_peak_idx"":71,""bo_peak_price"":9.445,""retest_idx"":74,""retest_low"":8.54,""structural_low"":8.54,""current_price"":8.645,""neckline_distance_pct"":-0.03759398496240594,""base_bars"":39,""bars_since_breakout"":15},""pattern_geometry_features"":{""retest_depth_atr"":-1.1756622642949786,""bars_breakout_to_retest"":10.0,""bars_since_retest"":5.0,""current_above_level_atr"":1.7367737995266779,""bo_peak_excess_pct"":0.13521634615384615,""atr_pct"":0.07113840573736709},""_schema_version"":""1.0""}",,,,,,,,,,
20260508T181321Z-e7d442,2026-05-08T18:13:21.400575+00:00,EXPO,double_bottom,invalidated,40.19,11.6,40.5,44.2,66.5,33.0,17.5,15.3,84.0,76.9,1.73,10.12,3.53,9.32,4.28,1.4,0.92,5.04,3.85,True,risk_unclear,60.945,68.625,62.5869,73.71,"{""trend"":{""T1_ema_stack"":{""value"":[false,false,false],""score"":0.0},""T2_ema50_slope"":{""value"":-0.10311201044755432,""score"":32.81466492540761},""T3_high_proximity"":{""value"":0.7779550676538166,""score"":0},""T4_rs_1m"":{""value"":-0.17015651168740864,""score"":0},""T5_rs_3m"":{""value"":-0.30378839832626714,""score"":0},""T6_adr_healthy"":{""value"":3.2654063690913784,""score"":100.0},""_score"":11.56},""geometry"":{""sub_low_similarity"":17.2,""sub_bounce_quality"":71.5,""sub_separation_fit"":0.0,""sub_right_bottom_reaction"":100,""sub_base_context"":30.0,""_score"":40.46},""compression"":{""VC1_atr_ratio"":{""value"":0.4974133880520833,""score"":100},""VC2_range_contraction"":{""value"":1.1473665799466928,""score"":0},""VC3_range_pct_rank"":{""score"":16.666666666666664},""_score"":44.17},""sr_quality"":{""SR1_touches"":{""value"":5,""score"":100},""SR2_tightness"":{""value"":0.5103469408157553,""score"":54.63179475368876},""SR3_recency"":{""value"":234,""score"":0.0},""SR4_price_location"":{""score"":57.07618454973794},""SR5_reaction"":{""value"":1.8776516134767554,""score"":93.88258067383777},""_score"":66.55,""_levels_found"":4,""_target_level"":64.164},""volume"":{""V1_rvol_day"":{""value"":0.42507165503540084,""score"":0},""V2_rvol_sameslot"":{""value"":0.9955821600223764,""score"":33.03881066815843,""status"":""ok""},""V3_breakout_bar"":{""value"":1.5736419307955603,""score"":71.57612871970402},""V4_base_dryup"":{""value"":1.0774665604509155,""score"":42.25334395490845},""V5_bo_expansion"":{""value"":0.42507165503540084,""score"":0},""_score"":32.95},""readiness"":{""_distance_atr"":3.414,""BR1_atr_distance"":{""score"":0},""BR2_compression"":{""score"":0},""BR3_retest"":{""score"":50.0},""BR4_bo_age"":{""score"":50.0},""_score"":17.5},""risk"":{""R1_stop_clarity"":{""score"":15.272468663881327},""R2_stop_distance_pct"":{""value"":-2.694068422348018,""score"":0.0},""R3_stop_distance_atr"":{""value"":-0.729798204284825,""score"":0.0},""R4_rr_potential"":{""value"":null,""score"":50.0},""_score"":15.35},""market"":{""M1_spy_regime"":{""score"":100.0},""M3_earnings_risk"":{""value"":null,""score"":80.0},""M4_vix"":{""value"":null,""score"":60.0},""_score"":84.0},""liquidity"":{""L1_price"":{""value"":60.945,""score"":100.0},""L2_dollar_vol"":{""value"":11470499.14285461,""score"":52.97911583957449},""L3_spread_proxy"":{""value"":0.04274345721552226,""score"":57.256542784477745},""L4_volume_zscore"":{""value"":-1.4668689317910153,""score"":100.0},""_score"":76.92},""pattern_structure"":{""left_low"":66.225,""left_idx"":27,""right_low"":63.54,""right_idx"":72,""separation_bars"":45,""structural_low"":63.54,""current_price"":60.93,""neckline_distance_pct"":0.12629246676514033,""base_bars"":45},""pattern_geometry_features"":{""low_similarity_pct"":0.04138249913304813,""bounce_pct"":0.08002832861189803,""right_bottom_reaction"":1.0,""atr_pct"":0.036915251456231035},""_schema_version"":""1.0""}",,,,,,,,,,
20260508T181321Z-e7d442,2026-05-08T18:13:21.400575+00:00,FRMI,double_bottom,absent,40.17,8.6,36.5,72.5,55.0,0.4,26.4,84.5,84.0,79.9,1.29,9.12,5.8,7.69,0.05,2.11,5.07,5.04,3.99,False,,5.135,5.76,4.7625,6.685,"{""trend"":{""T1_ema_stack"":{""value"":[false,false,false],""score"":0.0},""T2_ema50_slope"":{""value"":-1.3298237356799485,""score"":0},""T3_high_proximity"":{""value"":0.4355385920271417,""score"":0},""T4_rs_1m"":{""value"":-0.019070241234637297,""score"":30.929758765362703},""T5_rs_3m"":{""value"":-0.42573091931887275,""score"":0},""T6_adr_healthy"":{""value"":10.060088025205154,""score"":48.49779936987115},""_score"":8.61},""geometry"":{""sub_low_similarity"":1.2,""sub_bounce_quality"":100,""sub_separation_fit"":46.7,""sub_right_bottom_reaction"":20.7,""sub_base_context"":30.0,""_score"":36.47},""compression"":{""VC1_atr_ratio"":{""value"":0.3234869093905398,""score"":100},""VC2_range_contraction"":{""value"":0.7419949343808813,""score"":43.000844269853125},""VC3_range_pct_rank"":{""score"":70.0},""_score"":72.55},""sr_quality"":{""SR1_touches"":{""value"":3,""score"":50.0},""SR2_tightness"":{""value"":0.0984321537348894,""score"":63.29310765839722},""SR3_recency"":{""value"":47,""score"":71.66666666666667},""SR4_price_location"":{""score"":18.828033960379535},""SR5_reaction"":{""value"":4.642800063928401,""score"":100},""_score"":54.95,""_levels_found"":5,""_target_level"":7.1667},""volume"":{""V1_rvol_day"":{""value"":0.24809536997193793,""score"":0},""V2_rvol_sameslot"":{""value"":0.5302712432333458,""score"":2.018082882223056,""status"":""ok""},""V3_breakout_bar"":{""value"":0.3715220177153309,""score"":0},""V4_base_dryup"":{""value"":2.424796625820015,""score"":0},""V5_bo_expansion"":{""value"":0.24809536997193793,""score"":0},""_score"":0.4},""readiness"":{""_distance_atr"":1.165,""BR1_atr_distance"":{""score"":22.309235878038805},""BR2_compression"":{""score"":0},""BR3_retest"":{""score"":50.0},""BR4_bo_age"":{""score"":50.0},""_score"":26.42},""risk"":{""R1_stop_clarity"":{""score"":72.95429119386297},""R2_stop_distance_pct"":{""value"":7.254625121713721,""score"":100.0},""R3_stop_distance_atr"":{""value"":0.6946020457088055,""score"":59.73010228544027},""R4_rr_potential"":{""value"":4.160794577545135,""score"":100.0},""_score"":84.49},""market"":{""M1_spy_regime"":{""score"":100.0},""M3_earnings_risk"":{""value"":null,""score"":80.0},""M4_vix"":{""value"":null,""score"":60.0},""_score"":84.0},""liquidity"":{""L1_price"":{""value"":5.135,""score"":97.5675},""L2_dollar_vol"":{""value"":24728740.964491587,""score"":69.66010026591518},""L3_spread_proxy"":{""value"":0.07400194741966892,""score"":25.998052580331077},""L4_volume_zscore"":{""value"":-1.0096592666612856,""score"":100.0},""_score"":79.86},""pattern_structure"":{""left_low"":4.835,""left_idx"":37,""right_low"":5.08,""right_idx"":75,""separation_bars"":38,""structural_low"":4.835,""current_price"":5.115,""neckline_distance_pct"":0.12609970674486795,""base_bars"":38},""pattern_geometry_features"":{""low_similarity_pct"":0.04942007060010088,""bounce_pct"":0.19131334022750773,""right_bottom_reaction"":0.20689655172414026,""atr_pct"":0.10444289887327861},""_schema_version"":""1.0""}",,,,,,,,,,
20260508T181321Z-e7d442,2026-05-08T18:13:21.400575+00:00,FRMI,inverse_head_shoulders,absent,40.12,8.6,38.2,72.5,55.0,0.4,26.4,75.3,84.0,79.9,1.03,10.71,5.8,7.69,0.06,2.11,4.52,4.2,3.99,False,,5.135,5.76,4.6492,6.8,"{""trend"":{""T1_ema_stack"":{""value"":[false,false,false],""score"":0.0},""T2_ema50_slope"":{""value"":-1.3298237356799485,""score"":0},""T3_high_proximity"":{""value"":0.4355385920271417,""score"":0},""T4_rs_1m"":{""value"":-0.019070241234637297,""score"":30.929758765362703},""T5_rs_3m"":{""value"":-0.42573091931887275,""score"":0},""T6_adr_healthy"":{""value"":10.060088025205154,""score"":48.49779936987115},""_score"":8.61},""geometry"":{""sub_head_depth"":67.9,""sub_shoulder_price_sym"":38.2,""sub_shoulder_time_sym"":30.4,""sub_right_shoulder_reaction"":20.7,""sub_base_context"":30.0,""_score"":38.24},""compression"":{""VC1_atr_ratio"":{""value"":0.3234869093905398,""score"":100},""VC2_range_contraction"":{""value"":0.7419949343808813,""score"":43.000844269853125},""VC3_range_pct_rank"":{""score"":70.0},""_score"":72.55},""sr_quality"":{""SR1_touches"":{""value"":3,""score"":50.0},""SR2_tightness"":{""value"":0.0984321537348894,""score"":63.29310765839722},""SR3_recency"":{""value"":47,""score"":71.66666666666667},""SR4_price_location"":{""score"":18.828033960379535},""SR5_reaction"":{""value"":4.642800063928401,""score"":100},""_score"":54.95,""_levels_found"":5,""_target_level"":7.1667},""volume"":{""V1_rvol_day"":{""value"":0.24809536997193793,""score"":0},""V2_rvol_sameslot"":{""value"":0.5302712432333458,""score"":2.018082882223056,""status"":""ok""},""V3_breakout_bar"":{""value"":0.3715220177153309,""score"":0},""V4_base_dryup"":{""value"":2.424796625820015,""score"":0},""V5_bo_expansion"":{""value"":0.24809536997193793,""score"":0},""_score"":0.4},""readiness"":{""_distance_atr"":1.165,""BR1_atr_distance"":{""score"":22.309235878038805},""BR2_compression"":{""score"":0},""BR3_retest"":{""score"":50.0},""BR4_bo_age"":{""score"":50.0},""_score"":26.42},""risk"":{""R1_stop_clarity"":{""score"":73.59757072079265},""R2_stop_distance_pct"":{""value"":9.460564751703997,""score"":63.485881207400084},""R3_stop_distance_atr"":{""value"":0.9058121570507703,""score"":70.29060785253851},""R4_rr_potential"":{""value"":3.427336352408397,""score"":100.0},""_score"":75.35},""market"":{""M1_spy_regime"":{""score"":100.0},""M3_earnings_risk"":{""value"":null,""score"":80.0},""M4_vix"":{""value"":null,""score"":60.0},""_score"":84.0},""liquidity"":{""L1_price"":{""value"":5.135,""score"":97.5675},""L2_dollar_vol"":{""value"":24728740.964491587,""score"":69.66010026591518},""L3_spread_proxy"":{""value"":0.07400194741966892,""score"":25.998052580331077},""L4_volume_zscore"":{""value"":-1.0096592666612856,""score"":100.0},""_score"":79.86},""pattern_structure"":{""left_shoulder"":4.835,""left_shoulder_idx"":57,""head"":4.72,""head_idx"":80,""right_shoulder"":5.08,""right_shoulder_idx"":95,""left_to_head_bars"":23,""head_to_right_bars"":15,""structural_low"":4.72,""current_price"":5.115,""neckline_distance_pct"":0.12609970674486795,""base_bars"":38},""pattern_geometry_features"":{""head_depth_pct"":0.047907211296016106,""shoulder_price_asymmetry"":0.04942007060010088,""shoulder_time_asymmetry"":0.34782608695652173,""right_shoulder_reaction"":0.20689655172414026,""atr_pct"":0.10444289887327861},""_schema_version"":""1.0""}",,,,,,,,,,
20260508T181321Z-e7d442,2026-05-08T18:13:21.400575+00:00,NG,vcp,absent,39.93,13.3,35.0,65.8,47.5,19.4,17.5,58.4,84.0,77.6,2.0,8.75,7.9,5.7,2.53,1.23,2.92,5.04,3.88,False,,8.665,11.3,7.6436,17.938,"{""trend"":{""T1_ema_stack"":{""value"":[false,false,true],""score"":33.33333333333333},""T2_ema50_slope"":{""value"":-0.34506907101460954,""score"":0},""T3_high_proximity"":{""value"":0.6102112676056338,""score"":0},""T4_rs_1m"":{""value"":-0.156692745610587,""score"":0},""T5_rs_3m"":{""value"":-0.12473323161484662,""score"":0},""T6_adr_healthy"":{""value"":5.77751730514889,""score"":100.0},""_score"":13.33},""geometry"":{""sub_contraction_count"":100.0,""sub_reduction_rate"":0,""sub_pivot_tightness"":0,""sub_volume_dryup"":0,""sub_base_depth"":0.0,""sub_base_duration"":100.0,""_score"":35.0},""compression"":{""VC1_atr_ratio"":{""value"":0.45669276008303955,""score"":100},""VC2_range_contraction"":{""value"":0.828951058028662,""score"":28.508156995223004},""VC3_range_pct_rank"":{""score"":63.33333333333333},""_score"":65.81},""sr_quality"":{""SR1_touches"":{""value"":4,""score"":75.0},""SR2_tightness"":{""value"":0.1657369904396723,""score"":46.22545444493703},""SR3_recency"":{""value"":297,""score"":0.0},""SR4_price_location"":{""score"":12.121212121212158},""SR5_reaction"":{""value"":2.575378340170108,""score"":100},""_score"":47.46,""_levels_found"":8,""_target_level"":9.1725},""volume"":{""V1_rvol_day"":{""value"":0.48415550322356943,""score"":0},""V2_rvol_sameslot"":{""value"":1.009643245584008,""score"":33.9762163722672,""status"":""ok""},""V3_breakout_bar"":{""value"":0.442481058365282,""score"":0},""V4_base_dryup"":{""value"":0.867872346691777,""score"":63.21276533082229},""V5_bo_expansion"":{""value"":0.4841555032235695,""score"":0},""_score"":19.44},""readiness"":{""_distance_atr"":4.275,""BR1_atr_distance"":{""score"":0},""BR2_compression"":{""score"":0},""BR3_retest"":{""score"":50.0},""BR4_bo_age"":{""score"":50.0},""_score"":17.5},""risk"":{""R1_stop_clarity"":{""score"":62.23319196273362},""R2_stop_distance_pct"":{""value"":11.787651471436815,""score"":5.308713214079619},""R3_stop_distance_atr"":{""value"":1.657002479779369,""score"":100.0},""R4_rr_potential"":{""value"":9.07871548854514,""score"":100.0},""_score"":58.37},""market"":{""M1_spy_regime"":{""score"":100.0},""M3_earnings_risk"":{""value"":null,""score"":80.0},""M4_vix"":{""value"":null,""score"":60.0},""_score"":84.0},""liquidity"":{""L1_price"":{""value"":8.665,""score"":99.3325},""L2_dollar_vol"":{""value"":13579595.867159728,""score"":56.64434227014712},""L3_spread_proxy"":{""value"":0.04847085978072706,""score"":51.52914021927294},""L4_volume_zscore"":{""value"":-1.0044056896379239,""score"":100.0},""_score"":77.64},""pattern_structure"":{""n_contractions"":5,""contractions_pct"":[23.43,41.41,11.74,13.22,31.33],""descending_strict"":false,""final_low"":7.76,""final_pivot"":11.3,""structural_low"":7.76,""dry_up_ratio"":1.0157389435447144,""current_price"":8.665,""neckline_distance_pct"":0.30409694171956164,""base_bars"":44},""pattern_geometry_features"":{""contraction_count"":5.0,""first_contraction_pct"":0.2342686484233921,""last_contraction_pct"":0.3132743362831859,""dry_up_ratio"":1.0157389435447144,""near_monotone"":0.0,""base_depth_pct"":0.4610362550354216},""_schema_version"":""1.0""}",,,,,,,,,,
20260508T181321Z-e7d442,2026-05-08T18:13:21.400575+00:00,VSEC,double_bottom,breakout_confirmed,39.91,28.6,51.2,17.1,36.9,11.9,38.6,38.1,84.0,86.6,4.29,12.8,1.37,5.16,1.55,3.09,2.29,5.04,4.33,False,,192.18,173.63,157.9152,186.94,"{""trend"":{""T1_ema_stack"":{""value"":[true,false,true],""score"":66.66666666666666},""T2_ema50_slope"":{""value"":-0.19114458039878754,""score"":18.14256993353541},""T3_high_proximity"":{""value"":0.8437088418649574,""score"":21.85442093247869},""T4_rs_1m"":{""value"":-0.2039941312932395,""score"":0},""T5_rs_3m"":{""value"":-0.10665787191650267,""score"":0},""T6_adr_healthy"":{""value"":6.041618606032046,""score"":100.0},""_score"":28.57},""geometry"":{""sub_low_similarity"":14.5,""sub_bounce_quality"":75.7,""sub_separation_fit"":100.0,""sub_right_bottom_reaction"":71.5,""sub_base_context"":30.0,""_score"":51.22},""compression"":{""VC1_atr_ratio"":{""value"":0.8784797386690693,""score"":30.380065332732688},""VC2_range_contraction"":{""value"":1.150188985403301,""score"":0},""VC3_range_pct_rank"":{""score"":19.999999999999996},""_score"":17.15},""sr_quality"":{""SR1_touches"":{""value"":2,""score"":25.0},""SR2_tightness"":{""value"":1.8920999999999992,""score"":73.23761024328665},""SR3_recency"":{""value"":267,""score"":0.0},""SR4_price_location"":{""score"":34.13567725215849},""SR5_reaction"":{""value"":1.3113231518100388,""score"":65.56615759050194},""_score"":36.85,""_levels_found"":6,""_target_level"":205.8279},""volume"":{""V1_rvol_day"":{""value"":0.39864625008481136,""score"":0},""V2_rvol_sameslot"":{""value"":0.6374056892729006,""score"":9.160379284860042,""status"":""ok""},""V3_breakout_bar"":{""value"":0.5252000376144629,""score"":1.6800025076308585},""V4_base_dryup"":{""value"":1.016738116002771,""score"":48.326188399722895},""V5_bo_expansion"":{""value"":0.39864625008481136,""score"":0},""_score"":11.92},""readiness"":{""_distance_atr"":-1.312,""BR1_atr_distance"":{""score"":33.76236298361434},""BR2_compression"":{""score"":30.426798066596895},""BR3_retest"":{""score"":50.0},""BR4_bo_age"":{""score"":50.0},""_score"":38.61},""risk"":{""R1_stop_clarity"":{""score"":65.98583854608947},""R2_stop_distance_pct"":{""value"":17.829534811114584,""score"":0.0},""R3_stop_distance_atr"":{""value"":2.4232544065742614,""score"":100.0},""R4_rr_potential"":{""value"":-0.15292661857066167,""score"":0.0},""_score"":38.1},""market"":{""M1_spy_regime"":{""score"":100.0},""M3_earnings_risk"":{""value"":null,""score"":80.0},""M4_vix"":{""value"":null,""score"":60.0},""_score"":84.0},""liquidity"":{""L1_price"":{""value"":192.18,""score"":100.0},""L2_dollar_vol"":{""value"":41033627.85252276,""score"":80.6569957687465},""L3_spread_proxy"":{""value"":0.0568212092829638,""score"":43.1787907170362},""L4_volume_zscore"":{""value"":-1.456618161332778,""score"":100.0},""_score"":86.58},""pattern_structure"":{""left_low"":160.32,""left_idx"":39,""right_low"":167.32,""right_idx"":54,""separation_bars"":15,""structural_low"":160.32,""current_price"":193.015,""neckline_distance_pct"":-0.10043260886459597,""base_bars"":15},""pattern_geometry_features"":{""low_similarity_pct"":0.04272982541814187,""bounce_pct"":0.08302145708582837,""right_bottom_reaction"":0.714606741573037,""atr_pct"":0.07357681786420468},""_schema_version"":""1.0""}",,,,,,,,,,
20260508T181321Z-e7d442,2026-05-08T18:13:21.400575+00:00,MA,double_bottom,absent,39.88,22.9,39.6,35.9,40.8,22.6,17.5,61.1,84.0,98.2,3.43,9.9,2.88,5.71,2.93,1.4,3.67,5.04,4.91,True,risk_unclear,497.5,534.21,484.3516,576.6925,"{""trend"":{""T1_ema_stack"":{""value"":[false,false,false],""score"":0.0},""T2_ema50_slope"":{""value"":-0.035001356552663135,""score"":44.16644057455615},""T3_high_proximity"":{""value"":0.9206313958437425,""score"":60.31569792187125},""T4_rs_1m"":{""value"":-0.09647687323485288,""score"":0},""T5_rs_3m"":{""value"":-0.16098347517410472,""score"":0},""T6_adr_healthy"":{""value"":2.11585500899076,""score"":100.0},""_score"":22.88},""geometry"":{""sub_low_similarity"":44.8,""sub_bounce_quality"":80.6,""sub_separation_fit"":0.0,""sub_right_bottom_reaction"":27.1,""sub_base_context"":30.0,""_score"":39.62},""compression"":{""VC1_atr_ratio"":{""value"":0.7906405945161089,""score"":52.33985137097277},""VC2_range_contraction"":{""value"":1.1437065654975505,""score"":0},""VC3_range_pct_rank"":{""score"":60.0},""_score"":35.94},""sr_quality"":{""SR1_touches"":{""value"":2,""score"":25.0},""SR2_tightness"":{""value"":2.0175000000000125,""score"":69.96529180827109},""SR3_recency"":{""value"":249,""score"":0.0},""SR4_price_location"":{""score"":42.31728371379225},""SR5_reaction"":{""value"":1.6333000854944442,""score"":81.66500427472221},""_score"":40.82,""_levels_found"":5,""_target_level"":505.0175},""volume"":{""V1_rvol_day"":{""value"":0.6001728043579474,""score"":6.678186957196493},""V2_rvol_sameslot"":{""value"":1.0851265931829368,""score"":39.00843954552912,""status"":""ok""},""V3_breakout_bar"":{""value"":0.6160496670929512,""score"":7.736644472863412},""V4_base_dryup"":{""value"":0.9254874473305225,""score"":57.451255266947754},""V5_bo_expansion"":{""value"":0.6001728043579473,""score"":0},""_score"":22.56},""readiness"":{""_distance_atr"":2.733,""BR1_atr_distance"":{""score"":0},""BR2_compression"":{""score"":0},""BR3_retest"":{""score"":50.0},""BR4_bo_age"":{""score"":50.0},""_score"":17.5},""risk"":{""R1_stop_clarity"":{""score"":0},""R2_stop_distance_pct"":{""value"":2.6428969849246244,""score"":100.0},""R3_stop_distance_atr"":{""value"":0.9787081353704549,""score"":73.93540676852275},""R4_rr_potential"":{""value"":6.022970453657433,""score"":100.0},""_score"":61.09},""market"":{""M1_spy_regime"":{""score"":100.0},""M3_earnings_risk"":{""value"":null,""score"":80.0},""M4_vix"":{""value"":null,""score"":60.0},""_score"":84.0},""liquidity"":{""L1_price"":{""value"":497.5,""score"":100.0},""L2_dollar_vol"":{""value"":1072734965.7479177,""score"":100.0},""L3_spread_proxy"":{""value"":0.01745226130653267,""score"":82.54773869346732},""L4_volume_zscore"":{""value"":-1.244346645203118,""score"":100.0},""_score"":98.25},""pattern_structure"":{""left_low"":505.5,""left_idx"":26,""right_low"":491.7275,""right_idx"":76,""separation_bars"":50,""structural_low"":491.7275,""current_price"":497.59,""neckline_distance_pct"":0.07359472658212597,""base_bars"":50},""pattern_geometry_features"":{""low_similarity_pct"":0.027621580832859063,""bounce_pct"":0.08639439526973784,""right_bottom_reaction"":0.27094730780304777,""atr_pct"":0.027003933955491752},""_schema_version"":""1.0""}",,,,,,,,,,
20260508T181321Z-e7d442,2026-05-08T18:13:21.400575+00:00,FTAI,vcp,absent,39.51,44.4,35.0,18.1,49.3,11.3,42.7,38.1,84.0,92.1,6.66,8.75,2.17,5.92,1.47,2.99,1.9,5.04,4.6,False,,267.355,278.0,214.8876,243.96,"{""trend"":{""T1_ema_stack"":{""value"":[true,true,true],""score"":100.0},""T2_ema50_slope"":{""value"":-0.11775131258773203,""score"":30.374781235377995},""T3_high_proximity"":{""value"":0.8623242162301639,""score"":31.16210811508191},""T4_rs_1m"":{""value"":-0.036711518939838594,""score"":13.288481060161402},""T5_rs_3m"":{""value"":-0.08688254159978681,""score"":6.5587292001065975},""T6_adr_healthy"":{""value"":6.570539844740184,""score"":100.0},""_score"":44.39},""geometry"":{""sub_contraction_count"":100.0,""sub_reduction_rate"":0,""sub_pivot_tightness"":0,""sub_volume_dryup"":0,""sub_base_depth"":0.0,""sub_base_duration"":100.0,""_score"":35.0},""compression"":{""VC1_atr_ratio"":{""value"":0.8527892152967923,""score"":36.80269617580193},""VC2_range_contraction"":{""value"":1.2308405507169622,""score"":0},""VC3_range_pct_rank"":{""score"":13.33333333333333},""_score"":18.05},""sr_quality"":{""SR1_touches"":{""value"":2,""score"":25.0},""SR2_tightness"":{""value"":1.1399999999999864,""score"":88.12663435464626},""SR3_recency"":{""value"":238,""score"":0.0},""SR4_price_location"":{""score"":54.429998628824826},""SR5_reaction"":{""value"":2.3516294260090698,""score"":100},""_score"":49.33,""_levels_found"":5,""_target_level"":276.86},""volume"":{""V1_rvol_day"":{""value"":0.29901338311619957,""score"":0},""V2_rvol_sameslot"":{""value"":0.6926786735034627,""score"":12.845244900230846,""status"":""ok""},""V3_breakout_bar"":{""value"":0.5476768778380934,""score"":3.1784585225395587},""V4_base_dryup"":{""value"":1.1009550400801085,""score"":39.90449599198915},""V5_bo_expansion"":{""value"":0.29901338311619957,""score"":0},""_score"":11.34},""readiness"":{""_distance_atr"":0.554,""BR1_atr_distance"":{""score"":63.043281492750936},""BR2_compression"":{""score"":0},""BR3_retest"":{""score"":50.0},""BR4_bo_age"":{""score"":50.0},""_score"":42.72},""risk"":{""R1_stop_clarity"":{""score"":65.91719145802098},""R2_stop_distance_pct"":{""value"":19.62461895232931,""score"":0.0},""R3_stop_distance_atr"":{""value"":2.73230098535544,""score"":100.0},""R4_rr_potential"":{""value"":-0.4458959277570453,""score"":0.0},""_score"":38.07},""market"":{""M1_spy_regime"":{""score"":100.0},""M3_earnings_risk"":{""value"":null,""score"":80.0},""M4_vix"":{""value"":null,""score"":60.0},""_score"":84.0},""liquidity"":{""L1_price"":{""value"":267.355,""score"":100.0},""L2_dollar_vol"":{""value"":126241651.46222752,""score"":100.0},""L3_spread_proxy"":{""value"":0.0790634175534401,""score"":20.93658244655991},""L4_volume_zscore"":{""value"":-1.4899280331590172,""score"":100.0},""_score"":92.09},""pattern_structure"":{""n_contractions"":5,""contractions_pct"":[11.98,11.72,31.43,12.47,21.53],""descending_strict"":false,""final_low"":218.16,""final_pivot"":278.0,""structural_low"":218.16,""dry_up_ratio"":1.6132155279470892,""current_price"":267.355,""neckline_distance_pct"":0.039815975014493764,""base_bars"":90},""pattern_geometry_features"":{""contraction_count"":5.0,""first_contraction_pct"":0.11975885292200744,""last_contraction_pct"":0.2152517985611511,""dry_up_ratio"":1.6132155279470892,""near_monotone"":0.0,""base_depth_pct"":-0.18487942646100364},""_schema_version"":""1.0""}",,,,,,,,,,
20260508T181321Z-e7d442,2026-05-08T18:13:21.400575+00:00,MMYT,bull_flag,absent,39.44,39.3,32.3,70.2,31.4,16.9,17.5,68.5,84.0,74.8,5.51,9.7,6.31,3.14,2.37,1.57,2.05,5.04,3.74,True,risk_unclear,48.2,51.09,46.689,56.035,"{""trend"":{""T1_ema_stack"":{""value"":[true,false,false],""score"":33.33333333333333},""T2_ema50_slope"":{""value"":-0.12022364994244636,""score"":29.962725009592273},""T3_high_proximity"":{""value"":0.7731793391081168,""score"":0},""T4_rs_1m"":{""value"":0.07450949735158119,""score"":100},""T5_rs_3m"":{""value"":-0.223472819494004,""score"":0},""T6_adr_healthy"":{""value"":3.995104640255421,""score"":100.0},""_score"":39.33},""geometry"":{""sub_pole_impulse"":43.1,""sub_flag_tightness"":0,""sub_flag_shallowness"":0,""sub_flag_drift"":62.6,""sub_flag_duration"":100.0,""_score"":32.32},""compression"":{""VC1_atr_ratio"":{""value"":0.4112111315488549,""score"":100},""VC2_range_contraction"":{""value"":0.568700634835671,""score"":71.88322752738817},""VC3_range_pct_rank"":{""score"":19.999999999999996},""_score"":70.16},""sr_quality"":{""SR1_touches"":{""value"":2,""score"":25.0},""SR2_tightness"":{""value"":0.4549999999999983,""score"":51.97889182058065},""SR3_recency"":{""value"":276,""score"":0.0},""SR4_price_location"":{""score"":4.553571428571472},""SR5_reaction"":{""value"":3.8509234828496037,""score"":100},""_score"":31.44,""_levels_found"":4,""_target_level"":53.545},""volume"":{""V1_rvol_day"":{""value"":0.20806436169336426,""score"":0},""V2_rvol_sameslot"":{""value"":0.37725290396602623,""score"":0,""status"":""ok""},""V3_breakout_bar"":{""value"":0.48517110248375683,""score"":0},""V4_base_dryup"":{""value"":0.652651789478269,""score"":84.7348210521731},""V5_bo_expansion"":{""value"":0.20806436169336426,""score"":0},""_score"":16.95},""readiness"":{""_distance_atr"":1.525,""BR1_atr_distance"":{""score"":0},""BR2_compression"":{""score"":0},""BR3_retest"":{""score"":50.0},""BR4_bo_age"":{""score"":50.0},""_score"":17.5},""risk"":{""R1_stop_clarity"":{""score"":24.960422163588547},""R2_stop_distance_pct"":{""value"":3.134854771784238,""score"":100.0},""R3_stop_distance_atr"":{""value"":0.7973614775725608,""score"":64.86807387862804},""R4_rr_potential"":{""value"":5.185307743216404,""score"":100.0},""_score"":68.47},""market"":{""M1_spy_regime"":{""score"":100.0},""M3_earnings_risk"":{""value"":null,""score"":80.0},""M4_vix"":{""value"":null,""score"":60.0},""_score"":84.0},""liquidity"":{""L1_price"":{""value"":48.2,""score"":100.0},""L2_dollar_vol"":{""value"":11471772.377081601,""score"":52.98152605688466},""L3_spread_proxy"":{""value"":0.06410788381742745,""score"":35.89211618257255},""L4_volume_zscore"":{""value"":-1.61644539437274,""score"":100.0},""_score"":74.78},""pattern_structure"":{""pole_low"":46.145,""pole_low_idx"":35,""peak_price"":51.09,""peak_idx"":50,""pole_gain"":0.10716220608950049,""flag_bars"":9,""flag_low"":47.4,""flag_high"":50.965,""structural_low"":47.4,""current_price"":48.215,""neckline_distance_pct"":0.05962874624079643,""base_bars"":9},""pattern_geometry_features"":{""pole_gain"":0.10716220608950049,""pullback_pct"":0.07222548443922498,""flag_range_pct"":0.06977882168721872,""flag_drift_per_bar"":-0.007483839745583967,""atr_pct"":0.039315352697095435,""pole_atr_multiple"":2.725708883120804},""_schema_version"":""1.0""}",,,,,,,,,,
20260508T181321Z-e7d442,2026-05-08T18:13:21.400575+00:00,QTWO,high_tight_pullback,absent,39.43,40.1,30.9,42.4,63.9,15.0,28.0,76.6,84.0,80.3,4.81,10.83,4.24,5.11,2.1,2.52,0.77,5.04,4.01,False,,50.51,53.98,48.2552,61.3,"{""trend"":{""T1_ema_stack"":{""value"":[true,false,false],""score"":33.33333333333333},""T2_ema50_slope"":{""value"":-0.05524786847474689,""score"":40.79202192087552},""T3_high_proximity"":{""value"":0.8810395953253096,""score"":40.51979766265479},""T4_rs_1m"":{""value"":0.012666549072186006,""score"":62.66654907218601},""T5_rs_3m"":{""value"":-0.18177638582185418,""score"":0},""T6_adr_healthy"":{""value"":4.363236466732225,""score"":100.0},""_score"":40.1},""geometry"":{""sub_pole_impulse"":44.6,""sub_flag_tightness"":15.2,""sub_flag_shallowness"":0,""sub_flag_drift"":91.8,""sub_flag_duration"":0.0,""_score"":30.95},""compression"":{""VC1_atr_ratio"":{""value"":0.6785398243188284,""score"":80.36504392029289},""VC2_range_contraction"":{""value"":1.1929621726470931,""score"":0},""VC3_range_pct_rank"":{""score"":40.833333333333336},""_score"":42.35},""sr_quality"":{""SR1_touches"":{""value"":3,""score"":50.0},""SR2_tightness"":{""value"":0.12970050972229244,""score"":90.88104609873675},""SR3_recency"":{""value"":245,""score"":0.0},""SR4_price_location"":{""score"":82.80647648419433},""SR5_reaction"":{""value"":1.9451816995564764,""score"":97.25908497782382},""_score"":63.92,""_levels_found"":7,""_target_level"":51.2533},""volume"":{""V1_rvol_day"":{""value"":0.32943624260278814,""score"":0},""V2_rvol_sameslot"":{""value"":0.7316378096200526,""score"":15.442520641336843,""status"":""ok""},""V3_breakout_bar"":{""value"":1.0765090966283684,""score"":38.43393977522456},""V4_base_dryup"":{""value"":1.3861824882960283,""score"":11.381751170397166},""V5_bo_expansion"":{""value"":0.32943624260278814,""score"":0},""_score"":14.97},""readiness"":{""_distance_atr"":1.22,""BR1_atr_distance"":{""score"":18.677343404084695},""BR2_compression"":{""score"":12.143107603533673},""BR3_retest"":{""score"":50.0},""BR4_bo_age"":{""score"":50.0},""_score"":28.01},""risk"":{""R1_stop_clarity"":{""score"":48.33422808343537},""R2_stop_distance_pct"":{""value"":4.463970500890908,""score"":100.0},""R3_stop_distance_atr"":{""value"":0.7926327749724413,""score"":64.63163874862207},""R4_rr_potential"":{""value"":4.785449749118699,""score"":100.0},""_score"":76.61},""market"":{""M1_spy_regime"":{""score"":100.0},""M3_earnings_risk"":{""value"":null,""score"":80.0},""M4_vix"":{""value"":null,""score"":60.0},""_score"":84.0},""liquidity"":{""L1_price"":{""value"":50.51,""score"":100.0},""L2_dollar_vol"":{""value"":16105448.26709689,""score"":60.34864085771501},""L3_spread_proxy"":{""value"":0.03880221738269659,""score"":61.19778261730341},""L4_volume_zscore"":{""value"":-0.9714908305674066,""score"":100.0},""_score"":80.26},""pattern_structure"":{""pole_low"":46.66,""pole_low_idx"":20,""peak_price"":53.98,""peak_idx"":37,""pole_gain"":0.15687955422203173,""flag_bars"":22,""flag_low"":48.9901,""flag_high"":53.3,""structural_low"":48.9901,""current_price"":50.55,""neckline_distance_pct"":0.06785361028684471,""base_bars"":22},""pattern_geometry_features"":{""pole_gain"":0.15687955422203173,""pullback_pct"":0.09243979251574655,""flag_range_pct"":0.07984253427195256,""flag_drift_per_bar"":-0.001635203054374754,""atr_pct"":0.05631826795259776,""pole_atr_multiple"":2.785589115668026},""_schema_version"":""1.0""}",,,,,,,,,,
20260508T181321Z-e7d442,2026-05-08T18:13:21.400575+00:00,APPF,bull_flag,absent,39.34,40.3,23.5,52.4,46.7,26.2,21.6,75.1,84.0,87.1,5.64,7.05,4.71,4.67,3.67,1.95,2.25,5.04,4.36,False,,166.21,177.82,159.304,195.64,"{""trend"":{""T1_ema_stack"":{""value"":[true,false,false],""score"":33.33333333333333},""T2_ema50_slope"":{""value"":-0.15161476960882833,""score"":24.730871731861942},""T3_high_proximity"":{""value"":0.8694355808965842,""score"":34.7177904482921},""T4_rs_1m"":{""value"":0.034007853675848576,""score"":84.00785367584858},""T5_rs_3m"":{""value"":-0.1428041388208896,""score"":0},""T6_adr_healthy"":{""value"":4.017516583440743,""score"":100.0},""_score"":40.29},""geometry"":{""sub_pole_impulse"":28.6,""sub_flag_tightness"":0,""sub_flag_shallowness"":0,""sub_flag_drift"":91.2,""sub_flag_duration"":12.5,""_score"":23.51},""compression"":{""VC1_atr_ratio"":{""value"":0.39544699450488485,""score"":100},""VC2_range_contraction"":{""value"":0.95574668547603,""score"":7.375552420661662},""VC3_range_pct_rank"":{""score"":39.16666666666667},""_score"":52.37},""sr_quality"":{""SR1_touches"":{""value"":3,""score"":50.0},""SR2_tightness"":{""value"":0.8628248180636997,""score"":80.00487076274543},""SR3_recency"":{""value"":227,""score"":0.0},""SR4_price_location"":{""score"":30.237154150197583},""SR5_reaction"":{""value"":1.6134919209533796,""score"":80.67459604766898},""_score"":46.66,""_levels_found"":7,""_target_level"":176.8},""volume"":{""V1_rvol_day"":{""value"":0.6322196581497651,""score"":8.814643876651008},""V2_rvol_sameslot"":{""value"":1.078859479929016,""score"":38.590631995267735,""status"":""ok""},""V3_breakout_bar"":{""value"":0.714727305869009,""score"":14.315153724600602},""V4_base_dryup"":{""value"":0.8407802004153974,""score"":65.92197995846027},""V5_bo_expansion"":{""value"":0.6322196581497651,""score"":0},""_score"":26.24},""readiness"":{""_distance_atr"":1.345,""BR1_atr_distance"":{""score"":10.31649933084995},""BR2_compression"":{""score"":0},""BR3_retest"":{""score"":50.0},""BR4_bo_age"":{""score"":50.0},""_score"":21.63},""risk"":{""R1_stop_clarity"":{""score"":43.78095905728039},""R2_stop_distance_pct"":{""value"":4.1549545755369826,""score"":100.0},""R3_stop_distance_atr"":{""value"":0.8001935031603609,""score"":65.00967515801804},""R4_rr_potential"":{""value"":4.261542582845213,""score"":100.0},""_score"":75.07},""market"":{""M1_spy_regime"":{""score"":100.0},""M3_earnings_risk"":{""value"":null,""score"":80.0},""M4_vix"":{""value"":null,""score"":60.0},""_score"":84.0},""liquidity"":{""L1_price"":{""value"":166.21,""score"":100.0},""L2_dollar_vol"":{""value"":36337295.28932063,""score"":78.01762990666572},""L3_spread_proxy"":{""value"":0.040972264003369244,""score"":59.02773599663075},""L4_volume_zscore"":{""value"":-0.8472616493587518,""score"":100.0},""_score"":87.11},""pattern_structure"":{""pole_low"":160.0,""pole_low_idx"":20,""peak_price"":177.82,""peak_idx"":32,""pole_gain"":0.11137499999999996,""flag_bars"":27,""flag_low"":161.73,""flag_high"":177.33,""structural_low"":161.73,""current_price"":166.68,""neckline_distance_pct"":0.0668346532277417,""base_bars"":27},""pattern_geometry_features"":{""pole_gain"":0.11137499999999996,""pullback_pct"":0.09048475986953101,""flag_range_pct"":0.0877291643234733,""flag_drift_per_bar"":-0.0017649778493910905,""atr_pct"":0.05192437278142108,""pole_atr_multiple"":2.1449464679879724},""_schema_version"":""1.0""}",,,,,,,,,,
20260508T181321Z-e7d442,2026-05-08T18:13:21.400575+00:00,TRMB,bull_flag,absent,39.27,18.6,26.0,45.2,55.8,41.1,19.8,64.1,84.0,94.9,2.6,7.79,4.07,5.58,5.75,1.78,1.92,5.04,4.74,True,risk_unclear,60.3431,69.79,58.9473,73.94,"{""trend"":{""T1_ema_stack"":{""value"":[false,false,false],""score"":0.0},""T2_ema50_slope"":{""value"":-0.019633486428516485,""score"":46.72775226191392},""T3_high_proximity"":{""value"":0.8564164064717571,""score"":28.208203235878525},""T4_rs_1m"":{""value"":-0.16202764637042766,""score"":0},""T5_rs_3m"":{""value"":-0.1553897439598403,""score"":0},""T6_adr_healthy"":{""value"":2.934657717884266,""score"":100.0},""_score"":18.58},""geometry"":{""sub_pole_impulse"":19.8,""sub_flag_tightness"":0,""sub_flag_shallowness"":0,""sub_flag_drift"":66.8,""sub_flag_duration"":100.0,""_score"":25.96},""compression"":{""VC1_atr_ratio"":{""value"":0.5905046308046947,""score"":100},""VC2_range_contraction"":{""value"":1.2638739575962015,""score"":0},""VC3_range_pct_rank"":{""score"":20.833333333333336},""_score"":45.21},""sr_quality"":{""SR1_touches"":{""value"":4,""score"":75.0},""SR2_tightness"":{""value"":0.6056556364800022,""score"":43.052819522953854},""SR3_recency"":{""value"":246,""score"":0.0},""SR4_price_location"":{""score"":47.26005822875764},""SR5_reaction"":{""value"":2.163178202161919,""score"":100},""_score"":55.77,""_levels_found"":6,""_target_level"":64.0825},""volume"":{""V1_rvol_day"":{""value"":0.7676871340061392,""score"":17.845808933742614},""V2_rvol_sameslot"":{""value"":3.11825132133467,""score"":100,""status"":""ok""},""V3_breakout_bar"":{""value"":1.0719007201343318,""score"":38.12671467562212},""V4_base_dryup"":{""value"":1.101911367048471,""score"":39.8088632951529},""V5_bo_expansion"":{""value"":0.7676871340061393,""score"":0},""_score"":41.06},""readiness"":{""_distance_atr"":4.441,""BR1_atr_distance"":{""score"":0},""BR2_compression"":{""score"":9.145694279342253},""BR3_retest"":{""score"":50.0},""BR4_bo_age"":{""score"":50.0},""_score"":19.79},""risk"":{""R1_stop_clarity"":{""score"":15.595501543028604},""R2_stop_distance_pct"":{""value"":2.313064791169165,""score"":100.0},""R3_stop_distance_atr"":{""value"":0.656193437679446,""score"":57.8096718839723},""R4_rr_potential"":{""value"":9.741469792767464,""score"":100.0},""_score"":64.13},""market"":{""M1_spy_regime"":{""score"":100.0},""M3_earnings_risk"":{""value"":null,""score"":80.0},""M4_vix"":{""value"":null,""score"":60.0},""_score"":84.0},""liquidity"":{""L1_price"":{""value"":60.3431,""score"":100.0},""L2_dollar_vol"":{""value"":82828714.69216473,""score"":95.90904610885454},""L3_spread_proxy"":{""value"":0.03504957484782854,""score"":64.95042515217146},""L4_volume_zscore"":{""value"":-0.5062058305184401,""score"":100.0},""_score"":94.86},""pattern_structure"":{""pole_low"":65.64,""pole_low_idx"":20,""peak_price"":69.79,""peak_idx"":44,""pole_gain"":0.06322364411943945,""flag_bars"":15,""flag_low"":59.845,""flag_high"":66.36,""structural_low"":59.845,""current_price"":60.22,""neckline_distance_pct"":0.15891730322152123,""base_bars"":15},""pattern_geometry_features"":{""pole_gain"":0.06322364411943945,""pullback_pct"":0.14249892534747108,""flag_range_pct"":0.09335148302049004,""flag_drift_per_bar"":-0.006644135491293815,""atr_pct"":0.035249739761937536,""pole_atr_multiple"":1.7935917980225198},""_schema_version"":""1.0""}",,,,,,,,,,
20260508T181321Z-e7d442,2026-05-08T18:13:21.400575+00:00,AVAV,vcp,invalidated,39.27,5.0,36.5,68.6,57.5,6.4,29.1,30.6,84.0,96.5,0.75,9.12,8.24,6.9,0.83,2.04,1.53,5.04,4.83,False,,168.735,197.04,172.109,343.35,"{""trend"":{""T1_ema_stack"":{""value"":[false,false,false],""score"":0.0},""T2_ema50_slope"":{""value"":-0.5314498125322235,""score"":0},""T3_high_proximity"":{""value"":0.5990520822238791,""score"":0},""T4_rs_1m"":{""value"":-0.13487313529124334,""score"":0},""T5_rs_3m"":{""value"":-0.411560040625249,""score"":0},""T6_adr_healthy"":{""value"":5.943210760218661,""score"":100.0},""_score"":5.0},""geometry"":{""sub_contraction_count"":100.0,""sub_reduction_rate"":0.7,""sub_pivot_tightness"":0,""sub_volume_dryup"":8.7,""sub_base_depth"":0.0,""sub_base_duration"":100.0,""_score"":36.48},""compression"":{""VC1_atr_ratio"":{""value"":0.5191935833589792,""score"":100},""VC2_range_contraction"":{""value"":0.923325755058624,""score"":12.779040823562665},""VC3_range_pct_rank"":{""score"":96.66666666666667},""_score"":68.64},""sr_quality"":{""SR1_touches"":{""value"":2,""score"":25.0},""SR2_tightness"":{""value"":0.34250000000000114,""score"":94.04454728312743},""SR3_recency"":{""value"":243,""score"":0.0},""SR4_price_location"":{""score"":83.47035842634465},""SR5_reaction"":{""value"":2.186781378994704,""score"":100},""_score"":57.47,""_levels_found"":7,""_target_level"":175.0725},""volume"":{""V1_rvol_day"":{""value"":0.4601506981430284,""score"":0},""V2_rvol_sameslot"":{""value"":0.6130189301940249,""score"":7.534595346268325,""status"":""ok""},""V3_breakout_bar"":{""value"":0.4240849020565838,""score"":0},""V4_base_dryup"":{""value"":1.2557472200506088,""score"":24.425277994939123},""V5_bo_expansion"":{""value"":0.4601506981430284,""score"":0},""_score"":6.39},""readiness"":{""_distance_atr"":2.461,""BR1_atr_distance"":{""score"":0},""BR2_compression"":{""score"":46.34407395036746},""BR3_retest"":{""score"":50.0},""BR4_bo_age"":{""score"":50.0},""_score"":29.09},""risk"":{""R1_stop_clarity"":{""score"":54.42644146485518},""R2_stop_distance_pct"":{""value"":-1.9996147805730775,""score"":0.009630485673062239},""R3_stop_distance_atr"":{""value"":-0.29334299619509147,""score"":10.332850190245424},""R4_rr_potential"":{""value"":null,""score"":50.0},""_score"":30.6},""market"":{""M1_spy_regime"":{""score"":100.0},""M3_earnings_risk"":{""value"":null,""score"":80.0},""M4_vix"":{""value"":null,""score"":60.0},""_score"":84.0},""liquidity"":{""L1_price"":{""value"":168.735,""score"":100.0},""L2_dollar_vol"":{""value"":89604953.45427708,""score"":97.61660092863971},""L3_spread_proxy"":{""value"":0.024950365958455442,""score"":75.04963404154455},""L4_volume_zscore"":{""value"":-1.4738722589917548,""score"":100.0},""_score"":96.55},""pattern_structure"":{""n_contractions"":5,""contractions_pct"":[27.11,15.88,34.2,13.09,11.32],""descending_strict"":false,""final_low"":174.73,""final_pivot"":197.04,""structural_low"":174.73,""dry_up_ratio"":0.9565286218474774,""current_price"":168.735,""neckline_distance_pct"":0.16774824428838106,""base_bars"":50},""pattern_geometry_features"":{""contraction_count"":5.0,""first_contraction_pct"":0.2711188636929978,""last_contraction_pct"":0.11322574096630128,""dry_up_ratio"":0.9565286218474774,""near_monotone"":0.0,""base_depth_pct"":0.45573760279092956},""_schema_version"":""1.0""}",,,,,,,,,,
20260508T181321Z-e7d442,2026-05-08T18:13:21.400575+00:00,EXLS,bull_flag,absent,39.16,26.8,27.3,45.8,69.8,20.0,23.3,68.5,84.0,82.5,3.76,8.19,4.12,6.98,2.79,2.1,2.05,5.04,4.13,True,risk_unclear,31.095,32.59,29.9834,35.11,"{""trend"":{""T1_ema_stack"":{""value"":[false,false,false],""score"":0.0},""T2_ema50_slope"":{""value"":-0.08472006814914902,""score"":35.879988641808495},""T3_high_proximity"":{""value"":0.9552995391705069,""score"":77.64976958525344},""T4_rs_1m"":{""value"":-0.039915044477200956,""score"":10.084955522799042},""T5_rs_3m"":{""value"":-0.08669109282045007,""score"":6.654453589774967},""T6_adr_healthy"":{""value"":3.298171714338932,""score"":100.0},""_score"":26.84},""geometry"":{""sub_pole_impulse"":30.9,""sub_flag_tightness"":4.8,""sub_flag_shallowness"":0,""sub_flag_drift"":95.6,""sub_flag_duration"":25.0,""_score"":27.31},""compression"":{""VC1_atr_ratio"":{""value"":0.31464066164198556,""score"":100},""VC2_range_contraction"":{""value"":1.3523798386491028,""score"":0},""VC3_range_pct_rank"":{""score"":23.33333333333333},""_score"":45.83},""sr_quality"":{""SR1_touches"":{""value"":4,""score"":75.0},""SR2_tightness"":{""value"":0.20141297748655612,""score"":65.42160477253401},""SR3_recency"":{""value"":245,""score"":0.0},""SR4_price_location"":{""score"":89.77914740626602},""SR5_reaction"":{""value"":2.2411202060148976,""score"":100},""_score"":69.76,""_levels_found"":5,""_target_level"":31.3438},""volume"":{""V1_rvol_day"":{""value"":0.2826702250306542,""score"":0},""V2_rvol_sameslot"":{""value"":0.7338927741565625,""score"":15.5928516104375,""status"":""ok""},""V3_breakout_bar"":{""value"":0.9068836345770529,""score"":27.125575638470195},""V4_base_dryup"":{""value"":0.997022350415679,""score"":50.2977649584321},""V5_bo_expansion"":{""value"":0.2826702250306542,""score"":0},""_score"":19.96},""readiness"":{""_distance_atr"":1.283,""BR1_atr_distance"":{""score"":14.446590432978539},""BR2_compression"":{""score"":0},""BR3_retest"":{""score"":50.0},""BR4_bo_age"":{""score"":50.0},""_score"":23.28},""risk"":{""R1_stop_clarity"":{""score"":21.611330819460818},""R2_stop_distance_pct"":{""value"":3.5748512622608115,""score"":100.0},""R3_stop_distance_atr"":{""value"":0.9541923418866292,""score"":72.70961709433146},""R4_rr_potential"":{""value"":3.6119107592659323,""score"":100.0},""_score"":68.47},""market"":{""M1_spy_regime"":{""score"":100.0},""M3_earnings_risk"":{""value"":null,""score"":80.0},""M4_vix"":{""value"":null,""score"":60.0},""_score"":84.0},""liquidity"":{""L1_price"":{""value"":31.095,""score"":100.0},""L2_dollar_vol"":{""value"":20106129.97550799,""score"":65.1664242856186},""L3_spread_proxy"":{""value"":0.03537546229297308,""score"":64.62453770702692},""L4_volume_zscore"":{""value"":-1.7863560154177387,""score"":100.0},""_score"":82.53},""pattern_structure"":{""pole_low"":30.07,""pole_low_idx"":17,""peak_price"":32.59,""peak_idx"":33,""pole_gain"":0.08380445626870646,""flag_bars"":26,""flag_low"":30.44,""flag_high"":32.0,""structural_low"":30.44,""current_price"":31.03,""neckline_distance_pct"":0.050273928456332655,""base_bars"":26},""pattern_geometry_features"":{""pole_gain"":0.08380445626870646,""pullback_pct"":0.06597115679656342,""flag_range_pct"":0.047867444001227326,""flag_drift_per_bar"":-0.0008861564904104415,""atr_pct"":0.03746468196540558,""pole_atr_multiple"":2.2368922374969165},""_schema_version"":""1.0""}",,,,,,,,,,
20260508T181321Z-e7d442,2026-05-08T18:13:21.400575+00:00,BILI,vcp,absent,39.07,5.0,41.6,49.1,48.4,17.0,17.5,69.3,84.0,85.8,0.75,10.4,5.89,5.8,2.21,1.23,3.47,5.04,4.29,True,risk_unclear,22.025,25.625,20.6751,38.375,"{""trend"":{""T1_ema_stack"":{""value"":[false,false,false],""score"":0.0},""T2_ema50_slope"":{""value"":-0.446085498205487,""score"":0},""T3_high_proximity"":{""value"":0.6917399497487436,""score"":0},""T4_rs_1m"":{""value"":-0.15783480202380462,""score"":0},""T5_rs_3m"":{""value"":-0.3690648473239473,""score"":0},""T6_adr_healthy"":{""value"":2.6317763294285497,""score"":100.0},""_score"":5.0},""geometry"":{""sub_contraction_count"":100.0,""sub_reduction_rate"":0,""sub_pivot_tightness"":0,""sub_volume_dryup"":29.2,""sub_base_depth"":22.1,""sub_base_duration"":100.0,""_score"":41.59},""compression"":{""VC1_atr_ratio"":{""value"":0.31782212111622615,""score"":100},""VC2_range_contraction"":{""value"":0.9160563888288253,""score"":13.990601861862444},""VC3_range_pct_rank"":{""score"":16.666666666666664},""_score"":49.06},""sr_quality"":{""SR1_touches"":{""value"":4,""score"":75.0},""SR2_tightness"":{""value"":0.15105876340020785,""score"":57.942015022762725},""SR3_recency"":{""value"":266,""score"":0.0},""SR4_price_location"":{""score"":8.642994222756954},""SR5_reaction"":{""value"":3.7465073035886505,""score"":100},""_score"":48.35,""_levels_found"":4,""_target_level"":24.2125},""volume"":{""V1_rvol_day"":{""value"":0.6532196778240212,""score"":10.214645188268083},""V2_rvol_sameslot"":{""value"":0.9388456262595439,""score"":29.256375083969594,""status"":""ok""},""V3_breakout_bar"":{""value"":0.4617155577295796,""score"":0},""V4_base_dryup"":{""value"":1.046443125344348,""score"":45.3556874655652},""V5_bo_expansion"":{""value"":0.6532196778240212,""score"":0},""_score"":16.97},""readiness"":{""_distance_atr"":5.012,""BR1_atr_distance"":{""score"":0},""BR2_compression"":{""score"":0},""BR3_retest"":{""score"":50.0},""BR4_bo_age"":{""score"":50.0},""_score"":17.5},""risk"":{""R1_stop_clarity"":{""score"":12.339037656487733},""R2_stop_distance_pct"":{""value"":6.128717366628831,""score"":100.0},""R3_stop_distance_atr"":{""value"":1.8791353028329374,""score"":100.0},""R4_rr_potential"":{""value"":12.112456939659964,""score"":100.0},""_score"":69.32},""market"":{""M1_spy_regime"":{""score"":100.0},""M3_earnings_risk"":{""value"":null,""score"":80.0},""M4_vix"":{""value"":null,""score"":60.0},""_score"":84.0},""liquidity"":{""L1_price"":{""value"":22.025,""score"":100.0},""L2_dollar_vol"":{""value"":30646272.249202546,""score"":74.31888276807301},""L3_spread_proxy"":{""value"":0.03881952326901251,""score"":61.18047673098749},""L4_volume_zscore"":{""value"":-0.8406699826463165,""score"":100.0},""_score"":85.85},""pattern_structure"":{""n_contractions"":5,""contractions_pct"":[10.61,19.75,7.66,19.65,18.09],""descending_strict"":false,""final_low"":20.99,""final_pivot"":25.625,""structural_low"":20.99,""dry_up_ratio"":0.8541498536672493,""current_price"":22.025,""neckline_distance_pct"":0.16345062429057897,""base_bars"":71},""pattern_geometry_features"":{""contraction_count"":5.0,""first_contraction_pct"":0.10610551274451695,""last_contraction_pct"":0.18087804878048785,""dry_up_ratio"":0.8541498536672493,""near_monotone"":0.0,""base_depth_pct"":0.3778897451096622},""_schema_version"":""1.0""}",,,,,,,,,,
20260508T181321Z-e7d442,2026-05-08T18:13:21.400575+00:00,WK,vcp,absent,39.02,5.0,40.2,48.1,63.0,4.3,26.2,63.0,84.0,85.8,0.75,10.06,5.77,7.56,0.56,1.83,3.15,5.04,4.29,False,,50.74,59.025,50.2153,92.665,"{""trend"":{""T1_ema_stack"":{""value"":[false,false,false],""score"":0.0},""T2_ema50_slope"":{""value"":-0.5174617853498964,""score"":0},""T3_high_proximity"":{""value"":0.7252715837621498,""score"":0},""T4_rs_1m"":{""value"":-0.17166884586739983,""score"":0},""T5_rs_3m"":{""value"":-0.3411921755822942,""score"":0},""T6_adr_healthy"":{""value"":4.282338545761867,""score"":100.0},""_score"":5.0},""geometry"":{""sub_contraction_count"":100.0,""sub_reduction_rate"":20.0,""sub_pivot_tightness"":0,""sub_volume_dryup"":0,""sub_base_depth"":2.5,""sub_base_duration"":100.0,""_score"":40.25},""compression"":{""VC1_atr_ratio"":{""value"":0.5049215309643788,""score"":100},""VC2_range_contraction"":{""value"":1.0124689276854866,""score"":0},""VC3_range_pct_rank"":{""score"":32.49999999999999},""_score"":48.12},""sr_quality"":{""SR1_touches"":{""value"":3,""score"":50.0},""SR2_tightness"":{""value"":0.42297228698291517,""score"":68.47691233558257},""SR3_recency"":{""value"":229,""score"":0.0},""SR4_price_location"":{""score"":90.92627096087303},""SR5_reaction"":{""value"":2.1575725312749543,""score"":100},""_score"":63.0,""_levels_found"":6,""_target_level"":51.5517},""volume"":{""V1_rvol_day"":{""value"":0.5125764591348984,""score"":0.8384306089932236},""V2_rvol_sameslot"":{""value"":0.7643044731615882,""score"":17.620298210772546,""status"":""ok""},""V3_breakout_bar"":{""value"":0.535886758883764,""score"":2.3924505922509347},""V4_base_dryup"":{""value"":1.8088577538827304,""score"":0},""V5_bo_expansion"":{""value"":0.5125764591348982,""score"":0},""_score"":4.29},""readiness"":{""_distance_atr"":3.087,""BR1_atr_distance"":{""score"":0},""BR2_compression"":{""score"":34.76730821980247},""BR3_retest"":{""score"":50.0},""BR4_bo_age"":{""score"":50.0},""_score"":26.19},""risk"":{""R1_stop_clarity"":{""score"":43.00878360393945},""R2_stop_distance_pct"":{""value"":1.0340953882538486,""score"":75.85238470634621},""R3_stop_distance_atr"":{""value"":0.19552302368911484,""score"":34.77615118445574},""R4_rr_potential"":{""value"":79.90280160091439,""score"":100.0},""_score"":63.03},""market"":{""M1_spy_regime"":{""score"":100.0},""M3_earnings_risk"":{""value"":null,""score"":80.0},""M4_vix"":{""value"":null,""score"":60.0},""_score"":84.0},""liquidity"":{""L1_price"":{""value"":50.74,""score"":100.0},""L2_dollar_vol"":{""value"":32245822.702701602,""score"":75.42367308861083},""L3_spread_proxy"":{""value"":0.04316121403232173,""score"":56.83878596767827},""L4_volume_zscore"":{""value"":-0.9615158419220723,""score"":100.0},""_score"":85.85},""pattern_structure"":{""n_contractions"":5,""contractions_pct"":[33.74,16.88,7.85,10.24,13.63],""descending_strict"":false,""final_low"":50.98,""final_pivot"":59.025,""structural_low"":50.98,""dry_up_ratio"":1.536548140936449,""current_price"":50.74,""neckline_distance_pct"":0.16328340559716192,""base_bars"":61},""pattern_geometry_features"":{""contraction_count"":5.0,""first_contraction_pct"":0.3374497754667928,""last_contraction_pct"":0.136298178737823,""dry_up_ratio"":1.536548140936449,""near_monotone"":0.0,""base_depth_pct"":0.39754195225714967},""_schema_version"":""1.0""}",,,,,,,,,,
20260508T181321Z-e7d442,2026-05-08T18:13:21.400575+00:00,INTU,bull_flag,absent,38.84,19.1,26.2,59.5,58.7,19.3,25.6,74.2,84.0,96.3,2.68,7.85,5.36,5.87,2.71,2.3,2.23,5.04,4.82,False,,396.42,418.15,375.7874,456.3,"{""trend"":{""T1_ema_stack"":{""value"":[false,false,false],""score"":0.0},""T2_ema50_slope"":{""value"":-0.35447142428761286,""score"":0},""T3_high_proximity"":{""value"":0.8238668246150009,""score"":11.933412307500447},""T4_rs_1m"":{""value"":0.011598516506942103,""score"":61.598516506942104},""T5_rs_3m"":{""value"":-0.1743053356832055,""score"":0},""T6_adr_healthy"":{""value"":3.7370044689270956,""score"":100.0},""_score"":19.11},""geometry"":{""sub_pole_impulse"":29.9,""sub_flag_tightness"":0,""sub_flag_shallowness"":0,""sub_flag_drift"":97.9,""sub_flag_duration"":25.0,""_score"":26.16},""compression"":{""VC1_atr_ratio"":{""value"":0.49762875875098195,""score"":100},""VC2_range_contraction"":{""value"":0.854278851718314,""score"":24.286858046947675},""VC3_range_pct_rank"":{""score"":44.166666666666664},""_score"":59.54},""sr_quality"":{""SR1_touches"":{""value"":4,""score"":75.0},""SR2_tightness"":{""value"":4.184770364294199,""score"":53.85850022042751},""SR3_recency"":{""value"":227,""score"":0.0},""SR4_price_location"":{""score"":52.56434920961538},""SR5_reaction"":{""value"":2.23176317088282,""score"":100},""_score"":58.72,""_levels_found"":7,""_target_level"":414.44},""volume"":{""V1_rvol_day"":{""value"":0.4671364341973316,""score"":0},""V2_rvol_sameslot"":{""value"":0.699232549698767,""score"":13.282169979917802,""status"":""ok""},""V3_breakout_bar"":{""value"":0.5889137910697453,""score"":5.927586071316352},""V4_base_dryup"":{""value"":0.7401013701033251,""score"":75.98986298966749},""V5_bo_expansion"":{""value"":0.4671364341973316,""score"":0},""_score"":19.34},""readiness"":{""_distance_atr"":1.198,""BR1_atr_distance"":{""score"":20.134622856482935},""BR2_compression"":{""score"":0},""BR3_retest"":{""score"":50.0},""BR4_bo_age"":{""score"":50.0},""_score"":25.55},""risk"":{""R1_stop_clarity"":{""score"":36.90175786787652},""R2_stop_distance_pct"":{""value"":5.204744967458759,""score"":100.0},""R3_stop_distance_atr"":{""value"":1.1374834609205187,""score"":81.87417304602593},""R4_rr_potential"":{""value"":2.902196276290244,""score"":95.1098138145122},""_score"":74.22},""market"":{""M1_spy_regime"":{""score"":100.0},""M3_earnings_risk"":{""value"":null,""score"":80.0},""M4_vix"":{""value"":null,""score"":60.0},""_score"":84.0},""liquidity"":{""L1_price"":{""value"":396.42,""score"":100.0},""L2_dollar_vol"":{""value"":480499128.4581659,""score"":100.0},""L3_spread_proxy"":{""value"":0.03660259320922252,""score"":63.39740679077748},""L4_volume_zscore"":{""value"":-2.1487619213528895,""score"":100.0},""_score"":96.34},""pattern_structure"":{""pole_low"":380.0,""pole_low_idx"":20,""peak_price"":418.15,""peak_idx"":33,""pole_gain"":0.1003947368421052,""flag_bars"":26,""flag_low"":381.51,""flag_high"":411.8,""structural_low"":381.51,""current_price"":397.38,""neckline_distance_pct"":0.05226735115003267,""base_bars"":26},""pattern_geometry_features"":{""pole_gain"":0.1003947368421052,""pullback_pct"":0.0876240583522659,""flag_range_pct"":0.07243812029176139,""flag_drift_per_bar"":-0.000411457095255984,""atr_pct"":0.04575666500897316,""pole_atr_multiple"":2.194100833669088},""_schema_version"":""1.0""}",,,,,,,,,,
20260508T181321Z-e7d442,2026-05-08T18:13:21.400575+00:00,VSEC,vcp,absent,38.69,28.6,45.1,17.1,36.9,20.7,25.1,56.5,84.0,86.6,4.29,11.28,2.06,4.42,2.69,1.76,2.82,5.04,4.33,False,,192.18,232.61,157.1961,291.265,"{""trend"":{""T1_ema_stack"":{""value"":[true,false,true],""score"":66.66666666666666},""T2_ema50_slope"":{""value"":-0.19114458039878754,""score"":18.14256993353541},""T3_high_proximity"":{""value"":0.8437088418649574,""score"":21.85442093247869},""T4_rs_1m"":{""value"":-0.2039941312932395,""score"":0},""T5_rs_3m"":{""value"":-0.10665787191650267,""score"":0},""T6_adr_healthy"":{""value"":6.041618606032046,""score"":100.0},""_score"":28.57},""geometry"":{""sub_contraction_count"":100.0,""sub_reduction_rate"":0,""sub_pivot_tightness"":0,""sub_volume_dryup"":0.8,""sub_base_depth"":100.0,""sub_base_duration"":100.0,""_score"":45.12},""compression"":{""VC1_atr_ratio"":{""value"":0.8784797386690693,""score"":30.380065332732688},""VC2_range_contraction"":{""value"":1.150188985403301,""score"":0},""VC3_range_pct_rank"":{""score"":19.999999999999996},""_score"":17.15},""sr_quality"":{""SR1_touches"":{""value"":2,""score"":25.0},""SR2_tightness"":{""value"":1.8920999999999992,""score"":73.23761024328665},""SR3_recency"":{""value"":267,""score"":0.0},""SR4_price_location"":{""score"":34.13567725215849},""SR5_reaction"":{""value"":1.3113231518100388,""score"":65.56615759050194},""_score"":36.85,""_levels_found"":6,""_target_level"":205.8279},""volume"":{""V1_rvol_day"":{""value"":0.39864625008481136,""score"":0},""V2_rvol_sameslot"":{""value"":0.6374056892729006,""score"":9.160379284860042,""status"":""ok""},""V3_breakout_bar"":{""value"":0.5252000376144629,""score"":1.6800025076308585},""V4_base_dryup"":{""value"":0.5766661856530624,""score"":92.33338143469376},""V5_bo_expansion"":{""value"":0.39864625008481136,""score"":0},""_score"":20.72},""readiness"":{""_distance_atr"":2.859,""BR1_atr_distance"":{""score"":0},""BR2_compression"":{""score"":30.426798066596895},""BR3_retest"":{""score"":50.0},""BR4_bo_age"":{""score"":50.0},""_score"":25.11},""risk"":{""R1_stop_clarity"":{""score"":66.14071839801878},""R2_stop_distance_pct"":{""value"":18.203689249661785,""score"":0.0},""R3_stop_distance_atr"":{""value"":2.4741066246244836,""score"":100.0},""R4_rr_potential"":{""value"":2.8323069073300946,""score"":91.61534536650473},""_score"":56.47},""market"":{""M1_spy_regime"":{""score"":100.0},""M3_earnings_risk"":{""value"":null,""score"":80.0},""M4_vix"":{""value"":null,""score"":60.0},""_score"":84.0},""liquidity"":{""L1_price"":{""value"":192.18,""score"":100.0},""L2_dollar_vol"":{""value"":41033627.85252276,""score"":80.6569957687465},""L3_spread_proxy"":{""value"":0.0568212092829638,""score"":43.1787907170362},""L4_volume_zscore"":{""value"":-1.456618161332778,""score"":100.0},""_score"":86.58},""pattern_structure"":{""n_contractions"":5,""contractions_pct"":[6.56,17.11,10.31,26.65,31.39],""descending_strict"":false,""final_low"":159.59,""final_pivot"":232.61,""structural_low"":159.59,""dry_up_ratio"":0.9957556008088636,""current_price"":192.18,""neckline_distance_pct"":0.2103756894578,""base_bars"":67},""pattern_geometry_features"":{""contraction_count"":5.0,""first_contraction_pct"":0.06556484684643407,""last_contraction_pct"":0.31391599673272863,""dry_up_ratio"":0.9957556008088636,""near_monotone"":0.0,""base_depth_pct"":0.2687575889482004},""_schema_version"":""1.0""}",,,,,,,,,,
20260508T181321Z-e7d442,2026-05-08T18:13:21.400575+00:00,MMYT,ascending_triangle,absent,38.55,39.3,28.5,70.2,31.4,13.1,17.5,72.6,84.0,74.8,5.9,7.99,5.61,4.4,1.57,1.4,2.9,5.04,3.74,True,risk_unclear,48.2,51.09,45.4528,56.035,"{""trend"":{""T1_ema_stack"":{""value"":[true,false,false],""score"":33.33333333333333},""T2_ema50_slope"":{""value"":-0.12022364994244636,""score"":29.962725009592273},""T3_high_proximity"":{""value"":0.7731793391081168,""score"":0},""T4_rs_1m"":{""value"":0.07450949735158119,""score"":100},""T5_rs_3m"":{""value"":-0.223472819494004,""score"":0},""T6_adr_healthy"":{""value"":3.995104640255421,""score"":100.0},""_score"":39.33},""geometry"":{""sub_flat_top_quality"":33.3,""sub_hl_slope"":11.8,""sub_compression"":0,""sub_duration"":100.0,""_score"":28.53},""compression"":{""VC1_atr_ratio"":{""value"":0.4112111315488549,""score"":100},""VC2_range_contraction"":{""value"":0.568700634835671,""score"":71.88322752738817},""VC3_range_pct_rank"":{""score"":19.999999999999996},""_score"":70.16},""sr_quality"":{""SR1_touches"":{""value"":2,""score"":25.0},""SR2_tightness"":{""value"":0.4549999999999983,""score"":51.97889182058065},""SR3_recency"":{""value"":276,""score"":0.0},""SR4_price_location"":{""score"":4.553571428571472},""SR5_reaction"":{""value"":3.8509234828496037,""score"":100},""_score"":31.44,""_levels_found"":4,""_target_level"":53.545},""volume"":{""V1_rvol_day"":{""value"":0.20806436169336426,""score"":0},""V2_rvol_sameslot"":{""value"":0.37725290396602623,""score"":0,""status"":""ok""},""V3_breakout_bar"":{""value"":0.48517110248375683,""score"":0},""V4_base_dryup"":{""value"":0.8473261097126679,""score"":65.26738902873322},""V5_bo_expansion"":{""value"":0.20806436169336426,""score"":0},""_score"":13.05},""readiness"":{""_distance_atr"":1.525,""BR1_atr_distance"":{""score"":0},""BR2_compression"":{""score"":0},""BR3_retest"":{""score"":50.0},""BR4_bo_age"":{""score"":50.0},""_score"":17.5},""risk"":{""R1_stop_clarity"":{""score"":26.9472295514513},""R2_stop_distance_pct"":{""value"":5.699533195020743,""score"":100.0},""R3_stop_distance_atr"":{""value"":1.4496965699208435,""score"":97.48482849604217},""R4_rr_potential"":{""value"":2.8520207121861567,""score"":92.60103560930784},""_score"":72.57},""market"":{""M1_spy_regime"":{""score"":100.0},""M3_earnings_risk"":{""value"":null,""score"":80.0},""M4_vix"":{""value"":null,""score"":60.0},""_score"":84.0},""liquidity"":{""L1_price"":{""value"":48.2,""score"":100.0},""L2_dollar_vol"":{""value"":11471772.377081601,""score"":52.98152605688466},""L3_spread_proxy"":{""value"":0.06410788381742745,""score"":35.89211618257255},""L4_volume_zscore"":{""value"":-1.61644539437274,""score"":100.0},""_score"":74.78},""pattern_structure"":{""top"":51.09,""top_touches"":2,""low_slope_per_bar"":0.016341581421066908,""lowest_low"":46.145,""structural_low"":46.145,""current_price"":48.215,""neckline_distance_pct"":0.05962874624079643,""base_bars"":47},""pattern_geometry_features"":{""top_touches"":2.0,""low_slope"":0.016341581421066908,""compression"":-0.15075717819926582,""atr_pct"":0.039315352697095435},""_schema_version"":""1.0""}",,,,,,,,,,
20260508T181321Z-e7d442,2026-05-08T18:13:21.400575+00:00,HUBS,bull_flag,absent,38.53,5.0,17.7,40.0,64.2,65.1,17.5,84.7,84.0,84.5,0.7,5.31,3.6,6.43,9.12,1.57,2.54,5.04,4.23,False,,192.96,255.0,177.7925,294.94,"{""trend"":{""T1_ema_stack"":{""value"":[false,false,false],""score"":0.0},""T2_ema50_slope"":{""value"":-0.45859685414489954,""score"":0},""T3_high_proximity"":{""value"":0.6506609117885083,""score"":0},""T4_rs_1m"":{""value"":-0.1433382719235181,""score"":0},""T5_rs_3m"":{""value"":-0.23795590642008524,""score"":0},""T6_adr_healthy"":{""value"":5.601954799715073,""score"":100.0},""_score"":5.0},""geometry"":{""sub_pole_impulse"":22.9,""sub_flag_tightness"":0,""sub_flag_shallowness"":0,""sub_flag_drift"":55.6,""sub_flag_duration"":25.0,""_score"":17.71},""compression"":{""VC1_atr_ratio"":{""value"":0.7105446148072163,""score"":72.36384629819592},""VC2_range_contraction"":{""value"":0.8753364108858611,""score"":20.77726485235648},""VC3_range_pct_rank"":{""score"":15.000000000000002},""_score"":39.97},""sr_quality"":{""SR1_touches"":{""value"":4,""score"":75.0},""SR2_tightness"":{""value"":3.79975883280768,""score"":59.369714264421034},""SR3_recency"":{""value"":229,""score"":0.0},""SR4_price_location"":{""score"":71.36385508120851},""SR5_reaction"":{""value"":2.3587324379336803,""score"":100},""_score"":64.25,""_levels_found"":5,""_target_level"":210.8137},""volume"":{""V1_rvol_day"":{""value"":2.918615293493877,""score"":100},""V2_rvol_sameslot"":{""value"":3.371345214911848,""score"":100,""status"":""ok""},""V3_breakout_bar"":{""value"":0.7420797038115796,""score"":16.138646920771972},""V4_base_dryup"":{""value"":1.1956765068977855,""score"":30.432349310221454},""V5_bo_expansion"":{""value"":2.9186152934938776,""score"":100},""_score"":65.12},""readiness"":{""_distance_atr"":3.317,""BR1_atr_distance"":{""score"":0},""BR2_compression"":{""score"":0},""BR3_retest"":{""score"":50.0},""BR4_bo_age"":{""score"":50.0},""_score"":17.5},""risk"":{""R1_stop_clarity"":{""score"":71.0490840420534},""R2_stop_distance_pct"":{""value"":7.860437396351585,""score"":100.0},""R3_stop_distance_atr"":{""value"":0.8109197004471913,""score"":65.54598502235956},""R4_rr_potential"":{""value"":6.723586616119984,""score"":100.0},""_score"":84.7},""market"":{""M1_spy_regime"":{""score"":100.0},""M3_earnings_risk"":{""value"":null,""score"":80.0},""M4_vix"":{""value"":null,""score"":60.0},""_score"":84.0},""liquidity"":{""L1_price"":{""value"":192.96,""score"":100.0},""L2_dollar_vol"":{""value"":915123010.2848612,""score"":100.0},""L3_spread_proxy"":{""value"":0.07991293532338302,""score"":20.087064676616976},""L4_volume_zscore"":{""value"":3.4267189095495385,""score"":70.0},""_score"":84.51},""pattern_structure"":{""pole_low"":215.06,""pole_low_idx"":20,""peak_price"":255.0,""peak_idx"":33,""pole_gain"":0.18571561424718683,""flag_bars"":26,""flag_low"":180.5,""flag_high"":252.96,""structural_low"":180.5,""current_price"":195.59,""neckline_distance_pct"":0.30374763535968097,""base_bars"":26},""pattern_geometry_features"":{""pole_gain"":0.18571561424718683,""pullback_pct"":0.29215686274509806,""flag_range_pct"":0.28415686274509805,""flag_drift_per_bar"":-0.008887761465091586,""atr_pct"":0.096932376806444,""pole_atr_multiple"":1.915929644622524},""_schema_version"":""1.0""}",,,,,,,,,,
20260508T181321Z-e7d442,2026-05-08T18:13:21.400575+00:00,KVYO,bull_flag,absent,38.24,14.0,36.2,13.5,53.3,29.2,32.1,72.8,84.0,93.8,1.96,10.85,1.22,5.33,4.09,2.89,2.18,5.04,4.69,False,,15.07,23.52,14.9129,27.87,"{""trend"":{""T1_ema_stack"":{""value"":[false,false,false],""score"":0.0},""T2_ema50_slope"":{""value"":-0.030892529786291156,""score"":44.85124503561814},""T3_high_proximity"":{""value"":0.6459494213459066,""score"":0},""T4_rs_1m"":{""value"":-0.23731782309679583,""score"":0},""T5_rs_3m"":{""value"":-0.2802495974797923,""score"":0},""T6_adr_healthy"":{""value"":6.110720148059317,""score"":100.0},""_score"":13.97},""geometry"":{""sub_pole_impulse"":26.0,""sub_flag_tightness"":24.0,""sub_flag_shallowness"":0,""sub_flag_drift"":82.4,""sub_flag_duration"":100.0,""_score"":36.16},""compression"":{""VC1_atr_ratio"":{""value"":1.0439516446378359,""score"":0},""VC2_range_contraction"":{""value"":1.0916797698797125,""score"":0},""VC3_range_pct_rank"":{""score"":54.16666666666667},""_score"":13.54},""sr_quality"":{""SR1_touches"":{""value"":2,""score"":25.0},""SR2_tightness"":{""value"":0.3200000000000012,""score"":61.85188654342313},""SR3_recency"":{""value"":242,""score"":0.0},""SR4_price_location"":{""score"":86.05209601743911},""SR5_reaction"":{""value"":2.1622231494333133,""score"":100},""_score"":53.29,""_levels_found"":9,""_target_level"":15.85},""volume"":{""V1_rvol_day"":{""value"":0.8758746609661849,""score"":25.058310731078997},""V2_rvol_sameslot"":{""value"":2.505056164872911,""score"":100,""status"":""ok""},""V3_breakout_bar"":{""value"":0.7500597899953408,""score"":16.670652666356055},""V4_base_dryup"":{""value"":1.857201058287377,""score"":0},""V5_bo_expansion"":{""value"":0.8758746609661849,""score"":0},""_score"":29.18},""readiness"":{""_distance_atr"":5.037,""BR1_atr_distance"":{""score"":0},""BR2_compression"":{""score"":58.6198937595522},""BR3_retest"":{""score"":50.0},""BR4_bo_age"":{""score"":50.0},""_score"":32.15},""risk"":{""R1_stop_clarity"":{""score"":72.9267607312857},""R2_stop_distance_pct"":{""value"":1.0424684804246833,""score"":76.06171201061709},""R3_stop_distance_atr"":{""value"":0.09364169725044058,""score"":29.68208486252203},""R4_rr_potential"":{""value"":81.47676639083396,""score"":100.0},""_score"":72.8},""market"":{""M1_spy_regime"":{""score"":100.0},""M3_earnings_risk"":{""value"":null,""score"":80.0},""M4_vix"":{""value"":null,""score"":60.0},""_score"":84.0},""liquidity"":{""L1_price"":{""value"":15.07,""score"":100.0},""L2_dollar_vol"":{""value"":87504560.79983419,""score"":97.101534467448},""L3_spread_proxy"":{""value"":0.05043132050431319,""score"":49.56867949568681},""L4_volume_zscore"":{""value"":-0.1799678303414334,""score"":100.0},""_score"":93.8},""pattern_structure"":{""pole_low"":19.17,""pole_low_idx"":20,""peak_price"":23.52,""peak_idx"":43,""pole_gain"":0.22691705790297326,""flag_bars"":16,""flag_low"":15.14,""flag_high"":17.575,""structural_low"":15.14,""current_price"":15.26,""neckline_distance_pct"":0.5412844036697247,""base_bars"":16},""pattern_geometry_features"":{""pole_gain"":0.22691705790297326,""pullback_pct"":0.3562925170068027,""flag_range_pct"":0.10352891156462579,""flag_drift_per_bar"":-0.003529373217176785,""atr_pct"":0.11132524409896667,""pole_atr_multiple"":2.0383252670099425},""_schema_version"":""1.0""}",,,,,,,,,,
20260508T181321Z-e7d442,2026-05-08T18:13:21.400575+00:00,AMPL,vcp,invalidated,38.11,12.9,45.7,9.7,61.6,35.4,17.5,34.0,84.0,72.8,1.93,11.43,1.16,7.39,4.6,1.23,1.7,5.04,3.64,False,,6.26,7.4,6.4123,11.6,"{""trend"":{""T1_ema_stack"":{""value"":[false,false,false],""score"":0.0},""T2_ema50_slope"":{""value"":-0.10736653311185523,""score"":32.10557781469079},""T3_high_proximity"":{""value"":0.7786069651741294,""score"":0},""T4_rs_1m"":{""value"":-0.04282560055969031,""score"":7.174399440309685},""T5_rs_3m"":{""value"":-0.20176912817087833,""score"":0},""T6_adr_healthy"":{""value"":5.643752008765677,""score"":100.0},""_score"":12.86},""geometry"":{""sub_contraction_count"":100.0,""sub_reduction_rate"":39.7,""sub_pivot_tightness"":0,""sub_volume_dryup"":0,""sub_base_depth"":7.8,""sub_base_duration"":100.0,""_score"":45.7},""compression"":{""VC1_atr_ratio"":{""value"":0.9358168830646526,""score"":16.04577923383685},""VC2_range_contraction"":{""value"":0.9800805710414918,""score"":3.3199048264180298},""VC3_range_pct_rank"":{""score"":8.333333333333337},""_score"":9.66},""sr_quality"":{""SR1_touches"":{""value"":3,""score"":50.0},""SR2_tightness"":{""value"":0.06416125518306694,""score"":76.33049874669466},""SR3_recency"":{""value"":234,""score"":0.0},""SR4_price_location"":{""score"":90.8695652173913},""SR5_reaction"":{""value"":1.6600790513833992,""score"":83.00395256916995},""_score"":61.62,""_levels_found"":6,""_target_level"":6.425},""volume"":{""V1_rvol_day"":{""value"":1.1529629841656353,""score"":43.53086561104235},""V2_rvol_sameslot"":{""value"":2.28864706608236,""score"":100,""status"":""ok""},""V3_breakout_bar"":{""value"":0.5078859820245133,""score"":0.525732134967553},""V4_base_dryup"":{""value"":1.249824650731948,""score"":25.01753492680521},""V5_bo_expansion"":{""value"":1.1529629841656353,""score"":10.197532277709016},""_score"":35.37},""readiness"":{""_distance_atr"":2.103,""BR1_atr_distance"":{""score"":0},""BR2_compression"":{""score"":0},""BR3_retest"":{""score"":50.0},""BR4_bo_age"":{""score"":50.0},""_score"":17.5},""risk"":{""R1_stop_clarity"":{""score"":63.976284584980306},""R2_stop_distance_pct"":{""value"":-2.4337060702875433,""score"":0.0},""R3_stop_distance_atr"":{""value"":-0.2810144927536236,""score"":10.949275362318822},""R4_rr_potential"":{""value"":null,""score"":50.0},""_score"":34.03},""market"":{""M1_spy_regime"":{""score"":100.0},""M3_earnings_risk"":{""value"":null,""score"":80.0},""M4_vix"":{""value"":null,""score"":60.0},""_score"":84.0},""liquidity"":{""L1_price"":{""value"":6.26,""score"":98.13},""L2_dollar_vol"":{""value"":14552879.799764458,""score"":58.14744711418176},""L3_spread_proxy"":{""value"":0.10063897763578274,""score"":0},""L4_volume_zscore"":{""value"":0.19974271848349795,""score"":100.0},""_score"":72.79},""pattern_structure"":{""n_contractions"":5,""contractions_pct"":[44.02,17.13,21.05,21.84,12.03],""descending_strict"":false,""final_low"":6.51,""final_pivot"":7.4,""structural_low"":6.51,""dry_up_ratio"":1.3554407966173845,""current_price"":6.26,""neckline_distance_pct"":0.18210862619808316,""base_bars"":62},""pattern_geometry_features"":{""contraction_count"":5.0,""first_contraction_pct"":0.4402427637721756,""last_contraction_pct"":0.12027027027027035,""dry_up_ratio"":1.3554407966173845,""near_monotone"":0.0,""base_depth_pct"":0.3921568627450981},""_schema_version"":""1.0""}",,,,,,,,,,
20260508T181321Z-e7d442,2026-05-08T18:13:21.400575+00:00,BILI,double_bottom,absent,37.95,5.0,33.6,49.1,48.4,19.4,36.5,55.4,84.0,85.8,0.75,8.41,3.92,6.77,2.53,2.92,3.32,5.04,4.29,True,risk_unclear,22.025,22.59,20.6751,24.19,"{""trend"":{""T1_ema_stack"":{""value"":[false,false,false],""score"":0.0},""T2_ema50_slope"":{""value"":-0.446085498205487,""score"":0},""T3_high_proximity"":{""value"":0.6917399497487436,""score"":0},""T4_rs_1m"":{""value"":-0.15783480202380462,""score"":0},""T5_rs_3m"":{""value"":-0.3690648473239473,""score"":0},""T6_adr_healthy"":{""value"":2.6317763294285497,""score"":100.0},""_score"":5.0},""geometry"":{""sub_low_similarity"":16.0,""sub_bounce_quality"":66.0,""sub_separation_fit"":0.0,""sub_right_bottom_reaction"":64.2,""sub_base_context"":30.0,""_score"":33.63},""compression"":{""VC1_atr_ratio"":{""value"":0.31782212111622615,""score"":100},""VC2_range_contraction"":{""value"":0.9160563888288253,""score"":13.990601861862444},""VC3_range_pct_rank"":{""score"":16.666666666666664},""_score"":49.06},""sr_quality"":{""SR1_touches"":{""value"":4,""score"":75.0},""SR2_tightness"":{""value"":0.15105876340020785,""score"":57.942015022762725},""SR3_recency"":{""value"":266,""score"":0.0},""SR4_price_location"":{""score"":8.642994222756954},""SR5_reaction"":{""value"":3.7465073035886505,""score"":100},""_score"":48.35,""_levels_found"":4,""_target_level"":24.2125},""volume"":{""V1_rvol_day"":{""value"":0.6532196778240212,""score"":10.214645188268083},""V2_rvol_sameslot"":{""value"":0.9388456262595439,""score"":29.256375083969594,""status"":""ok""},""V3_breakout_bar"":{""value"":0.4617155577295796,""score"":0},""V4_base_dryup"":{""value"":0.9228151802171891,""score"":57.71848197828109},""V5_bo_expansion"":{""value"":0.6532196778240212,""score"":0},""_score"":19.44},""readiness"":{""_distance_atr"":0.787,""BR1_atr_distance"":{""score"":47.563978906268},""BR2_compression"":{""score"":0},""BR3_retest"":{""score"":50.0},""BR4_bo_age"":{""score"":50.0},""_score"":36.53},""risk"":{""R1_stop_clarity"":{""score"":12.339037656487733},""R2_stop_distance_pct"":{""value"":6.128717366628831,""score"":100.0},""R3_stop_distance_atr"":{""value"":1.8791353028329374,""score"":100.0},""R4_rr_potential"":{""value"":1.6038819128051285,""score"":30.194095640256425},""_score"":55.36},""market"":{""M1_spy_regime"":{""score"":100.0},""M3_earnings_risk"":{""value"":null,""score"":80.0},""M4_vix"":{""value"":null,""score"":60.0},""_score"":84.0},""liquidity"":{""L1_price"":{""value"":22.025,""score"":100.0},""L2_dollar_vol"":{""value"":30646272.249202546,""score"":74.31888276807301},""L3_spread_proxy"":{""value"":0.03881952326901251,""score"":61.18047673098749},""L4_volume_zscore"":{""value"":-0.8406699826463165,""score"":100.0},""_score"":85.85},""pattern_structure"":{""left_low"":20.99,""left_idx"":28,""right_low"":21.89,""right_idx"":75,""separation_bars"":47,""structural_low"":20.99,""current_price"":21.975,""neckline_distance_pct"":0.027986348122866822,""base_bars"":47},""pattern_geometry_features"":{""low_similarity_pct"":0.041977611940298615,""bounce_pct"":0.0762267746545975,""right_bottom_reaction"":0.6415094339622692,""atr_pct"":0.0326145613750608},""_schema_version"":""1.0""}",,,,,,,,,,
20260508T181321Z-e7d442,2026-05-08T18:13:21.400575+00:00,TTAN,breakout_retest_hold,setup,37.52,21.7,20.0,55.8,45.0,19.5,45.2,61.6,84.0,82.8,3.03,4.4,3.35,6.3,2.53,8.14,3.08,4.2,2.48,False,,62.83,60.66,60.7662,59.22,"{""trend"":{""T1_ema_stack"":{""value"":[true,false,false],""score"":33.33333333333333},""T2_ema50_slope"":{""value"":-0.35912816466875824,""score"":0},""T3_high_proximity"":{""value"":0.7574442435201928,""score"":0},""T4_rs_1m"":{""value"":-0.01515813233960328,""score"":34.841867660396716},""T5_rs_3m"":{""value"":-0.08188266861287963,""score"":9.058665693560187},""T6_adr_healthy"":{""value"":5.417998471564357,""score"":100.0},""_score"":21.66},""geometry"":{""sub_retest_depth"":0.0,""sub_retest_timing"":0.0,""sub_retest_freshness"":100.0,""sub_hold_quality"":0.0,""_score"":20.0},""compression"":{""VC1_atr_ratio"":{""value"":0.34712883077354506,""score"":100},""VC2_range_contraction"":{""value"":1.0230636323825884,""score"":0},""VC3_range_pct_rank"":{""score"":63.33333333333333},""_score"":55.83},""sr_quality"":{""SR1_touches"":{""value"":2,""score"":25.0},""SR2_tightness"":{""value"":0.44249999999999545,""score"":76.90143680893092},""SR3_recency"":{""value"":236,""score"":0.0},""SR4_price_location"":{""score"":43.84102690693655},""SR5_reaction"":{""value"":2.1682634317492457,""score"":100},""_score"":45.0,""_levels_found"":3,""_target_level"":68.5175},""volume"":{""V1_rvol_day"":{""value"":0.34035443275773897,""score"":0},""V2_rvol_sameslot"":{""value"":0.5659739498954613,""score"":4.3982633263640905,""status"":""ok""},""V3_breakout_bar"":{""value"":0.4121243992476618,""score"":0},""V4_base_dryup"":{""value"":0.5700253950682229,""score"":92.99746049317771},""V5_bo_expansion"":{""value"":0.34035443275773897,""score"":0},""_score"":19.48},""readiness"":{""_distance_atr"":-0.566,""BR1_atr_distance"":{""score"":48.67256901138521},""BR2_compression"":{""score"":5.081220925242214},""BR3_retest"":{""score"":100},""BR4_bo_age"":{""score"":30.0},""_score"":45.24},""risk"":{""R1_stop_clarity"":{""score"":67.95955234648974},""R2_stop_distance_pct"":{""value"":3.2847365908005624,""score"":100.0},""R3_stop_distance_atr"":{""value"":0.5386532736014542,""score"":51.93266368007271},""R4_rr_potential"":{""value"":-1.749200503924811,""score"":0.0},""_score"":61.58},""market"":{""M1_spy_regime"":{""score"":100.0},""M3_earnings_risk"":{""value"":null,""score"":80.0},""M4_vix"":{""value"":null,""score"":60.0},""_score"":84.0},""liquidity"":{""L1_price"":{""value"":62.83,""score"":100.0},""L2_dollar_vol"":{""value"":22339606.32988874,""score"":67.45377578395843},""L3_spread_proxy"":{""value"":0.04169982492439913,""score"":58.30017507560087},""L4_volume_zscore"":{""value"":-2.1928022545092514,""score"":100.0},""_score"":82.81},""pattern_structure"":{""level"":60.66,""level_idx"":42,""breakout_idx"":47,""bo_peak_idx"":72,""bo_peak_price"":68.4899,""retest_idx"":77,""retest_low"":61.38,""structural_low"":61.38,""current_price"":63.135,""neckline_distance_pct"":-0.03920171062009981,""base_bars"":37,""bars_since_breakout"":32},""pattern_geometry_features"":{""retest_depth_atr"":-0.5750208216865047,""bars_breakout_to_retest"":30.0,""bars_since_retest"":2.0,""current_above_level_atr"":1.9766340745473447,""bo_peak_excess_pct"":0.12907847016155638,""atr_pct"":0.06098053705008978},""_schema_version"":""1.0""}",,,,,,,,,,
20260508T181321Z-e7d442,2026-05-08T18:13:21.400575+00:00,BILI,ascending_triangle,absent,37.31,5.0,33.9,49.1,48.4,19.4,28.7,60.5,84.0,85.8,0.75,9.48,3.92,6.77,2.33,2.3,2.42,5.04,4.29,True,risk_unclear,22.025,22.8,21.1381,24.14,"{""trend"":{""T1_ema_stack"":{""value"":[false,false,false],""score"":0.0},""T2_ema50_slope"":{""value"":-0.446085498205487,""score"":0},""T3_high_proximity"":{""value"":0.6917399497487436,""score"":0},""T4_rs_1m"":{""value"":-0.15783480202380462,""score"":0},""T5_rs_3m"":{""value"":-0.3690648473239473,""score"":0},""T6_adr_healthy"":{""value"":2.6317763294285497,""score"":100.0},""_score"":5.0},""geometry"":{""sub_flat_top_quality"":33.3,""sub_hl_slope"":24.9,""sub_compression"":5.6,""sub_duration"":100.0,""_score"":33.86},""compression"":{""VC1_atr_ratio"":{""value"":0.31782212111622615,""score"":100},""VC2_range_contraction"":{""value"":0.9160563888288253,""score"":13.990601861862444},""VC3_range_pct_rank"":{""score"":16.666666666666664},""_score"":49.06},""sr_quality"":{""SR1_touches"":{""value"":4,""score"":75.0},""SR2_tightness"":{""value"":0.15105876340020785,""score"":57.942015022762725},""SR3_recency"":{""value"":266,""score"":0.0},""SR4_price_location"":{""score"":8.642994222756954},""SR5_reaction"":{""value"":3.7465073035886505,""score"":100},""_score"":48.35,""_levels_found"":4,""_target_level"":24.2125},""volume"":{""V1_rvol_day"":{""value"":0.6532196778240212,""score"":10.214645188268083},""V2_rvol_sameslot"":{""value"":0.9388456262595439,""score"":29.256375083969594,""status"":""ok""},""V3_breakout_bar"":{""value"":0.4617155577295796,""score"":0},""V4_base_dryup"":{""value"":0.9228151802171891,""score"":57.71848197828109},""V5_bo_expansion"":{""value"":0.6532196778240212,""score"":0},""_score"":19.44},""readiness"":{""_distance_atr"":1.079,""BR1_atr_distance"":{""score"":28.07448434045608},""BR2_compression"":{""score"":0},""BR3_retest"":{""score"":50.0},""BR4_bo_age"":{""score"":50.0},""_score"":28.73},""risk"":{""R1_stop_clarity"":{""score"":10.376167132359669},""R2_stop_distance_pct"":{""value"":4.026787741203165,""score"":100.0},""R3_stop_distance_atr"":{""value"":1.2346594807441766,""score"":86.73297403720883},""R4_rr_potential"":{""value"":2.3847107903935156,""score"":69.23553951967578},""_score"":60.49},""market"":{""M1_spy_regime"":{""score"":100.0},""M3_earnings_risk"":{""value"":null,""score"":80.0},""M4_vix"":{""value"":null,""score"":60.0},""_score"":84.0},""liquidity"":{""L1_price"":{""value"":22.025,""score"":100.0},""L2_dollar_vol"":{""value"":30646272.249202546,""score"":74.31888276807301},""L3_spread_proxy"":{""value"":0.03881952326901251,""score"":61.18047673098749},""L4_volume_zscore"":{""value"":-0.8406699826463165,""score"":100.0},""_score"":85.85},""pattern_structure"":{""top"":22.8,""top_touches"":2,""low_slope_per_bar"":0.016034893489349063,""lowest_low"":21.46,""structural_low"":21.46,""current_price"":21.975,""neckline_distance_pct"":0.03754266211604092,""base_bars"":47},""pattern_geometry_features"":{""top_touches"":2.0,""low_slope"":0.016034893489349063,""compression"":0.027938365424961864,""atr_pct"":0.0326145613750608},""_schema_version"":""1.0""}",,,,,,,,,,
20260508T181321Z-e7d442,2026-05-08T18:13:21.400575+00:00,BTU,bull_flag,absent,37.28,13.3,23.4,74.5,49.8,18.7,29.8,70.7,84.0,84.9,1.87,7.02,6.71,4.98,2.62,2.69,2.12,5.04,4.25,False,,23.955,26.79,23.3248,28.54,"{""trend"":{""T1_ema_stack"":{""value"":[false,false,true],""score"":33.33333333333333},""T2_ema50_slope"":{""value"":-0.8292134768643371,""score"":0},""T3_high_proximity"":{""value"":0.6064556962025316,""score"":0},""T4_rs_1m"":{""value"":-0.21993358430625498,""score"":0},""T5_rs_3m"":{""value"":-0.4187705997089053,""score"":0},""T6_adr_healthy"":{""value"":4.003435451157236,""score"":100.0},""_score"":13.33},""geometry"":{""sub_pole_impulse"":12.5,""sub_flag_tightness"":0,""sub_flag_shallowness"":0,""sub_flag_drift"":81.0,""sub_flag_duration"":75.0,""_score"":23.4},""compression"":{""VC1_atr_ratio"":{""value"":0.25227759459838534,""score"":100},""VC2_range_contraction"":{""value"":0.7755051284744435,""score"":37.41581192092608},""VC3_range_pct_rank"":{""score"":85.83333333333334},""_score"":74.55},""sr_quality"":{""SR1_touches"":{""value"":2,""score"":25.0},""SR2_tightness"":{""value"":0.13000000000000078,""score"":76.68908101184743},""SR3_recency"":{""value"":238,""score"":0.0},""SR4_price_location"":{""score"":63.01633045148895},""SR5_reaction"":{""value"":2.2907460774895947,""score"":100},""_score"":49.76,""_levels_found"":6,""_target_level"":25.33},""volume"":{""V1_rvol_day"":{""value"":0.3422541502571984,""score"":0},""V2_rvol_sameslot"":{""value"":0.7843347341838359,""score"":18.95564894558906,""status"":""ok""},""V3_breakout_bar"":{""value"":0.5794615980873847,""score"":5.2974398724923155},""V4_base_dryup"":{""value"":0.8201446771523964,""score"":67.98553228476037},""V5_bo_expansion"":{""value"":0.3422541502571984,""score"":0},""_score"":18.71},""readiness"":{""_distance_atr"":2.542,""BR1_atr_distance"":{""score"":0},""BR2_compression"":{""score"":49.36159903541647},""BR3_retest"":{""score"":50.0},""BR4_bo_age"":{""score"":50.0},""_score"":29.84},""risk"":{""R1_stop_clarity"":{""score"":36.307396733909705},""R2_stop_distance_pct"":{""value"":2.6307660196201152,""score"":100.0},""R3_stop_distance_atr"":{""value"":0.5650208133205239,""score"":53.25104066602619},""R4_rr_potential"":{""value"":7.2754681053633945,""score"":100.0},""_score"":70.7},""market"":{""M1_spy_regime"":{""score"":100.0},""M3_earnings_risk"":{""value"":null,""score"":80.0},""M4_vix"":{""value"":null,""score"":60.0},""_score"":84.0},""liquidity"":{""L1_price"":{""value"":23.955,""score"":100.0},""L2_dollar_vol"":{""value"":25656089.70895989,""score"":70.4595232737518},""L3_spread_proxy"":{""value"":0.03256105197244839,""score"":67.4389480275516},""L4_volume_zscore"":{""value"":-1.4059908975910334,""score"":100.0},""_score"":84.93},""pattern_structure"":{""pole_low"":25.04,""pole_low_idx"":26,""peak_price"":26.79,""peak_idx"":37,""pole_gain"":0.06988817891373802,""flag_bars"":22,""flag_low"":23.68,""flag_high"":26.65,""structural_low"":23.68,""current_price"":23.89,""neckline_distance_pct"":0.12138970280452066,""base_bars"":22},""pattern_geometry_features"":{""pole_gain"":0.06988817891373802,""pullback_pct"":0.11608809257185515,""flag_range_pct"":0.11086226203807387,""flag_drift_per_bar"":-0.0038017745080914833,""atr_pct"":0.04656051525181143,""pole_atr_multiple"":1.5010181596093706},""_schema_version"":""1.0""}",,,,,,,,,,
20260508T181321Z-e7d442,2026-05-08T18:13:21.400575+00:00,SRAD,double_bottom,absent,37.09,4.2,48.9,41.5,33.6,0.0,33.1,80.2,84.0,74.1,0.64,12.23,3.32,4.7,0.0,2.65,4.81,5.04,3.7,False,,12.83,14.02,12.5341,15.315,"{""trend"":{""T1_ema_stack"":{""value"":[false,false,false],""score"":0.0},""T2_ema50_slope"":{""value"":-0.9348502422912935,""score"":0},""T3_high_proximity"":{""value"":0.6515997968511935,""score"":0},""T4_rs_1m"":{""value"":-0.24255942126970553,""score"":0},""T5_rs_3m"":{""value"":-0.31245583103164487,""score"":0},""T6_adr_healthy"":{""value"":8.598060592023069,""score"":85.04848519942327},""_score"":4.25},""geometry"":{""sub_low_similarity"":8.6,""sub_bounce_quality"":100,""sub_separation_fit"":100.0,""sub_right_bottom_reaction"":35.5,""sub_base_context"":30.0,""_score"":48.91},""compression"":{""VC1_atr_ratio"":{""value"":0.419441074284185,""score"":100},""VC2_range_contraction"":{""value"":1.014947971803825,""score"":0},""VC3_range_pct_rank"":{""score"":5.833333333333335},""_score"":41.46},""sr_quality"":{""SR1_touches"":{""value"":2,""score"":25.0},""SR2_tightness"":{""value"":0.26750000000000096,""score"":58.91342746491992},""SR3_recency"":{""value"":248,""score"":0.0},""SR4_price_location"":{""score"":26.751592356687894},""SR5_reaction"":{""value"":1.4073111059912895,""score"":70.36555529956448},""_score"":33.58,""_levels_found"":6,""_target_level"":15.9925},""volume"":{""V1_rvol_day"":{""value"":0.20434095287485,""score"":0},""V2_rvol_sameslot"":{""value"":0.2362771569070802,""score"":0,""status"":""ok""},""V3_breakout_bar"":{""value"":0.49542371294174986,""score"":0},""V4_base_dryup"":{""value"":2.4375482035372693,""score"":0},""V5_bo_expansion"":{""value"":0.20434095287484993,""score"":0},""_score"":0.0},""readiness"":{""_distance_atr"":0.914,""BR1_atr_distance"":{""score"":39.07411673925844},""BR2_compression"":{""score"":0},""BR3_retest"":{""score"":50.0},""BR4_bo_age"":{""score"":50.0},""_score"":33.13},""risk"":{""R1_stop_clarity"":{""score"":70.68261856959482},""R2_stop_distance_pct"":{""value"":2.3061184723304797,""score"":100.0},""R3_stop_distance_atr"":{""value"":0.2272241055853607,""score"":36.36120527926804},""R4_rr_potential"":{""value"":8.398817068018571,""score"":100.0},""_score"":80.19},""market"":{""M1_spy_regime"":{""score"":100.0},""M3_earnings_risk"":{""value"":null,""score"":80.0},""M4_vix"":{""value"":null,""score"":60.0},""_score"":84.0},""liquidity"":{""L1_price"":{""value"":12.83,""score"":100.0},""L2_dollar_vol"":{""value"":15005813.981559351,""score"":58.812977922437156},""L3_spread_proxy"":{""value"":0.0943102104442713,""score"":5.689789555728694},""L4_volume_zscore"":{""value"":-0.7727032141871242,""score"":100.0},""_score"":74.09},""pattern_structure"":{""left_low"":12.725,""left_idx"":46,""right_low"":13.3201,""right_idx"":69,""separation_bars"":23,""structural_low"":12.725,""current_price"":12.82,""neckline_distance_pct"":0.09360374414976594,""base_bars"":23},""pattern_geometry_features"":{""low_similarity_pct"":0.04569765522113568,""bounce_pct"":0.10176817288801572,""right_bottom_reaction"":0.35463052597611944,""atr_pct"":0.1014909252867164},""_schema_version"":""1.0""}",,,,,,,,,,
20260508T181321Z-e7d442,2026-05-08T18:13:21.400575+00:00,NOW,bull_flag,absent,36.7,5.0,23.9,69.1,59.9,3.6,43.1,78.3,84.0,96.9,0.7,7.18,6.22,5.99,0.51,3.88,2.35,5.04,4.84,False,,91.45,95.62,86.8868,105.36,"{""trend"":{""T1_ema_stack"":{""value"":[false,false,false],""score"":0.0},""T2_ema50_slope"":{""value"":-0.5827059031984715,""score"":0},""T3_high_proximity"":{""value"":0.7354833520990831,""score"":0},""T4_rs_1m"":{""value"":-0.06616216558761656,""score"":0},""T5_rs_3m"":{""value"":-0.15982350915409205,""score"":0},""T6_adr_healthy"":{""value"":4.580963130794473,""score"":100.0},""_score"":5.0},""geometry"":{""sub_pole_impulse"":21.5,""sub_flag_tightness"":0,""sub_flag_shallowness"":0,""sub_flag_drift"":99.9,""sub_flag_duration"":25.0,""_score"":23.93},""compression"":{""VC1_atr_ratio"":{""value"":0.32006467774855646,""score"":100},""VC2_range_contraction"":{""value"":0.7624527448599957,""score"":39.59120919000072},""VC3_range_pct_rank"":{""score"":60.83333333333334},""_score"":69.07},""sr_quality"":{""SR1_touches"":{""value"":4,""score"":75.0},""SR2_tightness"":{""value"":1.3216939887886305,""score"":52.62084483615654},""SR3_recency"":{""value"":227,""score"":0.0},""SR4_price_location"":{""score"":58.796747967479654},""SR5_reaction"":{""value"":1.970705077897452,""score"":98.5352538948726},""_score"":59.87,""_levels_found"":5,""_target_level"":97.785},""volume"":{""V1_rvol_day"":{""value"":0.5850818032667316,""score"":5.672120217782109},""V2_rvol_sameslot"":{""value"":0.688212665755501,""score"":12.547511050366733,""status"":""ok""},""V3_breakout_bar"":{""value"":0.46795818684863794,""score"":0},""V4_base_dryup"":{""value"":1.6146882245222542,""score"":0},""V5_bo_expansion"":{""value"":0.5850818032667316,""score"":0},""_score"":3.64},""readiness"":{""_distance_atr"":0.747,""BR1_atr_distance"":{""score"":50.17225905816352},""BR2_compression"":{""score"":21.94821231941387},""BR3_retest"":{""score"":50.0},""BR4_bo_age"":{""score"":50.0},""_score"":43.06},""risk"":{""R1_stop_clarity"":{""score"":52.56865077180515},""R2_stop_distance_pct"":{""value"":4.989775833788963,""score"":100.0},""R3_stop_distance_atr"":{""value"":0.8178829355350411,""score"":65.89414677675205},""R4_rr_potential"":{""value"":3.048332840252893,""score"":100.0},""_score"":78.28},""market"":{""M1_spy_regime"":{""score"":100.0},""M3_earnings_risk"":{""value"":null,""score"":80.0},""M4_vix"":{""value"":null,""score"":60.0},""_score"":84.0},""liquidity"":{""L1_price"":{""value"":91.45,""score"":100.0},""L2_dollar_vol"":{""value"":1485114857.3446846,""score"":100.0},""L3_spread_proxy"":{""value"":0.03127392017495899,""score"":68.72607982504101},""L4_volume_zscore"":{""value"":-0.7921024987293895,""score"":100.0},""_score"":96.87},""pattern_structure"":{""pole_low"":85.88,""pole_low_idx"":20,""peak_price"":95.62,""peak_idx"":33,""pole_gain"":0.11341406613879844,""flag_bars"":26,""flag_low"":88.21,""flag_high"":95.56,""structural_low"":88.21,""current_price"":91.635,""neckline_distance_pct"":0.04348775031374474,""base_bars"":26},""pattern_geometry_features"":{""pole_gain"":0.11341406613879844,""pullback_pct"":0.07749424806525843,""flag_range_pct"":0.07686676427525631,""flag_drift_per_bar"":-1.2224642638783083e-05,""atr_pct"":0.06100843552292433,""pole_atr_multiple"":1.8589899112587855},""_schema_version"":""1.0""}",,,,,,,,,,
20260508T181321Z-e7d442,2026-05-08T18:13:21.400575+00:00,RCAT,bull_flag,absent,36.42,13.3,13.0,83.8,62.4,24.6,17.5,80.7,84.0,88.2,1.87,3.89,7.54,6.24,3.44,1.57,2.42,5.04,4.41,False,,10.215,11.54,9.7072,12.5,"{""trend"":{""T1_ema_stack"":{""value"":[false,false,true],""score"":33.33333333333333},""T2_ema50_slope"":{""value"":-0.4368243235625349,""score"":0},""T3_high_proximity"":{""value"":0.6008823529411764,""score"":0},""T4_rs_1m"":{""value"":-0.22817817722361866,""score"":0},""T5_rs_3m"":{""value"":-0.25881732074405095,""score"":0},""T6_adr_healthy"":{""value"":7.01700205133177,""score"":100.0},""_score"":13.33},""geometry"":{""sub_pole_impulse"":3.5,""sub_flag_tightness"":0,""sub_flag_shallowness"":0,""sub_flag_drift"":79.4,""sub_flag_duration"":0.0,""_score"":12.96},""compression"":{""VC1_atr_ratio"":{""value"":0.22959066349736942,""score"":100},""VC2_range_contraction"":{""value"":0.5742479408273498,""score"":70.95867652877504},""VC3_range_pct_rank"":{""score"":75.83333333333333},""_score"":83.79},""sr_quality"":{""SR1_touches"":{""value"":3,""score"":50.0},""SR2_tightness"":{""value"":0.1143095213298817,""score"":71.84989800143633},""SR3_recency"":{""value"":230,""score"":0.0},""SR4_price_location"":{""score"":86.59003831417623},""SR5_reaction"":{""value"":3.1254763998827335,""score"":100},""_score"":62.42,""_levels_found"":5,""_target_level"":10.74},""volume"":{""V1_rvol_day"":{""value"":0.6107491158419234,""score"":7.383274389461558},""V2_rvol_sameslot"":{""value"":0.7301390492604246,""score"":15.342603284028309,""status"":""ok""},""V3_breakout_bar"":{""value"":0.5541804089712806,""score"":3.6120272647520415},""V4_base_dryup"":{""value"":0.54484930265022,""score"":95.515069734978},""V5_bo_expansion"":{""value"":0.6107491158419234,""score"":0},""_score"":24.55},""readiness"":{""_distance_atr"":1.631,""BR1_atr_distance"":{""score"":0},""BR2_compression"":{""score"":0},""BR3_retest"":{""score"":50.0},""BR4_bo_age"":{""score"":50.0},""_score"":17.5},""risk"":{""R1_stop_clarity"":{""score"":63.59630606860133},""R2_stop_distance_pct"":{""value"":4.971365638766525,""score"":100.0},""R3_stop_distance_atr"":{""value"":0.6252902374670192,""score"":56.264511873350955},""R4_rr_potential"":{""value"":4.49958154876187,""score"":100.0},""_score"":80.7},""market"":{""M1_spy_regime"":{""score"":100.0},""M3_earnings_risk"":{""value"":null,""score"":80.0},""M4_vix"":{""value"":null,""score"":60.0},""_score"":84.0},""liquidity"":{""L1_price"":{""value"":10.215,""score"":100.0},""L2_dollar_vol"":{""value"":59626563.63764742,""score"":88.77198905339205},""L3_spread_proxy"":{""value"":0.07293196279980413,""score"":27.068037200195874},""L4_volume_zscore"":{""value"":-1.1051790452200005,""score"":100.0},""_score"":88.22},""pattern_structure"":{""pole_low"":10.58,""pole_low_idx"":14,""peak_price"":11.54,""peak_idx"":30,""pole_gain"":0.09073724007561428,""flag_bars"":29,""flag_low"":9.855,""flag_high"":11.54,""structural_low"":9.855,""current_price"":10.085,""neckline_distance_pct"":0.1442736737729299,""base_bars"":29},""pattern_geometry_features"":{""pole_gain"":0.09073724007561428,""pullback_pct"":0.14601386481802417,""flag_range_pct"":0.14601386481802417,""flag_drift_per_bar"":-0.004123770609914257,""atr_pct"":0.07950492972519402,""pole_atr_multiple"":1.1412781621120143},""_schema_version"":""1.0""}",,,,,,,,,,
20260508T181321Z-e7d442,2026-05-08T18:13:21.400575+00:00,KTOS,bull_flag,absent,36.02,5.0,17.2,75.1,51.7,30.4,20.0,77.2,84.0,96.7,0.7,5.15,6.76,5.17,4.26,1.8,2.32,5.04,4.83,False,,57.3501,64.13,54.894,68.92,"{""trend"":{""T1_ema_stack"":{""value"":[false,false,false],""score"":0.0},""T2_ema50_slope"":{""value"":-0.9687056007873744,""score"":0},""T3_high_proximity"":{""value"":0.5427283051007854,""score"":0},""T4_rs_1m"":{""value"":-0.24511224024723965,""score"":0},""T5_rs_3m"":{""value"":-0.460148022909594,""score"":0},""T6_adr_healthy"":{""value"":5.619922350432905,""score"":100.0},""_score"":5.0},""geometry"":{""sub_pole_impulse"":8.2,""sub_flag_tightness"":0,""sub_flag_shallowness"":0,""sub_flag_drift"":81.4,""sub_flag_duration"":25.0,""_score"":17.17},""compression"":{""VC1_atr_ratio"":{""value"":0.3884899676659282,""score"":100},""VC2_range_contraction"":{""value"":0.7953396963619109,""score"":34.11005060634818},""VC3_range_pct_rank"":{""score"":92.5},""_score"":75.06},""sr_quality"":{""SR1_touches"":{""value"":3,""score"":50.0},""SR2_tightness"":{""value"":0.40202266381663193,""score"":76.92224903773153},""SR3_recency"":{""value"":227,""score"":0.0},""SR4_price_location"":{""score"":40.53020890993711},""SR5_reaction"":{""value"":4.013981999712978,""score"":100},""_score"":51.67,""_levels_found"":6,""_target_level"":64.2567},""volume"":{""V1_rvol_day"":{""value"":0.6768198345190359,""score"":11.78798896793573},""V2_rvol_sameslot"":{""value"":1.342088106434092,""score"":56.139207095606125,""status"":""ok""},""V3_breakout_bar"":{""value"":0.6188780674375478,""score"":7.92520449583652},""V4_base_dryup"":{""value"":0.7572087324752156,""score"":74.27912675247845},""V5_bo_expansion"":{""value"":0.6768198345190359,""score"":0},""_score"":30.42},""readiness"":{""_distance_atr"":1.946,""BR1_atr_distance"":{""score"":0},""BR2_compression"":{""score"":9.888439843278215},""BR3_retest"":{""score"":50.0},""BR4_bo_age"":{""score"":50.0},""_score"":19.97},""risk"":{""R1_stop_clarity"":{""score"":52.01303893228344},""R2_stop_distance_pct"":{""value"":4.282555740966458,""score"":100.0},""R3_stop_distance_atr"":{""value"":0.7049367529778391,""score"":60.24683764889196},""R4_rr_potential"":{""value"":4.710775432096239,""score"":100.0},""_score"":77.24},""market"":{""M1_spy_regime"":{""score"":100.0},""M3_earnings_risk"":{""value"":null,""score"":80.0},""M4_vix"":{""value"":null,""score"":60.0},""_score"":84.0},""liquidity"":{""L1_price"":{""value"":57.3501,""score"":100.0},""L2_dollar_vol"":{""value"":145521173.99073103,""score"":100.0},""L3_spread_proxy"":{""value"":0.033129846329823416,""score"":66.87015367017659},""L4_volume_zscore"":{""value"":-0.9874438276981141,""score"":100.0},""_score"":96.69},""pattern_structure"":{""pole_low"":59.34,""pole_low_idx"":19,""peak_price"":64.13,""peak_idx"":33,""pole_gain"":0.08072126727333993,""flag_bars"":26,""flag_low"":55.73,""flag_high"":63.19,""structural_low"":55.73,""current_price"":56.99,""neckline_distance_pct"":0.12528513774346364,""base_bars"":26},""pattern_geometry_features"":{""pole_gain"":0.08072126727333993,""pullback_pct"":0.13098393887416185,""flag_range_pct"":0.11632621238110091,""flag_drift_per_bar"":-0.0037105727050629612,""atr_pct"":0.06075092159510497,""pole_atr_multiple"":1.3287249831588412},""_schema_version"":""1.0""}",,,,,,,,,,
20260508T181321Z-e7d442,2026-05-08T18:13:21.400575+00:00,TTAN,bull_flag,absent,35.9,21.7,28.0,55.8,45.0,12.2,19.4,76.6,84.0,82.8,3.03,8.41,5.02,4.5,1.72,1.74,2.3,5.04,4.14,False,,62.83,68.4899,60.4593,76.7798,"{""trend"":{""T1_ema_stack"":{""value"":[true,false,false],""score"":33.33333333333333},""T2_ema50_slope"":{""value"":-0.35912816466875824,""score"":0},""T3_high_proximity"":{""value"":0.7574442435201928,""score"":0},""T4_rs_1m"":{""value"":-0.01515813233960328,""score"":34.841867660396716},""T5_rs_3m"":{""value"":-0.08188266861287963,""score"":9.058665693560187},""T6_adr_healthy"":{""value"":5.417998471564357,""score"":100.0},""_score"":21.66},""geometry"":{""sub_pole_impulse"":31.5,""sub_flag_tightness"":0,""sub_flag_shallowness"":0,""sub_flag_drift"":57.1,""sub_flag_duration"":100.0,""_score"":28.02},""compression"":{""VC1_atr_ratio"":{""value"":0.34712883077354506,""score"":100},""VC2_range_contraction"":{""value"":1.0230636323825884,""score"":0},""VC3_range_pct_rank"":{""score"":63.33333333333333},""_score"":55.83},""sr_quality"":{""SR1_touches"":{""value"":2,""score"":25.0},""SR2_tightness"":{""value"":0.44249999999999545,""score"":76.90143680893092},""SR3_recency"":{""value"":236,""score"":0.0},""SR4_price_location"":{""score"":43.84102690693655},""SR5_reaction"":{""value"":2.1682634317492457,""score"":100},""_score"":45.0,""_levels_found"":3,""_target_level"":68.5175},""volume"":{""V1_rvol_day"":{""value"":0.34035443275773897,""score"":0},""V2_rvol_sameslot"":{""value"":0.5659739498954613,""score"":4.3982633263640905,""status"":""ok""},""V3_breakout_bar"":{""value"":0.4121243992476618,""score"":0},""V4_base_dryup"":{""value"":0.9313971492141544,""score"":56.86028507858456},""V5_bo_expansion"":{""value"":0.34035443275773897,""score"":0},""_score"":12.25},""readiness"":{""_distance_atr"":1.477,""BR1_atr_distance"":{""score"":1.5174705799371822},""BR2_compression"":{""score"":5.081220925242214},""BR3_retest"":{""score"":50.0},""BR4_bo_age"":{""score"":50.0},""_score"":19.38},""risk"":{""R1_stop_clarity"":{""score"":51.93932851973423},""R2_stop_distance_pct"":{""value"":3.77319751710966,""score"":100.0},""R3_stop_distance_atr"":{""value"":0.6187543927352317,""score"":55.937719636761585},""R4_rr_potential"":{""value"":5.8842535959843145,""score"":100.0},""_score"":76.57},""market"":{""M1_spy_regime"":{""score"":100.0},""M3_earnings_risk"":{""value"":null,""score"":80.0},""M4_vix"":{""value"":null,""score"":60.0},""_score"":84.0},""liquidity"":{""L1_price"":{""value"":62.83,""score"":100.0},""L2_dollar_vol"":{""value"":22339606.32988874,""score"":67.45377578395843},""L3_spread_proxy"":{""value"":0.04169982492439913,""score"":58.30017507560087},""L4_volume_zscore"":{""value"":-2.1928022545092514,""score"":100.0},""_score"":82.81},""pattern_structure"":{""pole_low"":60.2,""pole_low_idx"":27,""peak_price"":68.4899,""peak_idx"":52,""pole_gain"":0.13770598006644522,""flag_bars"":7,""flag_low"":61.38,""flag_high"":67.32,""structural_low"":61.38,""current_price"":63.135,""neckline_distance_pct"":0.08481666270689804,""base_bars"":7},""pattern_geometry_features"":{""pole_gain"":0.13770598006644522,""pullback_pct"":0.10380946679729423,""flag_range_pct"":0.08672811611639074,""flag_drift_per_bar"":-0.008584212967677063,""atr_pct"":0.06098053705008978,""pole_atr_multiple"":2.2581955936749574},""_schema_version"":""1.0""}",,,,,,,,,,
20260508T181321Z-e7d442,2026-05-08T18:13:21.400575+00:00,PEGA,bull_flag,absent,35.61,5.0,20.6,66.5,48.2,22.3,36.1,76.0,84.0,85.0,0.7,6.17,5.98,4.82,3.12,3.25,2.28,5.04,4.25,False,,35.67,37.89,34.6523,40.34,"{""trend"":{""T1_ema_stack"":{""value"":[false,false,false],""score"":0.0},""T2_ema50_slope"":{""value"":-0.5443646955456444,""score"":0},""T3_high_proximity"":{""value"":0.7541226215644821,""score"":0},""T4_rs_1m"":{""value"":-0.18976530100877864,""score"":0},""T5_rs_3m"":{""value"":-0.1785231675741069,""score"":0},""T6_adr_healthy"":{""value"":5.302867467209714,""score"":100.0},""_score"":5.0},""geometry"":{""sub_pole_impulse"":1.9,""sub_flag_tightness"":0,""sub_flag_shallowness"":0,""sub_flag_drift"":66.7,""sub_flag_duration"":100.0,""_score"":20.58},""compression"":{""VC1_atr_ratio"":{""value"":0.2662080760927483,""score"":100},""VC2_range_contraction"":{""value"":0.8641931296958866,""score"":22.634478384018905},""VC3_range_pct_rank"":{""score"":74.16666666666667},""_score"":66.46},""sr_quality"":{""SR1_touches"":{""value"":3,""score"":50.0},""SR2_tightness"":{""value"":0.3626139667592657,""score"":68.39473597117683},""SR3_recency"":{""value"":228,""score"":0.0},""SR4_price_location"":{""score"":31.620648259303707},""SR5_reaction"":{""value"":2.2211154345006485,""score"":100},""_score"":48.16,""_levels_found"":7,""_target_level"":38.0433},""volume"":{""V1_rvol_day"":{""value"":0.2848234523357075,""score"":0},""V2_rvol_sameslot"":{""value"":0.565752605377743,""score"":4.3835070251828645,""status"":""ok""},""V3_breakout_bar"":{""value"":0.6542842059843818,""score"":10.285613732292116},""V4_base_dryup"":{""value"":0.5573126277305136,""score"":94.26873722694864},""V5_bo_expansion"":{""value"":0.28482345233570755,""score"":0},""_score"":22.3},""readiness"":{""_distance_atr"":0.967,""BR1_atr_distance"":{""score"":35.50194552529186},""BR2_compression"":{""score"":17.62871369330064},""BR3_retest"":{""score"":50.0},""BR4_bo_age"":{""score"":50.0},""_score"":36.11},""risk"":{""R1_stop_clarity"":{""score"":54.005914396886894},""R2_stop_distance_pct"":{""value"":2.8530978413232546,""score"":100.0},""R3_stop_distance_atr"":{""value"":0.4435112840466948,""score"":47.17556420233474},""R4_rr_potential"":{""value"":4.588778618453355,""score"":100.0},""_score"":75.98},""market"":{""M1_spy_regime"":{""score"":100.0},""M3_earnings_risk"":{""value"":null,""score"":80.0},""M4_vix"":{""value"":null,""score"":60.0},""_score"":84.0},""liquidity"":{""L1_price"":{""value"":35.67,""score"":100.0},""L2_dollar_vol"":{""value"":25757843.30319411,""score"":70.54547484290347},""L3_spread_proxy"":{""value"":0.03266049901878327,""score"":67.33950098121673},""L4_volume_zscore"":{""value"":-1.3768020104390677,""score"":100.0},""_score"":84.95},""pattern_structure"":{""pole_low"":35.44,""pole_low_idx"":38,""peak_price"":37.89,""peak_idx"":50,""pole_gain"":0.06913092550790076,""flag_bars"":9,""flag_low"":35.18,""flag_high"":37.88,""structural_low"":35.18,""current_price"":35.92,""neckline_distance_pct"":0.05484409799554562,""base_bars"":9},""pattern_geometry_features"":{""pole_gain"":0.06913092550790076,""pullback_pct"":0.07152282924254423,""flag_range_pct"":0.0712589073634205,""flag_drift_per_bar"":-0.006659242761692586,""atr_pct"":0.06432976891345267,""pole_atr_multiple"":1.0746335122221162},""_schema_version"":""1.0""}",,,,,,,,,,
20260508T181321Z-e7d442,2026-05-08T18:13:21.400575+00:00,CNR,bull_flag,absent,35.44,14.3,24.1,68.3,45.6,7.5,34.1,68.5,84.0,85.9,2.0,7.22,6.15,4.56,1.05,3.07,2.05,5.04,4.29,False,,86.6,90.54,84.7199,96.57,"{""trend"":{""T1_ema_stack"":{""value"":[false,false,true],""score"":33.33333333333333},""T2_ema50_slope"":{""value"":-0.2720049380296112,""score"":4.665843661731465},""T3_high_proximity"":{""value"":0.7648149783626247,""score"":0},""T4_rs_1m"":{""value"":-0.10289738012991445,""score"":0},""T5_rs_3m"":{""value"":-0.12875075886787535,""score"":0},""T6_adr_healthy"":{""value"":3.8849044928946426,""score"":100.0},""_score"":14.27},""geometry"":{""sub_pole_impulse"":16.2,""sub_flag_tightness"":0,""sub_flag_shallowness"":0,""sub_flag_drift"":61.4,""sub_flag_duration"":100.0,""_score"":24.07},""compression"":{""VC1_atr_ratio"":{""value"":0.2863215596839296,""score"":100},""VC2_range_contraction"":{""value"":0.8461398627363502,""score"":25.6433562106083},""VC3_range_pct_rank"":{""score"":77.5},""_score"":68.35},""sr_quality"":{""SR1_touches"":{""value"":3,""score"":50.0},""SR2_tightness"":{""value"":0.20005554784165247,""score"":89.34052266495478},""SR3_recency"":{""value"":216,""score"":0.0},""SR4_price_location"":{""score"":13.55421686746993},""SR5_reaction"":{""value"":1.8462416745956232,""score"":92.31208372978116},""_score"":45.64,""_levels_found"":5,""_target_level"":92.0667},""volume"":{""V1_rvol_day"":{""value"":0.3969445097543281,""score"":0},""V2_rvol_sameslot"":{""value"":0.7404923421625429,""score"":16.03282281083619,""status"":""ok""},""V3_breakout_bar"":{""value"":0.522326905597921,""score"":1.4884603731947368},""V4_base_dryup"":{""value"":1.3035590011809866,""score"":19.64409988190134},""V5_bo_expansion"":{""value"":0.39694450975432805,""score"":0},""_score"":7.51},""readiness"":{""_distance_atr"":1.05,""BR1_atr_distance"":{""score"":30.022201078337858},""BR2_compression"":{""score"":18.427936564308876},""BR3_retest"":{""score"":50.0},""BR4_bo_age"":{""score"":50.0},""_score"":34.12},""risk"":{""R1_stop_clarity"":{""score"":31.257469077069587},""R2_stop_distance_pct"":{""value"":2.171073903002294,""score"":100.0},""R3_stop_distance_atr"":{""value"":0.5008962892483314,""score"":50.044814462416575},""R4_rr_potential"":{""value"":5.302768396138652,""score"":100.0},""_score"":68.45},""market"":{""M1_spy_regime"":{""score"":100.0},""M3_earnings_risk"":{""value"":null,""score"":80.0},""M4_vix"":{""value"":null,""score"":60.0},""_score"":84.0},""liquidity"":{""L1_price"":{""value"":86.6,""score"":100.0},""L2_dollar_vol"":{""value"":28304168.025509197,""score"":72.59251968644884},""L3_spread_proxy"":{""value"":0.03163972286374128,""score"":68.36027713625872},""L4_volume_zscore"":{""value"":-2.054598213086492,""score"":100.0},""_score"":85.87},""pattern_structure"":{""pole_low"":84.51,""pole_low_idx"":50,""peak_price"":90.54,""peak_idx"":53,""pole_gain"":0.07135250266240682,""flag_bars"":6,""flag_low"":86.01,""flag_high"":90.165,""structural_low"":86.01,""current_price"":86.6,""neckline_distance_pct"":0.045496535796766886,""base_bars"":6},""pattern_geometry_features"":{""pole_gain"":0.07135250266240682,""pullback_pct"":0.05003313452617628,""flag_range_pct"":0.045891318754141826,""flag_drift_per_bar"":-0.007726822830748917,""atr_pct"":0.043343780930385996,""pole_atr_multiple"":1.6461993192750155},""_schema_version"":""1.0""}",,,,,,,,,,
20260508T181321Z-e7d442,2026-05-08T18:13:21.400575+00:00,HLNE,bull_flag,absent,35.13,5.0,18.7,50.4,66.7,22.2,31.7,77.5,84.0,85.7,0.7,5.62,4.54,6.67,3.1,2.85,2.33,5.04,4.28,False,,88.7701,94.08,84.6115,101.685,"{""trend"":{""T1_ema_stack"":{""value"":[false,false,false],""score"":0.0},""T2_ema50_slope"":{""value"":-0.39146830655407383,""score"":0},""T3_high_proximity"":{""value"":0.6621175505333036,""score"":0},""T4_rs_1m"":{""value"":-0.14793069231256062,""score"":0},""T5_rs_3m"":{""value"":-0.39367561260766715,""score"":0},""T6_adr_healthy"":{""value"":5.26293163262071,""score"":100.0},""_score"":5.0},""geometry"":{""sub_pole_impulse"":12.2,""sub_flag_tightness"":0,""sub_flag_shallowness"":0,""sub_flag_drift"":92.1,""sub_flag_duration"":12.5,""_score"":18.72},""compression"":{""VC1_atr_ratio"":{""value"":0.31112381863164096,""score"":100},""VC2_range_contraction"":{""value"":1.1312126903349655,""score"":0},""VC3_range_pct_rank"":{""score"":41.666666666666664},""_score"":50.42},""sr_quality"":{""SR1_touches"":{""value"":4,""score"":75.0},""SR2_tightness"":{""value"":1.0841817190858722,""score"":58.71469041968662},""SR3_recency"":{""value"":242,""score"":0.0},""SR4_price_location"":{""score"":81.55095879232965},""SR5_reaction"":{""value"":2.414014687882499,""score"":100},""_score"":66.69,""_levels_found"":5,""_target_level"":92.0},""volume"":{""V1_rvol_day"":{""value"":0.3264896984355712,""score"":0},""V2_rvol_sameslot"":{""value"":1.0303211813221846,""score"":35.35474542147898,""status"":""ok""},""V3_breakout_bar"":{""value"":0.8687054510946867,""score"":24.580363406312443},""V4_base_dryup"":{""value"":1.0524708067266844,""score"":44.75291932733156},""V5_bo_expansion"":{""value"":0.3264896984355712,""score"":0},""_score"":22.17},""readiness"":{""_distance_atr"":1.011,""BR1_atr_distance"":{""score"":32.60020853166506},""BR2_compression"":{""score"":4.562264496021373},""BR3_retest"":{""score"":50.0},""BR4_bo_age"":{""score"":50.0},""_score"":31.68},""risk"":{""R1_stop_clarity"":{""score"":50.93431252549981},""R2_stop_distance_pct"":{""value"":4.684685496580484,""score"":100.0},""R3_stop_distance_atr"":{""value"":0.7917911056711535,""score"":64.58955528355767},""R4_rr_potential"":{""value"":3.1055884191795378,""score"":100.0},""_score"":77.52},""market"":{""M1_spy_regime"":{""score"":100.0},""M3_earnings_risk"":{""value"":null,""score"":80.0},""M4_vix"":{""value"":null,""score"":60.0},""_score"":84.0},""liquidity"":{""L1_price"":{""value"":88.7701,""score"":100.0},""L2_dollar_vol"":{""value"":29785586.59049191,""score"":73.70030787073634},""L3_spread_proxy"":{""value"":0.03818853420239473,""score"":61.81146579760527},""L4_volume_zscore"":{""value"":-1.201661268594069,""score"":100.0},""_score"":85.66},""pattern_structure"":{""pole_low"":86.475,""pole_low_idx"":18,""peak_price"":94.08,""peak_idx"":32,""pole_gain"":0.0879444926279272,""flag_bars"":27,""flag_low"":85.9,""flag_high"":93.98,""structural_low"":85.9,""current_price"":89.145,""neckline_distance_pct"":0.055359246171967046,""base_bars"":27},""pattern_geometry_features"":{""pole_gain"":0.0879444926279272,""pullback_pct"":0.08694727891156455,""flag_range_pct"":0.08588435374149658,""flag_drift_per_bar"":-0.0015782480026127958,""atr_pct"":0.05916567467134604,""pole_atr_multiple"":1.486410712232083},""_schema_version"":""1.0""}",,,,,,,,,,
20260508T181321Z-e7d442,2026-05-08T18:13:21.400575+00:00,WAY,vcp,invalidated,34.26,8.6,38.5,53.4,29.2,14.0,17.5,26.3,84.0,80.3,1.3,9.63,6.41,3.51,1.82,1.23,1.32,5.04,4.02,False,,21.15,27.1721,23.6843,29.4121,"{""trend"":{""T1_ema_stack"":{""value"":[false,false,false],""score"":0.0},""T2_ema50_slope"":{""value"":-0.19072171463444834,""score"":18.213047560925276},""T3_high_proximity"":{""value"":0.785369476420349,""score"":0},""T4_rs_1m"":{""value"":-0.11468428633557504,""score"":0},""T5_rs_3m"":{""value"":-0.19723554894850248,""score"":0},""T6_adr_healthy"":{""value"":5.158676763578489,""score"":100.0},""_score"":8.64},""geometry"":{""sub_contraction_count"":100.0,""sub_reduction_rate"":0,""sub_pivot_tightness"":0,""sub_volume_dryup"":0,""sub_base_depth"":35.2,""sub_base_duration"":100.0,""_score"":38.52},""compression"":{""VC1_atr_ratio"":{""value"":0.6387765878436066,""score"":90.30585303909835},""VC2_range_contraction"":{""value"":1.0726099756673275,""score"":0},""VC3_range_pct_rank"":{""score"":69.16666666666667},""_score"":53.41},""sr_quality"":{""SR1_touches"":{""value"":2,""score"":25.0},""SR2_tightness"":{""value"":0.1899999999999995,""score"":71.87209203959061},""SR3_recency"":{""value"":250,""score"":0.0},""SR4_price_location"":{""score"":5.853051058530496},""SR5_reaction"":{""value"":1.2657558582184243,""score"":63.28779291092121},""_score"":29.24,""_levels_found"":6,""_target_level"":23.04},""volume"":{""V1_rvol_day"":{""value"":0.24661688706989154,""score"":0},""V2_rvol_sameslot"":{""value"":0.6423510365208439,""score"":9.490069101389594,""status"":""ok""},""V3_breakout_bar"":{""value"":0.5009696097900247,""score"":0.06464065266831298},""V4_base_dryup"":{""value"":0.8950530371155758,""score"":60.49469628844242},""V5_bo_expansion"":{""value"":0.24661688706989154,""score"":0},""_score"":14.01},""readiness"":{""_distance_atr"":4.458,""BR1_atr_distance"":{""score"":0},""BR2_compression"":{""score"":0},""BR3_retest"":{""score"":50.0},""BR4_bo_age"":{""score"":50.0},""_score"":17.5},""risk"":{""R1_stop_clarity"":{""score"":46.605088401996355},""R2_stop_distance_pct"":{""value"":-11.98262411347519,""score"":0.0},""R3_stop_distance_atr"":{""value"":-1.875927903730651,""score"":0.0},""R4_rr_potential"":{""value"":null,""score"":50.0},""_score"":26.31},""market"":{""M1_spy_regime"":{""score"":100.0},""M3_earnings_risk"":{""value"":null,""score"":80.0},""M4_vix"":{""value"":null,""score"":60.0},""_score"":84.0},""liquidity"":{""L1_price"":{""value"":21.15,""score"":100.0},""L2_dollar_vol"":{""value"":14997663.216805948,""score"":58.8011798491026},""L3_spread_proxy"":{""value"":0.031678486997636014,""score"":68.32151300236399},""L4_volume_zscore"":{""value"":-1.3980403239692119,""score"":100.0},""_score"":80.35},""pattern_structure"":{""n_contractions"":5,""contractions_pct"":[9.23,14.76,10.64,15.28,11.51],""descending_strict"":false,""final_low"":24.045,""final_pivot"":27.1721,""structural_low"":24.045,""dry_up_ratio"":1.2882853377282812,""current_price"":21.15,""neckline_distance_pct"":0.28473286052009467,""base_bars"":44},""pattern_geometry_features"":{""contraction_count"":5.0,""first_contraction_pct"":0.09225794179189654,""last_contraction_pct"":0.11508495846842896,""dry_up_ratio"":1.2882853377282812,""near_monotone"":0.0,""base_depth_pct"":0.08521970705725693},""_schema_version"":""1.0""}",,,,,,,,,,
20260508T181321Z-e7d442,2026-05-08T18:13:21.400575+00:00,WK,bull_flag,absent,32.79,5.0,22.4,48.1,63.0,5.7,26.2,75.1,84.0,85.8,0.7,6.71,4.33,6.3,0.8,2.36,2.25,5.04,4.29,False,,50.74,57.01,48.6984,62.335,"{""trend"":{""T1_ema_stack"":{""value"":[false,false,false],""score"":0.0},""T2_ema50_slope"":{""value"":-0.5174617853498964,""score"":0},""T3_high_proximity"":{""value"":0.7252715837621498,""score"":0},""T4_rs_1m"":{""value"":-0.17166884586739983,""score"":0},""T5_rs_3m"":{""value"":-0.3411921755822942,""score"":0},""T6_adr_healthy"":{""value"":4.282338545761867,""score"":100.0},""_score"":5.0},""geometry"":{""sub_pole_impulse"":23.7,""sub_flag_tightness"":0,""sub_flag_shallowness"":0,""sub_flag_drift"":76.7,""sub_flag_duration"":37.5,""_score"":22.37},""compression"":{""VC1_atr_ratio"":{""value"":0.5049215309643788,""score"":100},""VC2_range_contraction"":{""value"":1.0124689276854866,""score"":0},""VC3_range_pct_rank"":{""score"":32.49999999999999},""_score"":48.12},""sr_quality"":{""SR1_touches"":{""value"":3,""score"":50.0},""SR2_tightness"":{""value"":0.42297228698291517,""score"":68.47691233558257},""SR3_recency"":{""value"":229,""score"":0.0},""SR4_price_location"":{""score"":90.92627096087303},""SR5_reaction"":{""value"":2.1575725312749543,""score"":100},""_score"":63.0,""_levels_found"":6,""_target_level"":51.5517},""volume"":{""V1_rvol_day"":{""value"":0.5125764591348984,""score"":0.8384306089932236},""V2_rvol_sameslot"":{""value"":0.7643044731615882,""score"":17.620298210772546,""status"":""ok""},""V3_breakout_bar"":{""value"":0.535886758883764,""score"":2.3924505922509347},""V4_base_dryup"":{""value"":1.4284917086935236,""score"":7.150829130647637},""V5_bo_expansion"":{""value"":0.5125764591348982,""score"":0},""_score"":5.72},""readiness"":{""_distance_atr"":2.336,""BR1_atr_distance"":{""score"":0},""BR2_compression"":{""score"":34.76730821980247},""BR3_retest"":{""score"":50.0},""BR4_bo_age"":{""score"":50.0},""_score"":26.19},""risk"":{""R1_stop_clarity"":{""score"":44.73036997604481},""R2_stop_distance_pct"":{""value"":4.0236499802916885,""score"":100.0},""R3_stop_distance_atr"":{""value"":0.7607772158637225,""score"":63.038860793186124},""R4_rr_potential"":{""value"":5.679369122257042,""score"":100.0},""_score"":75.11},""market"":{""M1_spy_regime"":{""score"":100.0},""M3_earnings_risk"":{""value"":null,""score"":80.0},""M4_vix"":{""value"":null,""score"":60.0},""_score"":84.0},""liquidity"":{""L1_price"":{""value"":50.74,""score"":100.0},""L2_dollar_vol"":{""value"":32245822.702701602,""score"":75.42367308861083},""L3_spread_proxy"":{""value"":0.04316121403232173,""score"":56.83878596767827},""L4_volume_zscore"":{""value"":-0.9615158419220723,""score"":100.0},""_score"":85.85},""pattern_structure"":{""pole_low"":51.685,""pole_low_idx"":20,""peak_price"":57.01,""peak_idx"":34,""pole_gain"":0.10302795782141812,""flag_bars"":25,""flag_low"":49.44,""flag_high"":56.98,""structural_low"":49.44,""current_price"":51.04,""neckline_distance_pct"":0.11696708463949841,""base_bars"":25},""pattern_geometry_features"":{""pole_gain"":0.10302795782141812,""pullback_pct"":0.13278372215400808,""flag_range_pct"":0.1322574986844413,""flag_drift_per_bar"":-0.004653785869303113,""atr_pct"":0.0528886761641984,""pole_atr_multiple"":1.9480154409907537},""_schema_version"":""1.0""}",,,,,,,,,,
20260508T181321Z-e7d442,2026-05-08T18:13:21.400575+00:00,SRAD,vcp,absent,32.26,4.2,36.3,41.5,33.6,0.6,17.5,70.0,84.0,74.1,0.64,9.07,4.98,4.03,0.08,1.23,3.5,5.04,3.7,False,,12.83,18.62,11.5146,26.01,"{""trend"":{""T1_ema_stack"":{""value"":[false,false,false],""score"":0.0},""T2_ema50_slope"":{""value"":-0.9348502422912935,""score"":0},""T3_high_proximity"":{""value"":0.6515997968511935,""score"":0},""T4_rs_1m"":{""value"":-0.24255942126970553,""score"":0},""T5_rs_3m"":{""value"":-0.31245583103164487,""score"":0},""T6_adr_healthy"":{""value"":8.598060592023069,""score"":85.04848519942327},""_score"":4.25},""geometry"":{""sub_contraction_count"":100.0,""sub_reduction_rate"":0,""sub_pivot_tightness"":0,""sub_volume_dryup"":0,""sub_base_depth"":12.7,""sub_base_duration"":100.0,""_score"":36.27},""compression"":{""VC1_atr_ratio"":{""value"":0.419441074284185,""score"":100},""VC2_range_contraction"":{""value"":1.014947971803825,""score"":0},""VC3_range_pct_rank"":{""score"":5.833333333333335},""_score"":41.46},""sr_quality"":{""SR1_touches"":{""value"":2,""score"":25.0},""SR2_tightness"":{""value"":0.26750000000000096,""score"":58.91342746491992},""SR3_recency"":{""value"":248,""score"":0.0},""SR4_price_location"":{""score"":26.751592356687894},""SR5_reaction"":{""value"":1.4073111059912895,""score"":70.36555529956448},""_score"":33.58,""_levels_found"":6,""_target_level"":15.9925},""volume"":{""V1_rvol_day"":{""value"":0.20434095287485,""score"":0},""V2_rvol_sameslot"":{""value"":0.2362771569070802,""score"":0,""status"":""ok""},""V3_breakout_bar"":{""value"":0.49542371294174986,""score"":0},""V4_base_dryup"":{""value"":1.469374522587641,""score"":3.0625477412359032},""V5_bo_expansion"":{""value"":0.20434095287484993,""score"":0},""_score"":0.61},""readiness"":{""_distance_atr"":4.447,""BR1_atr_distance"":{""score"":0},""BR2_compression"":{""score"":0},""BR3_retest"":{""score"":50.0},""BR4_bo_age"":{""score"":50.0},""_score"":17.5},""risk"":{""R1_stop_clarity"":{""score"":73.06717572326632},""R2_stop_distance_pct"":{""value"":10.252143413873736,""score"":43.69641465315661},""R3_stop_distance_atr"":{""value"":1.010153704374157,""score"":75.50768521870785},""R4_rr_potential"":{""value"":10.020146729007484,""score"":100.0},""_score"":70.01},""market"":{""M1_spy_regime"":{""score"":100.0},""M3_earnings_risk"":{""value"":null,""score"":80.0},""M4_vix"":{""value"":null,""score"":60.0},""_score"":84.0},""liquidity"":{""L1_price"":{""value"":12.83,""score"":100.0},""L2_dollar_vol"":{""value"":15005813.981559351,""score"":58.812977922437156},""L3_spread_proxy"":{""value"":0.0943102104442713,""score"":5.689789555728694},""L4_volume_zscore"":{""value"":-0.7727032141871242,""score"":100.0},""_score"":74.09},""pattern_structure"":{""n_contractions"":5,""contractions_pct"":[17.58,15.1,20.14,15.61,37.22],""descending_strict"":false,""final_low"":11.69,""final_pivot"":18.62,""structural_low"":11.69,""dry_up_ratio"":1.1253940743678037,""current_price"":12.83,""neckline_distance_pct"":0.45128604832424013,""base_bars"":58},""pattern_geometry_features"":{""contraction_count"":5.0,""first_contraction_pct"":0.17583857442348003,""last_contraction_pct"":0.3721804511278196,""dry_up_ratio"":1.1253940743678037,""near_monotone"":0.0,""base_depth_pct"":0.3873165618448637},""_schema_version"":""1.0""}",,,,,,,,,,
20260508T181321Z-e7d442,2026-05-08T18:13:21.400575+00:00,AMPL,bull_flag,absent,30.96,12.9,14.4,9.7,61.6,40.6,17.5,62.6,84.0,72.8,1.8,4.31,0.87,6.16,5.68,1.57,1.88,5.04,3.64,False,,6.26,8.28,5.5505,9.67,"{""trend"":{""T1_ema_stack"":{""value"":[false,false,false],""score"":0.0},""T2_ema50_slope"":{""value"":-0.10736653311185523,""score"":32.10557781469079},""T3_high_proximity"":{""value"":0.7786069651741294,""score"":0},""T4_rs_1m"":{""value"":-0.04282560055969031,""score"":7.174399440309685},""T5_rs_3m"":{""value"":-0.20176912817087833,""score"":0},""T6_adr_healthy"":{""value"":5.643752008765677,""score"":100.0},""_score"":12.86},""geometry"":{""sub_pole_impulse"":33.2,""sub_flag_tightness"":0,""sub_flag_shallowness"":0,""sub_flag_drift"":12.7,""sub_flag_duration"":25.0,""_score"":14.37},""compression"":{""VC1_atr_ratio"":{""value"":0.9358168830646526,""score"":16.04577923383685},""VC2_range_contraction"":{""value"":0.9800805710414918,""score"":3.3199048264180298},""VC3_range_pct_rank"":{""score"":8.333333333333337},""_score"":9.66},""sr_quality"":{""SR1_touches"":{""value"":3,""score"":50.0},""SR2_tightness"":{""value"":0.06416125518306694,""score"":76.33049874669466},""SR3_recency"":{""value"":234,""score"":0.0},""SR4_price_location"":{""score"":90.8695652173913},""SR5_reaction"":{""value"":1.6600790513833992,""score"":83.00395256916995},""_score"":61.62,""_levels_found"":6,""_target_level"":6.425},""volume"":{""V1_rvol_day"":{""value"":1.1529629841656353,""score"":43.53086561104235},""V2_rvol_sameslot"":{""value"":2.28864706608236,""score"":100,""status"":""ok""},""V3_breakout_bar"":{""value"":0.5078859820245133,""score"":0.525732134967553},""V4_base_dryup"":{""value"":0.9882951228339175,""score"":51.17048771660825},""V5_bo_expansion"":{""value"":1.1529629841656353,""score"":10.197532277709016},""_score"":40.6},""readiness"":{""_distance_atr"":3.726,""BR1_atr_distance"":{""score"":0},""BR2_compression"":{""score"":0},""BR3_retest"":{""score"":50.0},""BR4_bo_age"":{""score"":50.0},""_score"":17.5},""risk"":{""R1_stop_clarity"":{""score"":68.81818181818174},""R2_stop_distance_pct"":{""value"":11.334265175718853,""score"":16.64337060702867},""R3_stop_distance_atr"":{""value"":1.3087417654808966,""score"":90.43708827404483},""R4_rr_potential"":{""value"":4.806032204643948,""score"":100.0},""_score"":62.64},""market"":{""M1_spy_regime"":{""score"":100.0},""M3_earnings_risk"":{""value"":null,""score"":80.0},""M4_vix"":{""value"":null,""score"":60.0},""_score"":84.0},""liquidity"":{""L1_price"":{""value"":6.26,""score"":98.13},""L2_dollar_vol"":{""value"":14552879.799764458,""score"":58.14744711418176},""L3_spread_proxy"":{""value"":0.10063897763578274,""score"":0},""L4_volume_zscore"":{""value"":0.19974271848349795,""score"":100.0},""_score"":72.79},""pattern_structure"":{""pole_low"":6.89,""pole_low_idx"":14,""peak_price"":8.28,""peak_idx"":33,""pole_gain"":0.2017416545718432,""flag_bars"":26,""flag_low"":5.635,""flag_high"":8.135,""structural_low"":5.635,""current_price"":6.21,""neckline_distance_pct"":0.33333333333333326,""base_bars"":26},""pattern_geometry_features"":{""pole_gain"":0.2017416545718432,""pullback_pct"":0.3194444444444444,""flag_range_pct"":0.30193236714975846,""flag_drift_per_bar"":-0.017465961985768736,""atr_pct"":0.08660429027841167,""pole_atr_multiple"":2.329464902065394},""_schema_version"":""1.0""}",,,,,,,,,,
20260508T181321Z-e7d442,2026-05-08T18:13:21.400575+00:00,WAY,bull_flag,absent,30.75,8.6,17.5,53.4,29.2,8.9,48.6,62.9,84.0,80.3,1.21,5.25,4.81,2.92,1.24,4.38,1.89,5.04,4.02,False,,21.15,21.6,19.631,22.85,"{""trend"":{""T1_ema_stack"":{""value"":[false,false,false],""score"":0.0},""T2_ema50_slope"":{""value"":-0.19072171463444834,""score"":18.213047560925276},""T3_high_proximity"":{""value"":0.785369476420349,""score"":0},""T4_rs_1m"":{""value"":-0.11468428633557504,""score"":0},""T5_rs_3m"":{""value"":-0.19723554894850248,""score"":0},""T6_adr_healthy"":{""value"":5.158676763578489,""score"":100.0},""_score"":8.64},""geometry"":{""sub_pole_impulse"":0.0,""sub_flag_tightness"":0,""sub_flag_shallowness"":0,""sub_flag_drift"":100,""sub_flag_duration"":25.0,""_score"":17.5},""compression"":{""VC1_atr_ratio"":{""value"":0.6387765878436066,""score"":90.30585303909835},""VC2_range_contraction"":{""value"":1.0726099756673275,""score"":0},""VC3_range_pct_rank"":{""score"":69.16666666666667},""_score"":53.41},""sr_quality"":{""SR1_touches"":{""value"":2,""score"":25.0},""SR2_tightness"":{""value"":0.1899999999999995,""score"":71.87209203959061},""SR3_recency"":{""value"":250,""score"":0.0},""SR4_price_location"":{""score"":5.853051058530496},""SR5_reaction"":{""value"":1.2657558582184243,""score"":63.28779291092121},""_score"":29.24,""_levels_found"":6,""_target_level"":23.04},""volume"":{""V1_rvol_day"":{""value"":0.24661688706989154,""score"":0},""V2_rvol_sameslot"":{""value"":0.6423510365208439,""score"":9.490069101389594,""status"":""ok""},""V3_breakout_bar"":{""value"":0.5009696097900247,""score"":0.06464065266831298},""V4_base_dryup"":{""value"":1.1517235967490165,""score"":34.82764032509836},""V5_bo_expansion"":{""value"":0.24661688706989154,""score"":0},""_score"":8.88},""readiness"":{""_distance_atr"":0.333,""BR1_atr_distance"":{""score"":77.79375687336082},""BR2_compression"":{""score"":0},""BR3_retest"":{""score"":50.0},""BR4_bo_age"":{""score"":50.0},""_score"":48.62},""risk"":{""R1_stop_clarity"":{""score"":55.742957448608195},""R2_stop_distance_pct"":{""value"":7.181796690307331,""score"":100.0},""R3_stop_distance_atr"":{""value"":1.1243390999069458,""score"":81.2169549953473},""R4_rr_potential"":{""value"":1.1191941801902647,""score"":5.959709009513237},""_score"":62.88},""market"":{""M1_spy_regime"":{""score"":100.0},""M3_earnings_risk"":{""value"":null,""score"":80.0},""M4_vix"":{""value"":null,""score"":60.0},""_score"":84.0},""liquidity"":{""L1_price"":{""value"":21.15,""score"":100.0},""L2_dollar_vol"":{""value"":14997663.216805948,""score"":58.8011798491026},""L3_spread_proxy"":{""value"":0.031678486997636014,""score"":68.32151300236399},""L4_volume_zscore"":{""value"":-1.3980403239692119,""score"":100.0},""_score"":80.35},""pattern_structure"":{""pole_low"":20.35,""pole_low_idx"":20,""peak_price"":21.6,""peak_idx"":33,""pole_gain"":0.06142506142506142,""flag_bars"":26,""flag_low"":19.93,""flag_high"":21.38,""structural_low"":19.93,""current_price"":21.05,""neckline_distance_pct"":0.02612826603325419,""base_bars"":26},""pattern_geometry_features"":{""pole_gain"":0.06142506142506142,""pullback_pct"":0.07731481481481489,""flag_range_pct"":0.0671296296296296,""flag_drift_per_bar"":0.0003792695454453221,""atr_pct"":0.06387571766295169,""pole_atr_multiple"":0.9616339928919239},""_schema_version"":""1.0""}",,,,,,,,,,
20260508T181321Z-e7d442,2026-05-08T18:13:21.400575+00:00,SRAD,bull_flag,absent,29.2,4.2,19.1,41.5,33.6,17.5,24.5,79.0,84.0,74.1,0.6,5.74,3.73,3.36,2.44,2.21,2.37,5.04,3.7,False,,12.83,14.4399,12.5883,16.1548,"{""trend"":{""T1_ema_stack"":{""value"":[false,false,false],""score"":0.0},""T2_ema50_slope"":{""value"":-0.9348502422912935,""score"":0},""T3_high_proximity"":{""value"":0.6515997968511935,""score"":0},""T4_rs_1m"":{""value"":-0.24255942126970553,""score"":0},""T5_rs_3m"":{""value"":-0.31245583103164487,""score"":0},""T6_adr_healthy"":{""value"":8.598060592023069,""score"":85.04848519942327},""_score"":4.25},""geometry"":{""sub_pole_impulse"":8.2,""sub_flag_tightness"":0,""sub_flag_shallowness"":0,""sub_flag_drift"":44.6,""sub_flag_duration"":100.0,""_score"":19.15},""compression"":{""VC1_atr_ratio"":{""value"":0.419441074284185,""score"":100},""VC2_range_contraction"":{""value"":1.014947971803825,""score"":0},""VC3_range_pct_rank"":{""score"":5.833333333333335},""_score"":41.46},""sr_quality"":{""SR1_touches"":{""value"":2,""score"":25.0},""SR2_tightness"":{""value"":0.26750000000000096,""score"":58.91342746491992},""SR3_recency"":{""value"":248,""score"":0.0},""SR4_price_location"":{""score"":26.751592356687894},""SR5_reaction"":{""value"":1.4073111059912895,""score"":70.36555529956448},""_score"":33.58,""_levels_found"":6,""_target_level"":15.9925},""volume"":{""V1_rvol_day"":{""value"":0.20434095287485,""score"":0},""V2_rvol_sameslot"":{""value"":0.2362771569070802,""score"":0,""status"":""ok""},""V3_breakout_bar"":{""value"":0.49542371294174986,""score"":0},""V4_base_dryup"":{""value"":0.6270875630938468,""score"":87.29124369061532},""V5_bo_expansion"":{""value"":0.20434095287484993,""score"":0},""_score"":17.46},""readiness"":{""_distance_atr"":1.236,""BR1_atr_distance"":{""score"":17.575983645825346},""BR2_compression"":{""score"":0},""BR3_retest"":{""score"":50.0},""BR4_bo_age"":{""score"":50.0},""_score"":24.53},""risk"":{""R1_stop_clarity"":{""score"":70.5559029720566},""R2_stop_distance_pct"":{""value"":1.8838659392050008,""score"":97.09664848012503},""R3_stop_distance_atr"":{""value"":0.18561915106035295,""score"":34.28095755301764},""R4_rr_potential"":{""value"":13.755895738518742,""score"":100.0},""_score"":78.97},""market"":{""M1_spy_regime"":{""score"":100.0},""M3_earnings_risk"":{""value"":null,""score"":80.0},""M4_vix"":{""value"":null,""score"":60.0},""_score"":84.0},""liquidity"":{""L1_price"":{""value"":12.83,""score"":100.0},""L2_dollar_vol"":{""value"":15005813.981559351,""score"":58.812977922437156},""L3_spread_proxy"":{""value"":0.0943102104442713,""score"":5.689789555728694},""L4_volume_zscore"":{""value"":-0.7727032141871242,""score"":100.0},""_score"":74.09},""pattern_structure"":{""pole_low"":12.725,""pole_low_idx"":26,""peak_price"":14.4399,""peak_idx"":50,""pole_gain"":0.13476620825147348,""flag_bars"":9,""flag_low"":12.78,""flag_high"":14.105,""structural_low"":12.78,""current_price"":12.82,""neckline_distance_pct"":0.12635725429017156,""base_bars"":9},""pattern_geometry_features"":{""pole_gain"":0.13476620825147348,""pullback_pct"":0.11495231961440179,""flag_range_pct"":0.09175963822464152,""flag_drift_per_bar"":-0.011084243369734645,""atr_pct"":0.1014909252867164,""pole_atr_multiple"":1.3278646132228367},""_schema_version"":""1.0""}",,,,,,,,,,
