run_id,asof,ticker,pattern,pattern_state,final_score,trend,geometry,compression,sr_quality,volume,readiness,risk,market,liquidity,comp_trend,comp_geometry,comp_compression,comp_sr,comp_volume,comp_readiness,comp_risk,comp_market,comp_liquidity,veto_triggered,veto_reasons,price,trigger,invalid_below,measured_move_target,features_json,note,ret_1h,ret_eod,ret_1d,ret_3d,ret_5d,max_dd_5d,max_fav_5d,touched_invalid_5d,post_hoc_tag
20260522T181904Z-97bb42,2026-05-22T18:19:04.835948+00:00,NTSK,breakout_retest_hold,breakout_failed,70.99,81.9,90.7,64.3,69.0,21.9,72.7,69.0,84.0,82.3,11.46,19.95,3.86,9.66,2.85,13.09,3.45,4.2,2.47,False,,11.66,11.775,11.5583,11.975,"{""trend"":{""T1_ema_stack"":{""value"":[true,true,false],""score"":66.66666666666666},""T2_ema50_slope"":{""value"":0.12155598254150707,""score"":70.25933042358452},""T3_high_proximity"":{""value"":0.9487388120423109,""score"":74.36940602115544},""T4_rs_1m"":{""value"":0.1358062109003595,""score"":100},""T5_rs_3m"":{""value"":0.1636766938156664,""score"":100},""T6_adr_healthy"":{""value"":5.6752476748543685,""score"":100.0},""_score"":81.87},""geometry"":{""sub_retest_depth"":100.0,""sub_retest_timing"":100.0,""sub_retest_freshness"":100.0,""sub_hold_quality"":69.0,""_score"":90.7},""compression"":{""VC1_atr_ratio"":{""value"":0.3762854367689246,""score"":100},""VC2_range_contraction"":{""value"":0.9761380003302691,""score"":3.9769999449551507},""VC3_range_pct_rank"":{""score"":91.66666666666666},""_score"":64.31},""sr_quality"":{""SR1_touches"":{""value"":3,""score"":50.0},""SR2_tightness"":{""value"":0.11897712198383131,""score"":63.750169580551926},""SR3_recency"":{""value"":61,""score"":48.333333333333336},""SR4_price_location"":{""score"":88.70151770657675},""SR5_reaction"":{""value"":3.2829162132752994,""score"":100},""_score"":68.99,""_levels_found"":4,""_target_level"":11.8833},""volume"":{""V1_rvol_day"":{""value"":0.5026815163270101,""score"":0.1787677551340054},""V2_rvol_sameslot"":{""value"":0.9084030158354102,""score"":27.226867722360677,""status"":""ok""},""V3_breakout_bar"":{""value"":0.5904670518894087,""score"":6.031136792627248},""V4_base_dryup"":{""value"":0.7539991066918926,""score"":74.60008933081073},""V5_bo_expansion"":{""value"":0.5026815163270101,""score"":0},""_score"":21.91},""readiness"":{""_distance_atr"":0.175,""BR1_atr_distance"":{""score"":88.32063837504532},""BR2_compression"":{""score"":15.698329765558904},""BR3_retest"":{""score"":92.3830250272035},""BR4_bo_age"":{""score"":100.0},""_score"":72.73},""risk"":{""R1_stop_clarity"":{""score"":64.42872687704036},""R2_stop_distance_pct"":{""value"":0.8726415094339546,""score"":71.81603773584885},""R3_stop_distance_atr"":{""value"":0.15500544069640781,""score"":32.75027203482039},""R4_rr_potential"":{""value"":3.0958230958231177,""score"":100.0},""_score"":69.01},""market"":{""M1_spy_regime"":{""score"":100.0},""M3_earnings_risk"":{""value"":null,""score"":80.0},""M4_vix"":{""value"":null,""score"":60.0},""_score"":84.0},""liquidity"":{""L1_price"":{""value"":11.66,""score"":100.0},""L2_dollar_vol"":{""value"":19686050.79245508,""score"":64.70793006524089},""L3_spread_proxy"":{""value"":0.03602058319039451,""score"":63.97941680960549},""L4_volume_zscore"":{""value"":-1.2510896483745921,""score"":100.0},""_score"":82.28},""pattern_structure"":{""level"":11.775,""level_idx"":69,""breakout_idx"":76,""bo_peak_idx"":76,""bo_peak_price"":12.05,""retest_idx"":78,""retest_low"":11.675,""structural_low"":11.675,""current_price"":11.765,""neckline_distance_pct"":0.0008499787505312186,""base_bars"":10,""bars_since_breakout"":3},""pattern_geometry_features"":{""retest_depth_atr"":0.47861611568835105,""bars_breakout_to_retest"":2.0,""bars_since_retest"":1.0,""current_above_level_atr"":-0.047861611568834256,""bo_peak_excess_pct"":0.02335456475583867,""atr_pct"":0.05629747610879686},""_schema_version"":""1.0""}",,,,,,,,,,
20260522T181904Z-97bb42,2026-05-22T18:19:04.835948+00:00,STEP,breakout_retest_hold,setup,68.01,62.4,98.2,64.3,54.7,38.9,63.8,56.0,84.0,87.1,8.74,21.6,3.86,7.66,5.05,11.48,2.8,4.2,2.61,False,,53.855,53.6,52.5888,54.56,"{""trend"":{""T1_ema_stack"":{""value"":[true,true,false],""score"":66.66666666666666},""T2_ema50_slope"":{""value"":0.12058868758496805,""score"":70.09811459749467},""T3_high_proximity"":{""value"":0.9564020600248623,""score"":78.20103001243112},""T4_rs_1m"":{""value"":-0.074596867734959,""score"":0},""T5_rs_3m"":{""value"":0.13014603990020546,""score"":100},""T6_adr_healthy"":{""value"":4.054478032624865,""score"":100.0},""_score"":62.42},""geometry"":{""sub_retest_depth"":100.0,""sub_retest_timing"":100.0,""sub_retest_freshness"":100.0,""sub_hold_quality"":94.0,""_score"":98.2},""compression"":{""VC1_atr_ratio"":{""value"":0.45128668327934607,""score"":100},""VC2_range_contraction"":{""value"":0.7876345445189833,""score"":35.394242580169454},""VC3_range_pct_rank"":{""score"":47.5},""_score"":64.26},""sr_quality"":{""SR1_touches"":{""value"":3,""score"":50.0},""SR2_tightness"":{""value"":0.34292856398964466,""score"":68.43005164652294},""SR3_recency"":{""value"":234,""score"":0.0},""SR4_price_location"":{""score"":57.77144021185574},""SR5_reaction"":{""value"":3.4744917529727624,""score"":100},""_score"":54.71,""_levels_found"":6,""_target_level"":57.31},""volume"":{""V1_rvol_day"":{""value"":0.792592521293675,""score"":19.506168086244998},""V2_rvol_sameslot"":{""value"":2.204235640587867,""score"":100,""status"":""ok""},""V3_breakout_bar"":{""value"":0.6286534935546458,""score"":8.576899570309722},""V4_base_dryup"":{""value"":0.8586759824775037,""score"":64.13240175224963},""V5_bo_expansion"":{""value"":0.7925925212936749,""score"":0},""_score"":38.87},""readiness"":{""_distance_atr"":-0.117,""BR1_atr_distance"":{""score"":100.0},""BR2_compression"":{""score"":0},""BR3_retest"":{""score"":88.95281933256608},""BR4_bo_age"":{""score"":40},""_score"":63.79},""risk"":{""R1_stop_clarity"":{""score"":51.097813578826404},""R2_stop_distance_pct"":{""value"":2.3511280289666656,""score"":100.0},""R3_stop_distance_atr"":{""value"":0.5828308400460287,""score"":54.141542002301435},""R4_rr_potential"":{""value"":0.5567840783446641,""score"":0.0},""_score"":56.01},""market"":{""M1_spy_regime"":{""score"":100.0},""M3_earnings_risk"":{""value"":null,""score"":80.0},""M4_vix"":{""value"":null,""score"":60.0},""_score"":84.0},""liquidity"":{""L1_price"":{""value"":53.855,""score"":100.0},""L2_dollar_vol"":{""value"":35590760.676240854,""score"":77.56686351084636},""L3_spread_proxy"":{""value"":0.03899359390957203,""score"":61.00640609042797},""L4_volume_zscore"":{""value"":-0.41322103851307207,""score"":100.0},""_score"":87.13},""pattern_structure"":{""level"":53.6,""level_idx"":65,""breakout_idx"":70,""bo_peak_idx"":73,""bo_peak_price"":55.6,""retest_idx"":76,""retest_low"":53.12,""structural_low"":53.12,""current_price"":53.77,""neckline_distance_pct"":-0.0031616142830574985,""base_bars"":14,""bars_since_breakout"":9},""pattern_geometry_features"":{""retest_depth_atr"":0.4291187739463632,""bars_breakout_to_retest"":6.0,""bars_since_retest"":3.0,""current_above_level_atr"":0.15197956577267058,""bo_peak_excess_pct"":0.03731343283582089,""atr_pct"":0.04033980131835486},""_schema_version"":""1.0""}",,,,,,,,,,
20260522T181904Z-97bb42,2026-05-22T18:19:04.835948+00:00,APP,cup_with_handle,candidate,65.32,72.5,73.8,63.5,62.1,35.1,35.9,79.9,84.0,97.0,10.15,22.15,5.08,7.46,4.56,2.88,3.99,4.2,4.85,False,,481.617,515.39,454.085,671.11,"{""trend"":{""T1_ema_stack"":{""value"":[true,true,false],""score"":66.66666666666666},""T2_ema50_slope"":{""value"":0.1479551120489526,""score"":74.6591853414921},""T3_high_proximity"":{""value"":0.931146685227075,""score"":65.57334261353748},""T4_rs_1m"":{""value"":0.005228292865905759,""score"":55.22829286590576},""T5_rs_3m"":{""value"":0.16984606984679362,""score"":100},""T6_adr_healthy"":{""value"":5.7507119366340955,""score"":100.0},""_score"":72.48},""geometry"":{""sub_cup_depth"":80.7,""sub_cup_duration"":100.0,""sub_rim_symmetry"":80.9,""sub_handle_shallowness"":12.1,""sub_handle_proportion"":100.0,""sub_u_shape"":93.9,""_score"":73.83},""compression"":{""VC1_atr_ratio"":{""value"":0.5480466756507414,""score"":100},""VC2_range_contraction"":{""value"":1.0505402896823803,""score"":0},""VC3_range_pct_rank"":{""score"":94.16666666666667},""_score"":63.54},""sr_quality"":{""SR1_touches"":{""value"":3,""score"":50.0},""SR2_tightness"":{""value"":7.756145950148183,""score"":50.46556569820729},""SR3_recency"":{""value"":248,""score"":0.0},""SR4_price_location"":{""score"":98.33789847893242},""SR5_reaction"":{""value"":3.086051291759661,""score"":100},""_score"":62.15,""_levels_found"":6,""_target_level"":482.33},""volume"":{""V1_rvol_day"":{""value"":0.47258590839338777,""score"":0},""V2_rvol_sameslot"":{""value"":1.1145343216035597,""score"":40.96895477357065,""status"":""ok""},""V3_breakout_bar"":{""value"":1.1900251320238557,""score"":46.00167546825705},""V4_base_dryup"":{""value"":0.7295513279639906,""score"":77.04486720360094},""V5_bo_expansion"":{""value"":0.47258590839338777,""score"":0},""_score"":35.1},""readiness"":{""_distance_atr"":1.078,""BR1_atr_distance"":{""score"":28.10319023447113},""BR2_compression"":{""score"":28.812862386807602},""BR3_retest"":{""score"":50.0},""BR4_bo_age"":{""score"":50.0},""_score"":35.94},""risk"":{""R1_stop_clarity"":{""score"":55.837523507360835},""R2_stop_distance_pct"":{""value"":5.716575619216107,""score"":100.0},""R3_stop_distance_atr"":{""value"":0.8791621856799273,""score"":68.95810928399638},""R4_rr_potential"":{""value"":6.882645648699685,""score"":100.0},""_score"":79.89},""market"":{""M1_spy_regime"":{""score"":100.0},""M3_earnings_risk"":{""value"":null,""score"":80.0},""M4_vix"":{""value"":null,""score"":60.0},""_score"":84.0},""liquidity"":{""L1_price"":{""value"":481.617,""score"":100.0},""L2_dollar_vol"":{""value"":1035332828.5047168,""score"":100.0},""L3_spread_proxy"":{""value"":0.029982330357940016,""score"":70.01766964205999},""L4_volume_zscore"":{""value"":-0.9419673191827739,""score"":100.0},""_score"":97.0},""pattern_structure"":{""left_rim"":520.36,""left_rim_idx"":126,""cup_bottom"":364.64,""cup_bottom_idx"":149,""right_rim"":515.39,""right_rim_idx"":175,""handle_low"":461.0,""handle_bars"":4,""cup_bars"":49,""structural_low"":461.0,""current_price"":481.617,""neckline_distance_pct"":0.07012418581569996,""base_bars"":53},""pattern_geometry_features"":{""cup_depth_pct"":0.2992543623645169,""rim_symmetry_pct"":0.009551080021523613,""handle_depth_pct"":0.1055317332505481,""handle_to_cup_ratio"":0.08163265306122448,""cup_duration_bars"":49.0,""atr_pct"":0.06502299248454387,""u_shape_score"":0.46938775510204084},""_schema_version"":""1.0""}",,,,,,,,,,
20260522T181904Z-97bb42,2026-05-22T18:19:04.835948+00:00,INOD,double_bottom,candidate,63.0,90.6,95.0,24.7,47.0,3.9,51.1,47.8,84.0,92.3,13.59,23.75,1.97,6.58,0.5,4.09,2.87,5.04,4.61,False,,94.82,99.44,83.7349,113.87,"{""trend"":{""T1_ema_stack"":{""value"":[true,true,true],""score"":100.0},""T2_ema50_slope"":{""value"":1.000576939601093,""score"":100},""T3_high_proximity"":{""value"":0.9132235384763555,""score"":56.611769238177736},""T4_rs_1m"":{""value"":1.1255677440345397,""score"":100},""T5_rs_3m"":{""value"":1.065883341081469,""score"":100},""T6_adr_healthy"":{""value"":10.308641787720626,""score"":42.283955306984346},""_score"":90.61},""geometry"":{""sub_low_similarity"":92.4,""sub_bounce_quality"":100,""sub_separation_fit"":100.0,""sub_right_bottom_reaction"":81.8,""sub_base_context"":100.0,""_score"":94.99},""compression"":{""VC1_atr_ratio"":{""value"":0.8283011856564739,""score"":42.92470358588152},""VC2_range_contraction"":{""value"":1.7964116294809016,""score"":0},""VC3_range_pct_rank"":{""score"":30.000000000000004},""_score"":24.67},""sr_quality"":{""SR1_touches"":{""value"":4,""score"":75.0},""SR2_tightness"":{""value"":2.3074282220688924,""score"":64.37567572781391},""SR3_recency"":{""value"":304,""score"":0.0},""SR4_price_location"":{""score"":30.0},""SR5_reaction"":{""value"":0.9753571809386326,""score"":48.767859046931626},""_score"":46.97,""_levels_found"":3,""_target_level"":64.725},""volume"":{""V1_rvol_day"":{""value"":0.3660787450105431,""score"":0},""V2_rvol_sameslot"":{""value"":0.5974065998319797,""score"":6.493773322131983,""status"":""ok""},""V3_breakout_bar"":{""value"":0.6540750114496791,""score"":10.271667429978603},""V4_base_dryup"":{""value"":2.778290811524315,""score"":0},""V5_bo_expansion"":{""value"":0.36607874501054316,""score"":0},""_score"":3.87},""readiness"":{""_distance_atr"":0.357,""BR1_atr_distance"":{""score"":76.22398007684218},""BR2_compression"":{""score"":12.563071760255767},""BR3_retest"":{""score"":50.0},""BR4_bo_age"":{""score"":50.0},""_score"":51.13},""risk"":{""R1_stop_clarity"":{""score"":80.31299233440612},""R2_stop_distance_pct"":{""value"":11.690729803838837,""score"":7.731754904029087},""R3_stop_distance_atr"":{""value"":0.8557167118545205,""score"":67.78583559272602},""R4_rr_potential"":{""value"":1.7185153110242102,""score"":35.92576555121051},""_score"":47.78},""market"":{""M1_spy_regime"":{""score"":100.0},""M3_earnings_risk"":{""value"":null,""score"":80.0},""M4_vix"":{""value"":null,""score"":60.0},""_score"":84.0},""liquidity"":{""L1_price"":{""value"":94.82,""score"":100.0},""L2_dollar_vol"":{""value"":108358833.28904347,""score"":100.0},""L3_spread_proxy"":{""value"":0.0774098291499684,""score"":22.590170850031598},""L4_volume_zscore"":{""value"":-0.447754970982183,""score"":100.0},""_score"":92.26},""pattern_structure"":{""left_low"":85.335,""left_idx"":34,""right_low"":85.01,""right_idx"":60,""separation_bars"":26,""structural_low"":85.01,""current_price"":95.615,""neckline_distance_pct"":0.04000418344402032,""base_bars"":26},""pattern_geometry_features"":{""low_similarity_pct"":0.003815785611552891,""bounce_pct"":0.16974473591342185,""right_bottom_reaction"":0.818452380952381,""atr_pct"":0.13661915961069096},""_schema_version"":""1.0""}",,,,,,,,,,
20260522T181904Z-97bb42,2026-05-22T18:19:04.835948+00:00,RBRK,ascending_triangle,candidate,62.37,91.2,59.5,65.1,51.6,28.1,51.6,59.6,84.0,93.5,13.68,16.66,5.2,7.22,3.37,4.13,2.38,5.04,4.68,False,,66.5,67.31,61.2965,72.39,"{""trend"":{""T1_ema_stack"":{""value"":[true,true,false],""score"":66.66666666666666},""T2_ema50_slope"":{""value"":0.33846395615725794,""score"":100},""T3_high_proximity"":{""value"":0.9941695320675736,""score"":97.08476603378679},""T4_rs_1m"":{""value"":0.24794998180401384,""score"":100},""T5_rs_3m"":{""value"":0.3116070345894202,""score"":100},""T6_adr_healthy"":{""value"":4.414601513859317,""score"":100.0},""_score"":91.23},""geometry"":{""sub_flat_top_quality"":66.7,""sub_hl_slope"":81.6,""sub_compression"":0,""sub_duration"":100.0,""_score"":59.49},""compression"":{""VC1_atr_ratio"":{""value"":0.551467589042437,""score"":100},""VC2_range_contraction"":{""value"":0.8954790419688755,""score"":17.420159671854083},""VC3_range_pct_rank"":{""score"":75.83333333333333},""_score"":65.06},""sr_quality"":{""SR1_touches"":{""value"":3,""score"":50.0},""SR2_tightness"":{""value"":0.09010630758535743,""score"":94.01164781519246},""SR3_recency"":{""value"":232,""score"":0.0},""SR4_price_location"":{""score"":30.0},""SR5_reaction"":{""value"":2.5033237284622234,""score"":100},""_score"":51.6,""_levels_found"":3,""_target_level"":58.0468},""volume"":{""V1_rvol_day"":{""value"":0.3635177237216738,""score"":0},""V2_rvol_sameslot"":{""value"":1.031872903888202,""score"":35.4581935925468,""status"":""ok""},""V3_breakout_bar"":{""value"":0.9347549735778268,""score"":28.98366490518845},""V4_base_dryup"":{""value"":0.8141205606764492,""score"":68.58794393235507},""V5_bo_expansion"":{""value"":0.3635177237216738,""score"":0},""_score"":28.06},""readiness"":{""_distance_atr"":0.269,""BR1_atr_distance"":{""score"":82.05613865193178},""BR2_compression"":{""score"":5.169670322084116},""BR3_retest"":{""score"":50.0},""BR4_bo_age"":{""score"":50.0},""_score"":51.61},""risk"":{""R1_stop_clarity"":{""score"":37.96408379498426},""R2_stop_distance_pct"":{""value"":7.824736842105269,""score"":100.0},""R3_stop_distance_atr"":{""value"":1.7290738024371375,""score"":100.0},""R4_rr_potential"":{""value"":1.1319413081705427,""score"":6.597065408527136},""_score"":59.61},""market"":{""M1_spy_regime"":{""score"":100.0},""M3_earnings_risk"":{""value"":null,""score"":80.0},""M4_vix"":{""value"":null,""score"":60.0},""_score"":84.0},""liquidity"":{""L1_price"":{""value"":66.5,""score"":100.0},""L2_dollar_vol"":{""value"":70809420.2867695,""score"":92.50455194268787},""L3_spread_proxy"":{""value"":0.03496240601503764,""score"":65.03759398496237},""L4_volume_zscore"":{""value"":-2.3564492233963703,""score"":100.0},""_score"":93.51},""pattern_structure"":{""top"":67.31,""top_touches"":3,""low_slope_per_bar"":0.15233551307847076,""lowest_low"":62.23,""structural_low"":62.23,""current_price"":66.825,""neckline_distance_pct"":0.00725776281331836,""base_bars"":35},""pattern_geometry_features"":{""top_touches"":3.0,""low_slope"":0.15233551307847076,""compression"":-0.15976869865975019,""atr_pct"":0.045253920515574676},""_schema_version"":""1.0""}",,,,,,,,,,
20260522T181904Z-97bb42,2026-05-22T18:19:04.835948+00:00,APP,double_bottom,candidate,62.37,72.5,62.1,63.5,62.1,36.1,35.9,78.7,84.0,97.0,10.87,15.54,5.08,8.7,4.69,2.88,4.72,5.04,4.85,False,,481.617,515.39,443.5455,580.48,"{""trend"":{""T1_ema_stack"":{""value"":[true,true,false],""score"":66.66666666666666},""T2_ema50_slope"":{""value"":0.1479551120489526,""score"":74.6591853414921},""T3_high_proximity"":{""value"":0.931146685227075,""score"":65.57334261353748},""T4_rs_1m"":{""value"":0.005228292865905759,""score"":55.22829286590576},""T5_rs_3m"":{""value"":0.16984606984679362,""score"":100},""T6_adr_healthy"":{""value"":5.7507119366340955,""score"":100.0},""_score"":72.48},""geometry"":{""sub_low_similarity"":1.3,""sub_bounce_quality"":100,""sub_separation_fit"":46.7,""sub_right_bottom_reaction"":98.3,""sub_base_context"":100.0,""_score"":62.14},""compression"":{""VC1_atr_ratio"":{""value"":0.5480466756507414,""score"":100},""VC2_range_contraction"":{""value"":1.0505402896823803,""score"":0},""VC3_range_pct_rank"":{""score"":94.16666666666667},""_score"":63.54},""sr_quality"":{""SR1_touches"":{""value"":3,""score"":50.0},""SR2_tightness"":{""value"":7.756145950148183,""score"":50.46556569820729},""SR3_recency"":{""value"":248,""score"":0.0},""SR4_price_location"":{""score"":98.33789847893242},""SR5_reaction"":{""value"":3.086051291759661,""score"":100},""_score"":62.15,""_levels_found"":6,""_target_level"":482.33},""volume"":{""V1_rvol_day"":{""value"":0.47258590839338777,""score"":0},""V2_rvol_sameslot"":{""value"":1.1145343216035597,""score"":40.96895477357065,""status"":""ok""},""V3_breakout_bar"":{""value"":1.1900251320238557,""score"":46.00167546825705},""V4_base_dryup"":{""value"":0.6817572564943495,""score"":81.82427435056505},""V5_bo_expansion"":{""value"":0.47258590839338777,""score"":0},""_score"":36.06},""readiness"":{""_distance_atr"":1.078,""BR1_atr_distance"":{""score"":28.10319023447113},""BR2_compression"":{""score"":28.812862386807602},""BR3_retest"":{""score"":50.0},""BR4_bo_age"":{""score"":50.0},""_score"":35.94},""risk"":{""R1_stop_clarity"":{""score"":56.8625527882096},""R2_stop_distance_pct"":{""value"":7.904932757772258,""score"":100.0},""R3_stop_distance_atr"":{""value"":1.2157134662252405,""score"":85.78567331126202},""R4_rr_potential"":{""value"":2.596771863467422,""score"":79.8385931733711},""_score"":78.74},""market"":{""M1_spy_regime"":{""score"":100.0},""M3_earnings_risk"":{""value"":null,""score"":80.0},""M4_vix"":{""value"":null,""score"":60.0},""_score"":84.0},""liquidity"":{""L1_price"":{""value"":481.617,""score"":100.0},""L2_dollar_vol"":{""value"":1035332828.5047168,""score"":100.0},""L3_spread_proxy"":{""value"":0.029982330357940016,""score"":70.01766964205999},""L4_volume_zscore"":{""value"":-0.9419673191827739,""score"":100.0},""_score"":97.0},""pattern_structure"":{""left_low"":450.3,""left_idx"":35,""right_low"":473.085,""right_idx"":73,""separation_bars"":38,""structural_low"":450.3,""current_price"":486.87,""neckline_distance_pct"":0.05857826524534266,""base_bars"":38},""pattern_geometry_features"":{""low_similarity_pct"":0.049351029094039794,""bounce_pct"":0.14454807905840544,""right_bottom_reaction"":0.9833075734157662,""atr_pct"":0.06502299248454387},""_schema_version"":""1.0""}",,,,,,,,,,
20260522T181904Z-97bb42,2026-05-22T18:19:04.835948+00:00,ZS,high_tight_pullback,candidate,62.29,83.2,67.1,44.7,55.7,34.6,49.5,78.8,84.0,95.5,9.98,23.48,4.47,4.45,4.84,4.45,0.79,5.04,4.78,False,,180.225,182.9699,165.5686,222.9098,"{""trend"":{""T1_ema_stack"":{""value"":[true,true,false],""score"":66.66666666666666},""T2_ema50_slope"":{""value"":0.04531310437781127,""score"":57.55218406296854},""T3_high_proximity"":{""value"":1.0,""score"":99.99999999999997},""T4_rs_1m"":{""value"":0.3001758879331953,""score"":100},""T5_rs_3m"":{""value"":0.16234918695088885,""score"":100},""T6_adr_healthy"":{""value"":4.699670452715297,""score"":100.0},""_score"":83.18},""geometry"":{""sub_pole_impulse"":100.0,""sub_flag_tightness"":54.9,""sub_flag_shallowness"":41.8,""sub_flag_drift"":100,""sub_flag_duration"":0.0,""_score"":67.09},""compression"":{""VC1_atr_ratio"":{""value"":0.6464501476681643,""score"":88.38746308295892},""VC2_range_contraction"":{""value"":1.2728031452854953,""score"":0},""VC3_range_pct_rank"":{""score"":37.5},""_score"":44.73},""sr_quality"":{""SR1_touches"":{""value"":2,""score"":25.0},""SR2_tightness"":{""value"":1.534949999999995,""score"":66.39863401072503},""SR3_recency"":{""value"":228,""score"":0.0},""SR4_price_location"":{""score"":92.78468859575878},""SR5_reaction"":{""value"":4.1964766670862454,""score"":100},""_score"":55.66,""_levels_found"":7,""_target_level"":181.435},""volume"":{""V1_rvol_day"":{""value"":0.7296578042832567,""score"":15.310520285550444},""V2_rvol_sameslot"":{""value"":1.4879774364667615,""score"":65.86516243111743,""status"":""ok""},""V3_breakout_bar"":{""value"":0.9799755700126441,""score"":31.998371334176273},""V4_base_dryup"":{""value"":0.9817778752762183,""score"":51.82221247237817},""V5_bo_expansion"":{""value"":0.7296578042832567,""score"":0},""_score"":34.6},""readiness"":{""_distance_atr"":0.3,""BR1_atr_distance"":{""score"":79.97059849854801},""BR2_compression"":{""score"":0},""BR3_retest"":{""score"":50.0},""BR4_bo_age"":{""score"":50.0},""_score"":49.49},""risk"":{""R1_stop_clarity"":{""score"":44.80549585520107},""R2_stop_distance_pct"":{""value"":8.132251352476073,""score"":96.69371618809816},""R3_stop_distance_atr"":{""value"":1.6042000730216353,""score"":100.0},""R4_rr_potential"":{""value"":2.9123758643864255,""score"":95.61879321932128},""_score"":78.81},""market"":{""M1_spy_regime"":{""score"":100.0},""M3_earnings_risk"":{""value"":null,""score"":80.0},""M4_vix"":{""value"":null,""score"":60.0},""_score"":84.0},""liquidity"":{""L1_price"":{""value"":180.225,""score"":100.0},""L2_dollar_vol"":{""value"":394289351.21446174,""score"":100.0},""L3_spread_proxy"":{""value"":0.04504480510473021,""score"":54.95519489526979},""L4_volume_zscore"":{""value"":-0.6852120626970001,""score"":100.0},""_score"":95.5},""pattern_structure"":{""pole_low"":143.03,""pole_low_idx"":14,""peak_price"":182.9699,""peak_idx"":38,""pole_gain"":0.2792414178843599,""flag_bars"":21,""flag_low"":168.09,""flag_high"":181.9099,""structural_low"":168.09,""current_price"":180.23,""neckline_distance_pct"":0.015202241580203106,""base_bars"":21},""pattern_geometry_features"":{""pole_gain"":0.2792414178843599,""pullback_pct"":0.08132430525458008,""flag_range_pct"":0.07553100264032495,""flag_drift_per_bar"":4.5497419963392616e-05,""atr_pct"":0.050693498206606784,""pole_atr_multiple"":5.508426677249251},""_schema_version"":""1.0""}",,,,,,,,,,
20260522T181904Z-97bb42,2026-05-22T18:19:04.835948+00:00,INOD,breakout_retest_hold,candidate,62.19,90.6,82.3,24.7,47.0,3.9,73.0,54.7,84.0,92.3,12.69,18.11,1.48,6.58,0.5,13.13,2.74,4.2,2.77,False,,94.82,95.1267,94.0995,95.2801,"{""trend"":{""T1_ema_stack"":{""value"":[true,true,true],""score"":100.0},""T2_ema50_slope"":{""value"":1.000576939601093,""score"":100},""T3_high_proximity"":{""value"":0.9132235384763555,""score"":56.611769238177736},""T4_rs_1m"":{""value"":1.1255677440345397,""score"":100},""T5_rs_3m"":{""value"":1.065883341081469,""score"":100},""T6_adr_healthy"":{""value"":10.308641787720626,""score"":42.283955306984346},""_score"":90.61},""geometry"":{""sub_retest_depth"":61.0,""sub_retest_timing"":100.0,""sub_retest_freshness"":75.0,""sub_hold_quality"":96.7,""_score"":82.31},""compression"":{""VC1_atr_ratio"":{""value"":0.8283011856564739,""score"":42.92470358588152},""VC2_range_contraction"":{""value"":1.7964116294809016,""score"":0},""VC3_range_pct_rank"":{""score"":30.000000000000004},""_score"":24.67},""sr_quality"":{""SR1_touches"":{""value"":4,""score"":75.0},""SR2_tightness"":{""value"":2.3074282220688924,""score"":64.37567572781391},""SR3_recency"":{""value"":304,""score"":0.0},""SR4_price_location"":{""score"":30.0},""SR5_reaction"":{""value"":0.9753571809386326,""score"":48.767859046931626},""_score"":46.97,""_levels_found"":3,""_target_level"":64.725},""volume"":{""V1_rvol_day"":{""value"":0.3660787450105431,""score"":0},""V2_rvol_sameslot"":{""value"":0.5974065998319797,""score"":6.493773322131983,""status"":""ok""},""V3_breakout_bar"":{""value"":0.6540750114496791,""score"":10.271667429978603},""V4_base_dryup"":{""value"":4.531347257766186,""score"":0},""V5_bo_expansion"":{""value"":0.36607874501054316,""score"":0},""_score"":3.87},""readiness"":{""_distance_atr"":0.024,""BR1_atr_distance"":{""score"":98.42162222717909},""BR2_compression"":{""score"":12.563071760255767},""BR3_retest"":{""score"":99.70395767400872},""BR4_bo_age"":{""score"":70},""_score"":72.95},""risk"":{""R1_stop_clarity"":{""score"":85.3252552357392},""R2_stop_distance_pct"":{""value"":0.7598607888631104,""score"":68.99651972157777},""R3_stop_distance_atr"":{""value"":0.05561890374881566,""score"":27.780945187440786},""R4_rr_potential"":{""value"":0.6385843164469264,""score"":0.0},""_score"":54.73},""market"":{""M1_spy_regime"":{""score"":100.0},""M3_earnings_risk"":{""value"":null,""score"":80.0},""M4_vix"":{""value"":null,""score"":60.0},""_score"":84.0},""liquidity"":{""L1_price"":{""value"":94.82,""score"":100.0},""L2_dollar_vol"":{""value"":108358833.28904347,""score"":100.0},""L3_spread_proxy"":{""value"":0.0774098291499684,""score"":22.590170850031598},""L4_volume_zscore"":{""value"":-0.447754970982183,""score"":100.0},""_score"":92.26},""pattern_structure"":{""level"":95.1267,""level_idx"":65,""breakout_idx"":73,""bo_peak_idx"":76,""bo_peak_price"":101.5,""retest_idx"":79,""retest_low"":95.05,""structural_low"":95.05,""current_price"":95.615,""neckline_distance_pct"":-0.005106939287768606,""base_bars"":14,""bars_since_breakout"":6},""pattern_geometry_features"":{""retest_depth_atr"":0.02722975645876317,""bars_breakout_to_retest"":6.0,""bars_since_retest"":0.0,""current_above_level_atr"":0.17335449907188405,""bo_peak_excess_pct"":0.06699801422734102,""atr_pct"":0.13661915961069096},""_schema_version"":""1.0""}",,,,,,,,,,
20260522T181904Z-97bb42,2026-05-22T18:19:04.835948+00:00,NTSK,double_bottom,candidate,61.24,81.9,58.6,64.3,69.0,16.8,56.1,61.5,84.0,82.3,12.28,14.64,5.14,9.66,2.18,4.49,3.69,5.04,4.11,False,,11.66,11.79,10.8547,12.56,"{""trend"":{""T1_ema_stack"":{""value"":[true,true,false],""score"":66.66666666666666},""T2_ema50_slope"":{""value"":0.12155598254150707,""score"":70.25933042358452},""T3_high_proximity"":{""value"":0.9487388120423109,""score"":74.36940602115544},""T4_rs_1m"":{""value"":0.1358062109003595,""score"":100},""T5_rs_3m"":{""value"":0.1636766938156664,""score"":100},""T6_adr_healthy"":{""value"":5.6752476748543685,""score"":100.0},""_score"":81.87},""geometry"":{""sub_low_similarity"":35.7,""sub_bounce_quality"":57.0,""sub_separation_fit"":100.0,""sub_right_bottom_reaction"":9.7,""sub_base_context"":100.0,""_score"":58.56},""compression"":{""VC1_atr_ratio"":{""value"":0.3762854367689246,""score"":100},""VC2_range_contraction"":{""value"":0.9761380003302691,""score"":3.9769999449551507},""VC3_range_pct_rank"":{""score"":91.66666666666666},""_score"":64.31},""sr_quality"":{""SR1_touches"":{""value"":3,""score"":50.0},""SR2_tightness"":{""value"":0.11897712198383131,""score"":63.750169580551926},""SR3_recency"":{""value"":61,""score"":48.333333333333336},""SR4_price_location"":{""score"":88.70151770657675},""SR5_reaction"":{""value"":3.2829162132752994,""score"":100},""_score"":68.99,""_levels_found"":4,""_target_level"":11.8833},""volume"":{""V1_rvol_day"":{""value"":0.5026815163270101,""score"":0.1787677551340054},""V2_rvol_sameslot"":{""value"":0.9084030158354102,""score"":27.226867722360677,""status"":""ok""},""V3_breakout_bar"":{""value"":0.5904670518894087,""score"":6.031136792627248},""V4_base_dryup"":{""value"":1.0099768689320308,""score"":49.002313106796926},""V5_bo_expansion"":{""value"":0.5026815163270101,""score"":0},""_score"":16.79},""readiness"":{""_distance_atr"":0.198,""BR1_atr_distance"":{""score"":86.79724338048614},""BR2_compression"":{""score"":15.698329765558904},""BR3_retest"":{""score"":50.0},""BR4_bo_age"":{""score"":50.0},""_score"":56.14},""risk"":{""R1_stop_clarity"":{""score"":49.63656147986934},""R2_stop_distance_pct"":{""value"":6.9065180102916015,""score"":100.0},""R3_stop_distance_atr"":{""value"":1.2267899891186085,""score"":86.33949945593042},""R4_rr_potential"":{""value"":1.11759592698373,""score"":5.879796349186495},""_score"":61.5},""market"":{""M1_spy_regime"":{""score"":100.0},""M3_earnings_risk"":{""value"":null,""score"":80.0},""M4_vix"":{""value"":null,""score"":60.0},""_score"":84.0},""liquidity"":{""L1_price"":{""value"":11.66,""score"":100.0},""L2_dollar_vol"":{""value"":19686050.79245508,""score"":64.70793006524089},""L3_spread_proxy"":{""value"":0.03602058319039451,""score"":63.97941680960549},""L4_volume_zscore"":{""value"":-1.2510896483745921,""score"":100.0},""_score"":82.28},""pattern_structure"":{""left_low"":11.02,""left_idx"":64,""right_low"":11.38,""right_idx"":75,""separation_bars"":11,""structural_low"":11.02,""current_price"":11.765,""neckline_distance_pct"":0.002124946876327971,""base_bars"":11},""pattern_geometry_features"":{""low_similarity_pct"":0.03214285714285725,""bounce_pct"":0.06987295825771321,""right_bottom_reaction"":0.09722222222221784,""atr_pct"":0.05629747610879686},""_schema_version"":""1.0""}",,,,,,,,,,
20260522T181904Z-97bb42,2026-05-22T18:19:04.835948+00:00,NTSK,vcp,candidate,61.19,81.9,63.1,64.3,69.0,14.0,59.0,40.5,84.0,82.3,12.28,15.78,7.72,8.28,1.83,4.13,2.02,5.04,4.11,False,,11.66,11.72,10.1061,14.28,"{""trend"":{""T1_ema_stack"":{""value"":[true,true,false],""score"":66.66666666666666},""T2_ema50_slope"":{""value"":0.12155598254150707,""score"":70.25933042358452},""T3_high_proximity"":{""value"":0.9487388120423109,""score"":74.36940602115544},""T4_rs_1m"":{""value"":0.1358062109003595,""score"":100},""T5_rs_3m"":{""value"":0.1636766938156664,""score"":100},""T6_adr_healthy"":{""value"":5.6752476748543685,""score"":100.0},""_score"":81.87},""geometry"":{""sub_contraction_count"":100.0,""sub_reduction_rate"":37.5,""sub_pivot_tightness"":0,""sub_volume_dryup"":58.4,""sub_base_depth"":100.0,""sub_base_duration"":100.0,""_score"":63.13},""compression"":{""VC1_atr_ratio"":{""value"":0.3762854367689246,""score"":100},""VC2_range_contraction"":{""value"":0.9761380003302691,""score"":3.9769999449551507},""VC3_range_pct_rank"":{""score"":91.66666666666666},""_score"":64.31},""sr_quality"":{""SR1_touches"":{""value"":3,""score"":50.0},""SR2_tightness"":{""value"":0.11897712198383131,""score"":63.750169580551926},""SR3_recency"":{""value"":61,""score"":48.333333333333336},""SR4_price_location"":{""score"":88.70151770657675},""SR5_reaction"":{""value"":3.2829162132752994,""score"":100},""_score"":68.99,""_levels_found"":4,""_target_level"":11.8833},""volume"":{""V1_rvol_day"":{""value"":0.5026815163270101,""score"":0.1787677551340054},""V2_rvol_sameslot"":{""value"":0.9084030158354102,""score"":27.226867722360677,""status"":""ok""},""V3_breakout_bar"":{""value"":0.5904670518894087,""score"":6.031136792627248},""V4_base_dryup"":{""value"":1.147522259901851,""score"":35.24777400981489},""V5_bo_expansion"":{""value"":0.5026815163270101,""score"":0},""_score"":14.04},""readiness"":{""_distance_atr"":0.091,""BR1_atr_distance"":{""score"":93.90642002176273},""BR2_compression"":{""score"":15.698329765558904},""BR3_retest"":{""score"":50.0},""BR4_bo_age"":{""score"":50.0},""_score"":58.99},""risk"":{""R1_stop_clarity"":{""score"":53.10990206746459},""R2_stop_distance_pct"":{""value"":13.326758147512868,""score"":0.0},""R3_stop_distance_atr"":{""value"":2.367203482045703,""score"":100.0},""R4_rr_potential"":{""value"":1.6860801853401122,""score"":34.30400926700561},""_score"":40.45},""market"":{""M1_spy_regime"":{""score"":100.0},""M3_earnings_risk"":{""value"":null,""score"":80.0},""M4_vix"":{""value"":null,""score"":60.0},""_score"":84.0},""liquidity"":{""L1_price"":{""value"":11.66,""score"":100.0},""L2_dollar_vol"":{""value"":19686050.79245508,""score"":64.70793006524089},""L3_spread_proxy"":{""value"":0.03602058319039451,""score"":63.97941680960549},""L4_volume_zscore"":{""value"":-1.2510896483745921,""score"":100.0},""_score"":82.28},""pattern_structure"":{""n_contractions"":5,""contractions_pct"":[31.28,22.02,16.75,11.09,12.46],""descending_strict"":false,""final_low"":10.26,""final_pivot"":11.72,""structural_low"":10.26,""dry_up_ratio"":0.7078846011026578,""current_price"":11.66,""neckline_distance_pct"":0.00514579759862783,""base_bars"":45},""pattern_geometry_features"":{""contraction_count"":5.0,""first_contraction_pct"":0.312792511700468,""last_contraction_pct"":0.1245733788395905,""dry_up_ratio"":0.7078846011026578,""near_monotone"":0.0,""base_depth_pct"":0.19968798751950081},""_schema_version"":""1.0""}",,,,,,,,,,
20260522T181904Z-97bb42,2026-05-22T18:19:04.835948+00:00,QBTS,inverse_head_shoulders,breakout_confirmed,61.03,90.5,72.0,0.0,54.8,73.1,17.5,39.4,84.0,82.5,10.86,20.17,0.0,7.67,10.23,1.4,2.37,4.2,4.12,False,,28.91,21.015,17.469,24.295,"{""trend"":{""T1_ema_stack"":{""value"":[true,true,false],""score"":66.66666666666666},""T2_ema50_slope"":{""value"":0.307362586348695,""score"":100},""T3_high_proximity"":{""value"":1.0,""score"":99.99999999999997},""T4_rs_1m"":{""value"":0.44194670979771145,""score"":100},""T5_rs_3m"":{""value"":0.5061594780184149,""score"":100},""T6_adr_healthy"":{""value"":8.906998190415441,""score"":77.32504523961397},""_score"":90.53},""geometry"":{""sub_head_depth"":100.0,""sub_shoulder_price_sym"":17.2,""sub_shoulder_time_sym"":83.3,""sub_right_shoulder_reaction"":96.9,""sub_base_context"":100.0,""_score"":72.03},""compression"":{""VC1_atr_ratio"":{""value"":1.1651864122897155,""score"":0},""VC2_range_contraction"":{""value"":1.3421075073383473,""score"":0},""VC3_range_pct_rank"":{""score"":0.0},""_score"":0.0},""sr_quality"":{""SR1_touches"":{""value"":3,""score"":50.0},""SR2_tightness"":{""value"":0.44072541212061894,""score"":65.7687101193978},""SR3_recency"":{""value"":313,""score"":0.0},""SR4_price_location"":{""score"":59.741114523913986},""SR5_reaction"":{""value"":2.4451009436945554,""score"":100},""_score"":54.8,""_levels_found"":5,""_target_level"":31.9683},""volume"":{""V1_rvol_day"":{""value"":3.13933448961123,""score"":100},""V2_rvol_sameslot"":{""value"":7.760781803672454,""score"":100,""status"":""ok""},""V3_breakout_bar"":{""value"":1.1496813814947646,""score"":43.312092099650975},""V4_base_dryup"":{""value"":1.1374312876365966,""score"":36.25687123634034},""V5_bo_expansion"":{""value"":3.13933448961123,""score"":100},""_score"":73.08},""readiness"":{""_distance_atr"":-3.066,""BR1_atr_distance"":{""score"":0},""BR2_compression"":{""score"":0},""BR3_retest"":{""score"":50.0},""BR4_bo_age"":{""score"":50.0},""_score"":17.5},""risk"":{""R1_stop_clarity"":{""score"":79.33774944659895},""R2_stop_distance_pct"":{""value"":39.57462815634729,""score"":0.0},""R3_stop_distance_atr"":{""value"":4.443141154735948,""score"":77.84294226320259},""R4_rr_potential"":{""value"":-0.40337294953904906,""score"":0.0},""_score"":39.44},""market"":{""M1_spy_regime"":{""score"":100.0},""M3_earnings_risk"":{""value"":null,""score"":80.0},""M4_vix"":{""value"":null,""score"":60.0},""_score"":84.0},""liquidity"":{""L1_price"":{""value"":28.91,""score"":100.0},""L2_dollar_vol"":{""value"":3133863388.703902,""score"":100.0},""L3_spread_proxy"":{""value"":0.18817018332756835,""score"":0},""L4_volume_zscore"":{""value"":2.621492267421217,""score"":70.0},""_score"":82.5},""pattern_structure"":{""left_shoulder"":20.2,""left_shoulder_idx"":66,""head"":17.735,""head_idx"":78,""right_shoulder"":18.905,""right_shoulder_idx"":89,""left_to_head_bars"":12,""head_to_right_bars"":11,""structural_low"":17.735,""current_price"":30.16,""neckline_distance_pct"":-0.3032161803713528,""base_bars"":23},""pattern_geometry_features"":{""head_depth_pct"":0.09295486510676396,""shoulder_price_asymmetry"":0.06623193964966106,""shoulder_time_asymmetry"":0.08333333333333333,""right_shoulder_reaction"":0.9687499999999989,""atr_pct"":0.08906903197114198},""_schema_version"":""1.0""}",,,,,,,,,,
20260522T181904Z-97bb42,2026-05-22T18:19:04.835948+00:00,RBRK,double_bottom,candidate,60.81,91.2,53.8,65.1,51.6,31.1,51.6,55.8,84.0,93.5,13.68,13.46,5.2,7.22,4.05,4.13,3.35,5.04,4.68,False,,66.5,67.31,60.8336,72.86,"{""trend"":{""T1_ema_stack"":{""value"":[true,true,false],""score"":66.66666666666666},""T2_ema50_slope"":{""value"":0.33846395615725794,""score"":100},""T3_high_proximity"":{""value"":0.9941695320675736,""score"":97.08476603378679},""T4_rs_1m"":{""value"":0.24794998180401384,""score"":100},""T5_rs_3m"":{""value"":0.3116070345894202,""score"":100},""T6_adr_healthy"":{""value"":4.414601513859317,""score"":100.0},""_score"":91.23},""geometry"":{""sub_low_similarity"":1.9,""sub_bounce_quality"":85.5,""sub_separation_fit"":100.0,""sub_right_bottom_reaction"":7.8,""sub_base_context"":100.0,""_score"":53.84},""compression"":{""VC1_atr_ratio"":{""value"":0.551467589042437,""score"":100},""VC2_range_contraction"":{""value"":0.8954790419688755,""score"":17.420159671854083},""VC3_range_pct_rank"":{""score"":75.83333333333333},""_score"":65.06},""sr_quality"":{""SR1_touches"":{""value"":3,""score"":50.0},""SR2_tightness"":{""value"":0.09010630758535743,""score"":94.01164781519246},""SR3_recency"":{""value"":232,""score"":0.0},""SR4_price_location"":{""score"":30.0},""SR5_reaction"":{""value"":2.5033237284622234,""score"":100},""_score"":51.6,""_levels_found"":3,""_target_level"":58.0468},""volume"":{""V1_rvol_day"":{""value"":0.3635177237216738,""score"":0},""V2_rvol_sameslot"":{""value"":1.031872903888202,""score"":35.4581935925468,""status"":""ok""},""V3_breakout_bar"":{""value"":0.9347549735778268,""score"":28.98366490518845},""V4_base_dryup"":{""value"":0.6592647925243985,""score"":84.07352074756015},""V5_bo_expansion"":{""value"":0.3635177237216738,""score"":0},""_score"":31.15},""readiness"":{""_distance_atr"":0.269,""BR1_atr_distance"":{""score"":82.05613865193178},""BR2_compression"":{""score"":5.169670322084116},""BR3_retest"":{""score"":50.0},""BR4_bo_age"":{""score"":50.0},""_score"":51.61},""risk"":{""R1_stop_clarity"":{""score"":38.43261795240601},""R2_stop_distance_pct"":{""value"":8.520902255639102,""score"":86.97744360902244},""R3_stop_distance_atr"":{""value"":1.8829091841239551,""score"":100.0},""R4_rr_potential"":{""value"":1.1224057602710733,""score"":6.120288013553665},""_score"":55.77},""market"":{""M1_spy_regime"":{""score"":100.0},""M3_earnings_risk"":{""value"":null,""score"":80.0},""M4_vix"":{""value"":null,""score"":60.0},""_score"":84.0},""liquidity"":{""L1_price"":{""value"":66.5,""score"":100.0},""L2_dollar_vol"":{""value"":70809420.2867695,""score"":92.50455194268787},""L3_spread_proxy"":{""value"":0.03496240601503764,""score"":65.03759398496237},""L4_volume_zscore"":{""value"":-2.3564492233963703,""score"":100.0},""_score"":93.51},""pattern_structure"":{""left_low"":61.76,""left_idx"":46,""right_low"":64.865,""right_idx"":75,""separation_bars"":29,""structural_low"":61.76,""current_price"":66.825,""neckline_distance_pct"":0.00725776281331836,""base_bars"":29},""pattern_geometry_features"":{""low_similarity_pct"":0.049042448173741315,""bounce_pct"":0.08986398963730577,""right_bottom_reaction"":0.07792207792208079,""atr_pct"":0.045253920515574676},""_schema_version"":""1.0""}",,,,,,,,,,
20260522T181904Z-97bb42,2026-05-22T18:19:04.835948+00:00,ZS,double_bottom,breakout_confirmed,60.27,83.2,67.7,44.7,55.7,24.2,36.8,59.7,84.0,95.5,12.48,16.93,3.58,7.79,3.15,2.94,3.58,5.04,4.78,False,,180.225,174.85,165.5686,181.61,"{""trend"":{""T1_ema_stack"":{""value"":[true,true,false],""score"":66.66666666666666},""T2_ema50_slope"":{""value"":0.04531310437781127,""score"":57.55218406296854},""T3_high_proximity"":{""value"":1.0,""score"":99.99999999999997},""T4_rs_1m"":{""value"":0.3001758879331953,""score"":100},""T5_rs_3m"":{""value"":0.16234918695088885,""score"":100},""T6_adr_healthy"":{""value"":4.699670452715297,""score"":100.0},""_score"":83.18},""geometry"":{""sub_low_similarity"":93.0,""sub_bounce_quality"":14.6,""sub_separation_fit"":100.0,""sub_right_bottom_reaction"":12.8,""sub_base_context"":100.0,""_score"":67.74},""compression"":{""VC1_atr_ratio"":{""value"":0.6464501476681643,""score"":88.38746308295892},""VC2_range_contraction"":{""value"":1.2728031452854953,""score"":0},""VC3_range_pct_rank"":{""score"":37.5},""_score"":44.73},""sr_quality"":{""SR1_touches"":{""value"":2,""score"":25.0},""SR2_tightness"":{""value"":1.534949999999995,""score"":66.39863401072503},""SR3_recency"":{""value"":228,""score"":0.0},""SR4_price_location"":{""score"":92.78468859575878},""SR5_reaction"":{""value"":4.1964766670862454,""score"":100},""_score"":55.66,""_levels_found"":7,""_target_level"":181.435},""volume"":{""V1_rvol_day"":{""value"":0.7296578042832567,""score"":15.310520285550444},""V2_rvol_sameslot"":{""value"":1.4879774364667615,""score"":65.86516243111743,""status"":""ok""},""V3_breakout_bar"":{""value"":0.9799755700126441,""score"":31.998371334176273},""V4_base_dryup"":{""value"":1.510521848038077,""score"":0},""V5_bo_expansion"":{""value"":0.7296578042832567,""score"":0},""_score"":24.23},""readiness"":{""_distance_atr"":-0.588,""BR1_atr_distance"":{""score"":48.233666100371124},""BR2_compression"":{""score"":0},""BR3_retest"":{""score"":50.0},""BR4_bo_age"":{""score"":50.0},""_score"":36.79},""risk"":{""R1_stop_clarity"":{""score"":44.80549585520107},""R2_stop_distance_pct"":{""value"":8.132251352476073,""score"":96.69371618809816},""R3_stop_distance_atr"":{""value"":1.6042000730216353,""score"":100.0},""R4_rr_potential"":{""value"":0.0944982891374722,""score"":0.0},""_score"":59.69},""market"":{""M1_spy_regime"":{""score"":100.0},""M3_earnings_risk"":{""value"":null,""score"":80.0},""M4_vix"":{""value"":null,""score"":60.0},""_score"":84.0},""liquidity"":{""L1_price"":{""value"":180.225,""score"":100.0},""L2_dollar_vol"":{""value"":394289351.21446174,""score"":100.0},""L3_spread_proxy"":{""value"":0.04504480510473021,""score"":54.95519489526979},""L4_volume_zscore"":{""value"":-0.6852120626970001,""score"":100.0},""_score"":95.5},""pattern_structure"":{""left_low"":168.09,""left_idx"":64,""right_low"":168.68,""right_idx"":75,""separation_bars"":11,""structural_low"":168.09,""current_price"":180.23,""neckline_distance_pct"":-0.02985074626865669,""base_bars"":11},""pattern_geometry_features"":{""low_similarity_pct"":0.003503875048252537,""bounce_pct"":0.04021655065738587,""right_bottom_reaction"":0.1280788177339856,""atr_pct"":0.050693498206606784},""_schema_version"":""1.0""}",,,,,,,,,,
20260522T181904Z-97bb42,2026-05-22T18:19:04.835948+00:00,FTAI,double_bottom,breakout_confirmed,60.22,51.8,75.2,56.2,80.0,19.8,36.0,45.0,84.0,95.5,7.76,18.8,4.5,11.2,2.57,2.88,2.7,5.04,4.77,False,,255.79,243.0,227.8108,254.72,"{""trend"":{""T1_ema_stack"":{""value"":[true,false,true],""score"":66.66666666666666},""T2_ema50_slope"":{""value"":0.06175558086495067,""score"":60.29259681082511},""T3_high_proximity"":{""value"":0.8250225777319055,""score"":12.511288865952707},""T4_rs_1m"":{""value"":0.03076763351709566,""score"":80.76763351709566},""T5_rs_3m"":{""value"":-0.1955623825597541,""score"":0},""T6_adr_healthy"":{""value"":6.4228818426743635,""score"":100.0},""_score"":51.76},""geometry"":{""sub_low_similarity"":81.4,""sub_bounce_quality"":29.5,""sub_separation_fit"":100.0,""sub_right_bottom_reaction"":65.8,""sub_base_context"":100.0,""_score"":75.19},""compression"":{""VC1_atr_ratio"":{""value"":0.6248790598223462,""score"":93.78023504441346},""VC2_range_contraction"":{""value"":0.9292829555106175,""score"":11.786174081563757},""VC3_range_pct_rank"":{""score"":58.33333333333333},""_score"":56.22},""sr_quality"":{""SR1_touches"":{""value"":5,""score"":100},""SR2_tightness"":{""value"":1.2978738311561624,""score"":86.1055956289498},""SR3_recency"":{""value"":241,""score"":0.0},""SR4_price_location"":{""score"":99.38491161912917},""SR5_reaction"":{""value"":1.6314676301627817,""score"":81.5733815081391},""_score"":80.0,""_levels_found"":4,""_target_level"":256.002},""volume"":{""V1_rvol_day"":{""value"":0.42658822290958476,""score"":0},""V2_rvol_sameslot"":{""value"":0.6376210116107027,""score"":9.174734107380182,""status"":""ok""},""V3_breakout_bar"":{""value"":0.7884162908571066,""score"":19.22775272380711},""V4_base_dryup"":{""value"":0.8425515222449886,""score"":65.74484777550114},""V5_bo_expansion"":{""value"":0.42658822290958476,""score"":0},""_score"":19.79},""readiness"":{""_distance_atr"":-0.685,""BR1_atr_distance"":{""score"":46.30764966210727},""BR2_compression"":{""score"":0},""BR3_retest"":{""score"":50.0},""BR4_bo_age"":{""score"":50.0},""_score"":36.02},""risk"":{""R1_stop_clarity"":{""score"":62.86043644079946},""R2_stop_distance_pct"":{""value"":10.93834786348176,""score"":26.54130341295602},""R3_stop_distance_atr"":{""value"":1.4976583603360765,""score"":99.88291801680383},""R4_rr_potential"":{""value"":-0.03824269457311122,""score"":0.0},""_score"":44.95},""market"":{""M1_spy_regime"":{""score"":100.0},""M3_earnings_risk"":{""value"":null,""score"":80.0},""M4_vix"":{""value"":null,""score"":60.0},""_score"":84.0},""liquidity"":{""L1_price"":{""value"":255.79,""score"":100.0},""L2_dollar_vol"":{""value"":167874967.51146993,""score"":100.0},""L3_spread_proxy"":{""value"":0.04550607920559829,""score"":54.49392079440171},""L4_volume_zscore"":{""value"":-1.1947077097096563,""score"":100.0},""_score"":95.45},""pattern_structure"":{""left_low"":231.28,""left_idx"":54,""right_low"":233.4405,""right_idx"":70,""separation_bars"":16,""structural_low"":231.28,""current_price"":256.846,""neckline_distance_pct"":-0.05390778910319804,""base_bars"":16},""pattern_geometry_features"":{""low_similarity_pct"":0.009298061953367603,""bounce_pct"":0.050674507090971974,""right_bottom_reaction"":0.6584456309856752,""atr_pct"":0.0730363356101266},""_schema_version"":""1.0""}",,,,,,,,,,
20260522T181904Z-97bb42,2026-05-22T18:19:04.835948+00:00,PEGA,breakout_retest_hold,forming,59.35,5.0,96.0,64.1,56.3,16.9,80.0,50.2,84.0,83.0,0.7,21.12,3.85,7.89,2.19,14.4,2.51,4.2,2.49,False,,34.205,34.26,33.7788,34.54,"{""trend"":{""T1_ema_stack"":{""value"":[false,false,false],""score"":0.0},""T2_ema50_slope"":{""value"":-0.6641498409829516,""score"":0},""T3_high_proximity"":{""value"":0.7231501057082452,""score"":0},""T4_rs_1m"":{""value"":-0.08485041512561875,""score"":0},""T5_rs_3m"":{""value"":-0.280709813386673,""score"":0},""T6_adr_healthy"":{""value"":4.618681627101159,""score"":100.0},""_score"":5.0},""geometry"":{""sub_retest_depth"":100.0,""sub_retest_timing"":80.0,""sub_retest_freshness"":100.0,""sub_hold_quality"":100.0,""_score"":96.0},""compression"":{""VC1_atr_ratio"":{""value"":0.2580000380210579,""score"":100},""VC2_range_contraction"":{""value"":0.8942322500702309,""score"":17.62795832162819},""VC3_range_pct_rank"":{""score"":71.66666666666667},""_score"":64.09},""sr_quality"":{""SR1_touches"":{""value"":2,""score"":25.0},""SR2_tightness"":{""value"":0.2375000000000007,""score"":70.36898412401352},""SR3_recency"":{""value"":242,""score"":0.0},""SR4_price_location"":{""score"":93.1224852624683},""SR5_reaction"":{""value"":2.2316833536071856,""score"":100},""_score"":56.34,""_levels_found"":7,""_target_level"":34.5725},""volume"":{""V1_rvol_day"":{""value"":0.33029995650337557,""score"":0},""V2_rvol_sameslot"":{""value"":0.7005279065627888,""score"":13.368527104185922,""status"":""ok""},""V3_breakout_bar"":{""value"":0.6086940621880729,""score"":7.246270812538191},""V4_base_dryup"":{""value"":0.8803068720241596,""score"":61.96931279758404},""V5_bo_expansion"":{""value"":0.33029995650337546,""score"":0},""_score"":16.88},""readiness"":{""_distance_atr"":0.034,""BR1_atr_distance"":{""score"":97.71269351132737},""BR2_compression"":{""score"":27.221273974212444},""BR3_retest"":{""score"":95.63332397617042},""BR4_bo_age"":{""score"":100.0},""_score"":80.02},""risk"":{""R1_stop_clarity"":{""score"":57.43114687626706},""R2_stop_distance_pct"":{""value"":1.24601666423038,""score"":81.1504166057595},""R3_stop_distance_atr"":{""value"":0.2658681887651672,""score"":38.293409438258365},""R4_rr_potential"":{""value"":0.7860159549507266,""score"":0.0},""_score"":50.19},""market"":{""M1_spy_regime"":{""score"":100.0},""M3_earnings_risk"":{""value"":null,""score"":80.0},""M4_vix"":{""value"":null,""score"":60.0},""_score"":84.0},""liquidity"":{""L1_price"":{""value"":34.205,""score"":100.0},""L2_dollar_vol"":{""value"":21150131.78357905,""score"":66.26565388745114},""L3_spread_proxy"":{""value"":0.034644057886274005,""score"":65.355942113726},""L4_volume_zscore"":{""value"":-2.9663945982859006,""score"":100.0},""_score"":83.04},""pattern_structure"":{""level"":34.26,""level_idx"":69,""breakout_idx"":76,""bo_peak_idx"":76,""bo_peak_price"":35.305,""retest_idx"":77,""retest_low"":34.12,""structural_low"":34.12,""current_price"":34.47,""neckline_distance_pct"":-0.006092254134029616,""base_bars"":10,""bars_since_breakout"":3},""pattern_geometry_features"":{""retest_depth_atr"":0.3256084392391408,""bars_breakout_to_retest"":1.0,""bars_since_retest"":2.0,""current_above_level_atr"":0.48841265885871116,""bo_peak_excess_pct"":0.030502043199066017,""atr_pct"":0.04686595526969744},""_schema_version"":""1.0""}",,,,,,,,,,
20260522T181904Z-97bb42,2026-05-22T18:19:04.835948+00:00,VSEC,breakout_retest_hold,forming,59.15,13.3,93.4,55.4,52.4,27.7,71.4,58.3,84.0,84.1,1.87,20.54,3.32,7.33,3.6,12.85,2.91,4.2,2.52,False,,172.45,172.67,169.587,175.41,"{""trend"":{""T1_ema_stack"":{""value"":[false,false,true],""score"":33.33333333333333},""T2_ema50_slope"":{""value"":-0.3087565961244309,""score"":0},""T3_high_proximity"":{""value"":0.7594574360329414,""score"":0},""T4_rs_1m"":{""value"":-0.11680376260707204,""score"":0},""T5_rs_3m"":{""value"":-0.3196792858974268,""score"":0},""T6_adr_healthy"":{""value"":5.769246455980904,""score"":100.0},""_score"":13.33},""geometry"":{""sub_retest_depth"":100.0,""sub_retest_timing"":100.0,""sub_retest_freshness"":75.0,""sub_hold_quality"":94.6,""_score"":93.38},""compression"":{""VC1_atr_ratio"":{""value"":0.49172109796259345,""score"":100},""VC2_range_contraction"":{""value"":0.8721127684111917,""score"":21.31453859813472},""VC3_range_pct_rank"":{""score"":31.666666666666664},""_score"":55.38},""sr_quality"":{""SR1_touches"":{""value"":2,""score"":25.0},""SR2_tightness"":{""value"":2.8899999999999864,""score"":51.58228169993362},""SR3_recency"":{""value"":323,""score"":0.0},""SR4_price_location"":{""score"":88.46125214025152},""SR5_reaction"":{""value"":2.051051613455243,""score"":100},""_score"":52.35,""_levels_found"":7,""_target_level"":174.0},""volume"":{""V1_rvol_day"":{""value"":0.32901533938644933,""score"":0},""V2_rvol_sameslot"":{""value"":0.9767331767493538,""score"":31.782211783290254,""status"":""ok""},""V3_breakout_bar"":{""value"":0.901475538168075,""score"":26.765035877871668},""V4_base_dryup"":{""value"":0.7681354325742542,""score"":73.18645674257458},""V5_bo_expansion"":{""value"":0.32901533938644933,""score"":0},""_score"":27.68},""readiness"":{""_distance_atr"":0.018,""BR1_atr_distance"":{""score"":98.7714073787757},""BR2_compression"":{""score"":4.076973463177777},""BR3_retest"":{""score"":94.26191400769116},""BR4_bo_age"":{""score"":80},""_score"":71.38},""risk"":{""R1_stop_clarity"":{""score"":71.30119327058345},""R2_stop_distance_pct"":{""value"":1.6601913598144225,""score"":91.50478399536055},""R3_stop_distance_atr"":{""value"":0.23982686417489502,""score"":36.99134320874475},""R4_rr_potential"":{""value"":1.0338805448829833,""score"":1.6940272441491655},""_score"":58.29},""market"":{""M1_spy_regime"":{""score"":100.0},""M3_earnings_risk"":{""value"":null,""score"":80.0},""M4_vix"":{""value"":null,""score"":60.0},""_score"":84.0},""liquidity"":{""L1_price"":{""value"":172.45,""score"":100.0},""L2_dollar_vol"":{""value"":28593247.1663799,""score"":72.81317392103345},""L3_spread_proxy"":{""value"":0.05044940562481873,""score"":49.55059437518127},""L4_volume_zscore"":{""value"":-1.7055969263830142,""score"":100.0},""_score"":84.08},""pattern_structure"":{""level"":172.67,""level_idx"":68,""breakout_idx"":74,""bo_peak_idx"":76,""bo_peak_price"":180.0,""retest_idx"":79,""retest_low"":171.3,""structural_low"":171.3,""current_price"":173.295,""neckline_distance_pct"":-0.0036065668368966217,""base_bars"":11,""bars_since_breakout"":5},""pattern_geometry_features"":{""retest_depth_atr"":0.3445587384623063,""bars_breakout_to_retest"":5.0,""bars_since_retest"":0.0,""current_above_level_atr"":0.1571892055028797,""bo_peak_excess_pct"":0.042450917935947255,""atr_pct"":0.0692245785527896},""_schema_version"":""1.0""}",,,,,,,,,,
20260522T181904Z-97bb42,2026-05-22T18:19:04.835948+00:00,FROG,ascending_triangle,setup,58.46,100.0,53.0,64.2,31.9,20.0,68.0,35.0,84.0,94.5,15.0,14.85,5.14,4.47,2.4,5.44,1.4,5.04,4.72,False,,73.5,73.44,61.0799,84.87,"{""trend"":{""T1_ema_stack"":{""value"":[true,true,true],""score"":100.0},""T2_ema50_slope"":{""value"":0.6609658576805683,""score"":100},""T3_high_proximity"":{""value"":1.0,""score"":99.99999999999997},""T4_rs_1m"":{""value"":0.6163892437649532,""score"":100},""T5_rs_3m"":{""value"":1.019605341825984,""score"":100},""T6_adr_healthy"":{""value"":5.4710168166025515,""score"":100.0},""_score"":100.0},""geometry"":{""sub_flat_top_quality"":33.3,""sub_hl_slope"":100,""sub_compression"":25.2,""sub_duration"":45.0,""_score"":53.04},""compression"":{""VC1_atr_ratio"":{""value"":0.6144517561831032,""score"":96.3870609542242},""VC2_range_contraction"":{""value"":0.9530797614895843,""score"":7.820039751735952},""VC3_range_pct_rank"":{""score"":91.66666666666666},""_score"":64.21},""sr_quality"":{""SR1_touches"":{""value"":2,""score"":25.0},""SR2_tightness"":{""value"":1.024950000000004,""score"":52.640307869518345},""SR3_recency"":{""value"":329,""score"":0.0},""SR4_price_location"":{""score"":30.0},""SR5_reaction"":{""value"":1.2036764135577431,""score"":60.183820677887155},""_score"":31.92,""_levels_found"":6,""_target_level"":69.4049},""volume"":{""V1_rvol_day"":{""value"":0.3462836316875742,""score"":0},""V2_rvol_sameslot"":{""value"":0.777471423802764,""score"":18.49809492018427,""status"":""ok""},""V3_breakout_bar"":{""value"":1.0038087982668877,""score"":33.587253217792515},""V4_base_dryup"":{""value"":1.1059375851430215,""score"":39.40624148569785},""V5_bo_expansion"":{""value"":0.3462836316875743,""score"":0},""_score"":19.98},""readiness"":{""_distance_atr"":-0.014,""BR1_atr_distance"":{""score"":100.0},""BR2_compression"":{""score"":42.024566391807625},""BR3_retest"":{""score"":50.0},""BR4_bo_age"":{""score"":50.0},""_score"":68.01},""risk"":{""R1_stop_clarity"":{""score"":57.0207155127887},""R2_stop_distance_pct"":{""value"":16.89816326530612,""score"":0.0},""R3_stop_distance_atr"":{""value"":2.869478902455727,""score"":100.0},""R4_rr_potential"":{""value"":0.9154478810642388,""score"":0.0},""_score"":34.96},""market"":{""M1_spy_regime"":{""score"":100.0},""M3_earnings_risk"":{""value"":null,""score"":80.0},""M4_vix"":{""value"":null,""score"":60.0},""_score"":84.0},""liquidity"":{""L1_price"":{""value"":73.5,""score"":100.0},""L2_dollar_vol"":{""value"":72895109.9230725,""score"":93.13491975975464},""L3_spread_proxy"":{""value"":0.027619047619047443,""score"":72.38095238095255},""L4_volume_zscore"":{""value"":-1.0646608488982239,""score"":100.0},""_score"":94.49},""pattern_structure"":{""top"":73.44,""top_touches"":2,""low_slope_per_bar"":0.281211237334971,""lowest_low"":62.01,""structural_low"":62.01,""current_price"":73.29,""neckline_distance_pct"":0.0020466639377813,""base_bars"":71},""pattern_geometry_features"":{""top_touches"":2.0,""low_slope"":0.281211237334971,""compression"":0.12592830828606616,""atr_pct"":0.0588893100097182},""_schema_version"":""1.0""}",,,,,,,,,,
20260522T181904Z-97bb42,2026-05-22T18:19:04.835948+00:00,ZS,ascending_triangle,forming,58.12,83.2,55.0,44.7,55.7,31.3,49.5,33.6,84.0,95.5,12.48,15.4,3.58,7.79,3.76,3.96,1.34,5.04,4.78,False,,180.225,182.9699,149.8382,213.8198,"{""trend"":{""T1_ema_stack"":{""value"":[true,true,false],""score"":66.66666666666666},""T2_ema50_slope"":{""value"":0.04531310437781127,""score"":57.55218406296854},""T3_high_proximity"":{""value"":1.0,""score"":99.99999999999997},""T4_rs_1m"":{""value"":0.3001758879331953,""score"":100},""T5_rs_3m"":{""value"":0.16234918695088885,""score"":100},""T6_adr_healthy"":{""value"":4.699670452715297,""score"":100.0},""_score"":83.18},""geometry"":{""sub_flat_top_quality"":33.3,""sub_hl_slope"":100,""sub_compression"":0,""sub_duration"":100.0,""_score"":54.99},""compression"":{""VC1_atr_ratio"":{""value"":0.6464501476681643,""score"":88.38746308295892},""VC2_range_contraction"":{""value"":1.2728031452854953,""score"":0},""VC3_range_pct_rank"":{""score"":37.5},""_score"":44.73},""sr_quality"":{""SR1_touches"":{""value"":2,""score"":25.0},""SR2_tightness"":{""value"":1.534949999999995,""score"":66.39863401072503},""SR3_recency"":{""value"":228,""score"":0.0},""SR4_price_location"":{""score"":92.78468859575878},""SR5_reaction"":{""value"":4.1964766670862454,""score"":100},""_score"":55.66,""_levels_found"":7,""_target_level"":181.435},""volume"":{""V1_rvol_day"":{""value"":0.7296578042832567,""score"":15.310520285550444},""V2_rvol_sameslot"":{""value"":1.4879774364667615,""score"":65.86516243111743,""status"":""ok""},""V3_breakout_bar"":{""value"":0.9799755700126441,""score"":31.998371334176273},""V4_base_dryup"":{""value"":1.1448971096118346,""score"":35.51028903881655},""V5_bo_expansion"":{""value"":0.7296578042832567,""score"":0},""_score"":31.34},""readiness"":{""_distance_atr"":0.3,""BR1_atr_distance"":{""score"":79.97059849854801},""BR2_compression"":{""score"":0},""BR3_retest"":{""score"":50.0},""BR4_bo_age"":{""score"":50.0},""_score"":49.49},""risk"":{""R1_stop_clarity"":{""score"":50.04944987502655},""R2_stop_distance_pct"":{""value"":16.860479955611037,""score"":0.0},""R3_stop_distance_atr"":{""value"":3.3259649761976076,""score"":100.0},""R4_rr_potential"":{""value"":1.1055721563310383,""score"":5.278607816551917},""_score"":33.57},""market"":{""M1_spy_regime"":{""score"":100.0},""M3_earnings_risk"":{""value"":null,""score"":80.0},""M4_vix"":{""value"":null,""score"":60.0},""_score"":84.0},""liquidity"":{""L1_price"":{""value"":180.225,""score"":100.0},""L2_dollar_vol"":{""value"":394289351.21446174,""score"":100.0},""L3_spread_proxy"":{""value"":0.04504480510473021,""score"":54.95519489526979},""L4_volume_zscore"":{""value"":-0.6852120626970001,""score"":100.0},""_score"":95.5},""pattern_structure"":{""top"":182.9699,""top_touches"":2,""low_slope_per_bar"":0.5161441521114305,""lowest_low"":152.12,""structural_low"":152.12,""current_price"":180.23,""neckline_distance_pct"":0.015202241580203106,""base_bars"":52},""pattern_geometry_features"":{""top_touches"":2.0,""low_slope"":0.5161441521114305,""compression"":-0.4549969776936176,""atr_pct"":0.050693498206606784},""_schema_version"":""1.0""}",,,,,,,,,,
20260522T181904Z-97bb42,2026-05-22T18:19:04.835948+00:00,GENI,double_bottom,breakout_failed,57.81,35.6,95.7,22.4,54.0,21.9,56.8,47.3,84.0,78.6,5.34,23.92,1.79,7.56,2.85,4.55,2.84,5.04,3.93,False,,5.37,5.38,4.8019,5.885,"{""trend"":{""T1_ema_stack"":{""value"":[true,false,false],""score"":33.33333333333333},""T2_ema50_slope"":{""value"":-0.4361760400812241,""score"":0},""T3_high_proximity"":{""value"":0.8299845440494591,""score"":14.992272024729525},""T4_rs_1m"":{""value"":0.17927773356599297,""score"":100},""T5_rs_3m"":{""value"":-0.15832979697397098,""score"":0},""T6_adr_healthy"":{""value"":7.199199129880809,""score"":100.0},""_score"":35.58},""geometry"":{""sub_low_similarity"":89.8,""sub_bounce_quality"":100,""sub_separation_fit"":100.0,""sub_right_bottom_reaction"":91.7,""sub_base_context"":100.0,""_score"":95.69},""compression"":{""VC1_atr_ratio"":{""value"":0.7906475994978277,""score"":52.33810012554307},""VC2_range_contraction"":{""value"":1.3029926772960214,""score"":0},""VC3_range_pct_rank"":{""score"":5.833333333333335},""_score"":22.39},""sr_quality"":{""SR1_touches"":{""value"":3,""score"":50.0},""SR2_tightness"":{""value"":0.07494442385305695,""score"":62.83440423850388},""SR3_recency"":{""value"":274,""score"":0.0},""SR4_price_location"":{""score"":58.267716535433024},""SR5_reaction"":{""value"":2.264649971071989,""score"":100},""_score"":53.99,""_levels_found"":6,""_target_level"":5.635},""volume"":{""V1_rvol_day"":{""value"":0.8596588800490738,""score"":23.97725866993825},""V2_rvol_sameslot"":{""value"":1.4365993571136821,""score"":62.43995714091214,""status"":""ok""},""V3_breakout_bar"":{""value"":0.7771825404994097,""score"":18.47883603329398},""V4_base_dryup"":{""value"":1.653463803402304,""score"":0},""V5_bo_expansion"":{""value"":0.8596588800490739,""score"":0},""_score"":21.9},""readiness"":{""_distance_atr"":0.025,""BR1_atr_distance"":{""score"":98.34697082403508},""BR2_compression"":{""score"":0},""BR3_retest"":{""score"":50.0},""BR4_bo_age"":{""score"":50.0},""_score"":56.84},""risk"":{""R1_stop_clarity"":{""score"":63.73667245226874},""R2_stop_distance_pct"":{""value"":10.579608938547489,""score"":35.50977653631278},""R3_stop_distance_atr"":{""value"":1.4086908008926358,""score"":95.43454004463179},""R4_rr_potential"":{""value"":0.9064906490649056,""score"":0.0},""_score"":47.28},""market"":{""M1_spy_regime"":{""score"":100.0},""M3_earnings_risk"":{""value"":null,""score"":80.0},""M4_vix"":{""value"":null,""score"":60.0},""_score"":84.0},""liquidity"":{""L1_price"":{""value"":5.37,""score"":97.685},""L2_dollar_vol"":{""value"":28671291.469034433,""score"":72.87236278691776},""L3_spread_proxy"":{""value"":0.1024208566108007,""score"":0},""L4_volume_zscore"":{""value"":-0.27729378365548085,""score"":100.0},""_score"":78.57},""pattern_structure"":{""left_low"":4.875,""left_idx"":64,""right_low"":4.9,""right_idx"":76,""separation_bars"":12,""structural_low"":4.875,""current_price"":5.385,""neckline_distance_pct"":-0.0009285051067780675,""base_bars"":12},""pattern_geometry_features"":{""low_similarity_pct"":0.005115089514066569,""bounce_pct"":0.10358974358974357,""right_bottom_reaction"":0.9168749999999993,""atr_pct"":0.07510242085661083},""_schema_version"":""1.0""}",,,,,,,,,,
20260522T181904Z-97bb42,2026-05-22T18:19:04.835948+00:00,RBRK,high_tight_pullback,absent,57.69,91.2,48.8,65.1,51.6,28.1,51.6,71.3,84.0,93.5,10.95,17.09,6.51,4.13,3.94,4.64,0.71,5.04,4.68,False,,66.5,67.31,62.3505,76.58,"{""trend"":{""T1_ema_stack"":{""value"":[true,true,false],""score"":66.66666666666666},""T2_ema50_slope"":{""value"":0.33846395615725794,""score"":100},""T3_high_proximity"":{""value"":0.9941695320675736,""score"":97.08476603378679},""T4_rs_1m"":{""value"":0.24794998180401384,""score"":100},""T5_rs_3m"":{""value"":0.3116070345894202,""score"":100},""T6_adr_healthy"":{""value"":4.414601513859317,""score"":100.0},""_score"":91.23},""geometry"":{""sub_pole_impulse"":63.2,""sub_flag_tightness"":39.2,""sub_flag_shallowness"":25.4,""sub_flag_drift"":100,""sub_flag_duration"":0.0,""_score"":48.84},""compression"":{""VC1_atr_ratio"":{""value"":0.551467589042437,""score"":100},""VC2_range_contraction"":{""value"":0.8954790419688755,""score"":17.420159671854083},""VC3_range_pct_rank"":{""score"":75.83333333333333},""_score"":65.06},""sr_quality"":{""SR1_touches"":{""value"":3,""score"":50.0},""SR2_tightness"":{""value"":0.09010630758535743,""score"":94.01164781519246},""SR3_recency"":{""value"":232,""score"":0.0},""SR4_price_location"":{""score"":30.0},""SR5_reaction"":{""value"":2.5033237284622234,""score"":100},""_score"":51.6,""_levels_found"":3,""_target_level"":58.0468},""volume"":{""V1_rvol_day"":{""value"":0.3635177237216738,""score"":0},""V2_rvol_sameslot"":{""value"":1.031872903888202,""score"":35.4581935925468,""status"":""ok""},""V3_breakout_bar"":{""value"":0.9347549735778268,""score"":28.98366490518845},""V4_base_dryup"":{""value"":0.8100350801077116,""score"":68.99649198922884},""V5_bo_expansion"":{""value"":0.3635177237216738,""score"":0},""_score"":28.14},""readiness"":{""_distance_atr"":0.269,""BR1_atr_distance"":{""score"":82.05613865193178},""BR2_compression"":{""score"":5.169670322084116},""BR3_retest"":{""score"":50.0},""BR4_bo_age"":{""score"":50.0},""_score"":51.61},""risk"":{""R1_stop_clarity"":{""score"":36.89742092596021},""R2_stop_distance_pct"":{""value"":6.239849624060155,""score"":100.0},""R3_stop_distance_atr"":{""value"":1.3788528271075733,""score"":93.94264135537867},""R4_rr_potential"":{""value"":2.4292083383540195,""score"":71.46041691770097},""_score"":71.3},""market"":{""M1_spy_regime"":{""score"":100.0},""M3_earnings_risk"":{""value"":null,""score"":80.0},""M4_vix"":{""value"":null,""score"":60.0},""_score"":84.0},""liquidity"":{""L1_price"":{""value"":66.5,""score"":100.0},""L2_dollar_vol"":{""value"":70809420.2867695,""score"":92.50455194268787},""L3_spread_proxy"":{""value"":0.03496240601503764,""score"":65.03759398496237},""L4_volume_zscore"":{""value"":-2.3564492233963703,""score"":100.0},""_score"":93.51},""pattern_structure"":{""pole_low"":58.04,""pole_low_idx"":14,""peak_price"":67.31,""peak_idx"":38,""pole_gain"":0.15971743625086154,""flag_bars"":21,""flag_low"":63.3,""flag_high"":67.22,""structural_low"":63.3,""current_price"":66.825,""neckline_distance_pct"":0.00725776281331836,""base_bars"":21},""pattern_geometry_features"":{""pole_gain"":0.15971743625086154,""pullback_pct"":0.05957510028227611,""flag_range_pct"":0.05823800326845939,""flag_drift_per_bar"":0.0008526457455750268,""atr_pct"":0.045253920515574676,""pole_atr_multiple"":3.5293613112678908},""_schema_version"":""1.0""}",,,,,,,,,,
20260522T181904Z-97bb42,2026-05-22T18:19:04.835948+00:00,APPF,breakout_retest_hold,setup,57.3,40.5,67.7,54.8,46.2,20.2,83.1,51.2,84.0,87.6,5.67,14.9,3.29,6.47,2.63,14.96,2.56,4.2,2.63,False,,164.995,163.64,162.7461,162.14,"{""trend"":{""T1_ema_stack"":{""value"":[true,false,false],""score"":33.33333333333333},""T2_ema50_slope"":{""value"":-0.12889295409473067,""score"":28.517840984211553},""T3_high_proximity"":{""value"":0.8630799811685935,""score"":31.53999058429674},""T4_rs_1m"":{""value"":0.02815019490590731,""score"":78.15019490590731},""T5_rs_3m"":{""value"":-0.08530848624949727,""score"":7.345756875251361},""T6_adr_healthy"":{""value"":4.339766093156886,""score"":100.0},""_score"":40.5},""geometry"":{""sub_retest_depth"":5.7,""sub_retest_timing"":80.0,""sub_retest_freshness"":100.0,""sub_hold_quality"":100.0,""_score"":67.71},""compression"":{""VC1_atr_ratio"":{""value"":0.3928112645191689,""score"":100},""VC2_range_contraction"":{""value"":1.1734126653571295,""score"":0},""VC3_range_pct_rank"":{""score"":59.166666666666664},""_score"":54.79},""sr_quality"":{""SR1_touches"":{""value"":2,""score"":25.0},""SR2_tightness"":{""value"":0.9099999999999966,""score"":76.2514283279246},""SR3_recency"":{""value"":228,""score"":0.0},""SR4_price_location"":{""score"":59.73451327433622},""SR5_reaction"":{""value"":1.6493513512913953,""score"":82.46756756456976},""_score"":46.24,""_levels_found"":8,""_target_level"":167.27},""volume"":{""V1_rvol_day"":{""value"":0.6582736714496744,""score"":10.55157809664496},""V2_rvol_sameslot"":{""value"":0.8171799216359024,""score"":21.14532810906016,""status"":""ok""},""V3_breakout_bar"":{""value"":0.6529776925614198,""score"":10.198512837427987},""V4_base_dryup"":{""value"":0.9340576000068629,""score"":56.594239999313714},""V5_bo_expansion"":{""value"":0.6582736714496746,""score"":0},""_score"":20.21},""readiness"":{""_distance_atr"":-0.177,""BR1_atr_distance"":{""score"":100.0},""BR2_compression"":{""score"":32.39930930538634},""BR3_retest"":{""score"":100},""BR4_bo_age"":{""score"":100.0},""_score"":83.1},""risk"":{""R1_stop_clarity"":{""score"":57.09859673436817},""R2_stop_distance_pct"":{""value"":1.3630110003333558,""score"":84.07527500833389},""R3_stop_distance_atr"":{""value"":0.29345144413918167,""score"":39.672572206959074},""R4_rr_potential"":{""value"":-1.2695095379963504,""score"":0.0},""_score"":51.16},""market"":{""M1_spy_regime"":{""score"":100.0},""M3_earnings_risk"":{""value"":null,""score"":80.0},""M4_vix"":{""value"":null,""score"":60.0},""_score"":84.0},""liquidity"":{""L1_price"":{""value"":164.995,""score"":100.0},""L2_dollar_vol"":{""value"":34739364.130539834,""score"":77.04109324279477},""L3_spread_proxy"":{""value"":0.03242522500681853,""score"":67.57477499318148},""L4_volume_zscore"":{""value"":-1.1882751062570287,""score"":100.0},""_score"":87.57},""pattern_structure"":{""level"":163.64,""level_idx"":70,""breakout_idx"":76,""bo_peak_idx"":76,""bo_peak_price"":168.05,""retest_idx"":77,""retest_low"":164.39,""structural_low"":164.39,""current_price"":165.62,""neckline_distance_pct"":-0.011955077889143934,""base_bars"":9,""bars_since_breakout"":3},""pattern_geometry_features"":{""retest_depth_atr"":-0.3601477634823885,""bars_breakout_to_retest"":1.0,""bars_since_retest"":2.0,""current_above_level_atr"":0.9507900955935144,""bo_peak_excess_pct"":0.02694940112441961,""atr_pct"":0.04644758196135816},""_schema_version"":""1.0""}",,,,,,,,,,
20260522T181904Z-97bb42,2026-05-22T18:19:04.835948+00:00,SNOW,double_bottom,forming,57.21,56.3,66.5,59.8,59.7,21.8,46.9,42.2,84.0,96.5,8.45,16.64,4.78,8.36,2.84,3.75,2.53,5.04,4.82,False,,171.84,176.98,152.8621,198.77,"{""trend"":{""T1_ema_stack"":{""value"":[true,false,false],""score"":33.33333333333333},""T2_ema50_slope"":{""value"":-0.13841817440967955,""score"":26.930304265053408},""T3_high_proximity"":{""value"":0.9398381098227959,""score"":69.91905491139794},""T4_rs_1m"":{""value"":0.11856546674858204,""score"":100},""T5_rs_3m"":{""value"":-0.005147241893842303,""score"":47.42637905307885},""T6_adr_healthy"":{""value"":4.493177187730031,""score"":100.0},""_score"":56.32},""geometry"":{""sub_low_similarity"":21.7,""sub_bounce_quality"":100,""sub_separation_fit"":100.0,""sub_right_bottom_reaction"":33.6,""sub_base_context"":100.0,""_score"":66.55},""compression"":{""VC1_atr_ratio"":{""value"":0.41882218184129294,""score"":100},""VC2_range_contraction"":{""value"":0.946902579022087,""score"":8.849570162985506},""VC3_range_pct_rank"":{""score"":66.66666666666667},""_score"":59.76},""sr_quality"":{""SR1_touches"":{""value"":4,""score"":75.0},""SR2_tightness"":{""value"":1.698315341743107,""score"":60.0390681473542},""SR3_recency"":{""value"":275,""score"":0.0},""SR4_price_location"":{""score"":52.74709510830584},""SR5_reaction"":{""value"":2.668567534158051,""score"":100},""_score"":59.69,""_levels_found"":6,""_target_level"":185.565},""volume"":{""V1_rvol_day"":{""value"":0.47904867083260455,""score"":0},""V2_rvol_sameslot"":{""value"":0.8023446537186059,""score"":20.156310247907058,""status"":""ok""},""V3_breakout_bar"":{""value"":0.7888423730141291,""score"":19.25615820094194},""V4_base_dryup"":{""value"":0.8519676301237816,""score"":64.80323698762183},""V5_bo_expansion"":{""value"":0.47904867083260455,""score"":0},""_score"":21.81},""readiness"":{""_distance_atr"":0.605,""BR1_atr_distance"":{""score"":59.68569859121247},""BR2_compression"":{""score"":22.164081182811028},""BR3_retest"":{""score"":50.0},""BR4_bo_age"":{""score"":50.0},""_score"":46.92},""risk"":{""R1_stop_clarity"":{""score"":45.22627634176257},""R2_stop_distance_pct"":{""value"":11.043907122905038,""score"":23.902321927374047},""R3_stop_distance_atr"":{""value"":2.2327201312959954,""score"":100.0},""R4_rr_potential"":{""value"":1.4190227027824518,""score"":20.95113513912259},""_score"":42.19},""market"":{""M1_spy_regime"":{""score"":100.0},""M3_earnings_risk"":{""value"":null,""score"":80.0},""M4_vix"":{""value"":null,""score"":60.0},""_score"":84.0},""liquidity"":{""L1_price"":{""value"":171.84,""score"":100.0},""L2_dollar_vol"":{""value"":569786049.3452765,""score"":100.0},""L3_spread_proxy"":{""value"":0.03549813780260704,""score"":64.50186219739297},""L4_volume_zscore"":{""value"":-1.2826208925203435,""score"":100.0},""_score"":96.45},""pattern_structure"":{""left_low"":155.19,""left_idx"":52,""right_low"":161.3863,""right_idx"":70,""separation_bars"":18,""structural_low"":155.19,""current_price"":172.77,""neckline_distance_pct"":0.024367656421832373,""base_bars"":18},""pattern_geometry_features"":{""low_similarity_pct"":0.039145697261608076,""bounce_pct"":0.14040853147754362,""right_bottom_reaction"":0.3360405489521918,""atr_pct"":0.04946391161213088},""_schema_version"":""1.0""}",,,,,,,,,,
20260522T181904Z-97bb42,2026-05-22T18:19:04.835948+00:00,SAIL,ascending_triangle,setup,57.1,77.5,65.0,50.2,50.6,20.4,40.4,33.8,84.0,81.9,11.62,18.2,4.02,7.09,2.45,3.23,1.35,5.04,4.09,False,,15.7,15.09,12.5504,17.4385,"{""trend"":{""T1_ema_stack"":{""value"":[true,true,false],""score"":66.66666666666666},""T2_ema50_slope"":{""value"":-0.11260399661492217,""score"":31.232667230846307},""T3_high_proximity"":{""value"":0.9943001899936669,""score"":97.15009499683342},""T4_rs_1m"":{""value"":0.297077490018516,""score"":100},""T5_rs_3m"":{""value"":0.12533724153172465,""score"":100},""T6_adr_healthy"":{""value"":5.747597110299623,""score"":100.0},""_score"":77.49},""geometry"":{""sub_flat_top_quality"":66.7,""sub_hl_slope"":100,""sub_compression"":0,""sub_duration"":100.0,""_score"":65.01},""compression"":{""VC1_atr_ratio"":{""value"":0.5988645315078768,""score"":100},""VC2_range_contraction"":{""value"":1.0634662035210236,""score"":0},""VC3_range_pct_rank"":{""score"":40.833333333333336},""_score"":50.21},""sr_quality"":{""SR1_touches"":{""value"":2,""score"":25.0},""SR2_tightness"":{""value"":0.18395000000000117,""score"":55.45658171251626},""SR3_recency"":{""value"":250,""score"":0.0},""SR4_price_location"":{""score"":79.33780145500367},""SR5_reaction"":{""value"":4.674758499018428,""score"":100},""_score"":50.65,""_levels_found"":6,""_target_level"":16.2411},""volume"":{""V1_rvol_day"":{""value"":0.46822966445489145,""score"":0},""V2_rvol_sameslot"":{""value"":0.8147325211393999,""score"":20.982168075959994,""status"":""ok""},""V3_breakout_bar"":{""value"":0.7300697959884398,""score"":15.337986399229319},""V4_base_dryup"":{""value"":0.8813681551363985,""score"":61.86318448636015},""V5_bo_expansion"":{""value"":0.46822966445489145,""score"":0},""_score"":20.4},""readiness"":{""_distance_atr"":-0.739,""BR1_atr_distance"":{""score"":45.228874609749994},""BR2_compression"":{""score"":19.096086903721574},""BR3_retest"":{""score"":50.0},""BR4_bo_age"":{""score"":50.0},""_score"":40.37},""risk"":{""R1_stop_clarity"":{""score"":53.719763731179235},""R2_stop_distance_pct"":{""value"":20.061289808917195,""score"":0.0},""R3_stop_distance_atr"":{""value"":3.8133990884797315,""score"":100.0},""R4_rr_potential"":{""value"":0.5519709107996271,""score"":0.0},""_score"":33.8},""market"":{""M1_spy_regime"":{""score"":100.0},""M3_earnings_risk"":{""value"":null,""score"":80.0},""M4_vix"":{""value"":null,""score"":60.0},""_score"":84.0},""liquidity"":{""L1_price"":{""value"":15.7,""score"":100.0},""L2_dollar_vol"":{""value"":23160265.836579498,""score"":68.23717699866152},""L3_spread_proxy"":{""value"":0.05431210191082806,""score"":45.68789808917194},""L4_volume_zscore"":{""value"":-1.1719768657938485,""score"":100.0},""_score"":81.86},""pattern_structure"":{""top"":15.09,""top_touches"":3,""low_slope_per_bar"":0.09236480169971674,""lowest_low"":12.7415,""structural_low"":12.7415,""current_price"":15.81,""neckline_distance_pct"":-0.04554079696394691,""base_bars"":30},""pattern_geometry_features"":{""top_touches"":3.0,""low_slope"":0.09236480169971674,""compression"":-0.3917348721270286,""atr_pct"":0.05260737033666971},""_schema_version"":""1.0""}",,,,,,,,,,
20260522T181904Z-97bb42,2026-05-22T18:19:04.835948+00:00,TRMB,breakout_retest_hold,forming,56.99,5.0,96.0,49.0,51.3,12.5,77.9,49.2,84.0,91.1,0.7,21.12,2.94,7.19,1.62,14.03,2.46,4.2,2.73,False,,56.31,56.4,55.5885,56.9,"{""trend"":{""T1_ema_stack"":{""value"":[false,false,false],""score"":0.0},""T2_ema50_slope"":{""value"":-0.4227918503464761,""score"":0},""T3_high_proximity"":{""value"":0.7991768379222255,""score"":0},""T4_rs_1m"":{""value"":-0.2152587243387063,""score"":0},""T5_rs_3m"":{""value"":-0.2347566225920873,""score"":0},""T6_adr_healthy"":{""value"":3.4675837880472056,""score"":100.0},""_score"":5.0},""geometry"":{""sub_retest_depth"":100.0,""sub_retest_timing"":80.0,""sub_retest_freshness"":100.0,""sub_hold_quality"":100.0,""_score"":96.0},""compression"":{""VC1_atr_ratio"":{""value"":0.3757388404212811,""score"":100},""VC2_range_contraction"":{""value"":1.199485070208348,""score"":0},""VC3_range_pct_rank"":{""score"":35.83333333333333},""_score"":48.96},""sr_quality"":{""SR1_touches"":{""value"":5,""score"":100},""SR2_tightness"":{""value"":0.6897957390416353,""score"":42.24232901368479},""SR3_recency"":{""value"":258,""score"":0.0},""SR4_price_location"":{""score"":0},""SR5_reaction"":{""value"":2.0158288526982497,""score"":100},""_score"":51.34,""_levels_found"":6,""_target_level"":64.296},""volume"":{""V1_rvol_day"":{""value"":0.3712682315219172,""score"":0},""V2_rvol_sameslot"":{""value"":1.0826476997191292,""score"":38.843179981275284,""status"":""ok""},""V3_breakout_bar"":{""value"":0.7835427690323603,""score"":18.90285126882402},""V4_base_dryup"":{""value"":1.5293979628101766,""score"":0},""V5_bo_expansion"":{""value"":0.3712682315219171,""score"":0},""_score"":12.49},""readiness"":{""_distance_atr"":0.038,""BR1_atr_distance"":{""score"":97.48805330111672},""BR2_compression"":{""score"":19.888739062769},""BR3_retest"":{""score"":94.76677771065962},""BR4_bo_age"":{""score"":100.0},""_score"":77.92},""risk"":{""R1_stop_clarity"":{""score"":52.9847309525659},""R2_stop_distance_pct"":{""value"":1.2812999467235056,""score"":82.03249866808764},""R3_stop_distance_atr"":{""value"":0.3020615905407288,""score"":40.10307952703644},""R4_rr_potential"":{""value"":0.8177408177408058,""score"":0.0},""_score"":49.17},""market"":{""M1_spy_regime"":{""score"":100.0},""M3_earnings_risk"":{""value"":null,""score"":80.0},""M4_vix"":{""value"":null,""score"":60.0},""_score"":84.0},""liquidity"":{""L1_price"":{""value"":56.31,""score"":100.0},""L2_dollar_vol"":{""value"":50547627.202611156,""score"":85.18503869170324},""L3_spread_proxy"":{""value"":0.02965725448410587,""score"":70.34274551589414},""L4_volume_zscore"":{""value"":-1.69643535997716,""score"":100.0},""_score"":91.11},""pattern_structure"":{""level"":56.4,""level_idx"":59,""breakout_idx"":76,""bo_peak_idx"":76,""bo_peak_price"":57.74,""retest_idx"":77,""retest_low"":56.15,""structural_low"":56.15,""current_price"":56.53,""neckline_distance_pct"":-0.0022996638952768895,""base_bars"":20,""bars_since_breakout"":3},""pattern_geometry_features"":{""retest_depth_atr"":0.4123565588256081,""bars_breakout_to_retest"":1.0,""bars_since_retest"":2.0,""current_above_level_atr"":0.21442541058932046,""bo_peak_excess_pct"":0.023758865248227012,""atr_pct"":0.04241849963213844},""_schema_version"":""1.0""}",,,,,,,,,,
20260522T181904Z-97bb42,2026-05-22T18:19:04.835948+00:00,PCTY,double_bottom,forming,56.75,59.6,76.8,55.4,40.7,17.4,31.1,74.6,84.0,84.2,8.95,19.19,4.43,5.7,2.26,2.49,4.48,5.04,4.21,False,,111.79,118.3,106.7247,128.25,"{""trend"":{""T1_ema_stack"":{""value"":[true,false,false],""score"":33.33333333333333},""T2_ema50_slope"":{""value"":-0.032531216339392315,""score"":44.57813061010128},""T3_high_proximity"":{""value"":0.9308076602830975,""score"":65.40383014154871},""T4_rs_1m"":{""value"":0.06180136982939599,""score"":100},""T5_rs_3m"":{""value"":0.0010153290887484623,""score"":50.50766454437423},""T6_adr_healthy"":{""value"":4.4666917185066595,""score"":100.0},""_score"":59.64},""geometry"":{""sub_low_similarity"":86.6,""sub_bounce_quality"":88.3,""sub_separation_fit"":0.0,""sub_right_bottom_reaction"":87.4,""sub_base_context"":100.0,""_score"":76.75},""compression"":{""VC1_atr_ratio"":{""value"":0.3971990684228674,""score"":100},""VC2_range_contraction"":{""value"":1.0316711526689544,""score"":0},""VC3_range_pct_rank"":{""score"":61.66666666666667},""_score"":55.42},""sr_quality"":{""SR1_touches"":{""value"":2,""score"":25.0},""SR2_tightness"":{""value"":0.5949999999999989,""score"":77.83463252188936},""SR3_recency"":{""value"":235,""score"":0.0},""SR4_price_location"":{""score"":26.106920301738523},""SR5_reaction"":{""value"":2.205351619096275,""score"":100},""_score"":40.7,""_levels_found"":6,""_target_level"":115.545},""volume"":{""V1_rvol_day"":{""value"":0.23991342712231542,""score"":0},""V2_rvol_sameslot"":{""value"":0.5296707203255588,""score"":1.9780480217039227,""status"":""ok""},""V3_breakout_bar"":{""value"":0.7886866858393679,""score"":19.245779055957858},""V4_base_dryup"":{""value"":0.8896922111798581,""score"":61.03077888201419},""V5_bo_expansion"":{""value"":0.23991342712231542,""score"":0},""_score"":17.41},""readiness"":{""_distance_atr"":1.213,""BR1_atr_distance"":{""score"":19.16160096218465},""BR2_compression"":{""score"":23.841009504632122},""BR3_retest"":{""score"":50.0},""BR4_bo_age"":{""score"":50.0},""_score"":31.12},""risk"":{""R1_stop_clarity"":{""score"":39.455019338151956},""R2_stop_distance_pct"":{""value"":4.531040343501226,""score"":100.0},""R3_stop_distance_atr"":{""value"":0.9434716606596691,""score"":72.17358303298346},""R4_rr_potential"":{""value"":3.2495928137801546,""score"":100.0},""_score"":74.64},""market"":{""M1_spy_regime"":{""score"":100.0},""M3_earnings_risk"":{""value"":null,""score"":80.0},""M4_vix"":{""value"":null,""score"":60.0},""_score"":84.0},""liquidity"":{""L1_price"":{""value"":111.79,""score"":100.0},""L2_dollar_vol"":{""value"":22794947.06615126,""score"":67.89192940157527},""L3_spread_proxy"":{""value"":0.02947490831022454,""score"":70.52509168977545},""L4_volume_zscore"":{""value"":-1.7902217547831265,""score"":100.0},""_score"":84.21},""pattern_structure"":{""left_low"":108.35,""left_idx"":22,""right_low"":109.08,""right_idx"":70,""separation_bars"":48,""structural_low"":108.35,""current_price"":112.59,""neckline_distance_pct"":0.050714983568700536,""base_bars"":48},""pattern_geometry_features"":{""low_similarity_pct"":0.006714804764751911,""bounce_pct"":0.09183202584217816,""right_bottom_reaction"":0.8736934492938628,""atr_pct"":0.04802518753274637},""_schema_version"":""1.0""}",,,,,,,,,,
20260522T181904Z-97bb42,2026-05-22T18:19:04.835948+00:00,SAIL,double_bottom,setup,56.57,77.5,73.6,50.2,50.6,8.4,40.4,33.0,84.0,81.9,11.62,18.41,4.02,7.09,1.09,3.23,1.98,5.04,4.09,False,,15.7,15.09,13.1596,16.82,"{""trend"":{""T1_ema_stack"":{""value"":[true,true,false],""score"":66.66666666666666},""T2_ema50_slope"":{""value"":-0.11260399661492217,""score"":31.232667230846307},""T3_high_proximity"":{""value"":0.9943001899936669,""score"":97.15009499683342},""T4_rs_1m"":{""value"":0.297077490018516,""score"":100},""T5_rs_3m"":{""value"":0.12533724153172465,""score"":100},""T6_adr_healthy"":{""value"":5.747597110299623,""score"":100.0},""_score"":77.49},""geometry"":{""sub_low_similarity"":20.1,""sub_bounce_quality"":100,""sub_separation_fit"":100.0,""sub_right_bottom_reaction"":83.9,""sub_base_context"":100.0,""_score"":73.62},""compression"":{""VC1_atr_ratio"":{""value"":0.5988645315078768,""score"":100},""VC2_range_contraction"":{""value"":1.0634662035210236,""score"":0},""VC3_range_pct_rank"":{""score"":40.833333333333336},""_score"":50.21},""sr_quality"":{""SR1_touches"":{""value"":2,""score"":25.0},""SR2_tightness"":{""value"":0.18395000000000117,""score"":55.45658171251626},""SR3_recency"":{""value"":250,""score"":0.0},""SR4_price_location"":{""score"":79.33780145500367},""SR5_reaction"":{""value"":4.674758499018428,""score"":100},""_score"":50.65,""_levels_found"":6,""_target_level"":16.2411},""volume"":{""V1_rvol_day"":{""value"":0.46822966445489145,""score"":0},""V2_rvol_sameslot"":{""value"":0.8147325211393999,""score"":20.982168075959994,""status"":""ok""},""V3_breakout_bar"":{""value"":0.7300697959884398,""score"":15.337986399229319},""V4_base_dryup"":{""value"":1.4804892691740912,""score"":1.9510730825908809},""V5_bo_expansion"":{""value"":0.46822966445489145,""score"":0},""_score"":8.42},""readiness"":{""_distance_atr"":-0.739,""BR1_atr_distance"":{""score"":45.228874609749994},""BR2_compression"":{""score"":19.096086903721574},""BR3_retest"":{""score"":50.0},""BR4_bo_age"":{""score"":50.0},""_score"":40.37},""risk"":{""R1_stop_clarity"":{""score"":51.47322084908024},""R2_stop_distance_pct"":{""value"":16.180891719745226,""score"":0.0},""R3_stop_distance_atr"":{""value"":3.075784175523864,""score"":100.0},""R4_rr_potential"":{""value"":0.440875452684617,""score"":0.0},""_score"":33.02},""market"":{""M1_spy_regime"":{""score"":100.0},""M3_earnings_risk"":{""value"":null,""score"":80.0},""M4_vix"":{""value"":null,""score"":60.0},""_score"":84.0},""liquidity"":{""L1_price"":{""value"":15.7,""score"":100.0},""L2_dollar_vol"":{""value"":23160265.836579498,""score"":68.23717699866152},""L3_spread_proxy"":{""value"":0.05431210191082806,""score"":45.68789808917194},""L4_volume_zscore"":{""value"":-1.1719768657938485,""score"":100.0},""_score"":81.86},""pattern_structure"":{""left_low"":13.36,""left_idx"":52,""right_low"":13.9047,""right_idx"":64,""separation_bars"":12,""structural_low"":13.36,""current_price"":15.81,""neckline_distance_pct"":-0.04554079696394691,""base_bars"":12},""pattern_geometry_features"":{""low_similarity_pct"":0.03995642717506524,""bounce_pct"":0.1294910179640719,""right_bottom_reaction"":0.8385921066333445,""atr_pct"":0.05260737033666971},""_schema_version"":""1.0""}",,,,,,,,,,
20260522T181904Z-97bb42,2026-05-22T18:19:04.835948+00:00,APP,vcp,absent,55.78,72.5,38.0,63.5,62.1,36.5,55.9,35.6,84.0,97.0,10.87,9.5,7.62,7.46,4.74,3.91,1.78,5.04,4.85,False,,481.617,491.99,423.7962,496.74,"{""trend"":{""T1_ema_stack"":{""value"":[true,true,false],""score"":66.66666666666666},""T2_ema50_slope"":{""value"":0.1479551120489526,""score"":74.6591853414921},""T3_high_proximity"":{""value"":0.931146685227075,""score"":65.57334261353748},""T4_rs_1m"":{""value"":0.005228292865905759,""score"":55.22829286590576},""T5_rs_3m"":{""value"":0.16984606984679362,""score"":100},""T6_adr_healthy"":{""value"":5.7507119366340955,""score"":100.0},""_score"":72.48},""geometry"":{""sub_contraction_count"":100.0,""sub_reduction_rate"":4.9,""sub_pivot_tightness"":0,""sub_volume_dryup"":11.9,""sub_base_depth"":0.0,""sub_base_duration"":100.0,""_score"":38.01},""compression"":{""VC1_atr_ratio"":{""value"":0.5480466756507414,""score"":100},""VC2_range_contraction"":{""value"":1.0505402896823803,""score"":0},""VC3_range_pct_rank"":{""score"":94.16666666666667},""_score"":63.54},""sr_quality"":{""SR1_touches"":{""value"":3,""score"":50.0},""SR2_tightness"":{""value"":7.756145950148183,""score"":50.46556569820729},""SR3_recency"":{""value"":248,""score"":0.0},""SR4_price_location"":{""score"":98.33789847893242},""SR5_reaction"":{""value"":3.086051291759661,""score"":100},""_score"":62.15,""_levels_found"":6,""_target_level"":482.33},""volume"":{""V1_rvol_day"":{""value"":0.47258590839338777,""score"":0},""V2_rvol_sameslot"":{""value"":1.1145343216035597,""score"":40.96895477357065,""status"":""ok""},""V3_breakout_bar"":{""value"":1.1900251320238557,""score"":46.00167546825705},""V4_base_dryup"":{""value"":0.6607554006094299,""score"":83.924459939057},""V5_bo_expansion"":{""value"":0.47258590839338777,""score"":0},""_score"":36.48},""readiness"":{""_distance_atr"":0.331,""BR1_atr_distance"":{""score"":77.9176973411355},""BR2_compression"":{""score"":28.812862386807602},""BR3_retest"":{""score"":50.0},""BR4_bo_age"":{""score"":50.0},""_score"":55.87},""risk"":{""R1_stop_clarity"":{""score"":58.78328522568767},""R2_stop_distance_pct"":{""value"":12.005545900580758,""score"":0.0},""R3_stop_distance_atr"":{""value"":1.84635394986389,""score"":100.0},""R4_rr_potential"":{""value"":0.2615497031774922,""score"":0.0},""_score"":35.57},""market"":{""M1_spy_regime"":{""score"":100.0},""M3_earnings_risk"":{""value"":null,""score"":80.0},""M4_vix"":{""value"":null,""score"":60.0},""_score"":84.0},""liquidity"":{""L1_price"":{""value"":481.617,""score"":100.0},""L2_dollar_vol"":{""value"":1035332828.5047168,""score"":100.0},""L3_spread_proxy"":{""value"":0.029982330357940016,""score"":70.01766964205999},""L4_volume_zscore"":{""value"":-0.9419673191827739,""score"":100.0},""_score"":97.0},""pattern_structure"":{""n_contractions"":5,""contractions_pct"":[15.71,20.06,22.49,18.88,12.55],""descending_strict"":false,""final_low"":430.25,""final_pivot"":491.99,""structural_low"":430.25,""dry_up_ratio"":0.9404714387180014,""current_price"":481.617,""neckline_distance_pct"":0.02153786099743155,""base_bars"":47},""pattern_geometry_features"":{""contraction_count"":5.0,""first_contraction_pct"":0.1570802298850575,""last_contraction_pct"":0.1254903554950304,""dry_up_ratio"":0.9404714387180014,""near_monotone"":0.0,""base_depth_pct"":0.010919540229885057},""_schema_version"":""1.0""}",,,,,,,,,,
20260522T181904Z-97bb42,2026-05-22T18:19:04.835948+00:00,TMC,double_bottom,setup,55.29,37.9,67.3,67.0,66.0,32.1,33.6,37.6,84.0,80.6,5.69,16.83,5.36,9.23,4.17,2.69,2.26,5.04,4.03,False,,5.545,5.14,4.7674,5.44,"{""trend"":{""T1_ema_stack"":{""value"":[true,false,false],""score"":33.33333333333333},""T2_ema50_slope"":{""value"":0.029232540823683362,""score"":54.87209013728056},""T3_high_proximity"":{""value"":0.8401515151515152,""score"":20.07575757575758},""T4_rs_1m"":{""value"":0.0030010818155321584,""score"":53.00108181553216},""T5_rs_3m"":{""value"":-0.181993510887562,""score"":0},""T6_adr_healthy"":{""value"":6.61702746921825,""score"":100.0},""_score"":37.92},""geometry"":{""sub_low_similarity"":63.2,""sub_bounce_quality"":45.7,""sub_separation_fit"":73.3,""sub_right_bottom_reaction"":54.8,""sub_base_context"":100.0,""_score"":67.31},""compression"":{""VC1_atr_ratio"":{""value"":0.4468092711647172,""score"":100},""VC2_range_contraction"":{""value"":0.8808422881331026,""score"":19.8596186444829},""VC3_range_pct_rank"":{""score"":80.0},""_score"":66.95},""sr_quality"":{""SR1_touches"":{""value"":3,""score"":50.0},""SR2_tightness"":{""value"":0.03681787005729081,""score"":82.03724692714638},""SR3_recency"":{""value"":279,""score"":0.0},""SR4_price_location"":{""score"":94.6261682242991},""SR5_reaction"":{""value"":2.345896278742892,""score"":100},""_score"":65.96,""_levels_found"":6,""_target_level"":5.5833},""volume"":{""V1_rvol_day"":{""value"":0.6627154856099373,""score"":10.847699040662489},""V2_rvol_sameslot"":{""value"":1.169091539477891,""score"":44.60610263185939,""status"":""ok""},""V3_breakout_bar"":{""value"":0.8866867501635773,""score"":25.77911667757182},""V4_base_dryup"":{""value"":0.7734439913877762,""score"":72.65560086122238},""V5_bo_expansion"":{""value"":0.6627154856099375,""score"":0},""_score"":32.07},""readiness"":{""_distance_atr"":-0.988,""BR1_atr_distance"":{""score"":40.24080430729556},""BR2_compression"":{""score"":0},""BR3_retest"":{""score"":50.0},""BR4_bo_age"":{""score"":50.0},""_score"":33.6},""risk"":{""R1_stop_clarity"":{""score"":64.57981216567036},""R2_stop_distance_pct"":{""value"":14.023444544634817,""score"":0.0},""R3_stop_distance_atr"":{""value"":1.8968827864996263,""score"":100.0},""R4_rr_potential"":{""value"":-0.13503086419753133,""score"":0.0},""_score"":37.6},""market"":{""M1_spy_regime"":{""score"":100.0},""M3_earnings_risk"":{""value"":null,""score"":80.0},""M4_vix"":{""value"":null,""score"":60.0},""_score"":84.0},""liquidity"":{""L1_price"":{""value"":5.545,""score"":97.7725},""L2_dollar_vol"":{""value"":20645784.933236454,""score"":65.74156994952362},""L3_spread_proxy"":{""value"":0.05139765554553655,""score"":48.602344454463456},""L4_volume_zscore"":{""value"":-0.7969511644508027,""score"":100.0},""_score"":80.6},""pattern_structure"":{""left_low"":4.84,""left_idx"":58,""right_low"":4.93,""right_idx"":64,""separation_bars"":6,""structural_low"":4.84,""current_price"":5.565,""neckline_distance_pct"":-0.07637017070979348,""base_bars"":6},""pattern_geometry_features"":{""low_similarity_pct"":0.01842374616171952,""bounce_pct"":0.06198347107438013,""right_bottom_reaction"":0.5476190476190488,""atr_pct"":0.07392889346901972},""_schema_version"":""1.0""}",,,,,,,,,,
20260522T181904Z-97bb42,2026-05-22T18:19:04.835948+00:00,FROG,vcp,setup,55.18,100.0,37.4,64.2,31.9,23.4,68.0,35.0,84.0,94.5,15.0,9.34,7.71,3.83,3.04,4.76,1.75,5.04,4.72,False,,73.5,72.06,61.0799,61.895,"{""trend"":{""T1_ema_stack"":{""value"":[true,true,true],""score"":100.0},""T2_ema50_slope"":{""value"":0.6609658576805683,""score"":100},""T3_high_proximity"":{""value"":1.0,""score"":99.99999999999997},""T4_rs_1m"":{""value"":0.6163892437649532,""score"":100},""T5_rs_3m"":{""value"":1.019605341825984,""score"":100},""T6_adr_healthy"":{""value"":5.4710168166025515,""score"":100.0},""_score"":100.0},""geometry"":{""sub_contraction_count"":100.0,""sub_reduction_rate"":0,""sub_pivot_tightness"":0,""sub_volume_dryup"":15.7,""sub_base_depth"":0.0,""sub_base_duration"":100.0,""_score"":37.36},""compression"":{""VC1_atr_ratio"":{""value"":0.6144517561831032,""score"":96.3870609542242},""VC2_range_contraction"":{""value"":0.9530797614895843,""score"":7.820039751735952},""VC3_range_pct_rank"":{""score"":91.66666666666666},""_score"":64.21},""sr_quality"":{""SR1_touches"":{""value"":2,""score"":25.0},""SR2_tightness"":{""value"":1.024950000000004,""score"":52.640307869518345},""SR3_recency"":{""value"":329,""score"":0.0},""SR4_price_location"":{""score"":30.0},""SR5_reaction"":{""value"":1.2036764135577431,""score"":60.183820677887155},""_score"":31.92,""_levels_found"":6,""_target_level"":69.4049},""volume"":{""V1_rvol_day"":{""value"":0.3462836316875742,""score"":0},""V2_rvol_sameslot"":{""value"":0.777471423802764,""score"":18.49809492018427,""status"":""ok""},""V3_breakout_bar"":{""value"":1.0038087982668877,""score"":33.587253217792515},""V4_base_dryup"":{""value"":0.9371866000158757,""score"":56.28133999841243},""V5_bo_expansion"":{""value"":0.3462836316875743,""score"":0},""_score"":23.35},""readiness"":{""_distance_atr"":-0.333,""BR1_atr_distance"":{""score"":100.0},""BR2_compression"":{""score"":42.024566391807625},""BR3_retest"":{""score"":50.0},""BR4_bo_age"":{""score"":50.0},""_score"":68.01},""risk"":{""R1_stop_clarity"":{""score"":57.0207155127887},""R2_stop_distance_pct"":{""value"":16.89816326530612,""score"":0.0},""R3_stop_distance_atr"":{""value"":2.869478902455727,""score"":100.0},""R4_rr_potential"":{""value"":-0.9343687475594092,""score"":0.0},""_score"":34.96},""market"":{""M1_spy_regime"":{""score"":100.0},""M3_earnings_risk"":{""value"":null,""score"":80.0},""M4_vix"":{""value"":null,""score"":60.0},""_score"":84.0},""liquidity"":{""L1_price"":{""value"":73.5,""score"":100.0},""L2_dollar_vol"":{""value"":72895109.9230725,""score"":93.13491975975464},""L3_spread_proxy"":{""value"":0.027619047619047443,""score"":72.38095238095255},""L4_volume_zscore"":{""value"":-1.0646608488982239,""score"":100.0},""_score"":94.49},""pattern_structure"":{""n_contractions"":5,""contractions_pct"":[34.32,4.24,20.96,9.72,13.95],""descending_strict"":false,""final_low"":62.01,""final_pivot"":72.06,""structural_low"":62.01,""dry_up_ratio"":0.9213631061347378,""current_price"":73.5,""neckline_distance_pct"":-0.019591836734693845,""base_bars"":58},""pattern_geometry_features"":{""contraction_count"":5.0,""first_contraction_pct"":0.3432346417205131,""last_contraction_pct"":0.13946711074104917,""dry_up_ratio"":0.9213631061347378,""near_monotone"":0.0,""base_depth_pct"":-0.19606519432925062},""_schema_version"":""1.0""}",,,,,,,,,,
20260522T181904Z-97bb42,2026-05-22T18:19:04.835948+00:00,V,breakout_retest_hold,setup,55.0,67.8,54.4,60.2,50.2,24.8,61.4,41.5,84.0,98.7,9.49,11.97,3.61,7.03,3.23,11.05,2.08,4.2,2.96,True,risk_unclear,329.96,329.01,323.5519,333.3898,"{""trend"":{""T1_ema_stack"":{""value"":[true,true,false],""score"":66.66666666666666},""T2_ema50_slope"":{""value"":0.10547656872813074,""score"":67.57942812135512},""T3_high_proximity"":{""value"":0.9853670190527384,""score"":92.68350952636916},""T4_rs_1m"":{""value"":0.013041543191871563,""score"":63.04154319187156},""T5_rs_3m"":{""value"":-0.019031215977231897,""score"":40.48439201138405},""T6_adr_healthy"":{""value"":1.7222911131905412,""score"":100.0},""_score"":67.77},""geometry"":{""sub_retest_depth"":68.1,""sub_retest_timing"":20.0,""sub_retest_freshness"":0.0,""sub_hold_quality"":100.0,""_score"":54.43},""compression"":{""VC1_atr_ratio"":{""value"":0.44860807742047193,""score"":100},""VC2_range_contraction"":{""value"":0.9710023719749199,""score"":4.832938004180018},""VC3_range_pct_rank"":{""score"":74.16666666666667},""_score"":60.23},""sr_quality"":{""SR1_touches"":{""value"":2,""score"":25.0},""SR2_tightness"":{""value"":0.5300000000000011,""score"":81.89358454561311},""SR3_recency"":{""value"":228,""score"":0.0},""SR4_price_location"":{""score"":61.818181818181614},""SR5_reaction"":{""value"":2.686923727334948,""score"":100},""_score"":50.24,""_levels_found"":6,""_target_level"":334.64},""volume"":{""V1_rvol_day"":{""value"":0.38839082083617177,""score"":0},""V2_rvol_sameslot"":{""value"":1.0318401277286775,""score"":35.456008515245166,""status"":""ok""},""V3_breakout_bar"":{""value"":0.8972194646258841,""score"":26.481297641725604},""V4_base_dryup"":{""value"":0.9443605811762519,""score"":55.56394188237481},""V5_bo_expansion"":{""value"":0.38839082083617177,""score"":0},""_score"":24.82},""readiness"":{""_distance_atr"":-0.162,""BR1_atr_distance"":{""score"":100.0},""BR2_compression"":{""score"":2.6006070949086135},""BR3_retest"":{""score"":81.29658528133908},""BR4_bo_age"":{""score"":30.0},""_score"":61.41},""risk"":{""R1_stop_clarity"":{""score"":0},""R2_stop_distance_pct"":{""value"":1.9420841920232548,""score"":98.55210480058136},""R3_stop_distance_atr"":{""value"":1.0946013111289679,""score"":79.7300655564484},""R4_rr_potential"":{""value"":0.5352287674616834,""score"":0.0},""_score"":41.53},""market"":{""M1_spy_regime"":{""score"":100.0},""M3_earnings_risk"":{""value"":null,""score"":80.0},""M4_vix"":{""value"":null,""score"":60.0},""_score"":84.0},""liquidity"":{""L1_price"":{""value"":329.96,""score"":100.0},""L2_dollar_vol"":{""value"":999925742.5561119,""score"":100.0},""L3_spread_proxy"":{""value"":0.013031882652442756,""score"":86.96811734755724},""L4_volume_zscore"":{""value"":-1.566051516102056,""score"":100.0},""_score"":98.7},""pattern_structure"":{""level"":329.01,""level_idx"":46,""breakout_idx"":52,""bo_peak_idx"":58,""bo_peak_price"":335.17,""retest_idx"":64,""retest_low"":326.8201,""structural_low"":326.8201,""current_price"":330.39,""neckline_distance_pct"":-0.0041768818668845775,""base_bars"":33,""bars_since_breakout"":27},""pattern_geometry_features"":{""retest_depth_atr"":1.2231686541737503,""bars_breakout_to_retest"":12.0,""bars_since_retest"":15.0,""current_above_level_atr"":0.7707990057809928,""bo_peak_excess_pct"":0.018722835172183292,""atr_pct"":0.017742388687806303},""_schema_version"":""1.0""}",,,,,,,,,,
20260522T181904Z-97bb42,2026-05-22T18:19:04.835948+00:00,TTWO,cup_with_handle,forming,55.0,79.4,55.1,38.5,36.8,66.0,17.5,71.4,84.0,82.5,11.12,16.52,3.08,4.42,8.57,1.4,3.57,4.2,4.12,True,risk_unclear,228.15,246.2499,217.2516,302.8599,"{""trend"":{""T1_ema_stack"":{""value"":[true,true,false],""score"":66.66666666666666},""T2_ema50_slope"":{""value"":0.2399644833489987,""score"":89.99408055816644},""T3_high_proximity"":{""value"":0.9410575812572183,""score"":70.52879062860912},""T4_rs_1m"":{""value"":0.031741139785703476,""score"":81.74113978570347},""T5_rs_3m"":{""value"":0.07096810661696318,""score"":85.48405330848159},""T6_adr_healthy"":{""value"":3.233929304887094,""score"":100.0},""_score"":79.42},""geometry"":{""sub_cup_depth"":100.0,""sub_cup_duration"":0.0,""sub_rim_symmetry"":83.5,""sub_handle_shallowness"":13.1,""sub_handle_proportion"":75.0,""sub_u_shape"":55.0,""_score"":55.07},""compression"":{""VC1_atr_ratio"":{""value"":0.6172559278232848,""score"":95.68601804417881},""VC2_range_contraction"":{""value"":1.4573832728526455,""score"":0},""VC3_range_pct_rank"":{""score"":0.8333333333333304},""_score"":38.48},""sr_quality"":{""SR1_touches"":{""value"":2,""score"":25.0},""SR2_tightness"":{""value"":0.9549999999999983,""score"":77.91522717831103},""SR3_recency"":{""value"":332,""score"":0.0},""SR4_price_location"":{""score"":34.85187951207367},""SR5_reaction"":{""value"":1.1903808177973212,""score"":59.51904088986606},""_score"":36.83,""_levels_found"":6,""_target_level"":241.235},""volume"":{""V1_rvol_day"":{""value"":2.4618062939471104,""score"":100},""V2_rvol_sameslot"":{""value"":4.307506220491072,""score"":100,""status"":""ok""},""V3_breakout_bar"":{""value"":0.9597292049424134,""score"":30.64861366282756},""V4_base_dryup"":{""value"":1.316756024537625,""score"":18.324397546237492},""V5_bo_expansion"":{""value"":2.461806293947111,""score"":97.4537529298074},""_score"":65.95},""readiness"":{""_distance_atr"":2.093,""BR1_atr_distance"":{""score"":0},""BR2_compression"":{""score"":0},""BR3_retest"":{""score"":50.0},""BR4_bo_age"":{""score"":50.0},""_score"":17.5},""risk"":{""R1_stop_clarity"":{""score"":23.491871829030345},""R2_stop_distance_pct"":{""value"":4.776857330703488,""score"":100.0},""R3_stop_distance_atr"":{""value"":1.2601501995806055,""score"":88.00750997903027},""R4_rr_potential"":{""value"":6.85512552301255,""score"":100.0},""_score"":71.42},""market"":{""M1_spy_regime"":{""score"":100.0},""M3_earnings_risk"":{""value"":null,""score"":80.0},""M4_vix"":{""value"":null,""score"":60.0},""_score"":84.0},""liquidity"":{""L1_price"":{""value"":228.15,""score"":100.0},""L2_dollar_vol"":{""value"":1169007530.7396154,""score"":100.0},""L3_spread_proxy"":{""value"":0.11588866973482356,""score"":0},""L4_volume_zscore"":{""value"":2.739966764586453,""score"":70.0},""_score"":82.5},""pattern_structure"":{""left_rim"":244.24,""left_rim_idx"":53,""cup_bottom"":187.63,""cup_bottom_idx"":140,""right_rim"":246.2499,""right_rim_idx"":173,""handle_low"":220.56,""handle_bars"":6,""cup_bars"":120,""structural_low"":220.56,""current_price"":228.15,""neckline_distance_pct"":0.0793333333333333,""base_bars"":126},""pattern_geometry_features"":{""cup_depth_pct"":0.23178021618080583,""rim_symmetry_pct"":0.00822920078611197,""handle_depth_pct"":0.10432450937035911,""handle_to_cup_ratio"":0.05,""cup_duration_bars"":120.0,""atr_pct"":0.03790704736858582,""u_shape_score"":0.275},""_schema_version"":""1.0""}",,,,,,,,,,
20260522T181904Z-97bb42,2026-05-22T18:19:04.835948+00:00,TTWO,ascending_triangle,invalidated,55.0,79.4,61.8,38.5,36.8,78.8,17.5,34.2,84.0,82.5,11.91,17.3,3.08,5.16,9.46,1.4,1.37,5.04,4.12,True,risk_unclear,228.15,247.0,228.4806,262.04,"{""trend"":{""T1_ema_stack"":{""value"":[true,true,false],""score"":66.66666666666666},""T2_ema50_slope"":{""value"":0.2399644833489987,""score"":89.99408055816644},""T3_high_proximity"":{""value"":0.9410575812572183,""score"":70.52879062860912},""T4_rs_1m"":{""value"":0.031741139785703476,""score"":81.74113978570347},""T5_rs_3m"":{""value"":0.07096810661696318,""score"":85.48405330848159},""T6_adr_healthy"":{""value"":3.233929304887094,""score"":100.0},""_score"":79.42},""geometry"":{""sub_flat_top_quality"":100,""sub_hl_slope"":56.0,""sub_compression"":0,""sub_duration"":100.0,""_score"":61.8},""compression"":{""VC1_atr_ratio"":{""value"":0.6172559278232848,""score"":95.68601804417881},""VC2_range_contraction"":{""value"":1.4573832728526455,""score"":0},""VC3_range_pct_rank"":{""score"":0.8333333333333304},""_score"":38.48},""sr_quality"":{""SR1_touches"":{""value"":2,""score"":25.0},""SR2_tightness"":{""value"":0.9549999999999983,""score"":77.91522717831103},""SR3_recency"":{""value"":332,""score"":0.0},""SR4_price_location"":{""score"":34.85187951207367},""SR5_reaction"":{""value"":1.1903808177973212,""score"":59.51904088986606},""_score"":36.83,""_levels_found"":6,""_target_level"":241.235},""volume"":{""V1_rvol_day"":{""value"":2.4618062939471104,""score"":100},""V2_rvol_sameslot"":{""value"":4.307506220491072,""score"":100,""status"":""ok""},""V3_breakout_bar"":{""value"":0.9597292049424134,""score"":30.64861366282756},""V4_base_dryup"":{""value"":0.6741866758298887,""score"":82.58133241701114},""V5_bo_expansion"":{""value"":2.461806293947111,""score"":97.4537529298074},""_score"":78.8},""readiness"":{""_distance_atr"":2.18,""BR1_atr_distance"":{""score"":0},""BR2_compression"":{""score"":0},""BR3_retest"":{""score"":50.0},""BR4_bo_age"":{""score"":50.0},""_score"":17.5},""risk"":{""R1_stop_clarity"":{""score"":19.537425596036982},""R2_stop_distance_pct"":{""value"":-0.1449046679815928,""score"":46.37738330046018},""R3_stop_distance_atr"":{""value"":-0.03822631358560457,""score"":23.08868432071978},""R4_rr_potential"":{""value"":null,""score"":50.0},""_score"":34.21},""market"":{""M1_spy_regime"":{""score"":100.0},""M3_earnings_risk"":{""value"":null,""score"":80.0},""M4_vix"":{""value"":null,""score"":60.0},""_score"":84.0},""liquidity"":{""L1_price"":{""value"":228.15,""score"":100.0},""L2_dollar_vol"":{""value"":1169007530.7396154,""score"":100.0},""L3_spread_proxy"":{""value"":0.11588866973482356,""score"":0},""L4_volume_zscore"":{""value"":2.739966764586453,""score"":70.0},""_score"":82.5},""pattern_structure"":{""top"":247.0,""top_touches"":4,""low_slope_per_bar"":0.3894708588957062,""lowest_low"":231.96,""structural_low"":231.96,""current_price"":230.0,""neckline_distance_pct"":0.07391304347826087,""base_bars"":41},""pattern_geometry_features"":{""top_touches"":4.0,""low_slope"":0.3894708588957062,""compression"":-0.5315830755199114,""atr_pct"":0.03790704736858582},""_schema_version"":""1.0""}",,,,,,,,,,
20260522T181904Z-97bb42,2026-05-22T18:19:04.835948+00:00,TTWO,vcp,breakout_confirmed,55.0,79.4,57.3,38.5,36.8,74.1,35.1,37.6,84.0,82.5,11.91,14.31,4.62,4.42,9.64,2.46,1.88,5.04,4.12,True,risk_unclear,228.15,221.22,203.3532,263.32,"{""trend"":{""T1_ema_stack"":{""value"":[true,true,false],""score"":66.66666666666666},""T2_ema50_slope"":{""value"":0.2399644833489987,""score"":89.99408055816644},""T3_high_proximity"":{""value"":0.9410575812572183,""score"":70.52879062860912},""T4_rs_1m"":{""value"":0.031741139785703476,""score"":81.74113978570347},""T5_rs_3m"":{""value"":0.07096810661696318,""score"":85.48405330848159},""T6_adr_healthy"":{""value"":3.233929304887094,""score"":100.0},""_score"":79.42},""geometry"":{""sub_contraction_count"":100.0,""sub_reduction_rate"":20.6,""sub_pivot_tightness"":47.4,""sub_volume_dryup"":0,""sub_base_depth"":100.0,""sub_base_duration"":100.0,""_score"":57.26},""compression"":{""VC1_atr_ratio"":{""value"":0.6172559278232848,""score"":95.68601804417881},""VC2_range_contraction"":{""value"":1.4573832728526455,""score"":0},""VC3_range_pct_rank"":{""score"":0.8333333333333304},""_score"":38.48},""sr_quality"":{""SR1_touches"":{""value"":2,""score"":25.0},""SR2_tightness"":{""value"":0.9549999999999983,""score"":77.91522717831103},""SR3_recency"":{""value"":332,""score"":0.0},""SR4_price_location"":{""score"":34.85187951207367},""SR5_reaction"":{""value"":1.1903808177973212,""score"":59.51904088986606},""_score"":36.83,""_levels_found"":6,""_target_level"":241.235},""volume"":{""V1_rvol_day"":{""value"":2.4618062939471104,""score"":100},""V2_rvol_sameslot"":{""value"":4.307506220491072,""score"":100,""status"":""ok""},""V3_breakout_bar"":{""value"":0.9597292049424134,""score"":30.64861366282756},""V4_base_dryup"":{""value"":0.9073161646989432,""score"":59.26838353010568},""V5_bo_expansion"":{""value"":2.461806293947111,""score"":97.4537529298074},""_score"":74.13},""readiness"":{""_distance_atr"":-0.801,""BR1_atr_distance"":{""score"":43.97408631892095},""BR2_compression"":{""score"":0},""BR3_retest"":{""score"":50.0},""BR4_bo_age"":{""score"":50.0},""_score"":35.09},""risk"":{""R1_stop_clarity"":{""score"":28.386366245480914},""R2_stop_distance_pct"":{""value"":10.86861713784792,""score"":28.284571553801996},""R3_stop_distance_atr"":{""value"":2.8671758663152747,""score"":100.0},""R4_rr_potential"":{""value"":1.4183310312843418,""score"":20.91655156421709},""_score"":37.6},""market"":{""M1_spy_regime"":{""score"":100.0},""M3_earnings_risk"":{""value"":null,""score"":80.0},""M4_vix"":{""value"":null,""score"":60.0},""_score"":84.0},""liquidity"":{""L1_price"":{""value"":228.15,""score"":100.0},""L2_dollar_vol"":{""value"":1169007530.7396154,""score"":100.0},""L3_spread_proxy"":{""value"":0.11588866973482356,""score"":0},""L4_volume_zscore"":{""value"":2.739966764586453,""score"":70.0},""_score"":82.5},""pattern_structure"":{""n_contractions"":5,""contractions_pct"":[23.78,11.65,5.85,11.91,6.68],""descending_strict"":false,""final_low"":206.45,""final_pivot"":221.22,""structural_low"":206.45,""dry_up_ratio"":1.7720088189166252,""current_price"":228.15,""neckline_distance_pct"":-0.030374753451676558,""base_bars"":59},""pattern_geometry_features"":{""contraction_count"":5.0,""first_contraction_pct"":0.23777911888955952,""last_contraction_pct"":0.0667661151794594,""dry_up_ratio"":1.7720088189166252,""near_monotone"":0.0,""base_depth_pct"":0.16938241802454243},""_schema_version"":""1.0""}",,,,,,,,,,
20260522T181904Z-97bb42,2026-05-22T18:19:04.835948+00:00,XEL,ascending_triangle,setup,55.0,55.5,56.5,69.5,54.6,21.7,57.5,45.0,84.0,98.8,8.33,15.82,5.56,7.65,2.61,4.6,1.8,5.04,4.94,True,risk_unclear,80.975,80.435,76.372,83.335,"{""trend"":{""T1_ema_stack"":{""value"":[true,true,true],""score"":100.0},""T2_ema50_slope"":{""value"":0.012664928374019915,""score"":52.11082139566999},""T3_high_proximity"":{""value"":0.9650220474317721,""score"":82.51102371588604},""T4_rs_1m"":{""value"":-0.03639526159219053,""score"":13.60473840780947},""T5_rs_3m"":{""value"":-0.12399687298285289,""score"":0},""T6_adr_healthy"":{""value"":1.861737258907515,""score"":100.0},""_score"":55.52},""geometry"":{""sub_flat_top_quality"":100,""sub_hl_slope"":15.0,""sub_compression"":28.0,""sub_duration"":100.0,""_score"":56.5},""compression"":{""VC1_atr_ratio"":{""value"":0.42115749112372663,""score"":100},""VC2_range_contraction"":{""value"":0.8412378702711614,""score"":26.46035495480644},""VC3_range_pct_rank"":{""score"":80.83333333333333},""_score"":69.47},""sr_quality"":{""SR1_touches"":{""value"":3,""score"":50.0},""SR2_tightness"":{""value"":0.32714251057027344,""score"":53.08583715253439},""SR3_recency"":{""value"":249,""score"":0.0},""SR4_price_location"":{""score"":66.73783091374887},""SR5_reaction"":{""value"":3.3246265471617593,""score"":100},""_score"":54.65,""_levels_found"":7,""_target_level"":82.2733},""volume"":{""V1_rvol_day"":{""value"":0.29309872071449933,""score"":0},""V2_rvol_sameslot"":{""value"":0.8649806811585153,""score"":24.33204541056769,""status"":""ok""},""V3_breakout_bar"":{""value"":0.9031910393551625,""score"":26.8794026236775},""V4_base_dryup"":{""value"":0.9930176165801362,""score"":50.69823834198638},""V5_bo_expansion"":{""value"":0.2930987207144994,""score"":0},""_score"":21.73},""readiness"":{""_distance_atr"":-0.387,""BR1_atr_distance"":{""score"":100.0},""BR2_compression"":{""score"":0},""BR3_retest"":{""score"":50.0},""BR4_bo_age"":{""score"":50.0},""_score"":57.5},""risk"":{""R1_stop_clarity"":{""score"":0},""R2_stop_distance_pct"":{""value"":5.6845013893176946,""score"":100.0},""R3_stop_distance_atr"":{""value"":3.3005044814340616,""score"":100.0},""R4_rr_potential"":{""value"":0.5127063181277557,""score"":0.0},""_score"":45.0},""market"":{""M1_spy_regime"":{""score"":100.0},""M3_earnings_risk"":{""value"":null,""score"":80.0},""M4_vix"":{""value"":null,""score"":60.0},""_score"":84.0},""liquidity"":{""L1_price"":{""value"":80.975,""score"":100.0},""L2_dollar_vol"":{""value"":122363092.5014306,""score"":100.0},""L3_spread_proxy"":{""value"":0.012472985489348453,""score"":87.52701451065155},""L4_volume_zscore"":{""value"":-1.8322569240029674,""score"":100.0},""_score"":98.75},""pattern_structure"":{""top"":80.435,""top_touches"":4,""low_slope_per_bar"":0.034825364213672355,""lowest_low"":77.535,""structural_low"":77.535,""current_price"":80.86,""neckline_distance_pct"":-0.005255998021271298,""base_bars"":41},""pattern_geometry_features"":{""top_touches"":4.0,""low_slope"":0.034825364213672355,""compression"":0.13988195874704212,""atr_pct"":0.017223128831649975},""_schema_version"":""1.0""}",,,,,,,,,,
20260522T181904Z-97bb42,2026-05-22T18:19:04.835948+00:00,XEL,double_bottom,setup,55.0,55.5,64.6,69.5,54.6,19.2,57.5,45.0,84.0,98.8,8.33,16.14,5.56,7.65,2.5,4.6,2.7,5.04,4.94,True,risk_unclear,80.975,80.435,76.5148,83.19,"{""trend"":{""T1_ema_stack"":{""value"":[true,true,true],""score"":100.0},""T2_ema50_slope"":{""value"":0.012664928374019915,""score"":52.11082139566999},""T3_high_proximity"":{""value"":0.9650220474317721,""score"":82.51102371588604},""T4_rs_1m"":{""value"":-0.03639526159219053,""score"":13.60473840780947},""T5_rs_3m"":{""value"":-0.12399687298285289,""score"":0},""T6_adr_healthy"":{""value"":1.861737258907515,""score"":100.0},""_score"":55.52},""geometry"":{""sub_low_similarity"":48.4,""sub_bounce_quality"":7.8,""sub_separation_fit"":100.0,""sub_right_bottom_reaction"":90.0,""sub_base_context"":100.0,""_score"":64.58},""compression"":{""VC1_atr_ratio"":{""value"":0.42115749112372663,""score"":100},""VC2_range_contraction"":{""value"":0.8412378702711614,""score"":26.46035495480644},""VC3_range_pct_rank"":{""score"":80.83333333333333},""_score"":69.47},""sr_quality"":{""SR1_touches"":{""value"":3,""score"":50.0},""SR2_tightness"":{""value"":0.32714251057027344,""score"":53.08583715253439},""SR3_recency"":{""value"":249,""score"":0.0},""SR4_price_location"":{""score"":66.73783091374887},""SR5_reaction"":{""value"":3.3246265471617593,""score"":100},""_score"":54.65,""_levels_found"":7,""_target_level"":82.2733},""volume"":{""V1_rvol_day"":{""value"":0.29309872071449933,""score"":0},""V2_rvol_sameslot"":{""value"":0.8649806811585153,""score"":24.33204541056769,""status"":""ok""},""V3_breakout_bar"":{""value"":0.9031910393551625,""score"":26.8794026236775},""V4_base_dryup"":{""value"":1.1178619951515356,""score"":38.21380048484644},""V5_bo_expansion"":{""value"":0.2930987207144994,""score"":0},""_score"":19.23},""readiness"":{""_distance_atr"":-0.387,""BR1_atr_distance"":{""score"":100.0},""BR2_compression"":{""score"":0},""BR3_retest"":{""score"":50.0},""BR4_bo_age"":{""score"":50.0},""_score"":57.5},""risk"":{""R1_stop_clarity"":{""score"":0},""R2_stop_distance_pct"":{""value"":5.508119790058644,""score"":100.0},""R3_stop_distance_atr"":{""value"":3.198094750320094,""score"":100.0},""R4_rr_potential"":{""value"":0.49661450159185916,""score"":0.0},""_score"":45.0},""market"":{""M1_spy_regime"":{""score"":100.0},""M3_earnings_risk"":{""value"":null,""score"":80.0},""M4_vix"":{""value"":null,""score"":60.0},""_score"":84.0},""liquidity"":{""L1_price"":{""value"":80.975,""score"":100.0},""L2_dollar_vol"":{""value"":122363092.5014306,""score"":100.0},""L3_spread_proxy"":{""value"":0.012472985489348453,""score"":87.52701451065155},""L4_volume_zscore"":{""value"":-1.8322569240029674,""score"":100.0},""_score"":98.75},""pattern_structure"":{""left_low"":77.68,""left_idx"":50,""right_low"":79.71,""right_idx"":75,""separation_bars"":25,""structural_low"":77.68,""current_price"":80.86,""neckline_distance_pct"":-0.005255998021271298,""base_bars"":25},""pattern_geometry_features"":{""low_similarity_pct"":0.025795793887794485,""bounce_pct"":0.03546601441812558,""right_bottom_reaction"":0.8999999999999858,""atr_pct"":0.017223128831649975},""_schema_version"":""1.0""}",,,,,,,,,,
20260522T181904Z-97bb42,2026-05-22T18:19:04.835948+00:00,TTWO,double_bottom,invalidated,55.0,79.4,69.8,38.5,36.8,62.3,17.5,34.2,84.0,82.5,11.91,17.44,3.08,5.16,8.1,1.4,2.05,5.04,4.12,True,risk_unclear,228.15,244.1299,228.4806,256.2998,"{""trend"":{""T1_ema_stack"":{""value"":[true,true,false],""score"":66.66666666666666},""T2_ema50_slope"":{""value"":0.2399644833489987,""score"":89.99408055816644},""T3_high_proximity"":{""value"":0.9410575812572183,""score"":70.52879062860912},""T4_rs_1m"":{""value"":0.031741139785703476,""score"":81.74113978570347},""T5_rs_3m"":{""value"":0.07096810661696318,""score"":85.48405330848159},""T6_adr_healthy"":{""value"":3.233929304887094,""score"":100.0},""_score"":79.42},""geometry"":{""sub_low_similarity"":76.3,""sub_bounce_quality"":32.1,""sub_separation_fit"":100.0,""sub_right_bottom_reaction"":36.4,""sub_base_context"":100.0,""_score"":69.77},""compression"":{""VC1_atr_ratio"":{""value"":0.6172559278232848,""score"":95.68601804417881},""VC2_range_contraction"":{""value"":1.4573832728526455,""score"":0},""VC3_range_pct_rank"":{""score"":0.8333333333333304},""_score"":38.48},""sr_quality"":{""SR1_touches"":{""value"":2,""score"":25.0},""SR2_tightness"":{""value"":0.9549999999999983,""score"":77.91522717831103},""SR3_recency"":{""value"":332,""score"":0.0},""SR4_price_location"":{""score"":34.85187951207367},""SR5_reaction"":{""value"":1.1903808177973212,""score"":59.51904088986606},""_score"":36.83,""_levels_found"":6,""_target_level"":241.235},""volume"":{""V1_rvol_day"":{""value"":2.4618062939471104,""score"":100},""V2_rvol_sameslot"":{""value"":4.307506220491072,""score"":100,""status"":""ok""},""V3_breakout_bar"":{""value"":0.9597292049424134,""score"":30.64861366282756},""V4_base_dryup"":{""value"":1.570675025732686,""score"":0},""V5_bo_expansion"":{""value"":2.461806293947111,""score"":97.4537529298074},""_score"":62.28},""readiness"":{""_distance_atr"":1.848,""BR1_atr_distance"":{""score"":0},""BR2_compression"":{""score"":0},""BR3_retest"":{""score"":50.0},""BR4_bo_age"":{""score"":50.0},""_score"":17.5},""risk"":{""R1_stop_clarity"":{""score"":19.537425596036982},""R2_stop_distance_pct"":{""value"":-0.1449046679815928,""score"":46.37738330046018},""R3_stop_distance_atr"":{""value"":-0.03822631358560457,""score"":23.08868432071978},""R4_rr_potential"":{""value"":null,""score"":50.0},""_score"":34.21},""market"":{""M1_spy_regime"":{""score"":100.0},""M3_earnings_risk"":{""value"":null,""score"":80.0},""M4_vix"":{""value"":null,""score"":60.0},""_score"":84.0},""liquidity"":{""L1_price"":{""value"":228.15,""score"":100.0},""L2_dollar_vol"":{""value"":1169007530.7396154,""score"":100.0},""L3_spread_proxy"":{""value"":0.11588866973482356,""score"":0},""L4_volume_zscore"":{""value"":2.739966764586453,""score"":70.0},""_score"":82.5},""pattern_structure"":{""left_low"":231.96,""left_idx"":52,""right_low"":234.73,""right_idx"":68,""separation_bars"":16,""structural_low"":231.96,""current_price"":230.0,""neckline_distance_pct"":0.06143434782608692,""base_bars"":16},""pattern_geometry_features"":{""low_similarity_pct"":0.011870835029677009,""bounce_pct"":0.0524655112950508,""right_bottom_reaction"":0.3636363636363657,""atr_pct"":0.03790704736858582},""_schema_version"":""1.0""}",,,,,,,,,,
20260522T181904Z-97bb42,2026-05-22T18:19:04.835948+00:00,HQY,double_bottom,setup,55.0,79.6,46.7,57.5,53.5,16.5,68.0,43.9,84.0,83.4,11.94,11.66,4.6,7.49,2.15,5.44,2.63,5.04,4.17,True,risk_unclear,87.785,87.36,80.4548,93.04,"{""trend"":{""T1_ema_stack"":{""value"":[true,true,false],""score"":66.66666666666666},""T2_ema50_slope"":{""value"":0.02498691004655048,""score"":54.164485007758415},""T3_high_proximity"":{""value"":1.0,""score"":99.99999999999997},""T4_rs_1m"":{""value"":0.0738624990610588,""score"":100},""T5_rs_3m"":{""value"":0.06154237345809199,""score"":80.771186729046},""T6_adr_healthy"":{""value"":3.0771077130719,""score"":100.0},""_score"":79.62},""geometry"":{""sub_low_similarity"":20.3,""sub_bounce_quality"":56.5,""sub_separation_fit"":0.0,""sub_right_bottom_reaction"":61.8,""sub_base_context"":100.0,""_score"":46.66},""compression"":{""VC1_atr_ratio"":{""value"":0.4253823881763775,""score"":100},""VC2_range_contraction"":{""value"":0.9527918869117742,""score"":7.868018848037636},""VC3_range_pct_rank"":{""score"":59.166666666666664},""_score"":57.55},""sr_quality"":{""SR1_touches"":{""value"":2,""score"":25.0},""SR2_tightness"":{""value"":0.41449999999999676,""score"":67.63497742591291},""SR3_recency"":{""value"":248,""score"":0.0},""SR4_price_location"":{""score"":83.34488975176785},""SR5_reaction"":{""value"":4.364983533046847,""score"":100},""_score"":53.48,""_levels_found"":8,""_target_level"":88.3855},""volume"":{""V1_rvol_day"":{""value"":0.2665432946076838,""score"":0},""V2_rvol_sameslot"":{""value"":0.6684270752685327,""score"":11.228471684568849,""status"":""ok""},""V3_breakout_bar"":{""value"":0.6363022828813902,""score"":9.086818858759349},""V4_base_dryup"":{""value"":0.8999314795897078,""score"":60.00685204102923},""V5_bo_expansion"":{""value"":0.2665432946076838,""score"":0},""_score"":16.52},""readiness"":{""_distance_atr"":-0.166,""BR1_atr_distance"":{""score"":100.0},""BR2_compression"":{""score"":41.80555041165921},""BR3_retest"":{""score"":50.0},""BR4_bo_age"":{""score"":50.0},""_score"":67.95},""risk"":{""R1_stop_clarity"":{""score"":4.333834360019679},""R2_stop_distance_pct"":{""value"":8.350173719883797,""score"":91.24565700290508},""R3_stop_distance_atr"":{""value"":2.8617863506945085,""score"":100.0},""R4_rr_potential"":{""value"":0.7168972197211538,""score"":0.0},""_score"":43.89},""market"":{""M1_spy_regime"":{""score"":100.0},""M3_earnings_risk"":{""value"":null,""score"":80.0},""M4_vix"":{""value"":null,""score"":60.0},""_score"":84.0},""liquidity"":{""L1_price"":{""value"":87.785,""score"":100.0},""L2_dollar_vol"":{""value"":20135986.148139615,""score"":65.1986451891215},""L3_spread_proxy"":{""value"":0.027224468872814232,""score"":72.77553112718577},""L4_volume_zscore"":{""value"":-2.1574050935548676,""score"":100.0},""_score"":83.36},""pattern_structure"":{""left_low"":81.68,""left_idx"":24,""right_low"":85.0,""right_idx"":71,""separation_bars"":47,""structural_low"":81.68,""current_price"":88.11,""neckline_distance_pct"":-0.008512087163772558,""base_bars"":47},""pattern_geometry_features"":{""low_similarity_pct"":0.03983681305495552,""bounce_pct"":0.06953966699314389,""right_bottom_reaction"":0.6180555555555569,""atr_pct"":0.029178186966533497},""_schema_version"":""1.0""}",,,,,,,,,,
20260522T181904Z-97bb42,2026-05-22T18:19:04.835948+00:00,STEP,double_bottom,absent,54.67,62.4,45.7,64.3,54.7,42.4,25.8,68.4,84.0,87.1,9.36,11.43,5.14,7.66,5.51,2.06,4.1,5.04,4.36,True,risk_unclear,53.855,56.44,52.3232,59.76,"{""trend"":{""T1_ema_stack"":{""value"":[true,true,false],""score"":66.66666666666666},""T2_ema50_slope"":{""value"":0.12058868758496805,""score"":70.09811459749467},""T3_high_proximity"":{""value"":0.9564020600248623,""score"":78.20103001243112},""T4_rs_1m"":{""value"":-0.074596867734959,""score"":0},""T5_rs_3m"":{""value"":0.13014603990020546,""score"":100},""T6_adr_healthy"":{""value"":4.054478032624865,""score"":100.0},""_score"":62.42},""geometry"":{""sub_low_similarity"":49.8,""sub_bounce_quality"":46.4,""sub_separation_fit"":0.0,""sub_right_bottom_reaction"":10.0,""sub_base_context"":100.0,""_score"":45.72},""compression"":{""VC1_atr_ratio"":{""value"":0.45128668327934607,""score"":100},""VC2_range_contraction"":{""value"":0.7876345445189833,""score"":35.394242580169454},""VC3_range_pct_rank"":{""score"":47.5},""_score"":64.26},""sr_quality"":{""SR1_touches"":{""value"":3,""score"":50.0},""SR2_tightness"":{""value"":0.34292856398964466,""score"":68.43005164652294},""SR3_recency"":{""value"":234,""score"":0.0},""SR4_price_location"":{""score"":57.77144021185574},""SR5_reaction"":{""value"":3.4744917529727624,""score"":100},""_score"":54.71,""_levels_found"":6,""_target_level"":57.31},""volume"":{""V1_rvol_day"":{""value"":0.792592521293675,""score"":19.506168086244998},""V2_rvol_sameslot"":{""value"":2.204235640587867,""score"":100,""status"":""ok""},""V3_breakout_bar"":{""value"":0.6286534935546458,""score"":8.576899570309722},""V4_base_dryup"":{""value"":0.6817422792640345,""score"":81.82577207359654},""V5_bo_expansion"":{""value"":0.7925925212936749,""score"":0},""_score"":42.41},""readiness"":{""_distance_atr"":1.19,""BR1_atr_distance"":{""score"":20.675105485232066},""BR2_compression"":{""score"":0},""BR3_retest"":{""score"":50.0},""BR4_bo_age"":{""score"":50.0},""_score"":25.77},""risk"":{""R1_stop_clarity"":{""score"":26.646720368239613},""R2_stop_distance_pct"":{""value"":2.8443041500324893,""score"":100.0},""R3_stop_distance_atr"":{""value"":0.7050863060989627,""score"":60.254315304948136},""R4_rr_potential"":{""value"":3.8549418984201678,""score"":100.0},""_score"":68.36},""market"":{""M1_spy_regime"":{""score"":100.0},""M3_earnings_risk"":{""value"":null,""score"":80.0},""M4_vix"":{""value"":null,""score"":60.0},""_score"":84.0},""liquidity"":{""L1_price"":{""value"":53.855,""score"":100.0},""L2_dollar_vol"":{""value"":35590760.676240854,""score"":77.56686351084636},""L3_spread_proxy"":{""value"":0.03899359390957203,""score"":61.00640609042797},""L4_volume_zscore"":{""value"":-0.41322103851307207,""score"":100.0},""_score"":87.13},""pattern_structure"":{""left_low"":54.47,""left_idx"":28,""right_low"":53.12,""right_idx"":76,""separation_bars"":48,""structural_low"":53.12,""current_price"":53.77,""neckline_distance_pct"":0.049655941975078936,""base_bars"":48},""pattern_geometry_features"":{""low_similarity_pct"":0.025095269077051795,""bounce_pct"":0.06250000000000001,""right_bottom_reaction"":0.10000000000000034,""atr_pct"":0.04033980131835486},""_schema_version"":""1.0""}",,,,,,,,,,
20260522T181904Z-97bb42,2026-05-22T18:19:04.835948+00:00,QBTS,vcp,breakout_confirmed,54.62,90.5,45.0,0.0,54.8,77.4,28.7,39.4,84.0,82.5,13.58,11.25,0.0,6.58,10.07,2.01,1.97,5.04,4.12,False,,28.91,24.78,17.469,28.745,"{""trend"":{""T1_ema_stack"":{""value"":[true,true,false],""score"":66.66666666666666},""T2_ema50_slope"":{""value"":0.307362586348695,""score"":100},""T3_high_proximity"":{""value"":1.0,""score"":99.99999999999997},""T4_rs_1m"":{""value"":0.44194670979771145,""score"":100},""T5_rs_3m"":{""value"":0.5061594780184149,""score"":100},""T6_adr_healthy"":{""value"":8.906998190415441,""score"":77.32504523961397},""_score"":90.53},""geometry"":{""sub_contraction_count"":100.0,""sub_reduction_rate"":0,""sub_pivot_tightness"":0,""sub_volume_dryup"":0,""sub_base_depth"":100.0,""sub_base_duration"":100.0,""_score"":45.0},""compression"":{""VC1_atr_ratio"":{""value"":1.1651864122897155,""score"":0},""VC2_range_contraction"":{""value"":1.3421075073383473,""score"":0},""VC3_range_pct_rank"":{""score"":0.0},""_score"":0.0},""sr_quality"":{""SR1_touches"":{""value"":3,""score"":50.0},""SR2_tightness"":{""value"":0.44072541212061894,""score"":65.7687101193978},""SR3_recency"":{""value"":313,""score"":0.0},""SR4_price_location"":{""score"":59.741114523913986},""SR5_reaction"":{""value"":2.4451009436945554,""score"":100},""_score"":54.8,""_levels_found"":5,""_target_level"":31.9683},""volume"":{""V1_rvol_day"":{""value"":3.13933448961123,""score"":100},""V2_rvol_sameslot"":{""value"":7.760781803672454,""score"":100,""status"":""ok""},""V3_breakout_bar"":{""value"":1.1496813814947646,""score"":43.312092099650975},""V4_base_dryup"":{""value"":0.9193042959864537,""score"":58.06957040135463},""V5_bo_expansion"":{""value"":3.13933448961123,""score"":100},""_score"":77.44},""readiness"":{""_distance_atr"":-1.604,""BR1_atr_distance"":{""score"":27.922152133992434},""BR2_compression"":{""score"":0},""BR3_retest"":{""score"":50.0},""BR4_bo_age"":{""score"":50.0},""_score"":28.67},""risk"":{""R1_stop_clarity"":{""score"":79.33774944659895},""R2_stop_distance_pct"":{""value"":39.57462815634729,""score"":0.0},""R3_stop_distance_atr"":{""value"":4.443141154735948,""score"":77.84294226320259},""R4_rr_potential"":{""value"":-0.014421784761417719,""score"":0.0},""_score"":39.44},""market"":{""M1_spy_regime"":{""score"":100.0},""M3_earnings_risk"":{""value"":null,""score"":80.0},""M4_vix"":{""value"":null,""score"":60.0},""_score"":84.0},""liquidity"":{""L1_price"":{""value"":28.91,""score"":100.0},""L2_dollar_vol"":{""value"":3133863388.703902,""score"":100.0},""L3_spread_proxy"":{""value"":0.18817018332756835,""score"":0},""L4_volume_zscore"":{""value"":2.621492267421217,""score"":70.0},""_score"":82.5},""pattern_structure"":{""n_contractions"":5,""contractions_pct"":[20.46,22.39,23.78,23.92,28.43],""descending_strict"":false,""final_low"":17.735,""final_pivot"":24.78,""structural_low"":17.735,""dry_up_ratio"":1.314944990867812,""current_price"":28.91,""neckline_distance_pct"":-0.14285714285714282,""base_bars"":57},""pattern_geometry_features"":{""contraction_count"":5.0,""first_contraction_pct"":0.20460829493087548,""last_contraction_pct"":0.2843018563357547,""dry_up_ratio"":1.314944990867812,""near_monotone"":0.0,""base_depth_pct"":0.1827188940092166},""_schema_version"":""1.0""}",,,,,,,,,,
20260522T181904Z-97bb42,2026-05-22T18:19:04.835948+00:00,V,double_bottom,forming,54.52,67.8,54.0,60.2,50.2,26.0,34.4,48.4,84.0,98.7,10.17,13.5,4.82,7.03,3.38,2.75,2.9,5.04,4.94,True,risk_unclear,329.96,335.17,313.1216,352.45,"{""trend"":{""T1_ema_stack"":{""value"":[true,true,false],""score"":66.66666666666666},""T2_ema50_slope"":{""value"":0.10547656872813074,""score"":67.57942812135512},""T3_high_proximity"":{""value"":0.9853670190527384,""score"":92.68350952636916},""T4_rs_1m"":{""value"":0.013041543191871563,""score"":63.04154319187156},""T5_rs_3m"":{""value"":-0.019031215977231897,""score"":40.48439201138405},""T6_adr_healthy"":{""value"":1.7222911131905412,""score"":100.0},""_score"":67.77},""geometry"":{""sub_low_similarity"":42.1,""sub_bounce_quality"":34.8,""sub_separation_fit"":0.0,""sub_right_bottom_reaction"":96.1,""sub_base_context"":100.0,""_score"":54.0},""compression"":{""VC1_atr_ratio"":{""value"":0.44860807742047193,""score"":100},""VC2_range_contraction"":{""value"":0.9710023719749199,""score"":4.832938004180018},""VC3_range_pct_rank"":{""score"":74.16666666666667},""_score"":60.23},""sr_quality"":{""SR1_touches"":{""value"":2,""score"":25.0},""SR2_tightness"":{""value"":0.5300000000000011,""score"":81.89358454561311},""SR3_recency"":{""value"":228,""score"":0.0},""SR4_price_location"":{""score"":61.818181818181614},""SR5_reaction"":{""value"":2.686923727334948,""score"":100},""_score"":50.24,""_levels_found"":6,""_target_level"":334.64},""volume"":{""V1_rvol_day"":{""value"":0.38839082083617177,""score"":0},""V2_rvol_sameslot"":{""value"":1.0318401277286775,""score"":35.456008515245166,""status"":""ok""},""V3_breakout_bar"":{""value"":0.8972194646258841,""score"":26.481297641725604},""V4_base_dryup"":{""value"":0.8870350569742484,""score"":61.296494302575155},""V5_bo_expansion"":{""value"":0.38839082083617177,""score"":0},""_score"":25.97},""readiness"":{""_distance_atr"":0.89,""BR1_atr_distance"":{""score"":40.67017325952443},""BR2_compression"":{""score"":2.6006070949086135},""BR3_retest"":{""score"":50.0},""BR4_bo_age"":{""score"":50.0},""_score"":34.42},""risk"":{""R1_stop_clarity"":{""score"":0},""R2_stop_distance_pct"":{""value"":5.103148866529274,""score"":100.0},""R3_stop_distance_atr"":{""value"":2.876246798739384,""score"":100.0},""R4_rr_potential"":{""value"":1.335641556328267,""score"":16.782077816413356},""_score"":48.36},""market"":{""M1_spy_regime"":{""score"":100.0},""M3_earnings_risk"":{""value"":null,""score"":80.0},""M4_vix"":{""value"":null,""score"":60.0},""_score"":84.0},""liquidity"":{""L1_price"":{""value"":329.96,""score"":100.0},""L2_dollar_vol"":{""value"":999925742.5561119,""score"":100.0},""L3_spread_proxy"":{""value"":0.013031882652442756,""score"":86.96811734755724},""L4_volume_zscore"":{""value"":-1.566051516102056,""score"":100.0},""_score"":98.7},""pattern_structure"":{""left_low"":317.89,""left_idx"":21,""right_low"":327.235,""right_idx"":70,""separation_bars"":49,""structural_low"":317.89,""current_price"":330.39,""neckline_distance_pct"":0.014467750234571355,""base_bars"":49},""pattern_geometry_features"":{""low_similarity_pct"":0.02897112962604155,""bounce_pct"":0.05435842587058426,""right_bottom_reaction"":0.9609644087256118,""atr_pct"":0.017742388687806303},""_schema_version"":""1.0""}",,,,,,,,,,
20260522T181904Z-97bb42,2026-05-22T18:19:04.835948+00:00,ADSK,double_bottom,forming,54.27,45.4,63.6,47.3,51.2,36.1,26.4,65.5,84.0,96.5,6.82,15.89,3.78,7.17,4.7,2.11,3.93,5.04,4.82,True,risk_unclear,241.04,251.16,230.7658,268.04,"{""trend"":{""T1_ema_stack"":{""value"":[true,false,false],""score"":33.33333333333333},""T2_ema50_slope"":{""value"":-0.03396904531719868,""score"":44.338492447133554},""T3_high_proximity"":{""value"":0.9126154778131153,""score"":56.3077389065576},""T4_rs_1m"":{""value"":-0.016149934098579788,""score"":33.85006590142021},""T5_rs_3m"":{""value"":0.006948946634782294,""score"":53.474473317391144},""T6_adr_healthy"":{""value"":3.162561530391879,""score"":100.0},""_score"":45.44},""geometry"":{""sub_low_similarity"":96.9,""sub_bounce_quality"":60.1,""sub_separation_fit"":13.3,""sub_right_bottom_reaction"":96.5,""sub_base_context"":30.0,""_score"":63.56},""compression"":{""VC1_atr_ratio"":{""value"":0.29895641454745037,""score"":100},""VC2_range_contraction"":{""value"":1.0717202939533619,""score"":0},""VC3_range_pct_rank"":{""score"":29.166666666666664},""_score"":47.29},""sr_quality"":{""SR1_touches"":{""value"":2,""score"":25.0},""SR2_tightness"":{""value"":1.1599999999999966,""score"":73.20076734256075},""SR3_recency"":{""value"":257,""score"":0.0},""SR4_price_location"":{""score"":71.03667510449156},""SR5_reaction"":{""value"":3.5699581261989763,""score"":100},""_score"":51.24,""_levels_found"":5,""_target_level"":245.96},""volume"":{""V1_rvol_day"":{""value"":0.6282131287959273,""score"":8.547541919728484},""V2_rvol_sameslot"":{""value"":1.5070614859094555,""score"":67.1374323939637,""status"":""ok""},""V3_breakout_bar"":{""value"":0.890195060418899,""score"":26.013004027926595},""V4_base_dryup"":{""value"":0.7746327339770466,""score"":72.53672660229535},""V5_bo_expansion"":{""value"":0.6282131287959271,""score"":0},""_score"":36.15},""readiness"":{""_distance_atr"":1.169,""BR1_atr_distance"":{""score"":22.06659928353851},""BR2_compression"":{""score"":0.285165400284985},""BR3_retest"":{""score"":50.0},""BR4_bo_age"":{""score"":50.0},""_score"":26.4},""risk"":{""R1_stop_clarity"":{""score"":18.812186720022666},""R2_stop_distance_pct"":{""value"":4.262446067042817,""score"":100.0},""R3_stop_distance_atr"":{""value"":1.1868132593494105,""score"":84.34066296747052},""R4_rr_potential"":{""value"":2.627941834887383,""score"":81.39709174436915},""_score"":65.51},""market"":{""M1_spy_regime"":{""score"":100.0},""M3_earnings_risk"":{""value"":null,""score"":80.0},""M4_vix"":{""value"":null,""score"":60.0},""_score"":84.0},""liquidity"":{""L1_price"":{""value"":241.04,""score"":100.0},""L2_dollar_vol"":{""value"":268393411.86688757,""score"":100.0},""L3_spread_proxy"":{""value"":0.035429804181878494,""score"":64.5701958181215},""L4_volume_zscore"":{""value"":-2.202888713600513,""score"":100.0},""_score"":96.46},""pattern_structure"":{""left_low"":234.28,""left_idx"":27,""right_low"":234.64,""right_idx"":70,""separation_bars"":43,""structural_low"":234.28,""current_price"":241.28,""neckline_distance_pct"":0.04094827586206894,""base_bars"":43},""pattern_geometry_features"":{""low_similarity_pct"":0.0015354431459523384,""bounce_pct"":0.07205053781799554,""right_bottom_reaction"":0.9654255319148949,""atr_pct"":0.035915052629083476},""_schema_version"":""1.0""}",,,,,,,,,,
20260522T181904Z-97bb42,2026-05-22T18:19:04.835948+00:00,RBRK,vcp,breakout_confirmed,54.23,91.2,42.7,65.1,51.6,29.7,18.8,19.3,84.0,93.5,13.68,10.68,7.81,6.19,3.86,1.32,0.97,5.04,4.68,False,,66.5,56.4999,49.1332,62.0435,"{""trend"":{""T1_ema_stack"":{""value"":[true,true,false],""score"":66.66666666666666},""T2_ema50_slope"":{""value"":0.33846395615725794,""score"":100},""T3_high_proximity"":{""value"":0.9941695320675736,""score"":97.08476603378679},""T4_rs_1m"":{""value"":0.24794998180401384,""score"":100},""T5_rs_3m"":{""value"":0.3116070345894202,""score"":100},""T6_adr_healthy"":{""value"":4.414601513859317,""score"":100.0},""_score"":91.23},""geometry"":{""sub_contraction_count"":100.0,""sub_reduction_rate"":0,""sub_pivot_tightness"":0,""sub_volume_dryup"":18.2,""sub_base_depth"":50.0,""sub_base_duration"":100.0,""_score"":42.73},""compression"":{""VC1_atr_ratio"":{""value"":0.551467589042437,""score"":100},""VC2_range_contraction"":{""value"":0.8954790419688755,""score"":17.420159671854083},""VC3_range_pct_rank"":{""score"":75.83333333333333},""_score"":65.06},""sr_quality"":{""SR1_touches"":{""value"":3,""score"":50.0},""SR2_tightness"":{""value"":0.09010630758535743,""score"":94.01164781519246},""SR3_recency"":{""value"":232,""score"":0.0},""SR4_price_location"":{""score"":30.0},""SR5_reaction"":{""value"":2.5033237284622234,""score"":100},""_score"":51.6,""_levels_found"":3,""_target_level"":58.0468},""volume"":{""V1_rvol_day"":{""value"":0.3635177237216738,""score"":0},""V2_rvol_sameslot"":{""value"":1.031872903888202,""score"":35.4581935925468,""status"":""ok""},""V3_breakout_bar"":{""value"":0.9347549735778268,""score"":28.98366490518845},""V4_base_dryup"":{""value"":0.7303095937253037,""score"":76.96904062746964},""V5_bo_expansion"":{""value"":0.3635177237216738,""score"":0},""_score"":29.73},""readiness"":{""_distance_atr"":-3.323,""BR1_atr_distance"":{""score"":0},""BR2_compression"":{""score"":5.169670322084116},""BR3_retest"":{""score"":50.0},""BR4_bo_age"":{""score"":50.0},""_score"":18.79},""risk"":{""R1_stop_clarity"":{""score"":50.27417080847061},""R2_stop_distance_pct"":{""value"":26.115520300751882,""score"":0.0},""R3_stop_distance_atr"":{""value"":5.770885705198496,""score"":11.455714740075207},""R4_rr_potential"":{""value"":-0.25661000363854763,""score"":0.0},""_score"":19.31},""market"":{""M1_spy_regime"":{""score"":100.0},""M3_earnings_risk"":{""value"":null,""score"":80.0},""M4_vix"":{""value"":null,""score"":60.0},""_score"":84.0},""liquidity"":{""L1_price"":{""value"":66.5,""score"":100.0},""L2_dollar_vol"":{""value"":70809420.2867695,""score"":92.50455194268787},""L3_spread_proxy"":{""value"":0.03496240601503764,""score"":65.03759398496237},""L4_volume_zscore"":{""value"":-2.3564492233963703,""score"":100.0},""_score"":93.51},""pattern_structure"":{""n_contractions"":5,""contractions_pct"":[16.36,8.97,22.76,24.55,11.71],""descending_strict"":false,""final_low"":49.8814,""final_pivot"":56.4999,""structural_low"":49.8814,""dry_up_ratio"":0.9091505514930214,""current_price"":66.5,""neckline_distance_pct"":-0.1503774436090226,""base_bars"":43},""pattern_geometry_features"":{""contraction_count"":5.0,""first_contraction_pct"":0.16355435272891292,""last_contraction_pct"":0.11714180025097386,""dry_up_ratio"":0.9091505514930214,""near_monotone"":0.0,""base_depth_pct"":0.10001984663960303},""_schema_version"":""1.0""}",,,,,,,,,,
20260522T181904Z-97bb42,2026-05-22T18:19:04.835948+00:00,ZS,vcp,breakout_confirmed,54.15,83.2,50.8,44.7,55.7,32.8,18.1,31.3,84.0,95.5,12.48,12.71,5.37,6.68,4.27,1.26,1.56,5.04,4.78,False,,180.225,153.46,140.8845,176.73,"{""trend"":{""T1_ema_stack"":{""value"":[true,true,false],""score"":66.66666666666666},""T2_ema50_slope"":{""value"":0.04531310437781127,""score"":57.55218406296854},""T3_high_proximity"":{""value"":1.0,""score"":99.99999999999997},""T4_rs_1m"":{""value"":0.3001758879331953,""score"":100},""T5_rs_3m"":{""value"":0.16234918695088885,""score"":100},""T6_adr_healthy"":{""value"":4.699670452715297,""score"":100.0},""_score"":83.18},""geometry"":{""sub_contraction_count"":100.0,""sub_reduction_rate"":0,""sub_pivot_tightness"":45.7,""sub_volume_dryup"":0,""sub_base_depth"":89.9,""sub_base_duration"":100.0,""_score"":50.84},""compression"":{""VC1_atr_ratio"":{""value"":0.6464501476681643,""score"":88.38746308295892},""VC2_range_contraction"":{""value"":1.2728031452854953,""score"":0},""VC3_range_pct_rank"":{""score"":37.5},""_score"":44.73},""sr_quality"":{""SR1_touches"":{""value"":2,""score"":25.0},""SR2_tightness"":{""value"":1.534949999999995,""score"":66.39863401072503},""SR3_recency"":{""value"":228,""score"":0.0},""SR4_price_location"":{""score"":92.78468859575878},""SR5_reaction"":{""value"":4.1964766670862454,""score"":100},""_score"":55.66,""_levels_found"":7,""_target_level"":181.435},""volume"":{""V1_rvol_day"":{""value"":0.7296578042832567,""score"":15.310520285550444},""V2_rvol_sameslot"":{""value"":1.4879774364667615,""score"":65.86516243111743,""status"":""ok""},""V3_breakout_bar"":{""value"":0.9799755700126441,""score"":31.998371334176273},""V4_base_dryup"":{""value"":1.0696209387811058,""score"":43.03790612188942},""V5_bo_expansion"":{""value"":0.7296578042832567,""score"":0},""_score"":32.84},""readiness"":{""_distance_atr"":-2.93,""BR1_atr_distance"":{""score"":1.4091298932898866},""BR2_compression"":{""score"":0},""BR3_retest"":{""score"":50.0},""BR4_bo_age"":{""score"":50.0},""_score"":18.06},""risk"":{""R1_stop_clarity"":{""score"":53.03426778612296},""R2_stop_distance_pct"":{""value"":21.828519905673467,""score"":0.0},""R3_stop_distance_atr"":{""value"":4.305980190340978,""score"":84.70099048295113},""R4_rr_potential"":{""value"":-0.08883985821209406,""score"":0.0},""_score"":31.27},""market"":{""M1_spy_regime"":{""score"":100.0},""M3_earnings_risk"":{""value"":null,""score"":80.0},""M4_vix"":{""value"":null,""score"":60.0},""_score"":84.0},""liquidity"":{""L1_price"":{""value"":180.225,""score"":100.0},""L2_dollar_vol"":{""value"":394289351.21446174,""score"":100.0},""L3_spread_proxy"":{""value"":0.04504480510473021,""score"":54.95519489526979},""L4_volume_zscore"":{""value"":-0.6852120626970001,""score"":100.0},""_score"":95.5},""pattern_structure"":{""n_contractions"":5,""contractions_pct"":[9.6,20.94,23.84,9.93,6.8],""descending_strict"":false,""final_low"":143.03,""final_pivot"":153.46,""structural_low"":143.03,""dry_up_ratio"":1.3559732102144177,""current_price"":180.225,""neckline_distance_pct"":-0.148508808433902,""base_bars"":46},""pattern_geometry_features"":{""contraction_count"":5.0,""first_contraction_pct"":0.09603126879134094,""last_contraction_pct"":0.06796559364003653,""dry_up_ratio"":1.3559732102144177,""near_monotone"":0.0,""base_depth_pct"":0.1399278412507517},""_schema_version"":""1.0""}",,,,,,,,,,
20260522T181904Z-97bb42,2026-05-22T18:19:04.835948+00:00,CTRE,cup_with_handle,forming,53.86,75.2,61.5,60.2,44.7,12.7,17.5,62.6,84.0,86.3,10.53,18.44,4.82,5.37,1.66,1.4,3.13,4.2,4.32,True,risk_unclear,41.15,43.08,39.9319,48.79,"{""trend"":{""T1_ema_stack"":{""value"":[true,true,true],""score"":100.0},""T2_ema50_slope"":{""value"":0.15849642169011163,""score"":76.41607028168528},""T3_high_proximity"":{""value"":0.9696041470311028,""score"":84.80207351555136},""T4_rs_1m"":{""value"":0.028259956514550266,""score"":78.25995651455027},""T5_rs_3m"":{""value"":-0.07945318912703159,""score"":10.273405436484204},""T6_adr_healthy"":{""value"":2.2118828021409773,""score"":100.0},""_score"":75.2},""geometry"":{""sub_cup_depth"":58.1,""sub_cup_duration"":100.0,""sub_rim_symmetry"":16.8,""sub_handle_shallowness"":50.9,""sub_handle_proportion"":100.0,""sub_u_shape"":75.4,""_score"":61.47},""compression"":{""VC1_atr_ratio"":{""value"":0.5093857025187509,""score"":100},""VC2_range_contraction"":{""value"":1.0266251185433,""score"":0},""VC3_range_pct_rank"":{""score"":80.83333333333333},""_score"":60.21},""sr_quality"":{""SR1_touches"":{""value"":2,""score"":25.0},""SR2_tightness"":{""value"":0.17999999999999972,""score"":64.951321279555},""SR3_recency"":{""value"":284,""score"":0.0},""SR4_price_location"":{""score"":50.0},""SR5_reaction"":{""value"":2.3755215577190514,""score"":100},""_score"":44.74,""_levels_found"":6,""_target_level"":41.54},""volume"":{""V1_rvol_day"":{""value"":0.2552284389486643,""score"":0},""V2_rvol_sameslot"":{""value"":0.755975124796912,""score"":17.06500831979413,""status"":""ok""},""V3_breakout_bar"":{""value"":0.5780656353472057,""score"":5.204375689813712},""V4_base_dryup"":{""value"":1.0988147366868073,""score"":40.11852633131927},""V5_bo_expansion"":{""value"":0.25522843894866437,""score"":0},""_score"":12.74},""readiness"":{""_distance_atr"":1.879,""BR1_atr_distance"":{""score"":0},""BR2_compression"":{""score"":0},""BR3_retest"":{""score"":50.0},""BR4_bo_age"":{""score"":50.0},""_score"":17.5},""risk"":{""R1_stop_clarity"":{""score"":0},""R2_stop_distance_pct"":{""value"":2.9601458080194405,""score"":100.0},""R3_stop_distance_atr"":{""value"":1.1859109874826141,""score"":84.2955493741307},""R4_rr_potential"":{""value"":6.2720630490107565,""score"":100.0},""_score"":62.64},""market"":{""M1_spy_regime"":{""score"":100.0},""M3_earnings_risk"":{""value"":null,""score"":80.0},""M4_vix"":{""value"":null,""score"":60.0},""_score"":84.0},""liquidity"":{""L1_price"":{""value"":41.15,""score"":100.0},""L2_dollar_vol"":{""value"":24184464.24957585,""score"":69.17682355246302},""L3_spread_proxy"":{""value"":0.013365735115431281,""score"":86.63426488456872},""L4_volume_zscore"":{""value"":-0.9667226436453829,""score"":100.0},""_score"":86.33},""pattern_structure"":{""left_rim"":41.36,""left_rim_idx"":112,""cup_bottom"":35.65,""cup_bottom_idx"":135,""right_rim"":43.08,""right_rim_idx"":173,""handle_low"":40.54,""handle_bars"":6,""cup_bars"":61,""structural_low"":40.54,""current_price"":41.15,""neckline_distance_pct"":0.046901579586877275,""base_bars"":67},""pattern_geometry_features"":{""cup_depth_pct"":0.1380560928433269,""rim_symmetry_pct"":0.04158607350096709,""handle_depth_pct"":0.058960074280408524,""handle_to_cup_ratio"":0.09836065573770492,""cup_duration_bars"":61.0,""atr_pct"":0.024960944280506863,""u_shape_score"":0.3770491803278688},""_schema_version"":""1.0""}",,,,,,,,,,
20260522T181904Z-97bb42,2026-05-22T18:19:04.835948+00:00,SNOW,high_tight_pullback,forming,53.78,56.3,53.0,59.8,59.7,20.3,46.9,78.1,84.0,96.5,6.76,18.56,5.98,4.78,2.84,4.22,0.78,5.04,4.82,False,,171.84,176.98,158.9655,207.91,"{""trend"":{""T1_ema_stack"":{""value"":[true,false,false],""score"":33.33333333333333},""T2_ema50_slope"":{""value"":-0.13841817440967955,""score"":26.930304265053408},""T3_high_proximity"":{""value"":0.9398381098227959,""score"":69.91905491139794},""T4_rs_1m"":{""value"":0.11856546674858204,""score"":100},""T5_rs_3m"":{""value"":-0.005147241893842303,""score"":47.42637905307885},""T6_adr_healthy"":{""value"":4.493177187730031,""score"":100.0},""_score"":56.32},""geometry"":{""sub_pole_impulse"":82.0,""sub_flag_tightness"":40.3,""sub_flag_shallowness"":16.8,""sub_flag_drift"":100,""sub_flag_duration"":0.0,""_score"":53.03},""compression"":{""VC1_atr_ratio"":{""value"":0.41882218184129294,""score"":100},""VC2_range_contraction"":{""value"":0.946902579022087,""score"":8.849570162985506},""VC3_range_pct_rank"":{""score"":66.66666666666667},""_score"":59.76},""sr_quality"":{""SR1_touches"":{""value"":4,""score"":75.0},""SR2_tightness"":{""value"":1.698315341743107,""score"":60.0390681473542},""SR3_recency"":{""value"":275,""score"":0.0},""SR4_price_location"":{""score"":52.74709510830584},""SR5_reaction"":{""value"":2.668567534158051,""score"":100},""_score"":59.69,""_levels_found"":6,""_target_level"":185.565},""volume"":{""V1_rvol_day"":{""value"":0.47904867083260455,""score"":0},""V2_rvol_sameslot"":{""value"":0.8023446537186059,""score"":20.156310247907058,""status"":""ok""},""V3_breakout_bar"":{""value"":0.7888423730141291,""score"":19.25615820094194},""V4_base_dryup"":{""value"":0.9278506131978437,""score"":57.21493868021563},""V5_bo_expansion"":{""value"":0.47904867083260455,""score"":0},""_score"":20.29},""readiness"":{""_distance_atr"":0.605,""BR1_atr_distance"":{""score"":59.68569859121247},""BR2_compression"":{""score"":22.164081182811028},""BR3_retest"":{""score"":50.0},""BR4_bo_age"":{""score"":50.0},""_score"":46.92},""risk"":{""R1_stop_clarity"":{""score"":43.03931568770311},""R2_stop_distance_pct"":{""value"":7.492140654096832,""score"":100.0},""R3_stop_distance_atr"":{""value"":1.5146680498797038,""score"":100.0},""R4_rr_potential"":{""value"":2.8016633973473657,""score"":90.08316986736828},""_score"":78.08},""market"":{""M1_spy_regime"":{""score"":100.0},""M3_earnings_risk"":{""value"":null,""score"":80.0},""M4_vix"":{""value"":null,""score"":60.0},""_score"":84.0},""liquidity"":{""L1_price"":{""value"":171.84,""score"":100.0},""L2_dollar_vol"":{""value"":569786049.3452765,""score"":100.0},""L3_spread_proxy"":{""value"":0.03549813780260704,""score"":64.50186219739297},""L4_volume_zscore"":{""value"":-1.2826208925203435,""score"":100.0},""_score"":96.45},""pattern_structure"":{""pole_low"":146.05,""pole_low_idx"":14,""peak_price"":176.98,""peak_idx"":38,""pole_gain"":0.21177678877096867,""flag_bars"":21,""flag_low"":161.3863,""flag_high"":174.81,""structural_low"":161.3863,""current_price"":172.77,""neckline_distance_pct"":0.024367656421832373,""base_bars"":21},""pattern_geometry_features"":{""pole_gain"":0.21177678877096867,""pullback_pct"":0.08810995592722333,""flag_range_pct"":0.0758486834670584,""flag_drift_per_bar"":0.00029263212333188276,""atr_pct"":0.04946391161213088,""pole_atr_multiple"":4.281440384893277},""_schema_version"":""1.0""}",,,,,,,,,,
20260522T181904Z-97bb42,2026-05-22T18:19:04.835948+00:00,GENI,bull_flag,forming,53.78,35.6,73.3,22.4,54.0,27.2,52.2,64.0,84.0,78.6,4.98,21.98,2.02,5.4,3.82,4.7,1.92,5.04,3.93,False,,5.37,5.45,4.8019,6.8883,"{""trend"":{""T1_ema_stack"":{""value"":[true,false,false],""score"":33.33333333333333},""T2_ema50_slope"":{""value"":-0.4361760400812241,""score"":0},""T3_high_proximity"":{""value"":0.8299845440494591,""score"":14.992272024729525},""T4_rs_1m"":{""value"":0.17927773356599297,""score"":100},""T5_rs_3m"":{""value"":-0.15832979697397098,""score"":0},""T6_adr_healthy"":{""value"":7.199199129880809,""score"":100.0},""_score"":35.58},""geometry"":{""sub_pole_impulse"":94.3,""sub_flag_tightness"":52.0,""sub_flag_shallowness"":41.1,""sub_flag_drift"":100,""sub_flag_duration"":87.5,""_score"":73.26},""compression"":{""VC1_atr_ratio"":{""value"":0.7906475994978277,""score"":52.33810012554307},""VC2_range_contraction"":{""value"":1.3029926772960214,""score"":0},""VC3_range_pct_rank"":{""score"":5.833333333333335},""_score"":22.39},""sr_quality"":{""SR1_touches"":{""value"":3,""score"":50.0},""SR2_tightness"":{""value"":0.07494442385305695,""score"":62.83440423850388},""SR3_recency"":{""value"":274,""score"":0.0},""SR4_price_location"":{""score"":58.267716535433024},""SR5_reaction"":{""value"":2.264649971071989,""score"":100},""_score"":53.99,""_levels_found"":6,""_target_level"":5.635},""volume"":{""V1_rvol_day"":{""value"":0.8596588800490738,""score"":23.97725866993825},""V2_rvol_sameslot"":{""value"":1.4365993571136821,""score"":62.43995714091214,""status"":""ok""},""V3_breakout_bar"":{""value"":0.7771825404994097,""score"":18.47883603329398},""V4_base_dryup"":{""value"":1.2326706373108938,""score"":26.73293626891062},""V5_bo_expansion"":{""value"":0.8596588800490739,""score"":0},""_score"":27.25},""readiness"":{""_distance_atr"":0.198,""BR1_atr_distance"":{""score"":86.77576659228035},""BR2_compression"":{""score"":0},""BR3_retest"":{""score"":50.0},""BR4_bo_age"":{""score"":50.0},""_score"":52.21},""risk"":{""R1_stop_clarity"":{""score"":63.73667245226874},""R2_stop_distance_pct"":{""value"":10.579608938547489,""score"":35.50977653631278},""R3_stop_distance_atr"":{""value"":1.4086908008926358,""score"":95.43454004463179},""R4_rr_potential"":{""value"":2.6724752475247513,""score"":83.62376237623756},""_score"":64.0},""market"":{""M1_spy_regime"":{""score"":100.0},""M3_earnings_risk"":{""value"":null,""score"":80.0},""M4_vix"":{""value"":null,""score"":60.0},""_score"":84.0},""liquidity"":{""L1_price"":{""value"":5.37,""score"":97.685},""L2_dollar_vol"":{""value"":28671291.469034433,""score"":72.87236278691776},""L3_spread_proxy"":{""value"":0.1024208566108007,""score"":0},""L4_volume_zscore"":{""value"":-0.27729378365548085,""score"":100.0},""_score"":78.57},""pattern_structure"":{""pole_low"":4.0117,""pole_low_idx"":26,""peak_price"":5.45,""peak_idx"":38,""pole_gain"":0.35852631054166556,""flag_bars"":21,""flag_low"":4.875,""flag_high"":5.438,""structural_low"":4.875,""current_price"":5.385,""neckline_distance_pct"":0.012070566388115208,""base_bars"":21},""pattern_geometry_features"":{""pole_gain"":0.35852631054166556,""pullback_pct"":0.10550458715596334,""flag_range_pct"":0.10330275229357792,""flag_drift_per_bar"":0.0024606350010249597,""atr_pct"":0.07510242085661083,""pole_atr_multiple"":4.773831608253765},""_schema_version"":""1.0""}",,,,,,,,,,
20260522T181904Z-97bb42,2026-05-22T18:19:04.835948+00:00,EXE,breakout_retest_hold,setup,53.33,15.7,76.5,70.2,54.9,11.5,64.3,46.0,84.0,94.3,2.2,16.83,4.21,7.69,1.5,11.58,2.3,4.2,2.83,True,risk_unclear,97.5,96.86,95.436,97.78,"{""trend"":{""T1_ema_stack"":{""value"":[false,false,false],""score"":0.0},""T2_ema50_slope"":{""value"":-0.14744916401329272,""score"":25.42513933111788},""T3_high_proximity"":{""value"":0.8558637640449438,""score"":27.931882022471875},""T4_rs_1m"":{""value"":-0.042743965864665556,""score"":7.2560341353344455},""T5_rs_3m"":{""value"":-0.15055200002683744,""score"":0},""T6_adr_healthy"":{""value"":2.37422726956966,""score"":100.0},""_score"":15.73},""geometry"":{""sub_retest_depth"":100.0,""sub_retest_timing"":0.0,""sub_retest_freshness"":100.0,""sub_hold_quality"":88.3,""_score"":76.49},""compression"":{""VC1_atr_ratio"":{""value"":0.36585438702562023,""score"":100},""VC2_range_contraction"":{""value"":0.8900202516080822,""score"":18.329958065319637},""VC3_range_pct_rank"":{""score"":95.0},""_score"":70.17},""sr_quality"":{""SR1_touches"":{""value"":2,""score"":25.0},""SR2_tightness"":{""value"":0.125,""score"":89.04809139524185},""SR3_recency"":{""value"":291,""score"":0.0},""SR4_price_location"":{""score"":76.1516510395436},""SR5_reaction"":{""value"":5.909649883127495,""score"":100},""_score"":54.9,""_levels_found"":7,""_target_level"":98.475},""volume"":{""V1_rvol_day"":{""value"":0.2374065683278889,""score"":0},""V2_rvol_sameslot"":{""value"":0.48431665920642175,""score"":0,""status"":""ok""},""V3_breakout_bar"":{""value"":0.45895229991493774,""score"":0},""V4_base_dryup"":{""value"":0.9239965318048902,""score"":57.60034681951098},""V5_bo_expansion"":{""value"":0.23740656832788892,""score"":0},""_score"":11.52},""readiness"":{""_distance_atr"":-0.28,""BR1_atr_distance"":{""score"":100.0},""BR2_compression"":{""score"":7.392326916544456},""BR3_retest"":{""score"":89.92424408362265},""BR4_bo_age"":{""score"":30.0},""_score"":64.33},""risk"":{""R1_stop_clarity"":{""score"":15.538880840105364},""R2_stop_distance_pct"":{""value"":2.1169230769230696,""score"":100.0},""R3_stop_distance_atr"":{""value"":0.9041895744088287,""score"":70.20947872044144},""R4_rr_potential"":{""value"":0.1356589147286763,""score"":0.0},""_score"":45.97},""market"":{""M1_spy_regime"":{""score"":100.0},""M3_earnings_risk"":{""value"":null,""score"":80.0},""M4_vix"":{""value"":null,""score"":60.0},""_score"":84.0},""liquidity"":{""L1_price"":{""value"":97.5,""score"":100.0},""L2_dollar_vol"":{""value"":62535833.1016575,""score"":89.80644699433333},""L3_spread_proxy"":{""value"":0.016307692307692197,""score"":83.6923076923078},""L4_volume_zscore"":{""value"":-2.248786184495537,""score"":100.0},""_score"":94.29},""pattern_structure"":{""level"":96.86,""level_idx"":33,""breakout_idx"":43,""bo_peak_idx"":64,""bo_peak_price"":100.8845,""retest_idx"":77,""retest_low"":96.4,""structural_low"":96.4,""current_price"":96.95,""neckline_distance_pct"":-0.0009283135636926602,""base_bars"":46,""bars_since_breakout"":36},""pattern_geometry_features"":{""retest_depth_atr"":0.5451944159901062,""bars_breakout_to_retest"":34.0,""bars_since_retest"":2.0,""current_above_level_atr"":0.10666847269372191,""bo_peak_excess_pct"":0.04154965930208552,""atr_pct"":0.02341238095238095},""_schema_version"":""1.0""}",,,,,,,,,,
20260522T181904Z-97bb42,2026-05-22T18:19:04.835948+00:00,ZS,breakout_retest_hold,setup,53.09,83.2,36.0,44.7,55.7,24.6,54.3,60.2,84.0,95.5,11.65,7.92,2.68,7.79,3.2,9.77,3.01,4.2,2.86,False,,180.225,174.85,174.2499,172.53,"{""trend"":{""T1_ema_stack"":{""value"":[true,true,false],""score"":66.66666666666666},""T2_ema50_slope"":{""value"":0.04531310437781127,""score"":57.55218406296854},""T3_high_proximity"":{""value"":1.0,""score"":99.99999999999997},""T4_rs_1m"":{""value"":0.3001758879331953,""score"":100},""T5_rs_3m"":{""value"":0.16234918695088885,""score"":100},""T6_adr_healthy"":{""value"":4.699670452715297,""score"":100.0},""_score"":83.18},""geometry"":{""sub_retest_depth"":0.0,""sub_retest_timing"":80.0,""sub_retest_freshness"":100.0,""sub_hold_quality"":0.0,""_score"":36.0},""compression"":{""VC1_atr_ratio"":{""value"":0.6464501476681643,""score"":88.38746308295892},""VC2_range_contraction"":{""value"":1.2728031452854953,""score"":0},""VC3_range_pct_rank"":{""score"":37.5},""_score"":44.73},""sr_quality"":{""SR1_touches"":{""value"":2,""score"":25.0},""SR2_tightness"":{""value"":1.534949999999995,""score"":66.39863401072503},""SR3_recency"":{""value"":228,""score"":0.0},""SR4_price_location"":{""score"":92.78468859575878},""SR5_reaction"":{""value"":4.1964766670862454,""score"":100},""_score"":55.66,""_levels_found"":7,""_target_level"":181.435},""volume"":{""V1_rvol_day"":{""value"":0.7296578042832567,""score"":15.310520285550444},""V2_rvol_sameslot"":{""value"":1.4879774364667615,""score"":65.86516243111743,""status"":""ok""},""V3_breakout_bar"":{""value"":0.9799755700126441,""score"":31.998371334176273},""V4_base_dryup"":{""value"":1.4805234707879822,""score"":1.9476529212017795},""V5_bo_expansion"":{""value"":0.7296578042832567,""score"":0},""_score"":24.62},""readiness"":{""_distance_atr"":-0.588,""BR1_atr_distance"":{""score"":48.233666100371124},""BR2_compression"":{""score"":0},""BR3_retest"":{""score"":100},""BR4_bo_age"":{""score"":100.0},""_score"":54.29},""risk"":{""R1_stop_clarity"":{""score"":61.46990828514098},""R2_stop_distance_pct"":{""value"":3.3153558052434446,""score"":100.0},""R3_stop_distance_atr"":{""value"":0.6540002017085814,""score"":57.700010085429064},""R4_rr_potential"":{""value"":-1.287844554902846,""score"":0.0},""_score"":60.17},""market"":{""M1_spy_regime"":{""score"":100.0},""M3_earnings_risk"":{""value"":null,""score"":80.0},""M4_vix"":{""value"":null,""score"":60.0},""_score"":84.0},""liquidity"":{""L1_price"":{""value"":180.225,""score"":100.0},""L2_dollar_vol"":{""value"":394289351.21446174,""score"":100.0},""L3_spread_proxy"":{""value"":0.04504480510473021,""score"":54.95519489526979},""L4_volume_zscore"":{""value"":-0.6852120626970001,""score"":100.0},""_score"":95.5},""pattern_structure"":{""level"":174.85,""level_idx"":69,""breakout_idx"":76,""bo_peak_idx"":76,""bo_peak_price"":181.9099,""retest_idx"":77,""retest_low"":176.01,""structural_low"":176.01,""current_price"":180.23,""neckline_distance_pct"":-0.02985074626865669,""base_bars"":10,""bars_since_breakout"":3},""pattern_geometry_features"":{""retest_depth_atr"":-0.4321045139489383,""bars_breakout_to_retest"":1.0,""bars_since_retest"":2.0,""current_above_level_atr"":2.004070935383873,""bo_peak_excess_pct"":0.040376894480983694,""atr_pct"":0.050693498206606784},""_schema_version"":""1.0""}",,,,,,,,,,
20260522T181904Z-97bb42,2026-05-22T18:19:04.835948+00:00,FRMI,double_bottom,forming,52.71,18.3,62.1,51.8,60.6,32.6,53.5,66.5,84.0,85.2,2.74,15.53,4.14,8.49,4.24,4.28,3.99,5.04,4.26,False,,6.15,6.25,5.8263,6.585,"{""trend"":{""T1_ema_stack"":{""value"":[true,false,false],""score"":33.33333333333333},""T2_ema50_slope"":{""value"":-0.6207946785390505,""score"":0},""T3_high_proximity"":{""value"":0.5216284987277354,""score"":0},""T4_rs_1m"":{""value"":-0.016353673703345395,""score"":33.64632629665461},""T5_rs_3m"":{""value"":-0.41064733799007413,""score"":0},""T6_adr_healthy"":{""value"":9.433385461262684,""score"":64.16536346843289},""_score"":18.27},""geometry"":{""sub_low_similarity"":88.2,""sub_bounce_quality"":38.1,""sub_separation_fit"":100.0,""sub_right_bottom_reaction"":46.8,""sub_base_context"":30.0,""_score"":62.1},""compression"":{""VC1_atr_ratio"":{""value"":0.6842357350007633,""score"":78.94106624980918},""VC2_range_contraction"":{""value"":1.0703515955082374,""score"":0},""VC3_range_pct_rank"":{""score"":80.83333333333333},""_score"":51.78},""sr_quality"":{""SR1_touches"":{""value"":3,""score"":50.0},""SR2_tightness"":{""value"":0.0984321537348894,""score"":70.22910329156376},""SR3_recency"":{""value"":67,""score"":38.333333333333336},""SR4_price_location"":{""score"":57.46164574616457},""SR5_reaction"":{""value"":3.765514112576556,""score"":100},""_score"":60.65,""_levels_found"":6,""_target_level"":7.1667},""volume"":{""V1_rvol_day"":{""value"":0.41073134697225855,""score"":0},""V2_rvol_sameslot"":{""value"":1.1310477675938606,""score"":42.06985117292404,""status"":""ok""},""V3_breakout_bar"":{""value"":1.0889763033026765,""score"":39.2650868868451},""V4_base_dryup"":{""value"":0.7811792561164022,""score"":71.88207438835978},""V5_bo_expansion"":{""value"":0.41073134697225855,""score"":0},""_score"":32.61},""readiness"":{""_distance_atr"":0.151,""BR1_atr_distance"":{""score"":89.91830224209761},""BR2_compression"":{""score"":0},""BR3_retest"":{""score"":50.0},""BR4_bo_age"":{""score"":50.0},""_score"":53.47},""risk"":{""R1_stop_clarity"":{""score"":73.16504099290316},""R2_stop_distance_pct"":{""value"":5.26382113821139,""score"":100.0},""R3_stop_distance_atr"":{""value"":0.4895546410015452,""score"":49.477732050077265},""R4_rr_potential"":{""value"":1.343733106803611,""score"":17.186655340180547},""_score"":66.47},""market"":{""M1_spy_regime"":{""score"":100.0},""M3_earnings_risk"":{""value"":null,""score"":80.0},""M4_vix"":{""value"":null,""score"":60.0},""_score"":84.0},""liquidity"":{""L1_price"":{""value"":6.15,""score"":98.075},""L2_dollar_vol"":{""value"":39285294.8670465,""score"":79.71150086074617},""L3_spread_proxy"":{""value"":0.06167479674796758,""score"":38.325203252032416},""L4_volume_zscore"":{""value"":-0.8740275153553632,""score"":100.0},""_score"":85.24},""pattern_structure"":{""left_low"":5.915,""left_idx"":59,""right_low"":5.95,""right_idx"":73,""separation_bars"":14,""structural_low"":5.915,""current_price"":6.215,""neckline_distance_pct"":0.005631536604987955,""base_bars"":14},""pattern_geometry_features"":{""low_similarity_pct"":0.005899705014749287,""bounce_pct"":0.0566356720202874,""right_bottom_reaction"":0.46785714285714475,""atr_pct"":0.10752264808362373},""_schema_version"":""1.0""}",,,,,,,,,,
20260522T181904Z-97bb42,2026-05-22T18:19:04.835948+00:00,FTAI,vcp,forming,52.63,51.8,54.0,56.2,80.0,10.6,17.5,52.3,84.0,95.5,7.76,13.49,6.75,9.6,1.37,1.23,2.62,5.04,4.77,False,,255.79,288.7,211.312,364.16,"{""trend"":{""T1_ema_stack"":{""value"":[true,false,true],""score"":66.66666666666666},""T2_ema50_slope"":{""value"":0.06175558086495067,""score"":60.29259681082511},""T3_high_proximity"":{""value"":0.8250225777319055,""score"":12.511288865952707},""T4_rs_1m"":{""value"":0.03076763351709566,""score"":80.76763351709566},""T5_rs_3m"":{""value"":-0.1955623825597541,""score"":0},""T6_adr_healthy"":{""value"":6.4228818426743635,""score"":100.0},""_score"":51.76},""geometry"":{""sub_contraction_count"":100.0,""sub_reduction_rate"":0,""sub_pivot_tightness"":0,""sub_volume_dryup"":59.8,""sub_base_depth"":100.0,""sub_base_duration"":100.0,""_score"":53.97},""compression"":{""VC1_atr_ratio"":{""value"":0.6248790598223462,""score"":93.78023504441346},""VC2_range_contraction"":{""value"":0.9292829555106175,""score"":11.786174081563757},""VC3_range_pct_rank"":{""score"":58.33333333333333},""_score"":56.22},""sr_quality"":{""SR1_touches"":{""value"":5,""score"":100},""SR2_tightness"":{""value"":1.2978738311561624,""score"":86.1055956289498},""SR3_recency"":{""value"":241,""score"":0.0},""SR4_price_location"":{""score"":99.38491161912917},""SR5_reaction"":{""value"":1.6314676301627817,""score"":81.5733815081391},""_score"":80.0,""_levels_found"":4,""_target_level"":256.002},""volume"":{""V1_rvol_day"":{""value"":0.42658822290958476,""score"":0},""V2_rvol_sameslot"":{""value"":0.6376210116107027,""score"":9.174734107380182,""status"":""ok""},""V3_breakout_bar"":{""value"":0.7884162908571066,""score"":19.22775272380711},""V4_base_dryup"":{""value"":1.3044282777983693,""score"":19.557172220163068},""V5_bo_expansion"":{""value"":0.42658822290958476,""score"":0},""_score"":10.55},""readiness"":{""_distance_atr"":1.762,""BR1_atr_distance"":{""score"":0},""BR2_compression"":{""score"":0},""BR3_retest"":{""score"":50.0},""BR4_bo_age"":{""score"":50.0},""_score"":17.5},""risk"":{""R1_stop_clarity"":{""score"":65.55019642703522},""R2_stop_distance_pct"":{""value"":17.388463192462563,""score"":0.0},""R3_stop_distance_atr"":{""value"":2.3807962224834878,""score"":100.0},""R4_rr_potential"":{""value"":2.436488192463906,""score"":71.8244096231953},""_score"":52.31},""market"":{""M1_spy_regime"":{""score"":100.0},""M3_earnings_risk"":{""value"":null,""score"":80.0},""M4_vix"":{""value"":null,""score"":60.0},""_score"":84.0},""liquidity"":{""L1_price"":{""value"":255.79,""score"":100.0},""L2_dollar_vol"":{""value"":167874967.51146993,""score"":100.0},""L3_spread_proxy"":{""value"":0.04550607920559829,""score"":54.49392079440171},""L4_volume_zscore"":{""value"":-1.1947077097096563,""score"":100.0},""_score"":95.45},""pattern_structure"":{""n_contractions"":5,""contractions_pct"":[11.72,31.43,12.47,21.53,25.69],""descending_strict"":false,""final_low"":214.53,""final_pivot"":288.7,""structural_low"":214.53,""dry_up_ratio"":0.7012121023058224,""current_price"":255.79,""neckline_distance_pct"":0.12866022909417882,""base_bars"":73},""pattern_geometry_features"":{""contraction_count"":5.0,""first_contraction_pct"":0.11717645436049524,""last_contraction_pct"":0.2569102874956702,""dry_up_ratio"":0.7012121023058224,""near_monotone"":0.0,""base_depth_pct"":0.26021586951274184},""_schema_version"":""1.0""}",,,,,,,,,,
20260522T181904Z-97bb42,2026-05-22T18:19:04.835948+00:00,CTRE,double_bottom,forming,52.54,75.2,59.9,60.2,44.7,4.7,17.5,63.7,84.0,86.3,11.28,14.98,4.82,6.26,0.61,1.4,3.82,5.04,4.32,True,risk_unclear,41.15,43.08,39.7891,45.765,"{""trend"":{""T1_ema_stack"":{""value"":[true,true,true],""score"":100.0},""T2_ema50_slope"":{""value"":0.15849642169011163,""score"":76.41607028168528},""T3_high_proximity"":{""value"":0.9696041470311028,""score"":84.80207351555136},""T4_rs_1m"":{""value"":0.028259956514550266,""score"":78.25995651455027},""T5_rs_3m"":{""value"":-0.07945318912703159,""score"":10.273405436484204},""T6_adr_healthy"":{""value"":2.2118828021409773,""score"":100.0},""_score"":75.2},""geometry"":{""sub_low_similarity"":87.2,""sub_bounce_quality"":52.1,""sub_separation_fit"":0.0,""sub_right_bottom_reaction"":22.4,""sub_base_context"":100.0,""_score"":59.94},""compression"":{""VC1_atr_ratio"":{""value"":0.5093857025187509,""score"":100},""VC2_range_contraction"":{""value"":1.0266251185433,""score"":0},""VC3_range_pct_rank"":{""score"":80.83333333333333},""_score"":60.21},""sr_quality"":{""SR1_touches"":{""value"":2,""score"":25.0},""SR2_tightness"":{""value"":0.17999999999999972,""score"":64.951321279555},""SR3_recency"":{""value"":284,""score"":0.0},""SR4_price_location"":{""score"":50.0},""SR5_reaction"":{""value"":2.3755215577190514,""score"":100},""_score"":44.74,""_levels_found"":6,""_target_level"":41.54},""volume"":{""V1_rvol_day"":{""value"":0.2552284389486643,""score"":0},""V2_rvol_sameslot"":{""value"":0.755975124796912,""score"":17.06500831979413,""status"":""ok""},""V3_breakout_bar"":{""value"":0.5780656353472057,""score"":5.204375689813712},""V4_base_dryup"":{""value"":1.677499891411364,""score"":0},""V5_bo_expansion"":{""value"":0.25522843894866437,""score"":0},""_score"":4.71},""readiness"":{""_distance_atr"":1.879,""BR1_atr_distance"":{""score"":0},""BR2_compression"":{""score"":0},""BR3_retest"":{""score"":50.0},""BR4_bo_age"":{""score"":50.0},""_score"":17.5},""risk"":{""R1_stop_clarity"":{""score"":0},""R2_stop_distance_pct"":{""value"":3.3072296476306065,""score"":100.0},""R3_stop_distance_atr"":{""value"":1.3249617524339306,""score"":91.24808762169653},""R4_rr_potential"":{""value"":3.3910759226261646,""score"":100.0},""_score"":63.69},""market"":{""M1_spy_regime"":{""score"":100.0},""M3_earnings_risk"":{""value"":null,""score"":80.0},""M4_vix"":{""value"":null,""score"":60.0},""_score"":84.0},""liquidity"":{""L1_price"":{""value"":41.15,""score"":100.0},""L2_dollar_vol"":{""value"":24184464.24957585,""score"":69.17682355246302},""L3_spread_proxy"":{""value"":0.013365735115431281,""score"":86.63426488456872},""L4_volume_zscore"":{""value"":-0.9667226436453829,""score"":100.0},""_score"":86.33},""pattern_structure"":{""left_low"":40.395,""left_idx"":28,""right_low"":40.655,""right_idx"":73,""separation_bars"":45,""structural_low"":40.395,""current_price"":41.15,""neckline_distance_pct"":0.046901579586877275,""base_bars"":45},""pattern_geometry_features"":{""low_similarity_pct"":0.006415792720542825,""bounce_pct"":0.06646862235425163,""right_bottom_reaction"":0.22413793103447557,""atr_pct"":0.024960944280506863},""_schema_version"":""1.0""}",,,,,,,,,,
20260522T181904Z-97bb42,2026-05-22T18:19:04.835948+00:00,NOW,double_bottom,forming,52.32,35.2,66.1,46.2,52.0,16.4,49.1,61.5,84.0,94.9,5.28,16.52,3.7,7.28,2.13,3.93,3.69,5.04,4.75,False,,101.365,103.13,96.0375,108.76,"{""trend"":{""T1_ema_stack"":{""value"":[true,false,false],""score"":33.33333333333333},""T2_ema50_slope"":{""value"":-0.33807619708454467,""score"":0},""T3_high_proximity"":{""value"":0.8152243847514878,""score"":7.6121923757438985},""T4_rs_1m"":{""value"":0.14041894286226486,""score"":100},""T5_rs_3m"":{""value"":-0.08989741311292221,""score"":5.051293443538896},""T6_adr_healthy"":{""value"":4.79978003409862,""score"":100.0},""_score"":35.23},""geometry"":{""sub_low_similarity"":71.9,""sub_bounce_quality"":39.6,""sub_separation_fit"":100.0,""sub_right_bottom_reaction"":10.7,""sub_base_context"":100.0,""_score"":66.09},""compression"":{""VC1_atr_ratio"":{""value"":0.5949266176229201,""score"":100},""VC2_range_contraction"":{""value"":1.2034459319488577,""score"":0},""VC3_range_pct_rank"":{""score"":25.0},""_score"":46.25},""sr_quality"":{""SR1_touches"":{""value"":3,""score"":50.0},""SR2_tightness"":{""value"":0.8493657764604252,""score"":69.74546639380121},""SR3_recency"":{""value"":248,""score"":0.0},""SR4_price_location"":{""score"":46.084531216477046},""SR5_reaction"":{""value"":3.2580560898577566,""score"":100},""_score"":51.98,""_levels_found"":5,""_target_level"":105.5533},""volume"":{""V1_rvol_day"":{""value"":0.6502705495300498,""score"":10.018036635336653},""V2_rvol_sameslot"":{""value"":0.767780058570266,""score"":17.8520039046844,""status"":""ok""},""V3_breakout_bar"":{""value"":0.5343040302473526,""score"":2.2869353498235085},""V4_base_dryup"":{""value"":0.9861246224499108,""score"":51.387537755008914},""V5_bo_expansion"":{""value"":0.6502705495300498,""score"":0},""_score"":16.42},""readiness"":{""_distance_atr"":0.314,""BR1_atr_distance"":{""score"":79.0434803258056},""BR2_compression"":{""score"":0},""BR3_retest"":{""score"":50.0},""BR4_bo_age"":{""score"":50.0},""_score"":49.12},""risk"":{""R1_stop_clarity"":{""score"":47.90553537080554},""R2_stop_distance_pct"":{""value"":5.2557588911359945,""score"":100.0},""R3_stop_distance_atr"":{""value"":0.9488316591864356,""score"":72.44158295932178},""R4_rr_potential"":{""value"":1.3880807132801494,""score"":19.40403566400747},""_score"":61.51},""market"":{""M1_spy_regime"":{""score"":100.0},""M3_earnings_risk"":{""value"":null,""score"":80.0},""M4_vix"":{""value"":null,""score"":60.0},""_score"":84.0},""liquidity"":{""L1_price"":{""value"":101.365,""score"":100.0},""L2_dollar_vol"":{""value"":1795924486.8332748,""score"":100.0},""L3_spread_proxy"":{""value"":0.05087752182706066,""score"":49.12247817293934},""L4_volume_zscore"":{""value"":-0.9572633298541137,""score"":100.0},""_score"":94.91},""pattern_structure"":{""left_low"":97.5,""left_idx"":64,""right_low"":98.88,""right_idx"":75,""separation_bars"":11,""structural_low"":97.5,""current_price"":102.1102,""neckline_distance_pct"":0.009987249070122176,""base_bars"":11},""pattern_geometry_features"":{""low_similarity_pct"":0.014054384356859104,""bounce_pct"":0.057743589743589695,""right_bottom_reaction"":0.10666666666667071,""atr_pct"":0.05539190055739162},""_schema_version"":""1.0""}",,,,,,,,,,
20260522T181904Z-97bb42,2026-05-22T18:19:04.835948+00:00,APPF,double_bottom,forming,51.96,40.5,57.7,54.8,46.2,24.3,54.5,61.3,84.0,87.6,6.08,14.42,4.38,6.47,3.16,4.36,3.68,5.04,4.38,False,,164.995,168.18,154.6327,179.3725,"{""trend"":{""T1_ema_stack"":{""value"":[true,false,false],""score"":33.33333333333333},""T2_ema50_slope"":{""value"":-0.12889295409473067,""score"":28.517840984211553},""T3_high_proximity"":{""value"":0.8630799811685935,""score"":31.53999058429674},""T4_rs_1m"":{""value"":0.02815019490590731,""score"":78.15019490590731},""T5_rs_3m"":{""value"":-0.08530848624949727,""score"":7.345756875251361},""T6_adr_healthy"":{""value"":4.339766093156886,""score"":100.0},""_score"":40.5},""geometry"":{""sub_low_similarity"":78.4,""sub_bounce_quality"":59.0,""sub_separation_fit"":13.3,""sub_right_bottom_reaction"":95.8,""sub_base_context"":30.0,""_score"":57.68},""compression"":{""VC1_atr_ratio"":{""value"":0.3928112645191689,""score"":100},""VC2_range_contraction"":{""value"":1.1734126653571295,""score"":0},""VC3_range_pct_rank"":{""score"":59.166666666666664},""_score"":54.79},""sr_quality"":{""SR1_touches"":{""value"":2,""score"":25.0},""SR2_tightness"":{""value"":0.9099999999999966,""score"":76.2514283279246},""SR3_recency"":{""value"":228,""score"":0.0},""SR4_price_location"":{""score"":59.73451327433622},""SR5_reaction"":{""value"":1.6493513512913953,""score"":82.46756756456976},""_score"":46.24,""_levels_found"":8,""_target_level"":167.27},""volume"":{""V1_rvol_day"":{""value"":0.6582736714496744,""score"":10.55157809664496},""V2_rvol_sameslot"":{""value"":0.8171799216359024,""score"":21.14532810906016,""status"":""ok""},""V3_breakout_bar"":{""value"":0.6529776925614198,""score"":10.198512837427987},""V4_base_dryup"":{""value"":0.7305242492717255,""score"":76.94757507282745},""V5_bo_expansion"":{""value"":0.6582736714496746,""score"":0},""_score"":24.28},""readiness"":{""_distance_atr"":0.416,""BR1_atr_distance"":{""score"":72.29333304924523},""BR2_compression"":{""score"":32.39930930538634},""BR3_retest"":{""score"":50.0},""BR4_bo_age"":{""score"":50.0},""_score"":54.52},""risk"":{""R1_stop_clarity"":{""score"":38.545677548846726},""R2_stop_distance_pct"":{""value"":6.280379708476016,""score"":100.0},""R3_stop_distance_atr"":{""value"":1.352143522498318,""score"":92.6071761249159},""R4_rr_potential"":{""value"":1.3874798699614586,""score"":19.373993498072927},""_score"":61.26},""market"":{""M1_spy_regime"":{""score"":100.0},""M3_earnings_risk"":{""value"":null,""score"":80.0},""M4_vix"":{""value"":null,""score"":60.0},""_score"":84.0},""liquidity"":{""L1_price"":{""value"":164.995,""score"":100.0},""L2_dollar_vol"":{""value"":34739364.130539834,""score"":77.04109324279477},""L3_spread_proxy"":{""value"":0.03242522500681853,""score"":67.57477499318148},""L4_volume_zscore"":{""value"":-1.1882751062570287,""score"":100.0},""_score"":87.57},""pattern_structure"":{""left_low"":156.9875,""left_idx"":27,""right_low"":158.695,""right_idx"":70,""separation_bars"":43,""structural_low"":156.9875,""current_price"":165.62,""neckline_distance_pct"":0.01545707040212536,""base_bars"":43},""pattern_geometry_features"":{""low_similarity_pct"":0.010817831206987918,""bounce_pct"":0.07129548530933988,""right_bottom_reaction"":0.9575328614762427,""atr_pct"":0.04644758196135816},""_schema_version"":""1.0""}",,,,,,,,,,
20260522T181904Z-97bb42,2026-05-22T18:19:04.835948+00:00,RBRK,breakout_retest_hold,setup,51.81,91.2,30.0,65.1,51.6,28.7,41.1,63.6,84.0,93.5,12.77,6.6,3.9,7.22,3.73,7.39,3.18,4.2,2.81,False,,66.5,63.62,62.667,64.26,"{""trend"":{""T1_ema_stack"":{""value"":[true,true,false],""score"":66.66666666666666},""T2_ema50_slope"":{""value"":0.33846395615725794,""score"":100},""T3_high_proximity"":{""value"":0.9941695320675736,""score"":97.08476603378679},""T4_rs_1m"":{""value"":0.24794998180401384,""score"":100},""T5_rs_3m"":{""value"":0.3116070345894202,""score"":100},""T6_adr_healthy"":{""value"":4.414601513859317,""score"":100.0},""_score"":91.23},""geometry"":{""sub_retest_depth"":100.0,""sub_retest_timing"":0.0,""sub_retest_freshness"":0.0,""sub_hold_quality"":0.0,""_score"":30.0},""compression"":{""VC1_atr_ratio"":{""value"":0.551467589042437,""score"":100},""VC2_range_contraction"":{""value"":0.8954790419688755,""score"":17.420159671854083},""VC3_range_pct_rank"":{""score"":75.83333333333333},""_score"":65.06},""sr_quality"":{""SR1_touches"":{""value"":3,""score"":50.0},""SR2_tightness"":{""value"":0.09010630758535743,""score"":94.01164781519246},""SR3_recency"":{""value"":232,""score"":0.0},""SR4_price_location"":{""score"":30.0},""SR5_reaction"":{""value"":2.5033237284622234,""score"":100},""_score"":51.6,""_levels_found"":3,""_target_level"":58.0468},""volume"":{""V1_rvol_day"":{""value"":0.3635177237216738,""score"":0},""V2_rvol_sameslot"":{""value"":1.031872903888202,""score"":35.4581935925468,""status"":""ok""},""V3_breakout_bar"":{""value"":0.9347549735778268,""score"":28.98366490518845},""V4_base_dryup"":{""value"":0.7824157942402402,""score"":71.75842057597598},""V5_bo_expansion"":{""value"":0.3635177237216738,""score"":0},""_score"":28.69},""readiness"":{""_distance_atr"":-0.957,""BR1_atr_distance"":{""score"":40.85988122872726},""BR2_compression"":{""score"":5.169670322084116},""BR3_retest"":{""score"":94.68330034131313},""BR4_bo_age"":{""score"":30.0},""_score"":41.07},""risk"":{""R1_stop_clarity"":{""score"":57.931613950639985},""R2_stop_distance_pct"":{""value"":5.763909774436098,""score"":100.0},""R3_stop_distance_atr"":{""value"":1.2736818619841745,""score"":88.68409309920872},""R4_rr_potential"":{""value"":-0.5843986433602937,""score"":0.0},""_score"":63.58},""market"":{""M1_spy_regime"":{""score"":100.0},""M3_earnings_risk"":{""value"":null,""score"":80.0},""M4_vix"":{""value"":null,""score"":60.0},""_score"":84.0},""liquidity"":{""L1_price"":{""value"":66.5,""score"":100.0},""L2_dollar_vol"":{""value"":70809420.2867695,""score"":92.50455194268787},""L3_spread_proxy"":{""value"":0.03496240601503764,""score"":65.03759398496237},""L4_volume_zscore"":{""value"":-2.3564492233963703,""score"":100.0},""_score"":93.51},""pattern_structure"":{""level"":63.62,""level_idx"":42,""breakout_idx"":49,""bo_peak_idx"":58,""bo_peak_price"":67.31,""retest_idx"":64,""retest_low"":63.3,""structural_low"":63.3,""current_price"":66.825,""neckline_distance_pct"":-0.04796109240553693,""base_bars"":37,""bars_since_breakout"":30},""pattern_geometry_features"":{""retest_depth_atr"":0.3365865019796994,""bars_breakout_to_retest"":15.0,""bars_since_retest"":15.0,""current_above_level_atr"":3.37112418389043,""bo_peak_excess_pct"":0.058000628733102876,""atr_pct"":0.045253920515574676},""_schema_version"":""1.0""}",,,,,,,,,,
20260522T181904Z-97bb42,2026-05-22T18:19:04.835948+00:00,HQY,vcp,setup,51.69,79.6,43.6,57.5,53.5,14.5,43.2,28.0,84.0,83.4,11.94,10.9,6.91,6.42,1.89,3.03,1.4,5.04,4.17,True,risk_unclear,87.785,84.99,78.4946,89.66,"{""trend"":{""T1_ema_stack"":{""value"":[true,true,false],""score"":66.66666666666666},""T2_ema50_slope"":{""value"":0.02498691004655048,""score"":54.164485007758415},""T3_high_proximity"":{""value"":1.0,""score"":99.99999999999997},""T4_rs_1m"":{""value"":0.0738624990610588,""score"":100},""T5_rs_3m"":{""value"":0.06154237345809199,""score"":80.771186729046},""T6_adr_healthy"":{""value"":3.0771077130719,""score"":100.0},""_score"":79.62},""geometry"":{""sub_contraction_count"":100.0,""sub_reduction_rate"":0,""sub_pivot_tightness"":53.7,""sub_volume_dryup"":0,""sub_base_depth"":5.4,""sub_base_duration"":100.0,""_score"":43.59},""compression"":{""VC1_atr_ratio"":{""value"":0.4253823881763775,""score"":100},""VC2_range_contraction"":{""value"":0.9527918869117742,""score"":7.868018848037636},""VC3_range_pct_rank"":{""score"":59.166666666666664},""_score"":57.55},""sr_quality"":{""SR1_touches"":{""value"":2,""score"":25.0},""SR2_tightness"":{""value"":0.41449999999999676,""score"":67.63497742591291},""SR3_recency"":{""value"":248,""score"":0.0},""SR4_price_location"":{""score"":83.34488975176785},""SR5_reaction"":{""value"":4.364983533046847,""score"":100},""_score"":53.48,""_levels_found"":8,""_target_level"":88.3855},""volume"":{""V1_rvol_day"":{""value"":0.2665432946076838,""score"":0},""V2_rvol_sameslot"":{""value"":0.6684270752685327,""score"":11.228471684568849,""status"":""ok""},""V3_breakout_bar"":{""value"":0.6363022828813902,""score"":9.086818858759349},""V4_base_dryup"":{""value"":0.9990883878570042,""score"":50.09116121429958},""V5_bo_expansion"":{""value"":0.2665432946076838,""score"":0},""_score"":14.54},""readiness"":{""_distance_atr"":-1.091,""BR1_atr_distance"":{""score"":38.17605836077824},""BR2_compression"":{""score"":41.80555041165921},""BR3_retest"":{""score"":50.0},""BR4_bo_age"":{""score"":50.0},""_score"":43.22},""risk"":{""R1_stop_clarity"":{""score"":6.664584477839654},""R2_stop_distance_pct"":{""value"":10.583072278863135,""score"":35.42319302842163},""R3_stop_distance_atr"":{""value"":3.6270493060455062,""score"":100.0},""R4_rr_potential"":{""value"":0.2018223210105108,""score"":0.0},""_score"":27.96},""market"":{""M1_spy_regime"":{""score"":100.0},""M3_earnings_risk"":{""value"":null,""score"":80.0},""M4_vix"":{""value"":null,""score"":60.0},""_score"":84.0},""liquidity"":{""L1_price"":{""value"":87.785,""score"":100.0},""L2_dollar_vol"":{""value"":20135986.148139615,""score"":65.1986451891215},""L3_spread_proxy"":{""value"":0.027224468872814232,""score"":72.77553112718577},""L4_volume_zscore"":{""value"":-2.1574050935548676,""score"":100.0},""_score"":83.36},""pattern_structure"":{""n_contractions"":5,""contractions_pct"":[5.17,10.7,12.51,6.96,6.24],""descending_strict"":false,""final_low"":79.69,""final_pivot"":84.99,""structural_low"":79.69,""dry_up_ratio"":1.0596688795429703,""current_price"":87.785,""neckline_distance_pct"":-0.0318391524747964,""base_bars"":33},""pattern_geometry_features"":{""contraction_count"":5.0,""first_contraction_pct"":0.051683262209577994,""last_contraction_pct"":0.062360277679726996,""dry_up_ratio"":1.0596688795429703,""near_monotone"":0.0,""base_depth_pct"":0.055357989568515904},""_schema_version"":""1.0""}",,,,,,,,,,
20260522T181904Z-97bb42,2026-05-22T18:19:04.835948+00:00,STEP,vcp,absent,51.64,62.4,37.2,64.3,54.7,45.0,17.5,44.8,84.0,87.1,9.36,9.3,7.71,6.57,5.84,1.23,2.24,5.04,4.36,False,,53.855,57.79,48.7329,56.145,"{""trend"":{""T1_ema_stack"":{""value"":[true,true,false],""score"":66.66666666666666},""T2_ema50_slope"":{""value"":0.12058868758496805,""score"":70.09811459749467},""T3_high_proximity"":{""value"":0.9564020600248623,""score"":78.20103001243112},""T4_rs_1m"":{""value"":-0.074596867734959,""score"":0},""T5_rs_3m"":{""value"":0.13014603990020546,""score"":100},""T6_adr_healthy"":{""value"":4.054478032624865,""score"":100.0},""_score"":62.42},""geometry"":{""sub_contraction_count"":100.0,""sub_reduction_rate"":0,""sub_pivot_tightness"":0,""sub_volume_dryup"":14.7,""sub_base_depth"":0.0,""sub_base_duration"":100.0,""_score"":37.2},""compression"":{""VC1_atr_ratio"":{""value"":0.45128668327934607,""score"":100},""VC2_range_contraction"":{""value"":0.7876345445189833,""score"":35.394242580169454},""VC3_range_pct_rank"":{""score"":47.5},""_score"":64.26},""sr_quality"":{""SR1_touches"":{""value"":3,""score"":50.0},""SR2_tightness"":{""value"":0.34292856398964466,""score"":68.43005164652294},""SR3_recency"":{""value"":234,""score"":0.0},""SR4_price_location"":{""score"":57.77144021185574},""SR5_reaction"":{""value"":3.4744917529727624,""score"":100},""_score"":54.71,""_levels_found"":6,""_target_level"":57.31},""volume"":{""V1_rvol_day"":{""value"":0.792592521293675,""score"":19.506168086244998},""V2_rvol_sameslot"":{""value"":2.204235640587867,""score"":100,""status"":""ok""},""V3_breakout_bar"":{""value"":0.6286534935546458,""score"":8.576899570309722},""V4_base_dryup"":{""value"":0.5540577994810676,""score"":94.59422005189325},""V5_bo_expansion"":{""value"":0.7925925212936749,""score"":0},""_score"":44.96},""readiness"":{""_distance_atr"":1.811,""BR1_atr_distance"":{""score"":0},""BR2_compression"":{""score"":0},""BR3_retest"":{""score"":50.0},""BR4_bo_age"":{""score"":50.0},""_score"":17.5},""risk"":{""R1_stop_clarity"":{""score"":31.680092059838785},""R2_stop_distance_pct"":{""value"":9.51095534305078,""score"":62.2261164237305},""R3_stop_distance_atr"":{""value"":2.3577100115074776,""score"":100.0},""R4_rr_potential"":{""value"":0.4470800693071724,""score"":0.0},""_score"":44.76},""market"":{""M1_spy_regime"":{""score"":100.0},""M3_earnings_risk"":{""value"":null,""score"":80.0},""M4_vix"":{""value"":null,""score"":60.0},""_score"":84.0},""liquidity"":{""L1_price"":{""value"":53.855,""score"":100.0},""L2_dollar_vol"":{""value"":35590760.676240854,""score"":77.56686351084636},""L3_spread_proxy"":{""value"":0.03899359390957203,""score"":61.00640609042797},""L4_volume_zscore"":{""value"":-0.41322103851307207,""score"":100.0},""_score"":87.13},""pattern_structure"":{""n_contractions"":5,""contractions_pct"":[9.9,9.28,7.96,12.26,14.39],""descending_strict"":false,""final_low"":49.475,""final_pivot"":57.79,""structural_low"":49.475,""dry_up_ratio"":0.9263653467318592,""current_price"":53.855,""neckline_distance_pct"":0.0730665676353171,""base_bars"":37},""pattern_geometry_features"":{""contraction_count"":5.0,""first_contraction_pct"":0.0989964457453481,""last_contraction_pct"":0.1438830247447655,""dry_up_ratio"":0.9263653467318592,""near_monotone"":0.0,""base_depth_pct"":-0.03439264060213262},""_schema_version"":""1.0""}",,,,,,,,,,
20260522T181904Z-97bb42,2026-05-22T18:19:04.835948+00:00,FRMI,inverse_head_shoulders,forming,51.58,18.3,58.2,51.8,60.6,32.6,53.5,52.7,84.0,85.2,2.19,16.29,4.14,8.49,4.57,4.28,3.16,4.2,4.26,False,,6.15,6.25,5.5259,6.89,"{""trend"":{""T1_ema_stack"":{""value"":[true,false,false],""score"":33.33333333333333},""T2_ema50_slope"":{""value"":-0.6207946785390505,""score"":0},""T3_high_proximity"":{""value"":0.5216284987277354,""score"":0},""T4_rs_1m"":{""value"":-0.016353673703345395,""score"":33.64632629665461},""T5_rs_3m"":{""value"":-0.41064733799007413,""score"":0},""T6_adr_healthy"":{""value"":9.433385461262684,""score"":64.16536346843289},""_score"":18.27},""geometry"":{""sub_head_depth"":74.4,""sub_shoulder_price_sym"":92.6,""sub_shoulder_time_sym"":11.1,""sub_right_shoulder_reaction"":46.8,""sub_base_context"":30.0,""_score"":58.18},""compression"":{""VC1_atr_ratio"":{""value"":0.6842357350007633,""score"":78.94106624980918},""VC2_range_contraction"":{""value"":1.0703515955082374,""score"":0},""VC3_range_pct_rank"":{""score"":80.83333333333333},""_score"":51.78},""sr_quality"":{""SR1_touches"":{""value"":3,""score"":50.0},""SR2_tightness"":{""value"":0.0984321537348894,""score"":70.22910329156376},""SR3_recency"":{""value"":67,""score"":38.333333333333336},""SR4_price_location"":{""score"":57.46164574616457},""SR5_reaction"":{""value"":3.765514112576556,""score"":100},""_score"":60.65,""_levels_found"":6,""_target_level"":7.1667},""volume"":{""V1_rvol_day"":{""value"":0.41073134697225855,""score"":0},""V2_rvol_sameslot"":{""value"":1.1310477675938606,""score"":42.06985117292404,""status"":""ok""},""V3_breakout_bar"":{""value"":1.0889763033026765,""score"":39.2650868868451},""V4_base_dryup"":{""value"":0.7811792561164022,""score"":71.88207438835978},""V5_bo_expansion"":{""value"":0.41073134697225855,""score"":0},""_score"":32.61},""readiness"":{""_distance_atr"":0.151,""BR1_atr_distance"":{""score"":89.91830224209761},""BR2_compression"":{""score"":0},""BR3_retest"":{""score"":50.0},""BR4_bo_age"":{""score"":50.0},""_score"":53.47},""risk"":{""R1_stop_clarity"":{""score"":74.54875401017527},""R2_stop_distance_pct"":{""value"":10.14878048780488,""score"":46.280487804878014},""R3_stop_distance_atr"":{""value"":0.9438737483392202,""score"":72.19368741696101},""R4_rr_potential"":{""value"":1.1856124329087545,""score"":9.280621645437726},""_score"":52.66},""market"":{""M1_spy_regime"":{""score"":100.0},""M3_earnings_risk"":{""value"":null,""score"":80.0},""M4_vix"":{""value"":null,""score"":60.0},""_score"":84.0},""liquidity"":{""L1_price"":{""value"":6.15,""score"":98.075},""L2_dollar_vol"":{""value"":39285294.8670465,""score"":79.71150086074617},""L3_spread_proxy"":{""value"":0.06167479674796758,""score"":38.325203252032416},""L4_volume_zscore"":{""value"":-0.8740275153553632,""score"":100.0},""_score"":85.24},""pattern_structure"":{""left_shoulder"":5.915,""left_shoulder_idx"":79,""head"":5.61,""head_idx"":84,""right_shoulder"":5.95,""right_shoulder_idx"":93,""left_to_head_bars"":5,""head_to_right_bars"":9,""structural_low"":5.61,""current_price"":6.215,""neckline_distance_pct"":0.005631536604987955,""base_bars"":14},""pattern_geometry_features"":{""head_depth_pct"":0.054361567635903885,""shoulder_price_asymmetry"":0.005899705014749287,""shoulder_time_asymmetry"":0.4444444444444444,""right_shoulder_reaction"":0.46785714285714475,""atr_pct"":0.10752264808362373},""_schema_version"":""1.0""}",,,,,,,,,,
20260522T181904Z-97bb42,2026-05-22T18:19:04.835948+00:00,HBAN,double_bottom,setup,51.39,19.8,52.7,71.2,59.5,23.9,67.6,45.0,84.0,99.1,2.98,13.18,5.69,8.33,3.11,5.4,2.7,5.04,4.95,True,risk_unclear,15.94,15.91,15.1099,16.48,"{""trend"":{""T1_ema_stack"":{""value"":[false,false,false],""score"":0.0},""T2_ema50_slope"":{""value"":-0.09945932388540392,""score"":33.423446019099345},""T3_high_proximity"":{""value"":0.9087799315849487,""score"":54.38996579247435},""T4_rs_1m"":{""value"":-0.10808678381880832,""score"":0},""T5_rs_3m"":{""value"":-0.16224730252223774,""score"":0},""T6_adr_healthy"":{""value"":2.1135355201340835,""score"":100.0},""_score"":19.84},""geometry"":{""sub_low_similarity"":60.0,""sub_bounce_quality"":10.2,""sub_separation_fit"":93.3,""sub_right_bottom_reaction"":84.6,""sub_base_context"":30.0,""_score"":52.72},""compression"":{""VC1_atr_ratio"":{""value"":0.4673916430374224,""score"":100},""VC2_range_contraction"":{""value"":0.880316890751465,""score"":19.94718487475583},""VC3_range_pct_rank"":{""score"":96.66666666666667},""_score"":71.15},""sr_quality"":{""SR1_touches"":{""value"":3,""score"":50.0},""SR2_tightness"":{""value"":0.07575545451575626,""score"":56.399738408197784},""SR3_recency"":{""value"":246,""score"":0.0},""SR4_price_location"":{""score"":84.18156808803315},""SR5_reaction"":{""value"":2.2062350119904104,""score"":100},""_score"":59.51,""_levels_found"":6,""_target_level"":16.1317},""volume"":{""V1_rvol_day"":{""value"":0.39014775211135444,""score"":0},""V2_rvol_sameslot"":{""value"":0.8197864778283845,""score"":21.3190985218923,""status"":""ok""},""V3_breakout_bar"":{""value"":0.7531929474917616,""score"":16.879529832784105},""V4_base_dryup"":{""value"":0.7270420198486681,""score"":77.29579801513319},""V5_bo_expansion"":{""value"":0.39014775211135433,""score"":0},""_score"":23.94},""readiness"":{""_distance_atr"":-0.086,""BR1_atr_distance"":{""score"":100.0},""BR2_compression"":{""score"":40.24723019259826},""BR3_retest"":{""score"":50.0},""BR4_bo_age"":{""score"":50.0},""_score"":67.56},""risk"":{""R1_stop_clarity"":{""score"":0},""R2_stop_distance_pct"":{""value"":5.207653701380175,""score"":100.0},""R3_stop_distance_atr"":{""value"":2.388776978417268,""score"":100.0},""R4_rr_potential"":{""value"":0.6505240332490074,""score"":0.0},""_score"":45.0},""market"":{""M1_spy_regime"":{""score"":100.0},""M3_earnings_risk"":{""value"":null,""score"":80.0},""M4_vix"":{""value"":null,""score"":60.0},""_score"":84.0},""liquidity"":{""L1_price"":{""value"":15.94,""score"":100.0},""L2_dollar_vol"":{""value"":118715674.6876323,""score"":100.0},""L3_spread_proxy"":{""value"":0.0090966122961105,""score"":90.9033877038895},""L4_volume_zscore"":{""value"":-1.6300691539496197,""score"":100.0},""_score"":99.09},""pattern_structure"":{""left_low"":15.34,""left_idx"":39,""right_low"":15.65,""right_idx"":70,""separation_bars"":31,""structural_low"":15.34,""current_price"":15.985,""neckline_distance_pct"":-0.004691898654989008,""base_bars"":31},""pattern_geometry_features"":{""low_similarity_pct"":0.02000645369474027,""bounce_pct"":0.037157757496740565,""right_bottom_reaction"":0.8461538461538425,""atr_pct"":0.021800501882057694},""_schema_version"":""1.0""}",,,,,,,,,,
20260522T181904Z-97bb42,2026-05-22T18:19:04.835948+00:00,XEL,vcp,absent,51.24,55.5,43.2,69.5,54.6,24.7,17.5,55.8,84.0,98.8,8.33,10.81,8.34,6.56,3.21,1.23,2.79,5.04,4.94,True,risk_unclear,80.975,83.85,76.372,90.545,"{""trend"":{""T1_ema_stack"":{""value"":[true,true,true],""score"":100.0},""T2_ema50_slope"":{""value"":0.012664928374019915,""score"":52.11082139566999},""T3_high_proximity"":{""value"":0.9650220474317721,""score"":82.51102371588604},""T4_rs_1m"":{""value"":-0.03639526159219053,""score"":13.60473840780947},""T5_rs_3m"":{""value"":-0.12399687298285289,""score"":0},""T6_adr_healthy"":{""value"":1.861737258907515,""score"":100.0},""_score"":55.52},""geometry"":{""sub_contraction_count"":100.0,""sub_reduction_rate"":0,""sub_pivot_tightness"":35.3,""sub_volume_dryup"":0,""sub_base_depth"":29.5,""sub_base_duration"":100.0,""_score"":43.24},""compression"":{""VC1_atr_ratio"":{""value"":0.42115749112372663,""score"":100},""VC2_range_contraction"":{""value"":0.8412378702711614,""score"":26.46035495480644},""VC3_range_pct_rank"":{""score"":80.83333333333333},""_score"":69.47},""sr_quality"":{""SR1_touches"":{""value"":3,""score"":50.0},""SR2_tightness"":{""value"":0.32714251057027344,""score"":53.08583715253439},""SR3_recency"":{""value"":249,""score"":0.0},""SR4_price_location"":{""score"":66.73783091374887},""SR5_reaction"":{""value"":3.3246265471617593,""score"":100},""_score"":54.65,""_levels_found"":7,""_target_level"":82.2733},""volume"":{""V1_rvol_day"":{""value"":0.29309872071449933,""score"":0},""V2_rvol_sameslot"":{""value"":0.8649806811585153,""score"":24.33204541056769,""status"":""ok""},""V3_breakout_bar"":{""value"":0.9031910393551625,""score"":26.8794026236775},""V4_base_dryup"":{""value"":0.8429485567574048,""score"":65.70514432425952},""V5_bo_expansion"":{""value"":0.2930987207144994,""score"":0},""_score"":24.73},""readiness"":{""_distance_atr"":2.061,""BR1_atr_distance"":{""score"":0},""BR2_compression"":{""score"":0},""BR3_retest"":{""score"":50.0},""BR4_bo_age"":{""score"":50.0},""_score"":17.5},""risk"":{""R1_stop_clarity"":{""score"":0},""R2_stop_distance_pct"":{""value"":5.6845013893176946,""score"":100.0},""R3_stop_distance_atr"":{""value"":3.3005044814340616,""score"":100.0},""R4_rr_potential"":{""value"":2.0790675696960155,""score"":53.95337848480077},""_score"":55.79},""market"":{""M1_spy_regime"":{""score"":100.0},""M3_earnings_risk"":{""value"":null,""score"":80.0},""M4_vix"":{""value"":null,""score"":60.0},""_score"":84.0},""liquidity"":{""L1_price"":{""value"":80.975,""score"":100.0},""L2_dollar_vol"":{""value"":122363092.5014306,""score"":100.0},""L3_spread_proxy"":{""value"":0.012472985489348453,""score"":87.52701451065155},""L4_volume_zscore"":{""value"":-1.8322569240029674,""score"":100.0},""_score"":98.75},""pattern_structure"":{""n_contractions"":5,""contractions_pct"":[3.91,7.84,5.63,5.51,7.53],""descending_strict"":false,""final_low"":77.535,""final_pivot"":83.85,""structural_low"":77.535,""dry_up_ratio"":1.0294087977561133,""current_price"":80.975,""neckline_distance_pct"":0.03550478542760111,""base_bars"":56},""pattern_geometry_features"":{""contraction_count"":5.0,""first_contraction_pct"":0.03905971744034199,""last_contraction_pct"":0.07531305903398924,""dry_up_ratio"":1.0294087977561133,""near_monotone"":0.0,""base_depth_pct"":0.07948474415291472},""_schema_version"":""1.0""}",,,,,,,,,,
20260522T181904Z-97bb42,2026-05-22T18:19:04.835948+00:00,HLNE,vcp,forming,51.06,15.2,56.0,81.0,57.4,22.3,28.0,73.6,84.0,92.1,2.28,13.99,9.71,6.89,2.9,1.96,3.68,5.04,4.6,True,risk_unclear,90.76,111.01,85.1779,134.725,"{""trend"":{""T1_ema_stack"":{""value"":[true,false,false],""score"":33.33333333333333},""T2_ema50_slope"":{""value"":-0.5549495216834294,""score"":0},""T3_high_proximity"":{""value"":0.8249409198327577,""score"":12.47045991637885},""T4_rs_1m"":{""value"":-0.17540665359288976,""score"":0},""T5_rs_3m"":{""value"":-0.19804385533957047,""score"":0},""T6_adr_healthy"":{""value"":4.498730005706474,""score"":100.0},""_score"":15.2},""geometry"":{""sub_contraction_count"":100.0,""sub_reduction_rate"":0,""sub_pivot_tightness"":0,""sub_volume_dryup"":73.1,""sub_base_depth"":100.0,""sub_base_duration"":100.0,""_score"":55.96},""compression"":{""VC1_atr_ratio"":{""value"":0.4011003670293701,""score"":100},""VC2_range_contraction"":{""value"":0.6908445233390397,""score"":51.52591277682672},""VC3_range_pct_rank"":{""score"":91.66666666666666},""_score"":80.95},""sr_quality"":{""SR1_touches"":{""value"":2,""score"":25.0},""SR2_tightness"":{""value"":0.5249999999999986,""score"":69.51826415845534},""SR3_recency"":{""value"":254,""score"":0.0},""SR4_price_location"":{""score"":97.95336916492485},""SR5_reaction"":{""value"":4.438721343021135,""score"":100},""_score"":57.42,""_levels_found"":5,""_target_level"":90.995},""volume"":{""V1_rvol_day"":{""value"":0.5914247437760675,""score"":6.094982918404498},""V2_rvol_sameslot"":{""value"":1.066470406585128,""score"":37.764693772341865,""status"":""ok""},""V3_breakout_bar"":{""value"":0.758364400180988,""score"":17.224293345399204},""V4_base_dryup"":{""value"":1.038686317839577,""score"":46.13136821604229},""V5_bo_expansion"":{""value"":0.5914247437760676,""score"":0},""_score"":22.3},""readiness"":{""_distance_atr"":5.879,""BR1_atr_distance"":{""score"":0},""BR2_compression"":{""score"":41.99597943258501},""BR3_retest"":{""score"":50.0},""BR4_bo_age"":{""score"":50.0},""_score"":28.0},""risk"":{""R1_stop_clarity"":{""score"":24.688339802926578},""R2_stop_distance_pct"":{""value"":6.150424195680921,""score"":100.0},""R3_stop_distance_atr"":{""value"":1.6205034255665058,""score"":100.0},""R4_rr_potential"":{""value"":7.876032872785897,""score"":100.0},""_score"":73.64},""market"":{""M1_spy_regime"":{""score"":100.0},""M3_earnings_risk"":{""value"":null,""score"":80.0},""M4_vix"":{""value"":null,""score"":60.0},""_score"":84.0},""liquidity"":{""L1_price"":{""value"":90.76,""score"":100.0},""L2_dollar_vol"":{""value"":51368500.87171285,""score"":85.53484457720097},""L3_spread_proxy"":{""value"":0.021430145438519253,""score"":78.56985456148075},""L4_volume_zscore"":{""value"":-0.824133399918183,""score"":100.0},""_score"":92.07},""pattern_structure"":{""n_contractions"":5,""contractions_pct"":[15.81,10.53,11.24,10.56,22.1],""descending_strict"":false,""final_low"":86.475,""final_pivot"":111.01,""structural_low"":86.475,""dry_up_ratio"":0.6344483707408051,""current_price"":90.76,""neckline_distance_pct"":0.22311591009255177,""base_bars"":38},""pattern_geometry_features"":{""contraction_count"":5.0,""first_contraction_pct"":0.15809057083219893,""last_contraction_pct"":0.22101612467345294,""dry_up_ratio"":0.6344483707408051,""near_monotone"":0.0,""base_depth_pct"":0.21521916689354753},""_schema_version"":""1.0""}",,,,,,,,,,
20260522T181904Z-97bb42,2026-05-22T18:19:04.835948+00:00,CNR,ascending_triangle,forming,51.03,14.3,57.0,73.7,50.8,28.2,65.2,50.9,84.0,85.1,2.14,15.96,5.9,7.11,3.38,5.22,2.04,5.04,4.26,True,risk_unclear,85.075,85.22,81.2526,87.95,"{""trend"":{""T1_ema_stack"":{""value"":[false,false,true],""score"":33.33333333333333},""T2_ema50_slope"":{""value"":-0.27213065175316714,""score"":4.644891374472145},""T3_high_proximity"":{""value"":0.751346816214784,""score"":0},""T4_rs_1m"":{""value"":-0.08158405915861056,""score"":0},""T5_rs_3m"":{""value"":-0.11796609017009452,""score"":0},""T6_adr_healthy"":{""value"":3.6918195753681102,""score"":100.0},""_score"":14.26},""geometry"":{""sub_flat_top_quality"":100,""sub_hl_slope"":11.4,""sub_compression"":34.3,""sub_duration"":100.0,""_score"":57.0},""compression"":{""VC1_atr_ratio"":{""value"":0.26328536979146694,""score"":100},""VC2_range_contraction"":{""value"":0.8323821494853556,""score"":27.9363084191074},""VC3_range_pct_rank"":{""score"":95.83333333333334},""_score"":73.74},""sr_quality"":{""SR1_touches"":{""value"":3,""score"":50.0},""SR2_tightness"":{""value"":0.32866734279849463,""score"":79.76008269913378},""SR3_recency"":{""value"":294,""score"":0.0},""SR4_price_location"":{""score"":35.220010954902456},""SR5_reaction"":{""value"":3.0903785812732782,""score"":100},""_score"":50.77,""_levels_found"":6,""_target_level"":86.5533},""volume"":{""V1_rvol_day"":{""value"":0.39082116233199526,""score"":0},""V2_rvol_sameslot"":{""value"":0.8835632046138142,""score"":25.57088030758761,""status"":""ok""},""V3_breakout_bar"":{""value"":0.919617951850746,""score"":27.97453012338307},""V4_base_dryup"":{""value"":0.6971406003433973,""score"":80.28593996566028},""V5_bo_expansion"":{""value"":0.3908211623319952,""score"":0},""_score"":28.16},""readiness"":{""_distance_atr"":0.045,""BR1_atr_distance"":{""score"":97.02354769654858},""BR2_compression"":{""score"":35.567622415040326},""BR3_retest"":{""score"":50.0},""BR4_bo_age"":{""score"":50.0},""_score"":65.2},""risk"":{""R1_stop_clarity"":{""score"":23.801794668777603},""R2_stop_distance_pct"":{""value"":4.492918013517501,""score"":100.0},""R3_stop_distance_atr"":{""value"":1.1769354271135795,""score"":83.84677135567897},""R4_rr_potential"":{""value"":0.7521550878386305,""score"":0.0},""_score"":50.91},""market"":{""M1_spy_regime"":{""score"":100.0},""M3_earnings_risk"":{""value"":null,""score"":80.0},""M4_vix"":{""value"":null,""score"":60.0},""_score"":84.0},""liquidity"":{""L1_price"":{""value"":85.075,""score"":100.0},""L2_dollar_vol"":{""value"":23550059.686776474,""score"":68.59960060850013},""L3_spread_proxy"":{""value"":0.02303849544519534,""score"":76.96150455480466},""L4_volume_zscore"":{""value"":-2.1154301522185976,""score"":100.0},""_score"":85.14},""pattern_structure"":{""top"":85.22,""top_touches"":5,""low_slope_per_bar"":0.028145161290321914,""lowest_low"":82.49,""structural_low"":82.49,""current_price"":84.375,""neckline_distance_pct"":0.010014814814814801,""base_bars"":22},""pattern_geometry_features"":{""top_touches"":5.0,""low_slope"":0.028145161290321914,""compression"":0.17163954458993214,""atr_pct"":0.03817471978506358},""_schema_version"":""1.0""}",,,,,,,,,,
20260522T181904Z-97bb42,2026-05-22T18:19:04.835948+00:00,NIC,ascending_triangle,forming,50.8,25.8,54.8,56.4,71.0,18.6,48.5,46.5,84.0,82.4,3.87,15.36,4.51,9.94,2.23,3.88,1.86,5.04,4.12,True,risk_unclear,141.91,143.52,137.1218,147.83,"{""trend"":{""T1_ema_stack"":{""value"":[false,false,true],""score"":33.33333333333333},""T2_ema50_slope"":{""value"":-0.11501854109357086,""score"":30.830243151071524},""T3_high_proximity"":{""value"":0.8841744548286604,""score"":42.08722741433019},""T4_rs_1m"":{""value"":-0.06999258406608244,""score"":0},""T5_rs_3m"":{""value"":-0.18623109109726166,""score"":0},""T6_adr_healthy"":{""value"":2.501695306618226,""score"":100.0},""_score"":25.81},""geometry"":{""sub_flat_top_quality"":100,""sub_hl_slope"":32.8,""sub_compression"":0,""sub_duration"":100.0,""_score"":54.84},""compression"":{""VC1_atr_ratio"":{""value"":0.4643148978076284,""score"":100},""VC2_range_contraction"":{""value"":0.9905348886028802,""score"":1.5775185661866347},""VC3_range_pct_rank"":{""score"":63.33333333333333},""_score"":56.39},""sr_quality"":{""SR1_touches"":{""value"":4,""score"":75.0},""SR2_tightness"":{""value"":0.5179949324076392,""score"":70.17747269412102},""SR3_recency"":{""value"":241,""score"":0.0},""SR4_price_location"":{""score"":91.77425622867987},""SR5_reaction"":{""value"":2.6427810642370795,""score"":100},""_score"":70.97,""_levels_found"":3,""_target_level"":142.8625},""volume"":{""V1_rvol_day"":{""value"":0.8742695304304218,""score"":24.951302028694787},""V2_rvol_sameslot"":{""value"":0.5265415644077113,""score"":1.7694376271807515,""status"":""ok""},""V3_breakout_bar"":{""value"":0.17710298819940234,""score"":0},""V4_base_dryup"":{""value"":0.8381711413124909,""score"":66.1828858687509},""V5_bo_expansion"":{""value"":0.8742695304304218,""score"":0},""_score"":18.58},""readiness"":{""_distance_atr"":0.463,""BR1_atr_distance"":{""score"":69.10248475514658},""BR2_compression"":{""score"":13.524244178945876},""BR3_retest"":{""score"":50.0},""BR4_bo_age"":{""score"":50.0},""_score"":48.52},""risk"":{""R1_stop_clarity"":{""score"":0},""R2_stop_distance_pct"":{""value"":3.3740751180325574,""score"":100.0},""R3_stop_distance_atr"":{""value"":1.378341033723389,""score"":93.91705168616944},""R4_rr_potential"":{""value"":1.236385660432529,""score"":11.819283021626447},""_score"":46.45},""market"":{""M1_spy_regime"":{""score"":100.0},""M3_earnings_risk"":{""value"":null,""score"":80.0},""M4_vix"":{""value"":null,""score"":60.0},""_score"":84.0},""liquidity"":{""L1_price"":{""value"":141.91,""score"":100.0},""L2_dollar_vol"":{""value"":17004375.470551178,""score"":61.5280342989585},""L3_spread_proxy"":{""value"":0.02240152209146644,""score"":77.59847790853357},""L4_volume_zscore"":{""value"":-0.5487829356461891,""score"":100.0},""_score"":82.37},""pattern_structure"":{""top"":143.52,""top_touches"":5,""low_slope_per_bar"":0.13679365904366175,""lowest_low"":139.21,""structural_low"":139.21,""current_price"":141.4,""neckline_distance_pct"":0.014992927864215024,""base_bars"":25},""pattern_geometry_features"":{""top_touches"":5.0,""low_slope"":0.13679365904366175,""compression"":-0.03401650739481177,""atr_pct"":0.024479247410330526},""_schema_version"":""1.0""}",,,,,,,,,,
20260522T181904Z-97bb42,2026-05-22T18:19:04.835948+00:00,NOW,bull_flag,forming,50.78,35.2,69.3,46.2,52.0,14.4,17.5,77.6,84.0,94.9,4.93,20.78,4.16,5.2,2.02,1.57,2.33,5.04,4.75,False,,101.365,110.83,96.0375,136.22,"{""trend"":{""T1_ema_stack"":{""value"":[true,false,false],""score"":33.33333333333333},""T2_ema50_slope"":{""value"":-0.33807619708454467,""score"":0},""T3_high_proximity"":{""value"":0.8152243847514878,""score"":7.6121923757438985},""T4_rs_1m"":{""value"":0.14041894286226486,""score"":100},""T5_rs_3m"":{""value"":-0.08989741311292221,""score"":5.051293443538896},""T6_adr_healthy"":{""value"":4.79978003409862,""score"":100.0},""_score"":35.23},""geometry"":{""sub_pole_impulse"":100.0,""sub_flag_tightness"":49.7,""sub_flag_shallowness"":19.1,""sub_flag_drift"":95.2,""sub_flag_duration"":87.5,""_score"":69.28},""compression"":{""VC1_atr_ratio"":{""value"":0.5949266176229201,""score"":100},""VC2_range_contraction"":{""value"":1.2034459319488577,""score"":0},""VC3_range_pct_rank"":{""score"":25.0},""_score"":46.25},""sr_quality"":{""SR1_touches"":{""value"":3,""score"":50.0},""SR2_tightness"":{""value"":0.8493657764604252,""score"":69.74546639380121},""SR3_recency"":{""value"":248,""score"":0.0},""SR4_price_location"":{""score"":46.084531216477046},""SR5_reaction"":{""value"":3.2580560898577566,""score"":100},""_score"":51.98,""_levels_found"":5,""_target_level"":105.5533},""volume"":{""V1_rvol_day"":{""value"":0.6502705495300498,""score"":10.018036635336653},""V2_rvol_sameslot"":{""value"":0.767780058570266,""score"":17.8520039046844,""status"":""ok""},""V3_breakout_bar"":{""value"":0.5343040302473526,""score"":2.2869353498235085},""V4_base_dryup"":{""value"":1.0865208758463647,""score"":41.34791241536353},""V5_bo_expansion"":{""value"":0.6502705495300498,""score"":0},""_score"":14.42},""readiness"":{""_distance_atr"":1.686,""BR1_atr_distance"":{""score"":0},""BR2_compression"":{""score"":0},""BR3_retest"":{""score"":50.0},""BR4_bo_age"":{""score"":50.0},""_score"":17.5},""risk"":{""R1_stop_clarity"":{""score"":47.90553537080554},""R2_stop_distance_pct"":{""value"":5.2557588911359945,""score"":100.0},""R3_stop_distance_atr"":{""value"":0.9488316591864356,""score"":72.44158295932178},""R4_rr_potential"":{""value"":6.542468324730174,""score"":100.0},""_score"":77.63},""market"":{""M1_spy_regime"":{""score"":100.0},""M3_earnings_risk"":{""value"":null,""score"":80.0},""M4_vix"":{""value"":null,""score"":60.0},""_score"":84.0},""liquidity"":{""L1_price"":{""value"":101.365,""score"":100.0},""L2_dollar_vol"":{""value"":1795924486.8332748,""score"":100.0},""L3_spread_proxy"":{""value"":0.05087752182706066,""score"":49.12247817293934},""L4_volume_zscore"":{""value"":-0.9572633298541137,""score"":100.0},""_score"":94.91},""pattern_structure"":{""pole_low"":85.44,""pole_low_idx"":20,""peak_price"":110.83,""peak_idx"":38,""pole_gain"":0.2971676029962547,""flag_bars"":21,""flag_low"":97.5,""flag_high"":107.44,""structural_low"":97.5,""current_price"":102.1102,""neckline_distance_pct"":0.08539597415341456,""base_bars"":21},""pattern_geometry_features"":{""pole_gain"":0.2971676029962547,""pullback_pct"":0.12027429396372821,""flag_range_pct"":0.08968690787692861,""flag_drift_per_bar"":-0.0009547617093190499,""atr_pct"":0.05539190055739162,""pole_atr_multiple"":5.364820488301516},""_schema_version"":""1.0""}",,,,,,,,,,
20260522T181904Z-97bb42,2026-05-22T18:19:04.835948+00:00,SNOW,vcp,setup,50.73,56.3,49.0,59.8,59.7,16.4,32.8,28.5,84.0,96.5,8.45,12.24,7.17,7.16,2.13,2.3,1.43,5.04,4.82,False,,171.84,156.7,132.2855,207.0,"{""trend"":{""T1_ema_stack"":{""value"":[true,false,false],""score"":33.33333333333333},""T2_ema50_slope"":{""value"":-0.13841817440967955,""score"":26.930304265053408},""T3_high_proximity"":{""value"":0.9398381098227959,""score"":69.91905491139794},""T4_rs_1m"":{""value"":0.11856546674858204,""score"":100},""T5_rs_3m"":{""value"":-0.005147241893842303,""score"":47.42637905307885},""T6_adr_healthy"":{""value"":4.493177187730031,""score"":100.0},""_score"":56.32},""geometry"":{""sub_contraction_count"":100.0,""sub_reduction_rate"":0,""sub_pivot_tightness"":0,""sub_volume_dryup"":26.3,""sub_base_depth"":100.0,""sub_base_duration"":100.0,""_score"":48.95},""compression"":{""VC1_atr_ratio"":{""value"":0.41882218184129294,""score"":100},""VC2_range_contraction"":{""value"":0.946902579022087,""score"":8.849570162985506},""VC3_range_pct_rank"":{""score"":66.66666666666667},""_score"":59.76},""sr_quality"":{""SR1_touches"":{""value"":4,""score"":75.0},""SR2_tightness"":{""value"":1.698315341743107,""score"":60.0390681473542},""SR3_recency"":{""value"":275,""score"":0.0},""SR4_price_location"":{""score"":52.74709510830584},""SR5_reaction"":{""value"":2.668567534158051,""score"":100},""_score"":59.69,""_levels_found"":6,""_target_level"":185.565},""volume"":{""V1_rvol_day"":{""value"":0.47904867083260455,""score"":0},""V2_rvol_sameslot"":{""value"":0.8023446537186059,""score"":20.156310247907058,""status"":""ok""},""V3_breakout_bar"":{""value"":0.7888423730141291,""score"":19.25615820094194},""V4_base_dryup"":{""value"":1.1243247442779147,""score"":37.567525572208524},""V5_bo_expansion"":{""value"":0.47904867083260455,""score"":0},""_score"":16.36},""readiness"":{""_distance_atr"":-1.781,""BR1_atr_distance"":{""score"":24.375961673402024},""BR2_compression"":{""score"":22.164081182811028},""BR3_retest"":{""score"":50.0},""BR4_bo_age"":{""score"":50.0},""_score"":32.79},""risk"":{""R1_stop_clarity"":{""score"":52.59932284746929},""R2_stop_distance_pct"":{""value"":23.018214618249527,""score"":0.0},""R3_stop_distance_atr"":{""value"":4.653537067336255,""score"":67.32314663318726},""R4_rr_potential"":{""value"":0.8889001251437884,""score"":0.0},""_score"":28.51},""market"":{""M1_spy_regime"":{""score"":100.0},""M3_earnings_risk"":{""value"":null,""score"":80.0},""M4_vix"":{""value"":null,""score"":60.0},""_score"":84.0},""liquidity"":{""L1_price"":{""value"":171.84,""score"":100.0},""L2_dollar_vol"":{""value"":569786049.3452765,""score"":100.0},""L3_spread_proxy"":{""value"":0.03549813780260704,""score"":64.50186219739297},""L4_volume_zscore"":{""value"":-1.2826208925203435,""score"":100.0},""_score"":96.45},""pattern_structure"":{""n_contractions"":5,""contractions_pct"":[16.24,14.94,21.51,25.05,14.29],""descending_strict"":false,""final_low"":134.3,""final_pivot"":156.7,""structural_low"":134.3,""dry_up_ratio"":0.86861064165695,""current_price"":171.84,""neckline_distance_pct"":-0.08810521415270027,""base_bars"":44},""pattern_geometry_features"":{""contraction_count"":5.0,""first_contraction_pct"":0.16237811484290354,""last_contraction_pct"":0.14294830887045296,""dry_up_ratio"":0.86861064165695,""near_monotone"":0.0,""base_depth_pct"":0.2724810400866738},""_schema_version"":""1.0""}",,,,,,,,,,
20260522T181904Z-97bb42,2026-05-22T18:19:04.835948+00:00,HUBS,double_bottom,forming,50.57,5.0,70.0,55.0,66.5,16.2,22.4,82.0,84.0,95.5,0.75,17.49,4.4,9.31,2.1,1.79,4.92,5.04,4.77,False,,200.53,225.58,189.3072,258.97,"{""trend"":{""T1_ema_stack"":{""value"":[false,false,false],""score"":0.0},""T2_ema50_slope"":{""value"":-0.5611494061623316,""score"":0},""T3_high_proximity"":{""value"":0.6761869436201781,""score"":0},""T4_rs_1m"":{""value"":-0.12116058889092562,""score"":0},""T5_rs_3m"":{""value"":-0.17293172164065174,""score"":0},""T6_adr_healthy"":{""value"":6.092402550567536,""score"":100.0},""_score"":5.0},""geometry"":{""sub_low_similarity"":62.6,""sub_bounce_quality"":100,""sub_separation_fit"":100.0,""sub_right_bottom_reaction"":67.8,""sub_base_context"":30.0,""_score"":69.95},""compression"":{""VC1_atr_ratio"":{""value"":0.3864958975762315,""score"":100},""VC2_range_contraction"":{""value"":1.1720210355397225,""score"":0},""VC3_range_pct_rank"":{""score"":60.0},""_score"":55.0},""sr_quality"":{""SR1_touches"":{""value"":4,""score"":75.0},""SR2_tightness"":{""value"":3.79975883280768,""score"":56.18590244706764},""SR3_recency"":{""value"":241,""score"":0.0},""SR4_price_location"":{""score"":82.21308592720473},""SR5_reaction"":{""value"":2.5435640253544873,""score"":100},""_score"":66.48,""_levels_found"":5,""_target_level"":210.8137},""volume"":{""V1_rvol_day"":{""value"":0.35110522869726196,""score"":0},""V2_rvol_sameslot"":{""value"":1.0573122846787628,""score"":37.15415231191752,""status"":""ok""},""V3_breakout_bar"":{""value"":0.7779610619513552,""score"":18.530737463423677},""V4_base_dryup"":{""value"":1.2940861747719057,""score"":20.591382522809425},""V5_bo_expansion"":{""value"":0.3511052286972621,""score"":0},""_score"":16.18},""readiness"":{""_distance_atr"":1.444,""BR1_atr_distance"":{""score"":3.718175109377455},""BR2_compression"":{""score"":13.662832777310472},""BR3_retest"":{""score"":50.0},""BR4_bo_age"":{""score"":50.0},""_score"":22.4},""risk"":{""R1_stop_clarity"":{""score"":66.75855582204429},""R2_stop_distance_pct"":{""value"":5.596594025831544,""score"":100.0},""R3_stop_distance_atr"":{""value"":0.6470398074692948,""score"":57.351990373464744},""R4_rr_potential"":{""value"":5.2072334567422764,""score"":100.0},""_score"":81.97},""market"":{""M1_spy_regime"":{""score"":100.0},""M3_earnings_risk"":{""value"":null,""score"":80.0},""M4_vix"":{""value"":null,""score"":60.0},""_score"":84.0},""liquidity"":{""L1_price"":{""value"":200.53,""score"":100.0},""L2_dollar_vol"":{""value"":138971252.2750774,""score"":100.0},""L3_spread_proxy"":{""value"":0.04550441330474243,""score"":54.495586695257565},""L4_volume_zscore"":{""value"":-0.97993415033957,""score"":100.0},""_score"":95.45},""pattern_structure"":{""left_low"":195.8134,""left_idx"":52,""right_low"":192.19,""right_idx"":70,""separation_bars"":18,""structural_low"":192.19,""current_price"":201.595,""neckline_distance_pct"":0.11897616508345948,""base_bars"":18},""pattern_geometry_features"":{""low_similarity_pct"":0.018677155921829572,""bounce_pct"":0.17373432540714925,""right_bottom_reaction"":0.6777316735822977,""atr_pct"":0.0864953587279424},""_schema_version"":""1.0""}",,,,,,,,,,
20260522T181904Z-97bb42,2026-05-22T18:19:04.835948+00:00,TMC,vcp,absent,50.53,37.9,45.0,67.0,66.0,34.4,17.5,57.6,84.0,80.6,5.69,11.25,8.03,7.92,4.47,1.23,2.88,5.04,4.03,False,,5.545,6.22,4.7674,8.0501,"{""trend"":{""T1_ema_stack"":{""value"":[true,false,false],""score"":33.33333333333333},""T2_ema50_slope"":{""value"":0.029232540823683362,""score"":54.87209013728056},""T3_high_proximity"":{""value"":0.8401515151515152,""score"":20.07575757575758},""T4_rs_1m"":{""value"":0.0030010818155321584,""score"":53.00108181553216},""T5_rs_3m"":{""value"":-0.181993510887562,""score"":0},""T6_adr_healthy"":{""value"":6.61702746921825,""score"":100.0},""_score"":37.92},""geometry"":{""sub_contraction_count"":100.0,""sub_reduction_rate"":0,""sub_pivot_tightness"":0,""sub_volume_dryup"":0,""sub_base_depth"":100.0,""sub_base_duration"":100.0,""_score"":45.0},""compression"":{""VC1_atr_ratio"":{""value"":0.4468092711647172,""score"":100},""VC2_range_contraction"":{""value"":0.8808422881331026,""score"":19.8596186444829},""VC3_range_pct_rank"":{""score"":80.0},""_score"":66.95},""sr_quality"":{""SR1_touches"":{""value"":3,""score"":50.0},""SR2_tightness"":{""value"":0.03681787005729081,""score"":82.03724692714638},""SR3_recency"":{""value"":279,""score"":0.0},""SR4_price_location"":{""score"":94.6261682242991},""SR5_reaction"":{""value"":2.345896278742892,""score"":100},""_score"":65.96,""_levels_found"":6,""_target_level"":5.5833},""volume"":{""V1_rvol_day"":{""value"":0.6627154856099373,""score"":10.847699040662489},""V2_rvol_sameslot"":{""value"":1.169091539477891,""score"":44.60610263185939,""status"":""ok""},""V3_breakout_bar"":{""value"":0.8866867501635773,""score"":25.77911667757182},""V4_base_dryup"":{""value"":0.6586134069102583,""score"":84.13865930897417},""V5_bo_expansion"":{""value"":0.6627154856099375,""score"":0},""_score"":34.36},""readiness"":{""_distance_atr"":1.647,""BR1_atr_distance"":{""score"":0},""BR2_compression"":{""score"":0},""BR3_retest"":{""score"":50.0},""BR4_bo_age"":{""score"":50.0},""_score"":17.5},""risk"":{""R1_stop_clarity"":{""score"":64.57981216567036},""R2_stop_distance_pct"":{""value"":14.023444544634817,""score"":0.0},""R3_stop_distance_atr"":{""value"":1.8968827864996263,""score"":100.0},""R4_rr_potential"":{""value"":3.2215792181069944,""score"":100.0},""_score"":57.6},""market"":{""M1_spy_regime"":{""score"":100.0},""M3_earnings_risk"":{""value"":null,""score"":80.0},""M4_vix"":{""value"":null,""score"":60.0},""_score"":84.0},""liquidity"":{""L1_price"":{""value"":5.545,""score"":97.7725},""L2_dollar_vol"":{""value"":20645784.933236454,""score"":65.74156994952362},""L3_spread_proxy"":{""value"":0.05139765554553655,""score"":48.602344454463456},""L4_volume_zscore"":{""value"":-0.7969511644508027,""score"":100.0},""_score"":80.6},""pattern_structure"":{""n_contractions"":5,""contractions_pct"":[16.94,39.86,13.11,16.47,22.19],""descending_strict"":false,""final_low"":4.84,""final_pivot"":6.22,""structural_low"":4.84,""dry_up_ratio"":1.0530123471136064,""current_price"":5.545,""neckline_distance_pct"":0.12173128944995489,""base_bars"":57},""pattern_geometry_features"":{""contraction_count"":5.0,""first_contraction_pct"":0.16942774471147354,""last_contraction_pct"":0.22186495176848875,""dry_up_ratio"":1.0530123471136064,""near_monotone"":0.0,""base_depth_pct"":0.2743736975457639},""_schema_version"":""1.0""}",,,,,,,,,,
20260522T181904Z-97bb42,2026-05-22T18:19:04.835948+00:00,AVAV,double_bottom,absent,50.52,5.0,49.2,67.7,55.5,52.3,49.3,62.4,84.0,95.0,0.75,12.31,5.42,7.77,6.8,3.94,3.74,5.04,4.75,False,,170.74,173.47,158.6244,185.9,"{""trend"":{""T1_ema_stack"":{""value"":[false,false,false],""score"":0.0},""T2_ema50_slope"":{""value"":-0.7812087299357862,""score"":0},""T3_high_proximity"":{""value"":0.6510581506196378,""score"":0},""T4_rs_1m"":{""value"":-0.2095807370055659,""score"":0},""T5_rs_3m"":{""value"":-0.44215240156029656,""score"":0},""T6_adr_healthy"":{""value"":5.032001119887926,""score"":100.0},""_score"":5.0},""geometry"":{""sub_low_similarity"":70.9,""sub_bounce_quality"":67.4,""sub_separation_fit"":0.0,""sub_right_bottom_reaction"":56.5,""sub_base_context"":30.0,""_score"":49.23},""compression"":{""VC1_atr_ratio"":{""value"":0.4055119454747245,""score"":100},""VC2_range_contraction"":{""value"":0.7715023629631881,""score"":38.08293950613532},""VC3_range_pct_rank"":{""score"":57.49999999999999},""_score"":67.7},""sr_quality"":{""SR1_touches"":{""value"":2,""score"":25.0},""SR2_tightness"":{""value"":0.34250000000000114,""score"":92.24235560588899},""SR3_recency"":{""value"":255,""score"":0.0},""SR4_price_location"":{""score"":76.66935918147558},""SR5_reaction"":{""value"":2.848527746319368,""score"":100},""_score"":55.5,""_levels_found"":5,""_target_level"":175.0725},""volume"":{""V1_rvol_day"":{""value"":0.6381354264756218,""score"":9.209028431708122},""V2_rvol_sameslot"":{""value"":1.7636664047483404,""score"":84.24442698322268,""status"":""ok""},""V3_breakout_bar"":{""value"":1.4104471972690578,""score"":60.69647981793719},""V4_base_dryup"":{""value"":0.577849951304191,""score"":92.2150048695809},""V5_bo_expansion"":{""value"":0.6381354264756219,""score"":0},""_score"":52.31},""readiness"":{""_distance_atr"":0.309,""BR1_atr_distance"":{""score"":79.38844847112125},""BR2_compression"":{""score"":0},""BR3_retest"":{""score"":50.0},""BR4_bo_age"":{""score"":50.0},""_score"":49.26},""risk"":{""R1_stop_clarity"":{""score"":45.28652321630777},""R2_stop_distance_pct"":{""value"":7.0959353402834875,""score"":100.0},""R3_stop_distance_atr"":{""value"":1.3720951302378288,""score"":93.60475651189144},""R4_rr_potential"":{""value"":1.251279342335498,""score"":12.563967116774899},""_score"":62.4},""market"":{""M1_spy_regime"":{""score"":100.0},""M3_earnings_risk"":{""value"":null,""score"":80.0},""M4_vix"":{""value"":null,""score"":60.0},""_score"":84.0},""liquidity"":{""L1_price"":{""value"":170.74,""score"":100.0},""L2_dollar_vol"":{""value"":112291216.93877366,""score"":100.0},""L3_spread_proxy"":{""value"":0.05006793955722163,""score"":49.93206044277837},""L4_volume_zscore"":{""value"":-1.2346285829272834,""score"":100.0},""_score"":94.99},""pattern_structure"":{""left_low"":163.4,""left_idx"":26,""right_low"":161.04,""right_idx"":75,""separation_bars"":49,""structural_low"":161.04,""current_price"":172.26,""neckline_distance_pct"":0.007024265644955347,""base_bars"":49},""pattern_geometry_features"":{""low_similarity_pct"":0.014548144495130155,""bounce_pct"":0.07718579234972682,""right_bottom_reaction"":0.5653196014776719,""atr_pct"":0.05171605950568115},""_schema_version"":""1.0""}",,,,,,,,,,
20260522T181904Z-97bb42,2026-05-22T18:19:04.835948+00:00,V,vcp,absent,50.48,67.8,40.2,60.2,50.2,26.3,18.1,46.7,84.0,98.7,10.17,10.06,7.23,6.03,3.41,1.27,2.33,5.04,4.94,True,risk_unclear,329.96,341.98,311.4176,351.59,"{""trend"":{""T1_ema_stack"":{""value"":[true,true,false],""score"":66.66666666666666},""T2_ema50_slope"":{""value"":0.10547656872813074,""score"":67.57942812135512},""T3_high_proximity"":{""value"":0.9853670190527384,""score"":92.68350952636916},""T4_rs_1m"":{""value"":0.013041543191871563,""score"":63.04154319187156},""T5_rs_3m"":{""value"":-0.019031215977231897,""score"":40.48439201138405},""T6_adr_healthy"":{""value"":1.7222911131905412,""score"":100.0},""_score"":67.77},""geometry"":{""sub_contraction_count"":100.0,""sub_reduction_rate"":0,""sub_pivot_tightness"":35.0,""sub_volume_dryup"":0,""sub_base_depth"":0.0,""sub_base_duration"":100.0,""_score"":40.25},""compression"":{""VC1_atr_ratio"":{""value"":0.44860807742047193,""score"":100},""VC2_range_contraction"":{""value"":0.9710023719749199,""score"":4.832938004180018},""VC3_range_pct_rank"":{""score"":74.16666666666667},""_score"":60.23},""sr_quality"":{""SR1_touches"":{""value"":2,""score"":25.0},""SR2_tightness"":{""value"":0.5300000000000011,""score"":81.89358454561311},""SR3_recency"":{""value"":228,""score"":0.0},""SR4_price_location"":{""score"":61.818181818181614},""SR5_reaction"":{""value"":2.686923727334948,""score"":100},""_score"":50.24,""_levels_found"":6,""_target_level"":334.64},""volume"":{""V1_rvol_day"":{""value"":0.38839082083617177,""score"":0},""V2_rvol_sameslot"":{""value"":1.0318401277286775,""score"":35.456008515245166,""status"":""ok""},""V3_breakout_bar"":{""value"":0.8972194646258841,""score"":26.481297641725604},""V4_base_dryup"":{""value"":0.8727633762795577,""score"":62.72366237204423},""V5_bo_expansion"":{""value"":0.38839082083617177,""score"":0},""_score"":26.26},""readiness"":{""_distance_atr"":2.053,""BR1_atr_distance"":{""score"":0},""BR2_compression"":{""score"":2.6006070949086135},""BR3_retest"":{""score"":50.0},""BR4_bo_age"":{""score"":50.0},""_score"":18.15},""risk"":{""R1_stop_clarity"":{""score"":0},""R2_stop_distance_pct"":{""value"":5.6195902533640405,""score"":100.0},""R3_stop_distance_atr"":{""value"":3.1673245086926656,""score"":100.0},""R4_rr_potential"":{""value"":1.1665156614030552,""score"":8.32578307015276},""_score"":46.67},""market"":{""M1_spy_regime"":{""score"":100.0},""M3_earnings_risk"":{""value"":null,""score"":80.0},""M4_vix"":{""value"":null,""score"":60.0},""_score"":84.0},""liquidity"":{""L1_price"":{""value"":329.96,""score"":100.0},""L2_dollar_vol"":{""value"":999925742.5561119,""score"":100.0},""L3_spread_proxy"":{""value"":0.013031882652442756,""score"":86.96811734755724},""L4_volume_zscore"":{""value"":-1.566051516102056,""score"":100.0},""_score"":98.7},""pattern_structure"":{""n_contractions"":5,""contractions_pct"":[6.06,5.01,2.81,4.68,7.55],""descending_strict"":false,""final_low"":316.16,""final_pivot"":341.98,""structural_low"":316.16,""dry_up_ratio"":1.0026366502911768,""current_price"":329.96,""neckline_distance_pct"":0.03642865801915396,""base_bars"":46},""pattern_geometry_features"":{""contraction_count"":5.0,""first_contraction_pct"":0.06062866439512533,""last_contraction_pct"":0.07550149131528157,""dry_up_ratio"":1.0026366502911768,""near_monotone"":0.0,""base_depth_pct"":0.029499340025171003},""_schema_version"":""1.0""}",,,,,,,,,,
20260522T181904Z-97bb42,2026-05-22T18:19:04.835948+00:00,V,ascending_triangle,absent,50.46,67.8,37.9,60.2,50.2,26.0,34.4,50.0,84.0,98.7,10.17,10.6,4.82,7.03,3.12,2.75,2.0,5.04,4.94,True,risk_unclear,329.96,335.17,318.9134,346.57,"{""trend"":{""T1_ema_stack"":{""value"":[true,true,false],""score"":66.66666666666666},""T2_ema50_slope"":{""value"":0.10547656872813074,""score"":67.57942812135512},""T3_high_proximity"":{""value"":0.9853670190527384,""score"":92.68350952636916},""T4_rs_1m"":{""value"":0.013041543191871563,""score"":63.04154319187156},""T5_rs_3m"":{""value"":-0.019031215977231897,""score"":40.48439201138405},""T6_adr_healthy"":{""value"":1.7222911131905412,""score"":100.0},""_score"":67.77},""geometry"":{""sub_flat_top_quality"":33.3,""sub_hl_slope"":21.3,""sub_compression"":25.9,""sub_duration"":100.0,""_score"":37.85},""compression"":{""VC1_atr_ratio"":{""value"":0.44860807742047193,""score"":100},""VC2_range_contraction"":{""value"":0.9710023719749199,""score"":4.832938004180018},""VC3_range_pct_rank"":{""score"":74.16666666666667},""_score"":60.23},""sr_quality"":{""SR1_touches"":{""value"":2,""score"":25.0},""SR2_tightness"":{""value"":0.5300000000000011,""score"":81.89358454561311},""SR3_recency"":{""value"":228,""score"":0.0},""SR4_price_location"":{""score"":61.818181818181614},""SR5_reaction"":{""value"":2.686923727334948,""score"":100},""_score"":50.24,""_levels_found"":6,""_target_level"":334.64},""volume"":{""V1_rvol_day"":{""value"":0.38839082083617177,""score"":0},""V2_rvol_sameslot"":{""value"":1.0318401277286775,""score"":35.456008515245166,""status"":""ok""},""V3_breakout_bar"":{""value"":0.8972194646258841,""score"":26.481297641725604},""V4_base_dryup"":{""value"":0.8870350569742484,""score"":61.296494302575155},""V5_bo_expansion"":{""value"":0.38839082083617177,""score"":0},""_score"":25.97},""readiness"":{""_distance_atr"":0.89,""BR1_atr_distance"":{""score"":40.67017325952443},""BR2_compression"":{""score"":2.6006070949086135},""BR3_retest"":{""score"":50.0},""BR4_bo_age"":{""score"":50.0},""_score"":34.42},""risk"":{""R1_stop_clarity"":{""score"":0},""R2_stop_distance_pct"":{""value"":3.3478451933567785,""score"":100.0},""R3_stop_distance_atr"":{""value"":1.8869190909212976,""score"":100.0},""R4_rr_potential"":{""value"":1.5036368821034651,""score"":25.181844105173255},""_score"":50.04},""market"":{""M1_spy_regime"":{""score"":100.0},""M3_earnings_risk"":{""value"":null,""score"":80.0},""M4_vix"":{""value"":null,""score"":60.0},""_score"":84.0},""liquidity"":{""L1_price"":{""value"":329.96,""score"":100.0},""L2_dollar_vol"":{""value"":999925742.5561119,""score"":100.0},""L3_spread_proxy"":{""value"":0.013031882652442756,""score"":86.96811734755724},""L4_volume_zscore"":{""value"":-1.566051516102056,""score"":100.0},""_score"":98.7},""pattern_structure"":{""top"":335.17,""top_touches"":2,""low_slope_per_bar"":0.20685221518987587,""lowest_low"":323.77,""structural_low"":323.77,""current_price"":330.39,""neckline_distance_pct"":0.014467750234571355,""base_bars"":49},""pattern_geometry_features"":{""top_touches"":2.0,""low_slope"":0.20685221518987587,""compression"":0.1292827536581883,""atr_pct"":0.017742388687806303},""_schema_version"":""1.0""}",,,,,,,,,,
20260522T181904Z-97bb42,2026-05-22T18:19:04.835948+00:00,AXON,double_bottom,forming,50.45,5.0,61.8,53.8,63.6,27.6,37.9,76.3,84.0,95.9,0.75,15.45,4.3,8.91,3.59,3.03,4.58,5.04,4.79,False,,384.935,414.5,373.5021,449.81,"{""trend"":{""T1_ema_stack"":{""value"":[false,false,false],""score"":0.0},""T2_ema50_slope"":{""value"":-0.38875789929853294,""score"":0},""T3_high_proximity"":{""value"":0.6647239634599112,""score"":0},""T4_rs_1m"":{""value"":-0.0748285988118279,""score"":0},""T5_rs_3m"":{""value"":-0.1864363523078456,""score"":0},""T6_adr_healthy"":{""value"":5.608738334603055,""score"":100.0},""_score"":5.0},""geometry"":{""sub_low_similarity"":93.5,""sub_bounce_quality"":90.2,""sub_separation_fit"":0.0,""sub_right_bottom_reaction"":64.8,""sub_base_context"":30.0,""_score"":61.81},""compression"":{""VC1_atr_ratio"":{""value"":0.32316343688240595,""score"":100},""VC2_range_contraction"":{""value"":1.0281492192806647,""score"":0},""VC3_range_pct_rank"":{""score"":55.00000000000001},""_score"":53.75},""sr_quality"":{""SR1_touches"":{""value"":6,""score"":100},""SR2_tightness"":{""value"":2.98721191451531,""score"":76.29516048535736},""SR3_recency"":{""value"":229,""score"":0.0},""SR4_price_location"":{""score"":28.649759794069762},""SR5_reaction"":{""value"":2.597174926845167,""score"":100},""_score"":63.61,""_levels_found"":4,""_target_level"":414.6351},""volume"":{""V1_rvol_day"":{""value"":0.5086045500557748,""score"":0.5736366703849842},""V2_rvol_sameslot"":{""value"":1.243176345727251,""score"":49.54508971515008,""status"":""ok""},""V3_breakout_bar"":{""value"":1.0447630043141884,""score"":36.317533620945895},""V4_base_dryup"":{""value"":1.0733543265352181,""score"":42.66456734647819},""V5_bo_expansion"":{""value"":0.5086045500557748,""score"":0},""_score"":27.64},""readiness"":{""_distance_atr"":1.173,""BR1_atr_distance"":{""score"":21.796243419607606},""BR2_compression"":{""score"":46.62958124082691},""BR3_retest"":{""score"":50.0},""BR4_bo_age"":{""score"":50.0},""_score"":37.88},""risk"":{""R1_stop_clarity"":{""score"":54.86441026222355},""R2_stop_distance_pct"":{""value"":2.9700728694454988,""score"":100.0},""R3_stop_distance_atr"":{""value"":0.45362344922381614,""score"":47.68117246119081},""R4_rr_potential"":{""value"":5.674438132224234,""score"":100.0},""_score"":76.35},""market"":{""M1_spy_regime"":{""score"":100.0},""M3_earnings_risk"":{""value"":null,""score"":80.0},""M4_vix"":{""value"":null,""score"":60.0},""_score"":84.0},""liquidity"":{""L1_price"":{""value"":384.935,""score"":100.0},""L2_dollar_vol"":{""value"":229104835.766714,""score"":100.0},""L3_spread_proxy"":{""value"":0.041435567043786585,""score"":58.564432956213416},""L4_volume_zscore"":{""value"":-1.1081399229247182,""score"":100.0},""_score"":95.86},""pattern_structure"":{""left_low"":379.19,""left_idx"":25,""right_low"":380.43,""right_idx"":70,""separation_bars"":45,""structural_low"":379.19,""current_price"":385.785,""neckline_distance_pct"":0.07443265031040598,""base_bars"":45},""pattern_geometry_features"":{""low_similarity_pct"":0.003264790289881807,""bounce_pct"":0.09311954429177985,""right_bottom_reaction"":0.6482993197278898,""atr_pct"":0.06547441219203982},""_schema_version"":""1.0""}",,,,,,,,,,
20260522T181904Z-97bb42,2026-05-22T18:19:04.835948+00:00,XEL,tight_consolidation,absent,50.35,55.5,19.6,69.5,54.6,27.8,57.2,45.0,84.0,98.8,8.88,3.92,12.5,5.46,3.61,4.58,2.25,4.2,4.94,True,risk_unclear,80.975,80.99,76.372,84.445,"{""trend"":{""T1_ema_stack"":{""value"":[true,true,true],""score"":100.0},""T2_ema50_slope"":{""value"":0.012664928374019915,""score"":52.11082139566999},""T3_high_proximity"":{""value"":0.9650220474317721,""score"":82.51102371588604},""T4_rs_1m"":{""value"":-0.03639526159219053,""score"":13.60473840780947},""T5_rs_3m"":{""value"":-0.12399687298285289,""score"":0},""T6_adr_healthy"":{""value"":1.861737258907515,""score"":100.0},""_score"":55.52},""geometry"":{""sub_tightness"":17.4,""sub_duration"":50.0,""sub_dry_up"":12.8,""sub_location"":9.7,""_score"":19.6},""compression"":{""VC1_atr_ratio"":{""value"":0.42115749112372663,""score"":100},""VC2_range_contraction"":{""value"":0.8412378702711614,""score"":26.46035495480644},""VC3_range_pct_rank"":{""score"":80.83333333333333},""_score"":69.47},""sr_quality"":{""SR1_touches"":{""value"":3,""score"":50.0},""SR2_tightness"":{""value"":0.32714251057027344,""score"":53.08583715253439},""SR3_recency"":{""value"":249,""score"":0.0},""SR4_price_location"":{""score"":66.73783091374887},""SR5_reaction"":{""value"":3.3246265471617593,""score"":100},""_score"":54.65,""_levels_found"":7,""_target_level"":82.2733},""volume"":{""V1_rvol_day"":{""value"":0.29309872071449933,""score"":0},""V2_rvol_sameslot"":{""value"":0.8649806811585153,""score"":24.33204541056769,""status"":""ok""},""V3_breakout_bar"":{""value"":0.9031910393551625,""score"":26.8794026236775},""V4_base_dryup"":{""value"":0.6895855967050586,""score"":81.04144032949414},""V5_bo_expansion"":{""value"":0.2930987207144994,""score"":0},""_score"":27.79},""readiness"":{""_distance_atr"":0.011,""BR1_atr_distance"":{""score"":99.28297055057615},""BR2_compression"":{""score"":0},""BR3_retest"":{""score"":50.0},""BR4_bo_age"":{""score"":50.0},""_score"":57.21},""risk"":{""R1_stop_clarity"":{""score"":0},""R2_stop_distance_pct"":{""value"":5.6845013893176946,""score"":100.0},""R3_stop_distance_atr"":{""value"":3.3005044814340616,""score"":100.0},""R4_rr_potential"":{""value"":0.7538520863997039,""score"":0.0},""_score"":45.0},""market"":{""M1_spy_regime"":{""score"":100.0},""M3_earnings_risk"":{""value"":null,""score"":80.0},""M4_vix"":{""value"":null,""score"":60.0},""_score"":84.0},""liquidity"":{""L1_price"":{""value"":80.975,""score"":100.0},""L2_dollar_vol"":{""value"":122363092.5014306,""score"":100.0},""L3_spread_proxy"":{""value"":0.012472985489348453,""score"":87.52701451065155},""L4_volume_zscore"":{""value"":-1.8322569240029674,""score"":100.0},""_score"":98.75},""pattern_structure"":{""window_bars"":8,""range_pct"":0.042667489966038884,""range_atr"":2.4773367477592827,""vol_ratio"":0.7862471491489088,""range_location_63d"":0.5889355742296916,""pivot_high"":80.99,""pivot_low"":77.535,""structural_low"":77.535,""current_price"":80.975,""neckline_distance_pct"":0.0001852423587527085,""base_bars"":8},""pattern_geometry_features"":{""range_pct"":0.042667489966038884,""range_atr"":2.4773367477592827,""duration_bars"":8.0,""vol_dryup_ratio"":0.7862471491489088,""location_in_range"":0.5889355742296916,""atr_pct"":0.017223128831649975},""_schema_version"":""1.0""}",,,,,,,,,,
20260522T181904Z-97bb42,2026-05-22T18:19:04.835948+00:00,V,cup_with_handle,absent,50.17,67.8,44.9,60.2,50.2,19.8,18.1,64.2,84.0,98.7,9.49,13.47,4.82,6.03,2.57,1.45,3.21,4.2,4.94,True,risk_unclear,329.96,341.98,311.4176,384.15,"{""trend"":{""T1_ema_stack"":{""value"":[true,true,false],""score"":66.66666666666666},""T2_ema50_slope"":{""value"":0.10547656872813074,""score"":67.57942812135512},""T3_high_proximity"":{""value"":0.9853670190527384,""score"":92.68350952636916},""T4_rs_1m"":{""value"":0.013041543191871563,""score"":63.04154319187156},""T5_rs_3m"":{""value"":-0.019031215977231897,""score"":40.48439201138405},""T6_adr_healthy"":{""value"":1.7222911131905412,""score"":100.0},""_score"":67.77},""geometry"":{""sub_cup_depth"":45.5,""sub_cup_duration"":0.0,""sub_rim_symmetry"":64.8,""sub_handle_shallowness"":37.1,""sub_handle_proportion"":100.0,""sub_u_shape"":36.2,""_score"":44.91},""compression"":{""VC1_atr_ratio"":{""value"":0.44860807742047193,""score"":100},""VC2_range_contraction"":{""value"":0.9710023719749199,""score"":4.832938004180018},""VC3_range_pct_rank"":{""score"":74.16666666666667},""_score"":60.23},""sr_quality"":{""SR1_touches"":{""value"":2,""score"":25.0},""SR2_tightness"":{""value"":0.5300000000000011,""score"":81.89358454561311},""SR3_recency"":{""value"":228,""score"":0.0},""SR4_price_location"":{""score"":61.818181818181614},""SR5_reaction"":{""value"":2.686923727334948,""score"":100},""_score"":50.24,""_levels_found"":6,""_target_level"":334.64},""volume"":{""V1_rvol_day"":{""value"":0.38839082083617177,""score"":0},""V2_rvol_sameslot"":{""value"":1.0318401277286775,""score"":35.456008515245166,""status"":""ok""},""V3_breakout_bar"":{""value"":0.8972194646258841,""score"":26.481297641725604},""V4_base_dryup"":{""value"":1.1980087523034375,""score"":30.19912476965625},""V5_bo_expansion"":{""value"":0.38839082083617177,""score"":0},""_score"":19.75},""readiness"":{""_distance_atr"":2.053,""BR1_atr_distance"":{""score"":0},""BR2_compression"":{""score"":2.6006070949086135},""BR3_retest"":{""score"":50.0},""BR4_bo_age"":{""score"":50.0},""_score"":18.15},""risk"":{""R1_stop_clarity"":{""score"":0},""R2_stop_distance_pct"":{""value"":5.6195902533640405,""score"":100.0},""R3_stop_distance_atr"":{""value"":3.1673245086926656,""score"":100.0},""R4_rr_potential"":{""value"":2.9224911554059934,""score"":96.12455777029967},""_score"":64.22},""market"":{""M1_spy_regime"":{""score"":100.0},""M3_earnings_risk"":{""value"":null,""score"":80.0},""M4_vix"":{""value"":null,""score"":60.0},""_score"":84.0},""liquidity"":{""L1_price"":{""value"":329.96,""score"":100.0},""L2_dollar_vol"":{""value"":999925742.5561119,""score"":100.0},""L3_spread_proxy"":{""value"":0.013031882652442756,""score"":86.96811734755724},""L4_volume_zscore"":{""value"":-1.566051516102056,""score"":100.0},""_score"":98.7},""pattern_structure"":{""left_rim"":336.06,""left_rim_idx"":57,""cup_bottom"":293.89,""cup_bottom_idx"":143,""right_rim"":341.98,""right_rim_idx"":162,""handle_low"":316.16,""handle_bars"":17,""cup_bars"":105,""structural_low"":316.16,""current_price"":329.96,""neckline_distance_pct"":0.03642865801915396,""base_bars"":122},""pattern_geometry_features"":{""cup_depth_pct"":0.1254835446051301,""rim_symmetry_pct"":0.017615901922275832,""handle_depth_pct"":0.07550149131528157,""handle_to_cup_ratio"":0.1619047619047619,""cup_duration_bars"":105.0,""atr_pct"":0.017742388687806303,""u_shape_score"":0.18095238095238095},""_schema_version"":""1.0""}",,,,,,,,,,
20260522T181904Z-97bb42,2026-05-22T18:19:04.835948+00:00,EPRT,vcp,forming,50.04,37.0,59.4,69.4,41.8,18.1,37.5,45.0,84.0,80.8,5.54,14.84,8.33,5.01,2.36,2.62,2.25,5.04,4.04,True,risk_unclear,31.37,31.73,29.6583,32.82,"{""trend"":{""T1_ema_stack"":{""value"":[true,false,true],""score"":66.66666666666666},""T2_ema50_slope"":{""value"":-0.08206649142434691,""score"":36.32225142927551},""T3_high_proximity"":{""value"":0.9069095114194854,""score"":53.45475570974267},""T4_rs_1m"":{""value"":-0.0593320091816808,""score"":0},""T5_rs_3m"":{""value"":-0.1480546709068078,""score"":0},""T6_adr_healthy"":{""value"":1.5775529889438817,""score"":100.0},""_score"":36.95},""geometry"":{""sub_contraction_count"":100.0,""sub_reduction_rate"":0,""sub_pivot_tightness"":69.9,""sub_volume_dryup"":92.5,""sub_base_depth"":0.0,""sub_base_duration"":100.0,""_score"":59.36},""compression"":{""VC1_atr_ratio"":{""value"":0.4317191503171639,""score"":100},""VC2_range_contraction"":{""value"":0.8204463031435125,""score"":29.925616142747913},""VC3_range_pct_rank"":{""score"":75.83333333333333},""_score"":69.43},""sr_quality"":{""SR1_touches"":{""value"":2,""score"":25.0},""SR2_tightness"":{""value"":0.005000000000002558,""score"":97.91356184798701},""SR3_recency"":{""value"":256,""score"":0.0},""SR4_price_location"":{""score"":18.41820151679298},""SR5_reaction"":{""value"":2.7645305514157927,""score"":100},""_score"":41.79,""_levels_found"":4,""_target_level"":32.625},""volume"":{""V1_rvol_day"":{""value"":0.25847681862550975,""score"":0},""V2_rvol_sameslot"":{""value"":0.4776387726251076,""score"":0,""status"":""ok""},""V3_breakout_bar"":{""value"":0.5551992818026323,""score"":3.6799521201754892},""V4_base_dryup"":{""value"":0.6399864596794143,""score"":86.00135403205857},""V5_bo_expansion"":{""value"":0.25847681862550975,""score"":0},""_score"":18.12},""readiness"":{""_distance_atr"":0.751,""BR1_atr_distance"":{""score"":49.925484351714},""BR2_compression"":{""score"":0},""BR3_retest"":{""score"":50.0},""BR4_bo_age"":{""score"":50.0},""_score"":37.47},""risk"":{""R1_stop_clarity"":{""score"":0},""R2_stop_distance_pct"":{""value"":5.4563277016257645,""score"":100.0},""R3_stop_distance_atr"":{""value"":3.5712518628912076,""score"":100.0},""R4_rr_potential"":{""value"":0.8471358046329549,""score"":0.0},""_score"":45.0},""market"":{""M1_spy_regime"":{""score"":100.0},""M3_earnings_risk"":{""value"":null,""score"":80.0},""M4_vix"":{""value"":null,""score"":60.0},""_score"":84.0},""liquidity"":{""L1_price"":{""value"":31.37,""score"":100.0},""L2_dollar_vol"":{""value"":12843548.90150051,""score"":55.434252181107894},""L3_spread_proxy"":{""value"":0.013229199872489612,""score"":86.77080012751038},""L4_volume_zscore"":{""value"":-1.799832400951877,""score"":100.0},""_score"":80.85},""pattern_structure"":{""n_contractions"":5,""contractions_pct"":[6.09,4.78,13.3,7.77,5.11],""descending_strict"":false,""final_low"":30.11,""final_pivot"":31.73,""structural_low"":30.11,""dry_up_ratio"":0.5375779347337901,""current_price"":31.37,""neckline_distance_pct"":0.011475932419509066,""base_bars"":80},""pattern_geometry_features"":{""contraction_count"":5.0,""first_contraction_pct"":0.060897435897435855,""last_contraction_pct"":0.051055783170501134,""dry_up_ratio"":0.5375779347337901,""near_monotone"":0.0,""base_depth_pct"":0.03493589743589743},""_schema_version"":""1.0""}",,,,,,,,,,
20260522T181904Z-97bb42,2026-05-22T18:19:04.835948+00:00,SAIL,vcp,breakout_confirmed,49.76,77.5,50.0,50.2,50.6,12.4,22.3,24.8,84.0,81.9,11.62,12.49,6.03,6.08,1.61,1.56,1.24,5.04,4.09,False,,15.7,12.73,11.2093,17.775,"{""trend"":{""T1_ema_stack"":{""value"":[true,true,false],""score"":66.66666666666666},""T2_ema50_slope"":{""value"":-0.11260399661492217,""score"":31.232667230846307},""T3_high_proximity"":{""value"":0.9943001899936669,""score"":97.15009499683342},""T4_rs_1m"":{""value"":0.297077490018516,""score"":100},""T5_rs_3m"":{""value"":0.12533724153172465,""score"":100},""T6_adr_healthy"":{""value"":5.747597110299623,""score"":100.0},""_score"":77.49},""geometry"":{""sub_contraction_count"":100.0,""sub_reduction_rate"":22.8,""sub_pivot_tightness"":0,""sub_volume_dryup"":0,""sub_base_depth"":92.8,""sub_base_duration"":100.0,""_score"":49.98},""compression"":{""VC1_atr_ratio"":{""value"":0.5988645315078768,""score"":100},""VC2_range_contraction"":{""value"":1.0634662035210236,""score"":0},""VC3_range_pct_rank"":{""score"":40.833333333333336},""_score"":50.21},""sr_quality"":{""SR1_touches"":{""value"":2,""score"":25.0},""SR2_tightness"":{""value"":0.18395000000000117,""score"":55.45658171251626},""SR3_recency"":{""value"":250,""score"":0.0},""SR4_price_location"":{""score"":79.33780145500367},""SR5_reaction"":{""value"":4.674758499018428,""score"":100},""_score"":50.65,""_levels_found"":6,""_target_level"":16.2411},""volume"":{""V1_rvol_day"":{""value"":0.46822966445489145,""score"":0},""V2_rvol_sameslot"":{""value"":0.8147325211393999,""score"":20.982168075959994,""status"":""ok""},""V3_breakout_bar"":{""value"":0.7300697959884398,""score"":15.337986399229319},""V4_base_dryup"":{""value"":1.2829970740377938,""score"":21.70029259622062},""V5_bo_expansion"":{""value"":0.46822966445489145,""score"":0},""_score"":12.37},""readiness"":{""_distance_atr"":-3.596,""BR1_atr_distance"":{""score"":0},""BR2_compression"":{""score"":19.096086903721574},""BR3_retest"":{""score"":50.0},""BR4_bo_age"":{""score"":50.0},""_score"":22.27},""risk"":{""R1_stop_clarity"":{""score"":58.66506386695608},""R2_stop_distance_pct"":{""value"":28.60318471337579,""score"":0.0},""R3_stop_distance_atr"":{""value"":5.4371059663930925,""score"":28.144701680345374},""R4_rr_potential"":{""value"":0.4620660476095041,""score"":0.0},""_score"":24.75},""market"":{""M1_spy_regime"":{""score"":100.0},""M3_earnings_risk"":{""value"":null,""score"":80.0},""M4_vix"":{""value"":null,""score"":60.0},""_score"":84.0},""liquidity"":{""L1_price"":{""value"":15.7,""score"":100.0},""L2_dollar_vol"":{""value"":23160265.836579498,""score"":68.23717699866152},""L3_spread_proxy"":{""value"":0.05431210191082806,""score"":45.68789808917194},""L4_volume_zscore"":{""value"":-1.1719768657938485,""score"":100.0},""_score"":81.86},""pattern_structure"":{""n_contractions"":5,""contractions_pct"":[22.01,28.26,23.87,11.21,10.6],""descending_strict"":false,""final_low"":11.38,""final_pivot"":12.73,""structural_low"":11.38,""dry_up_ratio"":1.3355530845620607,""current_price"":15.7,""neckline_distance_pct"":-0.18917197452229292,""base_bars"":56},""pattern_geometry_features"":{""contraction_count"":5.0,""first_contraction_pct"":0.22009132420091324,""last_contraction_pct"":0.10604870384917514,""dry_up_ratio"":1.3355530845620607,""near_monotone"":0.0,""base_depth_pct"":0.30715372907153726},""_schema_version"":""1.0""}",,,,,,,,,,
20260522T181904Z-97bb42,2026-05-22T18:19:04.835948+00:00,BTU,breakout_retest_hold,setup,49.73,13.3,71.5,64.5,56.9,16.8,46.5,58.7,84.0,87.2,1.87,15.72,3.87,7.97,2.19,8.36,2.93,4.2,2.62,False,,24.79,24.125,23.9481,23.995,"{""trend"":{""T1_ema_stack"":{""value"":[false,false,true],""score"":33.33333333333333},""T2_ema50_slope"":{""value"":-0.7838626512737309,""score"":0},""T3_high_proximity"":{""value"":0.6275949367088607,""score"":0},""T4_rs_1m"":{""value"":-0.1491377735927084,""score"":0},""T5_rs_3m"":{""value"":-0.3483657424277704,""score"":0},""T6_adr_healthy"":{""value"":4.080878269198205,""score"":100.0},""_score"":13.33},""geometry"":{""sub_retest_depth"":30.2,""sub_retest_timing"":100.0,""sub_retest_freshness"":100.0,""sub_hold_quality"":74.7,""_score"":71.47},""compression"":{""VC1_atr_ratio"":{""value"":0.24169592863906758,""score"":100},""VC2_range_contraction"":{""value"":0.9840789119316238,""score"":2.6535146780627037},""VC3_range_pct_rank"":{""score"":94.16666666666667},""_score"":64.47},""sr_quality"":{""SR1_touches"":{""value"":2,""score"":25.0},""SR2_tightness"":{""value"":0.07500000000000107,""score"":85.77717575347083},""SR3_recency"":{""value"":234,""score"":0.0},""SR4_price_location"":{""score"":86.20386048086692},""SR5_reaction"":{""value"":2.21401964104301,""score"":100},""_score"":56.92,""_levels_found"":6,""_target_level"":25.275},""volume"":{""V1_rvol_day"":{""value"":0.4191077197531149,""score"":0},""V2_rvol_sameslot"":{""value"":0.9492445284887274,""score"":29.949635232581826,""status"":""ok""},""V3_breakout_bar"":{""value"":0.6914249433632351,""score"":12.761662890882342},""V4_base_dryup"":{""value"":1.1174007406846647,""score"":38.25992593153353},""V5_bo_expansion"":{""value"":0.41910771975311495,""score"":0},""_score"":16.83},""readiness"":{""_distance_atr"":-0.631,""BR1_atr_distance"":{""score"":47.38909583474434},""BR2_compression"":{""score"":0},""BR3_retest"":{""score"":100},""BR4_bo_age"":{""score"":50},""_score"":46.46},""risk"":{""R1_stop_clarity"":{""score"":54.12665086352838},""R2_stop_distance_pct"":{""value"":3.3961274707543323,""score"":100.0},""R3_stop_distance_atr"":{""value"":0.7982797155435144,""score"":64.91398577717572},""R4_rr_potential"":{""value"":-0.9442926713386419,""score"":0.0},""_score"":58.68},""market"":{""M1_spy_regime"":{""score"":100.0},""M3_earnings_risk"":{""value"":null,""score"":80.0},""M4_vix"":{""value"":null,""score"":60.0},""_score"":84.0},""liquidity"":{""L1_price"":{""value"":24.79,""score"":100.0},""L2_dollar_vol"":{""value"":31238145.60571593,""score"":74.73426224440445},""L3_spread_proxy"":{""value"":0.02722872125857189,""score"":72.7712787414281},""L4_volume_zscore"":{""value"":-1.2355956275626487,""score"":100.0},""_score"":87.17},""pattern_structure"":{""level"":24.125,""level_idx"":64,""breakout_idx"":71,""bo_peak_idx"":76,""bo_peak_price"":24.865,""retest_idx"":78,""retest_low"":24.19,""structural_low"":24.19,""current_price"":24.54,""neckline_distance_pct"":-0.016911165444172746,""base_bars"":15,""bars_since_breakout"":8},""pattern_geometry_features"":{""retest_depth_atr"":-0.18826937002172733,""bars_breakout_to_retest"":7.0,""bars_since_retest"":1.0,""current_above_level_atr"":1.2020275162925407,""bo_peak_excess_pct"":0.030673575129533615,""atr_pct"":0.04254307612516566},""_schema_version"":""1.0""}",,,,,,,,,,
20260522T181904Z-97bb42,2026-05-22T18:19:04.835948+00:00,NIC,breakout_retest_hold,retest_hold,49.6,25.8,44.4,56.4,71.0,19.4,62.8,48.1,84.0,82.4,3.61,9.77,3.38,9.94,2.52,11.3,2.41,4.2,2.47,True,risk_unclear,141.91,141.59,138.4129,145.148,"{""trend"":{""T1_ema_stack"":{""value"":[false,false,true],""score"":33.33333333333333},""T2_ema50_slope"":{""value"":-0.11501854109357086,""score"":30.830243151071524},""T3_high_proximity"":{""value"":0.8841744548286604,""score"":42.08722741433019},""T4_rs_1m"":{""value"":-0.06999258406608244,""score"":0},""T5_rs_3m"":{""value"":-0.18623109109726166,""score"":0},""T6_adr_healthy"":{""value"":2.501695306618226,""score"":100.0},""_score"":25.81},""geometry"":{""sub_retest_depth"":14.4,""sub_retest_timing"":20.0,""sub_retest_freshness"":100.0,""sub_hold_quality"":53.6,""_score"":44.4},""compression"":{""VC1_atr_ratio"":{""value"":0.4643148978076284,""score"":100},""VC2_range_contraction"":{""value"":0.9905348886028802,""score"":1.5775185661866347},""VC3_range_pct_rank"":{""score"":63.33333333333333},""_score"":56.39},""sr_quality"":{""SR1_touches"":{""value"":4,""score"":75.0},""SR2_tightness"":{""value"":0.5179949324076392,""score"":70.17747269412102},""SR3_recency"":{""value"":241,""score"":0.0},""SR4_price_location"":{""score"":91.77425622867987},""SR5_reaction"":{""value"":2.6427810642370795,""score"":100},""_score"":70.97,""_levels_found"":3,""_target_level"":142.8625},""volume"":{""V1_rvol_day"":{""value"":0.8742695304304218,""score"":24.951302028694787},""V2_rvol_sameslot"":{""value"":0.5265415644077113,""score"":1.7694376271807515,""status"":""ok""},""V3_breakout_bar"":{""value"":0.17710298819940234,""score"":0},""V4_base_dryup"":{""value"":0.7962759504651425,""score"":70.37240495348574},""V5_bo_expansion"":{""value"":0.8742695304304218,""score"":0},""_score"":19.42},""readiness"":{""_distance_atr"":-0.092,""BR1_atr_distance"":{""score"":100.0},""BR2_compression"":{""score"":13.524244178945876},""BR3_retest"":{""score"":74.39440390345015},""BR4_bo_age"":{""score"":30.0},""_score"":62.76},""risk"":{""R1_stop_clarity"":{""score"":19.506599306245192},""R2_stop_distance_pct"":{""value"":2.464315411176092,""score"":100.0},""R3_stop_distance_atr"":{""value"":1.0066957410365984,""score"":75.33478705182992},""R4_rr_potential"":{""value"":0.9259073921037676,""score"":0.0},""_score"":48.13},""market"":{""M1_spy_regime"":{""score"":100.0},""M3_earnings_risk"":{""value"":null,""score"":80.0},""M4_vix"":{""value"":null,""score"":60.0},""_score"":84.0},""liquidity"":{""L1_price"":{""value"":141.91,""score"":100.0},""L2_dollar_vol"":{""value"":17004375.470551178,""score"":61.5280342989585},""L3_spread_proxy"":{""value"":0.02240152209146644,""score"":77.59847790853357},""L4_volume_zscore"":{""value"":-0.5487829356461891,""score"":100.0},""_score"":82.37},""pattern_structure"":{""level"":141.59,""level_idx"":57,""breakout_idx"":64,""bo_peak_idx"":66,""bo_peak_price"":143.4,""retest_idx"":76,""retest_low"":139.811,""structural_low"":139.811,""current_price"":141.4,""neckline_distance_pct"":0.0013437057991513275,""base_bars"":22,""bars_since_breakout"":15},""pattern_geometry_features"":{""retest_depth_atr"":1.5992346070618961,""bars_breakout_to_retest"":12.0,""bars_since_retest"":3.0,""current_above_level_atr"":-0.17080077309823344,""bo_peak_excess_pct"":0.012783388657391075,""atr_pct"":0.024479247410330526},""_schema_version"":""1.0""}",,,,,,,,,,
20260522T181904Z-97bb42,2026-05-22T18:19:04.835948+00:00,BETA,double_bottom,breakout_confirmed,49.54,33.6,64.5,52.3,57.4,15.9,34.0,38.4,84.0,80.0,5.04,16.14,4.18,8.04,2.07,2.72,2.31,5.04,4.0,False,,16.57,15.35,14.0953,16.39,"{""trend"":{""T1_ema_stack"":{""value"":[true,false,false],""score"":33.33333333333333},""T2_ema50_slope"":{""value"":-0.1411867872392157,""score"":26.468868793464047},""T3_high_proximity"":{""value"":0.7681965693092258,""score"":0},""T4_rs_1m"":{""value"":0.02497750428037504,""score"":74.97750428037504},""T5_rs_3m"":{""value"":-0.18305763792237606,""score"":0},""T6_adr_healthy"":{""value"":7.022441750053988,""score"":100.0},""_score"":33.62},""geometry"":{""sub_low_similarity"":66.7,""sub_bounce_quality"":61.0,""sub_separation_fit"":100.0,""sub_right_bottom_reaction"":75.6,""sub_base_context"":30.0,""_score"":64.55},""compression"":{""VC1_atr_ratio"":{""value"":0.6042942667761446,""score"":98.92643330596384},""VC2_range_contraction"":{""value"":1.195737540163661,""score"":0},""VC3_range_pct_rank"":{""score"":50.83333333333333},""_score"":52.28},""sr_quality"":{""SR1_touches"":{""value"":2,""score"":25.0},""SR2_tightness"":{""value"":0.21000000000000085,""score"":67.69775825189045},""SR3_recency"":{""value"":50,""score"":66.66666666666666},""SR4_price_location"":{""score"":71.02803738317756},""SR5_reaction"":{""value"":1.5997300675254182,""score"":79.98650337627092},""_score"":57.41,""_levels_found"":6,""_target_level"":17.5},""volume"":{""V1_rvol_day"":{""value"":0.7743032345314623,""score"":18.28688230209749},""V2_rvol_sameslot"":{""value"":0.9283917505857238,""score"":28.55945003904825,""status"":""ok""},""V3_breakout_bar"":{""value"":0.7535711923339002,""score"":16.90474615559335},""V4_base_dryup"":{""value"":1.3844317705734661,""score"":11.556822942653383},""V5_bo_expansion"":{""value"":0.7743032345314623,""score"":0},""_score"":15.91},""readiness"":{""_distance_atr"":-0.938,""BR1_atr_distance"":{""score"":41.23393574633643},""BR2_compression"":{""score"":0},""BR3_retest"":{""score"":50.0},""BR4_bo_age"":{""score"":50.0},""_score"":33.99},""risk"":{""R1_stop_clarity"":{""score"":66.98249432746806},""R2_stop_distance_pct"":{""value"":14.934520217260111,""score"":0.0},""R3_stop_distance_atr"":{""value"":1.9032557748085472,""score"":100.0},""R4_rr_potential"":{""value"":-0.07273755884670546,""score"":0.0},""_score"":38.44},""market"":{""M1_spy_regime"":{""score"":100.0},""M3_earnings_risk"":{""value"":null,""score"":80.0},""M4_vix"":{""value"":null,""score"":60.0},""_score"":84.0},""liquidity"":{""L1_price"":{""value"":16.57,""score"":100.0},""L2_dollar_vol"":{""value"":23455529.80381167,""score"":68.51226235291024},""L3_spread_proxy"":{""value"":0.07362703681351855,""score"":26.372963186481442},""L4_volume_zscore"":{""value"":-0.5450004768393298,""score"":100.0},""_score"":80.04},""pattern_structure"":{""left_low"":14.31,""left_idx"":58,""right_low"":14.55,""right_idx"":70,""separation_bars"":12,""structural_low"":14.31,""current_price"":17.02,""neckline_distance_pct"":-0.0981198589894242,""base_bars"":12},""pattern_geometry_features"":{""low_similarity_pct"":0.016632016632016647,""bounce_pct"":0.07267645003494054,""right_bottom_reaction"":0.7562499999999993,""atr_pct"":0.07846827743771016},""_schema_version"":""1.0""}",,,,,,,,,,
20260522T181904Z-97bb42,2026-05-22T18:19:04.835948+00:00,APP,bull_flag,absent,49.52,72.5,25.4,63.5,62.1,30.6,35.9,79.9,84.0,97.0,10.15,7.63,5.72,6.21,4.28,3.23,2.4,5.04,4.85,False,,481.617,515.39,454.085,580.48,"{""trend"":{""T1_ema_stack"":{""value"":[true,true,false],""score"":66.66666666666666},""T2_ema50_slope"":{""value"":0.1479551120489526,""score"":74.6591853414921},""T3_high_proximity"":{""value"":0.931146685227075,""score"":65.57334261353748},""T4_rs_1m"":{""value"":0.005228292865905759,""score"":55.22829286590576},""T5_rs_3m"":{""value"":0.16984606984679362,""score"":100},""T6_adr_healthy"":{""value"":5.7507119366340955,""score"":100.0},""_score"":72.48},""geometry"":{""sub_pole_impulse"":30.6,""sub_flag_tightness"":0,""sub_flag_shallowness"":0,""sub_flag_drift"":100,""sub_flag_duration"":12.5,""_score"":25.43},""compression"":{""VC1_atr_ratio"":{""value"":0.5480466756507414,""score"":100},""VC2_range_contraction"":{""value"":1.0505402896823803,""score"":0},""VC3_range_pct_rank"":{""score"":94.16666666666667},""_score"":63.54},""sr_quality"":{""SR1_touches"":{""value"":3,""score"":50.0},""SR2_tightness"":{""value"":7.756145950148183,""score"":50.46556569820729},""SR3_recency"":{""value"":248,""score"":0.0},""SR4_price_location"":{""score"":98.33789847893242},""SR5_reaction"":{""value"":3.086051291759661,""score"":100},""_score"":62.15,""_levels_found"":6,""_target_level"":482.33},""volume"":{""V1_rvol_day"":{""value"":0.47258590839338777,""score"":0},""V2_rvol_sameslot"":{""value"":1.1145343216035597,""score"":40.96895477357065,""status"":""ok""},""V3_breakout_bar"":{""value"":1.1900251320238557,""score"":46.00167546825705},""V4_base_dryup"":{""value"":0.9544651717794024,""score"":54.55348282205976},""V5_bo_expansion"":{""value"":0.47258590839338777,""score"":0},""_score"":30.6},""readiness"":{""_distance_atr"":1.078,""BR1_atr_distance"":{""score"":28.10319023447113},""BR2_compression"":{""score"":28.812862386807602},""BR3_retest"":{""score"":50.0},""BR4_bo_age"":{""score"":50.0},""_score"":35.94},""risk"":{""R1_stop_clarity"":{""score"":55.837523507360835},""R2_stop_distance_pct"":{""value"":5.716575619216107,""score"":100.0},""R3_stop_distance_atr"":{""value"":0.8791621856799273,""score"":68.95810928399638},""R4_rr_potential"":{""value"":3.590839750108959,""score"":100.0},""_score"":79.89},""market"":{""M1_spy_regime"":{""score"":100.0},""M3_earnings_risk"":{""value"":null,""score"":80.0},""M4_vix"":{""value"":null,""score"":60.0},""_score"":84.0},""liquidity"":{""L1_price"":{""value"":481.617,""score"":100.0},""L2_dollar_vol"":{""value"":1035332828.5047168,""score"":100.0},""L3_spread_proxy"":{""value"":0.029982330357940016,""score"":70.01766964205999},""L4_volume_zscore"":{""value"":-0.9419673191827739,""score"":100.0},""_score"":97.0},""pattern_structure"":{""pole_low"":450.3,""pole_low_idx"":15,""peak_price"":515.39,""peak_idx"":32,""pole_gain"":0.14454807905840544,""flag_bars"":27,""flag_low"":461.0,""flag_high"":510.67,""structural_low"":461.0,""current_price"":486.87,""neckline_distance_pct"":0.05857826524534266,""base_bars"":27},""pattern_geometry_features"":{""pole_gain"":0.14454807905840544,""pullback_pct"":0.1055317332505481,""flag_range_pct"":0.09637361997710475,""flag_drift_per_bar"":0.000225174498697219,""atr_pct"":0.06502299248454387,""pole_atr_multiple"":2.223030247227777},""_schema_version"":""1.0""}",,,,,,,,,,
20260522T181904Z-97bb42,2026-05-22T18:19:04.835948+00:00,VUZI,vcp,breakout_confirmed,49.41,97.1,45.4,1.5,53.1,41.9,17.5,29.2,84.0,75.2,14.57,11.35,0.18,6.38,5.45,1.23,1.46,5.04,3.76,False,,5.3925,3.2469,2.3739,4.3569,"{""trend"":{""T1_ema_stack"":{""value"":[true,true,true],""score"":100.0},""T2_ema50_slope"":{""value"":0.3647871640529496,""score"":100},""T3_high_proximity"":{""value"":1.0,""score"":99.99999999999997},""T4_rs_1m"":{""value"":1.2010711255729183,""score"":100},""T5_rs_3m"":{""value"":0.8870341928628014,""score"":100},""T6_adr_healthy"":{""value"":10.289156570571947,""score"":42.77108573570132},""_score"":97.14},""geometry"":{""sub_contraction_count"":100.0,""sub_reduction_rate"":7.7,""sub_pivot_tightness"":0,""sub_volume_dryup"":0,""sub_base_depth"":84.7,""sub_base_duration"":100.0,""_score"":45.4},""compression"":{""VC1_atr_ratio"":{""value"":1.2533160887772645,""score"":0},""VC2_range_contraction"":{""value"":1.9545255913365716,""score"":0},""VC3_range_pct_rank"":{""score"":5.833333333333335},""_score"":1.46},""sr_quality"":{""SR1_touches"":{""value"":4,""score"":75.0},""SR2_tightness"":{""value"":0.02956859609450544,""score"":86.35325557713865},""SR3_recency"":{""value"":234,""score"":0.0},""SR4_price_location"":{""score"":30.0},""SR5_reaction"":{""value"":1.3597201160414056,""score"":67.98600580207028},""_score"":53.15,""_levels_found"":4,""_target_level"":3.1992},""volume"":{""V1_rvol_day"":{""value"":1.5076904568174854,""score"":67.17936378783236},""V2_rvol_sameslot"":{""value"":2.512992175971226,""score"":100,""status"":""ok""},""V3_breakout_bar"":{""value"":0.7040714429090077,""score"":13.604762860600514},""V4_base_dryup"":{""value"":3.1977262744066177,""score"":0},""V5_bo_expansion"":{""value"":1.5076904568174854,""score"":33.84603045449903},""_score"":41.91},""readiness"":{""_distance_atr"":-4.951,""BR1_atr_distance"":{""score"":0},""BR2_compression"":{""score"":0},""BR3_retest"":{""score"":50.0},""BR4_bo_age"":{""score"":50.0},""_score"":17.5},""risk"":{""R1_stop_clarity"":{""score"":83.31575130216913},""R2_stop_distance_pct"":{""value"":55.97867408437644,""score"":0.0},""R3_stop_distance_atr"":{""value"":6.965962286543152,""score"":0.0},""R4_rr_potential"":{""value"":-0.3430672651682045,""score"":0.0},""_score"":29.16},""market"":{""M1_spy_regime"":{""score"":100.0},""M3_earnings_risk"":{""value"":null,""score"":80.0},""M4_vix"":{""value"":null,""score"":60.0},""_score"":84.0},""liquidity"":{""L1_price"":{""value"":5.3925,""score"":97.69624999999999},""L2_dollar_vol"":{""value"":19492730.193201516,""score"":64.49363357928202},""L3_spread_proxy"":{""value"":0.16133518776077888,""score"":0},""L4_volume_zscore"":{""value"":0.6291220689775068,""score"":100.0},""_score"":75.22},""pattern_structure"":{""n_contractions"":5,""contractions_pct"":[35.65,23.97,18.27,18.26,25.78],""descending_strict"":false,""final_low"":2.41,""final_pivot"":3.2469,""structural_low"":2.41,""dry_up_ratio"":3.2994420650758376,""current_price"":5.3925,""neckline_distance_pct"":-0.39788595271210014,""base_bars"":84},""pattern_geometry_features"":{""contraction_count"":5.0,""first_contraction_pct"":0.3565340909090909,""last_contraction_pct"":0.2577535495395608,""dry_up_ratio"":3.2994420650758376,""near_monotone"":0.0,""base_depth_pct"":0.31534090909090906},""_schema_version"":""1.0""}",,,,,,,,,,
20260522T181904Z-97bb42,2026-05-22T18:19:04.835948+00:00,PGY,double_bottom,forming,49.36,33.6,57.5,45.6,38.7,32.0,34.6,78.7,84.0,83.7,5.04,14.39,3.65,5.42,4.16,2.77,4.72,5.04,4.18,False,,12.8246,13.63,11.9678,15.11,"{""trend"":{""T1_ema_stack"":{""value"":[false,false,false],""score"":0.0},""T2_ema50_slope"":{""value"":0.046911820528647855,""score"":57.818636754774644},""T3_high_proximity"":{""value"":0.8273935483870968,""score"":13.696774193548366},""T4_rs_1m"":{""value"":-0.1059378155802333,""score"":0},""T5_rs_3m"":{""value"":0.10981697702909954,""score"":100},""T6_adr_healthy"":{""value"":5.975510869315125,""score"":100.0},""_score"":33.62},""geometry"":{""sub_low_similarity"":10.7,""sub_bounce_quality"":100,""sub_separation_fit"":100.0,""sub_right_bottom_reaction"":88.9,""sub_base_context"":30.0,""_score"":57.55},""compression"":{""VC1_atr_ratio"":{""value"":0.5734913421315873,""score"":100},""VC2_range_contraction"":{""value"":1.009546957386003,""score"":0},""VC3_range_pct_rank"":{""score"":22.499999999999996},""_score"":45.62},""sr_quality"":{""SR1_touches"":{""value"":2,""score"":25.0},""SR2_tightness"":{""value"":0.014999999999998792,""score"":96.79926840420693},""SR3_recency"":{""value"":311,""score"":0.0},""SR4_price_location"":{""score"":6.685782556750297},""SR5_reaction"":{""value"":3.448788294467307,""score"":100},""_score"":38.69,""_levels_found"":3,""_target_level"":20.635},""volume"":{""V1_rvol_day"":{""value"":0.7095432350270526,""score"":13.969549001803507},""V2_rvol_sameslot"":{""value"":1.4168017300833633,""score"":61.12011533889089,""status"":""ok""},""V3_breakout_bar"":{""value"":1.2193303263407347,""score"":47.95535508938231},""V4_base_dryup"":{""value"":1.252050259943751,""score"":24.794974005624894},""V5_bo_expansion"":{""value"":0.7095432350270526,""score"":0},""_score"":31.97},""readiness"":{""_distance_atr"":0.859,""BR1_atr_distance"":{""score"":42.714017172178984},""BR2_compression"":{""score"":0},""BR3_retest"":{""score"":50.0},""BR4_bo_age"":{""score"":50.0},""_score"":34.59},""risk"":{""R1_stop_clarity"":{""score"":61.11111111111115},""R2_stop_distance_pct"":{""value"":6.681300001559499,""score"":100.0},""R3_stop_distance_atr"":{""value"":0.9141822892851698,""score"":70.70911446425849},""R4_rr_potential"":{""value"":2.66721129719321,""score"":83.3605648596605},""_score"":78.67},""market"":{""M1_spy_regime"":{""score"":100.0},""M3_earnings_risk"":{""value"":null,""score"":80.0},""M4_vix"":{""value"":null,""score"":60.0},""_score"":84.0},""liquidity"":{""L1_price"":{""value"":12.8246,""score"":100.0},""L2_dollar_vol"":{""value"":35251546.1626559,""score"":77.3589085134394},""L3_spread_proxy"":{""value"":0.07251688161814011,""score"":27.48311838185988},""L4_volume_zscore"":{""value"":-0.4826114498421715,""score"":100.0},""_score"":83.69},""pattern_structure"":{""left_low"":12.705,""left_idx"":34,""right_low"":12.15,""right_idx"":64,""separation_bars"":30,""structural_low"":12.15,""current_price"":13.0101,""neckline_distance_pct"":0.047647596867049544,""base_bars"":30},""pattern_geometry_features"":{""low_similarity_pct"":0.04465902232951114,""bounce_pct"":0.1218106995884774,""right_bottom_reaction"":0.8888888888888886,""atr_pct"":0.07308498622067855},""_schema_version"":""1.0""}",,,,,,,,,,
20260522T181904Z-97bb42,2026-05-22T18:19:04.835948+00:00,HBAN,vcp,forming,49.35,19.8,50.8,71.2,59.5,21.7,27.6,65.0,84.0,99.1,2.98,12.71,8.54,7.14,2.82,1.93,3.25,5.04,4.95,True,risk_unclear,15.94,16.796,14.9424,21.081,"{""trend"":{""T1_ema_stack"":{""value"":[false,false,false],""score"":0.0},""T2_ema50_slope"":{""value"":-0.09945932388540392,""score"":33.423446019099345},""T3_high_proximity"":{""value"":0.9087799315849487,""score"":54.38996579247435},""T4_rs_1m"":{""value"":-0.10808678381880832,""score"":0},""T5_rs_3m"":{""value"":-0.16224730252223774,""score"":0},""T6_adr_healthy"":{""value"":2.1135355201340835,""score"":100.0},""_score"":19.84},""geometry"":{""sub_contraction_count"":100.0,""sub_reduction_rate"":0,""sub_pivot_tightness"":4.6,""sub_volume_dryup"":34.3,""sub_base_depth"":100.0,""sub_base_duration"":100.0,""_score"":50.84},""compression"":{""VC1_atr_ratio"":{""value"":0.4673916430374224,""score"":100},""VC2_range_contraction"":{""value"":0.880316890751465,""score"":19.94718487475583},""VC3_range_pct_rank"":{""score"":96.66666666666667},""_score"":71.15},""sr_quality"":{""SR1_touches"":{""value"":3,""score"":50.0},""SR2_tightness"":{""value"":0.07575545451575626,""score"":56.399738408197784},""SR3_recency"":{""value"":246,""score"":0.0},""SR4_price_location"":{""score"":84.18156808803315},""SR5_reaction"":{""value"":2.2062350119904104,""score"":100},""_score"":59.51,""_levels_found"":6,""_target_level"":16.1317},""volume"":{""V1_rvol_day"":{""value"":0.39014775211135444,""score"":0},""V2_rvol_sameslot"":{""value"":0.8197864778283845,""score"":21.3190985218923,""status"":""ok""},""V3_breakout_bar"":{""value"":0.7531929474917616,""score"":16.879529832784105},""V4_base_dryup"":{""value"":0.8413220448519287,""score"":65.86779551480713},""V5_bo_expansion"":{""value"":0.39014775211135433,""score"":0},""_score"":21.66},""readiness"":{""_distance_atr"":2.463,""BR1_atr_distance"":{""score"":0},""BR2_compression"":{""score"":40.24723019259826},""BR3_retest"":{""score"":50.0},""BR4_bo_age"":{""score"":50.0},""_score"":27.56},""risk"":{""R1_stop_clarity"":{""score"":0},""R2_stop_distance_pct"":{""value"":6.258155583437895,""score"":100.0},""R3_stop_distance_atr"":{""value"":2.8706474820143923,""score"":100.0},""R4_rr_potential"":{""value"":5.153626384642369,""score"":100.0},""_score"":65.0},""market"":{""M1_spy_regime"":{""score"":100.0},""M3_earnings_risk"":{""value"":null,""score"":80.0},""M4_vix"":{""value"":null,""score"":60.0},""_score"":84.0},""liquidity"":{""L1_price"":{""value"":15.94,""score"":100.0},""L2_dollar_vol"":{""value"":118715674.6876323,""score"":100.0},""L3_spread_proxy"":{""value"":0.0090966122961105,""score"":90.9033877038895},""L4_volume_zscore"":{""value"":-1.6300691539496197,""score"":100.0},""_score"":99.09},""pattern_structure"":{""n_contractions"":5,""contractions_pct"":[12.28,9.46,4.96,6.49,9.68],""descending_strict"":false,""final_low"":15.17,""final_pivot"":16.796,""structural_low"":15.17,""dry_up_ratio"":0.8284482551784457,""current_price"":15.94,""neckline_distance_pct"":0.05370138017565872,""base_bars"":68},""pattern_geometry_features"":{""contraction_count"":5.0,""first_contraction_pct"":0.1228475970187611,""last_contraction_pct"":0.0968087639914265,""dry_up_ratio"":0.8284482551784457,""near_monotone"":0.0,""base_depth_pct"":0.2202518632742225},""_schema_version"":""1.0""}",,,,,,,,,,
20260522T181904Z-97bb42,2026-05-22T18:19:04.835948+00:00,ICE,vcp,forming,49.22,20.2,58.5,68.4,43.5,29.9,17.5,61.4,84.0,98.4,3.03,14.63,8.21,5.23,3.88,1.23,3.07,5.04,4.92,True,risk_unclear,153.53,158.9025,150.3799,169.1025,"{""trend"":{""T1_ema_stack"":{""value"":[false,false,false],""score"":0.0},""T2_ema50_slope"":{""value"":-0.10430280277013491,""score"":32.61619953831085},""T3_high_proximity"":{""value"":0.9150128136360928,""score"":57.506406818046365},""T4_rs_1m"":{""value"":-0.08028757521979701,""score"":0},""T5_rs_3m"":{""value"":-0.09920146866332746,""score"":0.39926566833626964},""T6_adr_healthy"":{""value"":2.2814089546902174,""score"":100.0},""_score"":20.21},""geometry"":{""sub_contraction_count"":100.0,""sub_reduction_rate"":21.6,""sub_pivot_tightness"":86.9,""sub_volume_dryup"":25.5,""sub_base_depth"":12.6,""sub_base_duration"":100.0,""_score"":58.52},""compression"":{""VC1_atr_ratio"":{""value"":0.424132196243415,""score"":100},""VC2_range_contraction"":{""value"":0.7884461884031315,""score"":35.25896859947808},""VC3_range_pct_rank"":{""score"":64.16666666666666},""_score"":68.38},""sr_quality"":{""SR1_touches"":{""value"":2,""score"":25.0},""SR2_tightness"":{""value"":0.2224999999999966,""score"":85.6710458526535},""SR3_recency"":{""value"":246,""score"":0.0},""SR4_price_location"":{""score"":32.80539570155893},""SR5_reaction"":{""value"":2.3574188562596587,""score"":100},""_score"":43.55,""_levels_found"":7,""_target_level"":155.5325},""volume"":{""V1_rvol_day"":{""value"":0.36250970742091054,""score"":0},""V2_rvol_sameslot"":{""value"":1.1473864164157124,""score"":43.15909442771416,""status"":""ok""},""V3_breakout_bar"":{""value"":0.8234255037460534,""score"":21.561700249736894},""V4_base_dryup"":{""value"":0.7084194594586226,""score"":79.15805405413774},""V5_bo_expansion"":{""value"":0.3625097074209105,""score"":0},""_score"":29.85},""readiness"":{""_distance_atr"":1.73,""BR1_atr_distance"":{""score"":0},""BR2_compression"":{""score"":0},""BR3_retest"":{""score"":50.0},""BR4_bo_age"":{""score"":50.0},""_score"":17.5},""risk"":{""R1_stop_clarity"":{""score"":0},""R2_stop_distance_pct"":{""value"":2.0517488438741753,""score"":100.0},""R3_stop_distance_atr"":{""value"":1.0143128541988724,""score"":75.71564270994362},""R4_rr_potential"":{""value"":4.943572324248794,""score"":100.0},""_score"":61.36},""market"":{""M1_spy_regime"":{""score"":100.0},""M3_earnings_risk"":{""value"":null,""score"":80.0},""M4_vix"":{""value"":null,""score"":60.0},""_score"":84.0},""liquidity"":{""L1_price"":{""value"":153.53,""score"":100.0},""L2_dollar_vol"":{""value"":177174236.10483584,""score"":100.0},""L3_spread_proxy"":{""value"":0.0163811632905622,""score"":83.6188367094378},""L4_volume_zscore"":{""value"":-1.9867864251949132,""score"":100.0},""_score"":98.36},""pattern_structure"":{""n_contractions"":5,""contractions_pct"":[6.44,6.19,6.38,5.57,3.92],""descending_strict"":false,""final_low"":152.67,""final_pivot"":158.9025,""structural_low"":152.67,""dry_up_ratio"":0.8724535928844651,""current_price"":153.53,""neckline_distance_pct"":0.03499316094574352,""base_bars"":40},""pattern_geometry_features"":{""contraction_count"":5.0,""first_contraction_pct"":0.06440719592312893,""last_contraction_pct"":0.03922216453485638,""dry_up_ratio"":0.8724535928844651,""near_monotone"":0.0,""base_depth_pct"":0.06262663473936278},""_schema_version"":""1.0""}",,,,,,,,,,
20260522T181904Z-97bb42,2026-05-22T18:19:04.835948+00:00,HBAN,ascending_triangle,absent,49.09,19.8,44.5,71.2,59.5,23.9,61.8,45.0,84.0,99.1,2.98,12.47,5.69,8.33,2.87,4.94,1.8,5.04,4.95,True,risk_unclear,15.94,16.015,15.1197,16.68,"{""trend"":{""T1_ema_stack"":{""value"":[false,false,false],""score"":0.0},""T2_ema50_slope"":{""value"":-0.09945932388540392,""score"":33.423446019099345},""T3_high_proximity"":{""value"":0.9087799315849487,""score"":54.38996579247435},""T4_rs_1m"":{""value"":-0.10808678381880832,""score"":0},""T5_rs_3m"":{""value"":-0.16224730252223774,""score"":0},""T6_adr_healthy"":{""value"":2.1135355201340835,""score"":100.0},""_score"":19.84},""geometry"":{""sub_flat_top_quality"":66.7,""sub_hl_slope"":21.4,""sub_compression"":12.5,""sub_duration"":100.0,""_score"":44.55},""compression"":{""VC1_atr_ratio"":{""value"":0.4673916430374224,""score"":100},""VC2_range_contraction"":{""value"":0.880316890751465,""score"":19.94718487475583},""VC3_range_pct_rank"":{""score"":96.66666666666667},""_score"":71.15},""sr_quality"":{""SR1_touches"":{""value"":3,""score"":50.0},""SR2_tightness"":{""value"":0.07575545451575626,""score"":56.399738408197784},""SR3_recency"":{""value"":246,""score"":0.0},""SR4_price_location"":{""score"":84.18156808803315},""SR5_reaction"":{""value"":2.2062350119904104,""score"":100},""_score"":59.51,""_levels_found"":6,""_target_level"":16.1317},""volume"":{""V1_rvol_day"":{""value"":0.39014775211135444,""score"":0},""V2_rvol_sameslot"":{""value"":0.8197864778283845,""score"":21.3190985218923,""status"":""ok""},""V3_breakout_bar"":{""value"":0.7531929474917616,""score"":16.879529832784105},""V4_base_dryup"":{""value"":0.7270420198486681,""score"":77.29579801513319},""V5_bo_expansion"":{""value"":0.39014775211135433,""score"":0},""_score"":23.94},""readiness"":{""_distance_atr"":0.216,""BR1_atr_distance"":{""score"":85.61151079136668},""BR2_compression"":{""score"":40.24723019259826},""BR3_retest"":{""score"":50.0},""BR4_bo_age"":{""score"":50.0},""_score"":61.81},""risk"":{""R1_stop_clarity"":{""score"":0},""R2_stop_distance_pct"":{""value"":5.145859473023838,""score"":100.0},""R3_stop_distance_atr"":{""value"":2.3604316546762605,""score"":100.0},""R4_rr_potential"":{""value"":0.90216397439805,""score"":0.0},""_score"":45.0},""market"":{""M1_spy_regime"":{""score"":100.0},""M3_earnings_risk"":{""value"":null,""score"":80.0},""M4_vix"":{""value"":null,""score"":60.0},""_score"":84.0},""liquidity"":{""L1_price"":{""value"":15.94,""score"":100.0},""L2_dollar_vol"":{""value"":118715674.6876323,""score"":100.0},""L3_spread_proxy"":{""value"":0.0090966122961105,""score"":90.9033877038895},""L4_volume_zscore"":{""value"":-1.6300691539496197,""score"":100.0},""_score"":99.09},""pattern_structure"":{""top"":16.015,""top_touches"":3,""low_slope_per_bar"":0.009854085603112827,""lowest_low"":15.35,""structural_low"":15.35,""current_price"":15.985,""neckline_distance_pct"":0.0018767594619956921,""base_bars"":31},""pattern_geometry_features"":{""top_touches"":3.0,""low_slope"":0.009854085603112827,""compression"":0.06229310863677473,""atr_pct"":0.021800501882057694},""_schema_version"":""1.0""}",,,,,,,,,,
20260522T181904Z-97bb42,2026-05-22T18:19:04.835948+00:00,RCAT,inverse_head_shoulders,absent,48.93,13.3,38.1,61.9,54.0,62.1,53.1,41.4,84.0,90.2,1.6,10.67,4.95,7.57,8.69,4.25,2.49,4.2,4.51,False,,9.455,9.65,8.2297,10.945,"{""trend"":{""T1_ema_stack"":{""value"":[false,false,true],""score"":33.33333333333333},""T2_ema50_slope"":{""value"":-0.8936731502915487,""score"":0},""T3_high_proximity"":{""value"":0.5561764705882353,""score"":0},""T4_rs_1m"":{""value"":-0.3012177842253506,""score"":0},""T5_rs_3m"":{""value"":-0.3559640501379576,""score"":0},""T6_adr_healthy"":{""value"":6.322477877400501,""score"":100.0},""_score"":13.33},""geometry"":{""sub_head_depth"":84.9,""sub_shoulder_price_sym"":20.2,""sub_shoulder_time_sym"":42.9,""sub_right_shoulder_reaction"":20.7,""sub_base_context"":30.0,""_score"":38.11},""compression"":{""VC1_atr_ratio"":{""value"":0.3917500815498418,""score"":100},""VC2_range_contraction"":{""value"":1.0148725283593045,""score"":0},""VC3_range_pct_rank"":{""score"":87.5},""_score"":61.88},""sr_quality"":{""SR1_touches"":{""value"":3,""score"":50.0},""SR2_tightness"":{""value"":0.1143095213298817,""score"":72.08266522541442},""SR3_recency"":{""value"":242,""score"":0.0},""SR4_price_location"":{""score"":52.92547624031817},""SR5_reaction"":{""value"":3.0996324983136803,""score"":100},""_score"":54.04,""_levels_found"":5,""_target_level"":10.74},""volume"":{""V1_rvol_day"":{""value"":0.6289931758183916,""score"":8.599545054559442},""V2_rvol_sameslot"":{""value"":2.2074606193578323,""score"":100,""status"":""ok""},""V3_breakout_bar"":{""value"":2.2365782674241066,""score"":100},""V4_base_dryup"":{""value"":0.7315351919213059,""score"":76.84648080786941},""V5_bo_expansion"":{""value"":0.6289931758183916,""score"":0},""_score"":62.09},""readiness"":{""_distance_atr"":0.238,""BR1_atr_distance"":{""score"":84.12532272695552},""BR2_compression"":{""score"":7.915040064271037},""BR3_retest"":{""score"":50.0},""BR4_bo_age"":{""score"":50.0},""_score"":53.13},""risk"":{""R1_stop_clarity"":{""score"":69.39240108854926},""R2_stop_distance_pct"":{""value"":12.959545214172394,""score"":0.0},""R3_stop_distance_atr"":{""value"":1.4962799176610146,""score"":99.81399588305074},""R4_rr_potential"":{""value"":1.2160039173280561,""score"":10.800195866402806},""_score"":41.42},""market"":{""M1_spy_regime"":{""score"":100.0},""M3_earnings_risk"":{""value"":null,""score"":80.0},""M4_vix"":{""value"":null,""score"":60.0},""_score"":84.0},""liquidity"":{""L1_price"":{""value"":9.455,""score"":99.7275},""L2_dollar_vol"":{""value"":59086849.01705902,""score"":88.57454152725235},""L3_spread_proxy"":{""value"":0.051295610787943015,""score"":48.70438921205699},""L4_volume_zscore"":{""value"":-0.5986048616966785,""score"":100.0},""_score"":90.23},""pattern_structure"":{""left_shoulder"":9.2201,""left_shoulder_idx"":66,""head"":8.355,""head_idx"":80,""right_shoulder"":8.65,""right_shoulder_idx"":90,""left_to_head_bars"":14,""head_to_right_bars"":10,""structural_low"":8.355,""current_price"":9.5493,""neckline_distance_pct"":0.01054527556993704,""base_bars"":24},""pattern_geometry_features"":{""head_depth_pct"":0.06491849513992647,""shoulder_price_asymmetry"":0.06380490316226546,""shoulder_time_asymmetry"":0.2857142857142857,""right_shoulder_reaction"":0.20689655172414026,""atr_pct"":0.08661177003852834},""_schema_version"":""1.0""}",,,,,,,,,,
20260522T181904Z-97bb42,2026-05-22T18:19:04.835948+00:00,CTRE,vcp,absent,48.92,75.2,43.8,60.2,44.7,4.7,17.5,58.2,84.0,86.3,11.28,10.95,7.23,5.37,0.61,1.23,2.91,5.04,4.32,True,risk_unclear,41.15,43.08,39.9319,44.26,"{""trend"":{""T1_ema_stack"":{""value"":[true,true,true],""score"":100.0},""T2_ema50_slope"":{""value"":0.15849642169011163,""score"":76.41607028168528},""T3_high_proximity"":{""value"":0.9696041470311028,""score"":84.80207351555136},""T4_rs_1m"":{""value"":0.028259956514550266,""score"":78.25995651455027},""T5_rs_3m"":{""value"":-0.07945318912703159,""score"":10.273405436484204},""T6_adr_healthy"":{""value"":2.2118828021409773,""score"":100.0},""_score"":75.2},""geometry"":{""sub_contraction_count"":100.0,""sub_reduction_rate"":0,""sub_pivot_tightness"":58.6,""sub_volume_dryup"":0,""sub_base_depth"":0.0,""sub_base_duration"":100.0,""_score"":43.79},""compression"":{""VC1_atr_ratio"":{""value"":0.5093857025187509,""score"":100},""VC2_range_contraction"":{""value"":1.0266251185433,""score"":0},""VC3_range_pct_rank"":{""score"":80.83333333333333},""_score"":60.21},""sr_quality"":{""SR1_touches"":{""value"":2,""score"":25.0},""SR2_tightness"":{""value"":0.17999999999999972,""score"":64.951321279555},""SR3_recency"":{""value"":284,""score"":0.0},""SR4_price_location"":{""score"":50.0},""SR5_reaction"":{""value"":2.3755215577190514,""score"":100},""_score"":44.74,""_levels_found"":6,""_target_level"":41.54},""volume"":{""V1_rvol_day"":{""value"":0.2552284389486643,""score"":0},""V2_rvol_sameslot"":{""value"":0.755975124796912,""score"":17.06500831979413,""status"":""ok""},""V3_breakout_bar"":{""value"":0.5780656353472057,""score"":5.204375689813712},""V4_base_dryup"":{""value"":1.5762276042110435,""score"":0},""V5_bo_expansion"":{""value"":0.25522843894866437,""score"":0},""_score"":4.71},""readiness"":{""_distance_atr"":1.879,""BR1_atr_distance"":{""score"":0},""BR2_compression"":{""score"":0},""BR3_retest"":{""score"":50.0},""BR4_bo_age"":{""score"":50.0},""_score"":17.5},""risk"":{""R1_stop_clarity"":{""score"":0},""R2_stop_distance_pct"":{""value"":2.9601458080194405,""score"":100.0},""R3_stop_distance_atr"":{""value"":1.1859109874826141,""score"":84.2955493741307},""R4_rr_potential"":{""value"":2.553156555291027,""score"":77.65782776455134},""_score"":58.18},""market"":{""M1_spy_regime"":{""score"":100.0},""M3_earnings_risk"":{""value"":null,""score"":80.0},""M4_vix"":{""value"":null,""score"":60.0},""_score"":84.0},""liquidity"":{""L1_price"":{""value"":41.15,""score"":100.0},""L2_dollar_vol"":{""value"":24184464.24957585,""score"":69.17682355246302},""L3_spread_proxy"":{""value"":0.013365735115431281,""score"":86.63426488456872},""L4_volume_zscore"":{""value"":-0.9667226436453829,""score"":100.0},""_score"":86.33},""pattern_structure"":{""n_contractions"":5,""contractions_pct"":[7.5,13.01,3.81,7.93,5.9],""descending_strict"":false,""final_low"":40.54,""final_pivot"":43.08,""structural_low"":40.54,""dry_up_ratio"":1.4203458524299375,""current_price"":41.15,""neckline_distance_pct"":0.046901579586877275,""base_bars"":56},""pattern_geometry_features"":{""contraction_count"":5.0,""first_contraction_pct"":0.07502396931927123,""last_contraction_pct"":0.058960074280408524,""dry_up_ratio"":1.4203458524299375,""near_monotone"":0.0,""base_depth_pct"":0.028283796740172572},""_schema_version"":""1.0""}",,,,,,,,,,
20260522T181904Z-97bb42,2026-05-22T18:19:04.835948+00:00,KVYO,breakout_retest_hold,setup,48.88,5.0,61.5,59.1,58.2,6.0,67.4,63.6,84.0,88.7,0.7,13.54,3.55,8.14,0.78,12.12,3.18,4.2,2.66,False,,14.76,14.58,14.375,14.6996,"{""trend"":{""T1_ema_stack"":{""value"":[false,false,false],""score"":0.0},""T2_ema50_slope"":{""value"":-0.6729023871201927,""score"":0},""T3_high_proximity"":{""value"":0.6326618088298329,""score"":0},""T4_rs_1m"":{""value"":-0.2684246412593876,""score"":0},""T5_rs_3m"":{""value"":-0.16603153909748902,""score"":0},""T6_adr_healthy"":{""value"":5.980432514485832,""score"":100.0},""_score"":5.0},""geometry"":{""sub_retest_depth"":94.4,""sub_retest_timing"":0.0,""sub_retest_freshness"":25.0,""sub_hold_quality"":94.1,""_score"":61.55},""compression"":{""VC1_atr_ratio"":{""value"":0.22944439763778726,""score"":100},""VC2_range_contraction"":{""value"":0.9078331776726345,""score"":15.361137054560919},""VC3_range_pct_rank"":{""score"":55.00000000000001},""_score"":59.13},""sr_quality"":{""SR1_touches"":{""value"":3,""score"":50.0},""SR2_tightness"":{""value"":0.32221455929585635,""score"":54.703112035727486},""SR3_recency"":{""value"":228,""score"":0.0},""SR4_price_location"":{""score"":79.82678549014685},""SR5_reaction"":{""value"":2.5497677921425876,""score"":100},""_score"":58.16,""_levels_found"":8,""_target_level"":15.7167},""volume"":{""V1_rvol_day"":{""value"":0.39501919393910007,""score"":0},""V2_rvol_sameslot"":{""value"":0.6342472520202102,""score"":8.949816801347342,""status"":""ok""},""V3_breakout_bar"":{""value"":0.5176154841281299,""score"":1.1743656085419905},""V4_base_dryup"":{""value"":1.3041812376653352,""score"":19.581876233466474},""V5_bo_expansion"":{""value"":0.39501919393910007,""score"":0},""_score"":6.0},""readiness"":{""_distance_atr"":-0.127,""BR1_atr_distance"":{""score"":100.0},""BR2_compression"":{""score"":13.112611223330628},""BR3_retest"":{""score"":97.89833061378188},""BR4_bo_age"":{""score"":30.0},""_score"":67.36},""risk"":{""R1_stop_clarity"":{""score"":79.5875185138698},""R2_stop_distance_pct"":{""value"":2.60841463414633,""score"":100.0},""R3_stop_distance_atr"":{""value"":0.27061769800426644,""score"":38.53088490021332},""R4_rr_potential"":{""value"":-0.15688230191012412,""score"":0.0},""_score"":63.64},""market"":{""M1_spy_regime"":{""score"":100.0},""M3_earnings_risk"":{""value"":null,""score"":80.0},""M4_vix"":{""value"":null,""score"":60.0},""_score"":84.0},""liquidity"":{""L1_price"":{""value"":14.76,""score"":100.0},""L2_dollar_vol"":{""value"":49279940.62568784,""score"":84.63350879512399},""L3_spread_proxy"":{""value"":0.05115176151761511,""score"":48.84823848238489},""L4_volume_zscore"":{""value"":-1.1285831355691858,""score"":100.0},""_score"":88.74},""pattern_structure"":{""level"":14.58,""level_idx"":38,""breakout_idx"":48,""bo_peak_idx"":58,""bo_peak_price"":15.45,""retest_idx"":70,""retest_low"":14.5202,""structural_low"":14.5202,""current_price"":14.8199,""neckline_distance_pct"":-0.016187693574180692,""base_bars"":41,""bars_since_breakout"":31},""pattern_geometry_features"":{""retest_depth_atr"":0.261062084879475,""bars_breakout_to_retest"":22.0,""bars_since_retest"":9.0,""current_above_level_atr"":1.0473042502104852,""bo_peak_excess_pct"":0.05967078189300406,""atr_pct"":0.09638743708865659},""_schema_version"":""1.0""}",,,,,,,,,,
20260522T181904Z-97bb42,2026-05-22T18:19:04.835948+00:00,VNET,double_bottom,forming,48.77,47.6,64.8,14.8,34.2,24.6,19.0,84.2,84.0,93.0,7.14,16.21,1.18,4.79,3.2,1.52,5.05,5.04,4.65,False,,9.525,12.02,8.7862,15.12,"{""trend"":{""T1_ema_stack"":{""value"":[false,true,true],""score"":66.66666666666666},""T2_ema50_slope"":{""value"":0.04391210122697803,""score"":57.31868353782967},""T3_high_proximity"":{""value"":0.7950751252086812,""score"":0},""T4_rs_1m"":{""value"":0.022283662728108666,""score"":72.28366272810867},""T5_rs_3m"":{""value"":-0.24732803934085468,""score"":0},""T6_adr_healthy"":{""value"":5.761988463207512,""score"":100.0},""_score"":47.59},""geometry"":{""sub_low_similarity"":51.3,""sub_bounce_quality"":100,""sub_separation_fit"":0.0,""sub_right_bottom_reaction"":63.0,""sub_base_context"":100.0,""_score"":64.84},""compression"":{""VC1_atr_ratio"":{""value"":0.9794973522699082,""score"":5.125661932522951},""VC2_range_contraction"":{""value"":1.5611290809086869,""score"":0},""VC3_range_pct_rank"":{""score"":50.83333333333333},""_score"":14.76},""sr_quality"":{""SR1_touches"":{""value"":2,""score"":25.0},""SR2_tightness"":{""value"":0.10749999999999993,""score"":74.11865864144454},""SR3_recency"":{""value"":277,""score"":0.0},""SR4_price_location"":{""score"":2.36530880420499},""SR5_reaction"":{""value"":2.3172828890799675,""score"":100},""_score"":34.21,""_levels_found"":5,""_target_level"":11.3825},""volume"":{""V1_rvol_day"":{""value"":0.8483365066216684,""score"":23.222433774777894},""V2_rvol_sameslot"":{""value"":1.0772626691919691,""score"":38.484177946131275,""status"":""ok""},""V3_breakout_bar"":{""value"":0.6515299673007958,""score"":10.101997820053054},""V4_base_dryup"":{""value"":1.014257988633186,""score"":48.5742011366814},""V5_bo_expansion"":{""value"":0.8483365066216684,""score"":0},""_score"":24.58},""readiness"":{""_distance_atr"":3.003,""BR1_atr_distance"":{""score"":0},""BR2_compression"":{""score"":5.9557318120798675},""BR3_retest"":{""score"":50.0},""BR4_bo_age"":{""score"":50.0},""_score"":18.99},""risk"":{""R1_stop_clarity"":{""score"":67.78675838349076},""R2_stop_distance_pct"":{""value"":7.756430446194239,""score"":100.0},""R3_stop_distance_atr"":{""value"":0.8893551160791076,""score"":69.46775580395538},""R4_rr_potential"":{""value"":7.573091499729276,""score"":100.0},""_score"":84.15},""market"":{""M1_spy_regime"":{""score"":100.0},""M3_earnings_risk"":{""value"":null,""score"":80.0},""M4_vix"":{""value"":null,""score"":60.0},""_score"":84.0},""liquidity"":{""L1_price"":{""value"":9.525,""score"":99.7625},""L2_dollar_vol"":{""value"":82788039.6335337,""score"":95.89837994531231},""L3_spread_proxy"":{""value"":0.05249343832020997,""score"":47.506561679790025},""L4_volume_zscore"":{""value"":-0.11567132145494445,""score"":100.0},""_score"":93.05},""pattern_structure"":{""left_low"":8.92,""left_idx"":31,""right_low"":9.14,""right_idx"":76,""separation_bars"":45,""structural_low"":8.92,""current_price"":9.59,""neckline_distance_pct"":0.2533889468196037,""base_bars"":45},""pattern_geometry_features"":{""low_similarity_pct"":0.024363233665559314,""bounce_pct"":0.34753363228699546,""right_bottom_reaction"":0.629999999999999,""atr_pct"":0.08721409823772025},""_schema_version"":""1.0""}",,,,,,,,,,
20260522T181904Z-97bb42,2026-05-22T18:19:04.835948+00:00,EPRT,double_bottom,forming,48.69,37.0,55.9,69.4,41.8,13.7,52.5,45.0,84.0,80.8,5.54,13.98,5.55,5.85,1.78,4.2,2.7,5.04,4.04,True,risk_unclear,31.37,31.46,29.944,32.52,"{""trend"":{""T1_ema_stack"":{""value"":[true,false,true],""score"":66.66666666666666},""T2_ema50_slope"":{""value"":-0.08206649142434691,""score"":36.32225142927551},""T3_high_proximity"":{""value"":0.9069095114194854,""score"":53.45475570974267},""T4_rs_1m"":{""value"":-0.0593320091816808,""score"":0},""T5_rs_3m"":{""value"":-0.1480546709068078,""score"":0},""T6_adr_healthy"":{""value"":1.5775529889438817,""score"":100.0},""_score"":36.95},""geometry"":{""sub_low_similarity"":67.4,""sub_bounce_quality"":7.0,""sub_separation_fit"":100.0,""sub_right_bottom_reaction"":88.6,""sub_base_context"":30.0,""_score"":55.91},""compression"":{""VC1_atr_ratio"":{""value"":0.4317191503171639,""score"":100},""VC2_range_contraction"":{""value"":0.8204463031435125,""score"":29.925616142747913},""VC3_range_pct_rank"":{""score"":75.83333333333333},""_score"":69.43},""sr_quality"":{""SR1_touches"":{""value"":2,""score"":25.0},""SR2_tightness"":{""value"":0.005000000000002558,""score"":97.91356184798701},""SR3_recency"":{""value"":256,""score"":0.0},""SR4_price_location"":{""score"":18.41820151679298},""SR5_reaction"":{""value"":2.7645305514157927,""score"":100},""_score"":41.79,""_levels_found"":4,""_target_level"":32.625},""volume"":{""V1_rvol_day"":{""value"":0.25847681862550975,""score"":0},""V2_rvol_sameslot"":{""value"":0.4776387726251076,""score"":0,""status"":""ok""},""V3_breakout_bar"":{""value"":0.5551992818026323,""score"":3.6799521201754892},""V4_base_dryup"":{""value"":0.8603446239804992,""score"":63.96553760195008},""V5_bo_expansion"":{""value"":0.25847681862550975,""score"":0},""_score"":13.71},""readiness"":{""_distance_atr"":0.188,""BR1_atr_distance"":{""score"":87.4813710879285},""BR2_compression"":{""score"":0},""BR3_retest"":{""score"":50.0},""BR4_bo_age"":{""score"":50.0},""_score"":52.49},""risk"":{""R1_stop_clarity"":{""score"":0},""R2_stop_distance_pct"":{""value"":4.545744341727771,""score"":100.0},""R3_stop_distance_atr"":{""value"":2.9752608047690017,""score"":100.0},""R4_rr_potential"":{""value"":0.8064516129032262,""score"":0.0},""_score"":45.0},""market"":{""M1_spy_regime"":{""score"":100.0},""M3_earnings_risk"":{""value"":null,""score"":80.0},""M4_vix"":{""value"":null,""score"":60.0},""_score"":84.0},""liquidity"":{""L1_price"":{""value"":31.37,""score"":100.0},""L2_dollar_vol"":{""value"":12843548.90150051,""score"":55.434252181107894},""L3_spread_proxy"":{""value"":0.013229199872489612,""score"":86.77080012751038},""L4_volume_zscore"":{""value"":-1.799832400951877,""score"":100.0},""_score"":80.85},""pattern_structure"":{""left_low"":30.4,""left_idx"":40,""right_low"":30.9,""right_idx"":70,""separation_bars"":30,""structural_low"":30.4,""current_price"":31.38,""neckline_distance_pct"":0.0025493945188018435,""base_bars"":30},""pattern_geometry_features"":{""low_similarity_pct"":0.016313213703099513,""bounce_pct"":0.03486842105263165,""right_bottom_reaction"":0.8857142857142886,""atr_pct"":0.015278473518830566},""_schema_version"":""1.0""}",,,,,,,,,,
20260522T181904Z-97bb42,2026-05-22T18:19:04.835948+00:00,MA,vcp,forming,48.58,24.4,53.5,63.8,50.7,13.9,51.5,48.5,84.0,98.6,3.66,13.38,7.66,6.08,1.81,3.6,2.42,5.04,4.93,True,risk_unclear,499.71,506.31,480.6898,525.335,"{""trend"":{""T1_ema_stack"":{""value"":[false,false,false],""score"":0.0},""T2_ema50_slope"":{""value"":-0.08466029877189805,""score"":35.88995020468366},""T3_high_proximity"":{""value"":0.9514117624659673,""score"":75.70588123298361},""T4_rs_1m"":{""value"":-0.06051972707308917,""score"":0},""T5_rs_3m"":{""value"":-0.08808366572853132,""score"":5.958167135734335},""T6_adr_healthy"":{""value"":2.1537823155971436,""score"":100.0},""_score"":24.43},""geometry"":{""sub_contraction_count"":100.0,""sub_reduction_rate"":0,""sub_pivot_tightness"":91.3,""sub_volume_dryup"":32.1,""sub_base_depth"":0.0,""sub_base_duration"":100.0,""_score"":53.51},""compression"":{""VC1_atr_ratio"":{""value"":0.3627320320336331,""score"":100},""VC2_range_contraction"":{""value"":0.9269799047969459,""score"":12.17001586717568},""VC3_range_pct_rank"":{""score"":78.33333333333333},""_score"":63.84},""sr_quality"":{""SR1_touches"":{""value"":3,""score"":50.0},""SR2_tightness"":{""value"":1.7563519642207965,""score"":66.45952119309032},""SR3_recency"":{""value"":233,""score"":0.0},""SR4_price_location"":{""score"":43.371710526315645},""SR5_reaction"":{""value"":1.9792109982285593,""score"":98.96054991142796},""_score"":50.66,""_levels_found"":7,""_target_level"":505.4483},""volume"":{""V1_rvol_day"":{""value"":0.22982478020747715,""score"":0},""V2_rvol_sameslot"":{""value"":0.4827928363207014,""score"":0,""status"":""ok""},""V3_breakout_bar"":{""value"":0.6776801394116508,""score"":11.84534262744339},""V4_base_dryup"":{""value"":0.9534991379306725,""score"":54.65008620693275},""V5_bo_expansion"":{""value"":0.22982478020747715,""score"":0},""_score"":13.89},""readiness"":{""_distance_atr"":0.63,""BR1_atr_distance"":{""score"":57.98731980925135},""BR2_compression"":{""score"":43.119978763694704},""BR3_retest"":{""score"":50.0},""BR4_bo_age"":{""score"":50.0},""_score"":51.47},""risk"":{""R1_stop_clarity"":{""score"":0},""R2_stop_distance_pct"":{""value"":3.806237617818335,""score"":100.0},""R3_stop_distance_atr"":{""value"":1.8161079071137844,""score"":100.0},""R4_rr_potential"":{""value"":1.3472554107091719,""score"":17.362770535458594},""_score"":48.47},""market"":{""M1_spy_regime"":{""score"":100.0},""M3_earnings_risk"":{""value"":null,""score"":80.0},""M4_vix"":{""value"":null,""score"":60.0},""_score"":84.0},""liquidity"":{""L1_price"":{""value"":499.71,""score"":100.0},""L2_dollar_vol"":{""value"":435912392.1135443,""score"":100.0},""L3_spread_proxy"":{""value"":0.013888055071941722,""score"":86.11194492805828},""L4_volume_zscore"":{""value"":-2.4850729049822475,""score"":100.0},""_score"":98.61},""pattern_structure"":{""n_contractions"":5,""contractions_pct"":[5.23,3.29,6.04,8.33,3.61],""descending_strict"":false,""final_low"":488.01,""final_pivot"":506.31,""structural_low"":488.01,""dry_up_ratio"":0.839569558211296,""current_price"":499.71,""neckline_distance_pct"":0.01320766044305702,""base_bars"":37},""pattern_geometry_features"":{""contraction_count"":5.0,""first_contraction_pct"":0.0523336653288235,""last_contraction_pct"":0.036143864430882286,""dry_up_ratio"":0.839569558211296,""near_monotone"":0.0,""base_depth_pct"":0.03752206455175685},""_schema_version"":""1.0""}",,,,,,,,,,
20260522T181904Z-97bb42,2026-05-22T18:19:04.835948+00:00,WK,double_bottom,forming,48.48,5.0,63.5,54.8,66.9,9.6,43.4,72.9,84.0,79.2,0.75,15.88,4.38,9.37,1.25,3.47,4.37,5.04,3.96,False,,50.045,52.5,46.0192,58.28,"{""trend"":{""T1_ema_stack"":{""value"":[false,false,false],""score"":0.0},""T2_ema50_slope"":{""value"":-0.6398597416673529,""score"":0},""T3_high_proximity"":{""value"":0.7711093990755007,""score"":0},""T4_rs_1m"":{""value"":-0.0963048526078677,""score"":0},""T5_rs_3m"":{""value"":-0.22651490037233946,""score"":0},""T6_adr_healthy"":{""value"":5.089670746729634,""score"":100.0},""_score"":5.0},""geometry"":{""sub_low_similarity"":79.3,""sub_bounce_quality"":100,""sub_separation_fit"":13.3,""sub_right_bottom_reaction"":78.2,""sub_base_context"":30.0,""_score"":63.52},""compression"":{""VC1_atr_ratio"":{""value"":0.4888767771358026,""score"":100},""VC2_range_contraction"":{""value"":1.4174926512826154,""score"":0},""VC3_range_pct_rank"":{""score"":59.166666666666664},""_score"":54.79},""sr_quality"":{""SR1_touches"":{""value"":4,""score"":75.0},""SR2_tightness"":{""value"":0.5502769189235556,""score"":64.8985332467791},""SR3_recency"":{""value"":228,""score"":0.0},""SR4_price_location"":{""score"":83.31525985934586},""SR5_reaction"":{""value"":1.8466837833096783,""score"":92.33418916548392},""_score"":66.91,""_levels_found"":6,""_target_level"":51.7888},""volume"":{""V1_rvol_day"":{""value"":0.19957881649282166,""score"":0},""V2_rvol_sameslot"":{""value"":0.3216518267999431,""score"":0,""status"":""ok""},""V3_breakout_bar"":{""value"":0.3326424832914949,""score"":0},""V4_base_dryup"":{""value"":1.01944121014235,""score"":48.055878985765},""V5_bo_expansion"":{""value"":0.19957881649282166,""score"":0},""_score"":9.61},""readiness"":{""_distance_atr"":0.783,""BR1_atr_distance"":{""score"":47.799554542023515},""BR2_compression"":{""score"":27.184292718548537},""BR3_retest"":{""score"":50.0},""BR4_bo_age"":{""score"":50.0},""_score"":43.42},""risk"":{""R1_stop_clarity"":{""score"":55.2968568102444},""R2_stop_distance_pct"":{""value"":8.04436007593167,""score"":98.89099810170828},""R3_stop_distance_atr"":{""value"":1.2840033808027826,""score"":89.20016904013913},""R4_rr_potential"":{""value"":2.0455561627502585,""score"":52.27780813751293},""_score"":72.86},""market"":{""M1_spy_regime"":{""score"":100.0},""M3_earnings_risk"":{""value"":null,""score"":80.0},""M4_vix"":{""value"":null,""score"":60.0},""_score"":84.0},""liquidity"":{""L1_price"":{""value"":50.045,""score"":100.0},""L2_dollar_vol"":{""value"":13565279.52777878,""score"":56.621437365703066},""L3_spread_proxy"":{""value"":0.03396942751523634,""score"":66.03057248476367},""L4_volume_zscore"":{""value"":-1.767644966450228,""score"":100.0},""_score"":79.25},""pattern_structure"":{""left_low"":46.72,""left_idx"":27,""right_low"":47.205,""right_idx"":70,""separation_bars"":43,""structural_low"":46.72,""current_price"":50.41,""neckline_distance_pct"":0.041460027772267476,""base_bars"":43},""pattern_geometry_features"":{""low_similarity_pct"":0.010327388874101666,""bounce_pct"":0.12371575342465756,""right_bottom_reaction"":0.7824773413897286,""atr_pct"":0.06265061444699768},""_schema_version"":""1.0""}",,,,,,,,,,
20260522T181904Z-97bb42,2026-05-22T18:19:04.835948+00:00,APPF,ascending_triangle,absent,48.44,40.5,47.8,54.8,46.2,20.6,54.5,46.5,84.0,87.6,6.08,13.39,4.38,6.47,2.48,4.36,1.86,5.04,4.38,False,,164.995,168.18,148.4297,185.67,"{""trend"":{""T1_ema_stack"":{""value"":[true,false,false],""score"":33.33333333333333},""T2_ema50_slope"":{""value"":-0.12889295409473067,""score"":28.517840984211553},""T3_high_proximity"":{""value"":0.8630799811685935,""score"":31.53999058429674},""T4_rs_1m"":{""value"":0.02815019490590731,""score"":78.15019490590731},""T5_rs_3m"":{""value"":-0.08530848624949727,""score"":7.345756875251361},""T6_adr_healthy"":{""value"":4.339766093156886,""score"":100.0},""_score"":40.5},""geometry"":{""sub_flat_top_quality"":33.3,""sub_hl_slope"":76.1,""sub_compression"":0,""sub_duration"":100.0,""_score"":47.82},""compression"":{""VC1_atr_ratio"":{""value"":0.3928112645191689,""score"":100},""VC2_range_contraction"":{""value"":1.1734126653571295,""score"":0},""VC3_range_pct_rank"":{""score"":59.166666666666664},""_score"":54.79},""sr_quality"":{""SR1_touches"":{""value"":2,""score"":25.0},""SR2_tightness"":{""value"":0.9099999999999966,""score"":76.2514283279246},""SR3_recency"":{""value"":228,""score"":0.0},""SR4_price_location"":{""score"":59.73451327433622},""SR5_reaction"":{""value"":1.6493513512913953,""score"":82.46756756456976},""_score"":46.24,""_levels_found"":8,""_target_level"":167.27},""volume"":{""V1_rvol_day"":{""value"":0.6582736714496744,""score"":10.55157809664496},""V2_rvol_sameslot"":{""value"":0.8171799216359024,""score"":21.14532810906016,""status"":""ok""},""V3_breakout_bar"":{""value"":0.6529776925614198,""score"":10.198512837427987},""V4_base_dryup"":{""value"":0.9118843268464938,""score"":58.81156731535062},""V5_bo_expansion"":{""value"":0.6582736714496746,""score"":0},""_score"":20.65},""readiness"":{""_distance_atr"":0.416,""BR1_atr_distance"":{""score"":72.29333304924523},""BR2_compression"":{""score"":32.39930930538634},""BR3_retest"":{""score"":50.0},""BR4_bo_age"":{""score"":50.0},""_score"":54.52},""risk"":{""R1_stop_clarity"":{""score"":41.01089672640047},""R2_stop_distance_pct"":{""value"":10.039910300312126,""score"":49.00224249219684},""R3_stop_distance_atr"":{""value"":2.161557152461625,""score"":100.0},""R4_rr_potential"":{""value"":1.2480871216122822,""score"":12.404356080614109},""_score"":46.54},""market"":{""M1_spy_regime"":{""score"":100.0},""M3_earnings_risk"":{""value"":null,""score"":80.0},""M4_vix"":{""value"":null,""score"":60.0},""_score"":84.0},""liquidity"":{""L1_price"":{""value"":164.995,""score"":100.0},""L2_dollar_vol"":{""value"":34739364.130539834,""score"":77.04109324279477},""L3_spread_proxy"":{""value"":0.03242522500681853,""score"":67.57477499318148},""L4_volume_zscore"":{""value"":-1.1882751062570287,""score"":100.0},""_score"":87.57},""pattern_structure"":{""top"":168.18,""top_touches"":2,""low_slope_per_bar"":0.3440986077481854,""lowest_low"":150.69,""structural_low"":150.69,""current_price"":165.62,""neckline_distance_pct"":0.01545707040212536,""base_bars"":30},""pattern_geometry_features"":{""top_touches"":2.0,""low_slope"":0.3440986077481854,""compression"":-0.06509869992208128,""atr_pct"":0.04644758196135816},""_schema_version"":""1.0""}",,,,,,,,,,
20260522T181904Z-97bb42,2026-05-22T18:19:04.835948+00:00,KVYO,ascending_triangle,forming,48.4,5.0,63.5,59.1,58.2,4.9,47.8,77.9,84.0,88.7,0.75,17.77,4.73,8.14,0.59,3.83,3.11,5.04,4.44,False,,14.76,15.45,14.0166,16.67,"{""trend"":{""T1_ema_stack"":{""value"":[false,false,false],""score"":0.0},""T2_ema50_slope"":{""value"":-0.6729023871201927,""score"":0},""T3_high_proximity"":{""value"":0.6326618088298329,""score"":0},""T4_rs_1m"":{""value"":-0.2684246412593876,""score"":0},""T5_rs_3m"":{""value"":-0.16603153909748902,""score"":0},""T6_adr_healthy"":{""value"":5.980432514485832,""score"":100.0},""_score"":5.0},""geometry"":{""sub_flat_top_quality"":33.3,""sub_hl_slope"":69.4,""sub_compression"":70.7,""sub_duration"":100.0,""_score"":63.48},""compression"":{""VC1_atr_ratio"":{""value"":0.22944439763778726,""score"":100},""VC2_range_contraction"":{""value"":0.9078331776726345,""score"":15.361137054560919},""VC3_range_pct_rank"":{""score"":55.00000000000001},""_score"":59.13},""sr_quality"":{""SR1_touches"":{""value"":3,""score"":50.0},""SR2_tightness"":{""value"":0.32221455929585635,""score"":54.703112035727486},""SR3_recency"":{""value"":228,""score"":0.0},""SR4_price_location"":{""score"":79.82678549014685},""SR5_reaction"":{""value"":2.5497677921425876,""score"":100},""_score"":58.16,""_levels_found"":8,""_target_level"":15.7167},""volume"":{""V1_rvol_day"":{""value"":0.39501919393910007,""score"":0},""V2_rvol_sameslot"":{""value"":0.6342472520202102,""score"":8.949816801347342,""status"":""ok""},""V3_breakout_bar"":{""value"":0.5176154841281299,""score"":1.1743656085419905},""V4_base_dryup"":{""value"":1.3599914627532321,""score"":14.000853724676787},""V5_bo_expansion"":{""value"":0.39501919393910007,""score"":0},""_score"":4.88},""readiness"":{""_distance_atr"":0.485,""BR1_atr_distance"":{""score"":67.6666248274131},""BR2_compression"":{""score"":13.112611223330628},""BR3_retest"":{""score"":50.0},""BR4_bo_age"":{""score"":50.0},""_score"":47.84},""risk"":{""R1_stop_clarity"":{""score"":69.9932220409188},""R2_stop_distance_pct"":{""value"":5.0369241192411875,""score"":100.0},""R3_stop_distance_atr"":{""value"":0.5225706037404289,""score"":51.12853018702144},""R4_rr_potential"":{""value"":2.56910350393436,""score"":78.455175196718},""_score"":77.86},""market"":{""M1_spy_regime"":{""score"":100.0},""M3_earnings_risk"":{""value"":null,""score"":80.0},""M4_vix"":{""value"":null,""score"":60.0},""_score"":84.0},""liquidity"":{""L1_price"":{""value"":14.76,""score"":100.0},""L2_dollar_vol"":{""value"":49279940.62568784,""score"":84.63350879512399},""L3_spread_proxy"":{""value"":0.05115176151761511,""score"":48.84823848238489},""L4_volume_zscore"":{""value"":-1.1285831355691858,""score"":100.0},""_score"":88.74},""pattern_structure"":{""top"":15.45,""top_touches"":2,""low_slope_per_bar"":0.029625206611570205,""lowest_low"":14.23,""structural_low"":14.23,""current_price"":14.8199,""neckline_distance_pct"":0.04251715598620765,""base_bars"":36},""pattern_geometry_features"":{""top_touches"":2.0,""low_slope"":0.029625206611570205,""compression"":0.353462688328548,""atr_pct"":0.09638743708865659},""_schema_version"":""1.0""}",,,,,,,,,,
20260522T181904Z-97bb42,2026-05-22T18:19:04.835948+00:00,NTES,vcp,absent,48.12,48.5,47.2,23.7,62.2,24.0,36.0,64.8,84.0,96.5,7.28,11.79,2.84,7.46,3.12,2.52,3.24,5.04,4.83,True,risk_unclear,116.73,119.49,107.1138,146.685,"{""trend"":{""T1_ema_stack"":{""value"":[true,false,false],""score"":33.33333333333333},""T2_ema50_slope"":{""value"":-0.015786255361591298,""score"":47.368957439734785},""T3_high_proximity"":{""value"":0.9738862005673286,""score"":86.94310028366425},""T4_rs_1m"":{""value"":0.01043309800537262,""score"":60.43309800537262},""T5_rs_3m"":{""value"":-0.0920640779034263,""score"":3.9679610482868526},""T6_adr_healthy"":{""value"":2.4064588166368113,""score"":100.0},""_score"":48.53},""geometry"":{""sub_contraction_count"":100.0,""sub_reduction_rate"":0,""sub_pivot_tightness"":14.4,""sub_volume_dryup"":0,""sub_base_depth"":100.0,""sub_base_duration"":100.0,""_score"":47.16},""compression"":{""VC1_atr_ratio"":{""value"":0.7737671128835582,""score"":56.55822177911046},""VC2_range_contraction"":{""value"":1.560931377617832,""score"":0},""VC3_range_pct_rank"":{""score"":4.1666666666666625},""_score"":23.66},""sr_quality"":{""SR1_touches"":{""value"":6,""score"":100},""SR2_tightness"":{""value"":0.5367701763531779,""score"":68.57186036157212},""SR3_recency"":{""value"":232,""score"":0.0},""SR4_price_location"":{""score"":27.6749798873694},""SR5_reaction"":{""value"":2.1134275716894595,""score"":100},""_score"":62.2,""_levels_found"":5,""_target_level"":119.7267},""volume"":{""V1_rvol_day"":{""value"":1.1750781503893581,""score"":45.00521002595721},""V2_rvol_sameslot"":{""value"":1.15773580333341,""score"":43.849053555560666,""status"":""ok""},""V3_breakout_bar"":{""value"":0.3294295030058547,""score"":0},""V4_base_dryup"":{""value"":1.2745966671224271,""score"":22.540333287757292},""V5_bo_expansion"":{""value"":1.1750781503893581,""score"":11.671876692623878},""_score"":24.03},""readiness"":{""_distance_atr"":0.808,""BR1_atr_distance"":{""score"":46.133578687633495},""BR2_compression"":{""score"":0},""BR3_retest"":{""score"":50.0},""BR4_bo_age"":{""score"":50.0},""_score"":35.95},""risk"":{""R1_stop_clarity"":{""score"":4.493956756304698},""R2_stop_distance_pct"":{""value"":8.237963676861131,""score"":94.05090807847172},""R3_stop_distance_atr"":{""value"":2.815157249801346,""score"":100.0},""R4_rr_potential"":{""value"":3.115063941743989,""score"":100.0},""_score"":64.79},""market"":{""M1_spy_regime"":{""score"":100.0},""M3_earnings_risk"":{""value"":null,""score"":80.0},""M4_vix"":{""value"":null,""score"":60.0},""_score"":84.0},""liquidity"":{""L1_price"":{""value"":116.73,""score"":100.0},""L2_dollar_vol"":{""value"":147052442.50911504,""score"":100.0},""L3_spread_proxy"":{""value"":0.034926754047802606,""score"":65.0732459521974},""L4_volume_zscore"":{""value"":0.1933927352101951,""score"":100.0},""_score"":96.51},""pattern_structure"":{""n_contractions"":5,""contractions_pct"":[12.34,7.04,4.21,9.4,8.99],""descending_strict"":false,""final_low"":108.745,""final_pivot"":119.49,""structural_low"":108.745,""dry_up_ratio"":1.850540346345973,""current_price"":116.73,""neckline_distance_pct"":0.02364430737599581,""base_bars"":59},""pattern_geometry_features"":{""contraction_count"":5.0,""first_contraction_pct"":0.12343681035751068,""last_contraction_pct"":0.0899238429994141,""dry_up_ratio"":1.850540346345973,""near_monotone"":0.0,""base_depth_pct"":0.2000514933058702},""_schema_version"":""1.0""}",,,,,,,,,,
20260522T181904Z-97bb42,2026-05-22T18:19:04.835948+00:00,STEP,bull_flag,absent,48.1,62.4,31.2,64.3,54.7,29.0,36.1,68.4,84.0,87.1,8.74,9.36,5.78,5.47,4.05,3.25,2.05,5.04,4.36,True,risk_unclear,53.855,55.6,52.3232,59.46,"{""trend"":{""T1_ema_stack"":{""value"":[true,true,false],""score"":66.66666666666666},""T2_ema50_slope"":{""value"":0.12058868758496805,""score"":70.09811459749467},""T3_high_proximity"":{""value"":0.9564020600248623,""score"":78.20103001243112},""T4_rs_1m"":{""value"":-0.074596867734959,""score"":0},""T5_rs_3m"":{""value"":0.13014603990020546,""score"":100},""T6_adr_healthy"":{""value"":4.054478032624865,""score"":100.0},""_score"":62.42},""geometry"":{""sub_pole_impulse"":21.2,""sub_flag_tightness"":10.0,""sub_flag_shallowness"":0,""sub_flag_drift"":82.3,""sub_flag_duration"":100.0,""_score"":31.2},""compression"":{""VC1_atr_ratio"":{""value"":0.45128668327934607,""score"":100},""VC2_range_contraction"":{""value"":0.7876345445189833,""score"":35.394242580169454},""VC3_range_pct_rank"":{""score"":47.5},""_score"":64.26},""sr_quality"":{""SR1_touches"":{""value"":3,""score"":50.0},""SR2_tightness"":{""value"":0.34292856398964466,""score"":68.43005164652294},""SR3_recency"":{""value"":234,""score"":0.0},""SR4_price_location"":{""score"":57.77144021185574},""SR5_reaction"":{""value"":3.4744917529727624,""score"":100},""_score"":54.71,""_levels_found"":6,""_target_level"":57.31},""volume"":{""V1_rvol_day"":{""value"":0.792592521293675,""score"":19.506168086244998},""V2_rvol_sameslot"":{""value"":2.204235640587867,""score"":100,""status"":""ok""},""V3_breakout_bar"":{""value"":0.6286534935546458,""score"":8.576899570309722},""V4_base_dryup"":{""value"":1.354316348738968,""score"":14.568365126103203},""V5_bo_expansion"":{""value"":0.7925925212936749,""score"":0},""_score"":28.96},""readiness"":{""_distance_atr"":0.803,""BR1_atr_distance"":{""score"":46.45186037591089},""BR2_compression"":{""score"":0},""BR3_retest"":{""score"":50.0},""BR4_bo_age"":{""score"":50.0},""_score"":36.08},""risk"":{""R1_stop_clarity"":{""score"":26.646720368239613},""R2_stop_distance_pct"":{""value"":2.8443041500324893,""score"":100.0},""R3_stop_distance_atr"":{""value"":0.7050863060989627,""score"":60.254315304948136},""R4_rr_potential"":{""value"":3.6590938764851906,""score"":100.0},""_score"":68.36},""market"":{""M1_spy_regime"":{""score"":100.0},""M3_earnings_risk"":{""value"":null,""score"":80.0},""M4_vix"":{""value"":null,""score"":60.0},""_score"":84.0},""liquidity"":{""L1_price"":{""value"":53.855,""score"":100.0},""L2_dollar_vol"":{""value"":35590760.676240854,""score"":77.56686351084636},""L3_spread_proxy"":{""value"":0.03899359390957203,""score"":61.00640609042797},""L4_volume_zscore"":{""value"":-0.41322103851307207,""score"":100.0},""_score"":87.13},""pattern_structure"":{""pole_low"":51.74,""pole_low_idx"":44,""peak_price"":55.6,""peak_idx"":53,""pole_gain"":0.07460378817162736,""flag_bars"":6,""flag_low"":53.12,""flag_high"":55.36,""structural_low"":53.12,""current_price"":53.77,""neckline_distance_pct"":0.034033847870559755,""base_bars"":6},""pattern_geometry_features"":{""pole_gain"":0.07460378817162736,""pullback_pct"":0.04460431654676266,""flag_range_pct"":0.0402877697841727,""flag_drift_per_bar"":-0.0035388825420441332,""atr_pct"":0.04033980131835486,""pole_atr_multiple"":1.849384125193551},""_schema_version"":""1.0""}",,,,,,,,,,
20260522T181904Z-97bb42,2026-05-22T18:19:04.835948+00:00,WAY,double_bottom,forming,48.06,5.0,58.3,66.0,48.7,31.7,36.4,74.7,84.0,81.6,0.75,14.57,5.28,6.82,4.13,2.91,4.48,5.04,4.08,False,,19.2501,20.39,17.9171,22.59,"{""trend"":{""T1_ema_stack"":{""value"":[false,false,false],""score"":0.0},""T2_ema50_slope"":{""value"":-0.7891626310054437,""score"":0},""T3_high_proximity"":{""value"":0.7148199034533977,""score"":0},""T4_rs_1m"":{""value"":-0.28055311358588386,""score"":0},""T5_rs_3m"":{""value"":-0.30494405028250593,""score"":0},""T6_adr_healthy"":{""value"":5.109392429649731,""score"":100.0},""_score"":5.0},""geometry"":{""sub_low_similarity"":40.4,""sub_bounce_quality"":100,""sub_separation_fit"":60.0,""sub_right_bottom_reaction"":74.5,""sub_base_context"":30.0,""_score"":58.29},""compression"":{""VC1_atr_ratio"":{""value"":0.4737516399520378,""score"":100},""VC2_range_contraction"":{""value"":0.871607193443938,""score"":21.398801092677},""VC3_range_pct_rank"":{""score"":74.16666666666667},""_score"":66.03},""sr_quality"":{""SR1_touches"":{""value"":3,""score"":50.0},""SR2_tightness"":{""value"":0.22547480765905803,""score"":54.846254742398024},""SR3_recency"":{""value"":235,""score"":0.0},""SR4_price_location"":{""score"":41.97746294568908},""SR5_reaction"":{""value"":4.742841168319081,""score"":100},""_score"":48.72,""_levels_found"":5,""_target_level"":21.1817},""volume"":{""V1_rvol_day"":{""value"":0.32979437550738444,""score"":0},""V2_rvol_sameslot"":{""value"":1.078103470791546,""score"":38.540231386103066,""status"":""ok""},""V3_breakout_bar"":{""value"":1.1765247139700434,""score"":45.1016475980029},""V4_base_dryup"":{""value"":0.8623471701302615,""score"":63.76528298697385},""V5_bo_expansion"":{""value"":0.32979437550738444,""score"":0},""_score"":31.74},""readiness"":{""_distance_atr"":1.141,""BR1_atr_distance"":{""score"":23.907605239029934},""BR2_compression"":{""score"":37.13706276268323},""BR3_retest"":{""score"":50.0},""BR4_bo_age"":{""score"":50.0},""_score"":36.35},""risk"":{""R1_stop_clarity"":{""score"":45.358865048168774},""R2_stop_distance_pct"":{""value"":6.924379613612398,""score"":100.0},""R3_stop_distance_atr"":{""value"":1.334687572549807,""score"":91.73437862749036},""R4_rr_potential"":{""value"":2.5056453730447497,""score"":75.28226865223748},""_score"":74.69},""market"":{""M1_spy_regime"":{""score"":100.0},""M3_earnings_risk"":{""value"":null,""score"":80.0},""M4_vix"":{""value"":null,""score"":60.0},""_score"":84.0},""liquidity"":{""L1_price"":{""value"":19.2501,""score"":100.0},""L2_dollar_vol"":{""value"":17187082.46601797,""score"":61.76010803898748},""L3_spread_proxy"":{""value"":0.030649191432771773,""score"":69.35080856722823},""L4_volume_zscore"":{""value"":-1.1972683479728636,""score"":100.0},""_score"":81.64},""pattern_structure"":{""left_low"":18.19,""left_idx"":40,""right_low"":18.74,""right_idx"":76,""separation_bars"":36,""structural_low"":18.19,""current_price"":19.32,""neckline_distance_pct"":0.055383022774327134,""base_bars"":36},""pattern_geometry_features"":{""low_similarity_pct"":0.02978608177633345,""bounce_pct"":0.12094557449147879,""right_bottom_reaction"":0.745098039215689,""atr_pct"":0.05188015349827496},""_schema_version"":""1.0""}",,,,,,,,,,
20260522T181904Z-97bb42,2026-05-22T18:19:04.835948+00:00,BTU,double_bottom,forming,47.82,13.3,56.4,64.5,56.9,15.9,43.3,60.9,84.0,87.2,2.0,14.11,5.16,7.97,2.07,3.47,3.65,5.04,4.36,False,,24.79,25.35,22.8422,27.51,"{""trend"":{""T1_ema_stack"":{""value"":[false,false,true],""score"":33.33333333333333},""T2_ema50_slope"":{""value"":-0.7838626512737309,""score"":0},""T3_high_proximity"":{""value"":0.6275949367088607,""score"":0},""T4_rs_1m"":{""value"":-0.1491377735927084,""score"":0},""T5_rs_3m"":{""value"":-0.3483657424277704,""score"":0},""T6_adr_healthy"":{""value"":4.080878269198205,""score"":100.0},""_score"":13.33},""geometry"":{""sub_low_similarity"":58.6,""sub_bounce_quality"":90.2,""sub_separation_fit"":0.0,""sub_right_bottom_reaction"":98.7,""sub_base_context"":30.0,""_score"":56.43},""compression"":{""VC1_atr_ratio"":{""value"":0.24169592863906758,""score"":100},""VC2_range_contraction"":{""value"":0.9840789119316238,""score"":2.6535146780627037},""VC3_range_pct_rank"":{""score"":94.16666666666667},""_score"":64.47},""sr_quality"":{""SR1_touches"":{""value"":2,""score"":25.0},""SR2_tightness"":{""value"":0.07500000000000107,""score"":85.77717575347083},""SR3_recency"":{""value"":234,""score"":0.0},""SR4_price_location"":{""score"":86.20386048086692},""SR5_reaction"":{""value"":2.21401964104301,""score"":100},""_score"":56.92,""_levels_found"":6,""_target_level"":25.275},""volume"":{""V1_rvol_day"":{""value"":0.4191077197531149,""score"":0},""V2_rvol_sameslot"":{""value"":0.9492445284887274,""score"":29.949635232581826,""status"":""ok""},""V3_breakout_bar"":{""value"":0.6914249433632351,""score"":12.761662890882342},""V4_base_dryup"":{""value"":1.1641435657014627,""score"":33.58564342985373},""V5_bo_expansion"":{""value"":0.41910771975311495,""score"":0},""_score"":15.9},""readiness"":{""_distance_atr"":0.531,""BR1_atr_distance"":{""score"":64.60097076419444},""BR2_compression"":{""score"":0},""BR3_retest"":{""score"":50.0},""BR4_bo_age"":{""score"":50.0},""_score"":43.34},""risk"":{""R1_stop_clarity"":{""score"":34.03454114459848},""R2_stop_distance_pct"":{""value"":7.857402178297697,""score"":100.0},""R3_stop_distance_atr"":{""value"":1.8469285472400945,""score"":100.0},""R4_rr_potential"":{""value"":1.396411427984703,""score"":19.820571399235153},""_score"":60.88},""market"":{""M1_spy_regime"":{""score"":100.0},""M3_earnings_risk"":{""value"":null,""score"":80.0},""M4_vix"":{""value"":null,""score"":60.0},""_score"":84.0},""liquidity"":{""L1_price"":{""value"":24.79,""score"":100.0},""L2_dollar_vol"":{""value"":31238145.60571593,""score"":74.73426224440445},""L3_spread_proxy"":{""value"":0.02722872125857189,""score"":72.7712787414281},""L4_volume_zscore"":{""value"":-1.2355956275626487,""score"":100.0},""_score"":87.17},""pattern_structure"":{""left_low"":23.675,""left_idx"":21,""right_low"":23.19,""right_idx"":70,""separation_bars"":49,""structural_low"":23.19,""current_price"":24.54,""neckline_distance_pct"":0.03300733496332528,""base_bars"":49},""pattern_geometry_features"":{""low_similarity_pct"":0.020697748853088633,""bounce_pct"":0.09314359637774904,""right_bottom_reaction"":0.9873417721518968,""atr_pct"":0.04254307612516566},""_schema_version"":""1.0""}",,,,,,,,,,
20260522T181904Z-97bb42,2026-05-22T18:19:04.835948+00:00,EXE,vcp,forming,47.78,15.7,57.0,70.2,54.9,13.8,19.4,65.0,84.0,94.3,2.36,14.26,8.42,6.59,1.8,1.35,3.25,5.04,4.71,True,risk_unclear,97.5,102.965,93.0529,120.775,"{""trend"":{""T1_ema_stack"":{""value"":[false,false,false],""score"":0.0},""T2_ema50_slope"":{""value"":-0.14744916401329272,""score"":25.42513933111788},""T3_high_proximity"":{""value"":0.8558637640449438,""score"":27.931882022471875},""T4_rs_1m"":{""value"":-0.042743965864665556,""score"":7.2560341353344455},""T5_rs_3m"":{""value"":-0.15055200002683744,""score"":0},""T6_adr_healthy"":{""value"":2.37422726956966,""score"":100.0},""_score"":15.73},""geometry"":{""sub_contraction_count"":100.0,""sub_reduction_rate"":0,""sub_pivot_tightness"":25.0,""sub_volume_dryup"":55.2,""sub_base_depth"":100.0,""sub_base_duration"":100.0,""_score"":57.03},""compression"":{""VC1_atr_ratio"":{""value"":0.36585438702562023,""score"":100},""VC2_range_contraction"":{""value"":0.8900202516080822,""score"":18.329958065319637},""VC3_range_pct_rank"":{""score"":95.0},""_score"":70.17},""sr_quality"":{""SR1_touches"":{""value"":2,""score"":25.0},""SR2_tightness"":{""value"":0.125,""score"":89.04809139524185},""SR3_recency"":{""value"":291,""score"":0.0},""SR4_price_location"":{""score"":76.1516510395436},""SR5_reaction"":{""value"":5.909649883127495,""score"":100},""_score"":54.9,""_levels_found"":7,""_target_level"":98.475},""volume"":{""V1_rvol_day"":{""value"":0.2374065683278889,""score"":0},""V2_rvol_sameslot"":{""value"":0.48431665920642175,""score"":0,""status"":""ok""},""V3_breakout_bar"":{""value"":0.45895229991493774,""score"":0},""V4_base_dryup"":{""value"":0.8075352122587217,""score"":69.24647877412784},""V5_bo_expansion"":{""value"":0.23740656832788892,""score"":0},""_score"":13.85},""readiness"":{""_distance_atr"":2.394,""BR1_atr_distance"":{""score"":0},""BR2_compression"":{""score"":7.392326916544456},""BR3_retest"":{""score"":50.0},""BR4_bo_age"":{""score"":50.0},""_score"":19.35},""risk"":{""R1_stop_clarity"":{""score"":0},""R2_stop_distance_pct"":{""value"":4.561076923076928,""score"":100.0},""R3_stop_distance_atr"":{""value"":1.948147406431589,""score"":100.0},""R4_rr_potential"":{""value"":5.233806680833357,""score"":100.0},""_score"":65.0},""market"":{""M1_spy_regime"":{""score"":100.0},""M3_earnings_risk"":{""value"":null,""score"":80.0},""M4_vix"":{""value"":null,""score"":60.0},""_score"":84.0},""liquidity"":{""L1_price"":{""value"":97.5,""score"":100.0},""L2_dollar_vol"":{""value"":62535833.1016575,""score"":89.80644699433333},""L3_spread_proxy"":{""value"":0.016307692307692197,""score"":83.6923076923078},""L4_volume_zscore"":{""value"":-2.248786184495537,""score"":100.0},""_score"":94.29},""pattern_structure"":{""n_contractions"":5,""contractions_pct"":[10.43,6.54,5.8,17.31,8.25],""descending_strict"":false,""final_low"":94.47,""final_pivot"":102.965,""structural_low"":94.47,""dry_up_ratio"":0.7241561422342163,""current_price"":97.5,""neckline_distance_pct"":0.056051282051282084,""base_bars"":67},""pattern_geometry_features"":{""contraction_count"":5.0,""first_contraction_pct"":0.10429283933024588,""last_contraction_pct"":0.08250376341475263,""dry_up_ratio"":0.7241561422342163,""near_monotone"":0.0,""base_depth_pct"":0.1586213038831493},""_schema_version"":""1.0""}",,,,,,,,,,
20260522T181904Z-97bb42,2026-05-22T18:19:04.835948+00:00,RCAT,double_bottom,breakout_confirmed,47.68,13.3,48.1,61.9,54.0,46.7,39.4,39.3,84.0,90.2,2.0,12.04,4.95,7.57,6.07,3.15,2.36,5.04,4.51,False,,9.455,9.04,8.2297,9.725,"{""trend"":{""T1_ema_stack"":{""value"":[false,false,true],""score"":33.33333333333333},""T2_ema50_slope"":{""value"":-0.8936731502915487,""score"":0},""T3_high_proximity"":{""value"":0.5561764705882353,""score"":0},""T4_rs_1m"":{""value"":-0.3012177842253506,""score"":0},""T5_rs_3m"":{""value"":-0.3559640501379576,""score"":0},""T6_adr_healthy"":{""value"":6.322477877400501,""score"":100.0},""_score"":13.33},""geometry"":{""sub_low_similarity"":30.6,""sub_bounce_quality"":74.3,""sub_separation_fit"":100.0,""sub_right_bottom_reaction"":20.7,""sub_base_context"":30.0,""_score"":48.14},""compression"":{""VC1_atr_ratio"":{""value"":0.3917500815498418,""score"":100},""VC2_range_contraction"":{""value"":1.0148725283593045,""score"":0},""VC3_range_pct_rank"":{""score"":87.5},""_score"":61.88},""sr_quality"":{""SR1_touches"":{""value"":3,""score"":50.0},""SR2_tightness"":{""value"":0.1143095213298817,""score"":72.08266522541442},""SR3_recency"":{""value"":242,""score"":0.0},""SR4_price_location"":{""score"":52.92547624031817},""SR5_reaction"":{""value"":3.0996324983136803,""score"":100},""_score"":54.04,""_levels_found"":5,""_target_level"":10.74},""volume"":{""V1_rvol_day"":{""value"":0.6289931758183916,""score"":8.599545054559442},""V2_rvol_sameslot"":{""value"":2.2074606193578323,""score"":100,""status"":""ok""},""V3_breakout_bar"":{""value"":2.2365782674241066,""score"":100},""V4_base_dryup"":{""value"":1.532209591418944,""score"":0},""V5_bo_expansion"":{""value"":0.6289931758183916,""score"":0},""_score"":46.72},""readiness"":{""_distance_atr"":-0.507,""BR1_atr_distance"":{""score"":49.8646291256716},""BR2_compression"":{""score"":7.915040064271037},""BR3_retest"":{""score"":50.0},""BR4_bo_age"":{""score"":50.0},""_score"":39.42},""risk"":{""R1_stop_clarity"":{""score"":69.39240108854926},""R2_stop_distance_pct"":{""value"":12.959545214172394,""score"":0.0},""R3_stop_distance_atr"":{""value"":1.4962799176610146,""score"":99.81399588305074},""R4_rr_potential"":{""value"":0.2203497031399815,""score"":0.0},""_score"":39.26},""market"":{""M1_spy_regime"":{""score"":100.0},""M3_earnings_risk"":{""value"":null,""score"":80.0},""M4_vix"":{""value"":null,""score"":60.0},""_score"":84.0},""liquidity"":{""L1_price"":{""value"":9.455,""score"":99.7275},""L2_dollar_vol"":{""value"":59086849.01705902,""score"":88.57454152725235},""L3_spread_proxy"":{""value"":0.051295610787943015,""score"":48.70438921205699},""L4_volume_zscore"":{""value"":-0.5986048616966785,""score"":100.0},""_score"":90.23},""pattern_structure"":{""left_low"":8.355,""left_idx"":60,""right_low"":8.65,""right_idx"":70,""separation_bars"":10,""structural_low"":8.355,""current_price"":9.5493,""neckline_distance_pct"":-0.05333375221220418,""base_bars"":10},""pattern_geometry_features"":{""low_similarity_pct"":0.034695677741840625,""bounce_pct"":0.08198683423099924,""right_bottom_reaction"":0.20689655172414026,""atr_pct"":0.08661177003852834},""_schema_version"":""1.0""}",,,,,,,,,,
20260522T181904Z-97bb42,2026-05-22T18:19:04.835948+00:00,CNR,vcp,forming,47.55,14.3,52.6,73.7,50.8,19.1,26.4,74.0,84.0,85.1,2.14,13.14,8.85,6.09,2.49,1.85,3.7,5.04,4.26,True,risk_unclear,85.075,90.54,79.3713,105.66,"{""trend"":{""T1_ema_stack"":{""value"":[false,false,true],""score"":33.33333333333333},""T2_ema50_slope"":{""value"":-0.27213065175316714,""score"":4.644891374472145},""T3_high_proximity"":{""value"":0.751346816214784,""score"":0},""T4_rs_1m"":{""value"":-0.08158405915861056,""score"":0},""T5_rs_3m"":{""value"":-0.11796609017009452,""score"":0},""T6_adr_healthy"":{""value"":3.6918195753681102,""score"":100.0},""_score"":14.26},""geometry"":{""sub_contraction_count"":100.0,""sub_reduction_rate"":0,""sub_pivot_tightness"":0,""sub_volume_dryup"":50.5,""sub_base_depth"":100.0,""sub_base_duration"":100.0,""_score"":52.58},""compression"":{""VC1_atr_ratio"":{""value"":0.26328536979146694,""score"":100},""VC2_range_contraction"":{""value"":0.8323821494853556,""score"":27.9363084191074},""VC3_range_pct_rank"":{""score"":95.83333333333334},""_score"":73.74},""sr_quality"":{""SR1_touches"":{""value"":3,""score"":50.0},""SR2_tightness"":{""value"":0.32866734279849463,""score"":79.76008269913378},""SR3_recency"":{""value"":294,""score"":0.0},""SR4_price_location"":{""score"":35.220010954902456},""SR5_reaction"":{""value"":3.0903785812732782,""score"":100},""_score"":50.77,""_levels_found"":6,""_target_level"":86.5533},""volume"":{""V1_rvol_day"":{""value"":0.39082116233199526,""score"":0},""V2_rvol_sameslot"":{""value"":0.8835632046138142,""score"":25.57088030758761,""status"":""ok""},""V3_breakout_bar"":{""value"":0.919617951850746,""score"":27.97453012338307},""V4_base_dryup"":{""value"":1.149508823391523,""score"":35.04911766084771},""V5_bo_expansion"":{""value"":0.3908211623319952,""score"":0},""_score"":19.12},""readiness"":{""_distance_atr"":1.683,""BR1_atr_distance"":{""score"":0},""BR2_compression"":{""score"":35.567622415040326},""BR3_retest"":{""score"":50.0},""BR4_bo_age"":{""score"":50.0},""_score"":26.39},""risk"":{""R1_stop_clarity"":{""score"":25.56611243072001},""R2_stop_distance_pct"":{""value"":6.704319717895987,""score"":100.0},""R3_stop_distance_atr"":{""value"":1.756219758951355,""score"":100.0},""R4_rr_potential"":{""value"":3.6090607851043996,""score"":100.0},""_score"":73.95},""market"":{""M1_spy_regime"":{""score"":100.0},""M3_earnings_risk"":{""value"":null,""score"":80.0},""M4_vix"":{""value"":null,""score"":60.0},""_score"":84.0},""liquidity"":{""L1_price"":{""value"":85.075,""score"":100.0},""L2_dollar_vol"":{""value"":23550059.686776474,""score"":68.59960060850013},""L3_spread_proxy"":{""value"":0.02303849544519534,""score"":76.96150455480466},""L4_volume_zscore"":{""value"":-2.1154301522185976,""score"":100.0},""_score"":85.14},""pattern_structure"":{""n_contractions"":5,""contractions_pct"":[11.02,21.91,7.59,9.49,11.0],""descending_strict"":false,""final_low"":80.58,""final_pivot"":90.54,""structural_low"":80.58,""dry_up_ratio"":0.7477153672715516,""current_price"":85.075,""neckline_distance_pct"":0.06423743755509848,""base_bars"":50},""pattern_geometry_features"":{""contraction_count"":5.0,""first_contraction_pct"":0.11024033437826539,""last_contraction_pct"":0.11000662690523534,""dry_up_ratio"":0.7477153672715516,""near_monotone"":0.0,""base_depth_pct"":0.15799373040752354},""_schema_version"":""1.0""}",,,,,,,,,,
20260522T181904Z-97bb42,2026-05-22T18:19:04.835948+00:00,KTOS,breakout_retest_hold,setup,47.46,5.0,64.0,66.9,41.5,9.5,64.1,60.5,84.0,94.8,0.7,14.08,4.01,5.82,1.24,11.54,3.02,4.2,2.84,False,,55.37,54.585,53.9154,54.835,"{""trend"":{""T1_ema_stack"":{""value"":[false,false,false],""score"":0.0},""T2_ema50_slope"":{""value"":-1.113465531299405,""score"":0},""T3_high_proximity"":{""value"":0.5809463854789634,""score"":0},""T4_rs_1m"":{""value"":-0.21011955496922663,""score"":0},""T5_rs_3m"":{""value"":-0.5083962204487431,""score"":0},""T6_adr_healthy"":{""value"":5.225148703217973,""score"":100.0},""_score"":5.0},""geometry"":{""sub_retest_depth"":81.0,""sub_retest_timing"":20.0,""sub_retest_freshness"":100.0,""sub_hold_quality"":52.4,""_score"":64.02},""compression"":{""VC1_atr_ratio"":{""value"":0.4415876087723721,""score"":100},""VC2_range_contraction"":{""value"":0.8998730717032132,""score"":16.687821382797804},""VC3_range_pct_rank"":{""score"":84.16666666666667},""_score"":66.88},""sr_quality"":{""SR1_touches"":{""value"":2,""score"":25.0},""SR2_tightness"":{""value"":0.14499999999999602,""score"":91.19019203645462},""SR3_recency"":{""value"":239,""score"":0.0},""SR4_price_location"":{""score"":21.486383855918405},""SR5_reaction"":{""value"":3.7548009113594425,""score"":100},""_score"":41.55,""_levels_found"":4,""_target_level"":63.985},""volume"":{""V1_rvol_day"":{""value"":0.3834860769216301,""score"":0},""V2_rvol_sameslot"":{""value"":0.5433750754855331,""score"":2.89167169903554,""status"":""ok""},""V3_breakout_bar"":{""value"":0.5340706262863176,""score"":2.2713750857545083},""V4_base_dryup"":{""value"":1.0815567696797885,""score"":41.844323032021144},""V5_bo_expansion"":{""value"":0.3834860769216301,""score"":0},""_score"":9.52},""readiness"":{""_distance_atr"":-0.238,""BR1_atr_distance"":{""score"":100.0},""BR2_compression"":{""score"":0},""BR3_retest"":{""score"":98.10133449061517},""BR4_bo_age"":{""score"":30.0},""_score"":64.12},""risk"":{""R1_stop_clarity"":{""score"":66.9115764348485},""R2_stop_distance_pct"":{""value"":2.6270543615676347,""score"":100.0},""R3_stop_distance_atr"":{""value"":0.441887815992188,""score"":47.0943907996094},""R4_rr_potential"":{""value"":-0.3677987075484648,""score"":0.0},""_score"":60.48},""market"":{""M1_spy_regime"":{""score"":100.0},""M3_earnings_risk"":{""value"":null,""score"":80.0},""M4_vix"":{""value"":null,""score"":60.0},""_score"":84.0},""liquidity"":{""L1_price"":{""value"":55.37,""score"":100.0},""L2_dollar_vol"":{""value"":88183136.30547805,""score"":97.26927704019937},""L3_spread_proxy"":{""value"":0.041358136174823895,""score"":58.6418638251761},""L4_volume_zscore"":{""value"":-1.506127236887997,""score"":100.0},""_score"":94.77},""pattern_structure"":{""level"":54.585,""level_idx"":58,""breakout_idx"":65,""bo_peak_idx"":76,""bo_peak_price"":56.75,""retest_idx"":77,""retest_low"":54.46,""structural_low"":54.46,""current_price"":55.62,""neckline_distance_pct"":-0.01860841423948214,""base_bars"":21,""bars_since_breakout"":14},""pattern_geometry_features"":{""retest_depth_atr"":0.16677344932379107,""bars_breakout_to_retest"":12.0,""bars_since_retest"":2.0,""current_above_level_atr"":1.3808841604009856,""bo_peak_excess_pct"":0.03966291105615094,""atr_pct"":0.059450708222606376},""_schema_version"":""1.0""}",,,,,,,,,,
20260522T181904Z-97bb42,2026-05-22T18:19:04.835948+00:00,MA,double_bottom,forming,47.32,24.4,53.1,63.8,50.7,15.8,34.7,56.2,84.0,98.6,3.66,13.29,5.11,7.09,2.05,2.78,3.37,5.04,4.93,True,risk_unclear,499.71,512.9,482.719,535.73,"{""trend"":{""T1_ema_stack"":{""value"":[false,false,false],""score"":0.0},""T2_ema50_slope"":{""value"":-0.08466029877189805,""score"":35.88995020468366},""T3_high_proximity"":{""value"":0.9514117624659673,""score"":75.70588123298361},""T4_rs_1m"":{""value"":-0.06051972707308917,""score"":0},""T5_rs_3m"":{""value"":-0.08808366572853132,""score"":5.958167135734335},""T6_adr_healthy"":{""value"":2.1537823155971436,""score"":100.0},""_score"":24.43},""geometry"":{""sub_low_similarity"":92.1,""sub_bounce_quality"":23.7,""sub_separation_fit"":0.0,""sub_right_bottom_reaction"":98.5,""sub_base_context"":30.0,""_score"":53.14},""compression"":{""VC1_atr_ratio"":{""value"":0.3627320320336331,""score"":100},""VC2_range_contraction"":{""value"":0.9269799047969459,""score"":12.17001586717568},""VC3_range_pct_rank"":{""score"":78.33333333333333},""_score"":63.84},""sr_quality"":{""SR1_touches"":{""value"":3,""score"":50.0},""SR2_tightness"":{""value"":1.7563519642207965,""score"":66.45952119309032},""SR3_recency"":{""value"":233,""score"":0.0},""SR4_price_location"":{""score"":43.371710526315645},""SR5_reaction"":{""value"":1.9792109982285593,""score"":98.96054991142796},""_score"":50.66,""_levels_found"":7,""_target_level"":505.4483},""volume"":{""V1_rvol_day"":{""value"":0.22982478020747715,""score"":0},""V2_rvol_sameslot"":{""value"":0.4827928363207014,""score"":0,""status"":""ok""},""V3_breakout_bar"":{""value"":0.6776801394116508,""score"":11.84534262744339},""V4_base_dryup"":{""value"":0.8581808512830397,""score"":64.18191487169602},""V5_bo_expansion"":{""value"":0.22982478020747715,""score"":0},""_score"":15.8},""readiness"":{""_distance_atr"":1.259,""BR1_atr_distance"":{""score"":16.038295194549605},""BR2_compression"":{""score"":43.119978763694704},""BR3_retest"":{""score"":50.0},""BR4_bo_age"":{""score"":50.0},""_score"":34.7},""risk"":{""R1_stop_clarity"":{""score"":0},""R2_stop_distance_pct"":{""value"":3.400182105621255,""score"":100.0},""R3_stop_distance_atr"":{""value"":1.6223626130795823,""score"":100.0},""R4_rr_potential"":{""value"":2.1199396152680436,""score"":55.996980763402185},""_score"":56.2},""market"":{""M1_spy_regime"":{""score"":100.0},""M3_earnings_risk"":{""value"":null,""score"":80.0},""M4_vix"":{""value"":null,""score"":60.0},""_score"":84.0},""liquidity"":{""L1_price"":{""value"":499.71,""score"":100.0},""L2_dollar_vol"":{""value"":435912392.1135443,""score"":100.0},""L3_spread_proxy"":{""value"":0.013888055071941722,""score"":86.11194492805828},""L4_volume_zscore"":{""value"":-2.4850729049822475,""score"":100.0},""_score"":98.61},""pattern_structure"":{""left_low"":492.01,""left_idx"":22,""right_low"":490.07,""right_idx"":70,""separation_bars"":48,""structural_low"":490.07,""current_price"":499.52,""neckline_distance_pct"":0.026785714285714277,""base_bars"":48},""pattern_geometry_features"":{""low_similarity_pct"":0.003950798305637011,""bounce_pct"":0.046585181708735456,""right_bottom_reaction"":0.9854620976116317,""atr_pct"":0.02095821290634281},""_schema_version"":""1.0""}",,,,,,,,,,
20260522T181904Z-97bb42,2026-05-22T18:19:04.835948+00:00,NIC,vcp,absent,47.28,25.8,45.9,56.4,71.0,21.5,20.9,65.0,84.0,82.4,3.87,11.46,6.77,8.52,2.8,1.46,3.25,5.04,4.12,True,risk_unclear,141.91,149.885,134.3638,166.265,"{""trend"":{""T1_ema_stack"":{""value"":[false,false,true],""score"":33.33333333333333},""T2_ema50_slope"":{""value"":-0.11501854109357086,""score"":30.830243151071524},""T3_high_proximity"":{""value"":0.8841744548286604,""score"":42.08722741433019},""T4_rs_1m"":{""value"":-0.06999258406608244,""score"":0},""T5_rs_3m"":{""value"":-0.18623109109726166,""score"":0},""T6_adr_healthy"":{""value"":2.501695306618226,""score"":100.0},""_score"":25.81},""geometry"":{""sub_contraction_count"":100.0,""sub_reduction_rate"":0,""sub_pivot_tightness"":14.4,""sub_volume_dryup"":19.8,""sub_base_depth"":57.2,""sub_base_duration"":100.0,""_score"":45.85},""compression"":{""VC1_atr_ratio"":{""value"":0.4643148978076284,""score"":100},""VC2_range_contraction"":{""value"":0.9905348886028802,""score"":1.5775185661866347},""VC3_range_pct_rank"":{""score"":63.33333333333333},""_score"":56.39},""sr_quality"":{""SR1_touches"":{""value"":4,""score"":75.0},""SR2_tightness"":{""value"":0.5179949324076392,""score"":70.17747269412102},""SR3_recency"":{""value"":241,""score"":0.0},""SR4_price_location"":{""score"":91.77425622867987},""SR5_reaction"":{""value"":2.6427810642370795,""score"":100},""_score"":70.97,""_levels_found"":3,""_target_level"":142.8625},""volume"":{""V1_rvol_day"":{""value"":0.8742695304304218,""score"":24.951302028694787},""V2_rvol_sameslot"":{""value"":0.5265415644077113,""score"":1.7694376271807515,""status"":""ok""},""V3_breakout_bar"":{""value"":0.17710298819940234,""score"":0},""V4_base_dryup"":{""value"":0.6914918610245668,""score"":80.85081389754332},""V5_bo_expansion"":{""value"":0.8742695304304218,""score"":0},""_score"":21.51},""readiness"":{""_distance_atr"":2.296,""BR1_atr_distance"":{""score"":0},""BR2_compression"":{""score"":13.524244178945876},""BR3_retest"":{""score"":50.0},""BR4_bo_age"":{""score"":50.0},""_score"":20.88},""risk"":{""R1_stop_clarity"":{""score"":0},""R2_stop_distance_pct"":{""value"":5.317560425621881,""score"":100.0},""R3_stop_distance_atr"":{""value"":2.1722728384933143,""score"":100.0},""R4_rr_potential"":{""value"":3.2274736123718655,""score"":100.0},""_score"":65.0},""market"":{""M1_spy_regime"":{""score"":100.0},""M3_earnings_risk"":{""value"":null,""score"":80.0},""M4_vix"":{""value"":null,""score"":60.0},""_score"":84.0},""liquidity"":{""L1_price"":{""value"":141.91,""score"":100.0},""L2_dollar_vol"":{""value"":17004375.470551178,""score"":61.5280342989585},""L3_spread_proxy"":{""value"":0.02240152209146644,""score"":77.59847790853357},""L4_volume_zscore"":{""value"":-0.5487829356461891,""score"":100.0},""_score"":82.37},""pattern_structure"":{""n_contractions"":5,""contractions_pct"":[9.2,4.01,11.5,5.33,8.99],""descending_strict"":false,""final_low"":136.41,""final_pivot"":149.885,""structural_low"":136.41,""dry_up_ratio"":0.9012310906042783,""current_price"":141.91,""neckline_distance_pct"":0.056197590021844795,""base_bars"":43},""pattern_geometry_features"":{""contraction_count"":5.0,""first_contraction_pct"":0.09195627986124735,""last_contraction_pct"":0.08990225839810519,""dry_up_ratio"":0.9012310906042783,""near_monotone"":0.0,""base_depth_pct"":0.10720596897702726},""_schema_version"":""1.0""}",,,,,,,,,,
20260522T181904Z-97bb42,2026-05-22T18:19:04.835948+00:00,ADSK,bull_flag,absent,47.07,45.4,41.0,47.3,51.2,33.5,26.4,70.3,84.0,96.5,6.36,12.3,4.26,5.12,4.68,2.38,2.11,5.04,4.82,True,risk_unclear,241.04,251.16,229.6971,277.045,"{""trend"":{""T1_ema_stack"":{""value"":[true,false,false],""score"":33.33333333333333},""T2_ema50_slope"":{""value"":-0.03396904531719868,""score"":44.338492447133554},""T3_high_proximity"":{""value"":0.9126154778131153,""score"":56.3077389065576},""T4_rs_1m"":{""value"":-0.016149934098579788,""score"":33.85006590142021},""T5_rs_3m"":{""value"":0.006948946634782294,""score"":53.474473317391144},""T6_adr_healthy"":{""value"":3.162561530391879,""score"":100.0},""_score"":45.44},""geometry"":{""sub_pole_impulse"":55.0,""sub_flag_tightness"":6.2,""sub_flag_shallowness"":0,""sub_flag_drift"":94.6,""sub_flag_duration"":87.5,""_score"":40.99},""compression"":{""VC1_atr_ratio"":{""value"":0.29895641454745037,""score"":100},""VC2_range_contraction"":{""value"":1.0717202939533619,""score"":0},""VC3_range_pct_rank"":{""score"":29.166666666666664},""_score"":47.29},""sr_quality"":{""SR1_touches"":{""value"":2,""score"":25.0},""SR2_tightness"":{""value"":1.1599999999999966,""score"":73.20076734256075},""SR3_recency"":{""value"":257,""score"":0.0},""SR4_price_location"":{""score"":71.03667510449156},""SR5_reaction"":{""value"":3.5699581261989763,""score"":100},""_score"":51.24,""_levels_found"":5,""_target_level"":245.96},""volume"":{""V1_rvol_day"":{""value"":0.6282131287959273,""score"":8.547541919728484},""V2_rvol_sameslot"":{""value"":1.5070614859094555,""score"":67.1374323939637,""status"":""ok""},""V3_breakout_bar"":{""value"":0.890195060418899,""score"":26.013004027926595},""V4_base_dryup"":{""value"":0.9091937193640472,""score"":59.08062806359528},""V5_bo_expansion"":{""value"":0.6282131287959271,""score"":0},""_score"":33.46},""readiness"":{""_distance_atr"":1.169,""BR1_atr_distance"":{""score"":22.06659928353851},""BR2_compression"":{""score"":0.285165400284985},""BR3_retest"":{""score"":50.0},""BR4_bo_age"":{""score"":50.0},""_score"":26.4},""risk"":{""R1_stop_clarity"":{""score"":19.18818457476408},""R2_stop_distance_pct"":{""value"":4.705826833720548,""score"":100.0},""R3_stop_distance_atr"":{""value"":1.3102658883227807,""score"":90.51329441613903},""R4_rr_potential"":{""value"":3.1742253431103475,""score"":100.0},""_score"":70.29},""market"":{""M1_spy_regime"":{""score"":100.0},""M3_earnings_risk"":{""value"":null,""score"":80.0},""M4_vix"":{""value"":null,""score"":60.0},""_score"":84.0},""liquidity"":{""L1_price"":{""value"":241.04,""score"":100.0},""L2_dollar_vol"":{""value"":268393411.86688757,""score"":100.0},""L3_spread_proxy"":{""value"":0.035429804181878494,""score"":64.5701958181215},""L4_volume_zscore"":{""value"":-2.202888713600513,""score"":100.0},""_score"":96.46},""pattern_structure"":{""pole_low"":225.275,""pole_low_idx"":15,""peak_price"":251.16,""peak_idx"":38,""pole_gain"":0.11490400621462653,""flag_bars"":21,""flag_low"":233.195,""flag_high"":249.44,""structural_low"":233.195,""current_price"":241.28,""neckline_distance_pct"":0.04094827586206894,""base_bars"":21},""pattern_geometry_features"":{""pole_gain"":0.11490400621462653,""pullback_pct"":0.07152810957158785,""flag_range_pct"":0.06467988533205926,""flag_drift_per_bar"":-0.0010757561404113115,""atr_pct"":0.035915052629083476,""pole_atr_multiple"":3.1993272403443167},""_schema_version"":""1.0""}",,,,,,,,,,
20260522T181904Z-97bb42,2026-05-22T18:19:04.835948+00:00,HLNE,breakout_retest_hold,setup,47.06,15.2,47.6,81.0,57.4,13.1,56.2,55.7,84.0,92.1,2.13,10.47,4.86,8.04,1.7,10.12,2.78,4.2,2.76,False,,90.76,87.6399,88.4367,84.2597,"{""trend"":{""T1_ema_stack"":{""value"":[true,false,false],""score"":33.33333333333333},""T2_ema50_slope"":{""value"":-0.5549495216834294,""score"":0},""T3_high_proximity"":{""value"":0.8249409198327577,""score"":12.47045991637885},""T4_rs_1m"":{""value"":-0.17540665359288976,""score"":0},""T5_rs_3m"":{""value"":-0.19804385533957047,""score"":0},""T6_adr_healthy"":{""value"":4.498730005706474,""score"":100.0},""_score"":15.2},""geometry"":{""sub_retest_depth"":0.0,""sub_retest_timing"":100.0,""sub_retest_freshness"":100.0,""sub_hold_quality"":25.3,""_score"":47.59},""compression"":{""VC1_atr_ratio"":{""value"":0.4011003670293701,""score"":100},""VC2_range_contraction"":{""value"":0.6908445233390397,""score"":51.52591277682672},""VC3_range_pct_rank"":{""score"":91.66666666666666},""_score"":80.95},""sr_quality"":{""SR1_touches"":{""value"":2,""score"":25.0},""SR2_tightness"":{""value"":0.5249999999999986,""score"":69.51826415845534},""SR3_recency"":{""value"":254,""score"":0.0},""SR4_price_location"":{""score"":97.95336916492485},""SR5_reaction"":{""value"":4.438721343021135,""score"":100},""_score"":57.42,""_levels_found"":5,""_target_level"":90.995},""volume"":{""V1_rvol_day"":{""value"":0.5914247437760675,""score"":6.094982918404498},""V2_rvol_sameslot"":{""value"":1.066470406585128,""score"":37.764693772341865,""status"":""ok""},""V3_breakout_bar"":{""value"":0.758364400180988,""score"":17.224293345399204},""V4_base_dryup"":{""value"":1.5440393149009155,""score"":0},""V5_bo_expansion"":{""value"":0.5914247437760676,""score"":0},""_score"":13.08},""readiness"":{""_distance_atr"":-0.906,""BR1_atr_distance"":{""score"":41.88455923824686},""BR2_compression"":{""score"":41.99597943258501},""BR3_retest"":{""score"":100},""BR4_bo_age"":{""score"":60},""_score"":56.25},""risk"":{""R1_stop_clarity"":{""score"":48.13460070999655},""R2_stop_distance_pct"":{""value"":2.55982811811371,""score"":100.0},""R3_stop_distance_atr"":{""value"":0.6744592083872477,""score"":58.72296041936238},""R4_rr_potential"":{""value"":-2.7978737141135457,""score"":0.0},""_score"":55.66},""market"":{""M1_spy_regime"":{""score"":100.0},""M3_earnings_risk"":{""value"":null,""score"":80.0},""M4_vix"":{""value"":null,""score"":60.0},""_score"":84.0},""liquidity"":{""L1_price"":{""value"":90.76,""score"":100.0},""L2_dollar_vol"":{""value"":51368500.87171285,""score"":85.53484457720097},""L3_spread_proxy"":{""value"":0.021430145438519253,""score"":78.56985456148075},""L4_volume_zscore"":{""value"":-0.824133399918183,""score"":100.0},""_score"":92.07},""pattern_structure"":{""level"":87.6399,""level_idx"":58,""breakout_idx"":72,""bo_peak_idx"":76,""bo_peak_price"":91.165,""retest_idx"":77,""retest_low"":89.33,""structural_low"":89.33,""current_price"":90.35,""neckline_distance_pct"":-0.02999557277255116,""base_bars"":21,""bars_since_breakout"":7},""pattern_geometry_features"":{""retest_depth_atr"":-0.9964792587913256,""bars_breakout_to_retest"":5.0,""bars_since_retest"":2.0,""current_above_level_atr"":1.597869025057906,""bo_peak_excess_pct"":0.04022254703622447,""atr_pct"":0.03795378706793426},""_schema_version"":""1.0""}",,,,,,,,,,
20260522T181904Z-97bb42,2026-05-22T18:19:04.835948+00:00,INOD,vcp,absent,47.05,90.6,35.0,24.7,47.0,6.5,51.1,40.6,84.0,92.3,13.59,8.75,2.96,5.64,0.84,3.58,2.03,5.04,4.61,False,,94.82,99.44,83.7349,61.3471,"{""trend"":{""T1_ema_stack"":{""value"":[true,true,true],""score"":100.0},""T2_ema50_slope"":{""value"":1.000576939601093,""score"":100},""T3_high_proximity"":{""value"":0.9132235384763555,""score"":56.611769238177736},""T4_rs_1m"":{""value"":1.1255677440345397,""score"":100},""T5_rs_3m"":{""value"":1.065883341081469,""score"":100},""T6_adr_healthy"":{""value"":10.308641787720626,""score"":42.283955306984346},""_score"":90.61},""geometry"":{""sub_contraction_count"":100.0,""sub_reduction_rate"":0,""sub_pivot_tightness"":0,""sub_volume_dryup"":0,""sub_base_depth"":0.0,""sub_base_duration"":100.0,""_score"":35.0},""compression"":{""VC1_atr_ratio"":{""value"":0.8283011856564739,""score"":42.92470358588152},""VC2_range_contraction"":{""value"":1.7964116294809016,""score"":0},""VC3_range_pct_rank"":{""score"":30.000000000000004},""_score"":24.67},""sr_quality"":{""SR1_touches"":{""value"":4,""score"":75.0},""SR2_tightness"":{""value"":2.3074282220688924,""score"":64.37567572781391},""SR3_recency"":{""value"":304,""score"":0.0},""SR4_price_location"":{""score"":30.0},""SR5_reaction"":{""value"":0.9753571809386326,""score"":48.767859046931626},""_score"":46.97,""_levels_found"":3,""_target_level"":64.725},""volume"":{""V1_rvol_day"":{""value"":0.3660787450105431,""score"":0},""V2_rvol_sameslot"":{""value"":0.5974065998319797,""score"":6.493773322131983,""status"":""ok""},""V3_breakout_bar"":{""value"":0.6540750114496791,""score"":10.271667429978603},""V4_base_dryup"":{""value"":1.3681147886706766,""score"":13.188521132932337},""V5_bo_expansion"":{""value"":0.36607874501054316,""score"":0},""_score"":6.5},""readiness"":{""_distance_atr"":0.357,""BR1_atr_distance"":{""score"":76.22398007684218},""BR2_compression"":{""score"":12.563071760255767},""BR3_retest"":{""score"":50.0},""BR4_bo_age"":{""score"":50.0},""_score"":51.13},""risk"":{""R1_stop_clarity"":{""score"":80.31299233440612},""R2_stop_distance_pct"":{""value"":11.690729803838837,""score"":7.731754904029087},""R3_stop_distance_atr"":{""value"":0.8557167118545205,""score"":67.78583559272602},""R4_rr_potential"":{""value"":-3.0196192203082544,""score"":0.0},""_score"":40.6},""market"":{""M1_spy_regime"":{""score"":100.0},""M3_earnings_risk"":{""value"":null,""score"":80.0},""M4_vix"":{""value"":null,""score"":60.0},""_score"":84.0},""liquidity"":{""L1_price"":{""value"":94.82,""score"":100.0},""L2_dollar_vol"":{""value"":108358833.28904347,""score"":100.0},""L3_spread_proxy"":{""value"":0.0774098291499684,""score"":22.590170850031598},""L4_volume_zscore"":{""value"":-0.447754970982183,""score"":100.0},""_score"":92.26},""pattern_structure"":{""n_contractions"":5,""contractions_pct"":[10.27,25.44,19.26,18.97,14.51],""descending_strict"":false,""final_low"":85.01,""final_pivot"":99.44,""structural_low"":85.01,""dry_up_ratio"":1.5996294752911808,""current_price"":94.82,""neckline_distance_pct"":0.048723897911833,""base_bars"":51},""pattern_geometry_features"":{""contraction_count"":5.0,""first_contraction_pct"":0.10267197430154841,""last_contraction_pct"":0.14511263073209968,""dry_up_ratio"":1.5996294752911808,""near_monotone"":0.0,""base_depth_pct"":-0.811920557354522},""_schema_version"":""1.0""}",,,,,,,,,,
20260522T181904Z-97bb42,2026-05-22T18:19:04.835948+00:00,PCTY,vcp,absent,46.94,59.6,38.3,55.4,40.7,15.6,47.8,45.3,84.0,84.2,8.95,9.56,6.65,4.88,2.03,3.34,2.27,5.04,4.21,False,,111.79,114.95,100.6572,122.6749,"{""trend"":{""T1_ema_stack"":{""value"":[true,false,false],""score"":33.33333333333333},""T2_ema50_slope"":{""value"":-0.032531216339392315,""score"":44.57813061010128},""T3_high_proximity"":{""value"":0.9308076602830975,""score"":65.40383014154871},""T4_rs_1m"":{""value"":0.06180136982939599,""score"":100},""T5_rs_3m"":{""value"":0.0010153290887484623,""score"":50.50766454437423},""T6_adr_healthy"":{""value"":4.4666917185066595,""score"":100.0},""_score"":59.64},""geometry"":{""sub_contraction_count"":100.0,""sub_reduction_rate"":0,""sub_pivot_tightness"":0,""sub_volume_dryup"":8.2,""sub_base_depth"":20.3,""sub_base_duration"":100.0,""_score"":38.26},""compression"":{""VC1_atr_ratio"":{""value"":0.3971990684228674,""score"":100},""VC2_range_contraction"":{""value"":1.0316711526689544,""score"":0},""VC3_range_pct_rank"":{""score"":61.66666666666667},""_score"":55.42},""sr_quality"":{""SR1_touches"":{""value"":2,""score"":25.0},""SR2_tightness"":{""value"":0.5949999999999989,""score"":77.83463252188936},""SR3_recency"":{""value"":235,""score"":0.0},""SR4_price_location"":{""score"":26.106920301738523},""SR5_reaction"":{""value"":2.205351619096275,""score"":100},""_score"":40.7,""_levels_found"":6,""_target_level"":115.545},""volume"":{""V1_rvol_day"":{""value"":0.23991342712231542,""score"":0},""V2_rvol_sameslot"":{""value"":0.5296707203255588,""score"":1.9780480217039227,""status"":""ok""},""V3_breakout_bar"":{""value"":0.7886866858393679,""score"":19.245779055957858},""V4_base_dryup"":{""value"":0.9789809450118455,""score"":52.10190549881545},""V5_bo_expansion"":{""value"":0.23991342712231542,""score"":0},""_score"":15.63},""readiness"":{""_distance_atr"":0.589,""BR1_atr_distance"":{""score"":60.76046989869484},""BR2_compression"":{""score"":23.841009504632122},""BR3_retest"":{""score"":50.0},""BR4_bo_age"":{""score"":50.0},""_score"":47.76},""risk"":{""R1_stop_clarity"":{""score"":42.89711464391035},""R2_stop_distance_pct"":{""value"":9.958629126039906,""score"":51.03427184900235},""R3_stop_distance_atr"":{""value"":2.0736262860503216,""score"":100.0},""R4_rr_potential"":{""value"":0.9777367257321777,""score"":0.0},""_score"":45.32},""market"":{""M1_spy_regime"":{""score"":100.0},""M3_earnings_risk"":{""value"":null,""score"":80.0},""M4_vix"":{""value"":null,""score"":60.0},""_score"":84.0},""liquidity"":{""L1_price"":{""value"":111.79,""score"":100.0},""L2_dollar_vol"":{""value"":22794947.06615126,""score"":67.89192940157527},""L3_spread_proxy"":{""value"":0.02947490831022454,""score"":70.52509168977545},""L4_volume_zscore"":{""value"":-1.7902217547831265,""score"":100.0},""_score"":84.21},""pattern_structure"":{""n_contractions"":5,""contractions_pct"":[8.57,15.24,7.86,8.55,11.1],""descending_strict"":false,""final_low"":102.1901,""final_pivot"":114.95,""structural_low"":102.1901,""dry_up_ratio"":0.9589172165097143,""current_price"":111.79,""neckline_distance_pct"":0.028267286877180397,""base_bars"":59},""pattern_geometry_features"":{""contraction_count"":5.0,""first_contraction_pct"":0.08565709866715195,""last_contraction_pct"":0.11100391474554155,""dry_up_ratio"":0.9589172165097143,""near_monotone"":0.0,""base_depth_pct"":0.07028067142792162},""_schema_version"":""1.0""}",,,,,,,,,,
20260522T181904Z-97bb42,2026-05-22T18:19:04.835948+00:00,APPF,vcp,forming,46.85,40.5,50.2,54.8,46.2,20.0,25.6,45.9,84.0,87.6,6.08,12.55,6.57,5.55,2.6,1.79,2.29,5.04,4.38,False,,164.995,177.82,142.9629,221.69,"{""trend"":{""T1_ema_stack"":{""value"":[true,false,false],""score"":33.33333333333333},""T2_ema50_slope"":{""value"":-0.12889295409473067,""score"":28.517840984211553},""T3_high_proximity"":{""value"":0.8630799811685935,""score"":31.53999058429674},""T4_rs_1m"":{""value"":0.02815019490590731,""score"":78.15019490590731},""T5_rs_3m"":{""value"":-0.08530848624949727,""score"":7.345756875251361},""T6_adr_healthy"":{""value"":4.339766093156886,""score"":100.0},""_score"":40.5},""geometry"":{""sub_contraction_count"":100.0,""sub_reduction_rate"":0,""sub_pivot_tightness"":0,""sub_volume_dryup"":34.7,""sub_base_depth"":100.0,""sub_base_duration"":100.0,""_score"":50.2},""compression"":{""VC1_atr_ratio"":{""value"":0.3928112645191689,""score"":100},""VC2_range_contraction"":{""value"":1.1734126653571295,""score"":0},""VC3_range_pct_rank"":{""score"":59.166666666666664},""_score"":54.79},""sr_quality"":{""SR1_touches"":{""value"":2,""score"":25.0},""SR2_tightness"":{""value"":0.9099999999999966,""score"":76.2514283279246},""SR3_recency"":{""value"":228,""score"":0.0},""SR4_price_location"":{""score"":59.73451327433622},""SR5_reaction"":{""value"":1.6493513512913953,""score"":82.46756756456976},""_score"":46.24,""_levels_found"":8,""_target_level"":167.27},""volume"":{""V1_rvol_day"":{""value"":0.6582736714496744,""score"":10.55157809664496},""V2_rvol_sameslot"":{""value"":0.8171799216359024,""score"":21.14532810906016,""status"":""ok""},""V3_breakout_bar"":{""value"":0.6529776925614198,""score"":10.198512837427987},""V4_base_dryup"":{""value"":0.9445987339730294,""score"":55.54012660269706},""V5_bo_expansion"":{""value"":0.6582736714496746,""score"":0},""_score"":20.0},""readiness"":{""_distance_atr"":1.673,""BR1_atr_distance"":{""score"":0},""BR2_compression"":{""score"":32.39930930538634},""BR3_retest"":{""score"":50.0},""BR4_bo_age"":{""score"":50.0},""_score"":25.6},""risk"":{""R1_stop_clarity"":{""score"":43.18349957442257},""R2_stop_distance_pct"":{""value"":13.353192520985493,""score"":0.0},""R3_stop_distance_atr"":{""value"":2.8748950875622796,""score"":100.0},""R4_rr_potential"":{""value"":2.5732907893482673,""score"":78.66453946741336},""_score"":45.85},""market"":{""M1_spy_regime"":{""score"":100.0},""M3_earnings_risk"":{""value"":null,""score"":80.0},""M4_vix"":{""value"":null,""score"":60.0},""_score"":84.0},""liquidity"":{""L1_price"":{""value"":164.995,""score"":100.0},""L2_dollar_vol"":{""value"":34739364.130539834,""score"":77.04109324279477},""L3_spread_proxy"":{""value"":0.03242522500681853,""score"":67.57477499318148},""L4_volume_zscore"":{""value"":-1.1882751062570287,""score"":100.0},""_score"":87.57},""pattern_structure"":{""n_contractions"":5,""contractions_pct"":[11.98,22.34,12.83,8.94,18.38],""descending_strict"":false,""final_low"":145.14,""final_pivot"":177.82,""structural_low"":145.14,""dry_up_ratio"":0.8267005503347946,""current_price"":164.995,""neckline_distance_pct"":0.07772962817055055,""base_bars"":63},""pattern_geometry_features"":{""contraction_count"":5.0,""first_contraction_pct"":0.11983492936881635,""last_contraction_pct"":0.18378135192891693,""dry_up_ratio"":0.8267005503347946,""near_monotone"":0.0,""base_depth_pct"":0.23210412147505427},""_schema_version"":""1.0""}",,,,,,,,,,
20260522T181904Z-97bb42,2026-05-22T18:19:04.835948+00:00,WAY,breakout_retest_hold,setup,46.75,5.0,42.6,66.0,48.7,25.5,71.4,61.5,84.0,81.6,0.7,9.37,3.96,6.82,3.32,12.85,3.08,4.2,2.45,False,,19.2501,18.9,18.4734,19.38,"{""trend"":{""T1_ema_stack"":{""value"":[false,false,false],""score"":0.0},""T2_ema50_slope"":{""value"":-0.7891626310054437,""score"":0},""T3_high_proximity"":{""value"":0.7148199034533977,""score"":0},""T4_rs_1m"":{""value"":-0.28055311358588386,""score"":0},""T5_rs_3m"":{""value"":-0.30494405028250593,""score"":0},""T6_adr_healthy"":{""value"":5.109392429649731,""score"":100.0},""_score"":5.0},""geometry"":{""sub_retest_depth"":100.0,""sub_retest_timing"":20.0,""sub_retest_freshness"":25.0,""sub_hold_quality"":12.0,""_score"":42.6},""compression"":{""VC1_atr_ratio"":{""value"":0.4737516399520378,""score"":100},""VC2_range_contraction"":{""value"":0.871607193443938,""score"":21.398801092677},""VC3_range_pct_rank"":{""score"":74.16666666666667},""_score"":66.03},""sr_quality"":{""SR1_touches"":{""value"":3,""score"":50.0},""SR2_tightness"":{""value"":0.22547480765905803,""score"":54.846254742398024},""SR3_recency"":{""value"":235,""score"":0.0},""SR4_price_location"":{""score"":41.97746294568908},""SR5_reaction"":{""value"":4.742841168319081,""score"":100},""_score"":48.72,""_levels_found"":5,""_target_level"":21.1817},""volume"":{""V1_rvol_day"":{""value"":0.32979437550738444,""score"":0},""V2_rvol_sameslot"":{""value"":1.078103470791546,""score"":38.540231386103066,""status"":""ok""},""V3_breakout_bar"":{""value"":1.1765247139700434,""score"":45.1016475980029},""V4_base_dryup"":{""value"":1.1729157891565418,""score"":32.708421084345815},""V5_bo_expansion"":{""value"":0.32979437550738444,""score"":0},""_score"":25.53},""readiness"":{""_distance_atr"":-0.351,""BR1_atr_distance"":{""score"":100.0},""BR2_compression"":{""score"":37.13706276268323},""BR3_retest"":{""score"":87.98435734978989},""BR4_bo_age"":{""score"":30.0},""_score"":71.38},""risk"":{""R1_stop_clarity"":{""score"":62.63135135784658},""R2_stop_distance_pct"":{""value"":4.034784234887082,""score"":100.0},""R3_stop_distance_atr"":{""value"":0.7777124705348532,""score"":63.88562352674265},""R4_rr_potential"":{""value"":0.16724604094244366,""score"":0.0},""_score"":61.5},""market"":{""M1_spy_regime"":{""score"":100.0},""M3_earnings_risk"":{""value"":null,""score"":80.0},""M4_vix"":{""value"":null,""score"":60.0},""_score"":84.0},""liquidity"":{""L1_price"":{""value"":19.2501,""score"":100.0},""L2_dollar_vol"":{""value"":17187082.46601797,""score"":61.76010803898748},""L3_spread_proxy"":{""value"":0.030649191432771773,""score"":69.35080856722823},""L4_volume_zscore"":{""value"":-1.1972683479728636,""score"":100.0},""_score"":81.64},""pattern_structure"":{""level"":18.9,""level_idx"":52,""breakout_idx"":58,""bo_peak_idx"":58,""bo_peak_price"":20.39,""retest_idx"":70,""retest_low"":18.66,""structural_low"":18.66,""current_price"":19.32,""neckline_distance_pct"":-0.0217391304347827,""base_bars"":27,""bars_since_breakout"":21},""pattern_geometry_features"":{""retest_depth_atr"":0.9737510338859531,""bars_breakout_to_retest"":12.0,""bars_since_retest"":9.0,""current_above_level_atr"":1.704064309300436,""bo_peak_excess_pct"":0.07883597883597895,""atr_pct"":0.05188015349827496},""_schema_version"":""1.0""}",,,,,,,,,,
20260522T181904Z-97bb42,2026-05-22T18:19:04.835948+00:00,RCAT,vcp,absent,46.71,13.3,35.0,61.9,54.0,62.9,19.5,59.3,84.0,90.2,2.0,8.75,7.43,6.48,8.17,1.36,2.96,5.04,4.51,False,,9.455,11.67,8.2297,21.805,"{""trend"":{""T1_ema_stack"":{""value"":[false,false,true],""score"":33.33333333333333},""T2_ema50_slope"":{""value"":-0.8936731502915487,""score"":0},""T3_high_proximity"":{""value"":0.5561764705882353,""score"":0},""T4_rs_1m"":{""value"":-0.3012177842253506,""score"":0},""T5_rs_3m"":{""value"":-0.3559640501379576,""score"":0},""T6_adr_healthy"":{""value"":6.322477877400501,""score"":100.0},""_score"":13.33},""geometry"":{""sub_contraction_count"":100.0,""sub_reduction_rate"":0,""sub_pivot_tightness"":0,""sub_volume_dryup"":0,""sub_base_depth"":0.0,""sub_base_duration"":100.0,""_score"":35.0},""compression"":{""VC1_atr_ratio"":{""value"":0.3917500815498418,""score"":100},""VC2_range_contraction"":{""value"":1.0148725283593045,""score"":0},""VC3_range_pct_rank"":{""score"":87.5},""_score"":61.88},""sr_quality"":{""SR1_touches"":{""value"":3,""score"":50.0},""SR2_tightness"":{""value"":0.1143095213298817,""score"":72.08266522541442},""SR3_recency"":{""value"":242,""score"":0.0},""SR4_price_location"":{""score"":52.92547624031817},""SR5_reaction"":{""value"":3.0996324983136803,""score"":100},""_score"":54.04,""_levels_found"":5,""_target_level"":10.74},""volume"":{""V1_rvol_day"":{""value"":0.6289931758183916,""score"":8.599545054559442},""V2_rvol_sameslot"":{""value"":2.2074606193578323,""score"":100,""status"":""ok""},""V3_breakout_bar"":{""value"":2.2365782674241066,""score"":100},""V4_base_dryup"":{""value"":0.6927186134642969,""score"":80.72813865357031},""V5_bo_expansion"":{""value"":0.6289931758183916,""score"":0},""_score"":62.87},""readiness"":{""_distance_atr"":2.705,""BR1_atr_distance"":{""score"":0},""BR2_compression"":{""score"":7.915040064271037},""BR3_retest"":{""score"":50.0},""BR4_bo_age"":{""score"":50.0},""_score"":19.48},""risk"":{""R1_stop_clarity"":{""score"":69.39240108854926},""R2_stop_distance_pct"":{""value"":12.959545214172394,""score"":0.0},""R3_stop_distance_atr"":{""value"":1.4962799176610146,""score"":99.81399588305074},""R4_rr_potential"":{""value"":10.078958643625162,""score"":100.0},""_score"":59.26},""market"":{""M1_spy_regime"":{""score"":100.0},""M3_earnings_risk"":{""value"":null,""score"":80.0},""M4_vix"":{""value"":null,""score"":60.0},""_score"":84.0},""liquidity"":{""L1_price"":{""value"":9.455,""score"":99.7275},""L2_dollar_vol"":{""value"":59086849.01705902,""score"":88.57454152725235},""L3_spread_proxy"":{""value"":0.051295610787943015,""score"":48.70438921205699},""L4_volume_zscore"":{""value"":-0.5986048616966785,""score"":100.0},""_score"":90.23},""pattern_structure"":{""n_contractions"":5,""contractions_pct"":[29.8,33.89,15.28,25.39,28.41],""descending_strict"":false,""final_low"":8.355,""final_pivot"":11.67,""structural_low"":8.355,""dry_up_ratio"":1.2392910465199602,""current_price"":9.455,""neckline_distance_pct"":0.23426758328926492,""base_bars"":43},""pattern_geometry_features"":{""contraction_count"":5.0,""first_contraction_pct"":0.29799891833423464,""last_contraction_pct"":0.28406169665809766,""dry_up_ratio"":1.2392910465199602,""near_monotone"":0.0,""base_depth_pct"":0.5481341265548945},""_schema_version"":""1.0""}",,,,,,,,,,
20260522T181904Z-97bb42,2026-05-22T18:19:04.835948+00:00,JOYY,vcp,invalidated,46.63,23.7,54.7,56.3,60.7,33.8,17.5,14.6,84.0,79.2,3.56,13.68,6.76,7.28,4.4,1.23,0.73,5.04,3.96,True,risk_unclear,54.47,60.08,55.2339,67.275,"{""trend"":{""T1_ema_stack"":{""value"":[false,false,true],""score"":33.33333333333333},""T2_ema50_slope"":{""value"":-0.13126273695393176,""score"":28.12287717434471},""T3_high_proximity"":{""value"":0.8636435706358014,""score"":31.821785317900698},""T4_rs_1m"":{""value"":-0.11200156185123356,""score"":0},""T5_rs_3m"":{""value"":-0.2115363271173425,""score"":0},""T6_adr_healthy"":{""value"":2.544897854625687,""score"":100.0},""_score"":23.73},""geometry"":{""sub_contraction_count"":100.0,""sub_reduction_rate"":11.3,""sub_pivot_tightness"":47.6,""sub_volume_dryup"":22.6,""sub_base_depth"":63.7,""sub_base_duration"":100.0,""_score"":54.72},""compression"":{""VC1_atr_ratio"":{""value"":0.5958823872227103,""score"":100},""VC2_range_contraction"":{""value"":0.9524910032482462,""score"":7.9181661252923},""VC3_range_pct_rank"":{""score"":54.16666666666667},""_score"":56.31},""sr_quality"":{""SR1_touches"":{""value"":3,""score"":50.0},""SR2_tightness"":{""value"":0.07898663740715038,""score"":90.05809782922294},""SR3_recency"":{""value"":174,""score"":0.0},""SR4_price_location"":{""score"":68.59589579915037},""SR5_reaction"":{""value"":2.1838124564518675,""score"":100},""_score"":60.66,""_levels_found"":7,""_target_level"":56.1333},""volume"":{""V1_rvol_day"":{""value"":0.8428297522012823,""score"":22.85531681341882},""V2_rvol_sameslot"":{""value"":1.5626057432838134,""score"":70.84038288558756,""status"":""ok""},""V3_breakout_bar"":{""value"":0.716236708664208,""score"":14.415780577613866},""V4_base_dryup"":{""value"":0.9254838213580042,""score"":57.45161786419958},""V5_bo_expansion"":{""value"":0.8428297522012823,""score"":0},""_score"":33.83},""readiness"":{""_distance_atr"":3.531,""BR1_atr_distance"":{""score"":0},""BR2_compression"":{""score"":0},""BR3_retest"":{""score"":50.0},""BR4_bo_age"":{""score"":50.0},""_score"":17.5},""risk"":{""R1_stop_clarity"":{""score"":0},""R2_stop_distance_pct"":{""value"":-1.4023774554800916,""score"":14.940563612997714},""R3_stop_distance_atr"":{""value"":-0.4807376772830497,""score"":0.9631161358475193},""R4_rr_potential"":{""value"":null,""score"":50.0},""_score"":14.63},""market"":{""M1_spy_regime"":{""score"":100.0},""M3_earnings_risk"":{""value"":null,""score"":80.0},""M4_vix"":{""value"":null,""score"":60.0},""_score"":84.0},""liquidity"":{""L1_price"":{""value"":54.47,""score"":100.0},""L2_dollar_vol"":{""value"":12059252.09103069,""score"":54.066018695304095},""L3_spread_proxy"":{""value"":0.024600697631723817,""score"":75.39930236827618},""L4_volume_zscore"":{""value"":-0.510649037600358,""score"":100.0},""_score"":79.17},""pattern_structure"":{""n_contractions"":5,""contractions_pct"":[9.91,10.72,5.76,6.47,6.67],""descending_strict"":false,""final_low"":56.075,""final_pivot"":60.08,""structural_low"":56.075,""dry_up_ratio"":0.8871820578501156,""current_price"":54.47,""neckline_distance_pct"":0.10299247292087386,""base_bars"":54},""pattern_geometry_features"":{""contraction_count"":5.0,""first_contraction_pct"":0.09909909909909914,""last_contraction_pct"":0.06666111850865505,""dry_up_ratio"":0.8871820578501156,""near_monotone"":0.0,""base_depth_pct"":0.11371898214003477},""_schema_version"":""1.0""}",,,,,,,,,,
20260522T181904Z-97bb42,2026-05-22T18:19:04.835948+00:00,NIC,double_bottom,absent,46.55,25.8,41.8,56.4,71.0,19.4,36.9,52.7,84.0,82.4,3.87,10.44,4.51,9.94,2.52,2.95,3.16,5.04,4.12,True,risk_unclear,141.91,145.03,137.7138,150.249,"{""trend"":{""T1_ema_stack"":{""value"":[false,false,true],""score"":33.33333333333333},""T2_ema50_slope"":{""value"":-0.11501854109357086,""score"":30.830243151071524},""T3_high_proximity"":{""value"":0.8841744548286604,""score"":42.08722741433019},""T4_rs_1m"":{""value"":-0.06999258406608244,""score"":0},""T5_rs_3m"":{""value"":-0.18623109109726166,""score"":0},""T6_adr_healthy"":{""value"":2.501695306618226,""score"":100.0},""_score"":25.81},""geometry"":{""sub_low_similarity"":84.7,""sub_bounce_quality"":10.5,""sub_separation_fit"":0.0,""sub_right_bottom_reaction"":55.0,""sub_base_context"":30.0,""_score"":41.76},""compression"":{""VC1_atr_ratio"":{""value"":0.4643148978076284,""score"":100},""VC2_range_contraction"":{""value"":0.9905348886028802,""score"":1.5775185661866347},""VC3_range_pct_rank"":{""score"":63.33333333333333},""_score"":56.39},""sr_quality"":{""SR1_touches"":{""value"":4,""score"":75.0},""SR2_tightness"":{""value"":0.5179949324076392,""score"":70.17747269412102},""SR3_recency"":{""value"":241,""score"":0.0},""SR4_price_location"":{""score"":91.77425622867987},""SR5_reaction"":{""value"":2.6427810642370795,""score"":100},""_score"":70.97,""_levels_found"":3,""_target_level"":142.8625},""volume"":{""V1_rvol_day"":{""value"":0.8742695304304218,""score"":24.951302028694787},""V2_rvol_sameslot"":{""value"":0.5265415644077113,""score"":1.7694376271807515,""status"":""ok""},""V3_breakout_bar"":{""value"":0.17710298819940234,""score"":0},""V4_base_dryup"":{""value"":0.7988126737321265,""score"":70.11873262678735},""V5_bo_expansion"":{""value"":0.8742695304304218,""score"":0},""_score"":19.37},""readiness"":{""_distance_atr"":0.898,""BR1_atr_distance"":{""score"":40.12406983606086},""BR2_compression"":{""score"":13.524244178945876},""BR3_retest"":{""score"":50.0},""BR4_bo_age"":{""score"":50.0},""_score"":36.93},""risk"":{""R1_stop_clarity"":{""score"":0},""R2_stop_distance_pct"":{""value"":2.9569198787964055,""score"":100.0},""R3_stop_distance_atr"":{""value"":1.2079292427709813,""score"":85.39646213854907},""R4_rr_potential"":{""value"":1.9872907762206777,""score"":49.36453881103389},""_score"":52.68},""market"":{""M1_spy_regime"":{""score"":100.0},""M3_earnings_risk"":{""value"":null,""score"":80.0},""M4_vix"":{""value"":null,""score"":60.0},""_score"":84.0},""liquidity"":{""L1_price"":{""value"":141.91,""score"":100.0},""L2_dollar_vol"":{""value"":17004375.470551178,""score"":61.5280342989585},""L3_spread_proxy"":{""value"":0.02240152209146644,""score"":77.59847790853357},""L4_volume_zscore"":{""value"":-0.5487829356461891,""score"":100.0},""_score"":82.37},""pattern_structure"":{""left_low"":140.885,""left_idx"":29,""right_low"":139.811,""right_idx"":76,""separation_bars"":47,""structural_low"":139.811,""current_price"":141.4,""neckline_distance_pct"":0.025671852899575638,""base_bars"":47},""pattern_geometry_features"":{""low_similarity_pct"":0.007652406874340809,""bounce_pct"":0.03732896553203964,""right_bottom_reaction"":0.5501730103806209,""atr_pct"":0.024479247410330526},""_schema_version"":""1.0""}",,,,,,,,,,
20260522T181904Z-97bb42,2026-05-22T18:19:04.835948+00:00,EPRT,ascending_triangle,absent,46.5,37.0,47.2,69.4,41.8,11.9,50.3,45.0,84.0,80.8,5.54,13.22,5.55,5.85,1.42,4.02,1.8,5.04,4.04,True,risk_unclear,31.37,31.5,29.6583,32.89,"{""trend"":{""T1_ema_stack"":{""value"":[true,false,true],""score"":66.66666666666666},""T2_ema50_slope"":{""value"":-0.08206649142434691,""score"":36.32225142927551},""T3_high_proximity"":{""value"":0.9069095114194854,""score"":53.45475570974267},""T4_rs_1m"":{""value"":-0.0593320091816808,""score"":0},""T5_rs_3m"":{""value"":-0.1480546709068078,""score"":0},""T6_adr_healthy"":{""value"":1.5775529889438817,""score"":100.0},""_score"":36.95},""geometry"":{""sub_flat_top_quality"":100,""sub_hl_slope"":4.8,""sub_compression"":3.1,""sub_duration"":100.0,""_score"":47.22},""compression"":{""VC1_atr_ratio"":{""value"":0.4317191503171639,""score"":100},""VC2_range_contraction"":{""value"":0.8204463031435125,""score"":29.925616142747913},""VC3_range_pct_rank"":{""score"":75.83333333333333},""_score"":69.43},""sr_quality"":{""SR1_touches"":{""value"":2,""score"":25.0},""SR2_tightness"":{""value"":0.005000000000002558,""score"":97.91356184798701},""SR3_recency"":{""value"":256,""score"":0.0},""SR4_price_location"":{""score"":18.41820151679298},""SR5_reaction"":{""value"":2.7645305514157927,""score"":100},""_score"":41.79,""_levels_found"":4,""_target_level"":32.625},""volume"":{""V1_rvol_day"":{""value"":0.25847681862550975,""score"":0},""V2_rvol_sameslot"":{""value"":0.4776387726251076,""score"":0,""status"":""ok""},""V3_breakout_bar"":{""value"":0.5551992818026323,""score"":3.6799521201754892},""V4_base_dryup"":{""value"":0.9530855359920924,""score"":54.69144640079075},""V5_bo_expansion"":{""value"":0.25847681862550975,""score"":0},""_score"":11.86},""readiness"":{""_distance_atr"":0.271,""BR1_atr_distance"":{""score"":81.91753601589683},""BR2_compression"":{""score"":0},""BR3_retest"":{""score"":50.0},""BR4_bo_age"":{""score"":50.0},""_score"":50.27},""risk"":{""R1_stop_clarity"":{""score"":0},""R2_stop_distance_pct"":{""value"":5.4563277016257645,""score"":100.0},""R3_stop_distance_atr"":{""value"":3.5712518628912076,""score"":100.0},""R4_rr_potential"":{""value"":0.8880320158910978,""score"":0.0},""_score"":45.0},""market"":{""M1_spy_regime"":{""score"":100.0},""M3_earnings_risk"":{""value"":null,""score"":80.0},""M4_vix"":{""value"":null,""score"":60.0},""_score"":84.0},""liquidity"":{""L1_price"":{""value"":31.37,""score"":100.0},""L2_dollar_vol"":{""value"":12843548.90150051,""score"":55.434252181107894},""L3_spread_proxy"":{""value"":0.013229199872489612,""score"":86.77080012751038},""L4_volume_zscore"":{""value"":-1.799832400951877,""score"":100.0},""_score"":80.85},""pattern_structure"":{""top"":31.5,""top_touches"":5,""low_slope_per_bar"":0.004336892869445338,""lowest_low"":30.11,""structural_low"":30.11,""current_price"":31.38,""neckline_distance_pct"":0.003824091778202709,""base_bars"":42},""pattern_geometry_features"":{""top_touches"":5.0,""low_slope"":0.004336892869445338,""compression"":0.015334555995977772,""atr_pct"":0.015278473518830566},""_schema_version"":""1.0""}",,,,,,,,,,
20260522T181904Z-97bb42,2026-05-22T18:19:04.835948+00:00,JOYY,double_bottom,absent,46.5,23.7,46.7,56.3,60.7,38.5,17.5,47.9,84.0,79.2,3.56,11.67,4.5,8.49,5.0,1.4,2.87,5.04,3.96,True,risk_unclear,54.47,60.08,53.978,65.36,"{""trend"":{""T1_ema_stack"":{""value"":[false,false,true],""score"":33.33333333333333},""T2_ema50_slope"":{""value"":-0.13126273695393176,""score"":28.12287717434471},""T3_high_proximity"":{""value"":0.8636435706358014,""score"":31.821785317900698},""T4_rs_1m"":{""value"":-0.11200156185123356,""score"":0},""T5_rs_3m"":{""value"":-0.2115363271173425,""score"":0},""T6_adr_healthy"":{""value"":2.544897854625687,""score"":100.0},""_score"":23.73},""geometry"":{""sub_low_similarity"":3.8,""sub_bounce_quality"":94.8,""sub_separation_fit"":53.3,""sub_right_bottom_reaction"":83.9,""sub_base_context"":30.0,""_score"":46.68},""compression"":{""VC1_atr_ratio"":{""value"":0.5958823872227103,""score"":100},""VC2_range_contraction"":{""value"":0.9524910032482462,""score"":7.9181661252923},""VC3_range_pct_rank"":{""score"":54.16666666666667},""_score"":56.31},""sr_quality"":{""SR1_touches"":{""value"":3,""score"":50.0},""SR2_tightness"":{""value"":0.07898663740715038,""score"":90.05809782922294},""SR3_recency"":{""value"":174,""score"":0.0},""SR4_price_location"":{""score"":68.59589579915037},""SR5_reaction"":{""value"":2.1838124564518675,""score"":100},""_score"":60.66,""_levels_found"":7,""_target_level"":56.1333},""volume"":{""V1_rvol_day"":{""value"":0.8428297522012823,""score"":22.85531681341882},""V2_rvol_sameslot"":{""value"":1.5626057432838134,""score"":70.84038288558756,""status"":""ok""},""V3_breakout_bar"":{""value"":0.716236708664208,""score"":14.415780577613866},""V4_base_dryup"":{""value"":0.6925848046547795,""score"":80.74151953452206},""V5_bo_expansion"":{""value"":0.8428297522012823,""score"":0},""_score"":38.49},""readiness"":{""_distance_atr"":3.531,""BR1_atr_distance"":{""score"":0},""BR2_compression"":{""score"":0},""BR3_retest"":{""score"":50.0},""BR4_bo_age"":{""score"":50.0},""_score"":17.5},""risk"":{""R1_stop_clarity"":{""score"":0},""R2_stop_distance_pct"":{""value"":0.9032494951349448,""score"":72.58123737837361},""R3_stop_distance_atr"":{""value"":0.3096356566496623,""score"":40.48178283248311},""R4_rr_potential"":{""value"":22.134146341463218,""score"":100.0},""_score"":47.85},""market"":{""M1_spy_regime"":{""score"":100.0},""M3_earnings_risk"":{""value"":null,""score"":80.0},""M4_vix"":{""value"":null,""score"":60.0},""_score"":84.0},""liquidity"":{""L1_price"":{""value"":54.47,""score"":100.0},""L2_dollar_vol"":{""value"":12059252.09103069,""score"":54.066018695304095},""L3_spread_proxy"":{""value"":0.024600697631723817,""score"":75.39930236827618},""L4_volume_zscore"":{""value"":-0.510649037600358,""score"":100.0},""_score"":79.17},""pattern_structure"":{""left_low"":57.5,""left_idx"":34,""right_low"":54.8,""right_idx"":71,""separation_bars"":37,""structural_low"":54.8,""current_price"":54.48,""neckline_distance_pct"":0.10279001468428785,""base_bars"":37},""pattern_geometry_features"":{""low_similarity_pct"":0.04808548530721288,""bounce_pct"":0.09635036496350367,""right_bottom_reaction"":0.8385093167701919,""atr_pct"":0.02917136562721288},""_schema_version"":""1.0""}",,,,,,,,,,
20260522T181904Z-97bb42,2026-05-22T18:19:04.835948+00:00,UEC,vcp,absent,46.48,25.9,45.0,58.5,57.1,22.4,28.1,59.0,84.0,92.1,3.89,11.25,7.02,6.85,2.91,1.97,2.95,5.04,4.61,False,,13.315,16.8281,11.6033,18.9279,"{""trend"":{""T1_ema_stack"":{""value"":[false,false,true],""score"":33.33333333333333},""T2_ema50_slope"":{""value"":0.058470048773637345,""score"":59.74500812893956},""T3_high_proximity"":{""value"":0.8084395871281117,""score"":4.219793564055829},""T4_rs_1m"":{""value"":-0.16456957354967994,""score"":0},""T5_rs_3m"":{""value"":-0.26175178912548547,""score"":0},""T6_adr_healthy"":{""value"":7.0815833254000164,""score"":100.0},""_score"":25.92},""geometry"":{""sub_contraction_count"":100.0,""sub_reduction_rate"":0,""sub_pivot_tightness"":0,""sub_volume_dryup"":0,""sub_base_depth"":100.0,""sub_base_duration"":100.0,""_score"":45.0},""compression"":{""VC1_atr_ratio"":{""value"":0.6527489430172604,""score"":86.8127642456849},""VC2_range_contraction"":{""value"":1.0471426214750312,""score"":0},""VC3_range_pct_rank"":{""score"":95.0},""_score"":58.48},""sr_quality"":{""SR1_touches"":{""value"":7,""score"":100},""SR2_tightness"":{""value"":0.27257290206250423,""score"":51.659226895426144},""SR3_recency"":{""value"":257,""score"":0.0},""SR4_price_location"":{""score"":20.66869763127346},""SR5_reaction"":{""value"":1.8887129465416774,""score"":94.43564732708387},""_score"":57.08,""_levels_found"":6,""_target_level"":14.4329},""volume"":{""V1_rvol_day"":{""value"":0.4854970936947321,""score"":0},""V2_rvol_sameslot"":{""value"":0.9202007844662664,""score"":28.013385631084425,""status"":""ok""},""V3_breakout_bar"":{""value"":0.7451404233655482,""score"":16.342694891036547},""V4_base_dryup"":{""value"":0.8669167764777894,""score"":63.308322352221055},""V5_bo_expansion"":{""value"":0.4854970936947322,""score"":0},""_score"":22.35},""readiness"":{""_distance_atr"":3.115,""BR1_atr_distance"":{""score"":0},""BR2_compression"":{""score"":42.4706215862601},""BR3_retest"":{""score"":50.0},""BR4_bo_age"":{""score"":50.0},""_score"":28.12},""risk"":{""R1_stop_clarity"":{""score"":68.66227514568021},""R2_stop_distance_pct"":{""value"":12.855426211040182,""score"":0.0},""R3_stop_distance_atr"":{""value"":1.5178489992399296,""score"":100.0},""R4_rr_potential"":{""value"":3.2791376993632064,""score"":100.0},""_score"":59.03},""market"":{""M1_spy_regime"":{""score"":100.0},""M3_earnings_risk"":{""value"":null,""score"":80.0},""M4_vix"":{""value"":null,""score"":60.0},""_score"":84.0},""liquidity"":{""L1_price"":{""value"":13.315,""score"":100.0},""L2_dollar_vol"":{""value"":59782009.66993129,""score"":88.8285255233626},""L3_spread_proxy"":{""value"":0.034171986481411946,""score"":65.82801351858805},""L4_volume_zscore"":{""value"":-1.9491510477920155,""score"":100.0},""_score"":92.11},""pattern_structure"":{""n_contractions"":5,""contractions_pct"":[11.56,12.83,11.23,16.33,30.0],""descending_strict"":false,""final_low"":11.78,""final_pivot"":16.8281,""structural_low"":11.78,""dry_up_ratio"":1.0463765840007184,""current_price"":13.315,""neckline_distance_pct"":0.26384528726999623,""base_bars"":38},""pattern_geometry_features"":{""contraction_count"":5.0,""first_contraction_pct"":0.11562126255421543,""last_contraction_pct"":0.299980389943012,""dry_up_ratio"":1.0463765840007184,""near_monotone"":0.0,""base_depth_pct"":0.15128460064266058},""_schema_version"":""1.0""}",,,,,,,,,,
20260522T181904Z-97bb42,2026-05-22T18:19:04.835948+00:00,APPF,bull_flag,absent,46.44,40.5,42.5,54.8,46.2,16.9,54.5,59.3,84.0,87.6,5.67,12.75,4.93,4.62,2.36,4.91,1.78,5.04,4.38,False,,164.995,168.18,150.1485,191.22,"{""trend"":{""T1_ema_stack"":{""value"":[true,false,false],""score"":33.33333333333333},""T2_ema50_slope"":{""value"":-0.12889295409473067,""score"":28.517840984211553},""T3_high_proximity"":{""value"":0.8630799811685935,""score"":31.53999058429674},""T4_rs_1m"":{""value"":0.02815019490590731,""score"":78.15019490590731},""T5_rs_3m"":{""value"":-0.08530848624949727,""score"":7.345756875251361},""T6_adr_healthy"":{""value"":4.339766093156886,""score"":100.0},""_score"":40.5},""geometry"":{""sub_pole_impulse"":60.4,""sub_flag_tightness"":2.5,""sub_flag_shallowness"":0,""sub_flag_drift"":100,""sub_flag_duration"":87.5,""_score"":42.49},""compression"":{""VC1_atr_ratio"":{""value"":0.3928112645191689,""score"":100},""VC2_range_contraction"":{""value"":1.1734126653571295,""score"":0},""VC3_range_pct_rank"":{""score"":59.166666666666664},""_score"":54.79},""sr_quality"":{""SR1_touches"":{""value"":2,""score"":25.0},""SR2_tightness"":{""value"":0.9099999999999966,""score"":76.2514283279246},""SR3_recency"":{""value"":228,""score"":0.0},""SR4_price_location"":{""score"":59.73451327433622},""SR5_reaction"":{""value"":1.6493513512913953,""score"":82.46756756456976},""_score"":46.24,""_levels_found"":8,""_target_level"":167.27},""volume"":{""V1_rvol_day"":{""value"":0.6582736714496744,""score"":10.55157809664496},""V2_rvol_sameslot"":{""value"":0.8171799216359024,""score"":21.14532810906016,""status"":""ok""},""V3_breakout_bar"":{""value"":0.6529776925614198,""score"":10.198512837427987},""V4_base_dryup"":{""value"":1.1014455209365552,""score"":39.85544790634448},""V5_bo_expansion"":{""value"":0.6582736714496746,""score"":0},""_score"":16.86},""readiness"":{""_distance_atr"":0.416,""BR1_atr_distance"":{""score"":72.29333304924523},""BR2_compression"":{""score"":32.39930930538634},""BR3_retest"":{""score"":50.0},""BR4_bo_age"":{""score"":50.0},""_score"":54.52},""risk"":{""R1_stop_clarity"":{""score"":40.327799074183844},""R2_stop_distance_pct"":{""value"":8.998166611109436,""score"":75.04583472226409},""R3_stop_distance_atr"":{""value"":1.937273423317368,""score"":100.0},""R4_rr_potential"":{""value"":1.7664066170366466,""score"":38.32033085183233},""_score"":59.29},""market"":{""M1_spy_regime"":{""score"":100.0},""M3_earnings_risk"":{""value"":null,""score"":80.0},""M4_vix"":{""value"":null,""score"":60.0},""_score"":84.0},""liquidity"":{""L1_price"":{""value"":164.995,""score"":100.0},""L2_dollar_vol"":{""value"":34739364.130539834,""score"":77.04109324279477},""L3_spread_proxy"":{""value"":0.03242522500681853,""score"":67.57477499318148},""L4_volume_zscore"":{""value"":-1.1882751062570287,""score"":100.0},""_score"":87.57},""pattern_structure"":{""pole_low"":145.14,""pole_low_idx"":15,""peak_price"":168.18,""peak_idx"":38,""pole_gain"":0.15874328234807789,""flag_bars"":21,""flag_low"":152.435,""flag_high"":168.05,""structural_low"":152.435,""current_price"":165.62,""neckline_distance_pct"":0.01545707040212536,""base_bars"":21},""pattern_geometry_features"":{""pole_gain"":0.15874328234807789,""pullback_pct"":0.09361993102628138,""flag_range_pct"":0.09284694969675353,""flag_drift_per_bar"":0.00126274745662504,""atr_pct"":0.04644758196135816,""pole_atr_multiple"":3.4176866834562794},""_schema_version"":""1.0""}",,,,,,,,,,
20260522T181904Z-97bb42,2026-05-22T18:19:04.835948+00:00,QFIN,vcp,invalidated,46.19,5.7,52.2,32.4,61.9,76.8,17.5,19.0,84.0,75.2,0.86,13.04,3.89,7.43,9.99,1.23,0.95,5.04,3.76,True,risk_unclear,11.515,13.41,12.3913,15.46,"{""trend"":{""T1_ema_stack"":{""value"":[false,false,false],""score"":0.0},""T2_ema50_slope"":{""value"":-0.27781835655640325,""score"":3.6969405739327854},""T3_high_proximity"":{""value"":0.7482131254061078,""score"":0},""T4_rs_1m"":{""value"":-0.15206777015273587,""score"":0},""T5_rs_3m"":{""value"":-0.3046371872276963,""score"":0},""T6_adr_healthy"":{""value"":3.3786013007701,""score"":100.0},""_score"":5.74},""geometry"":{""sub_contraction_count"":100.0,""sub_reduction_rate"":0,""sub_pivot_tightness"":54.4,""sub_volume_dryup"":0,""sub_base_depth"":90.1,""sub_base_duration"":100.0,""_score"":52.17},""compression"":{""VC1_atr_ratio"":{""value"":0.7031663147825821,""score"":74.20842130435447},""VC2_range_contraction"":{""value"":1.048187699245186,""score"":0},""VC3_range_pct_rank"":{""score"":10.833333333333329},""_score"":32.39},""sr_quality"":{""SR1_touches"":{""value"":5,""score"":100},""SR2_tightness"":{""value"":0.1349221998041837,""score"":46.92878182573127},""SR3_recency"":{""value"":241,""score"":0.0},""SR4_price_location"":{""score"":39.46392447741065},""SR5_reaction"":{""value"":2.352213980669815,""score"":100},""_score"":61.91,""_levels_found"":6,""_target_level"":12.541},""volume"":{""V1_rvol_day"":{""value"":2.074251497768836,""score"":100},""V2_rvol_sameslot"":{""value"":2.910396690437785,""score"":100,""status"":""ok""},""V3_breakout_bar"":{""value"":0.9934080225507537,""score"":32.89386817005025},""V4_base_dryup"":{""value"":0.6057590139077671,""score"":89.4240986092233},""V5_bo_expansion"":{""value"":2.074251497768836,""score"":71.61676651792241},""_score"":76.85},""readiness"":{""_distance_atr"":3.727,""BR1_atr_distance"":{""score"":0},""BR2_compression"":{""score"":0},""BR3_retest"":{""score"":50.0},""BR4_bo_age"":{""score"":50.0},""_score"":17.5},""risk"":{""R1_stop_clarity"":{""score"":25.77545515846225},""R2_stop_distance_pct"":{""value"":-7.610073816760736,""score"":0.0},""R3_stop_distance_atr"":{""value"":-1.7234490896830728,""score"":0.0},""R4_rr_potential"":{""value"":null,""score"":50.0},""_score"":19.02},""market"":{""M1_spy_regime"":{""score"":100.0},""M3_earnings_risk"":{""value"":null,""score"":80.0},""M4_vix"":{""value"":null,""score"":60.0},""_score"":84.0},""liquidity"":{""L1_price"":{""value"":11.515,""score"":100.0},""L2_dollar_vol"":{""value"":25420270.360609464,""score"":70.25900826191523},""L3_spread_proxy"":{""value"":0.053842813721233104,""score"":46.15718627876689},""L4_volume_zscore"":{""value"":2.4056142650568586,""score"":70.0},""_score"":75.22},""pattern_structure"":{""n_contractions"":5,""contractions_pct"":[13.33,10.36,5.08,13.26,6.19],""descending_strict"":false,""final_low"":12.58,""final_pivot"":13.41,""structural_low"":12.58,""dry_up_ratio"":1.3188567512331726,""current_price"":11.515,""neckline_distance_pct"":0.16456795484151102,""base_bars"":30},""pattern_geometry_features"":{""contraction_count"":5.0,""first_contraction_pct"":0.1332877648667123,""last_contraction_pct"":0.06189410887397465,""dry_up_ratio"":1.3188567512331726,""near_monotone"":0.0,""base_depth_pct"":0.140123034859877},""_schema_version"":""1.0""}",,,,,,,,,,
20260522T181904Z-97bb42,2026-05-22T18:19:04.835948+00:00,TTAN,double_bottom,forming,46.17,17.2,50.2,60.5,47.3,23.2,44.3,65.1,84.0,81.3,2.58,12.56,4.84,6.62,3.01,3.55,3.91,5.04,4.07,False,,62.43,64.5399,57.1301,71.0797,"{""trend"":{""T1_ema_stack"":{""value"":[true,false,false],""score"":33.33333333333333},""T2_ema50_slope"":{""value"":-0.30668175894296684,""score"":0},""T3_high_proximity"":{""value"":0.752622061482821,""score"":0},""T4_rs_1m"":{""value"":-0.03058661048059519,""score"":19.41338951940481},""T5_rs_3m"":{""value"":-0.10028497260826497,""score"":0},""T6_adr_healthy"":{""value"":5.385765399600091,""score"":100.0},""_score"":17.22},""geometry"":{""sub_low_similarity"":25.6,""sub_bounce_quality"":100,""sub_separation_fit"":20.0,""sub_right_bottom_reaction"":90.3,""sub_base_context"":30.0,""_score"":50.23},""compression"":{""VC1_atr_ratio"":{""value"":0.4136815571712532,""score"":100},""VC2_range_contraction"":{""value"":0.991735904006968,""score"":1.377349332172003},""VC3_range_pct_rank"":{""score"":80.0},""_score"":60.48},""sr_quality"":{""SR1_touches"":{""value"":2,""score"":25.0},""SR2_tightness"":{""value"":0.600049999999996,""score"":65.41384648321088},""SR3_recency"":{""value"":228,""score"":0.0},""SR4_price_location"":{""score"":59.85229520218669},""SR5_reaction"":{""value"":3.028918202328607,""score"":100},""_score"":47.28,""_levels_found"":5,""_target_level"":65.1399},""volume"":{""V1_rvol_day"":{""value"":0.2697032436807981,""score"":0},""V2_rvol_sameslot"":{""value"":0.5890012715070213,""score"":5.933418100468088,""status"":""ok""},""V3_breakout_bar"":{""value"":0.7595733148947821,""score"":17.304887659652138},""V4_base_dryup"":{""value"":0.6159137955068346,""score"":88.40862044931654},""V5_bo_expansion"":{""value"":0.2697032436807981,""score"":0},""_score"":23.19},""readiness"":{""_distance_atr"":0.608,""BR1_atr_distance"":{""score"":59.462641832583955},""BR2_compression"":{""score"":12.162437550572669},""BR3_retest"":{""score"":50.0},""BR4_bo_age"":{""score"":50.0},""_score"":44.33},""risk"":{""R1_stop_clarity"":{""score"":49.85416975445871},""R2_stop_distance_pct"":{""value"":8.489350472529228,""score"":87.7662381867693},""R3_stop_distance_atr"":{""value"":1.5273994409037757,""score"":100.0},""R4_rr_potential"":{""value"":1.6320491994049338,""score"":31.602459970246688},""_score"":65.1},""market"":{""M1_spy_regime"":{""score"":100.0},""M3_earnings_risk"":{""value"":null,""score"":80.0},""M4_vix"":{""value"":null,""score"":60.0},""_score"":84.0},""liquidity"":{""L1_price"":{""value"":62.43,""score"":100.0},""L2_dollar_vol"":{""value"":17609780.72592231,""score"":62.287697411893504},""L3_spread_proxy"":{""value"":0.03604036520903412,""score"":63.95963479096588},""L4_volume_zscore"":{""value"":-1.9819446138966303,""score"":100.0},""_score"":81.31},""pattern_structure"":{""left_low"":58.0001,""left_idx"":28,""right_low"":60.2,""right_idx"":70,""separation_bars"":42,""structural_low"":58.0001,""current_price"":62.78,""neckline_distance_pct"":0.02803281299777002,""base_bars"":42},""pattern_geometry_features"":{""low_similarity_pct"":0.03722331876199765,""bounce_pct"":0.1127549780086586,""right_bottom_reaction"":0.902709359605912,""atr_pct"":0.05558042150065214},""_schema_version"":""1.0""}",,,,,,,,,,
20260522T181904Z-97bb42,2026-05-22T18:19:04.835948+00:00,CLBT,double_bottom,forming,46.15,25.9,51.3,48.5,61.8,7.5,30.0,77.9,84.0,76.2,3.89,12.82,3.88,8.65,0.97,2.4,4.67,5.04,3.81,False,,13.05,14.05,12.342,15.57,"{""trend"":{""T1_ema_stack"":{""value"":[false,false,false],""score"":0.0},""T2_ema50_slope"":{""value"":-0.13042766055850816,""score"":28.262056573581972},""T3_high_proximity"":{""value"":0.8529411764705882,""score"":26.47058823529408},""T4_rs_1m"":{""value"":-0.03006755451267007,""score"":19.93244548732993},""T5_rs_3m"":{""value"":-0.0025377477224777234,""score"":48.73112613876114},""T6_adr_healthy"":{""value"":4.7718920719121485,""score"":100.0},""_score"":25.92},""geometry"":{""sub_low_similarity"":21.8,""sub_bounce_quality"":100,""sub_separation_fit"":100.0,""sub_right_bottom_reaction"":25.0,""sub_base_context"":30.0,""_score"":51.29},""compression"":{""VC1_atr_ratio"":{""value"":0.5548705562248724,""score"":100},""VC2_range_contraction"":{""value"":1.4937371121153333,""score"":0},""VC3_range_pct_rank"":{""score"":34.166666666666664},""_score"":48.54},""sr_quality"":{""SR1_touches"":{""value"":3,""score"":50.0},""SR2_tightness"":{""value"":0.1736375535418531,""score"":51.83472029034897},""SR3_recency"":{""value"":264,""score"":0.0},""SR4_price_location"":{""score"":96.09374999999996},""SR5_reaction"":{""value"":2.3763056306819488,""score"":100},""_score"":61.8,""_levels_found"":8,""_target_level"":13.075},""volume"":{""V1_rvol_day"":{""value"":0.36434128113546166,""score"":0},""V2_rvol_sameslot"":{""value"":0.45637981001527894,""score"":0,""status"":""ok""},""V3_breakout_bar"":{""value"":0.6046890756397246,""score"":6.979271709314975},""V4_base_dryup"":{""value"":1.2133165067959126,""score"":28.668349320408737},""V5_bo_expansion"":{""value"":0.3643412811354616,""score"":0},""_score"":7.48},""readiness"":{""_distance_atr"":1.387,""BR1_atr_distance"":{""score"":7.536745887861912},""BR2_compression"":{""score"":38.095949676418314},""BR3_retest"":{""score"":50.0},""BR4_bo_age"":{""score"":50.0},""_score"":30.04},""risk"":{""R1_stop_clarity"":{""score"":47.864594168870745},""R2_stop_distance_pct"":{""value"":5.424904214559403,""score"":100.0},""R3_stop_distance_atr"":{""value"":0.981890411230325,""score"":74.09452056151625},""R4_rr_potential"":{""value"":3.5595734162017005,""score"":100.0},""_score"":77.87},""market"":{""M1_spy_regime"":{""score"":100.0},""M3_earnings_risk"":{""value"":null,""score"":80.0},""M4_vix"":{""value"":null,""score"":60.0},""_score"":84.0},""liquidity"":{""L1_price"":{""value"":13.05,""score"":100.0},""L2_dollar_vol"":{""value"":11029342.10397705,""score"":52.12748038568211},""L3_spread_proxy"":{""value"":0.045977011494252845,""score"":54.02298850574716},""L4_volume_zscore"":{""value"":-1.0248355125822772,""score"":100.0},""_score"":76.25},""pattern_structure"":{""left_low"":12.53,""left_idx"":46,""right_low"":13.03,""right_idx"":75,""separation_bars"":29,""structural_low"":12.53,""current_price"":13.135,""neckline_distance_pct"":0.069661210506281,""base_bars"":29},""pattern_geometry_features"":{""low_similarity_pct"":0.03912363067292645,""bounce_pct"":0.12130885873902646,""right_bottom_reaction"":0.25,""atr_pct"":0.05524958949096882},""_schema_version"":""1.0""}",,,,,,,,,,
20260522T181904Z-97bb42,2026-05-22T18:19:04.835948+00:00,ADSK,vcp,absent,46.08,45.4,37.3,47.3,51.2,33.3,17.6,53.7,84.0,96.5,6.82,9.33,5.67,6.15,4.33,1.23,2.68,5.04,4.82,True,risk_unclear,241.04,255.135,221.8959,262.07,"{""trend"":{""T1_ema_stack"":{""value"":[true,false,false],""score"":33.33333333333333},""T2_ema50_slope"":{""value"":-0.03396904531719868,""score"":44.338492447133554},""T3_high_proximity"":{""value"":0.9126154778131153,""score"":56.3077389065576},""T4_rs_1m"":{""value"":-0.016149934098579788,""score"":33.85006590142021},""T5_rs_3m"":{""value"":0.006948946634782294,""score"":53.474473317391144},""T6_adr_healthy"":{""value"":3.162561530391879,""score"":100.0},""_score"":45.44},""geometry"":{""sub_contraction_count"":100.0,""sub_reduction_rate"":0,""sub_pivot_tightness"":0,""sub_volume_dryup"":15.4,""sub_base_depth"":0.0,""sub_base_duration"":100.0,""_score"":37.31},""compression"":{""VC1_atr_ratio"":{""value"":0.29895641454745037,""score"":100},""VC2_range_contraction"":{""value"":1.0717202939533619,""score"":0},""VC3_range_pct_rank"":{""score"":29.166666666666664},""_score"":47.29},""sr_quality"":{""SR1_touches"":{""value"":2,""score"":25.0},""SR2_tightness"":{""value"":1.1599999999999966,""score"":73.20076734256075},""SR3_recency"":{""value"":257,""score"":0.0},""SR4_price_location"":{""score"":71.03667510449156},""SR5_reaction"":{""value"":3.5699581261989763,""score"":100},""_score"":51.24,""_levels_found"":5,""_target_level"":245.96},""volume"":{""V1_rvol_day"":{""value"":0.6282131287959273,""score"":8.547541919728484},""V2_rvol_sameslot"":{""value"":1.5070614859094555,""score"":67.1374323939637,""status"":""ok""},""V3_breakout_bar"":{""value"":0.890195060418899,""score"":26.013004027926595},""V4_base_dryup"":{""value"":0.9148938094777622,""score"":58.51061905222378},""V5_bo_expansion"":{""value"":0.6282131287959271,""score"":0},""_score"":33.34},""readiness"":{""_distance_atr"":1.628,""BR1_atr_distance"":{""score"":0},""BR2_compression"":{""score"":0.285165400284985},""BR3_retest"":{""score"":50.0},""BR4_bo_age"":{""score"":50.0},""_score"":17.57},""risk"":{""R1_stop_clarity"":{""score"":21.93279564347408},""R2_stop_distance_pct"":{""value"":7.9423021075340205,""score"":100.0},""R3_stop_distance_atr"":{""value"":2.2114131892159508,""score"":100.0},""R4_rr_potential"":{""value"":1.0985093338034513,""score"":4.9254666901725646},""_score"":53.66},""market"":{""M1_spy_regime"":{""score"":100.0},""M3_earnings_risk"":{""value"":null,""score"":80.0},""M4_vix"":{""value"":null,""score"":60.0},""_score"":84.0},""liquidity"":{""L1_price"":{""value"":241.04,""score"":100.0},""L2_dollar_vol"":{""value"":268393411.86688757,""score"":100.0},""L3_spread_proxy"":{""value"":0.035429804181878494,""score"":64.5701958181215},""L4_volume_zscore"":{""value"":-2.202888713600513,""score"":100.0},""_score"":96.46},""pattern_structure"":{""n_contractions"":5,""contractions_pct"":[7.41,11.62,12.54,9.53,11.7],""descending_strict"":false,""final_low"":225.275,""final_pivot"":255.135,""structural_low"":225.275,""dry_up_ratio"":0.9232253938093153,""current_price"":241.04,""neckline_distance_pct"":0.05847577165615665,""base_bars"":57},""pattern_geometry_features"":{""contraction_count"":5.0,""first_contraction_pct"":0.074070884113518,""last_contraction_pct"":0.11703607893860107,""dry_up_ratio"":0.9232253938093153,""near_monotone"":0.0,""base_depth_pct"":0.02986520821670041},""_schema_version"":""1.0""}",,,,,,,,,,
20260522T181904Z-97bb42,2026-05-22T18:19:04.835948+00:00,AVAV,vcp,absent,45.93,5.0,40.6,67.7,55.5,45.4,17.5,66.4,84.0,95.0,0.75,10.15,8.12,6.66,5.9,1.23,3.32,5.04,4.75,False,,170.74,195.8499,153.66,317.7699,"{""trend"":{""T1_ema_stack"":{""value"":[false,false,false],""score"":0.0},""T2_ema50_slope"":{""value"":-0.7812087299357862,""score"":0},""T3_high_proximity"":{""value"":0.6510581506196378,""score"":0},""T4_rs_1m"":{""value"":-0.2095807370055659,""score"":0},""T5_rs_3m"":{""value"":-0.44215240156029656,""score"":0},""T6_adr_healthy"":{""value"":5.032001119887926,""score"":100.0},""_score"":5.0},""geometry"":{""sub_contraction_count"":100.0,""sub_reduction_rate"":0,""sub_pivot_tightness"":0,""sub_volume_dryup"":37.4,""sub_base_depth"":0.0,""sub_base_duration"":100.0,""_score"":40.61},""compression"":{""VC1_atr_ratio"":{""value"":0.4055119454747245,""score"":100},""VC2_range_contraction"":{""value"":0.7715023629631881,""score"":38.08293950613532},""VC3_range_pct_rank"":{""score"":57.49999999999999},""_score"":67.7},""sr_quality"":{""SR1_touches"":{""value"":2,""score"":25.0},""SR2_tightness"":{""value"":0.34250000000000114,""score"":92.24235560588899},""SR3_recency"":{""value"":255,""score"":0.0},""SR4_price_location"":{""score"":76.66935918147558},""SR5_reaction"":{""value"":2.848527746319368,""score"":100},""_score"":55.5,""_levels_found"":5,""_target_level"":175.0725},""volume"":{""V1_rvol_day"":{""value"":0.6381354264756218,""score"":9.209028431708122},""V2_rvol_sameslot"":{""value"":1.7636664047483404,""score"":84.24442698322268,""status"":""ok""},""V3_breakout_bar"":{""value"":1.4104471972690578,""score"":60.69647981793719},""V4_base_dryup"":{""value"":0.9227749391859696,""score"":57.72250608140303},""V5_bo_expansion"":{""value"":0.6381354264756219,""score"":0},""_score"":45.41},""readiness"":{""_distance_atr"":2.844,""BR1_atr_distance"":{""score"":0},""BR2_compression"":{""score"":0},""BR3_retest"":{""score"":50.0},""BR4_bo_age"":{""score"":50.0},""_score"":17.5},""risk"":{""R1_stop_clarity"":{""score"":46.99886749716866},""R2_stop_distance_pct"":{""value"":10.003514115028706,""score"":49.912147124282356},""R3_stop_distance_atr"":{""value"":1.934314835787091,""score"":100.0},""R4_rr_potential"":{""value"":8.608307962529267,""score"":100.0},""_score"":66.42},""market"":{""M1_spy_regime"":{""score"":100.0},""M3_earnings_risk"":{""value"":null,""score"":80.0},""M4_vix"":{""value"":null,""score"":60.0},""_score"":84.0},""liquidity"":{""L1_price"":{""value"":170.74,""score"":100.0},""L2_dollar_vol"":{""value"":112291216.93877366,""score"":100.0},""L3_spread_proxy"":{""value"":0.05006793955722163,""score"":49.93206044277837},""L4_volume_zscore"":{""value"":-1.2346285829272834,""score"":100.0},""_score"":94.99},""pattern_structure"":{""n_contractions"":5,""contractions_pct"":[15.88,34.2,13.09,11.32,20.35],""descending_strict"":false,""final_low"":156.0,""final_pivot"":195.8499,""structural_low"":156.0,""dry_up_ratio"":0.8131779256896293,""current_price"":170.74,""neckline_distance_pct"":0.14706512826519844,""base_bars"":64},""pattern_geometry_features"":{""contraction_count"":5.0,""first_contraction_pct"":0.1588226827864134,""last_contraction_pct"":0.20347163822907233,""dry_up_ratio"":0.8131779256896293,""near_monotone"":0.0,""base_depth_pct"":0.43868739205526774},""_schema_version"":""1.0""}",,,,,,,,,,
20260522T181904Z-97bb42,2026-05-22T18:19:04.835948+00:00,PCTY,bull_flag,absent,45.85,59.6,40.6,55.4,40.7,13.5,31.1,77.3,84.0,84.2,8.35,12.19,4.99,4.07,1.88,2.8,2.32,5.04,4.21,False,,111.79,118.3,105.0601,134.4099,"{""trend"":{""T1_ema_stack"":{""value"":[true,false,false],""score"":33.33333333333333},""T2_ema50_slope"":{""value"":-0.032531216339392315,""score"":44.57813061010128},""T3_high_proximity"":{""value"":0.9308076602830975,""score"":65.40383014154871},""T4_rs_1m"":{""value"":0.06180136982939599,""score"":100},""T5_rs_3m"":{""value"":0.0010153290887484623,""score"":50.50766454437423},""T6_adr_healthy"":{""value"":4.4666917185066595,""score"":100.0},""_score"":59.64},""geometry"":{""sub_pole_impulse"":57.1,""sub_flag_tightness"":2.3,""sub_flag_shallowness"":0,""sub_flag_drift"":94.5,""sub_flag_duration"":87.5,""_score"":40.63},""compression"":{""VC1_atr_ratio"":{""value"":0.3971990684228674,""score"":100},""VC2_range_contraction"":{""value"":1.0316711526689544,""score"":0},""VC3_range_pct_rank"":{""score"":61.66666666666667},""_score"":55.42},""sr_quality"":{""SR1_touches"":{""value"":2,""score"":25.0},""SR2_tightness"":{""value"":0.5949999999999989,""score"":77.83463252188936},""SR3_recency"":{""value"":235,""score"":0.0},""SR4_price_location"":{""score"":26.106920301738523},""SR5_reaction"":{""value"":2.205351619096275,""score"":100},""_score"":40.7,""_levels_found"":6,""_target_level"":115.545},""volume"":{""V1_rvol_day"":{""value"":0.23991342712231542,""score"":0},""V2_rvol_sameslot"":{""value"":0.5296707203255588,""score"":1.9780480217039227,""status"":""ok""},""V3_breakout_bar"":{""value"":0.7886866858393679,""score"":19.245779055957858},""V4_base_dryup"":{""value"":1.0873378154726363,""score"":41.26621845273637},""V5_bo_expansion"":{""value"":0.23991342712231542,""score"":0},""_score"":13.46},""readiness"":{""_distance_atr"":1.213,""BR1_atr_distance"":{""score"":19.16160096218465},""BR2_compression"":{""score"":23.841009504632122},""BR3_retest"":{""score"":50.0},""BR4_bo_age"":{""score"":50.0},""_score"":31.12},""risk"":{""R1_stop_clarity"":{""score"":40.399375750874945},""R2_stop_distance_pct"":{""value"":6.020127023884082,""score"":100.0},""R3_stop_distance_atr"":{""value"":1.2535353495036763,""score"":87.67676747518381},""R4_rr_potential"":{""value"":3.3611049198353524,""score"":100.0},""_score"":77.29},""market"":{""M1_spy_regime"":{""score"":100.0},""M3_earnings_risk"":{""value"":null,""score"":80.0},""M4_vix"":{""value"":null,""score"":60.0},""_score"":84.0},""liquidity"":{""L1_price"":{""value"":111.79,""score"":100.0},""L2_dollar_vol"":{""value"":22794947.06615126,""score"":67.89192940157527},""L3_spread_proxy"":{""value"":0.02947490831022454,""score"":70.52509168977545},""L4_volume_zscore"":{""value"":-1.7902217547831265,""score"":100.0},""_score"":84.21},""pattern_structure"":{""pole_low"":102.1901,""pole_low_idx"":18,""peak_price"":118.3,""peak_idx"":38,""pole_gain"":0.15764638648949356,""flag_bars"":21,""flag_low"":106.66,""flag_high"":117.59,""structural_low"":106.66,""current_price"":112.59,""neckline_distance_pct"":0.050714983568700536,""base_bars"":21},""pattern_geometry_features"":{""pole_gain"":0.15764638648949356,""pullback_pct"":0.09839391377852917,""flag_range_pct"":0.09239222316145398,""flag_drift_per_bar"":-0.0011047069991913978,""atr_pct"":0.04802518753274637,""pole_atr_multiple"":3.2825772180900086},""_schema_version"":""1.0""}",,,,,,,,,,
20260522T181904Z-97bb42,2026-05-22T18:19:04.835948+00:00,AXON,ascending_triangle,absent,45.7,5.0,45.3,53.8,63.6,26.3,37.9,75.9,84.0,95.9,0.75,12.68,4.3,8.91,3.16,3.03,3.04,5.04,4.79,False,,384.935,414.5,374.7235,448.57,"{""trend"":{""T1_ema_stack"":{""value"":[false,false,false],""score"":0.0},""T2_ema50_slope"":{""value"":-0.38875789929853294,""score"":0},""T3_high_proximity"":{""value"":0.6647239634599112,""score"":0},""T4_rs_1m"":{""value"":-0.0748285988118279,""score"":0},""T5_rs_3m"":{""value"":-0.1864363523078456,""score"":0},""T6_adr_healthy"":{""value"":5.608738334603055,""score"":100.0},""_score"":5.0},""geometry"":{""sub_flat_top_quality"":33.3,""sub_hl_slope"":23.2,""sub_compression"":53.4,""sub_duration"":100.0,""_score"":45.3},""compression"":{""VC1_atr_ratio"":{""value"":0.32316343688240595,""score"":100},""VC2_range_contraction"":{""value"":1.0281492192806647,""score"":0},""VC3_range_pct_rank"":{""score"":55.00000000000001},""_score"":53.75},""sr_quality"":{""SR1_touches"":{""value"":6,""score"":100},""SR2_tightness"":{""value"":2.98721191451531,""score"":76.29516048535736},""SR3_recency"":{""value"":229,""score"":0.0},""SR4_price_location"":{""score"":28.649759794069762},""SR5_reaction"":{""value"":2.597174926845167,""score"":100},""_score"":63.61,""_levels_found"":4,""_target_level"":414.6351},""volume"":{""V1_rvol_day"":{""value"":0.5086045500557748,""score"":0.5736366703849842},""V2_rvol_sameslot"":{""value"":1.243176345727251,""score"":49.54508971515008,""status"":""ok""},""V3_breakout_bar"":{""value"":1.0447630043141884,""score"":36.317533620945895},""V4_base_dryup"":{""value"":1.1398575002995974,""score"":36.014249970040254},""V5_bo_expansion"":{""value"":0.5086045500557748,""score"":0},""_score"":26.31},""readiness"":{""_distance_atr"":1.173,""BR1_atr_distance"":{""score"":21.796243419607606},""BR2_compression"":{""score"":46.62958124082691},""BR3_retest"":{""score"":50.0},""BR4_bo_age"":{""score"":50.0},""_score"":37.88},""risk"":{""R1_stop_clarity"":{""score"":54.716811086942506},""R2_stop_distance_pct"":{""value"":2.6527725460142655,""score"":100.0},""R3_stop_distance_atr"":{""value"":0.405161720006519,""score"":45.258086000325946},""R4_rr_potential"":{""value"":6.231730067718091,""score"":100.0},""_score"":75.94},""market"":{""M1_spy_regime"":{""score"":100.0},""M3_earnings_risk"":{""value"":null,""score"":80.0},""M4_vix"":{""value"":null,""score"":60.0},""_score"":84.0},""liquidity"":{""L1_price"":{""value"":384.935,""score"":100.0},""L2_dollar_vol"":{""value"":229104835.766714,""score"":100.0},""L3_spread_proxy"":{""value"":0.041435567043786585,""score"":58.564432956213416},""L4_volume_zscore"":{""value"":-1.1081399229247182,""score"":100.0},""_score"":95.86},""pattern_structure"":{""top"":414.5,""top_touches"":2,""low_slope_per_bar"":0.26478902953586336,""lowest_low"":380.43,""structural_low"":380.43,""current_price"":385.785,""neckline_distance_pct"":0.07443265031040598,""base_bars"":30},""pattern_geometry_features"":{""top_touches"":2.0,""low_slope"":0.26478902953586336,""compression"":0.26694152753786304,""atr_pct"":0.06547441219203982},""_schema_version"":""1.0""}",,,,,,,,,,
20260522T181904Z-97bb42,2026-05-22T18:19:04.835948+00:00,VSEC,double_bottom,absent,45.62,13.3,45.7,55.4,52.4,30.0,30.5,80.9,84.0,84.1,2.0,11.43,4.43,7.33,3.89,2.44,4.86,5.04,4.2,False,,172.45,185.0,161.8749,205.66,"{""trend"":{""T1_ema_stack"":{""value"":[false,false,true],""score"":33.33333333333333},""T2_ema50_slope"":{""value"":-0.3087565961244309,""score"":0},""T3_high_proximity"":{""value"":0.7594574360329414,""score"":0},""T4_rs_1m"":{""value"":-0.11680376260707204,""score"":0},""T5_rs_3m"":{""value"":-0.3196792858974268,""score"":0},""T6_adr_healthy"":{""value"":5.769246455980904,""score"":100.0},""_score"":13.33},""geometry"":{""sub_low_similarity"":0.6,""sub_bounce_quality"":100,""sub_separation_fit"":46.7,""sub_right_bottom_reaction"":83.6,""sub_base_context"":30.0,""_score"":45.72},""compression"":{""VC1_atr_ratio"":{""value"":0.49172109796259345,""score"":100},""VC2_range_contraction"":{""value"":0.8721127684111917,""score"":21.31453859813472},""VC3_range_pct_rank"":{""score"":31.666666666666664},""_score"":55.38},""sr_quality"":{""SR1_touches"":{""value"":2,""score"":25.0},""SR2_tightness"":{""value"":2.8899999999999864,""score"":51.58228169993362},""SR3_recency"":{""value"":323,""score"":0.0},""SR4_price_location"":{""score"":88.46125214025152},""SR5_reaction"":{""value"":2.051051613455243,""score"":100},""_score"":52.35,""_levels_found"":7,""_target_level"":174.0},""volume"":{""V1_rvol_day"":{""value"":0.32901533938644933,""score"":0},""V2_rvol_sameslot"":{""value"":0.9767331767493538,""score"":31.782211783290254,""status"":""ok""},""V3_breakout_bar"":{""value"":0.901475538168075,""score"":26.765035877871668},""V4_base_dryup"":{""value"":0.6546315381823157,""score"":84.53684618176842},""V5_bo_expansion"":{""value"":0.32901533938644933,""score"":0},""_score"":29.96},""readiness"":{""_distance_atr"":1.051,""BR1_atr_distance"":{""score"":29.91437547106844},""BR2_compression"":{""score"":4.076973463177777},""BR3_retest"":{""score"":50.0},""BR4_bo_age"":{""score"":50.0},""_score"":30.48},""risk"":{""R1_stop_clarity"":{""score"":58.70085903754514},""R2_stop_distance_pct"":{""value"":6.132270223253113,""score"":100.0},""R3_stop_distance_atr"":{""value"":0.8858515792301628,""score"":69.29257896150813},""R4_rr_potential"":{""value"":3.1403958355003767,""score"":100.0},""_score"":80.94},""market"":{""M1_spy_regime"":{""score"":100.0},""M3_earnings_risk"":{""value"":null,""score"":80.0},""M4_vix"":{""value"":null,""score"":60.0},""_score"":84.0},""liquidity"":{""L1_price"":{""value"":172.45,""score"":100.0},""L2_dollar_vol"":{""value"":28593247.1663799,""score"":72.81317392103345},""L3_spread_proxy"":{""value"":0.05044940562481873,""score"":49.55059437518127},""L4_volume_zscore"":{""value"":-1.7055969263830142,""score"":100.0},""_score"":84.08},""pattern_structure"":{""left_low"":172.72,""left_idx"":35,""right_low"":164.34,""right_idx"":73,""separation_bars"":38,""structural_low"":164.34,""current_price"":173.295,""neckline_distance_pct"":0.0675437837214,""base_bars"":38},""pattern_geometry_features"":{""low_similarity_pct"":0.049724084732688516,""bounce_pct"":0.12571498113666785,""right_bottom_reaction"":0.8359923420548789,""atr_pct"":0.0692245785527896},""_schema_version"":""1.0""}",,,,,,,,,,
20260522T181904Z-97bb42,2026-05-22T18:19:04.835948+00:00,TRMB,double_bottom,forming,45.42,5.0,52.7,49.0,51.3,19.1,61.5,56.8,84.0,91.1,0.75,13.17,3.92,7.19,2.48,4.92,3.41,5.04,4.56,False,,56.31,56.4,52.008,60.0,"{""trend"":{""T1_ema_stack"":{""value"":[false,false,false],""score"":0.0},""T2_ema50_slope"":{""value"":-0.4227918503464761,""score"":0},""T3_high_proximity"":{""value"":0.7991768379222255,""score"":0},""T4_rs_1m"":{""value"":-0.2152587243387063,""score"":0},""T5_rs_3m"":{""value"":-0.2347566225920873,""score"":0},""T6_adr_healthy"":{""value"":3.4675837880472056,""score"":100.0},""_score"":5.0},""geometry"":{""sub_low_similarity"":33.1,""sub_bounce_quality"":54.5,""sub_separation_fit"":100.0,""sub_right_bottom_reaction"":72.3,""sub_base_context"":30.0,""_score"":52.67},""compression"":{""VC1_atr_ratio"":{""value"":0.3757388404212811,""score"":100},""VC2_range_contraction"":{""value"":1.199485070208348,""score"":0},""VC3_range_pct_rank"":{""score"":35.83333333333333},""_score"":48.96},""sr_quality"":{""SR1_touches"":{""value"":5,""score"":100},""SR2_tightness"":{""value"":0.6897957390416353,""score"":42.24232901368479},""SR3_recency"":{""value"":258,""score"":0.0},""SR4_price_location"":{""score"":0},""SR5_reaction"":{""value"":2.0158288526982497,""score"":100},""_score"":51.34,""_levels_found"":6,""_target_level"":64.296},""volume"":{""V1_rvol_day"":{""value"":0.3712682315219172,""score"":0},""V2_rvol_sameslot"":{""value"":1.0826476997191292,""score"":38.843179981275284,""status"":""ok""},""V3_breakout_bar"":{""value"":0.7835427690323603,""score"":18.90285126882402},""V4_base_dryup"":{""value"":1.1704885092799653,""score"":32.951149072003474},""V5_bo_expansion"":{""value"":0.3712682315219171,""score"":0},""_score"":19.08},""readiness"":{""_distance_atr"":0.038,""BR1_atr_distance"":{""score"":97.48805330111672},""BR2_compression"":{""score"":19.888739062769},""BR3_retest"":{""score"":50.0},""BR4_bo_age"":{""score"":50.0},""_score"":61.47},""risk"":{""R1_stop_clarity"":{""score"":33.68460714947868},""R2_stop_distance_pct"":{""value"":7.639850825785841,""score"":100.0},""R3_stop_distance_atr"":{""value"":1.8010657830993853,""score"":100.0},""R4_rr_potential"":{""value"":0.8577405857740568,""score"":0.0},""_score"":56.79},""market"":{""M1_spy_regime"":{""score"":100.0},""M3_earnings_risk"":{""value"":null,""score"":80.0},""M4_vix"":{""value"":null,""score"":60.0},""_score"":84.0},""liquidity"":{""L1_price"":{""value"":56.31,""score"":100.0},""L2_dollar_vol"":{""value"":50547627.202611156,""score"":85.18503869170324},""L3_spread_proxy"":{""value"":0.02965725448410587,""score"":70.34274551589414},""L4_volume_zscore"":{""value"":-1.69643535997716,""score"":100.0},""_score"":91.11},""pattern_structure"":{""left_low"":54.5975,""left_idx"":36,""right_low"":52.8,""right_idx"":64,""separation_bars"":28,""structural_low"":52.8,""current_price"":56.53,""neckline_distance_pct"":-0.0022996638952768895,""base_bars"":28},""pattern_geometry_features"":{""low_similarity_pct"":0.03347377732256337,""bounce_pct"":0.06818181818181822,""right_bottom_reaction"":0.7232876712328757,""atr_pct"":0.04241849963213844},""_schema_version"":""1.0""}",,,,,,,,,,
20260522T181904Z-97bb42,2026-05-22T18:19:04.835948+00:00,PEGA,vcp,forming,45.04,5.0,51.2,64.1,56.3,16.9,24.3,78.9,84.0,83.0,0.75,12.8,7.69,6.76,2.19,1.7,3.94,5.04,4.15,False,,34.205,37.89,31.7465,54.05,"{""trend"":{""T1_ema_stack"":{""value"":[false,false,false],""score"":0.0},""T2_ema50_slope"":{""value"":-0.6641498409829516,""score"":0},""T3_high_proximity"":{""value"":0.7231501057082452,""score"":0},""T4_rs_1m"":{""value"":-0.08485041512561875,""score"":0},""T5_rs_3m"":{""value"":-0.280709813386673,""score"":0},""T6_adr_healthy"":{""value"":4.618681627101159,""score"":100.0},""_score"":5.0},""geometry"":{""sub_contraction_count"":100.0,""sub_reduction_rate"":0,""sub_pivot_tightness"":0,""sub_volume_dryup"":64.1,""sub_base_depth"":66.0,""sub_base_duration"":100.0,""_score"":51.21},""compression"":{""VC1_atr_ratio"":{""value"":0.2580000380210579,""score"":100},""VC2_range_contraction"":{""value"":0.8942322500702309,""score"":17.62795832162819},""VC3_range_pct_rank"":{""score"":71.66666666666667},""_score"":64.09},""sr_quality"":{""SR1_touches"":{""value"":2,""score"":25.0},""SR2_tightness"":{""value"":0.2375000000000007,""score"":70.36898412401352},""SR3_recency"":{""value"":242,""score"":0.0},""SR4_price_location"":{""score"":93.1224852624683},""SR5_reaction"":{""value"":2.2316833536071856,""score"":100},""_score"":56.34,""_levels_found"":7,""_target_level"":34.5725},""volume"":{""V1_rvol_day"":{""value"":0.33029995650337557,""score"":0},""V2_rvol_sameslot"":{""value"":0.7005279065627888,""score"":13.368527104185922,""status"":""ok""},""V3_breakout_bar"":{""value"":0.6086940621880729,""score"":7.246270812538191},""V4_base_dryup"":{""value"":0.8801766789387374,""score"":61.98233210612626},""V5_bo_expansion"":{""value"":0.33029995650337546,""score"":0},""_score"":16.88},""readiness"":{""_distance_atr"":2.299,""BR1_atr_distance"":{""score"":0},""BR2_compression"":{""score"":27.221273974212444},""BR3_retest"":{""score"":50.0},""BR4_bo_age"":{""score"":50.0},""_score"":24.31},""risk"":{""R1_stop_clarity"":{""score"":39.6837278937025},""R2_stop_distance_pct"":{""value"":7.187399502996645,""score"":100.0},""R3_stop_distance_atr"":{""value"":1.533607810111975,""score"":100.0},""R4_rr_potential"":{""value"":8.072159287355849,""score"":100.0},""_score"":78.89},""market"":{""M1_spy_regime"":{""score"":100.0},""M3_earnings_risk"":{""value"":null,""score"":80.0},""M4_vix"":{""value"":null,""score"":60.0},""_score"":84.0},""liquidity"":{""L1_price"":{""value"":34.205,""score"":100.0},""L2_dollar_vol"":{""value"":21150131.78357905,""score"":66.26565388745114},""L3_spread_proxy"":{""value"":0.034644057886274005,""score"":65.355942113726},""L4_volume_zscore"":{""value"":-2.9663945982859006,""score"":100.0},""_score"":83.04},""pattern_structure"":{""n_contractions"":5,""contractions_pct"":[15.17,11.67,13.41,23.55,14.94],""descending_strict"":false,""final_low"":32.23,""final_pivot"":37.89,""structural_low"":32.23,""dry_up_ratio"":0.6794453736495571,""current_price"":34.205,""neckline_distance_pct"":0.10773278760415152,""base_bars"":49},""pattern_geometry_features"":{""contraction_count"":5.0,""first_contraction_pct"":0.15168423227939665,""last_contraction_pct"":0.1493797835840592,""dry_up_ratio"":0.6794453736495571,""near_monotone"":0.0,""base_depth_pct"":0.3339532961355653},""_schema_version"":""1.0""}",,,,,,,,,,
20260522T181904Z-97bb42,2026-05-22T18:19:04.835948+00:00,FRMI,vcp,breakout_confirmed,44.97,18.3,45.6,51.8,60.6,18.2,36.8,62.1,84.0,85.2,2.74,11.39,6.21,7.28,2.37,2.57,3.11,5.04,4.26,False,,6.15,5.76,4.9004,12.835,"{""trend"":{""T1_ema_stack"":{""value"":[true,false,false],""score"":33.33333333333333},""T2_ema50_slope"":{""value"":-0.6207946785390505,""score"":0},""T3_high_proximity"":{""value"":0.5216284987277354,""score"":0},""T4_rs_1m"":{""value"":-0.016353673703345395,""score"":33.64632629665461},""T5_rs_3m"":{""value"":-0.41064733799007413,""score"":0},""T6_adr_healthy"":{""value"":9.433385461262684,""score"":64.16536346843289},""_score"":18.27},""geometry"":{""sub_contraction_count"":100.0,""sub_reduction_rate"":35.9,""sub_pivot_tightness"":0,""sub_volume_dryup"":10.6,""sub_base_depth"":0.0,""sub_base_duration"":100.0,""_score"":45.56},""compression"":{""VC1_atr_ratio"":{""value"":0.6842357350007633,""score"":78.94106624980918},""VC2_range_contraction"":{""value"":1.0703515955082374,""score"":0},""VC3_range_pct_rank"":{""score"":80.83333333333333},""_score"":51.78},""sr_quality"":{""SR1_touches"":{""value"":3,""score"":50.0},""SR2_tightness"":{""value"":0.0984321537348894,""score"":70.22910329156376},""SR3_recency"":{""value"":67,""score"":38.333333333333336},""SR4_price_location"":{""score"":57.46164574616457},""SR5_reaction"":{""value"":3.765514112576556,""score"":100},""_score"":60.65,""_levels_found"":6,""_target_level"":7.1667},""volume"":{""V1_rvol_day"":{""value"":0.41073134697225855,""score"":0},""V2_rvol_sameslot"":{""value"":1.1310477675938606,""score"":42.06985117292404,""status"":""ok""},""V3_breakout_bar"":{""value"":1.0889763033026765,""score"":39.2650868868451},""V4_base_dryup"":{""value"":2.357509995539263,""score"":0},""V5_bo_expansion"":{""value"":0.41073134697225855,""score"":0},""_score"":18.23},""readiness"":{""_distance_atr"":-0.59,""BR1_atr_distance"":{""score"":48.20441362325414},""BR2_compression"":{""score"":0},""BR3_retest"":{""score"":50.0},""BR4_bo_age"":{""score"":50.0},""_score"":36.78},""risk"":{""R1_stop_clarity"":{""score"":77.4295991444959},""R2_stop_distance_pct"":{""value"":20.319105691056922,""score"":0.0},""R3_stop_distance_atr"":{""value"":1.8897512341078244,""score"":100.0},""R4_rr_potential"":{""value"":5.349604881464436,""score"":100.0},""_score"":62.1},""market"":{""M1_spy_regime"":{""score"":100.0},""M3_earnings_risk"":{""value"":null,""score"":80.0},""M4_vix"":{""value"":null,""score"":60.0},""_score"":84.0},""liquidity"":{""L1_price"":{""value"":6.15,""score"":98.075},""L2_dollar_vol"":{""value"":39285294.8670465,""score"":79.71150086074617},""L3_spread_proxy"":{""value"":0.06167479674796758,""score"":38.325203252032416},""L4_volume_zscore"":{""value"":-0.8740275153553632,""score"":100.0},""_score"":85.24},""pattern_structure"":{""n_contractions"":5,""contractions_pct"":[36.89,47.33,28.55,22.7,13.63],""descending_strict"":false,""final_low"":4.975,""final_pivot"":5.76,""structural_low"":4.975,""dry_up_ratio"":0.9470550075988748,""current_price"":6.15,""neckline_distance_pct"":-0.06341463414634155,""base_bars"":52},""pattern_geometry_features"":{""contraction_count"":5.0,""first_contraction_pct"":0.36887966804979255,""last_contraction_pct"":0.13628472222222227,""dry_up_ratio"":0.9470550075988748,""near_monotone"":0.0,""base_depth_pct"":0.5871369294605809},""_schema_version"":""1.0""}",,,,,,,,,,
20260522T181904Z-97bb42,2026-05-22T18:19:04.835948+00:00,WAY,vcp,absent,44.96,5.0,46.5,66.0,48.7,30.2,26.8,77.8,84.0,81.6,0.75,11.63,7.92,5.85,3.93,1.87,3.89,5.04,4.08,False,,19.2501,21.48,17.6216,31.5,"{""trend"":{""T1_ema_stack"":{""value"":[false,false,false],""score"":0.0},""T2_ema50_slope"":{""value"":-0.7891626310054437,""score"":0},""T3_high_proximity"":{""value"":0.7148199034533977,""score"":0},""T4_rs_1m"":{""value"":-0.28055311358588386,""score"":0},""T5_rs_3m"":{""value"":-0.30494405028250593,""score"":0},""T6_adr_healthy"":{""value"":5.109392429649731,""score"":100.0},""_score"":5.0},""geometry"":{""sub_contraction_count"":100.0,""sub_reduction_rate"":0,""sub_pivot_tightness"":0,""sub_volume_dryup"":49.5,""sub_base_depth"":41.0,""sub_base_duration"":100.0,""_score"":46.52},""compression"":{""VC1_atr_ratio"":{""value"":0.4737516399520378,""score"":100},""VC2_range_contraction"":{""value"":0.871607193443938,""score"":21.398801092677},""VC3_range_pct_rank"":{""score"":74.16666666666667},""_score"":66.03},""sr_quality"":{""SR1_touches"":{""value"":3,""score"":50.0},""SR2_tightness"":{""value"":0.22547480765905803,""score"":54.846254742398024},""SR3_recency"":{""value"":235,""score"":0.0},""SR4_price_location"":{""score"":41.97746294568908},""SR5_reaction"":{""value"":4.742841168319081,""score"":100},""_score"":48.72,""_levels_found"":5,""_target_level"":21.1817},""volume"":{""V1_rvol_day"":{""value"":0.32979437550738444,""score"":0},""V2_rvol_sameslot"":{""value"":1.078103470791546,""score"":38.540231386103066,""status"":""ok""},""V3_breakout_bar"":{""value"":1.1765247139700434,""score"":45.1016475980029},""V4_base_dryup"":{""value"":0.9379457569844668,""score"":56.20542430155332},""V5_bo_expansion"":{""value"":0.32979437550738444,""score"":0},""_score"":30.22},""readiness"":{""_distance_atr"":2.233,""BR1_atr_distance"":{""score"":0},""BR2_compression"":{""score"":37.13706276268323},""BR3_retest"":{""score"":50.0},""BR4_bo_age"":{""score"":50.0},""_score"":26.78},""risk"":{""R1_stop_clarity"":{""score"":46.26003824693456},""R2_stop_distance_pct"":{""value"":8.459436574355463,""score"":88.51408564111343},""R3_stop_distance_atr"":{""value"":1.6305727728112336,""score"":100.0},""R4_rr_potential"":{""value"":7.522429303939325,""score"":100.0},""_score"":77.75},""market"":{""M1_spy_regime"":{""score"":100.0},""M3_earnings_risk"":{""value"":null,""score"":80.0},""M4_vix"":{""value"":null,""score"":60.0},""_score"":84.0},""liquidity"":{""L1_price"":{""value"":19.2501,""score"":100.0},""L2_dollar_vol"":{""value"":17187082.46601797,""score"":61.76010803898748},""L3_spread_proxy"":{""value"":0.030649191432771773,""score"":69.35080856722823},""L4_volume_zscore"":{""value"":-1.1972683479728636,""score"":100.0},""_score"":81.64},""pattern_structure"":{""n_contractions"":5,""contractions_pct"":[14.76,10.64,15.28,11.51,16.71],""descending_strict"":false,""final_low"":17.89,""final_pivot"":21.48,""structural_low"":17.89,""dry_up_ratio"":0.7524615709298409,""current_price"":19.2501,""neckline_distance_pct"":0.11583835928125052,""base_bars"":50},""pattern_geometry_features"":{""contraction_count"":5.0,""first_contraction_pct"":0.14761734145467578,""last_contraction_pct"":0.16713221601489756,""dry_up_ratio"":0.7524615709298409,""near_monotone"":0.0,""base_depth_pct"":0.3590111071300609},""_schema_version"":""1.0""}",,,,,,,,,,
20260522T181904Z-97bb42,2026-05-22T18:19:04.835948+00:00,HLNE,double_bottom,setup,44.86,15.2,30.9,81.0,57.4,20.1,68.0,44.2,84.0,92.1,2.28,7.71,6.48,8.04,2.62,5.44,2.65,5.04,4.6,True,risk_unclear,90.76,89.995,82.2475,96.49,"{""trend"":{""T1_ema_stack"":{""value"":[true,false,false],""score"":33.33333333333333},""T2_ema50_slope"":{""value"":-0.5549495216834294,""score"":0},""T3_high_proximity"":{""value"":0.8249409198327577,""score"":12.47045991637885},""T4_rs_1m"":{""value"":-0.17540665359288976,""score"":0},""T5_rs_3m"":{""value"":-0.19804385533957047,""score"":0},""T6_adr_healthy"":{""value"":4.498730005706474,""score"":100.0},""_score"":15.2},""geometry"":{""sub_low_similarity"":7.1,""sub_bounce_quality"":68.3,""sub_separation_fit"":0.0,""sub_right_bottom_reaction"":60.5,""sub_base_context"":30.0,""_score"":30.86},""compression"":{""VC1_atr_ratio"":{""value"":0.4011003670293701,""score"":100},""VC2_range_contraction"":{""value"":0.6908445233390397,""score"":51.52591277682672},""VC3_range_pct_rank"":{""score"":91.66666666666666},""_score"":80.95},""sr_quality"":{""SR1_touches"":{""value"":2,""score"":25.0},""SR2_tightness"":{""value"":0.5249999999999986,""score"":69.51826415845534},""SR3_recency"":{""value"":254,""score"":0.0},""SR4_price_location"":{""score"":97.95336916492485},""SR5_reaction"":{""value"":4.438721343021135,""score"":100},""_score"":57.42,""_levels_found"":5,""_target_level"":90.995},""volume"":{""V1_rvol_day"":{""value"":0.5914247437760675,""score"":6.094982918404498},""V2_rvol_sameslot"":{""value"":1.066470406585128,""score"":37.764693772341865,""status"":""ok""},""V3_breakout_bar"":{""value"":0.758364400180988,""score"":17.224293345399204},""V4_base_dryup"":{""value"":1.1464787032088706,""score"":35.35212967911295},""V5_bo_expansion"":{""value"":0.5914247437760676,""score"":0},""_score"":20.15},""readiness"":{""_distance_atr"":-0.222,""BR1_atr_distance"":{""score"":100.0},""BR2_compression"":{""score"":41.99597943258501},""BR3_retest"":{""score"":50.0},""BR4_bo_age"":{""score"":50.0},""_score"":68.0},""risk"":{""R1_stop_clarity"":{""score"":27.27928734945766},""R2_stop_distance_pct"":{""value"":9.379131776112827,""score"":65.52170559717933},""R3_stop_distance_atr"":{""value"":2.47119787001095,""score"":100.0},""R4_rr_potential"":{""value"":0.673127753303965,""score"":0.0},""_score"":44.2},""market"":{""M1_spy_regime"":{""score"":100.0},""M3_earnings_risk"":{""value"":null,""score"":80.0},""M4_vix"":{""value"":null,""score"":60.0},""_score"":84.0},""liquidity"":{""L1_price"":{""value"":90.76,""score"":100.0},""L2_dollar_vol"":{""value"":51368500.87171285,""score"":85.53484457720097},""L3_spread_proxy"":{""value"":0.021430145438519253,""score"":78.56985456148075},""L4_volume_zscore"":{""value"":-0.824133399918183,""score"":100.0},""_score"":92.07},""pattern_structure"":{""left_low"":87.47,""left_idx"":22,""right_low"":83.5,""right_idx"":70,""separation_bars"":48,""structural_low"":83.5,""current_price"":90.35,""neckline_distance_pct"":-0.003929164360818924,""base_bars"":48},""pattern_geometry_features"":{""low_similarity_pct"":0.04644089606363688,""bounce_pct"":0.07778443113772461,""right_bottom_reaction"":0.6048387096774201,""atr_pct"":0.03795378706793426},""_schema_version"":""1.0""}",,,,,,,,,,
20260522T181904Z-97bb42,2026-05-22T18:19:04.835948+00:00,EXLS,double_bottom,forming,44.81,17.7,54.7,54.0,34.6,14.4,64.2,52.6,84.0,82.4,2.65,13.67,4.32,4.85,1.87,5.13,3.16,5.04,4.12,True,risk_unclear,29.235,29.355,27.8164,30.47,"{""trend"":{""T1_ema_stack"":{""value"":[false,false,false],""score"":0.0},""T2_ema50_slope"":{""value"":-0.20794328888723407,""score"":15.34278518546099},""T3_high_proximity"":{""value"":0.8981566820276499,""score"":49.07834101382491},""T4_rs_1m"":{""value"":-0.09856235489762866,""score"":0},""T5_rs_3m"":{""value"":-0.07007289804441386,""score"":14.96355097779307},""T6_adr_healthy"":{""value"":4.0271535327214085,""score"":100.0},""_score"":17.67},""geometry"":{""sub_low_similarity"":78.2,""sub_bounce_quality"":13.5,""sub_separation_fit"":73.3,""sub_right_bottom_reaction"":76.9,""sub_base_context"":30.0,""_score"":54.69},""compression"":{""VC1_atr_ratio"":{""value"":0.6141666543525484,""score"":96.45833641186292},""VC2_range_contraction"":{""value"":1.2710377667480581,""score"":0},""VC3_range_pct_rank"":{""score"":61.66666666666667},""_score"":54.0},""sr_quality"":{""SR1_touches"":{""value"":2,""score"":25.0},""SR2_tightness"":{""value"":0.28999999999999915,""score"":50.78638746628702},""SR3_recency"":{""value"":228,""score"":0.0},""SR4_price_location"":{""score"":18.05555555555567},""SR5_reaction"":{""value"":3.444952877359918,""score"":100},""_score"":34.63,""_levels_found"":7,""_target_level"":30.71},""volume"":{""V1_rvol_day"":{""value"":0.22015530022007,""score"":0},""V2_rvol_sameslot"":{""value"":0.47613504393895273,""score"":0,""status"":""ok""},""V3_breakout_bar"":{""value"":0.6630906008843028,""score"":10.872706725620189},""V4_base_dryup"":{""value"":0.9159440437813899,""score"":58.405595621861},""V5_bo_expansion"":{""value"":0.22015530022007,""score"":0},""_score"":14.4},""readiness"":{""_distance_atr"":0.102,""BR1_atr_distance"":{""score"":93.21191551259123},""BR2_compression"":{""score"":37.59231456115083},""BR3_retest"":{""score"":50.0},""BR4_bo_age"":{""score"":50.0},""_score"":64.18},""risk"":{""R1_stop_clarity"":{""score"":28.114185278341722},""R2_stop_distance_pct"":{""value"":4.8524029416794985,""score"":100.0},""R3_stop_distance_atr"":{""value"":1.20369708172975,""score"":85.1848540864875},""R4_rr_potential"":{""value"":0.8705766248413942,""score"":0.0},""_score"":52.62},""market"":{""M1_spy_regime"":{""score"":100.0},""M3_earnings_risk"":{""value"":null,""score"":80.0},""M4_vix"":{""value"":null,""score"":60.0},""_score"":84.0},""liquidity"":{""L1_price"":{""value"":29.235,""score"":100.0},""L2_dollar_vol"":{""value"":17388563.874238648,""score"":62.013185749794616},""L3_spread_proxy"":{""value"":0.024285958611253666,""score"":75.71404138874634},""L4_volume_zscore"":{""value"":-2.3279795409551314,""score"":100.0},""_score"":82.38},""pattern_structure"":{""left_low"":28.24,""left_idx"":64,""right_low"":28.55,""right_idx"":70,""separation_bars"":6,""structural_low"":28.24,""current_price"":29.295,""neckline_distance_pct"":0.002048131080389101,""base_bars"":6},""pattern_geometry_features"":{""low_similarity_pct"":0.010917415037858858,""bounce_pct"":0.03948300283286126,""right_bottom_reaction"":0.7692307692307704,""atr_pct"":0.04031249236482691},""_schema_version"":""1.0""}",,,,,,,,,,
20260522T181904Z-97bb42,2026-05-22T18:19:04.835948+00:00,PGY,vcp,absent,44.81,33.6,40.4,45.6,38.7,40.8,17.5,75.8,84.0,83.7,5.04,10.1,5.47,4.64,5.31,1.23,3.79,5.04,4.18,False,,12.8246,15.57,12.5785,15.325,"{""trend"":{""T1_ema_stack"":{""value"":[false,false,false],""score"":0.0},""T2_ema50_slope"":{""value"":0.046911820528647855,""score"":57.818636754774644},""T3_high_proximity"":{""value"":0.8273935483870968,""score"":13.696774193548366},""T4_rs_1m"":{""value"":-0.1059378155802333,""score"":0},""T5_rs_3m"":{""value"":0.10981697702909954,""score"":100},""T6_adr_healthy"":{""value"":5.975510869315125,""score"":100.0},""_score"":33.62},""geometry"":{""sub_contraction_count"":100.0,""sub_reduction_rate"":0,""sub_pivot_tightness"":0,""sub_volume_dryup"":36.0,""sub_base_depth"":0.0,""sub_base_duration"":100.0,""_score"":40.4},""compression"":{""VC1_atr_ratio"":{""value"":0.5734913421315873,""score"":100},""VC2_range_contraction"":{""value"":1.009546957386003,""score"":0},""VC3_range_pct_rank"":{""score"":22.499999999999996},""_score"":45.62},""sr_quality"":{""SR1_touches"":{""value"":2,""score"":25.0},""SR2_tightness"":{""value"":0.014999999999998792,""score"":96.79926840420693},""SR3_recency"":{""value"":311,""score"":0.0},""SR4_price_location"":{""score"":6.685782556750297},""SR5_reaction"":{""value"":3.448788294467307,""score"":100},""_score"":38.69,""_levels_found"":3,""_target_level"":20.635},""volume"":{""V1_rvol_day"":{""value"":0.7095432350270526,""score"":13.969549001803507},""V2_rvol_sameslot"":{""value"":1.4168017300833633,""score"":61.12011533889089,""status"":""ok""},""V3_breakout_bar"":{""value"":1.2193303263407347,""score"":47.95535508938231},""V4_base_dryup"":{""value"":0.8093969696398063,""score"":69.06030303601936},""V5_bo_expansion"":{""value"":0.7095432350270526,""score"":0},""_score"":40.82},""readiness"":{""_distance_atr"":2.929,""BR1_atr_distance"":{""score"":0},""BR2_compression"":{""score"":0},""BR3_retest"":{""score"":50.0},""BR4_bo_age"":{""score"":50.0},""_score"":17.5},""risk"":{""R1_stop_clarity"":{""score"":59.12665752171936},""R2_stop_distance_pct"":{""value"":1.9193581086349678,""score"":97.9839527158742},""R3_stop_distance_atr"":{""value"":0.26262002743484236,""score"":38.13100137174212},""R4_rr_potential"":{""value"":10.158033719276863,""score"":100.0},""_score"":75.81},""market"":{""M1_spy_regime"":{""score"":100.0},""M3_earnings_risk"":{""value"":null,""score"":80.0},""M4_vix"":{""value"":null,""score"":60.0},""_score"":84.0},""liquidity"":{""L1_price"":{""value"":12.8246,""score"":100.0},""L2_dollar_vol"":{""value"":35251546.1626559,""score"":77.3589085134394},""L3_spread_proxy"":{""value"":0.07251688161814011,""score"":27.48311838185988},""L4_volume_zscore"":{""value"":-0.4826114498421715,""score"":100.0},""_score"":83.69},""pattern_structure"":{""n_contractions"":5,""contractions_pct"":[15.85,12.13,10.36,15.24,17.98],""descending_strict"":false,""final_low"":12.77,""final_pivot"":15.57,""structural_low"":12.77,""dry_up_ratio"":0.8198840945230916,""current_price"":12.8246,""neckline_distance_pct"":0.21407295354241068,""base_bars"":43},""pattern_geometry_features"":{""contraction_count"":5.0,""first_contraction_pct"":0.1584830339321358,""last_contraction_pct"":0.17983301220295445,""dry_up_ratio"":0.8198840945230916,""near_monotone"":0.0,""base_depth_pct"":-0.01956087824351291},""_schema_version"":""1.0""}",,,,,,,,,,
20260522T181904Z-97bb42,2026-05-22T18:19:04.835948+00:00,TTAN,high_tight_pullback,absent,44.76,17.2,48.2,60.5,47.3,15.1,44.3,78.6,84.0,81.3,2.07,16.87,6.05,3.78,2.11,3.99,0.79,5.04,4.07,False,,62.43,64.5399,58.7552,74.9098,"{""trend"":{""T1_ema_stack"":{""value"":[true,false,false],""score"":33.33333333333333},""T2_ema50_slope"":{""value"":-0.30668175894296684,""score"":0},""T3_high_proximity"":{""value"":0.752622061482821,""score"":0},""T4_rs_1m"":{""value"":-0.03058661048059519,""score"":19.41338951940481},""T5_rs_3m"":{""value"":-0.10028497260826497,""score"":0},""T6_adr_healthy"":{""value"":5.385765399600091,""score"":100.0},""_score"":17.22},""geometry"":{""sub_pole_impulse"":61.1,""sub_flag_tightness"":43.5,""sub_flag_shallowness"":20.8,""sub_flag_drift"":98.9,""sub_flag_duration"":0.0,""_score"":48.2},""compression"":{""VC1_atr_ratio"":{""value"":0.4136815571712532,""score"":100},""VC2_range_contraction"":{""value"":0.991735904006968,""score"":1.377349332172003},""VC3_range_pct_rank"":{""score"":80.0},""_score"":60.48},""sr_quality"":{""SR1_touches"":{""value"":2,""score"":25.0},""SR2_tightness"":{""value"":0.600049999999996,""score"":65.41384648321088},""SR3_recency"":{""value"":228,""score"":0.0},""SR4_price_location"":{""score"":59.85229520218669},""SR5_reaction"":{""value"":3.028918202328607,""score"":100},""_score"":47.28,""_levels_found"":5,""_target_level"":65.1399},""volume"":{""V1_rvol_day"":{""value"":0.2697032436807981,""score"":0},""V2_rvol_sameslot"":{""value"":0.5890012715070213,""score"":5.933418100468088,""status"":""ok""},""V3_breakout_bar"":{""value"":0.7595733148947821,""score"":17.304887659652138},""V4_base_dryup"":{""value"":1.0210086893286723,""score"":47.89913106713277},""V5_bo_expansion"":{""value"":0.2697032436807981,""score"":0},""_score"":15.09},""readiness"":{""_distance_atr"":0.608,""BR1_atr_distance"":{""score"":59.462641832583955},""BR2_compression"":{""score"":12.162437550572669},""BR3_retest"":{""score"":50.0},""BR4_bo_age"":{""score"":50.0},""_score"":44.33},""risk"":{""R1_stop_clarity"":{""score"":48.42769626006608},""R2_stop_distance_pct"":{""value"":5.886192535639922,""score"":100.0},""R3_stop_distance_atr"":{""value"":1.059040643578217,""score"":77.95203217891084},""R4_rr_potential"":{""value"":3.3960949724471035,""score"":100.0},""_score"":78.64},""market"":{""M1_spy_regime"":{""score"":100.0},""M3_earnings_risk"":{""value"":null,""score"":80.0},""M4_vix"":{""value"":null,""score"":60.0},""_score"":84.0},""liquidity"":{""L1_price"":{""value"":62.43,""score"":100.0},""L2_dollar_vol"":{""value"":17609780.72592231,""score"":62.287697411893504},""L3_spread_proxy"":{""value"":0.03604036520903412,""score"":63.95963479096588},""L4_volume_zscore"":{""value"":-1.9819446138966303,""score"":100.0},""_score"":81.31},""pattern_structure"":{""pole_low"":54.17,""pole_low_idx"":18,""peak_price"":64.5399,""peak_idx"":38,""pole_gain"":0.19143252722909362,""flag_bars"":21,""flag_low"":59.65,""flag_high"":63.84,""structural_low"":59.65,""current_price"":62.78,""neckline_distance_pct"":0.02803281299777002,""base_bars"":21},""pattern_geometry_features"":{""pole_gain"":0.19143252722909362,""pullback_pct"":0.07576553418892816,""flag_range_pct"":0.0649210798281374,""flag_drift_per_bar"":-0.00022533439800083796,""atr_pct"":0.05558042150065214,""pole_atr_multiple"":3.444243891292683},""_schema_version"":""1.0""}",,,,,,,,,,
20260522T181904Z-97bb42,2026-05-22T18:19:04.835948+00:00,ADSK,breakout_retest_hold,setup,44.66,45.4,28.6,47.3,51.2,35.7,40.7,58.7,84.0,96.5,6.36,6.29,2.84,7.17,4.64,7.32,2.94,4.2,2.89,False,,241.04,235.92,230.863,241.37,"{""trend"":{""T1_ema_stack"":{""value"":[true,false,false],""score"":33.33333333333333},""T2_ema50_slope"":{""value"":-0.03396904531719868,""score"":44.338492447133554},""T3_high_proximity"":{""value"":0.9126154778131153,""score"":56.3077389065576},""T4_rs_1m"":{""value"":-0.016149934098579788,""score"":33.85006590142021},""T5_rs_3m"":{""value"":0.006948946634782294,""score"":53.474473317391144},""T6_adr_healthy"":{""value"":3.162561530391879,""score"":100.0},""_score"":45.44},""geometry"":{""sub_retest_depth"":95.3,""sub_retest_timing"":0.0,""sub_retest_freshness"":0.0,""sub_hold_quality"":0.0,""_score"":28.59},""compression"":{""VC1_atr_ratio"":{""value"":0.29895641454745037,""score"":100},""VC2_range_contraction"":{""value"":1.0717202939533619,""score"":0},""VC3_range_pct_rank"":{""score"":29.166666666666664},""_score"":47.29},""sr_quality"":{""SR1_touches"":{""value"":2,""score"":25.0},""SR2_tightness"":{""value"":1.1599999999999966,""score"":73.20076734256075},""SR3_recency"":{""value"":257,""score"":0.0},""SR4_price_location"":{""score"":71.03667510449156},""SR5_reaction"":{""value"":3.5699581261989763,""score"":100},""_score"":51.24,""_levels_found"":5,""_target_level"":245.96},""volume"":{""V1_rvol_day"":{""value"":0.6282131287959273,""score"":8.547541919728484},""V2_rvol_sameslot"":{""value"":1.5070614859094555,""score"":67.1374323939637,""status"":""ok""},""V3_breakout_bar"":{""value"":0.890195060418899,""score"":26.013004027926595},""V4_base_dryup"":{""value"":0.7974459966583239,""score"":70.2554003341676},""V5_bo_expansion"":{""value"":0.6282131287959271,""score"":0},""_score"":35.69},""readiness"":{""_distance_atr"":-0.591,""BR1_atr_distance"":{""score"":48.171373171888845},""BR2_compression"":{""score"":0.285165400284985},""BR3_retest"":{""score"":84.26122651044784},""BR4_bo_age"":{""score"":30.0},""_score"":40.69},""risk"":{""R1_stop_clarity"":{""score"":46.125456383176044},""R2_stop_distance_pct"":{""value"":4.222100066379027,""score"":100.0},""R3_stop_distance_atr"":{""value"":1.1755795292807207,""score"":83.77897646403603},""R4_rr_potential"":{""value"":0.03242621807122801,""score"":0.0},""_score"":58.71},""market"":{""M1_spy_regime"":{""score"":100.0},""M3_earnings_risk"":{""value"":null,""score"":80.0},""M4_vix"":{""value"":null,""score"":60.0},""_score"":84.0},""liquidity"":{""L1_price"":{""value"":241.04,""score"":100.0},""L2_dollar_vol"":{""value"":268393411.86688757,""score"":100.0},""L3_spread_proxy"":{""value"":0.035429804181878494,""score"":64.5701958181215},""L4_volume_zscore"":{""value"":-2.202888713600513,""score"":100.0},""_score"":96.46},""pattern_structure"":{""level"":235.92,""level_idx"":42,""breakout_idx"":48,""bo_peak_idx"":58,""bo_peak_price"":251.16,""retest_idx"":64,""retest_low"":233.195,""structural_low"":233.195,""current_price"":241.28,""neckline_distance_pct"":-0.02221485411140589,""base_bars"":37,""bars_since_breakout"":31},""pattern_geometry_features"":{""retest_depth_atr"":1.032758616022238,""bars_breakout_to_retest"":16.0,""bars_since_retest"":15.0,""current_above_level_atr"":2.031407773166687,""bo_peak_excess_pct"":0.0645981688708037,""atr_pct"":0.035915052629083476},""_schema_version"":""1.0""}",,,,,,,,,,
20260522T181904Z-97bb42,2026-05-22T18:19:04.835948+00:00,TTAN,ascending_triangle,absent,44.63,17.2,48.8,60.5,47.3,23.2,44.3,37.4,84.0,81.3,2.58,13.66,4.84,6.62,2.78,3.55,1.49,5.04,4.07,False,,62.43,64.5399,53.3575,74.9098,"{""trend"":{""T1_ema_stack"":{""value"":[true,false,false],""score"":33.33333333333333},""T2_ema50_slope"":{""value"":-0.30668175894296684,""score"":0},""T3_high_proximity"":{""value"":0.752622061482821,""score"":0},""T4_rs_1m"":{""value"":-0.03058661048059519,""score"":19.41338951940481},""T5_rs_3m"":{""value"":-0.10028497260826497,""score"":0},""T6_adr_healthy"":{""value"":5.385765399600091,""score"":100.0},""_score"":17.22},""geometry"":{""sub_flat_top_quality"":33.3,""sub_hl_slope"":67.2,""sub_compression"":14.5,""sub_duration"":100.0,""_score"":48.77},""compression"":{""VC1_atr_ratio"":{""value"":0.4136815571712532,""score"":100},""VC2_range_contraction"":{""value"":0.991735904006968,""score"":1.377349332172003},""VC3_range_pct_rank"":{""score"":80.0},""_score"":60.48},""sr_quality"":{""SR1_touches"":{""value"":2,""score"":25.0},""SR2_tightness"":{""value"":0.600049999999996,""score"":65.41384648321088},""SR3_recency"":{""value"":228,""score"":0.0},""SR4_price_location"":{""score"":59.85229520218669},""SR5_reaction"":{""value"":3.028918202328607,""score"":100},""_score"":47.28,""_levels_found"":5,""_target_level"":65.1399},""volume"":{""V1_rvol_day"":{""value"":0.2697032436807981,""score"":0},""V2_rvol_sameslot"":{""value"":0.5890012715070213,""score"":5.933418100468088,""status"":""ok""},""V3_breakout_bar"":{""value"":0.7595733148947821,""score"":17.304887659652138},""V4_base_dryup"":{""value"":0.6159137955068346,""score"":88.40862044931654},""V5_bo_expansion"":{""value"":0.2697032436807981,""score"":0},""_score"":23.19},""readiness"":{""_distance_atr"":0.608,""BR1_atr_distance"":{""score"":59.462641832583955},""BR2_compression"":{""score"":12.162437550572669},""BR3_retest"":{""score"":50.0},""BR4_bo_age"":{""score"":50.0},""_score"":44.33},""risk"":{""R1_stop_clarity"":{""score"":53.165604466182394},""R2_stop_distance_pct"":{""value"":14.532356238987665,""score"":0.0},""R3_stop_distance_atr"":{""value"":2.6146538379197346,""score"":100.0},""R4_rr_potential"":{""value"":1.3755559352111595,""score"":18.777796760557976},""_score"":37.36},""market"":{""M1_spy_regime"":{""score"":100.0},""M3_earnings_risk"":{""value"":null,""score"":80.0},""M4_vix"":{""value"":null,""score"":60.0},""_score"":84.0},""liquidity"":{""L1_price"":{""value"":62.43,""score"":100.0},""L2_dollar_vol"":{""value"":17609780.72592231,""score"":62.287697411893504},""L3_spread_proxy"":{""value"":0.03604036520903412,""score"":63.95963479096588},""L4_volume_zscore"":{""value"":-1.9819446138966303,""score"":100.0},""_score"":81.31},""pattern_structure"":{""top"":64.5399,""top_touches"":2,""low_slope_per_bar"":0.10927360022396429,""lowest_low"":54.17,""structural_low"":54.17,""current_price"":62.78,""neckline_distance_pct"":0.02803281299777002,""base_bars"":42},""pattern_geometry_features"":{""top_touches"":2.0,""low_slope"":0.10927360022396429,""compression"":0.07228250454884388,""atr_pct"":0.05558042150065214},""_schema_version"":""1.0""}",,,,,,,,,,
20260522T181904Z-97bb42,2026-05-22T18:19:04.835948+00:00,AXON,vcp,absent,44.61,5.0,41.2,53.8,63.6,27.3,29.2,80.8,84.0,95.9,0.75,10.31,6.45,7.63,3.55,2.04,4.04,5.04,4.79,False,,384.935,438.97,360.51,661.345,"{""trend"":{""T1_ema_stack"":{""value"":[false,false,false],""score"":0.0},""T2_ema50_slope"":{""value"":-0.38875789929853294,""score"":0},""T3_high_proximity"":{""value"":0.6647239634599112,""score"":0},""T4_rs_1m"":{""value"":-0.0748285988118279,""score"":0},""T5_rs_3m"":{""value"":-0.1864363523078456,""score"":0},""T6_adr_healthy"":{""value"":5.608738334603055,""score"":100.0},""_score"":5.0},""geometry"":{""sub_contraction_count"":100.0,""sub_reduction_rate"":0,""sub_pivot_tightness"":0,""sub_volume_dryup"":26.9,""sub_base_depth"":22.1,""sub_base_duration"":100.0,""_score"":41.25},""compression"":{""VC1_atr_ratio"":{""value"":0.32316343688240595,""score"":100},""VC2_range_contraction"":{""value"":1.0281492192806647,""score"":0},""VC3_range_pct_rank"":{""score"":55.00000000000001},""_score"":53.75},""sr_quality"":{""SR1_touches"":{""value"":6,""score"":100},""SR2_tightness"":{""value"":2.98721191451531,""score"":76.29516048535736},""SR3_recency"":{""value"":229,""score"":0.0},""SR4_price_location"":{""score"":28.649759794069762},""SR5_reaction"":{""value"":2.597174926845167,""score"":100},""_score"":63.61,""_levels_found"":4,""_target_level"":414.6351},""volume"":{""V1_rvol_day"":{""value"":0.5086045500557748,""score"":0.5736366703849842},""V2_rvol_sameslot"":{""value"":1.243176345727251,""score"":49.54508971515008,""status"":""ok""},""V3_breakout_bar"":{""value"":1.0447630043141884,""score"":36.317533620945895},""V4_base_dryup"":{""value"":1.0883837191361843,""score"":41.161628086381576},""V5_bo_expansion"":{""value"":0.5086045500557748,""score"":0},""_score"":27.34},""readiness"":{""_distance_atr"":2.144,""BR1_atr_distance"":{""score"":0},""BR2_compression"":{""score"":46.62958124082691},""BR3_retest"":{""score"":50.0},""BR4_bo_age"":{""score"":50.0},""_score"":29.16},""risk"":{""R1_stop_clarity"":{""score"":56.43443697347996},""R2_stop_distance_pct"":{""value"":6.345227116266386,""score"":100.0},""R3_stop_distance_atr"":{""value"":0.9691155527529605,""score"":73.45577763764803},""R4_rr_potential"":{""value"":11.316683725690886,""score"":100.0},""_score"":80.77},""market"":{""M1_spy_regime"":{""score"":100.0},""M3_earnings_risk"":{""value"":null,""score"":80.0},""M4_vix"":{""value"":null,""score"":60.0},""_score"":84.0},""liquidity"":{""L1_price"":{""value"":384.935,""score"":100.0},""L2_dollar_vol"":{""value"":229104835.766714,""score"":100.0},""L3_spread_proxy"":{""value"":0.041435567043786585,""score"":58.564432956213416},""L4_volume_zscore"":{""value"":-1.1081399229247182,""score"":100.0},""_score"":95.86},""pattern_structure"":{""n_contractions"":5,""contractions_pct"":[17.67,34.36,9.11,10.76,16.62],""descending_strict"":false,""final_low"":366.0,""final_pivot"":438.97,""structural_low"":366.0,""dry_up_ratio"":0.8653301033992552,""current_price"":384.935,""neckline_distance_pct"":0.14037434891605083,""base_bars"":51},""pattern_geometry_features"":{""contraction_count"":5.0,""first_contraction_pct"":0.1766645421712343,""last_contraction_pct"":0.1662300384992141,""dry_up_ratio"":0.8653301033992552,""near_monotone"":0.0,""base_depth_pct"":0.37794773741236454},""_schema_version"":""1.0""}",,,,,,,,,,
20260522T181904Z-97bb42,2026-05-22T18:19:04.835948+00:00,VSEC,vcp,forming,44.53,13.3,50.2,55.4,52.4,24.9,18.5,65.5,84.0,84.1,2.0,12.55,6.65,6.28,3.24,1.3,3.27,5.04,4.2,False,,172.45,212.58,153.8718,281.365,"{""trend"":{""T1_ema_stack"":{""value"":[false,false,true],""score"":33.33333333333333},""T2_ema50_slope"":{""value"":-0.3087565961244309,""score"":0},""T3_high_proximity"":{""value"":0.7594574360329414,""score"":0},""T4_rs_1m"":{""value"":-0.11680376260707204,""score"":0},""T5_rs_3m"":{""value"":-0.3196792858974268,""score"":0},""T6_adr_healthy"":{""value"":5.769246455980904,""score"":100.0},""_score"":13.33},""geometry"":{""sub_contraction_count"":100.0,""sub_reduction_rate"":0,""sub_pivot_tightness"":0,""sub_volume_dryup"":38.6,""sub_base_depth"":94.3,""sub_base_duration"":100.0,""_score"":50.22},""compression"":{""VC1_atr_ratio"":{""value"":0.49172109796259345,""score"":100},""VC2_range_contraction"":{""value"":0.8721127684111917,""score"":21.31453859813472},""VC3_range_pct_rank"":{""score"":31.666666666666664},""_score"":55.38},""sr_quality"":{""SR1_touches"":{""value"":2,""score"":25.0},""SR2_tightness"":{""value"":2.8899999999999864,""score"":51.58228169993362},""SR3_recency"":{""value"":323,""score"":0.0},""SR4_price_location"":{""score"":88.46125214025152},""SR5_reaction"":{""value"":2.051051613455243,""score"":100},""_score"":52.35,""_levels_found"":7,""_target_level"":174.0},""volume"":{""V1_rvol_day"":{""value"":0.32901533938644933,""score"":0},""V2_rvol_sameslot"":{""value"":0.9767331767493538,""score"":31.782211783290254,""status"":""ok""},""V3_breakout_bar"":{""value"":0.901475538168075,""score"":26.765035877871668},""V4_base_dryup"":{""value"":0.9068711928284111,""score"":59.31288071715889},""V5_bo_expansion"":{""value"":0.32901533938644933,""score"":0},""_score"":24.91},""readiness"":{""_distance_atr"":3.362,""BR1_atr_distance"":{""score"":0},""BR2_compression"":{""score"":4.076973463177777},""BR3_retest"":{""score"":50.0},""BR4_bo_age"":{""score"":50.0},""_score"":18.52},""risk"":{""R1_stop_clarity"":{""score"":60.74269620634149},""R2_stop_distance_pct"":{""value"":10.773108147289054,""score"":30.67229631777364},""R3_stop_distance_atr"":{""value"":1.5562547829848683,""score"":100.0},""R4_rr_potential"":{""value"":5.862508393562903,""score"":100.0},""_score"":65.46},""market"":{""M1_spy_regime"":{""score"":100.0},""M3_earnings_risk"":{""value"":null,""score"":80.0},""M4_vix"":{""value"":null,""score"":60.0},""_score"":84.0},""liquidity"":{""L1_price"":{""value"":172.45,""score"":100.0},""L2_dollar_vol"":{""value"":28593247.1663799,""score"":72.81317392103345},""L3_spread_proxy"":{""value"":0.05044940562481873,""score"":49.55059437518127},""L4_volume_zscore"":{""value"":-1.7055969263830142,""score"":100.0},""_score"":84.08},""pattern_structure"":{""n_contractions"":5,""contractions_pct"":[17.11,10.31,26.65,31.39,26.51],""descending_strict"":false,""final_low"":156.215,""final_pivot"":212.58,""structural_low"":156.215,""dry_up_ratio"":0.8067506110503406,""current_price"":172.45,""neckline_distance_pct"":0.23270513192229647,""base_bars"":75},""pattern_geometry_features"":{""contraction_count"":5.0,""first_contraction_pct"":0.1711111111111111,""last_contraction_pct"":0.2651472386866121,""dry_up_ratio"":0.8067506110503406,""near_monotone"":0.0,""base_depth_pct"":0.3057111111111111},""_schema_version"":""1.0""}",,,,,,,,,,
20260522T181904Z-97bb42,2026-05-22T18:19:04.835948+00:00,BTU,vcp,absent,44.52,13.3,42.5,64.5,56.9,22.2,17.5,76.4,84.0,87.2,2.0,10.62,7.74,6.83,2.89,1.23,3.82,5.04,4.36,False,,24.79,27.74,23.2263,42.5752,"{""trend"":{""T1_ema_stack"":{""value"":[false,false,true],""score"":33.33333333333333},""T2_ema50_slope"":{""value"":-0.7838626512737309,""score"":0},""T3_high_proximity"":{""value"":0.6275949367088607,""score"":0},""T4_rs_1m"":{""value"":-0.1491377735927084,""score"":0},""T5_rs_3m"":{""value"":-0.3483657424277704,""score"":0},""T6_adr_healthy"":{""value"":4.080878269198205,""score"":100.0},""_score"":13.33},""geometry"":{""sub_contraction_count"":100.0,""sub_reduction_rate"":0,""sub_pivot_tightness"":0,""sub_volume_dryup"":40.7,""sub_base_depth"":13.8,""sub_base_duration"":100.0,""_score"":42.48},""compression"":{""VC1_atr_ratio"":{""value"":0.24169592863906758,""score"":100},""VC2_range_contraction"":{""value"":0.9840789119316238,""score"":2.6535146780627037},""VC3_range_pct_rank"":{""score"":94.16666666666667},""_score"":64.47},""sr_quality"":{""SR1_touches"":{""value"":2,""score"":25.0},""SR2_tightness"":{""value"":0.07500000000000107,""score"":85.77717575347083},""SR3_recency"":{""value"":234,""score"":0.0},""SR4_price_location"":{""score"":86.20386048086692},""SR5_reaction"":{""value"":2.21401964104301,""score"":100},""_score"":56.92,""_levels_found"":6,""_target_level"":25.275},""volume"":{""V1_rvol_day"":{""value"":0.4191077197531149,""score"":0},""V2_rvol_sameslot"":{""value"":0.9492445284887274,""score"":29.949635232581826,""status"":""ok""},""V3_breakout_bar"":{""value"":0.6914249433632351,""score"":12.761662890882342},""V4_base_dryup"":{""value"":0.8492568465776779,""score"":65.07431534223221},""V5_bo_expansion"":{""value"":0.41910771975311495,""score"":0},""_score"":22.2},""readiness"":{""_distance_atr"":2.797,""BR1_atr_distance"":{""score"":0},""BR2_compression"":{""score"":0},""BR3_retest"":{""score"":50.0},""BR4_bo_age"":{""score"":50.0},""_score"":17.5},""risk"":{""R1_stop_clarity"":{""score"":32.92516085336945},""R2_stop_distance_pct"":{""value"":6.307785397337639,""score"":100.0},""R3_stop_distance_atr"":{""value"":1.4826820182864895,""score"":99.13410091432448},""R4_rr_potential"":{""value"":11.373792927032031,""score"":100.0},""_score"":76.39},""market"":{""M1_spy_regime"":{""score"":100.0},""M3_earnings_risk"":{""value"":null,""score"":80.0},""M4_vix"":{""value"":null,""score"":60.0},""_score"":84.0},""liquidity"":{""L1_price"":{""value"":24.79,""score"":100.0},""L2_dollar_vol"":{""value"":31238145.60571593,""score"":74.73426224440445},""L3_spread_proxy"":{""value"":0.02722872125857189,""score"":72.7712787414281},""L4_volume_zscore"":{""value"":-1.2355956275626487,""score"":100.0},""_score"":87.17},""pattern_structure"":{""n_contractions"":5,""contractions_pct"":[15.94,12.86,13.03,37.19,15.0],""descending_strict"":false,""final_low"":23.58,""final_pivot"":27.74,""structural_low"":23.58,""dry_up_ratio"":0.7967287951519263,""current_price"":24.79,""neckline_distance_pct"":0.11899959661153689,""base_bars"":62},""pattern_geometry_features"":{""contraction_count"":5.0,""first_contraction_pct"":0.15942127074699602,""last_contraction_pct"":0.14996395097332374,""dry_up_ratio"":0.7967287951519263,""near_monotone"":0.0,""base_depth_pct"":0.38618047023053376},""_schema_version"":""1.0""}",,,,,,,,,,
20260522T181904Z-97bb42,2026-05-22T18:19:04.835948+00:00,CLBT,high_tight_pullback,forming,44.49,25.9,51.9,48.5,61.8,8.1,30.0,73.0,84.0,76.2,3.11,18.15,4.85,4.94,1.14,2.7,0.73,5.04,3.81,False,,13.05,14.05,12.7557,16.555,"{""trend"":{""T1_ema_stack"":{""value"":[false,false,false],""score"":0.0},""T2_ema50_slope"":{""value"":-0.13042766055850816,""score"":28.262056573581972},""T3_high_proximity"":{""value"":0.8529411764705882,""score"":26.47058823529408},""T4_rs_1m"":{""value"":-0.03006755451267007,""score"":19.93244548732993},""T5_rs_3m"":{""value"":-0.0025377477224777234,""score"":48.73112613876114},""T6_adr_healthy"":{""value"":4.7718920719121485,""score"":100.0},""_score"":25.92},""geometry"":{""sub_pole_impulse"":73.2,""sub_flag_tightness"":45.9,""sub_flag_shallowness"":27.8,""sub_flag_drift"":85.8,""sub_flag_duration"":0.0,""_score"":51.87},""compression"":{""VC1_atr_ratio"":{""value"":0.5548705562248724,""score"":100},""VC2_range_contraction"":{""value"":1.4937371121153333,""score"":0},""VC3_range_pct_rank"":{""score"":34.166666666666664},""_score"":48.54},""sr_quality"":{""SR1_touches"":{""value"":3,""score"":50.0},""SR2_tightness"":{""value"":0.1736375535418531,""score"":51.83472029034897},""SR3_recency"":{""value"":264,""score"":0.0},""SR4_price_location"":{""score"":96.09374999999996},""SR5_reaction"":{""value"":2.3763056306819488,""score"":100},""_score"":61.8,""_levels_found"":8,""_target_level"":13.075},""volume"":{""V1_rvol_day"":{""value"":0.36434128113546166,""score"":0},""V2_rvol_sameslot"":{""value"":0.45637981001527894,""score"":0,""status"":""ok""},""V3_breakout_bar"":{""value"":0.6046890756397246,""score"":6.979271709314975},""V4_base_dryup"":{""value"":1.1802789504368698,""score"":31.972104956313018},""V5_bo_expansion"":{""value"":0.3643412811354616,""score"":0},""_score"":8.14},""readiness"":{""_distance_atr"":1.387,""BR1_atr_distance"":{""score"":7.536745887861912},""BR2_compression"":{""score"":38.095949676418314},""BR3_retest"":{""score"":50.0},""BR4_bo_age"":{""score"":50.0},""_score"":30.04},""risk"":{""R1_stop_clarity"":{""score"":46.117038666151466},""R2_stop_distance_pct"":{""value"":2.254789272030664,""score"":100.0},""R3_stop_distance_atr"":{""value"":0.4081096878374517,""score"":45.405484391872584},""R4_rr_potential"":{""value"":11.911639762106981,""score"":100.0},""_score"":72.95},""market"":{""M1_spy_regime"":{""score"":100.0},""M3_earnings_risk"":{""value"":null,""score"":80.0},""M4_vix"":{""value"":null,""score"":60.0},""_score"":84.0},""liquidity"":{""L1_price"":{""value"":13.05,""score"":100.0},""L2_dollar_vol"":{""value"":11029342.10397705,""score"":52.12748038568211},""L3_spread_proxy"":{""value"":0.045977011494252845,""score"":54.02298850574716},""L4_volume_zscore"":{""value"":-1.0248355125822772,""score"":100.0},""_score"":76.25},""pattern_structure"":{""pole_low"":11.545,""pole_low_idx"":20,""peak_price"":14.05,""peak_idx"":38,""pole_gain"":0.21697704634040718,""flag_bars"":21,""flag_low"":12.95,""flag_high"":13.94,""structural_low"":12.95,""current_price"":13.135,""neckline_distance_pct"":0.069661210506281,""base_bars"":21},""pattern_geometry_features"":{""pole_gain"":0.21697704634040718,""pullback_pct"":0.07829181494661931,""flag_range_pct"":0.0704626334519573,""flag_drift_per_bar"":-0.002837802243436038,""atr_pct"":0.05524958949096882,""pole_atr_multiple"":3.92721553842268},""_schema_version"":""1.0""}",,,,,,,,,,
20260522T181904Z-97bb42,2026-05-22T18:19:04.835948+00:00,VNET,vcp,retest_hold,44.0,47.6,44.2,14.8,34.2,24.9,59.0,57.5,84.0,93.0,7.14,11.05,1.77,4.11,3.24,4.13,2.87,5.04,4.65,False,,9.525,9.37,7.8997,14.01,"{""trend"":{""T1_ema_stack"":{""value"":[false,true,true],""score"":66.66666666666666},""T2_ema50_slope"":{""value"":0.04391210122697803,""score"":57.31868353782967},""T3_high_proximity"":{""value"":0.7950751252086812,""score"":0},""T4_rs_1m"":{""value"":0.022283662728108666,""score"":72.28366272810867},""T5_rs_3m"":{""value"":-0.24732803934085468,""score"":0},""T6_adr_healthy"":{""value"":5.761988463207512,""score"":100.0},""_score"":47.59},""geometry"":{""sub_contraction_count"":100.0,""sub_reduction_rate"":23.4,""sub_pivot_tightness"":0,""sub_volume_dryup"":0,""sub_base_depth"":33.5,""sub_base_duration"":100.0,""_score"":44.2},""compression"":{""VC1_atr_ratio"":{""value"":0.9794973522699082,""score"":5.125661932522951},""VC2_range_contraction"":{""value"":1.5611290809086869,""score"":0},""VC3_range_pct_rank"":{""score"":50.83333333333333},""_score"":14.76},""sr_quality"":{""SR1_touches"":{""value"":2,""score"":25.0},""SR2_tightness"":{""value"":0.10749999999999993,""score"":74.11865864144454},""SR3_recency"":{""value"":277,""score"":0.0},""SR4_price_location"":{""score"":2.36530880420499},""SR5_reaction"":{""value"":2.3172828890799675,""score"":100},""_score"":34.21,""_levels_found"":5,""_target_level"":11.3825},""volume"":{""V1_rvol_day"":{""value"":0.8483365066216684,""score"":23.222433774777894},""V2_rvol_sameslot"":{""value"":1.0772626691919691,""score"":38.484177946131275,""status"":""ok""},""V3_breakout_bar"":{""value"":0.6515299673007958,""score"":10.101997820053054},""V4_base_dryup"":{""value"":0.998818624794109,""score"":50.1181375205891},""V5_bo_expansion"":{""value"":0.8483365066216684,""score"":0},""_score"":24.89},""readiness"":{""_distance_atr"":-0.187,""BR1_atr_distance"":{""score"":100.0},""BR2_compression"":{""score"":5.9557318120798675},""BR3_retest"":{""score"":50.0},""BR4_bo_age"":{""score"":50.0},""_score"":58.99},""risk"":{""R1_stop_clarity"":{""score"":71.03697334479786},""R2_stop_distance_pct"":{""value"":17.063517060367463,""score"":0.0},""R3_stop_distance_atr"":{""value"":1.9565090283748945,""score"":100.0},""R4_rr_potential"":{""value"":2.759490555589735,""score"":87.97452777948675},""_score"":57.46},""market"":{""M1_spy_regime"":{""score"":100.0},""M3_earnings_risk"":{""value"":null,""score"":80.0},""M4_vix"":{""value"":null,""score"":60.0},""_score"":84.0},""liquidity"":{""L1_price"":{""value"":9.525,""score"":99.7625},""L2_dollar_vol"":{""value"":82788039.6335337,""score"":95.89837994531231},""L3_spread_proxy"":{""value"":0.05249343832020997,""score"":47.506561679790025},""L4_volume_zscore"":{""value"":-0.11567132145494445,""score"":100.0},""_score"":93.05},""pattern_structure"":{""n_contractions"":5,""contractions_pct"":[26.54,16.5,13.76,11.85,14.41],""descending_strict"":false,""final_low"":8.02,""final_pivot"":9.37,""structural_low"":8.02,""dry_up_ratio"":3.0226020786363295,""current_price"":9.525,""neckline_distance_pct"":-0.01627296587926521,""base_bars"":46},""pattern_geometry_features"":{""contraction_count"":5.0,""first_contraction_pct"":0.2654028436018957,""last_contraction_pct"":0.14407684098185697,""dry_up_ratio"":3.0226020786363295,""near_monotone"":0.0,""base_depth_pct"":0.36650868878357035},""_schema_version"":""1.0""}",,,,,,,,,,
20260522T181904Z-97bb42,2026-05-22T18:19:04.835948+00:00,SRAD,vcp,forming,43.99,5.8,51.1,88.7,42.8,6.0,17.5,71.6,84.0,78.6,0.87,12.78,10.64,5.14,0.78,1.23,3.58,5.04,3.93,False,,13.02,14.4399,11.8397,22.0899,"{""trend"":{""T1_ema_stack"":{""value"":[false,false,false],""score"":0.0},""T2_ema50_slope"":{""value"":-0.9200969646935715,""score"":0},""T3_high_proximity"":{""value"":0.6612493651599797,""score"":0},""T4_rs_1m"":{""value"":-0.04590269947330139,""score"":4.097300526698611},""T5_rs_3m"":{""value"":-0.33720321249538143,""score"":0},""T6_adr_healthy"":{""value"":5.788585797183768,""score"":100.0},""_score"":5.82},""geometry"":{""sub_contraction_count"":100.0,""sub_reduction_rate"":0,""sub_pivot_tightness"":0,""sub_volume_dryup"":100,""sub_base_depth"":11.1,""sub_base_duration"":100.0,""_score"":51.11},""compression"":{""VC1_atr_ratio"":{""value"":0.22784357900339391,""score"":100},""VC2_range_contraction"":{""value"":0.4656932314909494,""score"":89.05112808484176},""VC3_range_pct_rank"":{""score"":70.0},""_score"":88.67},""sr_quality"":{""SR1_touches"":{""value"":2,""score"":25.0},""SR2_tightness"":{""value"":0.13004999999999978,""score"":57.985462097611716},""SR3_recency"":{""value"":236,""score"":0.0},""SR4_price_location"":{""score"":46.46021520233509},""SR5_reaction"":{""value"":5.120491519556939,""score"":100},""_score"":42.81,""_levels_found"":5,""_target_level"":14.5699},""volume"":{""V1_rvol_day"":{""value"":0.25121894178569776,""score"":0},""V2_rvol_sameslot"":{""value"":0.5078256303015763,""score"":0.5217086867717564,""status"":""ok""},""V3_breakout_bar"":{""value"":0.7377458672876973,""score"":15.849724485846487},""V4_base_dryup"":{""value"":1.4029325122780774,""score"":9.70674877219227},""V5_bo_expansion"":{""value"":0.2512189417856977,""score"":0},""_score"":6.01},""readiness"":{""_distance_atr"":2.294,""BR1_atr_distance"":{""score"":0},""BR2_compression"":{""score"":0},""BR3_retest"":{""score"":50.0},""BR4_bo_age"":{""score"":50.0},""_score"":17.5},""risk"":{""R1_stop_clarity"":{""score"":41.75147109726526},""R2_stop_distance_pct"":{""value"":9.06528417818741,""score"":73.36789554531475},""R3_stop_distance_atr"":{""value"":1.9065651321103039,""score"":100.0},""R4_rr_potential"":{""value"":7.684402270609162,""score"":100.0},""_score"":71.62},""market"":{""M1_spy_regime"":{""score"":100.0},""M3_earnings_risk"":{""value"":null,""score"":80.0},""M4_vix"":{""value"":null,""score"":60.0},""_score"":84.0},""liquidity"":{""L1_price"":{""value"":13.02,""score"":100.0},""L2_dollar_vol"":{""value"":12376460.132742299,""score"":54.629822360826765},""L3_spread_proxy"":{""value"":0.032258064516129024,""score"":67.74193548387098},""L4_volume_zscore"":{""value"":-1.2606299036643696,""score"":100.0},""_score"":78.63},""pattern_structure"":{""n_contractions"":5,""contractions_pct"":[15.1,20.14,15.61,37.22,16.76],""descending_strict"":false,""final_low"":12.02,""final_pivot"":14.4399,""structural_low"":12.02,""dry_up_ratio"":0.43988756840694243,""current_price"":13.02,""neckline_distance_pct"":0.10905529953917052,""base_bars"":51},""pattern_geometry_features"":{""contraction_count"":5.0,""first_contraction_pct"":0.15099135739705147,""last_contraction_pct"":0.1675842630489131,""dry_up_ratio"":0.43988756840694243,""near_monotone"":0.0,""base_depth_pct"":0.3889171326893748},""_schema_version"":""1.0""}",,,,,,,,,,
20260522T181904Z-97bb42,2026-05-22T18:19:04.835948+00:00,PEGA,double_bottom,absent,43.94,5.0,44.4,64.1,56.3,18.6,42.9,67.2,84.0,83.0,0.75,11.1,5.13,7.89,2.42,3.43,4.03,5.04,4.15,False,,34.205,35.49,32.4285,38.0577,"{""trend"":{""T1_ema_stack"":{""value"":[false,false,false],""score"":0.0},""T2_ema50_slope"":{""value"":-0.6641498409829516,""score"":0},""T3_high_proximity"":{""value"":0.7231501057082452,""score"":0},""T4_rs_1m"":{""value"":-0.08485041512561875,""score"":0},""T5_rs_3m"":{""value"":-0.280709813386673,""score"":0},""T6_adr_healthy"":{""value"":4.618681627101159,""score"":100.0},""_score"":5.0},""geometry"":{""sub_low_similarity"":35.3,""sub_bounce_quality"":68.6,""sub_separation_fit"":13.3,""sub_right_bottom_reaction"":80.6,""sub_base_context"":30.0,""_score"":44.39},""compression"":{""VC1_atr_ratio"":{""value"":0.2580000380210579,""score"":100},""VC2_range_contraction"":{""value"":0.8942322500702309,""score"":17.62795832162819},""VC3_range_pct_rank"":{""score"":71.66666666666667},""_score"":64.09},""sr_quality"":{""SR1_touches"":{""value"":2,""score"":25.0},""SR2_tightness"":{""value"":0.2375000000000007,""score"":70.36898412401352},""SR3_recency"":{""value"":242,""score"":0.0},""SR4_price_location"":{""score"":93.1224852624683},""SR5_reaction"":{""value"":2.2316833536071856,""score"":100},""_score"":56.34,""_levels_found"":7,""_target_level"":34.5725},""volume"":{""V1_rvol_day"":{""value"":0.33029995650337557,""score"":0},""V2_rvol_sameslot"":{""value"":0.7005279065627888,""score"":13.368527104185922,""status"":""ok""},""V3_breakout_bar"":{""value"":0.6086940621880729,""score"":7.246270812538191},""V4_base_dryup"":{""value"":0.7942389388587312,""score"":70.57610611412687},""V5_bo_expansion"":{""value"":0.33029995650337546,""score"":0},""_score"":18.6},""readiness"":{""_distance_atr"":0.802,""BR1_atr_distance"":{""score"":46.560202946466504},""BR2_compression"":{""score"":27.221273974212444},""BR3_retest"":{""score"":50.0},""BR4_bo_age"":{""score"":50.0},""_score"":42.93},""risk"":{""R1_stop_clarity"":{""score"":38.38813511743262},""R2_stop_distance_pct"":{""value"":5.193785996199377,""score"":100.0},""R3_stop_distance_atr"":{""value"":1.1082215152365777,""score"":80.41107576182888},""R4_rr_potential"":{""value"":2.168660389088989,""score"":58.43301945444945},""_score"":67.18},""market"":{""M1_spy_regime"":{""score"":100.0},""M3_earnings_risk"":{""value"":null,""score"":80.0},""M4_vix"":{""value"":null,""score"":60.0},""_score"":84.0},""liquidity"":{""L1_price"":{""value"":34.205,""score"":100.0},""L2_dollar_vol"":{""value"":21150131.78357905,""score"":66.26565388745114},""L3_spread_proxy"":{""value"":0.034644057886274005,""score"":65.355942113726},""L4_volume_zscore"":{""value"":-2.9663945982859006,""score"":100.0},""_score"":83.04},""pattern_structure"":{""left_low"":34.005,""left_idx"":27,""right_low"":32.9223,""right_idx"":70,""separation_bars"":43,""structural_low"":32.9223,""current_price"":34.47,""neckline_distance_pct"":0.02959094865100096,""base_bars"":43},""pattern_geometry_features"":{""low_similarity_pct"":0.03235451004298702,""bounce_pct"":0.07799272833307522,""right_bottom_reaction"":0.8058150519575918,""atr_pct"":0.04686595526969744},""_schema_version"":""1.0""}",,,,,,,,,,
20260522T181904Z-97bb42,2026-05-22T18:19:04.835948+00:00,NOW,vcp,setup,43.54,35.2,42.5,46.2,52.0,11.6,33.3,44.6,84.0,94.9,5.28,10.61,5.55,6.24,1.5,2.33,2.23,5.04,4.75,False,,101.365,95.62,84.1584,136.85,"{""trend"":{""T1_ema_stack"":{""value"":[true,false,false],""score"":33.33333333333333},""T2_ema50_slope"":{""value"":-0.33807619708454467,""score"":0},""T3_high_proximity"":{""value"":0.8152243847514878,""score"":7.6121923757438985},""T4_rs_1m"":{""value"":0.14041894286226486,""score"":100},""T5_rs_3m"":{""value"":-0.08989741311292221,""score"":5.051293443538896},""T6_adr_healthy"":{""value"":4.79978003409862,""score"":100.0},""_score"":35.23},""geometry"":{""sub_contraction_count"":100.0,""sub_reduction_rate"":0,""sub_pivot_tightness"":0,""sub_volume_dryup"":0,""sub_base_depth"":74.5,""sub_base_duration"":100.0,""_score"":42.45},""compression"":{""VC1_atr_ratio"":{""value"":0.5949266176229201,""score"":100},""VC2_range_contraction"":{""value"":1.2034459319488577,""score"":0},""VC3_range_pct_rank"":{""score"":25.0},""_score"":46.25},""sr_quality"":{""SR1_touches"":{""value"":3,""score"":50.0},""SR2_tightness"":{""value"":0.8493657764604252,""score"":69.74546639380121},""SR3_recency"":{""value"":248,""score"":0.0},""SR4_price_location"":{""score"":46.084531216477046},""SR5_reaction"":{""value"":3.2580560898577566,""score"":100},""_score"":51.98,""_levels_found"":5,""_target_level"":105.5533},""volume"":{""V1_rvol_day"":{""value"":0.6502705495300498,""score"":10.018036635336653},""V2_rvol_sameslot"":{""value"":0.767780058570266,""score"":17.8520039046844,""status"":""ok""},""V3_breakout_bar"":{""value"":0.5343040302473526,""score"":2.2869353498235085},""V4_base_dryup"":{""value"":1.228589130355711,""score"":27.141086964428894},""V5_bo_expansion"":{""value"":0.6502705495300498,""score"":0},""_score"":11.57},""readiness"":{""_distance_atr"":-1.023,""BR1_atr_distance"":{""score"":39.53622568924988},""BR2_compression"":{""score"":0},""BR3_retest"":{""score"":50.0},""BR4_bo_age"":{""score"":50.0},""_score"":33.31},""risk"":{""R1_stop_clarity"":{""score"":54.34921991878617},""R2_stop_distance_pct"":{""value"":16.974892714447783,""score"":0.0},""R3_stop_distance_atr"":{""value"":3.0645080857733116,""score"":100.0},""R4_rr_potential"":{""value"":2.0622900514918716,""score"":53.11450257459358},""_score"":44.65},""market"":{""M1_spy_regime"":{""score"":100.0},""M3_earnings_risk"":{""value"":null,""score"":80.0},""M4_vix"":{""value"":null,""score"":60.0},""_score"":84.0},""liquidity"":{""L1_price"":{""value"":101.365,""score"":100.0},""L2_dollar_vol"":{""value"":1795924486.8332748,""score"":100.0},""L3_spread_proxy"":{""value"":0.05087752182706066,""score"":49.12247817293934},""L4_volume_zscore"":{""value"":-0.9572633298541137,""score"":100.0},""_score"":94.91},""pattern_structure"":{""n_contractions"":5,""contractions_pct"":[11.81,17.35,23.05,20.02,10.65],""descending_strict"":false,""final_low"":85.44,""final_pivot"":95.62,""structural_low"":85.44,""dry_up_ratio"":1.089411654529437,""current_price"":101.365,""neckline_distance_pct"":-0.0566763675824988,""base_bars"":47},""pattern_geometry_features"":{""contraction_count"":5.0,""first_contraction_pct"":0.118102155206442,""last_contraction_pct"":0.10646308303702161,""dry_up_ratio"":1.089411654529437,""near_monotone"":0.0,""base_depth_pct"":0.3254914344359359},""_schema_version"":""1.0""}",,,,,,,,,,
20260522T181904Z-97bb42,2026-05-22T18:19:04.835948+00:00,CLBT,vcp,absent,43.3,25.9,45.0,48.5,61.8,9.5,31.7,52.2,84.0,76.2,3.89,11.25,5.82,7.42,1.24,2.22,2.61,5.04,3.81,False,,13.05,14.005,11.3718,17.925,"{""trend"":{""T1_ema_stack"":{""value"":[false,false,false],""score"":0.0},""T2_ema50_slope"":{""value"":-0.13042766055850816,""score"":28.262056573581972},""T3_high_proximity"":{""value"":0.8529411764705882,""score"":26.47058823529408},""T4_rs_1m"":{""value"":-0.03006755451267007,""score"":19.93244548732993},""T5_rs_3m"":{""value"":-0.0025377477224777234,""score"":48.73112613876114},""T6_adr_healthy"":{""value"":4.7718920719121485,""score"":100.0},""_score"":25.92},""geometry"":{""sub_contraction_count"":100.0,""sub_reduction_rate"":0,""sub_pivot_tightness"":0,""sub_volume_dryup"":0,""sub_base_depth"":100.0,""sub_base_duration"":100.0,""_score"":45.0},""compression"":{""VC1_atr_ratio"":{""value"":0.5548705562248724,""score"":100},""VC2_range_contraction"":{""value"":1.4937371121153333,""score"":0},""VC3_range_pct_rank"":{""score"":34.166666666666664},""_score"":48.54},""sr_quality"":{""SR1_touches"":{""value"":3,""score"":50.0},""SR2_tightness"":{""value"":0.1736375535418531,""score"":51.83472029034897},""SR3_recency"":{""value"":264,""score"":0.0},""SR4_price_location"":{""score"":96.09374999999996},""SR5_reaction"":{""value"":2.3763056306819488,""score"":100},""_score"":61.8,""_levels_found"":8,""_target_level"":13.075},""volume"":{""V1_rvol_day"":{""value"":0.36434128113546166,""score"":0},""V2_rvol_sameslot"":{""value"":0.45637981001527894,""score"":0,""status"":""ok""},""V3_breakout_bar"":{""value"":0.6046890756397246,""score"":6.979271709314975},""V4_base_dryup"":{""value"":1.1122248004362703,""score"":38.77751995637298},""V5_bo_expansion"":{""value"":0.3643412811354616,""score"":0},""_score"":9.5},""readiness"":{""_distance_atr"":1.325,""BR1_atr_distance"":{""score"":11.697592322908136},""BR2_compression"":{""score"":38.095949676418314},""BR3_retest"":{""score"":50.0},""BR4_bo_age"":{""score"":50.0},""_score"":31.7},""risk"":{""R1_stop_clarity"":{""score"":51.96302790739132},""R2_stop_distance_pct"":{""value"":12.859578544061312,""score"":0.0},""R3_stop_distance_atr"":{""value"":2.3275428220445615,""score"":100.0},""R4_rr_potential"":{""value"":2.9049413797726675,""score"":95.24706898863337},""_score"":52.24},""market"":{""M1_spy_regime"":{""score"":100.0},""M3_earnings_risk"":{""value"":null,""score"":80.0},""M4_vix"":{""value"":null,""score"":60.0},""_score"":84.0},""liquidity"":{""L1_price"":{""value"":13.05,""score"":100.0},""L2_dollar_vol"":{""value"":11029342.10397705,""score"":52.12748038568211},""L3_spread_proxy"":{""value"":0.045977011494252845,""score"":54.02298850574716},""L4_volume_zscore"":{""value"":-1.0248355125822772,""score"":100.0},""_score"":76.25},""pattern_structure"":{""n_contractions"":5,""contractions_pct"":[8.12,13.7,25.44,9.72,17.57],""descending_strict"":false,""final_low"":11.545,""final_pivot"":14.005,""structural_low"":11.545,""dry_up_ratio"":1.5629823452365255,""current_price"":13.05,""neckline_distance_pct"":0.07318007662835249,""base_bars"":48},""pattern_geometry_features"":{""contraction_count"":5.0,""first_contraction_pct"":0.08115098609763977,""last_contraction_pct"":0.17565155301677976,""dry_up_ratio"":1.5629823452365255,""near_monotone"":0.0,""base_depth_pct"":0.2534755900420304},""_schema_version"":""1.0""}",,,,,,,,,,
20260522T181904Z-97bb42,2026-05-22T18:19:04.835948+00:00,HUBS,bull_flag,absent,43.27,5.0,47.5,55.0,66.5,17.3,22.4,82.0,84.0,95.5,0.7,14.26,4.95,6.65,2.42,2.02,2.46,5.04,4.77,False,,200.53,225.58,189.3072,277.91,"{""trend"":{""T1_ema_stack"":{""value"":[false,false,false],""score"":0.0},""T2_ema50_slope"":{""value"":-0.5611494061623316,""score"":0},""T3_high_proximity"":{""value"":0.6761869436201781,""score"":0},""T4_rs_1m"":{""value"":-0.12116058889092562,""score"":0},""T5_rs_3m"":{""value"":-0.17293172164065174,""score"":0},""T6_adr_healthy"":{""value"":6.092402550567536,""score"":100.0},""_score"":5.0},""geometry"":{""sub_pole_impulse"":62.3,""sub_flag_tightness"":27.6,""sub_flag_shallowness"":2.0,""sub_flag_drift"":85.2,""sub_flag_duration"":87.5,""_score"":47.52},""compression"":{""VC1_atr_ratio"":{""value"":0.3864958975762315,""score"":100},""VC2_range_contraction"":{""value"":1.1720210355397225,""score"":0},""VC3_range_pct_rank"":{""score"":60.0},""_score"":55.0},""sr_quality"":{""SR1_touches"":{""value"":4,""score"":75.0},""SR2_tightness"":{""value"":3.79975883280768,""score"":56.18590244706764},""SR3_recency"":{""value"":241,""score"":0.0},""SR4_price_location"":{""score"":82.21308592720473},""SR5_reaction"":{""value"":2.5435640253544873,""score"":100},""_score"":66.48,""_levels_found"":5,""_target_level"":210.8137},""volume"":{""V1_rvol_day"":{""value"":0.35110522869726196,""score"":0},""V2_rvol_sameslot"":{""value"":1.0573122846787628,""score"":37.15415231191752,""status"":""ok""},""V3_breakout_bar"":{""value"":0.7779610619513552,""score"":18.530737463423677},""V4_base_dryup"":{""value"":1.2375121585233877,""score"":26.248784147661226},""V5_bo_expansion"":{""value"":0.3511052286972621,""score"":0},""_score"":17.31},""readiness"":{""_distance_atr"":1.444,""BR1_atr_distance"":{""score"":3.718175109377455},""BR2_compression"":{""score"":13.662832777310472},""BR3_retest"":{""score"":50.0},""BR4_bo_age"":{""score"":50.0},""_score"":22.4},""risk"":{""R1_stop_clarity"":{""score"":66.75855582204429},""R2_stop_distance_pct"":{""value"":5.596594025831544,""score"":100.0},""R3_stop_distance_atr"":{""value"":0.6470398074692948,""score"":57.351990373464744},""R4_rr_potential"":{""value"":6.894861822086196,""score"":100.0},""_score"":81.97},""market"":{""M1_spy_regime"":{""score"":100.0},""M3_earnings_risk"":{""value"":null,""score"":80.0},""M4_vix"":{""value"":null,""score"":60.0},""_score"":84.0},""liquidity"":{""L1_price"":{""value"":200.53,""score"":100.0},""L2_dollar_vol"":{""value"":138971252.2750774,""score"":100.0},""L3_spread_proxy"":{""value"":0.04550441330474243,""score"":54.495586695257565},""L4_volume_zscore"":{""value"":-0.97993415033957,""score"":100.0},""_score"":95.45},""pattern_structure"":{""pole_low"":173.25,""pole_low_idx"":14,""peak_price"":225.58,""peak_idx"":38,""pole_gain"":0.3020490620490621,""flag_bars"":21,""flag_low"":192.19,""flag_high"":221.79,""structural_low"":192.19,""current_price"":201.595,""neckline_distance_pct"":0.11897616508345948,""base_bars"":21},""pattern_geometry_features"":{""pole_gain"":0.3020490620490621,""pullback_pct"":0.14801844135118367,""flag_range_pct"":0.13121730649880306,""flag_drift_per_bar"":-0.0029693067913261852,""atr_pct"":0.0864953587279424,""pole_atr_multiple"":3.4920840434815714},""_schema_version"":""1.0""}",,,,,,,,,,
20260522T181904Z-97bb42,2026-05-22T18:19:04.835948+00:00,KVYO,double_bottom,absent,43.23,5.0,43.5,59.1,58.2,8.0,42.4,80.5,84.0,88.7,0.75,10.87,4.73,8.14,1.04,3.39,4.83,5.04,4.44,False,,14.76,15.74,14.3024,16.9598,"{""trend"":{""T1_ema_stack"":{""value"":[false,false,false],""score"":0.0},""T2_ema50_slope"":{""value"":-0.6729023871201927,""score"":0},""T3_high_proximity"":{""value"":0.6326618088298329,""score"":0},""T4_rs_1m"":{""value"":-0.2684246412593876,""score"":0},""T5_rs_3m"":{""value"":-0.16603153909748902,""score"":0},""T6_adr_healthy"":{""value"":5.980432514485832,""score"":100.0},""_score"":5.0},""geometry"":{""sub_low_similarity"":41.7,""sub_bounce_quality"":77.2,""sub_separation_fit"":0.0,""sub_right_bottom_reaction"":63.5,""sub_base_context"":30.0,""_score"":43.48},""compression"":{""VC1_atr_ratio"":{""value"":0.22944439763778726,""score"":100},""VC2_range_contraction"":{""value"":0.9078331776726345,""score"":15.361137054560919},""VC3_range_pct_rank"":{""score"":55.00000000000001},""_score"":59.13},""sr_quality"":{""SR1_touches"":{""value"":3,""score"":50.0},""SR2_tightness"":{""value"":0.32221455929585635,""score"":54.703112035727486},""SR3_recency"":{""value"":228,""score"":0.0},""SR4_price_location"":{""score"":79.82678549014685},""SR5_reaction"":{""value"":2.5497677921425876,""score"":100},""_score"":58.16,""_levels_found"":8,""_target_level"":15.7167},""volume"":{""V1_rvol_day"":{""value"":0.39501919393910007,""score"":0},""V2_rvol_sameslot"":{""value"":0.6342472520202102,""score"":8.949816801347342,""status"":""ok""},""V3_breakout_bar"":{""value"":0.5176154841281299,""score"":1.1743656085419905},""V4_base_dryup"":{""value"":1.203793143262716,""score"":29.620685673728403},""V5_bo_expansion"":{""value"":0.39501919393910007,""score"":0},""_score"":8.01},""readiness"":{""_distance_atr"":0.689,""BR1_atr_distance"":{""score"":54.0772352621229},""BR2_compression"":{""score"":13.112611223330628},""BR3_retest"":{""score"":50.0},""BR4_bo_age"":{""score"":50.0},""_score"":42.41},""risk"":{""R1_stop_clarity"":{""score"":69.38127777080456},""R2_stop_distance_pct"":{""value"":3.1002913279132716,""score"":100.0},""R3_stop_distance_atr"":{""value"":0.3216489017195926,""score"":41.08244508597962},""R4_rr_potential"":{""value"":4.807223728865429,""score"":100.0},""_score"":80.45},""market"":{""M1_spy_regime"":{""score"":100.0},""M3_earnings_risk"":{""value"":null,""score"":80.0},""M4_vix"":{""value"":null,""score"":60.0},""_score"":84.0},""liquidity"":{""L1_price"":{""value"":14.76,""score"":100.0},""L2_dollar_vol"":{""value"":49279940.62568784,""score"":84.63350879512399},""L3_spread_proxy"":{""value"":0.05115176151761511,""score"":48.84823848238489},""L4_volume_zscore"":{""value"":-1.1285831355691858,""score"":100.0},""_score"":88.74},""pattern_structure"":{""left_low"":14.95,""left_idx"":20,""right_low"":14.5202,""right_idx"":70,""separation_bars"":50,""structural_low"":14.5202,""current_price"":14.8199,""neckline_distance_pct"":0.06208543917300385,""base_bars"":50},""pattern_geometry_features"":{""low_similarity_pct"":0.029168448127260653,""bounce_pct"":0.08400710734011924,""right_bottom_reaction"":0.6349378042184968,""atr_pct"":0.09638743708865659},""_schema_version"":""1.0""}",,,,,,,,,,
20260522T181904Z-97bb42,2026-05-22T18:19:04.835948+00:00,BETA,inverse_head_shoulders,retest_hold,43.11,33.6,35.1,52.3,57.4,13.6,57.5,38.4,84.0,80.0,4.03,9.84,4.18,8.04,1.9,4.6,2.31,4.2,4.0,False,,16.57,16.22,14.0953,18.13,"{""trend"":{""T1_ema_stack"":{""value"":[true,false,false],""score"":33.33333333333333},""T2_ema50_slope"":{""value"":-0.1411867872392157,""score"":26.468868793464047},""T3_high_proximity"":{""value"":0.7681965693092258,""score"":0},""T4_rs_1m"":{""value"":0.02497750428037504,""score"":74.97750428037504},""T5_rs_3m"":{""value"":-0.18305763792237606,""score"":0},""T6_adr_healthy"":{""value"":7.022441750053988,""score"":100.0},""_score"":33.62},""geometry"":{""sub_head_depth"":66.0,""sub_shoulder_price_sym"":16.7,""sub_shoulder_time_sym"":0,""sub_right_shoulder_reaction"":62.2,""sub_base_context"":30.0,""_score"":35.15},""compression"":{""VC1_atr_ratio"":{""value"":0.6042942667761446,""score"":98.92643330596384},""VC2_range_contraction"":{""value"":1.195737540163661,""score"":0},""VC3_range_pct_rank"":{""score"":50.83333333333333},""_score"":52.28},""sr_quality"":{""SR1_touches"":{""value"":2,""score"":25.0},""SR2_tightness"":{""value"":0.21000000000000085,""score"":67.69775825189045},""SR3_recency"":{""value"":50,""score"":66.66666666666666},""SR4_price_location"":{""score"":71.02803738317756},""SR5_reaction"":{""value"":1.5997300675254182,""score"":79.98650337627092},""_score"":57.41,""_levels_found"":6,""_target_level"":17.5},""volume"":{""V1_rvol_day"":{""value"":0.7743032345314623,""score"":18.28688230209749},""V2_rvol_sameslot"":{""value"":0.9283917505857238,""score"":28.55945003904825,""status"":""ok""},""V3_breakout_bar"":{""value"":0.7535711923339002,""score"":16.90474615559335},""V4_base_dryup"":{""value"":1.5903819204248266,""score"":0},""V5_bo_expansion"":{""value"":0.7743032345314623,""score"":0},""_score"":13.6},""readiness"":{""_distance_atr"":-0.269,""BR1_atr_distance"":{""score"":100.0},""BR2_compression"":{""score"":0},""BR3_retest"":{""score"":50.0},""BR4_bo_age"":{""score"":50.0},""_score"":57.5},""risk"":{""R1_stop_clarity"":{""score"":66.98249432746806},""R2_stop_distance_pct"":{""value"":14.934520217260111,""score"":0.0},""R3_stop_distance_atr"":{""value"":1.9032557748085472,""score"":100.0},""R4_rr_potential"":{""value"":0.6303921766714464,""score"":0.0},""_score"":38.44},""market"":{""M1_spy_regime"":{""score"":100.0},""M3_earnings_risk"":{""value"":null,""score"":80.0},""M4_vix"":{""value"":null,""score"":60.0},""_score"":84.0},""liquidity"":{""L1_price"":{""value"":16.57,""score"":100.0},""L2_dollar_vol"":{""value"":23455529.80381167,""score"":68.51226235291024},""L3_spread_proxy"":{""value"":0.07362703681351855,""score"":26.372963186481442},""L4_volume_zscore"":{""value"":-0.5450004768393298,""score"":100.0},""_score"":80.04},""pattern_structure"":{""left_shoulder"":15.5,""left_shoulder_idx"":66,""head"":14.31,""head_idx"":78,""right_shoulder"":14.5,""right_shoulder_idx"":84,""left_to_head_bars"":12,""head_to_right_bars"":6,""structural_low"":14.31,""current_price"":17.02,""neckline_distance_pct"":-0.04700352526439487,""base_bars"":18},""pattern_geometry_features"":{""head_depth_pct"":0.045999999999999965,""shoulder_price_asymmetry"":0.06666666666666667,""shoulder_time_asymmetry"":0.5,""right_shoulder_reaction"":0.6218674586968639,""atr_pct"":0.07846827743771016},""_schema_version"":""1.0""}",,,,,,,,,,
20260522T181904Z-97bb42,2026-05-22T18:19:04.835948+00:00,KTOS,ascending_triangle,absent,43.09,5.0,47.9,66.9,41.5,13.9,46.3,65.6,84.0,94.8,0.75,13.4,5.35,5.82,1.67,3.71,2.62,5.04,4.74,False,,55.37,56.75,51.8603,60.85,"{""trend"":{""T1_ema_stack"":{""value"":[false,false,false],""score"":0.0},""T2_ema50_slope"":{""value"":-1.113465531299405,""score"":0},""T3_high_proximity"":{""value"":0.5809463854789634,""score"":0},""T4_rs_1m"":{""value"":-0.21011955496922663,""score"":0},""T5_rs_3m"":{""value"":-0.5083962204487431,""score"":0},""T6_adr_healthy"":{""value"":5.225148703217973,""score"":100.0},""_score"":5.0},""geometry"":{""sub_flat_top_quality"":33.3,""sub_hl_slope"":33.2,""sub_compression"":51.6,""sub_duration"":100.0,""_score"":47.85},""compression"":{""VC1_atr_ratio"":{""value"":0.4415876087723721,""score"":100},""VC2_range_contraction"":{""value"":0.8998730717032132,""score"":16.687821382797804},""VC3_range_pct_rank"":{""score"":84.16666666666667},""_score"":66.88},""sr_quality"":{""SR1_touches"":{""value"":2,""score"":25.0},""SR2_tightness"":{""value"":0.14499999999999602,""score"":91.19019203645462},""SR3_recency"":{""value"":239,""score"":0.0},""SR4_price_location"":{""score"":21.486383855918405},""SR5_reaction"":{""value"":3.7548009113594425,""score"":100},""_score"":41.55,""_levels_found"":4,""_target_level"":63.985},""volume"":{""V1_rvol_day"":{""value"":0.3834860769216301,""score"":0},""V2_rvol_sameslot"":{""value"":0.5433750754855331,""score"":2.89167169903554,""status"":""ok""},""V3_breakout_bar"":{""value"":0.5340706262863176,""score"":2.2713750857545083},""V4_base_dryup"":{""value"":0.8617555938956573,""score"":63.82444061043427},""V5_bo_expansion"":{""value"":0.3834860769216301,""score"":0},""_score"":13.91},""readiness"":{""_distance_atr"":0.419,""BR1_atr_distance"":{""score"":72.05164370185523},""BR2_compression"":{""score"":0},""BR3_retest"":{""score"":50.0},""BR4_bo_age"":{""score"":50.0},""_score"":46.32},""risk"":{""R1_stop_clarity"":{""score"":52.01692524682665},""R2_stop_distance_pct"":{""value"":6.338721329239655,""score"":100.0},""R3_stop_distance_atr"":{""value"":1.0662146034501452,""score"":78.31073017250726},""R4_rr_potential"":{""value"":1.5613647695704849,""score"":28.068238478524243},""_score"":65.57},""market"":{""M1_spy_regime"":{""score"":100.0},""M3_earnings_risk"":{""value"":null,""score"":80.0},""M4_vix"":{""value"":null,""score"":60.0},""_score"":84.0},""liquidity"":{""L1_price"":{""value"":55.37,""score"":100.0},""L2_dollar_vol"":{""value"":88183136.30547805,""score"":97.26927704019937},""L3_spread_proxy"":{""value"":0.041358136174823895,""score"":58.6418638251761},""L4_volume_zscore"":{""value"":-1.506127236887997,""score"":100.0},""_score"":94.77},""pattern_structure"":{""top"":56.75,""top_touches"":2,""low_slope_per_bar"":0.05237887860642319,""lowest_low"":52.65,""structural_low"":52.65,""current_price"":55.62,""neckline_distance_pct"":0.020316432937792207,""base_bars"":35},""pattern_geometry_features"":{""top_touches"":2.0,""low_slope"":0.05237887860642319,""compression"":0.2577515171967004,""atr_pct"":0.059450708222606376},""_schema_version"":""1.0""}",,,,,,,,,,
20260522T181904Z-97bb42,2026-05-22T18:19:04.835948+00:00,PCTY,breakout_retest_hold,setup,42.96,59.6,22.2,55.4,40.7,18.4,46.8,63.5,84.0,84.2,8.35,4.88,3.33,5.7,2.39,8.41,3.18,4.2,2.53,False,,111.79,106.83,105.5934,107.17,"{""trend"":{""T1_ema_stack"":{""value"":[true,false,false],""score"":33.33333333333333},""T2_ema50_slope"":{""value"":-0.032531216339392315,""score"":44.57813061010128},""T3_high_proximity"":{""value"":0.9308076602830975,""score"":65.40383014154871},""T4_rs_1m"":{""value"":0.06180136982939599,""score"":100},""T5_rs_3m"":{""value"":0.0010153290887484623,""score"":50.50766454437423},""T6_adr_healthy"":{""value"":4.4666917185066595,""score"":100.0},""_score"":59.64},""geometry"":{""sub_retest_depth"":73.9,""sub_retest_timing"":0.0,""sub_retest_freshness"":0.0,""sub_hold_quality"":0.0,""_score"":22.17},""compression"":{""VC1_atr_ratio"":{""value"":0.3971990684228674,""score"":100},""VC2_range_contraction"":{""value"":1.0316711526689544,""score"":0},""VC3_range_pct_rank"":{""score"":61.66666666666667},""_score"":55.42},""sr_quality"":{""SR1_touches"":{""value"":2,""score"":25.0},""SR2_tightness"":{""value"":0.5949999999999989,""score"":77.83463252188936},""SR3_recency"":{""value"":235,""score"":0.0},""SR4_price_location"":{""score"":26.106920301738523},""SR5_reaction"":{""value"":2.205351619096275,""score"":100},""_score"":40.7,""_levels_found"":6,""_target_level"":115.545},""volume"":{""V1_rvol_day"":{""value"":0.23991342712231542,""score"":0},""V2_rvol_sameslot"":{""value"":0.5296707203255588,""score"":1.9780480217039227,""status"":""ok""},""V3_breakout_bar"":{""value"":0.7886866858393679,""score"":19.245779055957858},""V4_base_dryup"":{""value"":0.8394275872910497,""score"":66.05724127089502},""V5_bo_expansion"":{""value"":0.23991342712231542,""score"":0},""_score"":18.42},""readiness"":{""_distance_atr"":-0.924,""BR1_atr_distance"":{""score"":41.52265164849929},""BR2_compression"":{""score"":23.841009504632122},""BR3_retest"":{""score"":98.41675946584922},""BR4_bo_age"":{""score"":30.0},""_score"":46.75},""risk"":{""R1_stop_clarity"":{""score"":60.266250500583645},""R2_stop_distance_pct"":{""value"":5.543071831111909,""score"":100.0},""R3_stop_distance_atr"":{""value"":1.1542009757551326,""score"":82.71004878775663},""R4_rr_potential"":{""value"":-0.745570151373334,""score"":0.0},""_score"":63.5},""market"":{""M1_spy_regime"":{""score"":100.0},""M3_earnings_risk"":{""value"":null,""score"":80.0},""M4_vix"":{""value"":null,""score"":60.0},""_score"":84.0},""liquidity"":{""L1_price"":{""value"":111.79,""score"":100.0},""L2_dollar_vol"":{""value"":22794947.06615126,""score"":67.89192940157527},""L3_spread_proxy"":{""value"":0.02947490831022454,""score"":70.52509168977545},""L4_volume_zscore"":{""value"":-1.7902217547831265,""score"":100.0},""_score"":84.21},""pattern_structure"":{""level"":106.83,""level_idx"":41,""breakout_idx"":46,""bo_peak_idx"":58,""bo_peak_price"":118.3,""retest_idx"":64,""retest_low"":106.66,""structural_low"":106.66,""current_price"":112.59,""neckline_distance_pct"":-0.051159072741806595,""base_bars"":38,""bars_since_breakout"":33},""pattern_geometry_features"":{""retest_depth_atr"":0.1169889597813596,""bars_breakout_to_retest"":18.0,""bars_since_retest"":15.0,""current_above_level_atr"":3.9638612255330896,""bo_peak_excess_pct"":0.10736684451932976,""atr_pct"":0.04802518753274637},""_schema_version"":""1.0""}",,,,,,,,,,
20260522T181904Z-97bb42,2026-05-22T18:19:04.835948+00:00,EXE,ascending_triangle,absent,42.9,15.7,41.0,70.2,54.9,16.1,19.8,62.4,84.0,94.3,2.36,11.47,5.61,7.69,1.93,1.58,2.5,5.04,4.71,True,risk_unclear,97.5,100.8845,94.8555,105.469,"{""trend"":{""T1_ema_stack"":{""value"":[false,false,false],""score"":0.0},""T2_ema50_slope"":{""value"":-0.14744916401329272,""score"":25.42513933111788},""T3_high_proximity"":{""value"":0.8558637640449438,""score"":27.931882022471875},""T4_rs_1m"":{""value"":-0.042743965864665556,""score"":7.2560341353344455},""T5_rs_3m"":{""value"":-0.15055200002683744,""score"":0},""T6_adr_healthy"":{""value"":2.37422726956966,""score"":100.0},""_score"":15.73},""geometry"":{""sub_flat_top_quality"":33.3,""sub_hl_slope"":41.6,""sub_compression"":14.0,""sub_duration"":100.0,""_score"":40.97},""compression"":{""VC1_atr_ratio"":{""value"":0.36585438702562023,""score"":100},""VC2_range_contraction"":{""value"":0.8900202516080822,""score"":18.329958065319637},""VC3_range_pct_rank"":{""score"":95.0},""_score"":70.17},""sr_quality"":{""SR1_touches"":{""value"":2,""score"":25.0},""SR2_tightness"":{""value"":0.125,""score"":89.04809139524185},""SR3_recency"":{""value"":291,""score"":0.0},""SR4_price_location"":{""score"":76.1516510395436},""SR5_reaction"":{""value"":5.909649883127495,""score"":100},""_score"":54.9,""_levels_found"":7,""_target_level"":98.475},""volume"":{""V1_rvol_day"":{""value"":0.2374065683278889,""score"":0},""V2_rvol_sameslot"":{""value"":0.48431665920642175,""score"":0,""status"":""ok""},""V3_breakout_bar"":{""value"":0.45895229991493774,""score"":0},""V4_base_dryup"":{""value"":0.6953995444082967,""score"":80.46004555917034},""V5_bo_expansion"":{""value"":0.23740656832788892,""score"":0},""_score"":16.09},""readiness"":{""_distance_atr"":1.483,""BR1_atr_distance"":{""score"":1.155374205856134},""BR2_compression"":{""score"":7.392326916544456},""BR3_retest"":{""score"":50.0},""BR4_bo_age"":{""score"":50.0},""_score"":19.81},""risk"":{""R1_stop_clarity"":{""score"":0},""R2_stop_distance_pct"":{""value"":2.7123076923077005,""score"":100.0},""R3_stop_distance_atr"":{""value"":1.1584928922113191,""score"":82.92464461056596},""R4_rr_potential"":{""value"":3.0134240877292435,""score"":100.0},""_score"":62.44},""market"":{""M1_spy_regime"":{""score"":100.0},""M3_earnings_risk"":{""value"":null,""score"":80.0},""M4_vix"":{""value"":null,""score"":60.0},""_score"":84.0},""liquidity"":{""L1_price"":{""value"":97.5,""score"":100.0},""L2_dollar_vol"":{""value"":62535833.1016575,""score"":89.80644699433333},""L3_spread_proxy"":{""value"":0.016307692307692197,""score"":83.6923076923078},""L4_volume_zscore"":{""value"":-2.248786184495537,""score"":100.0},""_score"":94.29},""pattern_structure"":{""top"":100.8845,""top_touches"":2,""low_slope_per_bar"":0.12013719512195156,""lowest_low"":96.3,""structural_low"":96.3,""current_price"":96.95,""neckline_distance_pct"":0.04058277462609592,""base_bars"":28},""pattern_geometry_features"":{""top_touches"":2.0,""low_slope"":0.12013719512195156,""compression"":0.07023094562131538,""atr_pct"":0.02341238095238095},""_schema_version"":""1.0""}",,,,,,,,,,
20260522T181904Z-97bb42,2026-05-22T18:19:04.835948+00:00,HUBS,vcp,absent,42.77,5.0,42.5,55.0,66.5,19.8,20.9,59.5,84.0,95.5,0.75,10.62,6.6,7.98,2.57,1.46,2.98,5.04,4.77,False,,200.53,255.0,170.6513,338.4,"{""trend"":{""T1_ema_stack"":{""value"":[false,false,false],""score"":0.0},""T2_ema50_slope"":{""value"":-0.5611494061623316,""score"":0},""T3_high_proximity"":{""value"":0.6761869436201781,""score"":0},""T4_rs_1m"":{""value"":-0.12116058889092562,""score"":0},""T5_rs_3m"":{""value"":-0.17293172164065174,""score"":0},""T6_adr_healthy"":{""value"":6.092402550567536,""score"":100.0},""_score"":5.0},""geometry"":{""sub_contraction_count"":100.0,""sub_reduction_rate"":0,""sub_pivot_tightness"":0,""sub_volume_dryup"":0,""sub_base_depth"":75.0,""sub_base_duration"":100.0,""_score"":42.5},""compression"":{""VC1_atr_ratio"":{""value"":0.3864958975762315,""score"":100},""VC2_range_contraction"":{""value"":1.1720210355397225,""score"":0},""VC3_range_pct_rank"":{""score"":60.0},""_score"":55.0},""sr_quality"":{""SR1_touches"":{""value"":4,""score"":75.0},""SR2_tightness"":{""value"":3.79975883280768,""score"":56.18590244706764},""SR3_recency"":{""value"":241,""score"":0.0},""SR4_price_location"":{""score"":82.21308592720473},""SR5_reaction"":{""value"":2.5435640253544873,""score"":100},""_score"":66.48,""_levels_found"":5,""_target_level"":210.8137},""volume"":{""V1_rvol_day"":{""value"":0.35110522869726196,""score"":0},""V2_rvol_sameslot"":{""value"":1.0573122846787628,""score"":37.15415231191752,""status"":""ok""},""V3_breakout_bar"":{""value"":0.7779610619513552,""score"":18.530737463423677},""V4_base_dryup"":{""value"":1.1151742432706617,""score"":38.48257567293383},""V5_bo_expansion"":{""value"":0.3511052286972621,""score"":0},""_score"":19.76},""readiness"":{""_distance_atr"":3.14,""BR1_atr_distance"":{""score"":0},""BR2_compression"":{""score"":13.662832777310472},""BR3_retest"":{""score"":50.0},""BR4_bo_age"":{""score"":50.0},""_score"":20.92},""risk"":{""R1_stop_clarity"":{""score"":70.03444401981977},""R2_stop_distance_pct"":{""value"":14.899890290729564,""score"":0.0},""R3_stop_distance_atr"":{""value"":1.7226230990722677,""score"":100.0},""R4_rr_potential"":{""value"":4.614316194619922,""score"":100.0},""_score"":59.51},""market"":{""M1_spy_regime"":{""score"":100.0},""M3_earnings_risk"":{""value"":null,""score"":80.0},""M4_vix"":{""value"":null,""score"":60.0},""_score"":84.0},""liquidity"":{""L1_price"":{""value"":200.53,""score"":100.0},""L2_dollar_vol"":{""value"":138971252.2750774,""score"":100.0},""L3_spread_proxy"":{""value"":0.04550441330474243,""score"":54.495586695257565},""L4_volume_zscore"":{""value"":-0.97993415033957,""score"":100.0},""_score"":95.45},""pattern_structure"":{""n_contractions"":5,""contractions_pct"":[16.57,14.03,17.7,15.09,32.06],""descending_strict"":false,""final_low"":173.25,""final_pivot"":255.0,""structural_low"":173.25,""dry_up_ratio"":1.2183341834174244,""current_price"":200.53,""neckline_distance_pct"":0.2716301800229392,""base_bars"":60},""pattern_geometry_features"":{""contraction_count"":5.0,""first_contraction_pct"":0.16565361387103056,""last_contraction_pct"":0.3205882352941177,""dry_up_ratio"":1.2183341834174244,""near_monotone"":0.0,""base_depth_pct"":0.32495616598480415},""_schema_version"":""1.0""}",,,,,,,,,,
20260522T181904Z-97bb42,2026-05-22T18:19:04.835948+00:00,CNR,double_bottom,absent,42.76,14.3,33.7,73.7,50.8,20.2,44.4,61.7,84.0,85.1,2.14,8.43,5.9,7.11,2.63,3.55,3.7,5.04,4.26,True,risk_unclear,85.075,87.76,81.2526,93.03,"{""trend"":{""T1_ema_stack"":{""value"":[false,false,true],""score"":33.33333333333333},""T2_ema50_slope"":{""value"":-0.27213065175316714,""score"":4.644891374472145},""T3_high_proximity"":{""value"":0.751346816214784,""score"":0},""T4_rs_1m"":{""value"":-0.08158405915861056,""score"":0},""T5_rs_3m"":{""value"":-0.11796609017009452,""score"":0},""T6_adr_healthy"":{""value"":3.6918195753681102,""score"":100.0},""_score"":14.26},""geometry"":{""sub_low_similarity"":28.3,""sub_bounce_quality"":48.4,""sub_separation_fit"":0.0,""sub_right_bottom_reaction"":63.7,""sub_base_context"":30.0,""_score"":33.73},""compression"":{""VC1_atr_ratio"":{""value"":0.26328536979146694,""score"":100},""VC2_range_contraction"":{""value"":0.8323821494853556,""score"":27.9363084191074},""VC3_range_pct_rank"":{""score"":95.83333333333334},""_score"":73.74},""sr_quality"":{""SR1_touches"":{""value"":3,""score"":50.0},""SR2_tightness"":{""value"":0.32866734279849463,""score"":79.76008269913378},""SR3_recency"":{""value"":294,""score"":0.0},""SR4_price_location"":{""score"":35.220010954902456},""SR5_reaction"":{""value"":3.0903785812732782,""score"":100},""_score"":50.77,""_levels_found"":6,""_target_level"":86.5533},""volume"":{""V1_rvol_day"":{""value"":0.39082116233199526,""score"":0},""V2_rvol_sameslot"":{""value"":0.8835632046138142,""score"":25.57088030758761,""status"":""ok""},""V3_breakout_bar"":{""value"":0.919617951850746,""score"":27.97453012338307},""V4_base_dryup"":{""value"":1.0933228144588227,""score"":40.66771855411773},""V5_bo_expansion"":{""value"":0.3908211623319952,""score"":0},""_score"":20.24},""readiness"":{""_distance_atr"":0.827,""BR1_atr_distance"":{""score"":44.884314242984004},""BR2_compression"":{""score"":35.567622415040326},""BR3_retest"":{""score"":50.0},""BR4_bo_age"":{""score"":50.0},""_score"":44.35},""risk"":{""R1_stop_clarity"":{""score"":23.801794668777603},""R2_stop_distance_pct"":{""value"":4.492918013517501,""score"":100.0},""R3_stop_distance_atr"":{""value"":1.1769354271135795,""score"":83.84677135567897},""R4_rr_potential"":{""value"":2.0811804256543702,""score"":54.05902128271851},""_score"":61.72},""market"":{""M1_spy_regime"":{""score"":100.0},""M3_earnings_risk"":{""value"":null,""score"":80.0},""M4_vix"":{""value"":null,""score"":60.0},""_score"":84.0},""liquidity"":{""L1_price"":{""value"":85.075,""score"":100.0},""L2_dollar_vol"":{""value"":23550059.686776474,""score"":68.59960060850013},""L3_spread_proxy"":{""value"":0.02303849544519534,""score"":76.96150455480466},""L4_volume_zscore"":{""value"":-2.1154301522185976,""score"":100.0},""_score"":85.14},""pattern_structure"":{""left_low"":85.5,""left_idx"":22,""right_low"":82.49,""right_idx"":70,""separation_bars"":48,""structural_low"":82.49,""current_price"":84.375,""neckline_distance_pct"":0.04011851851851858,""base_bars"":48},""pattern_geometry_features"":{""low_similarity_pct"":0.035835466396809394,""bounce_pct"":0.06388653170081235,""right_bottom_reaction"":0.6365914786967455,""atr_pct"":0.03817471978506358},""_schema_version"":""1.0""}",,,,,,,,,,
20260522T181904Z-97bb42,2026-05-22T18:19:04.835948+00:00,CLBT,breakout_retest_hold,setup,42.73,25.9,16.5,48.5,61.8,9.7,74.0,56.8,84.0,76.2,3.63,3.63,2.91,8.65,1.26,13.32,2.84,4.2,2.29,False,,13.05,12.88,12.8205,12.74,"{""trend"":{""T1_ema_stack"":{""value"":[false,false,false],""score"":0.0},""T2_ema50_slope"":{""value"":-0.13042766055850816,""score"":28.262056573581972},""T3_high_proximity"":{""value"":0.8529411764705882,""score"":26.47058823529408},""T4_rs_1m"":{""value"":-0.03006755451267007,""score"":19.93244548732993},""T5_rs_3m"":{""value"":-0.0025377477224777234,""score"":48.73112613876114},""T6_adr_healthy"":{""value"":4.7718920719121485,""score"":100.0},""_score"":25.92},""geometry"":{""sub_retest_depth"":0.0,""sub_retest_timing"":0.0,""sub_retest_freshness"":25.0,""sub_hold_quality"":38.3,""_score"":16.49},""compression"":{""VC1_atr_ratio"":{""value"":0.5548705562248724,""score"":100},""VC2_range_contraction"":{""value"":1.4937371121153333,""score"":0},""VC3_range_pct_rank"":{""score"":34.166666666666664},""_score"":48.54},""sr_quality"":{""SR1_touches"":{""value"":3,""score"":50.0},""SR2_tightness"":{""value"":0.1736375535418531,""score"":51.83472029034897},""SR3_recency"":{""value"":264,""score"":0.0},""SR4_price_location"":{""score"":96.09374999999996},""SR5_reaction"":{""value"":2.3763056306819488,""score"":100},""_score"":61.8,""_levels_found"":8,""_target_level"":13.075},""volume"":{""V1_rvol_day"":{""value"":0.36434128113546166,""score"":0},""V2_rvol_sameslot"":{""value"":0.45637981001527894,""score"":0,""status"":""ok""},""V3_breakout_bar"":{""value"":0.6046890756397246,""score"":6.979271709314975},""V4_base_dryup"":{""value"":1.1015047950013512,""score"":39.84952049986488},""V5_bo_expansion"":{""value"":0.3643412811354616,""score"":0},""_score"":9.71},""readiness"":{""_distance_atr"":-0.236,""BR1_atr_distance"":{""score"":100.0},""BR2_compression"":{""score"":38.095949676418314},""BR3_retest"":{""score"":100},""BR4_bo_age"":{""score"":30.0},""_score"":74.02},""risk"":{""R1_stop_clarity"":{""score"":64.0780257774343},""R2_stop_distance_pct"":{""value"":1.7586206896551846,""score"":93.96551724137962},""R3_stop_distance_atr"":{""value"":0.3183047522810375,""score"":40.91523761405187},""R4_rr_potential"":{""value"":-1.3507625272330928,""score"":0.0},""_score"":56.75},""market"":{""M1_spy_regime"":{""score"":100.0},""M3_earnings_risk"":{""value"":null,""score"":80.0},""M4_vix"":{""value"":null,""score"":60.0},""_score"":84.0},""liquidity"":{""L1_price"":{""value"":13.05,""score"":100.0},""L2_dollar_vol"":{""value"":11029342.10397705,""score"":52.12748038568211},""L3_spread_proxy"":{""value"":0.045977011494252845,""score"":54.02298850574716},""L4_volume_zscore"":{""value"":-1.0248355125822772,""score"":100.0},""_score"":76.25},""pattern_structure"":{""level"":12.88,""level_idx"":34,""breakout_idx"":44,""bo_peak_idx"":58,""bo_peak_price"":14.05,""retest_idx"":70,""retest_low"":12.95,""structural_low"":12.95,""current_price"":13.135,""neckline_distance_pct"":-0.019413779977160185,""base_bars"":45,""bars_since_breakout"":35},""pattern_geometry_features"":{""retest_depth_atr"":-0.40990463443198016,""bars_breakout_to_retest"":26.0,""bars_since_retest"":9.0,""current_above_level_atr"":1.493224025430811,""bo_peak_excess_pct"":0.09083850931677018,""atr_pct"":0.05524958949096882},""_schema_version"":""1.0""}",,,,,,,,,,
20260522T181904Z-97bb42,2026-05-22T18:19:04.835948+00:00,WK,bull_flag,forming,42.69,5.0,50.1,54.8,66.9,0.0,43.4,81.4,84.0,79.2,0.7,15.02,4.93,6.69,0.0,3.91,2.44,5.04,3.96,False,,50.045,52.5,46.4969,61.66,"{""trend"":{""T1_ema_stack"":{""value"":[false,false,false],""score"":0.0},""T2_ema50_slope"":{""value"":-0.6398597416673529,""score"":0},""T3_high_proximity"":{""value"":0.7711093990755007,""score"":0},""T4_rs_1m"":{""value"":-0.0963048526078677,""score"":0},""T5_rs_3m"":{""value"":-0.22651490037233946,""score"":0},""T6_adr_healthy"":{""value"":5.089670746729634,""score"":100.0},""_score"":5.0},""geometry"":{""sub_pole_impulse"":59.3,""sub_flag_tightness"":30.4,""sub_flag_shallowness"":4.6,""sub_flag_drift"":100,""sub_flag_duration"":87.5,""_score"":50.06},""compression"":{""VC1_atr_ratio"":{""value"":0.4888767771358026,""score"":100},""VC2_range_contraction"":{""value"":1.4174926512826154,""score"":0},""VC3_range_pct_rank"":{""score"":59.166666666666664},""_score"":54.79},""sr_quality"":{""SR1_touches"":{""value"":4,""score"":75.0},""SR2_tightness"":{""value"":0.5502769189235556,""score"":64.8985332467791},""SR3_recency"":{""value"":228,""score"":0.0},""SR4_price_location"":{""score"":83.31525985934586},""SR5_reaction"":{""value"":1.8466837833096783,""score"":92.33418916548392},""_score"":66.91,""_levels_found"":6,""_target_level"":51.7888},""volume"":{""V1_rvol_day"":{""value"":0.19957881649282166,""score"":0},""V2_rvol_sameslot"":{""value"":0.3216518267999431,""score"":0,""status"":""ok""},""V3_breakout_bar"":{""value"":0.3326424832914949,""score"":0},""V4_base_dryup"":{""value"":1.7079555048165973,""score"":0},""V5_bo_expansion"":{""value"":0.19957881649282166,""score"":0},""_score"":0.0},""readiness"":{""_distance_atr"":0.783,""BR1_atr_distance"":{""score"":47.799554542023515},""BR2_compression"":{""score"":27.184292718548537},""BR3_retest"":{""score"":50.0},""BR4_bo_age"":{""score"":50.0},""_score"":43.42},""risk"":{""R1_stop_clarity"":{""score"":54.83279378697746},""R2_stop_distance_pct"":{""value"":7.089769207713066,""score"":100.0},""R3_stop_distance_atr"":{""value"":1.1316360214968042,""score"":81.58180107484021},""R4_rr_potential"":{""value"":3.27360611035561,""score"":100.0},""_score"":81.43},""market"":{""M1_spy_regime"":{""score"":100.0},""M3_earnings_risk"":{""value"":null,""score"":80.0},""M4_vix"":{""value"":null,""score"":60.0},""_score"":84.0},""liquidity"":{""L1_price"":{""value"":50.045,""score"":100.0},""L2_dollar_vol"":{""value"":13565279.52777878,""score"":56.621437365703066},""L3_spread_proxy"":{""value"":0.03396942751523634,""score"":66.03057248476367},""L4_volume_zscore"":{""value"":-1.767644966450228,""score"":100.0},""_score"":79.25},""pattern_structure"":{""pole_low"":43.34,""pole_low_idx"":19,""peak_price"":52.5,""peak_idx"":38,""pole_gain"":0.2113520996769727,""flag_bars"":21,""flag_low"":47.205,""flag_high"":51.84,""structural_low"":47.205,""current_price"":50.41,""neckline_distance_pct"":0.041460027772267476,""base_bars"":21},""pattern_geometry_features"":{""pole_gain"":0.2113520996769727,""pullback_pct"":0.1008571428571429,""flag_range_pct"":0.08828571428571438,""flag_drift_per_bar"":0.0003769093433842672,""atr_pct"":0.06265061444699768,""pole_atr_multiple"":3.373504019753489},""_schema_version"":""1.0""}",,,,,,,,,,
20260522T181904Z-97bb42,2026-05-22T18:19:04.835948+00:00,ICE,double_bottom,absent,42.62,20.2,37.3,68.4,43.5,29.2,17.5,59.2,84.0,98.4,3.03,9.32,5.47,6.1,3.79,1.4,3.55,5.04,4.92,True,risk_unclear,153.53,158.9025,147.5431,168.015,"{""trend"":{""T1_ema_stack"":{""value"":[false,false,false],""score"":0.0},""T2_ema50_slope"":{""value"":-0.10430280277013491,""score"":32.61619953831085},""T3_high_proximity"":{""value"":0.9150128136360928,""score"":57.506406818046365},""T4_rs_1m"":{""value"":-0.08028757521979701,""score"":0},""T5_rs_3m"":{""value"":-0.09920146866332746,""score"":0.39926566833626964},""T6_adr_healthy"":{""value"":2.2814089546902174,""score"":100.0},""_score"":20.21},""geometry"":{""sub_low_similarity"":25.2,""sub_bounce_quality"":44.1,""sub_separation_fit"":0.0,""sub_right_bottom_reaction"":99.3,""sub_base_context"":30.0,""_score"":37.27},""compression"":{""VC1_atr_ratio"":{""value"":0.424132196243415,""score"":100},""VC2_range_contraction"":{""value"":0.7884461884031315,""score"":35.25896859947808},""VC3_range_pct_rank"":{""score"":64.16666666666666},""_score"":68.38},""sr_quality"":{""SR1_touches"":{""value"":2,""score"":25.0},""SR2_tightness"":{""value"":0.2224999999999966,""score"":85.6710458526535},""SR3_recency"":{""value"":246,""score"":0.0},""SR4_price_location"":{""score"":32.80539570155893},""SR5_reaction"":{""value"":2.3574188562596587,""score"":100},""_score"":43.55,""_levels_found"":7,""_target_level"":155.5325},""volume"":{""V1_rvol_day"":{""value"":0.36250970742091054,""score"":0},""V2_rvol_sameslot"":{""value"":1.1473864164157124,""score"":43.15909442771416,""status"":""ok""},""V3_breakout_bar"":{""value"":0.8234255037460534,""score"":21.561700249736894},""V4_base_dryup"":{""value"":0.7422673112933952,""score"":75.77326887066047},""V5_bo_expansion"":{""value"":0.3625097074209105,""score"":0},""_score"":29.18},""readiness"":{""_distance_atr"":1.73,""BR1_atr_distance"":{""score"":0},""BR2_compression"":{""score"":0},""BR3_retest"":{""score"":50.0},""BR4_bo_age"":{""score"":50.0},""_score"":17.5},""risk"":{""R1_stop_clarity"":{""score"":0},""R2_stop_distance_pct"":{""value"":3.899465902429495,""score"":100.0},""R3_stop_distance_atr"":{""value"":1.9277595311694995,""score"":100.0},""R4_rr_potential"":{""value"":2.4194693369635125,""score"":70.97346684817563},""_score"":59.19},""market"":{""M1_spy_regime"":{""score"":100.0},""M3_earnings_risk"":{""value"":null,""score"":80.0},""M4_vix"":{""value"":null,""score"":60.0},""_score"":84.0},""liquidity"":{""L1_price"":{""value"":153.53,""score"":100.0},""L2_dollar_vol"":{""value"":177174236.10483584,""score"":100.0},""L3_spread_proxy"":{""value"":0.0163811632905622,""score"":83.6188367094378},""L4_volume_zscore"":{""value"":-1.9867864251949132,""score"":100.0},""_score"":98.36},""pattern_structure"":{""left_low"":155.5,""left_idx"":28,""right_low"":149.79,""right_idx"":74,""separation_bars"":46,""structural_low"":149.79,""current_price"":153.32,""neckline_distance_pct"":0.036410774849987025,""base_bars"":46},""pattern_geometry_features"":{""low_similarity_pct"":0.037407055586491586,""bounce_pct"":0.06083516923693178,""right_bottom_reaction"":0.9930555555555619,""atr_pct"":0.020227968475216594},""_schema_version"":""1.0""}",,,,,,,,,,
20260522T181904Z-97bb42,2026-05-22T18:19:04.835948+00:00,EXE,bull_flag,absent,42.44,15.7,42.8,70.2,54.9,15.6,19.8,62.1,84.0,94.3,2.2,12.85,6.32,5.49,2.18,1.78,1.86,5.04,4.71,True,risk_unclear,97.5,100.8845,94.954,107.299,"{""trend"":{""T1_ema_stack"":{""value"":[false,false,false],""score"":0.0},""T2_ema50_slope"":{""value"":-0.14744916401329272,""score"":25.42513933111788},""T3_high_proximity"":{""value"":0.8558637640449438,""score"":27.931882022471875},""T4_rs_1m"":{""value"":-0.042743965864665556,""score"":7.2560341353344455},""T5_rs_3m"":{""value"":-0.15055200002683744,""score"":0},""T6_adr_healthy"":{""value"":2.37422726956966,""score"":100.0},""_score"":15.73},""geometry"":{""sub_pole_impulse"":47.5,""sub_flag_tightness"":19.5,""sub_flag_shallowness"":0,""sub_flag_drift"":91.4,""sub_flag_duration"":100.0,""_score"":42.84},""compression"":{""VC1_atr_ratio"":{""value"":0.36585438702562023,""score"":100},""VC2_range_contraction"":{""value"":0.8900202516080822,""score"":18.329958065319637},""VC3_range_pct_rank"":{""score"":95.0},""_score"":70.17},""sr_quality"":{""SR1_touches"":{""value"":2,""score"":25.0},""SR2_tightness"":{""value"":0.125,""score"":89.04809139524185},""SR3_recency"":{""value"":291,""score"":0.0},""SR4_price_location"":{""score"":76.1516510395436},""SR5_reaction"":{""value"":5.909649883127495,""score"":100},""_score"":54.9,""_levels_found"":7,""_target_level"":98.475},""volume"":{""V1_rvol_day"":{""value"":0.2374065683278889,""score"":0},""V2_rvol_sameslot"":{""value"":0.48431665920642175,""score"":0,""status"":""ok""},""V3_breakout_bar"":{""value"":0.45895229991493774,""score"":0},""V4_base_dryup"":{""value"":0.7202633877388293,""score"":77.97366122611707},""V5_bo_expansion"":{""value"":0.23740656832788892,""score"":0},""_score"":15.59},""readiness"":{""_distance_atr"":1.483,""BR1_atr_distance"":{""score"":1.155374205856134},""BR2_compression"":{""score"":7.392326916544456},""BR3_retest"":{""score"":50.0},""BR4_bo_age"":{""score"":50.0},""_score"":19.81},""risk"":{""R1_stop_clarity"":{""score"":0},""R2_stop_distance_pct"":{""value"":2.6112820512820436,""score"":100.0},""R3_stop_distance_atr"":{""value"":1.1153423723085654,""score"":80.76711861542827},""R4_rr_potential"":{""value"":3.848782403770635,""score"":100.0},""_score"":62.12},""market"":{""M1_spy_regime"":{""score"":100.0},""M3_earnings_risk"":{""value"":null,""score"":80.0},""M4_vix"":{""value"":null,""score"":60.0},""_score"":84.0},""liquidity"":{""L1_price"":{""value"":97.5,""score"":100.0},""L2_dollar_vol"":{""value"":62535833.1016575,""score"":89.80644699433333},""L3_spread_proxy"":{""value"":0.016307692307692197,""score"":83.6923076923078},""L4_volume_zscore"":{""value"":-2.248786184495537,""score"":100.0},""_score"":94.29},""pattern_structure"":{""pole_low"":94.47,""pole_low_idx"":20,""peak_price"":100.8845,""peak_idx"":44,""pole_gain"":0.06789986239017681,""flag_bars"":15,""flag_low"":96.4,""flag_high"":99.708,""structural_low"":96.4,""current_price"":96.95,""neckline_distance_pct"":0.04058277462609592,""base_bars"":15},""pattern_geometry_features"":{""pole_gain"":0.06789986239017681,""pullback_pct"":0.04445182362008036,""flag_range_pct"":0.032789972691543226,""flag_drift_per_bar"":-0.0017113681573712558,""atr_pct"":0.02341238095238095,""pole_atr_multiple"":2.9001690399741964},""_schema_version"":""1.0""}",,,,,,,,,,
20260522T181904Z-97bb42,2026-05-22T18:19:04.835948+00:00,BETA,vcp,absent,42.4,33.6,35.0,52.3,57.4,17.4,17.5,58.4,84.0,80.0,5.04,8.75,6.27,6.89,2.26,1.23,2.92,5.04,4.0,False,,16.57,19.3,14.0953,35.48,"{""trend"":{""T1_ema_stack"":{""value"":[true,false,false],""score"":33.33333333333333},""T2_ema50_slope"":{""value"":-0.1411867872392157,""score"":26.468868793464047},""T3_high_proximity"":{""value"":0.7681965693092258,""score"":0},""T4_rs_1m"":{""value"":0.02497750428037504,""score"":74.97750428037504},""T5_rs_3m"":{""value"":-0.18305763792237606,""score"":0},""T6_adr_healthy"":{""value"":7.022441750053988,""score"":100.0},""_score"":33.62},""geometry"":{""sub_contraction_count"":100.0,""sub_reduction_rate"":0,""sub_pivot_tightness"":0,""sub_volume_dryup"":0,""sub_base_depth"":0.0,""sub_base_duration"":100.0,""_score"":35.0},""compression"":{""VC1_atr_ratio"":{""value"":0.6042942667761446,""score"":98.92643330596384},""VC2_range_contraction"":{""value"":1.195737540163661,""score"":0},""VC3_range_pct_rank"":{""score"":50.83333333333333},""_score"":52.28},""sr_quality"":{""SR1_touches"":{""value"":2,""score"":25.0},""SR2_tightness"":{""value"":0.21000000000000085,""score"":67.69775825189045},""SR3_recency"":{""value"":50,""score"":66.66666666666666},""SR4_price_location"":{""score"":71.02803738317756},""SR5_reaction"":{""value"":1.5997300675254182,""score"":79.98650337627092},""_score"":57.41,""_levels_found"":6,""_target_level"":17.5},""volume"":{""V1_rvol_day"":{""value"":0.7743032345314623,""score"":18.28688230209749},""V2_rvol_sameslot"":{""value"":0.9283917505857238,""score"":28.55945003904825,""status"":""ok""},""V3_breakout_bar"":{""value"":0.7535711923339002,""score"":16.90474615559335},""V4_base_dryup"":{""value"":1.311322144961717,""score"":18.8677855038283},""V5_bo_expansion"":{""value"":0.7743032345314623,""score"":0},""_score"":17.37},""readiness"":{""_distance_atr"":2.1,""BR1_atr_distance"":{""score"":0},""BR2_compression"":{""score"":0},""BR3_retest"":{""score"":50.0},""BR4_bo_age"":{""score"":50.0},""_score"":17.5},""risk"":{""R1_stop_clarity"":{""score"":66.98249432746806},""R2_stop_distance_pct"":{""value"":14.934520217260111,""score"":0.0},""R3_stop_distance_atr"":{""value"":1.9032557748085472,""score"":100.0},""R4_rr_potential"":{""value"":7.641484654395571,""score"":100.0},""_score"":58.44},""market"":{""M1_spy_regime"":{""score"":100.0},""M3_earnings_risk"":{""value"":null,""score"":80.0},""M4_vix"":{""value"":null,""score"":60.0},""_score"":84.0},""liquidity"":{""L1_price"":{""value"":16.57,""score"":100.0},""L2_dollar_vol"":{""value"":23455529.80381167,""score"":68.51226235291024},""L3_spread_proxy"":{""value"":0.07362703681351855,""score"":26.372963186481442},""L4_volume_zscore"":{""value"":-0.5450004768393298,""score"":100.0},""_score"":80.04},""pattern_structure"":{""n_contractions"":5,""contractions_pct"":[48.8,12.28,36.87,22.77,25.85],""descending_strict"":false,""final_low"":14.31,""final_pivot"":19.3,""structural_low"":14.31,""dry_up_ratio"":1.3867455202970695,""current_price"":16.57,""neckline_distance_pct"":0.1647555823777912,""base_bars"":83},""pattern_geometry_features"":{""contraction_count"":5.0,""first_contraction_pct"":0.4880288619219416,""last_contraction_pct"":0.25854922279792747,""dry_up_ratio"":1.3867455202970695,""near_monotone"":0.0,""base_depth_pct"":0.5306657920629715},""_schema_version"":""1.0""}",,,,,,,,,,
20260522T181904Z-97bb42,2026-05-22T18:19:04.835948+00:00,INTU,vcp,invalidated,42.19,5.0,47.7,19.7,49.5,67.5,17.5,27.7,84.0,95.8,0.75,11.91,2.36,5.95,8.78,1.23,1.39,5.04,4.79,False,,319.3,418.15,375.7874,519.85,"{""trend"":{""T1_ema_stack"":{""value"":[false,false,false],""score"":0.0},""T2_ema50_slope"":{""value"":-0.3581692913846918,""score"":0},""T3_high_proximity"":{""value"":0.6635908306835422,""score"":0},""T4_rs_1m"":{""value"":-0.22217606601478024,""score"":0},""T5_rs_3m"":{""value"":-0.207448059257905,""score"":0},""T6_adr_healthy"":{""value"":3.927550952691687,""score"":100.0},""_score"":5.0},""geometry"":{""sub_contraction_count"":100.0,""sub_reduction_rate"":0,""sub_pivot_tightness"":17.7,""sub_volume_dryup"":0,""sub_base_depth"":100.0,""sub_base_duration"":100.0,""_score"":47.66},""compression"":{""VC1_atr_ratio"":{""value"":0.8969685099400131,""score"":25.757872514996727},""VC2_range_contraction"":{""value"":1.140873743451373,""score"":0},""VC3_range_pct_rank"":{""score"":37.5},""_score"":19.68},""sr_quality"":{""SR1_touches"":{""value"":2,""score"":25.0},""SR2_tightness"":{""value"":3.447499999999991,""score"":70.27753692445644},""SR3_recency"":{""value"":255,""score"":0.0},""SR4_price_location"":{""score"":66.04979136081033},""SR5_reaction"":{""value"":3.0934855061039888,""score"":100},""_score"":49.55,""_levels_found"":7,""_target_level"":345.5525},""volume"":{""V1_rvol_day"":{""value"":2.0172184776760536,""score"":100},""V2_rvol_sameslot"":{""value"":5.843076275657558,""score"":100,""status"":""ok""},""V3_breakout_bar"":{""value"":0.6982524520673945,""score"":13.2168301378263},""V4_base_dryup"":{""value"":0.7979981448513415,""score"":70.20018551486585},""V5_bo_expansion"":{""value"":2.017218477676054,""score"":67.8145651784036},""_score"":67.52},""readiness"":{""_distance_atr"":4.261,""BR1_atr_distance"":{""score"":0},""BR2_compression"":{""score"":0},""BR3_retest"":{""score"":50.0},""BR4_bo_age"":{""score"":50.0},""_score"":17.5},""risk"":{""R1_stop_clarity"":{""score"":50.66243558542148},""R2_stop_distance_pct"":{""value"":-17.690995928593793,""score"":0.0},""R3_stop_distance_atr"":{""value"":-2.4350154816683247,""score"":0.0},""R4_rr_potential"":{""value"":null,""score"":50.0},""_score"":27.73},""market"":{""M1_spy_regime"":{""score"":100.0},""M3_earnings_risk"":{""value"":null,""score"":80.0},""M4_vix"":{""value"":null,""score"":60.0},""_score"":84.0},""liquidity"":{""L1_price"":{""value"":319.3,""score"":100.0},""L2_dollar_vol"":{""value"":2547961328.284453,""score"":100.0},""L3_spread_proxy"":{""value"":0.04177889132477304,""score"":58.22110867522696},""L4_volume_zscore"":{""value"":0.8712481732790447,""score"":100.0},""_score"":95.82},""pattern_structure"":{""n_contractions"":5,""contractions_pct"":[11.22,13.75,21.64,10.75,8.76],""descending_strict"":false,""final_low"":381.51,""final_pivot"":418.15,""structural_low"":381.51,""dry_up_ratio"":2.142481738553303,""current_price"":319.3,""neckline_distance_pct"":0.3095834638271217,""base_bars"":42},""pattern_geometry_features"":{""contraction_count"":5.0,""first_contraction_pct"":0.11220794271641724,""last_contraction_pct"":0.0876240583522659,""dry_up_ratio"":2.142481738553303,""near_monotone"":0.0,""base_depth_pct"":0.2104674986030918},""_schema_version"":""1.0""}",,,,,,,,,,
20260522T181904Z-97bb42,2026-05-22T18:19:04.835948+00:00,MA,ascending_triangle,absent,42.14,24.4,34.8,63.8,50.7,12.8,34.7,56.2,84.0,98.6,3.66,9.75,5.11,7.09,1.53,2.78,2.25,5.04,4.93,True,risk_unclear,499.71,512.9,482.719,535.73,"{""trend"":{""T1_ema_stack"":{""value"":[false,false,false],""score"":0.0},""T2_ema50_slope"":{""value"":-0.08466029877189805,""score"":35.88995020468366},""T3_high_proximity"":{""value"":0.9514117624659673,""score"":75.70588123298361},""T4_rs_1m"":{""value"":-0.06051972707308917,""score"":0},""T5_rs_3m"":{""value"":-0.08808366572853132,""score"":5.958167135734335},""T6_adr_healthy"":{""value"":2.1537823155971436,""score"":100.0},""_score"":24.43},""geometry"":{""sub_flat_top_quality"":33.3,""sub_hl_slope"":2.9,""sub_compression"":35.8,""sub_duration"":100.0,""_score"":34.81},""compression"":{""VC1_atr_ratio"":{""value"":0.3627320320336331,""score"":100},""VC2_range_contraction"":{""value"":0.9269799047969459,""score"":12.17001586717568},""VC3_range_pct_rank"":{""score"":78.33333333333333},""_score"":63.84},""sr_quality"":{""SR1_touches"":{""value"":3,""score"":50.0},""SR2_tightness"":{""value"":1.7563519642207965,""score"":66.45952119309032},""SR3_recency"":{""value"":233,""score"":0.0},""SR4_price_location"":{""score"":43.371710526315645},""SR5_reaction"":{""value"":1.9792109982285593,""score"":98.96054991142796},""_score"":50.66,""_levels_found"":7,""_target_level"":505.4483},""volume"":{""V1_rvol_day"":{""value"":0.22982478020747715,""score"":0},""V2_rvol_sameslot"":{""value"":0.4827928363207014,""score"":0,""status"":""ok""},""V3_breakout_bar"":{""value"":0.6776801394116508,""score"":11.84534262744339},""V4_base_dryup"":{""value"":1.009550227788155,""score"":49.0449772211845},""V5_bo_expansion"":{""value"":0.22982478020747715,""score"":0},""_score"":12.77},""readiness"":{""_distance_atr"":1.259,""BR1_atr_distance"":{""score"":16.038295194549605},""BR2_compression"":{""score"":43.119978763694704},""BR3_retest"":{""score"":50.0},""BR4_bo_age"":{""score"":50.0},""_score"":34.7},""risk"":{""R1_stop_clarity"":{""score"":0},""R2_stop_distance_pct"":{""value"":3.400182105621255,""score"":100.0},""R3_stop_distance_atr"":{""value"":1.6223626130795823,""score"":100.0},""R4_rr_potential"":{""value"":2.1199396152680436,""score"":55.996980763402185},""_score"":56.2},""market"":{""M1_spy_regime"":{""score"":100.0},""M3_earnings_risk"":{""value"":null,""score"":80.0},""M4_vix"":{""value"":null,""score"":60.0},""_score"":84.0},""liquidity"":{""L1_price"":{""value"":499.71,""score"":100.0},""L2_dollar_vol"":{""value"":435912392.1135443,""score"":100.0},""L3_spread_proxy"":{""value"":0.013888055071941722,""score"":86.11194492805828},""L4_volume_zscore"":{""value"":-2.4850729049822475,""score"":100.0},""_score"":98.61},""pattern_structure"":{""top"":512.9,""top_touches"":2,""low_slope_per_bar"":0.042845404747410026,""lowest_low"":490.07,""structural_low"":490.07,""current_price"":499.52,""neckline_distance_pct"":0.026785714285714277,""base_bars"":30},""pattern_geometry_features"":{""top_touches"":2.0,""low_slope"":0.042845404747410026,""compression"":0.17882312928098898,""atr_pct"":0.02095821290634281},""_schema_version"":""1.0""}",,,,,,,,,,
20260522T181904Z-97bb42,2026-05-22T18:19:04.835948+00:00,GENI,vcp,breakout_confirmed,42.1,35.6,37.9,22.4,54.0,34.4,34.0,46.2,84.0,78.6,5.34,9.47,2.69,6.48,4.47,2.38,2.31,5.04,3.93,False,,5.37,4.99,3.9515,7.7266,"{""trend"":{""T1_ema_stack"":{""value"":[true,false,false],""score"":33.33333333333333},""T2_ema50_slope"":{""value"":-0.4361760400812241,""score"":0},""T3_high_proximity"":{""value"":0.8299845440494591,""score"":14.992272024729525},""T4_rs_1m"":{""value"":0.17927773356599297,""score"":100},""T5_rs_3m"":{""value"":-0.15832979697397098,""score"":0},""T6_adr_healthy"":{""value"":7.199199129880809,""score"":100.0},""_score"":35.58},""geometry"":{""sub_contraction_count"":100.0,""sub_reduction_rate"":11.6,""sub_pivot_tightness"":0,""sub_volume_dryup"":0,""sub_base_depth"":0.0,""sub_base_duration"":100.0,""_score"":37.9},""compression"":{""VC1_atr_ratio"":{""value"":0.7906475994978277,""score"":52.33810012554307},""VC2_range_contraction"":{""value"":1.3029926772960214,""score"":0},""VC3_range_pct_rank"":{""score"":5.833333333333335},""_score"":22.39},""sr_quality"":{""SR1_touches"":{""value"":3,""score"":50.0},""SR2_tightness"":{""value"":0.07494442385305695,""score"":62.83440423850388},""SR3_recency"":{""value"":274,""score"":0.0},""SR4_price_location"":{""score"":58.267716535433024},""SR5_reaction"":{""value"":2.264649971071989,""score"":100},""_score"":53.99,""_levels_found"":6,""_target_level"":5.635},""volume"":{""V1_rvol_day"":{""value"":0.8596588800490738,""score"":23.97725866993825},""V2_rvol_sameslot"":{""value"":1.4365993571136821,""score"":62.43995714091214,""status"":""ok""},""V3_breakout_bar"":{""value"":0.7771825404994097,""score"":18.47883603329398},""V4_base_dryup"":{""value"":0.8766142209024314,""score"":62.338577909756864},""V5_bo_expansion"":{""value"":0.8596588800490739,""score"":0},""_score"":34.37},""readiness"":{""_distance_atr"":-0.942,""BR1_atr_distance"":{""score"":41.155467393999515},""BR2_compression"":{""score"":0},""BR3_retest"":{""score"":50.0},""BR4_bo_age"":{""score"":50.0},""_score"":33.96},""risk"":{""R1_stop_clarity"":{""score"":70.15844284651618},""R2_stop_distance_pct"":{""value"":26.414813780260708,""score"":0.0},""R3_stop_distance_atr"":{""value"":3.5171720803372164,""score"":100.0},""R4_rr_potential"":{""value"":1.6613610880131524,""score"":33.06805440065762},""_score"":46.17},""market"":{""M1_spy_regime"":{""score"":100.0},""M3_earnings_risk"":{""value"":null,""score"":80.0},""M4_vix"":{""value"":null,""score"":60.0},""_score"":84.0},""liquidity"":{""L1_price"":{""value"":5.37,""score"":97.685},""L2_dollar_vol"":{""value"":28671291.469034433,""score"":72.87236278691776},""L3_spread_proxy"":{""value"":0.1024208566108007,""score"":0},""L4_volume_zscore"":{""value"":-0.27729378365548085,""score"":100.0},""_score"":78.57},""pattern_structure"":{""n_contractions"":5,""contractions_pct"":[26.5,24.23,17.74,16.34,19.61],""descending_strict"":false,""final_low"":4.0117,""final_pivot"":4.99,""structural_low"":4.0117,""dry_up_ratio"":1.1933109997216662,""current_price"":5.37,""neckline_distance_pct"":-0.07076350093109868,""base_bars"":51},""pattern_geometry_features"":{""contraction_count"":5.0,""first_contraction_pct"":0.2650000740927345,""last_contraction_pct"":0.19605210420841682,""dry_up_ratio"":1.1933109997216662,""near_monotone"":0.0,""base_depth_pct"":0.4055243542818191},""_schema_version"":""1.0""}",,,,,,,,,,
20260522T181904Z-97bb42,2026-05-22T18:19:04.835948+00:00,SRAD,high_tight_pullback,absent,41.86,5.8,42.5,88.7,42.8,13.6,26.9,70.0,84.0,78.6,0.7,14.87,8.87,3.42,1.9,2.42,0.7,5.04,3.93,False,,13.02,13.73,12.7557,15.44,"{""trend"":{""T1_ema_stack"":{""value"":[false,false,false],""score"":0.0},""T2_ema50_slope"":{""value"":-0.9200969646935715,""score"":0},""T3_high_proximity"":{""value"":0.6612493651599797,""score"":0},""T4_rs_1m"":{""value"":-0.04590269947330139,""score"":4.097300526698611},""T5_rs_3m"":{""value"":-0.33720321249538143,""score"":0},""T6_adr_healthy"":{""value"":5.788585797183768,""score"":100.0},""_score"":5.82},""geometry"":{""sub_pole_impulse"":49.8,""sub_flag_tightness"":35.6,""sub_flag_shallowness"":20.1,""sub_flag_drift"":97.6,""sub_flag_duration"":0.0,""_score"":42.5},""compression"":{""VC1_atr_ratio"":{""value"":0.22784357900339391,""score"":100},""VC2_range_contraction"":{""value"":0.4656932314909494,""score"":89.05112808484176},""VC3_range_pct_rank"":{""score"":70.0},""_score"":88.67},""sr_quality"":{""SR1_touches"":{""value"":2,""score"":25.0},""SR2_tightness"":{""value"":0.13004999999999978,""score"":57.985462097611716},""SR3_recency"":{""value"":236,""score"":0.0},""SR4_price_location"":{""score"":46.46021520233509},""SR5_reaction"":{""value"":5.120491519556939,""score"":100},""_score"":42.81,""_levels_found"":5,""_target_level"":14.5699},""volume"":{""V1_rvol_day"":{""value"":0.25121894178569776,""score"":0},""V2_rvol_sameslot"":{""value"":0.5078256303015763,""score"":0.5217086867717564,""status"":""ok""},""V3_breakout_bar"":{""value"":0.7377458672876973,""score"":15.849724485846487},""V4_base_dryup"":{""value"":1.0241363401434198,""score"":47.58636598565802},""V5_bo_expansion"":{""value"":0.2512189417856977,""score"":0},""_score"":13.58},""readiness"":{""_distance_atr"":1.147,""BR1_atr_distance"":{""score"":23.541402253759415},""BR2_compression"":{""score"":0},""BR3_retest"":{""score"":50.0},""BR4_bo_age"":{""score"":50.0},""_score"":26.92},""risk"":{""R1_stop_clarity"":{""score"":37.24472135687083},""R2_stop_distance_pct"":{""value"":2.0295698924731225,""score"":100.0},""R3_stop_distance_atr"":{""value"":0.4268489673474104,""score"":46.342448367370515},""R4_rr_potential"":{""value"":9.157994323557226,""score"":100.0},""_score"":69.99},""market"":{""M1_spy_regime"":{""score"":100.0},""M3_earnings_risk"":{""value"":null,""score"":80.0},""M4_vix"":{""value"":null,""score"":60.0},""_score"":84.0},""liquidity"":{""L1_price"":{""value"":13.02,""score"":100.0},""L2_dollar_vol"":{""value"":12376460.132742299,""score"":54.629822360826765},""L3_spread_proxy"":{""value"":0.032258064516129024,""score"":67.74193548387098},""L4_volume_zscore"":{""value"":-1.2606299036643696,""score"":100.0},""_score"":78.63},""pattern_structure"":{""pole_low"":12.02,""pole_low_idx"":14,""peak_price"":13.73,""peak_idx"":38,""pole_gain"":0.1422628951747089,""flag_bars"":21,""flag_low"":12.95,""flag_high"":13.705,""structural_low"":12.95,""current_price"":13.085,""neckline_distance_pct"":0.049293083683607145,""base_bars"":21},""pattern_geometry_features"":{""pole_gain"":0.1422628951747089,""pullback_pct"":0.056809905316824554,""flag_range_pct"":0.05498907501820836,""flag_drift_per_bar"":-0.0004754130088482377,""atr_pct"":0.04754772876892695,""pole_atr_multiple"":2.9920019075165483},""_schema_version"":""1.0""}",,,,,,,,,,
20260522T181904Z-97bb42,2026-05-22T18:19:04.835948+00:00,KVYO,vcp,absent,41.36,5.0,45.0,59.1,58.2,5.2,20.8,73.5,84.0,88.7,0.75,11.25,7.1,6.98,0.68,1.45,3.68,5.04,4.44,False,,14.76,23.52,13.327,28.673,"{""trend"":{""T1_ema_stack"":{""value"":[false,false,false],""score"":0.0},""T2_ema50_slope"":{""value"":-0.6729023871201927,""score"":0},""T3_high_proximity"":{""value"":0.6326618088298329,""score"":0},""T4_rs_1m"":{""value"":-0.2684246412593876,""score"":0},""T5_rs_3m"":{""value"":-0.16603153909748902,""score"":0},""T6_adr_healthy"":{""value"":5.980432514485832,""score"":100.0},""_score"":5.0},""geometry"":{""sub_contraction_count"":100.0,""sub_reduction_rate"":0,""sub_pivot_tightness"":0,""sub_volume_dryup"":0,""sub_base_depth"":100.0,""sub_base_duration"":100.0,""_score"":45.0},""compression"":{""VC1_atr_ratio"":{""value"":0.22944439763778726,""score"":100},""VC2_range_contraction"":{""value"":0.9078331776726345,""score"":15.361137054560919},""VC3_range_pct_rank"":{""score"":55.00000000000001},""_score"":59.13},""sr_quality"":{""SR1_touches"":{""value"":3,""score"":50.0},""SR2_tightness"":{""value"":0.32221455929585635,""score"":54.703112035727486},""SR3_recency"":{""value"":228,""score"":0.0},""SR4_price_location"":{""score"":79.82678549014685},""SR5_reaction"":{""value"":2.5497677921425876,""score"":100},""_score"":58.16,""_levels_found"":8,""_target_level"":15.7167},""volume"":{""V1_rvol_day"":{""value"":0.39501919393910007,""score"":0},""V2_rvol_sameslot"":{""value"":0.6342472520202102,""score"":8.949816801347342,""status"":""ok""},""V3_breakout_bar"":{""value"":0.5176154841281299,""score"":1.1743656085419905},""V4_base_dryup"":{""value"":1.3444276215157982,""score"":15.557237848420186},""V5_bo_expansion"":{""value"":0.39501919393910007,""score"":0},""_score"":5.2},""readiness"":{""_distance_atr"":6.157,""BR1_atr_distance"":{""score"":0},""BR2_compression"":{""score"":13.112611223330628},""BR3_retest"":{""score"":50.0},""BR4_bo_age"":{""score"":50.0},""_score"":20.78},""risk"":{""R1_stop_clarity"":{""score"":71.46931090749348},""R2_stop_distance_pct"":{""value"":9.708333333333332,""score"":57.2916666666667},""R3_stop_distance_atr"":{""value"":1.0072197815990964,""score"":75.36098907995482},""R4_rr_potential"":{""value"":9.709340870232738,""score"":100.0},""_score"":73.51},""market"":{""M1_spy_regime"":{""score"":100.0},""M3_earnings_risk"":{""value"":null,""score"":80.0},""M4_vix"":{""value"":null,""score"":60.0},""_score"":84.0},""liquidity"":{""L1_price"":{""value"":14.76,""score"":100.0},""L2_dollar_vol"":{""value"":49279940.62568784,""score"":84.63350879512399},""L3_spread_proxy"":{""value"":0.05115176151761511,""score"":48.84823848238489},""L4_volume_zscore"":{""value"":-1.1285831355691858,""score"":100.0},""_score"":88.74},""pattern_structure"":{""n_contractions"":5,""contractions_pct"":[16.88,18.91,17.92,14.2,42.47],""descending_strict"":false,""final_low"":13.53,""final_pivot"":23.52,""structural_low"":13.53,""dry_up_ratio"":1.059483990802962,""current_price"":14.76,""neckline_distance_pct"":0.5934959349593496,""base_bars"":57},""pattern_geometry_features"":{""contraction_count"":5.0,""first_contraction_pct"":0.1687630466199219,""last_contraction_pct"":0.4247448979591837,""dry_up_ratio"":1.059483990802962,""near_monotone"":0.0,""base_depth_pct"":0.27581223572231445},""_schema_version"":""1.0""}",,,,,,,,,,
20260522T181904Z-97bb42,2026-05-22T18:19:04.835948+00:00,MIR,vcp,absent,41.32,9.4,45.0,54.6,45.3,18.4,17.5,71.2,84.0,89.2,1.41,11.25,6.55,5.44,2.39,1.23,3.56,5.04,4.46,False,,18.2,20.22,16.5874,25.75,"{""trend"":{""T1_ema_stack"":{""value"":[false,false,false],""score"":0.0},""T2_ema50_slope"":{""value"":-0.20659992212613953,""score"":15.566679645643411},""T3_high_proximity"":{""value"":0.8168761220825852,""score"":8.438061041292578},""T4_rs_1m"":{""value"":-0.12091344394586723,""score"":0},""T5_rs_3m"":{""value"":-0.20769769379430036,""score"":0},""T6_adr_healthy"":{""value"":4.7836420482933075,""score"":100.0},""_score"":9.38},""geometry"":{""sub_contraction_count"":100.0,""sub_reduction_rate"":0,""sub_pivot_tightness"":0,""sub_volume_dryup"":0,""sub_base_depth"":100.0,""sub_base_duration"":100.0,""_score"":45.0},""compression"":{""VC1_atr_ratio"":{""value"":0.44596875836950967,""score"":100},""VC2_range_contraction"":{""value"":0.899875961637179,""score"":16.687339727136838},""VC3_range_pct_rank"":{""score"":35.0},""_score"":54.59},""sr_quality"":{""SR1_touches"":{""value"":2,""score"":25.0},""SR2_tightness"":{""value"":0.12445000000000128,""score"":68.47942107643567},""SR3_recency"":{""value"":231,""score"":0.0},""SR4_price_location"":{""score"":50.113988785968},""SR5_reaction"":{""value"":2.691786521935775,""score"":100},""_score"":45.3,""_levels_found"":5,""_target_level"":19.4145},""volume"":{""V1_rvol_day"":{""value"":0.6473255917096309,""score"":9.821706113975392},""V2_rvol_sameslot"":{""value"":0.8828507794998439,""score"":25.52338529998959,""status"":""ok""},""V3_breakout_bar"":{""value"":0.3480610554477552,""score"":0},""V4_base_dryup"":{""value"":0.9331654632023746,""score"":56.68345367976254},""V5_bo_expansion"":{""value"":0.647325591709631,""score"":0},""_score"":18.41},""readiness"":{""_distance_atr"":2.558,""BR1_atr_distance"":{""score"":0},""BR2_compression"":{""score"":0},""BR3_retest"":{""score"":50.0},""BR4_bo_age"":{""score"":50.0},""_score"":17.5},""risk"":{""R1_stop_clarity"":{""score"":36.02170963364964},""R2_stop_distance_pct"":{""value"":8.860439560439563,""score"":78.48901098901094},""R3_stop_distance_atr"":{""value"":2.0421890547263697,""score"":100.0},""R4_rr_potential"":{""value"":4.681880193476372,""score"":100.0},""_score"":71.15},""market"":{""M1_spy_regime"":{""score"":100.0},""M3_earnings_risk"":{""value"":null,""score"":80.0},""M4_vix"":{""value"":null,""score"":60.0},""_score"":84.0},""liquidity"":{""L1_price"":{""value"":18.2,""score"":100.0},""L2_dollar_vol"":{""value"":48566794.7902046,""score"":84.31697213797156},""L3_spread_proxy"":{""value"":0.045054945054945075,""score"":54.94505494505493},""L4_volume_zscore"":{""value"":-0.7864401773052769,""score"":100.0},""_score"":89.22},""pattern_structure"":{""n_contractions"":5,""contractions_pct"":[12.66,8.96,13.97,8.3,16.72],""descending_strict"":false,""final_low"":16.84,""final_pivot"":20.22,""structural_low"":16.84,""dry_up_ratio"":1.029166746796329,""current_price"":18.2,""neckline_distance_pct"":0.11098901098901097,""base_bars"":39},""pattern_geometry_features"":{""contraction_count"":5.0,""first_contraction_pct"":0.12655789003129186,""last_contraction_pct"":0.16716122650840748,""dry_up_ratio"":1.029166746796329,""near_monotone"":0.0,""base_depth_pct"":0.24720607957085386},""_schema_version"":""1.0""}",,,,,,,,,,
20260522T181904Z-97bb42,2026-05-22T18:19:04.835948+00:00,KTOS,double_bottom,absent,41.2,5.0,42.6,66.9,41.5,13.4,31.1,77.0,84.0,94.8,0.75,10.65,5.35,5.82,1.74,2.49,4.62,5.04,4.74,False,,55.37,58.63,53.0029,63.45,"{""trend"":{""T1_ema_stack"":{""value"":[false,false,false],""score"":0.0},""T2_ema50_slope"":{""value"":-1.113465531299405,""score"":0},""T3_high_proximity"":{""value"":0.5809463854789634,""score"":0},""T4_rs_1m"":{""value"":-0.21011955496922663,""score"":0},""T5_rs_3m"":{""value"":-0.5083962204487431,""score"":0},""T6_adr_healthy"":{""value"":5.225148703217973,""score"":100.0},""_score"":5.0},""geometry"":{""sub_low_similarity"":55.9,""sub_bounce_quality"":85.1,""sub_separation_fit"":0.0,""sub_right_bottom_reaction"":18.9,""sub_base_context"":30.0,""_score"":42.62},""compression"":{""VC1_atr_ratio"":{""value"":0.4415876087723721,""score"":100},""VC2_range_contraction"":{""value"":0.8998730717032132,""score"":16.687821382797804},""VC3_range_pct_rank"":{""score"":84.16666666666667},""_score"":66.88},""sr_quality"":{""SR1_touches"":{""value"":2,""score"":25.0},""SR2_tightness"":{""value"":0.14499999999999602,""score"":91.19019203645462},""SR3_recency"":{""value"":239,""score"":0.0},""SR4_price_location"":{""score"":21.486383855918405},""SR5_reaction"":{""value"":3.7548009113594425,""score"":100},""_score"":41.55,""_levels_found"":4,""_target_level"":63.985},""volume"":{""V1_rvol_day"":{""value"":0.3834860769216301,""score"":0},""V2_rvol_sameslot"":{""value"":0.5433750754855331,""score"":2.89167169903554,""status"":""ok""},""V3_breakout_bar"":{""value"":0.5340706262863176,""score"":2.2713750857545083},""V4_base_dryup"":{""value"":0.8886041708092843,""score"":61.139582919071565},""V5_bo_expansion"":{""value"":0.3834860769216301,""score"":0},""_score"":13.37},""readiness"":{""_distance_atr"":0.99,""BR1_atr_distance"":{""score"":33.977071353658005},""BR2_compression"":{""score"":0},""BR3_retest"":{""score"":50.0},""BR4_bo_age"":{""score"":50.0},""_score"":31.09},""risk"":{""R1_stop_clarity"":{""score"":50.95974829120105},""R2_stop_distance_pct"":{""value"":4.27514899765215,""score"":100.0},""R3_stop_distance_atr"":{""value"":0.7191081696864473,""score"":60.95540848432237},""R4_rr_potential"":{""value"":3.4133874067972125,""score"":100.0},""_score"":76.98},""market"":{""M1_spy_regime"":{""score"":100.0},""M3_earnings_risk"":{""value"":null,""score"":80.0},""M4_vix"":{""value"":null,""score"":60.0},""_score"":84.0},""liquidity"":{""L1_price"":{""value"":55.37,""score"":100.0},""L2_dollar_vol"":{""value"":88183136.30547805,""score"":97.26927704019937},""L3_spread_proxy"":{""value"":0.041358136174823895,""score"":58.6418638251761},""L4_volume_zscore"":{""value"":-1.506127236887997,""score"":100.0},""_score"":94.77},""pattern_structure"":{""left_low"":55.01,""left_idx"":22,""right_low"":53.81,""right_idx"":70,""separation_bars"":48,""structural_low"":53.81,""current_price"":55.62,""neckline_distance_pct"":0.05411722402013674,""base_bars"":48},""pattern_geometry_features"":{""low_similarity_pct"":0.022054769343870535,""bounce_pct"":0.08957442854488014,""right_bottom_reaction"":0.18852459016393203,""atr_pct"":0.059450708222606376},""_schema_version"":""1.0""}",,,,,,,,,,
20260522T181904Z-97bb42,2026-05-22T18:19:04.835948+00:00,EXLS,bull_flag,absent,41.03,17.7,47.7,54.0,34.6,7.0,40.1,72.6,84.0,82.4,2.47,14.31,4.86,3.46,0.98,3.61,2.18,5.04,4.12,True,risk_unclear,29.235,30.42,27.8164,34.0,"{""trend"":{""T1_ema_stack"":{""value"":[false,false,false],""score"":0.0},""T2_ema50_slope"":{""value"":-0.20794328888723407,""score"":15.34278518546099},""T3_high_proximity"":{""value"":0.8981566820276499,""score"":49.07834101382491},""T4_rs_1m"":{""value"":-0.09856235489762866,""score"":0},""T5_rs_3m"":{""value"":-0.07007289804441386,""score"":14.96355097779307},""T6_adr_healthy"":{""value"":4.0271535327214085,""score"":100.0},""_score"":17.67},""geometry"":{""sub_pole_impulse"":57.7,""sub_flag_tightness"":26.5,""sub_flag_shallowness"":0,""sub_flag_drift"":100,""sub_flag_duration"":87.5,""_score"":47.69},""compression"":{""VC1_atr_ratio"":{""value"":0.6141666543525484,""score"":96.45833641186292},""VC2_range_contraction"":{""value"":1.2710377667480581,""score"":0},""VC3_range_pct_rank"":{""score"":61.66666666666667},""_score"":54.0},""sr_quality"":{""SR1_touches"":{""value"":2,""score"":25.0},""SR2_tightness"":{""value"":0.28999999999999915,""score"":50.78638746628702},""SR3_recency"":{""value"":228,""score"":0.0},""SR4_price_location"":{""score"":18.05555555555567},""SR5_reaction"":{""value"":3.444952877359918,""score"":100},""_score"":34.63,""_levels_found"":7,""_target_level"":30.71},""volume"":{""V1_rvol_day"":{""value"":0.22015530022007,""score"":0},""V2_rvol_sameslot"":{""value"":0.47613504393895273,""score"":0,""status"":""ok""},""V3_breakout_bar"":{""value"":0.6630906008843028,""score"":10.872706725620189},""V4_base_dryup"":{""value"":1.2861981464474603,""score"":21.38018535525397},""V5_bo_expansion"":{""value"":0.22015530022007,""score"":0},""_score"":6.99},""readiness"":{""_distance_atr"":1.005,""BR1_atr_distance"":{""score"":32.9676656868389},""BR2_compression"":{""score"":37.59231456115083},""BR3_retest"":{""score"":50.0},""BR4_bo_age"":{""score"":50.0},""_score"":40.09},""risk"":{""R1_stop_clarity"":{""score"":28.114185278341722},""R2_stop_distance_pct"":{""value"":4.8524029416794985,""score"":100.0},""R3_stop_distance_atr"":{""value"":1.20369708172975,""score"":85.1848540864875},""R4_rr_potential"":{""value"":3.3589454391653715,""score"":100.0},""_score"":72.62},""market"":{""M1_spy_regime"":{""score"":100.0},""M3_earnings_risk"":{""value"":null,""score"":80.0},""M4_vix"":{""value"":null,""score"":60.0},""_score"":84.0},""liquidity"":{""L1_price"":{""value"":29.235,""score"":100.0},""L2_dollar_vol"":{""value"":17388563.874238648,""score"":62.013185749794616},""L3_spread_proxy"":{""value"":0.024285958611253666,""score"":75.71404138874634},""L4_volume_zscore"":{""value"":-2.3279795409551314,""score"":100.0},""_score"":82.38},""pattern_structure"":{""pole_low"":26.84,""pole_low_idx"":17,""peak_price"":30.42,""peak_idx"":38,""pole_gain"":0.13338301043219083,""flag_bars"":21,""flag_low"":28.24,""flag_high"":30.03,""structural_low"":28.24,""current_price"":29.295,""neckline_distance_pct"":0.03840245775729646,""base_bars"":21},""pattern_geometry_features"":{""pole_gain"":0.13338301043219083,""pullback_pct"":0.07166337935568715,""flag_range_pct"":0.058842866535174315,""flag_drift_per_bar"":2.8372378602785243e-05,""atr_pct"":0.04031249236482691,""pole_atr_multiple"":3.308726466849987},""_schema_version"":""1.0""}",,,,,,,,,,
20260522T181904Z-97bb42,2026-05-22T18:19:04.835948+00:00,EXE,double_bottom,absent,40.76,15.7,34.3,70.2,54.9,11.5,19.8,61.6,84.0,94.3,2.36,8.57,5.61,7.69,1.49,1.58,3.7,5.04,4.71,True,risk_unclear,97.5,100.8845,94.5945,105.734,"{""trend"":{""T1_ema_stack"":{""value"":[false,false,false],""score"":0.0},""T2_ema50_slope"":{""value"":-0.14744916401329272,""score"":25.42513933111788},""T3_high_proximity"":{""value"":0.8558637640449438,""score"":27.931882022471875},""T4_rs_1m"":{""value"":-0.042743965864665556,""score"":7.2560341353344455},""T5_rs_3m"":{""value"":-0.15055200002683744,""score"":0},""T6_adr_healthy"":{""value"":2.37422726956966,""score"":100.0},""_score"":15.73},""geometry"":{""sub_low_similarity"":57.0,""sub_bounce_quality"":29.3,""sub_separation_fit"":0.0,""sub_right_bottom_reaction"":35.5,""sub_base_context"":30.0,""_score"":34.28},""compression"":{""VC1_atr_ratio"":{""value"":0.36585438702562023,""score"":100},""VC2_range_contraction"":{""value"":0.8900202516080822,""score"":18.329958065319637},""VC3_range_pct_rank"":{""score"":95.0},""_score"":70.17},""sr_quality"":{""SR1_touches"":{""value"":2,""score"":25.0},""SR2_tightness"":{""value"":0.125,""score"":89.04809139524185},""SR3_recency"":{""value"":291,""score"":0.0},""SR4_price_location"":{""score"":76.1516510395436},""SR5_reaction"":{""value"":5.909649883127495,""score"":100},""_score"":54.9,""_levels_found"":7,""_target_level"":98.475},""volume"":{""V1_rvol_day"":{""value"":0.2374065683278889,""score"":0},""V2_rvol_sameslot"":{""value"":0.48431665920642175,""score"":0,""status"":""ok""},""V3_breakout_bar"":{""value"":0.45895229991493774,""score"":0},""V4_base_dryup"":{""value"":0.9257279630422074,""score"":57.42720369577926},""V5_bo_expansion"":{""value"":0.23740656832788892,""score"":0},""_score"":11.49},""readiness"":{""_distance_atr"":1.483,""BR1_atr_distance"":{""score"":1.155374205856134},""BR2_compression"":{""score"":7.392326916544456},""BR3_retest"":{""score"":50.0},""BR4_bo_age"":{""score"":50.0},""_score"":19.81},""risk"":{""R1_stop_clarity"":{""score"":0},""R2_stop_distance_pct"":{""value"":2.980025641025653,""score"":100.0},""R3_stop_distance_atr"":{""value"":1.2728417699536005,""score"":88.64208849768002},""R4_rr_potential"":{""value"":2.833911255280879,""score"":91.69556276404396},""_score"":61.64},""market"":{""M1_spy_regime"":{""score"":100.0},""M3_earnings_risk"":{""value"":null,""score"":80.0},""M4_vix"":{""value"":null,""score"":60.0},""_score"":84.0},""liquidity"":{""L1_price"":{""value"":97.5,""score"":100.0},""L2_dollar_vol"":{""value"":62535833.1016575,""score"":89.80644699433333},""L3_spread_proxy"":{""value"":0.016307692307692197,""score"":83.6923076923078},""L4_volume_zscore"":{""value"":-2.248786184495537,""score"":100.0},""_score"":94.29},""pattern_structure"":{""left_low"":96.035,""left_idx"":21,""right_low"":98.12,""right_idx"":68,""separation_bars"":47,""structural_low"":96.035,""current_price"":96.95,""neckline_distance_pct"":0.04058277462609592,""base_bars"":47},""pattern_geometry_features"":{""low_similarity_pct"":0.0214776853544849,""bounce_pct"":0.050497214557192756,""right_bottom_reaction"":0.3547107438016502,""atr_pct"":0.02341238095238095},""_schema_version"":""1.0""}",,,,,,,,,,
20260522T181904Z-97bb42,2026-05-22T18:19:04.835948+00:00,TRMB,vcp,absent,40.46,5.0,45.0,49.0,51.3,12.5,22.5,72.7,84.0,91.1,0.75,11.25,5.88,6.16,1.62,1.57,3.64,5.04,4.56,False,,56.31,69.79,53.7785,84.4225,"{""trend"":{""T1_ema_stack"":{""value"":[false,false,false],""score"":0.0},""T2_ema50_slope"":{""value"":-0.4227918503464761,""score"":0},""T3_high_proximity"":{""value"":0.7991768379222255,""score"":0},""T4_rs_1m"":{""value"":-0.2152587243387063,""score"":0},""T5_rs_3m"":{""value"":-0.2347566225920873,""score"":0},""T6_adr_healthy"":{""value"":3.4675837880472056,""score"":100.0},""_score"":5.0},""geometry"":{""sub_contraction_count"":100.0,""sub_reduction_rate"":0,""sub_pivot_tightness"":0,""sub_volume_dryup"":0,""sub_base_depth"":100.0,""sub_base_duration"":100.0,""_score"":45.0},""compression"":{""VC1_atr_ratio"":{""value"":0.3757388404212811,""score"":100},""VC2_range_contraction"":{""value"":1.199485070208348,""score"":0},""VC3_range_pct_rank"":{""score"":35.83333333333333},""_score"":48.96},""sr_quality"":{""SR1_touches"":{""value"":5,""score"":100},""SR2_tightness"":{""value"":0.6897957390416353,""score"":42.24232901368479},""SR3_recency"":{""value"":258,""score"":0.0},""SR4_price_location"":{""score"":0},""SR5_reaction"":{""value"":2.0158288526982497,""score"":100},""_score"":51.34,""_levels_found"":6,""_target_level"":64.296},""volume"":{""V1_rvol_day"":{""value"":0.3712682315219172,""score"":0},""V2_rvol_sameslot"":{""value"":1.0826476997191292,""score"":38.843179981275284,""status"":""ok""},""V3_breakout_bar"":{""value"":0.7835427690323603,""score"":18.90285126882402},""V4_base_dryup"":{""value"":1.5293979628101766,""score"":0},""V5_bo_expansion"":{""value"":0.3712682315219171,""score"":0},""_score"":12.49},""readiness"":{""_distance_atr"":5.644,""BR1_atr_distance"":{""score"":0},""BR2_compression"":{""score"":19.888739062769},""BR3_retest"":{""score"":50.0},""BR4_bo_age"":{""score"":50.0},""_score"":22.47},""risk"":{""R1_stop_clarity"":{""score"":31.426995053857553},""R2_stop_distance_pct"":{""value"":4.495582489788676,""score"":100.0},""R3_stop_distance_atr"":{""value"":1.0598164783703456,""score"":77.99082391851728},""R4_rr_potential"":{""value"":11.105240547707096,""score"":100.0},""_score"":72.7},""market"":{""M1_spy_regime"":{""score"":100.0},""M3_earnings_risk"":{""value"":null,""score"":80.0},""M4_vix"":{""value"":null,""score"":60.0},""_score"":84.0},""liquidity"":{""L1_price"":{""value"":56.31,""score"":100.0},""L2_dollar_vol"":{""value"":50547627.202611156,""score"":85.18503869170324},""L3_spread_proxy"":{""value"":0.02965725448410587,""score"":70.34274551589414},""L4_volume_zscore"":{""value"":-1.69643535997716,""score"":100.0},""_score"":91.11},""pattern_structure"":{""n_contractions"":5,""contractions_pct"":[6.83,6.08,8.8,7.01,21.77],""descending_strict"":false,""final_low"":54.5975,""final_pivot"":69.79,""structural_low"":54.5975,""dry_up_ratio"":1.3590334522011067,""current_price"":56.31,""neckline_distance_pct"":0.23938909607529751,""base_bars"":63},""pattern_geometry_features"":{""contraction_count"":5.0,""first_contraction_pct"":0.06832298136645969,""last_contraction_pct"":0.2176887806275972,""dry_up_ratio"":1.3590334522011067,""near_monotone"":0.0,""base_depth_pct"":0.21136068178535328},""_schema_version"":""1.0""}",,,,,,,,,,
20260522T181904Z-97bb42,2026-05-22T18:19:04.835948+00:00,TTAN,vcp,absent,40.4,17.2,38.8,60.5,47.3,15.2,20.5,53.6,84.0,81.3,2.58,9.69,7.26,5.67,1.98,1.44,2.68,5.04,4.07,False,,62.43,68.4899,53.3575,109.3199,"{""trend"":{""T1_ema_stack"":{""value"":[true,false,false],""score"":33.33333333333333},""T2_ema50_slope"":{""value"":-0.30668175894296684,""score"":0},""T3_high_proximity"":{""value"":0.752622061482821,""score"":0},""T4_rs_1m"":{""value"":-0.03058661048059519,""score"":19.41338951940481},""T5_rs_3m"":{""value"":-0.10028497260826497,""score"":0},""T6_adr_healthy"":{""value"":5.385765399600091,""score"":100.0},""_score"":17.22},""geometry"":{""sub_contraction_count"":100.0,""sub_reduction_rate"":15.0,""sub_pivot_tightness"":0,""sub_volume_dryup"":0,""sub_base_depth"":0.0,""sub_base_duration"":100.0,""_score"":38.75},""compression"":{""VC1_atr_ratio"":{""value"":0.4136815571712532,""score"":100},""VC2_range_contraction"":{""value"":0.991735904006968,""score"":1.377349332172003},""VC3_range_pct_rank"":{""score"":80.0},""_score"":60.48},""sr_quality"":{""SR1_touches"":{""value"":2,""score"":25.0},""SR2_tightness"":{""value"":0.600049999999996,""score"":65.41384648321088},""SR3_recency"":{""value"":228,""score"":0.0},""SR4_price_location"":{""score"":59.85229520218669},""SR5_reaction"":{""value"":3.028918202328607,""score"":100},""_score"":47.28,""_levels_found"":5,""_target_level"":65.1399},""volume"":{""V1_rvol_day"":{""value"":0.2697032436807981,""score"":0},""V2_rvol_sameslot"":{""value"":0.5890012715070213,""score"":5.933418100468088,""status"":""ok""},""V3_breakout_bar"":{""value"":0.7595733148947821,""score"":17.304887659652138},""V4_base_dryup"":{""value"":1.015831231574926,""score"":48.41687684250739},""V5_bo_expansion"":{""value"":0.2697032436807981,""score"":0},""_score"":15.2},""readiness"":{""_distance_atr"":1.746,""BR1_atr_distance"":{""score"":0},""BR2_compression"":{""score"":12.162437550572669},""BR3_retest"":{""score"":50.0},""BR4_bo_age"":{""score"":50.0},""_score"":20.54},""risk"":{""R1_stop_clarity"":{""score"":53.165604466182394},""R2_stop_distance_pct"":{""value"":14.532356238987665,""score"":0.0},""R3_stop_distance_atr"":{""value"":2.6146538379197346,""score"":100.0},""R4_rr_potential"":{""value"":5.16832643523596,""score"":100.0},""_score"":53.61},""market"":{""M1_spy_regime"":{""score"":100.0},""M3_earnings_risk"":{""value"":null,""score"":80.0},""M4_vix"":{""value"":null,""score"":60.0},""_score"":84.0},""liquidity"":{""L1_price"":{""value"":62.43,""score"":100.0},""L2_dollar_vol"":{""value"":17609780.72592231,""score"":62.287697411893504},""L3_spread_proxy"":{""value"":0.03604036520903412,""score"":63.95963479096588},""L4_volume_zscore"":{""value"":-1.9819446138966303,""score"":100.0},""_score"":81.31},""pattern_structure"":{""n_contractions"":5,""contractions_pct"":[36.24,28.52,15.99,14.43,20.91],""descending_strict"":false,""final_low"":54.17,""final_pivot"":68.4899,""structural_low"":54.17,""dry_up_ratio"":1.1049686700293693,""current_price"":62.43,""neckline_distance_pct"":0.09706711516898936,""base_bars"":74},""pattern_geometry_features"":{""contraction_count"":5.0,""first_contraction_pct"":0.3624210526315789,""last_contraction_pct"":0.20908046295877206,""dry_up_ratio"":1.1049686700293693,""near_monotone"":0.0,""base_depth_pct"":0.4297894736842105},""_schema_version"":""1.0""}",,,,,,,,,,
20260522T181904Z-97bb42,2026-05-22T18:19:04.835948+00:00,SRAD,double_bottom,absent,40.33,5.8,39.8,88.7,42.8,6.3,26.9,74.5,84.0,78.6,0.87,9.96,7.09,5.99,0.82,2.15,4.47,5.04,3.93,False,,13.02,13.73,12.4329,14.8378,"{""trend"":{""T1_ema_stack"":{""value"":[false,false,false],""score"":0.0},""T2_ema50_slope"":{""value"":-0.9200969646935715,""score"":0},""T3_high_proximity"":{""value"":0.6612493651599797,""score"":0},""T4_rs_1m"":{""value"":-0.04590269947330139,""score"":4.097300526698611},""T5_rs_3m"":{""value"":-0.33720321249538143,""score"":0},""T6_adr_healthy"":{""value"":5.788585797183768,""score"":100.0},""_score"":5.82},""geometry"":{""sub_low_similarity"":48.7,""sub_bounce_quality"":82.5,""sub_separation_fit"":0.0,""sub_right_bottom_reaction"":18.2,""sub_base_context"":30.0,""_score"":39.84},""compression"":{""VC1_atr_ratio"":{""value"":0.22784357900339391,""score"":100},""VC2_range_contraction"":{""value"":0.4656932314909494,""score"":89.05112808484176},""VC3_range_pct_rank"":{""score"":70.0},""_score"":88.67},""sr_quality"":{""SR1_touches"":{""value"":2,""score"":25.0},""SR2_tightness"":{""value"":0.13004999999999978,""score"":57.985462097611716},""SR3_recency"":{""value"":236,""score"":0.0},""SR4_price_location"":{""score"":46.46021520233509},""SR5_reaction"":{""value"":5.120491519556939,""score"":100},""_score"":42.81,""_levels_found"":5,""_target_level"":14.5699},""volume"":{""V1_rvol_day"":{""value"":0.25121894178569776,""score"":0},""V2_rvol_sameslot"":{""value"":0.5078256303015763,""score"":0.5217086867717564,""status"":""ok""},""V3_breakout_bar"":{""value"":0.7377458672876973,""score"":15.849724485846487},""V4_base_dryup"":{""value"":1.3890283623131097,""score"":11.097163768689029},""V5_bo_expansion"":{""value"":0.2512189417856977,""score"":0},""_score"":6.29},""readiness"":{""_distance_atr"":1.147,""BR1_atr_distance"":{""score"":23.541402253759415},""BR2_compression"":{""score"":0},""BR3_retest"":{""score"":50.0},""BR4_bo_age"":{""score"":50.0},""_score"":26.92},""risk"":{""R1_stop_clarity"":{""score"":38.83322949117359},""R2_stop_distance_pct"":{""value"":4.5094700460829475,""score"":100.0},""R3_stop_distance_atr"":{""value"":0.9484091381100718,""score"":72.42045690550358},""R4_rr_potential"":{""value"":3.096061710038446,""score"":100.0},""_score"":74.45},""market"":{""M1_spy_regime"":{""score"":100.0},""M3_earnings_risk"":{""value"":null,""score"":80.0},""M4_vix"":{""value"":null,""score"":60.0},""_score"":84.0},""liquidity"":{""L1_price"":{""value"":13.02,""score"":100.0},""L2_dollar_vol"":{""value"":12376460.132742299,""score"":54.629822360826765},""L3_spread_proxy"":{""value"":0.032258064516129024,""score"":67.74193548387098},""L4_volume_zscore"":{""value"":-1.2606299036643696,""score"":100.0},""_score"":78.63},""pattern_structure"":{""left_low"":12.6222,""left_idx"":28,""right_low"":12.95,""right_idx"":75,""separation_bars"":47,""structural_low"":12.6222,""current_price"":13.085,""neckline_distance_pct"":0.049293083683607145,""base_bars"":47},""pattern_geometry_features"":{""low_similarity_pct"":0.02563721541361321,""bounce_pct"":0.08776599958802753,""right_bottom_reaction"":0.1818181818181855,""atr_pct"":0.04754772876892695},""_schema_version"":""1.0""}",,,,,,,,,,
20260522T181904Z-97bb42,2026-05-22T18:19:04.835948+00:00,WAY,bull_flag,absent,40.33,5.0,34.7,66.0,48.7,26.7,36.4,75.7,84.0,81.6,0.7,10.41,5.94,4.87,3.74,3.27,2.27,5.04,4.08,False,,19.2501,20.39,18.3801,22.76,"{""trend"":{""T1_ema_stack"":{""value"":[false,false,false],""score"":0.0},""T2_ema50_slope"":{""value"":-0.7891626310054437,""score"":0},""T3_high_proximity"":{""value"":0.7148199034533977,""score"":0},""T4_rs_1m"":{""value"":-0.28055311358588386,""score"":0},""T5_rs_3m"":{""value"":-0.30494405028250593,""score"":0},""T6_adr_healthy"":{""value"":5.109392429649731,""score"":100.0},""_score"":5.0},""geometry"":{""sub_pole_impulse"":38.4,""sub_flag_tightness"":2.7,""sub_flag_shallowness"":0,""sub_flag_drift"":91.6,""sub_flag_duration"":87.5,""_score"":34.69},""compression"":{""VC1_atr_ratio"":{""value"":0.4737516399520378,""score"":100},""VC2_range_contraction"":{""value"":0.871607193443938,""score"":21.398801092677},""VC3_range_pct_rank"":{""score"":74.16666666666667},""_score"":66.03},""sr_quality"":{""SR1_touches"":{""value"":3,""score"":50.0},""SR2_tightness"":{""value"":0.22547480765905803,""score"":54.846254742398024},""SR3_recency"":{""value"":235,""score"":0.0},""SR4_price_location"":{""score"":41.97746294568908},""SR5_reaction"":{""value"":4.742841168319081,""score"":100},""_score"":48.72,""_levels_found"":5,""_target_level"":21.1817},""volume"":{""V1_rvol_day"":{""value"":0.32979437550738444,""score"":0},""V2_rvol_sameslot"":{""value"":1.078103470791546,""score"":38.540231386103066,""status"":""ok""},""V3_breakout_bar"":{""value"":1.1765247139700434,""score"":45.1016475980029},""V4_base_dryup"":{""value"":1.1124926672314122,""score"":38.75073327685878},""V5_bo_expansion"":{""value"":0.32979437550738444,""score"":0},""_score"":26.73},""readiness"":{""_distance_atr"":1.141,""BR1_atr_distance"":{""score"":23.907605239029934},""BR2_compression"":{""score"":37.13706276268323},""BR3_retest"":{""score"":50.0},""BR4_bo_age"":{""score"":50.0},""_score"":36.35},""risk"":{""R1_stop_clarity"":{""score"":43.94702703676916},""R2_stop_distance_pct"":{""value"":4.519457041781607,""score"":100.0},""R3_stop_distance_atr"":{""value"":0.8711340921402402,""score"":68.55670460701201},""R4_rr_potential"":{""value"":4.034367816091952,""score"":100.0},""_score"":75.66},""market"":{""M1_spy_regime"":{""score"":100.0},""M3_earnings_risk"":{""value"":null,""score"":80.0},""M4_vix"":{""value"":null,""score"":60.0},""_score"":84.0},""liquidity"":{""L1_price"":{""value"":19.2501,""score"":100.0},""L2_dollar_vol"":{""value"":17187082.46601797,""score"":61.76010803898748},""L3_spread_proxy"":{""value"":0.030649191432771773,""score"":69.35080856722823},""L4_volume_zscore"":{""value"":-1.1972683479728636,""score"":100.0},""_score"":81.64},""pattern_structure"":{""pole_low"":18.02,""pole_low_idx"":32,""peak_price"":20.39,""peak_idx"":38,""pole_gain"":0.1315205327413985,""flag_bars"":21,""flag_low"":18.66,""flag_high"":20.225,""structural_low"":18.66,""current_price"":19.32,""neckline_distance_pct"":0.055383022774327134,""base_bars"":21},""pattern_geometry_features"":{""pole_gain"":0.1315205327413985,""pullback_pct"":0.08484551250613047,""flag_range_pct"":0.07675331044629727,""flag_drift_per_bar"":-0.0016730122879191098,""atr_pct"":0.05188015349827496,""pole_atr_multiple"":2.535083724179259},""_schema_version"":""1.0""}",,,,,,,,,,
20260522T181904Z-97bb42,2026-05-22T18:19:04.835948+00:00,WK,vcp,absent,39.75,5.0,39.3,54.8,66.9,8.3,24.3,55.5,84.0,79.2,0.75,9.84,6.57,8.03,1.08,1.7,2.77,5.04,3.96,False,,50.045,57.01,42.6899,81.56,"{""trend"":{""T1_ema_stack"":{""value"":[false,false,false],""score"":0.0},""T2_ema50_slope"":{""value"":-0.6398597416673529,""score"":0},""T3_high_proximity"":{""value"":0.7711093990755007,""score"":0},""T4_rs_1m"":{""value"":-0.0963048526078677,""score"":0},""T5_rs_3m"":{""value"":-0.22651490037233946,""score"":0},""T6_adr_healthy"":{""value"":5.089670746729634,""score"":100.0},""_score"":5.0},""geometry"":{""sub_contraction_count"":100.0,""sub_reduction_rate"":0,""sub_pivot_tightness"":0,""sub_volume_dryup"":3.3,""sub_base_depth"":38.4,""sub_base_duration"":100.0,""_score"":39.34},""compression"":{""VC1_atr_ratio"":{""value"":0.4888767771358026,""score"":100},""VC2_range_contraction"":{""value"":1.4174926512826154,""score"":0},""VC3_range_pct_rank"":{""score"":59.166666666666664},""_score"":54.79},""sr_quality"":{""SR1_touches"":{""value"":4,""score"":75.0},""SR2_tightness"":{""value"":0.5502769189235556,""score"":64.8985332467791},""SR3_recency"":{""value"":228,""score"":0.0},""SR4_price_location"":{""score"":83.31525985934586},""SR5_reaction"":{""value"":1.8466837833096783,""score"":92.33418916548392},""_score"":66.91,""_levels_found"":6,""_target_level"":51.7888},""volume"":{""V1_rvol_day"":{""value"":0.19957881649282166,""score"":0},""V2_rvol_sameslot"":{""value"":0.3216518267999431,""score"":0,""status"":""ok""},""V3_breakout_bar"":{""value"":0.3326424832914949,""score"":0},""V4_base_dryup"":{""value"":1.084646581022425,""score"":41.53534189775749},""V5_bo_expansion"":{""value"":0.19957881649282166,""score"":0},""_score"":8.31},""readiness"":{""_distance_atr"":2.221,""BR1_atr_distance"":{""score"":0},""BR2_compression"":{""score"":27.184292718548537},""BR3_retest"":{""score"":50.0},""BR4_bo_age"":{""score"":50.0},""_score"":24.3},""risk"":{""R1_stop_clarity"":{""score"":58.5309455084758},""R2_stop_distance_pct"":{""value"":14.696972724547908,""score"":0.0},""R3_stop_distance_atr"":{""value"":2.3458625033887768,""score"":100.0},""R4_rr_potential"":{""value"":4.284781988008321,""score"":100.0},""_score"":55.49},""market"":{""M1_spy_regime"":{""score"":100.0},""M3_earnings_risk"":{""value"":null,""score"":80.0},""M4_vix"":{""value"":null,""score"":60.0},""_score"":84.0},""liquidity"":{""L1_price"":{""value"":50.045,""score"":100.0},""L2_dollar_vol"":{""value"":13565279.52777878,""score"":56.621437365703066},""L3_spread_proxy"":{""value"":0.03396942751523634,""score"":66.03057248476367},""L4_volume_zscore"":{""value"":-1.767644966450228,""score"":100.0},""_score"":79.25},""pattern_structure"":{""n_contractions"":5,""contractions_pct"":[16.88,7.85,10.24,13.63,23.98],""descending_strict"":false,""final_low"":43.34,""final_pivot"":57.01,""structural_low"":43.34,""dry_up_ratio"":0.983733411984426,""current_price"":50.045,""neckline_distance_pct"":0.13917474273154154,""base_bars"":57},""pattern_geometry_features"":{""contraction_count"":5.0,""first_contraction_pct"":0.16880247459125056,""last_contraction_pct"":0.23978249429924567,""dry_up_ratio"":0.983733411984426,""near_monotone"":0.0,""base_depth_pct"":0.3616143761967889},""_schema_version"":""1.0""}",,,,,,,,,,
20260522T181904Z-97bb42,2026-05-22T18:19:04.835948+00:00,FRMI,bull_flag,absent,39.66,18.3,33.4,51.8,60.6,18.2,26.4,70.8,84.0,85.2,2.56,10.02,4.66,6.07,2.55,2.38,2.12,5.04,4.26,False,,6.15,6.92,5.5259,8.71,"{""trend"":{""T1_ema_stack"":{""value"":[true,false,false],""score"":33.33333333333333},""T2_ema50_slope"":{""value"":-0.6207946785390505,""score"":0},""T3_high_proximity"":{""value"":0.5216284987277354,""score"":0},""T4_rs_1m"":{""value"":-0.016353673703345395,""score"":33.64632629665461},""T5_rs_3m"":{""value"":-0.41064733799007413,""score"":0},""T6_adr_healthy"":{""value"":9.433385461262684,""score"":64.16536346843289},""_score"":18.27},""geometry"":{""sub_pole_impulse"":56.1,""sub_flag_tightness"":11.6,""sub_flag_shallowness"":0,""sub_flag_drift"":91.1,""sub_flag_duration"":0.0,""_score"":33.39},""compression"":{""VC1_atr_ratio"":{""value"":0.6842357350007633,""score"":78.94106624980918},""VC2_range_contraction"":{""value"":1.0703515955082374,""score"":0},""VC3_range_pct_rank"":{""score"":80.83333333333333},""_score"":51.78},""sr_quality"":{""SR1_touches"":{""value"":3,""score"":50.0},""SR2_tightness"":{""value"":0.0984321537348894,""score"":70.22910329156376},""SR3_recency"":{""value"":67,""score"":38.333333333333336},""SR4_price_location"":{""score"":57.46164574616457},""SR5_reaction"":{""value"":3.765514112576556,""score"":100},""_score"":60.65,""_levels_found"":6,""_target_level"":7.1667},""volume"":{""V1_rvol_day"":{""value"":0.41073134697225855,""score"":0},""V2_rvol_sameslot"":{""value"":1.1310477675938606,""score"":42.06985117292404,""status"":""ok""},""V3_breakout_bar"":{""value"":1.0889763033026765,""score"":39.2650868868451},""V4_base_dryup"":{""value"":1.7982144716829438,""score"":0},""V5_bo_expansion"":{""value"":0.41073134697225855,""score"":0},""_score"":18.23},""readiness"":{""_distance_atr"":1.164,""BR1_atr_distance"":{""score"":22.370927264151362},""BR2_compression"":{""score"":0},""BR3_retest"":{""score"":50.0},""BR4_bo_age"":{""score"":50.0},""_score"":26.45},""risk"":{""R1_stop_clarity"":{""score"":74.54875401017527},""R2_stop_distance_pct"":{""value"":10.14878048780488,""score"":46.280487804878014},""R3_stop_distance_atr"":{""value"":0.9438737483392202,""score"":72.19368741696101},""R4_rr_potential"":{""value"":4.101578146278939,""score"":100.0},""_score"":70.81},""market"":{""M1_spy_regime"":{""score"":100.0},""M3_earnings_risk"":{""value"":null,""score"":80.0},""M4_vix"":{""value"":null,""score"":60.0},""_score"":84.0},""liquidity"":{""L1_price"":{""value"":6.15,""score"":98.075},""L2_dollar_vol"":{""value"":39285294.8670465,""score"":79.71150086074617},""L3_spread_proxy"":{""value"":0.06167479674796758,""score"":38.325203252032416},""L4_volume_zscore"":{""value"":-0.8740275153553632,""score"":100.0},""_score"":85.24},""pattern_structure"":{""pole_low"":5.13,""pole_low_idx"":11,""peak_price"":6.92,""peak_idx"":30,""pole_gain"":0.34892787524366475,""flag_bars"":29,""flag_low"":5.61,""flag_high"":6.89,""structural_low"":5.61,""current_price"":6.215,""neckline_distance_pct"":0.11343523732904265,""base_bars"":29},""pattern_geometry_features"":{""pole_gain"":0.34892787524366475,""pullback_pct"":0.18930635838150284,""flag_range_pct"":0.18497109826589586,""flag_drift_per_bar"":-0.0017876898810679793,""atr_pct"":0.10752264808362373,""pole_atr_multiple"":3.2451570107564},""_schema_version"":""1.0""}",,,,,,,,,,
20260522T181904Z-97bb42,2026-05-22T18:19:04.835948+00:00,MIR,double_bottom,absent,39.43,9.4,37.9,54.6,45.3,17.4,20.7,73.4,84.0,89.2,1.41,9.48,4.37,6.34,2.27,1.66,4.41,5.04,4.46,False,,18.2,19.29,17.07,21.25,"{""trend"":{""T1_ema_stack"":{""value"":[false,false,false],""score"":0.0},""T2_ema50_slope"":{""value"":-0.20659992212613953,""score"":15.566679645643411},""T3_high_proximity"":{""value"":0.8168761220825852,""score"":8.438061041292578},""T4_rs_1m"":{""value"":-0.12091344394586723,""score"":0},""T5_rs_3m"":{""value"":-0.20769769379430036,""score"":0},""T6_adr_healthy"":{""value"":4.7836420482933075,""score"":100.0},""_score"":9.38},""geometry"":{""sub_low_similarity"":5.4,""sub_bounce_quality"":100,""sub_separation_fit"":13.3,""sub_right_bottom_reaction"":55.4,""sub_base_context"":30.0,""_score"":37.92},""compression"":{""VC1_atr_ratio"":{""value"":0.44596875836950967,""score"":100},""VC2_range_contraction"":{""value"":0.899875961637179,""score"":16.687339727136838},""VC3_range_pct_rank"":{""score"":35.0},""_score"":54.59},""sr_quality"":{""SR1_touches"":{""value"":2,""score"":25.0},""SR2_tightness"":{""value"":0.12445000000000128,""score"":68.47942107643567},""SR3_recency"":{""value"":231,""score"":0.0},""SR4_price_location"":{""score"":50.113988785968},""SR5_reaction"":{""value"":2.691786521935775,""score"":100},""_score"":45.3,""_levels_found"":5,""_target_level"":19.4145},""volume"":{""V1_rvol_day"":{""value"":0.6473255917096309,""score"":9.821706113975392},""V2_rvol_sameslot"":{""value"":0.8828507794998439,""score"":25.52338529998959,""status"":""ok""},""V3_breakout_bar"":{""value"":0.3480610554477552,""score"":0},""V4_base_dryup"":{""value"":0.9812714081416594,""score"":51.872859185834066},""V5_bo_expansion"":{""value"":0.647325591709631,""score"":0},""_score"":17.44},""readiness"":{""_distance_atr"":1.38,""BR1_atr_distance"":{""score"":7.975275139454226},""BR2_compression"":{""score"":0},""BR3_retest"":{""score"":50.0},""BR4_bo_age"":{""score"":50.0},""_score"":20.69},""risk"":{""R1_stop_clarity"":{""score"":34.16010854816825},""R2_stop_distance_pct"":{""value"":6.2085164835164885,""score"":100.0},""R3_stop_distance_atr"":{""value"":1.4309633649932174,""score"":96.54816824966088},""R4_rr_potential"":{""value"":2.699234479401742,""score"":84.96172397008709},""_score"":73.43},""market"":{""M1_spy_regime"":{""score"":100.0},""M3_earnings_risk"":{""value"":null,""score"":80.0},""M4_vix"":{""value"":null,""score"":60.0},""_score"":84.0},""liquidity"":{""L1_price"":{""value"":18.2,""score"":100.0},""L2_dollar_vol"":{""value"":48566794.7902046,""score"":84.31697213797156},""L3_spread_proxy"":{""value"":0.045054945054945075,""score"":54.94505494505493},""L4_volume_zscore"":{""value"":-0.7864401773052769,""score"":100.0},""_score"":89.22},""pattern_structure"":{""left_low"":18.17,""left_idx"":29,""right_low"":17.33,""right_idx"":72,""separation_bars"":43,""structural_low"":17.33,""current_price"":18.31,""neckline_distance_pct"":0.05352266521026764,""base_bars"":43},""pattern_geometry_features"":{""low_similarity_pct"":0.047323943661972026,""bounce_pct"":0.11309867282169654,""right_bottom_reaction"":0.5535714285714304,""atr_pct"":0.04338697017268445},""_schema_version"":""1.0""}",,,,,,,,,,
20260522T181904Z-97bb42,2026-05-22T18:19:04.835948+00:00,PEGA,bull_flag,absent,39.39,5.0,32.5,64.1,56.3,18.0,42.9,66.0,84.0,83.0,0.7,9.74,5.77,5.63,2.52,3.86,1.98,5.04,4.15,False,,34.205,35.49,31.52,38.75,"{""trend"":{""T1_ema_stack"":{""value"":[false,false,false],""score"":0.0},""T2_ema50_slope"":{""value"":-0.6641498409829516,""score"":0},""T3_high_proximity"":{""value"":0.7231501057082452,""score"":0},""T4_rs_1m"":{""value"":-0.08485041512561875,""score"":0},""T5_rs_3m"":{""value"":-0.280709813386673,""score"":0},""T6_adr_healthy"":{""value"":4.618681627101159,""score"":100.0},""_score"":5.0},""geometry"":{""sub_pole_impulse"":29.0,""sub_flag_tightness"":0,""sub_flag_shallowness"":0,""sub_flag_drift"":100,""sub_flag_duration"":87.5,""_score"":32.45},""compression"":{""VC1_atr_ratio"":{""value"":0.2580000380210579,""score"":100},""VC2_range_contraction"":{""value"":0.8942322500702309,""score"":17.62795832162819},""VC3_range_pct_rank"":{""score"":71.66666666666667},""_score"":64.09},""sr_quality"":{""SR1_touches"":{""value"":2,""score"":25.0},""SR2_tightness"":{""value"":0.2375000000000007,""score"":70.36898412401352},""SR3_recency"":{""value"":242,""score"":0.0},""SR4_price_location"":{""score"":93.1224852624683},""SR5_reaction"":{""value"":2.2316833536071856,""score"":100},""_score"":56.34,""_levels_found"":7,""_target_level"":34.5725},""volume"":{""V1_rvol_day"":{""value"":0.33029995650337557,""score"":0},""V2_rvol_sameslot"":{""value"":0.7005279065627888,""score"":13.368527104185922,""status"":""ok""},""V3_breakout_bar"":{""value"":0.6086940621880729,""score"":7.246270812538191},""V4_base_dryup"":{""value"":0.8238090889579159,""score"":67.61909110420841},""V5_bo_expansion"":{""value"":0.33029995650337546,""score"":0},""_score"":18.01},""readiness"":{""_distance_atr"":0.802,""BR1_atr_distance"":{""score"":46.560202946466504},""BR2_compression"":{""score"":27.221273974212444},""BR3_retest"":{""score"":50.0},""BR4_bo_age"":{""score"":50.0},""_score"":42.93},""risk"":{""R1_stop_clarity"":{""score"":40.114157387480084},""R2_stop_distance_pct"":{""value"":7.84972957170004,""score"":100.0},""R3_stop_distance_atr"":{""value"":1.674932160568914,""score"":100.0},""R4_rr_potential"":{""value"":1.692737430167602,""score"":34.636871508380096},""_score"":65.97},""market"":{""M1_spy_regime"":{""score"":100.0},""M3_earnings_risk"":{""value"":null,""score"":80.0},""M4_vix"":{""value"":null,""score"":60.0},""_score"":84.0},""liquidity"":{""L1_price"":{""value"":34.205,""score"":100.0},""L2_dollar_vol"":{""value"":21150131.78357905,""score"":66.26565388745114},""L3_spread_proxy"":{""value"":0.034644057886274005,""score"":65.355942113726},""L4_volume_zscore"":{""value"":-2.9663945982859006,""score"":100.0},""_score"":83.04},""pattern_structure"":{""pole_low"":32.23,""pole_low_idx"":20,""peak_price"":35.49,""peak_idx"":38,""pole_gain"":0.10114799875892043,""flag_bars"":21,""flag_low"":32.0,""flag_high"":35.305,""structural_low"":32.0,""current_price"":34.47,""neckline_distance_pct"":0.02959094865100096,""base_bars"":21},""pattern_geometry_features"":{""pole_gain"":0.10114799875892043,""pullback_pct"":0.09833755987602147,""flag_range_pct"":0.09312482389405465,""flag_drift_per_bar"":0.0012717627600133993,""atr_pct"":0.04686595526969744,""pole_atr_multiple"":2.158240415176614},""_schema_version"":""1.0""}",,,,,,,,,,
20260522T181904Z-97bb42,2026-05-22T18:19:04.835948+00:00,KTOS,vcp,absent,39.34,5.0,35.0,66.9,41.5,13.4,17.5,81.7,84.0,94.8,0.75,8.75,8.03,4.99,1.74,1.23,4.09,5.04,4.74,False,,55.37,64.13,50.8851,106.14,"{""trend"":{""T1_ema_stack"":{""value"":[false,false,false],""score"":0.0},""T2_ema50_slope"":{""value"":-1.113465531299405,""score"":0},""T3_high_proximity"":{""value"":0.5809463854789634,""score"":0},""T4_rs_1m"":{""value"":-0.21011955496922663,""score"":0},""T5_rs_3m"":{""value"":-0.5083962204487431,""score"":0},""T6_adr_healthy"":{""value"":5.225148703217973,""score"":100.0},""_score"":5.0},""geometry"":{""sub_contraction_count"":100.0,""sub_reduction_rate"":0,""sub_pivot_tightness"":0,""sub_volume_dryup"":0,""sub_base_depth"":0.0,""sub_base_duration"":100.0,""_score"":35.0},""compression"":{""VC1_atr_ratio"":{""value"":0.4415876087723721,""score"":100},""VC2_range_contraction"":{""value"":0.8998730717032132,""score"":16.687821382797804},""VC3_range_pct_rank"":{""score"":84.16666666666667},""_score"":66.88},""sr_quality"":{""SR1_touches"":{""value"":2,""score"":25.0},""SR2_tightness"":{""value"":0.14499999999999602,""score"":91.19019203645462},""SR3_recency"":{""value"":239,""score"":0.0},""SR4_price_location"":{""score"":21.486383855918405},""SR5_reaction"":{""value"":3.7548009113594425,""score"":100},""_score"":41.55,""_levels_found"":4,""_target_level"":63.985},""volume"":{""V1_rvol_day"":{""value"":0.3834860769216301,""score"":0},""V2_rvol_sameslot"":{""value"":0.5433750754855331,""score"":2.89167169903554,""status"":""ok""},""V3_breakout_bar"":{""value"":0.5340706262863176,""score"":2.2713750857545083},""V4_base_dryup"":{""value"":0.8886041708092843,""score"":61.139582919071565},""V5_bo_expansion"":{""value"":0.3834860769216301,""score"":0},""_score"":13.37},""readiness"":{""_distance_atr"":2.661,""BR1_atr_distance"":{""score"":0},""BR2_compression"":{""score"":0},""BR3_retest"":{""score"":50.0},""BR4_bo_age"":{""score"":50.0},""_score"":17.5},""risk"":{""R1_stop_clarity"":{""score"":52.91917109688605},""R2_stop_distance_pct"":{""value"":8.09987357774969,""score"":97.50316055625774},""R3_stop_distance_atr"":{""value"":1.3624519908864063,""score"":93.12259954432032},""R4_rr_potential"":{""value"":11.320207808423815,""score"":100.0},""_score"":81.74},""market"":{""M1_spy_regime"":{""score"":100.0},""M3_earnings_risk"":{""value"":null,""score"":80.0},""M4_vix"":{""value"":null,""score"":60.0},""_score"":84.0},""liquidity"":{""L1_price"":{""value"":55.37,""score"":100.0},""L2_dollar_vol"":{""value"":88183136.30547805,""score"":97.26927704019937},""L3_spread_proxy"":{""value"":0.041358136174823895,""score"":58.6418638251761},""L4_volume_zscore"":{""value"":-1.506127236887997,""score"":100.0},""_score"":94.77},""pattern_structure"":{""n_contractions"":5,""contractions_pct"":[8.84,34.1,15.12,23.52,19.44],""descending_strict"":false,""final_low"":51.66,""final_pivot"":64.13,""structural_low"":51.66,""dry_up_ratio"":1.1722208702391446,""current_price"":55.37,""neckline_distance_pct"":0.15820841610980674,""base_bars"":48},""pattern_geometry_features"":{""contraction_count"":5.0,""first_contraction_pct"":0.08839543076758835,""last_contraction_pct"":0.19444877592390455,""dry_up_ratio"":1.1722208702391446,""near_monotone"":0.0,""base_depth_pct"":0.44848937760222063},""_schema_version"":""1.0""}",,,,,,,,,,
20260522T181904Z-97bb42,2026-05-22T18:19:04.835948+00:00,EXLS,vcp,absent,39.17,17.7,43.5,54.0,34.6,6.7,26.9,62.0,84.0,82.4,2.65,10.87,6.48,4.16,0.87,1.88,3.1,5.04,4.12,False,,29.235,33.005,26.4177,37.185,"{""trend"":{""T1_ema_stack"":{""value"":[false,false,false],""score"":0.0},""T2_ema50_slope"":{""value"":-0.20794328888723407,""score"":15.34278518546099},""T3_high_proximity"":{""value"":0.8981566820276499,""score"":49.07834101382491},""T4_rs_1m"":{""value"":-0.09856235489762866,""score"":0},""T5_rs_3m"":{""value"":-0.07007289804441386,""score"":14.96355097779307},""T6_adr_healthy"":{""value"":4.0271535327214085,""score"":100.0},""_score"":17.67},""geometry"":{""sub_contraction_count"":100.0,""sub_reduction_rate"":0,""sub_pivot_tightness"":0,""sub_volume_dryup"":0,""sub_base_depth"":84.8,""sub_base_duration"":100.0,""_score"":43.48},""compression"":{""VC1_atr_ratio"":{""value"":0.6141666543525484,""score"":96.45833641186292},""VC2_range_contraction"":{""value"":1.2710377667480581,""score"":0},""VC3_range_pct_rank"":{""score"":61.66666666666667},""_score"":54.0},""sr_quality"":{""SR1_touches"":{""value"":2,""score"":25.0},""SR2_tightness"":{""value"":0.28999999999999915,""score"":50.78638746628702},""SR3_recency"":{""value"":228,""score"":0.0},""SR4_price_location"":{""score"":18.05555555555567},""SR5_reaction"":{""value"":3.444952877359918,""score"":100},""_score"":34.63,""_levels_found"":7,""_target_level"":30.71},""volume"":{""V1_rvol_day"":{""value"":0.22015530022007,""score"":0},""V2_rvol_sameslot"":{""value"":0.47613504393895273,""score"":0,""status"":""ok""},""V3_breakout_bar"":{""value"":0.6630906008843028,""score"":10.872706725620189},""V4_base_dryup"":{""value"":1.300599961106807,""score"":19.940003889319286},""V5_bo_expansion"":{""value"":0.22015530022007,""score"":0},""_score"":6.71},""readiness"":{""_distance_atr"":3.199,""BR1_atr_distance"":{""score"":0},""BR2_compression"":{""score"":37.59231456115083},""BR3_retest"":{""score"":50.0},""BR4_bo_age"":{""score"":50.0},""_score"":26.9},""risk"":{""R1_stop_clarity"":{""score"":31.728840267886866},""R2_stop_distance_pct"":{""value"":9.636736788096458,""score"":59.081580297588545},""R3_stop_distance_atr"":{""value"":2.3905088032970685,""score"":100.0},""R4_rr_potential"":{""value"":2.821850708124802,""score"":91.09253540624009},""_score"":62.05},""market"":{""M1_spy_regime"":{""score"":100.0},""M3_earnings_risk"":{""value"":null,""score"":80.0},""M4_vix"":{""value"":null,""score"":60.0},""_score"":84.0},""liquidity"":{""L1_price"":{""value"":29.235,""score"":100.0},""L2_dollar_vol"":{""value"":17388563.874238648,""score"":62.013185749794616},""L3_spread_proxy"":{""value"":0.024285958611253666,""score"":75.71404138874634},""L4_volume_zscore"":{""value"":-2.3279795409551314,""score"":100.0},""_score"":82.38},""pattern_structure"":{""n_contractions"":5,""contractions_pct"":[13.1,6.73,8.42,8.55,18.74],""descending_strict"":false,""final_low"":26.82,""final_pivot"":33.005,""structural_low"":26.82,""dry_up_ratio"":1.1601836915936712,""current_price"":29.235,""neckline_distance_pct"":0.12895501966820602,""base_bars"":59},""pattern_geometry_features"":{""contraction_count"":5.0,""first_contraction_pct"":0.13096774193548383,""last_contraction_pct"":0.1873958491137707,""dry_up_ratio"":1.1601836915936712,""near_monotone"":0.0,""base_depth_pct"":0.13483870967741934},""_schema_version"":""1.0""}",,,,,,,,,,
20260522T181904Z-97bb42,2026-05-22T18:19:04.835948+00:00,AXON,bull_flag,absent,38.96,5.0,25.6,53.8,63.6,27.6,37.9,75.9,84.0,95.9,0.7,7.68,4.84,6.36,3.87,3.41,2.28,5.04,4.79,False,,384.935,414.5,374.7235,463.0,"{""trend"":{""T1_ema_stack"":{""value"":[false,false,false],""score"":0.0},""T2_ema50_slope"":{""value"":-0.38875789929853294,""score"":0},""T3_high_proximity"":{""value"":0.6647239634599112,""score"":0},""T4_rs_1m"":{""value"":-0.0748285988118279,""score"":0},""T5_rs_3m"":{""value"":-0.1864363523078456,""score"":0},""T6_adr_healthy"":{""value"":5.608738334603055,""score"":100.0},""_score"":5.0},""geometry"":{""sub_pole_impulse"":25.6,""sub_flag_tightness"":8.6,""sub_flag_shallowness"":0,""sub_flag_drift"":96.7,""sub_flag_duration"":12.5,""_score"":25.59},""compression"":{""VC1_atr_ratio"":{""value"":0.32316343688240595,""score"":100},""VC2_range_contraction"":{""value"":1.0281492192806647,""score"":0},""VC3_range_pct_rank"":{""score"":55.00000000000001},""_score"":53.75},""sr_quality"":{""SR1_touches"":{""value"":6,""score"":100},""SR2_tightness"":{""value"":2.98721191451531,""score"":76.29516048535736},""SR3_recency"":{""value"":229,""score"":0.0},""SR4_price_location"":{""score"":28.649759794069762},""SR5_reaction"":{""value"":2.597174926845167,""score"":100},""_score"":63.61,""_levels_found"":4,""_target_level"":414.6351},""volume"":{""V1_rvol_day"":{""value"":0.5086045500557748,""score"":0.5736366703849842},""V2_rvol_sameslot"":{""value"":1.243176345727251,""score"":49.54508971515008,""status"":""ok""},""V3_breakout_bar"":{""value"":1.0447630043141884,""score"":36.317533620945895},""V4_base_dryup"":{""value"":1.0739235606391395,""score"":42.60764393608605},""V5_bo_expansion"":{""value"":0.5086045500557748,""score"":0},""_score"":27.62},""readiness"":{""_distance_atr"":1.173,""BR1_atr_distance"":{""score"":21.796243419607606},""BR2_compression"":{""score"":46.62958124082691},""BR3_retest"":{""score"":50.0},""BR4_bo_age"":{""score"":50.0},""_score"":37.88},""risk"":{""R1_stop_clarity"":{""score"":54.716811086942506},""R2_stop_distance_pct"":{""value"":2.6527725460142655,""score"":100.0},""R3_stop_distance_atr"":{""value"":0.405161720006519,""score"":45.258086000325946},""R4_rr_potential"":{""value"":7.64484965406479,""score"":100.0},""_score"":75.94},""market"":{""M1_spy_regime"":{""score"":100.0},""M3_earnings_risk"":{""value"":null,""score"":80.0},""M4_vix"":{""value"":null,""score"":60.0},""_score"":84.0},""liquidity"":{""L1_price"":{""value"":384.935,""score"":100.0},""L2_dollar_vol"":{""value"":229104835.766714,""score"":100.0},""L3_spread_proxy"":{""value"":0.041435567043786585,""score"":58.564432956213416},""L4_volume_zscore"":{""value"":-1.1081399229247182,""score"":100.0},""_score"":95.86},""pattern_structure"":{""pole_low"":366.0,""pole_low_idx"":20,""peak_price"":414.5,""peak_idx"":32,""pole_gain"":0.1325136612021858,""flag_bars"":27,""flag_low"":380.43,""flag_high"":410.55,""structural_low"":380.43,""current_price"":385.785,""neckline_distance_pct"":0.07443265031040598,""base_bars"":27},""pattern_geometry_features"":{""pole_gain"":0.1325136612021858,""pullback_pct"":0.08219541616405306,""flag_range_pct"":0.0726658624849216,""flag_drift_per_bar"":-0.0006595490731732387,""atr_pct"":0.06547441219203982,""pole_atr_multiple"":2.0238999750546274},""_schema_version"":""1.0""}",,,,,,,,,,
20260522T181904Z-97bb42,2026-05-22T18:19:04.835948+00:00,SRAD,breakout_retest_hold,breakout_confirmed,38.74,5.8,23.9,88.7,42.8,4.1,64.5,53.0,84.0,78.6,0.81,5.26,5.32,5.99,0.53,11.61,2.65,4.2,2.36,False,,13.02,12.75,12.8205,12.35,"{""trend"":{""T1_ema_stack"":{""value"":[false,false,false],""score"":0.0},""T2_ema50_slope"":{""value"":-0.9200969646935715,""score"":0},""T3_high_proximity"":{""value"":0.6612493651599797,""score"":0},""T4_rs_1m"":{""value"":-0.04590269947330139,""score"":4.097300526698611},""T5_rs_3m"":{""value"":-0.33720321249538143,""score"":0},""T6_adr_healthy"":{""value"":5.788585797183768,""score"":100.0},""_score"":5.82},""geometry"":{""sub_retest_depth"":0.0,""sub_retest_timing"":0.0,""sub_retest_freshness"":100.0,""sub_hold_quality"":13.0,""_score"":23.9},""compression"":{""VC1_atr_ratio"":{""value"":0.22784357900339391,""score"":100},""VC2_range_contraction"":{""value"":0.4656932314909494,""score"":89.05112808484176},""VC3_range_pct_rank"":{""score"":70.0},""_score"":88.67},""sr_quality"":{""SR1_touches"":{""value"":2,""score"":25.0},""SR2_tightness"":{""value"":0.13004999999999978,""score"":57.985462097611716},""SR3_recency"":{""value"":236,""score"":0.0},""SR4_price_location"":{""score"":46.46021520233509},""SR5_reaction"":{""value"":5.120491519556939,""score"":100},""_score"":42.81,""_levels_found"":5,""_target_level"":14.5699},""volume"":{""V1_rvol_day"":{""value"":0.25121894178569776,""score"":0},""V2_rvol_sameslot"":{""value"":0.5078256303015763,""score"":0.5217086867717564,""status"":""ok""},""V3_breakout_bar"":{""value"":0.7377458672876973,""score"":15.849724485846487},""V4_base_dryup"":{""value"":1.950338035861199,""score"":0},""V5_bo_expansion"":{""value"":0.2512189417856977,""score"":0},""_score"":4.07},""readiness"":{""_distance_atr"":-0.436,""BR1_atr_distance"":{""score"":100.0},""BR2_compression"":{""score"":0},""BR3_retest"":{""score"":100},""BR4_bo_age"":{""score"":30.0},""_score"":64.5},""risk"":{""R1_stop_clarity"":{""score"":58.16314757124722},""R2_stop_distance_pct"":{""value"":1.5322580645161326,""score"":88.30645161290332},""R3_stop_distance_atr"":{""value"":0.3222568362755285,""score"":41.11284181377643},""R4_rr_potential"":{""value"":-3.3583959899749205,""score"":0.0},""_score"":53.02},""market"":{""M1_spy_regime"":{""score"":100.0},""M3_earnings_risk"":{""value"":null,""score"":80.0},""M4_vix"":{""value"":null,""score"":60.0},""_score"":84.0},""liquidity"":{""L1_price"":{""value"":13.02,""score"":100.0},""L2_dollar_vol"":{""value"":12376460.132742299,""score"":54.629822360826765},""L3_spread_proxy"":{""value"":0.032258064516129024,""score"":67.74193548387098},""L4_volume_zscore"":{""value"":-1.2606299036643696,""score"":100.0},""_score"":78.63},""pattern_structure"":{""level"":12.75,""level_idx"":46,""breakout_idx"":52,""bo_peak_idx"":58,""bo_peak_price"":13.73,""retest_idx"":75,""retest_low"":12.95,""structural_low"":12.95,""current_price"":13.085,""neckline_distance_pct"":-0.025601834161253407,""base_bars"":33,""bars_since_breakout"":27},""pattern_geometry_features"":{""retest_depth_atr"":-1.0126582278480987,""bars_breakout_to_retest"":23.0,""bars_since_retest"":4.0,""current_above_level_atr"":1.6962025316455758,""bo_peak_excess_pct"":0.07686274509803925,""atr_pct"":0.04754772876892695},""_schema_version"":""1.0""}",,,,,,,,,,
20260522T181904Z-97bb42,2026-05-22T18:19:04.835948+00:00,MIR,bull_flag,absent,37.04,9.4,27.8,54.6,45.3,20.4,42.3,59.8,84.0,89.2,1.31,8.33,4.91,4.53,2.85,3.81,1.79,5.04,4.46,False,,18.2,18.65,17.07,19.71,"{""trend"":{""T1_ema_stack"":{""value"":[false,false,false],""score"":0.0},""T2_ema50_slope"":{""value"":-0.20659992212613953,""score"":15.566679645643411},""T3_high_proximity"":{""value"":0.8168761220825852,""score"":8.438061041292578},""T4_rs_1m"":{""value"":-0.12091344394586723,""score"":0},""T5_rs_3m"":{""value"":-0.20769769379430036,""score"":0},""T6_adr_healthy"":{""value"":4.7836420482933075,""score"":100.0},""_score"":9.38},""geometry"":{""sub_pole_impulse"":9.7,""sub_flag_tightness"":0,""sub_flag_shallowness"":0,""sub_flag_drift"":99.0,""sub_flag_duration"":100.0,""_score"":27.76},""compression"":{""VC1_atr_ratio"":{""value"":0.44596875836950967,""score"":100},""VC2_range_contraction"":{""value"":0.899875961637179,""score"":16.687339727136838},""VC3_range_pct_rank"":{""score"":35.0},""_score"":54.59},""sr_quality"":{""SR1_touches"":{""value"":2,""score"":25.0},""SR2_tightness"":{""value"":0.12445000000000128,""score"":68.47942107643567},""SR3_recency"":{""value"":231,""score"":0.0},""SR4_price_location"":{""score"":50.113988785968},""SR5_reaction"":{""value"":2.691786521935775,""score"":100},""_score"":45.3,""_levels_found"":5,""_target_level"":19.4145},""volume"":{""V1_rvol_day"":{""value"":0.6473255917096309,""score"":9.821706113975392},""V2_rvol_sameslot"":{""value"":0.8828507794998439,""score"":25.52338529998959,""status"":""ok""},""V3_breakout_bar"":{""value"":0.3480610554477552,""score"":0},""V4_base_dryup"":{""value"":0.8345427500983471,""score"":66.5457249901653},""V5_bo_expansion"":{""value"":0.647325591709631,""score"":0},""_score"":20.38},""readiness"":{""_distance_atr"":0.57,""BR1_atr_distance"":{""score"":62.00814111261877},""BR2_compression"":{""score"":0},""BR3_retest"":{""score"":50.0},""BR4_bo_age"":{""score"":50.0},""_score"":42.3},""risk"":{""R1_stop_clarity"":{""score"":34.16010854816825},""R2_stop_distance_pct"":{""value"":6.2085164835164885,""score"":100.0},""R3_stop_distance_atr"":{""value"":1.4309633649932174,""score"":96.54816824966088},""R4_rr_potential"":{""value"":1.33634231603168,""score"":16.817115801584002},""_score"":59.8},""market"":{""M1_spy_regime"":{""score"":100.0},""M3_earnings_risk"":{""value"":null,""score"":80.0},""M4_vix"":{""value"":null,""score"":60.0},""_score"":84.0},""liquidity"":{""L1_price"":{""value"":18.2,""score"":100.0},""L2_dollar_vol"":{""value"":48566794.7902046,""score"":84.31697213797156},""L3_spread_proxy"":{""value"":0.045054945054945075,""score"":54.94505494505493},""L4_volume_zscore"":{""value"":-0.7864401773052769,""score"":100.0},""_score"":89.22},""pattern_structure"":{""pole_low"":17.59,""pole_low_idx"":39,""peak_price"":18.65,""peak_idx"":46,""pole_gain"":0.06026151222285382,""flag_bars"":13,""flag_low"":17.33,""flag_high"":18.53,""structural_low"":17.33,""current_price"":18.31,""neckline_distance_pct"":0.018569087930092838,""base_bars"":13},""pattern_geometry_features"":{""pole_gain"":0.06026151222285382,""pullback_pct"":0.07077747989276141,""flag_range_pct"":0.06434316353887415,""flag_drift_per_bar"":-0.00019955467798174386,""atr_pct"":0.04338697017268445,""pole_atr_multiple"":1.388931100351258},""_schema_version"":""1.0""}",,,,,,,,,,
20260522T181904Z-97bb42,2026-05-22T18:19:04.835948+00:00,GENI,breakout_retest_hold,breakout_confirmed,36.99,35.6,12.0,22.4,54.0,34.8,37.0,54.5,84.0,78.6,4.98,2.64,1.34,7.56,4.53,6.66,2.72,4.2,2.36,False,,5.37,4.79,4.8262,4.62,"{""trend"":{""T1_ema_stack"":{""value"":[true,false,false],""score"":33.33333333333333},""T2_ema50_slope"":{""value"":-0.4361760400812241,""score"":0},""T3_high_proximity"":{""value"":0.8299845440494591,""score"":14.992272024729525},""T4_rs_1m"":{""value"":0.17927773356599297,""score"":100},""T5_rs_3m"":{""value"":-0.15832979697397098,""score"":0},""T6_adr_healthy"":{""value"":7.199199129880809,""score"":100.0},""_score"":35.58},""geometry"":{""sub_retest_depth"":0.0,""sub_retest_timing"":60.0,""sub_retest_freshness"":0.0,""sub_hold_quality"":0.0,""_score"":12.0},""compression"":{""VC1_atr_ratio"":{""value"":0.7906475994978277,""score"":52.33810012554307},""VC2_range_contraction"":{""value"":1.3029926772960214,""score"":0},""VC3_range_pct_rank"":{""score"":5.833333333333335},""_score"":22.39},""sr_quality"":{""SR1_touches"":{""value"":3,""score"":50.0},""SR2_tightness"":{""value"":0.07494442385305695,""score"":62.83440423850388},""SR3_recency"":{""value"":274,""score"":0.0},""SR4_price_location"":{""score"":58.267716535433024},""SR5_reaction"":{""value"":2.264649971071989,""score"":100},""_score"":53.99,""_levels_found"":6,""_target_level"":5.635},""volume"":{""V1_rvol_day"":{""value"":0.8596588800490738,""score"":23.97725866993825},""V2_rvol_sameslot"":{""value"":1.4365993571136821,""score"":62.43995714091214,""status"":""ok""},""V3_breakout_bar"":{""value"":0.7771825404994097,""score"":18.47883603329398},""V4_base_dryup"":{""value"":0.8534379678235466,""score"":64.65620321764533},""V5_bo_expansion"":{""value"":0.8596588800490739,""score"":0},""_score"":34.83},""readiness"":{""_distance_atr"":-1.438,""BR1_atr_distance"":{""score"":31.237292338209777},""BR2_compression"":{""score"":0},""BR3_retest"":{""score"":100},""BR4_bo_age"":{""score"":30.0},""_score"":36.99},""risk"":{""R1_stop_clarity"":{""score"":75.82444830151249},""R2_stop_distance_pct"":{""value"":10.125698324022348,""score"":46.85754189944129},""R3_stop_distance_atr"":{""value"":1.348251921646417,""score"":92.41259608232085},""R4_rr_potential"":{""value"":-1.3793103448275859,""score"":0.0},""_score"":54.46},""market"":{""M1_spy_regime"":{""score"":100.0},""M3_earnings_risk"":{""value"":null,""score"":80.0},""M4_vix"":{""value"":null,""score"":60.0},""_score"":84.0},""liquidity"":{""L1_price"":{""value"":5.37,""score"":97.685},""L2_dollar_vol"":{""value"":28671291.469034433,""score"":72.87236278691776},""L3_spread_proxy"":{""value"":0.1024208566108007,""score"":0},""L4_volume_zscore"":{""value"":-0.27729378365548085,""score"":100.0},""_score"":78.57},""pattern_structure"":{""level"":4.79,""level_idx"":29,""breakout_idx"":54,""bo_peak_idx"":58,""bo_peak_price"":5.45,""retest_idx"":64,""retest_low"":4.875,""structural_low"":4.875,""current_price"":5.385,""neckline_distance_pct"":-0.11049210770659235,""base_bars"":50,""bars_since_breakout"":25},""pattern_geometry_features"":{""retest_depth_atr"":-0.7336621454993832,""bars_breakout_to_retest"":10.0,""bars_since_retest"":15.0,""current_above_level_atr"":5.135635018495682,""bo_peak_excess_pct"":0.1377870563674322,""atr_pct"":0.07510242085661083},""_schema_version"":""1.0""}",,,,,,,,,,
20260522T181904Z-97bb42,2026-05-22T18:19:04.835948+00:00,KVYO,high_tight_pullback,absent,36.56,5.0,30.1,59.1,58.2,2.1,47.8,80.5,84.0,88.7,0.6,10.52,5.91,4.65,0.29,4.31,0.8,5.04,4.44,False,,14.76,15.45,14.3024,17.37,"{""trend"":{""T1_ema_stack"":{""value"":[false,false,false],""score"":0.0},""T2_ema50_slope"":{""value"":-0.6729023871201927,""score"":0},""T3_high_proximity"":{""value"":0.6326618088298329,""score"":0},""T4_rs_1m"":{""value"":-0.2684246412593876,""score"":0},""T5_rs_3m"":{""value"":-0.16603153909748902,""score"":0},""T6_adr_healthy"":{""value"":5.980432514485832,""score"":100.0},""_score"":5.0},""geometry"":{""sub_pole_impulse"":11.8,""sub_flag_tightness"":34.3,""sub_flag_shallowness"":15.2,""sub_flag_drift"":99.3,""sub_flag_duration"":0.0,""_score"":30.05},""compression"":{""VC1_atr_ratio"":{""value"":0.22944439763778726,""score"":100},""VC2_range_contraction"":{""value"":0.9078331776726345,""score"":15.361137054560919},""VC3_range_pct_rank"":{""score"":55.00000000000001},""_score"":59.13},""sr_quality"":{""SR1_touches"":{""value"":3,""score"":50.0},""SR2_tightness"":{""value"":0.32221455929585635,""score"":54.703112035727486},""SR3_recency"":{""value"":228,""score"":0.0},""SR4_price_location"":{""score"":79.82678549014685},""SR5_reaction"":{""value"":2.5497677921425876,""score"":100},""_score"":58.16,""_levels_found"":8,""_target_level"":15.7167},""volume"":{""V1_rvol_day"":{""value"":0.39501919393910007,""score"":0},""V2_rvol_sameslot"":{""value"":0.6342472520202102,""score"":8.949816801347342,""status"":""ok""},""V3_breakout_bar"":{""value"":0.5176154841281299,""score"":1.1743656085419905},""V4_base_dryup"":{""value"":1.9796796441590567,""score"":0},""V5_bo_expansion"":{""value"":0.39501919393910007,""score"":0},""_score"":2.08},""readiness"":{""_distance_atr"":0.485,""BR1_atr_distance"":{""score"":67.6666248274131},""BR2_compression"":{""score"":13.112611223330628},""BR3_retest"":{""score"":50.0},""BR4_bo_age"":{""score"":50.0},""_score"":47.84},""risk"":{""R1_stop_clarity"":{""score"":69.38127777080456},""R2_stop_distance_pct"":{""value"":3.1002913279132716,""score"":100.0},""R3_stop_distance_atr"":{""value"":0.3216489017195926,""score"":41.08244508597962},""R4_rr_potential"":{""value"":5.703633935966338,""score"":100.0},""_score"":80.45},""market"":{""M1_spy_regime"":{""score"":100.0},""M3_earnings_risk"":{""value"":null,""score"":80.0},""M4_vix"":{""value"":null,""score"":60.0},""_score"":84.0},""liquidity"":{""L1_price"":{""value"":14.76,""score"":100.0},""L2_dollar_vol"":{""value"":49279940.62568784,""score"":84.63350879512399},""L3_spread_proxy"":{""value"":0.05115176151761511,""score"":48.84823848238489},""L4_volume_zscore"":{""value"":-1.1285831355691858,""score"":100.0},""_score"":88.74},""pattern_structure"":{""pole_low"":13.53,""pole_low_idx"":14,""peak_price"":15.45,""peak_idx"":38,""pole_gain"":0.1419068736141907,""flag_bars"":21,""flag_low"":14.5202,""flag_high"":15.385,""structural_low"":14.5202,""current_price"":14.8199,""neckline_distance_pct"":0.04251715598620765,""base_bars"":21},""pattern_geometry_features"":{""pole_gain"":0.1419068736141907,""pullback_pct"":0.060181229773462686,""flag_range_pct"":0.05597411003236239,""flag_drift_per_bar"":-0.0001324123416715038,""atr_pct"":0.09638743708865659,""pole_atr_multiple"":1.4722548695185824},""_schema_version"":""1.0""}",,,,,,,,,,
20260522T181904Z-97bb42,2026-05-22T18:19:04.835948+00:00,PGY,bull_flag,absent,36.1,33.6,15.0,45.6,38.7,31.4,34.9,72.0,84.0,83.7,4.71,4.5,4.11,3.87,4.39,3.14,2.16,5.04,4.18,False,,12.8246,13.62,11.9678,14.535,"{""trend"":{""T1_ema_stack"":{""value"":[false,false,false],""score"":0.0},""T2_ema50_slope"":{""value"":0.046911820528647855,""score"":57.818636754774644},""T3_high_proximity"":{""value"":0.8273935483870968,""score"":13.696774193548366},""T4_rs_1m"":{""value"":-0.1059378155802333,""score"":0},""T5_rs_3m"":{""value"":0.10981697702909954,""score"":100},""T6_adr_healthy"":{""value"":5.975510869315125,""score"":100.0},""_score"":33.62},""geometry"":{""sub_pole_impulse"":0.0,""sub_flag_tightness"":0,""sub_flag_shallowness"":0,""sub_flag_drift"":100,""sub_flag_duration"":0.0,""_score"":15.0},""compression"":{""VC1_atr_ratio"":{""value"":0.5734913421315873,""score"":100},""VC2_range_contraction"":{""value"":1.009546957386003,""score"":0},""VC3_range_pct_rank"":{""score"":22.499999999999996},""_score"":45.62},""sr_quality"":{""SR1_touches"":{""value"":2,""score"":25.0},""SR2_tightness"":{""value"":0.014999999999998792,""score"":96.79926840420693},""SR3_recency"":{""value"":311,""score"":0.0},""SR4_price_location"":{""score"":6.685782556750297},""SR5_reaction"":{""value"":3.448788294467307,""score"":100},""_score"":38.69,""_levels_found"":3,""_target_level"":20.635},""volume"":{""V1_rvol_day"":{""value"":0.7095432350270526,""score"":13.969549001803507},""V2_rvol_sameslot"":{""value"":1.4168017300833633,""score"":61.12011533889089,""status"":""ok""},""V3_breakout_bar"":{""value"":1.2193303263407347,""score"":47.95535508938231},""V4_base_dryup"":{""value"":1.28092039024751,""score"":21.90796097524901},""V5_bo_expansion"":{""value"":0.7095432350270526,""score"":0},""_score"":31.39},""readiness"":{""_distance_atr"":0.849,""BR1_atr_distance"":{""score"":43.42529086013317},""BR2_compression"":{""score"":0},""BR3_retest"":{""score"":50.0},""BR4_bo_age"":{""score"":50.0},""_score"":34.87},""risk"":{""R1_stop_clarity"":{""score"":61.11111111111115},""R2_stop_distance_pct"":{""value"":6.681300001559499,""score"":100.0},""R3_stop_distance_atr"":{""value"":0.9141822892851698,""score"":70.70911446425849},""R4_rr_potential"":{""value"":1.9961486841337444,""score"":49.80743420668722},""_score"":71.96},""market"":{""M1_spy_regime"":{""score"":100.0},""M3_earnings_risk"":{""value"":null,""score"":80.0},""M4_vix"":{""value"":null,""score"":60.0},""_score"":84.0},""liquidity"":{""L1_price"":{""value"":12.8246,""score"":100.0},""L2_dollar_vol"":{""value"":35251546.1626559,""score"":77.3589085134394},""L3_spread_proxy"":{""value"":0.07251688161814011,""score"":27.48311838185988},""L4_volume_zscore"":{""value"":-0.4826114498421715,""score"":100.0},""_score"":83.69},""pattern_structure"":{""pole_low"":12.705,""pole_low_idx"":14,""peak_price"":13.62,""peak_idx"":31,""pole_gain"":0.07201889020070831,""flag_bars"":28,""flag_low"":12.15,""flag_high"":13.59,""structural_low"":12.15,""current_price"":13.0101,""neckline_distance_pct"":0.04687896326700023,""base_bars"":28},""pattern_geometry_features"":{""pole_gain"":0.07201889020070831,""pullback_pct"":0.10792951541850213,""flag_range_pct"":0.10572687224669601,""flag_drift_per_bar"":0.0007046817699761525,""atr_pct"":0.07308498622067855,""pole_atr_multiple"":0.985412927126357},""_schema_version"":""1.0""}",,,,,,,,,,
20260522T181904Z-97bb42,2026-05-22T18:19:04.835948+00:00,HUBS,breakout_retest_hold,setup,36.03,5.0,5.0,55.0,66.5,23.4,45.9,65.4,84.0,95.5,0.7,1.1,3.3,9.31,3.04,8.25,3.27,4.2,2.86,False,,200.53,187.4,190.2681,177.82,"{""trend"":{""T1_ema_stack"":{""value"":[false,false,false],""score"":0.0},""T2_ema50_slope"":{""value"":-0.5611494061623316,""score"":0},""T3_high_proximity"":{""value"":0.6761869436201781,""score"":0},""T4_rs_1m"":{""value"":-0.12116058889092562,""score"":0},""T5_rs_3m"":{""value"":-0.17293172164065174,""score"":0},""T6_adr_healthy"":{""value"":6.092402550567536,""score"":100.0},""_score"":5.0},""geometry"":{""sub_retest_depth"":0.0,""sub_retest_timing"":0.0,""sub_retest_freshness"":25.0,""sub_hold_quality"":0.0,""_score"":5.0},""compression"":{""VC1_atr_ratio"":{""value"":0.3864958975762315,""score"":100},""VC2_range_contraction"":{""value"":1.1720210355397225,""score"":0},""VC3_range_pct_rank"":{""score"":60.0},""_score"":55.0},""sr_quality"":{""SR1_touches"":{""value"":4,""score"":75.0},""SR2_tightness"":{""value"":3.79975883280768,""score"":56.18590244706764},""SR3_recency"":{""value"":241,""score"":0.0},""SR4_price_location"":{""score"":82.21308592720473},""SR5_reaction"":{""value"":2.5435640253544873,""score"":100},""_score"":66.48,""_levels_found"":5,""_target_level"":210.8137},""volume"":{""V1_rvol_day"":{""value"":0.35110522869726196,""score"":0},""V2_rvol_sameslot"":{""value"":1.0573122846787628,""score"":37.15415231191752,""status"":""ok""},""V3_breakout_bar"":{""value"":0.7779610619513552,""score"":18.530737463423677},""V4_base_dryup"":{""value"":0.93559251730893,""score"":56.440748269107},""V5_bo_expansion"":{""value"":0.3511052286972621,""score"":0},""_score"":23.35},""readiness"":{""_distance_atr"":-0.757,""BR1_atr_distance"":{""score"":44.860115439354814},""BR2_compression"":{""score"":13.662832777310472},""BR3_retest"":{""score"":100},""BR4_bo_age"":{""score"":30.0},""_score"":45.86},""risk"":{""R1_stop_clarity"":{""score"":77.83903721469619},""R2_stop_distance_pct"":{""value"":5.117388919363685,""score"":100.0},""R3_stop_distance_atr"":{""value"":0.5916374005060353,""score"":54.58187002530177},""R4_rr_potential"":{""value"":-2.2130404700883837,""score"":0.0},""_score"":65.43},""market"":{""M1_spy_regime"":{""score"":100.0},""M3_earnings_risk"":{""value"":null,""score"":80.0},""M4_vix"":{""value"":null,""score"":60.0},""_score"":84.0},""liquidity"":{""L1_price"":{""value"":200.53,""score"":100.0},""L2_dollar_vol"":{""value"":138971252.2750774,""score"":100.0},""L3_spread_proxy"":{""value"":0.04550441330474243,""score"":54.495586695257565},""L4_volume_zscore"":{""value"":-0.97993415033957,""score"":100.0},""_score"":95.45},""pattern_structure"":{""level"":187.4,""level_idx"":41,""breakout_idx"":46,""bo_peak_idx"":58,""bo_peak_price"":225.58,""retest_idx"":70,""retest_low"":192.19,""structural_low"":192.19,""current_price"":201.595,""neckline_distance_pct"":-0.07041345271460102,""base_bars"":38,""bars_since_breakout"":33},""pattern_geometry_features"":{""retest_depth_atr"":-1.430064188684875,""bars_breakout_to_retest"":24.0,""bars_since_retest"":9.0,""current_above_level_atr"":4.237945962083888,""bo_peak_excess_pct"":0.20373532550693707,""atr_pct"":0.0864953587279424},""_schema_version"":""1.0""}",,,,,,,,,,
20260522T181904Z-97bb42,2026-05-22T18:19:04.835948+00:00,VNET,bull_flag,absent,35.1,47.6,24.9,14.8,34.2,14.9,22.2,81.9,84.0,93.0,6.66,7.46,1.33,3.42,2.08,2.0,2.46,5.04,4.65,False,,9.525,10.67,9.0029,12.42,"{""trend"":{""T1_ema_stack"":{""value"":[false,true,true],""score"":66.66666666666666},""T2_ema50_slope"":{""value"":0.04391210122697803,""score"":57.31868353782967},""T3_high_proximity"":{""value"":0.7950751252086812,""score"":0},""T4_rs_1m"":{""value"":0.022283662728108666,""score"":72.28366272810867},""T5_rs_3m"":{""value"":-0.24732803934085468,""score"":0},""T6_adr_healthy"":{""value"":5.761988463207512,""score"":100.0},""_score"":47.59},""geometry"":{""sub_pole_impulse"":31.2,""sub_flag_tightness"":0,""sub_flag_shallowness"":0,""sub_flag_drift"":78.3,""sub_flag_duration"":37.5,""_score"":24.85},""compression"":{""VC1_atr_ratio"":{""value"":0.9794973522699082,""score"":5.125661932522951},""VC2_range_contraction"":{""value"":1.5611290809086869,""score"":0},""VC3_range_pct_rank"":{""score"":50.83333333333333},""_score"":14.76},""sr_quality"":{""SR1_touches"":{""value"":2,""score"":25.0},""SR2_tightness"":{""value"":0.10749999999999993,""score"":74.11865864144454},""SR3_recency"":{""value"":277,""score"":0.0},""SR4_price_location"":{""score"":2.36530880420499},""SR5_reaction"":{""value"":2.3172828890799675,""score"":100},""_score"":34.21,""_levels_found"":5,""_target_level"":11.3825},""volume"":{""V1_rvol_day"":{""value"":0.8483365066216684,""score"":23.222433774777894},""V2_rvol_sameslot"":{""value"":1.0772626691919691,""score"":38.484177946131275,""status"":""ok""},""V3_breakout_bar"":{""value"":0.6515299673007958,""score"":10.101997820053054},""V4_base_dryup"":{""value"":1.6345907599630576,""score"":0},""V5_bo_expansion"":{""value"":0.8483365066216684,""score"":0},""_score"":14.87},""readiness"":{""_distance_atr"":1.378,""BR1_atr_distance"":{""score"":8.111206649469764},""BR2_compression"":{""score"":5.9557318120798675},""BR3_retest"":{""score"":50.0},""BR4_bo_age"":{""score"":50.0},""_score"":22.23},""risk"":{""R1_stop_clarity"":{""score"":66.9922613929492},""R2_stop_distance_pct"":{""value"":5.481364829396326,""score"":100.0},""R3_stop_distance_atr"":{""value"":0.628495270851247,""score"":56.42476354256235},""R4_rr_potential"":{""value"":5.54491476728596,""score"":100.0},""_score"":81.91},""market"":{""M1_spy_regime"":{""score"":100.0},""M3_earnings_risk"":{""value"":null,""score"":80.0},""M4_vix"":{""value"":null,""score"":60.0},""_score"":84.0},""liquidity"":{""L1_price"":{""value"":9.525,""score"":99.7625},""L2_dollar_vol"":{""value"":82788039.6335337,""score"":95.89837994531231},""L3_spread_proxy"":{""value"":0.05249343832020997,""score"":47.506561679790025},""L4_volume_zscore"":{""value"":-0.11567132145494445,""score"":100.0},""_score"":93.05},""pattern_structure"":{""pole_low"":8.92,""pole_low_idx"":11,""peak_price"":10.67,""peak_idx"":34,""pole_gain"":0.1961883408071749,""flag_bars"":25,""flag_low"":9.14,""flag_high"":10.67,""structural_low"":9.14,""current_price"":9.59,""neckline_distance_pct"":0.11261730969760168,""base_bars"":25},""pattern_geometry_features"":{""pole_gain"":0.1961883408071749,""pullback_pct"":0.1433926897844423,""flag_range_pct"":0.1433926897844423,""flag_drift_per_bar"":-0.004335453597497383,""atr_pct"":0.08721409823772025,""pole_atr_multiple"":2.2495026007426295},""_schema_version"":""1.0""}",,,,,,,,,,
20260522T181904Z-97bb42,2026-05-22T18:19:04.835948+00:00,INTU,bull_flag,absent,35.01,5.0,17.5,19.7,49.5,60.4,17.5,82.0,84.0,95.8,0.7,5.26,1.77,4.96,8.46,1.57,2.46,5.04,4.79,False,,319.3,423.99,297.8284,481.6752,"{""trend"":{""T1_ema_stack"":{""value"":[false,false,false],""score"":0.0},""T2_ema50_slope"":{""value"":-0.3581692913846918,""score"":0},""T3_high_proximity"":{""value"":0.6635908306835422,""score"":0},""T4_rs_1m"":{""value"":-0.22217606601478024,""score"":0},""T5_rs_3m"":{""value"":-0.207448059257905,""score"":0},""T6_adr_healthy"":{""value"":3.927550952691687,""score"":100.0},""_score"":5.0},""geometry"":{""sub_pole_impulse"":29.2,""sub_flag_tightness"":0,""sub_flag_shallowness"":0,""sub_flag_drift"":0.1,""sub_flag_duration"":87.5,""_score"":17.52},""compression"":{""VC1_atr_ratio"":{""value"":0.8969685099400131,""score"":25.757872514996727},""VC2_range_contraction"":{""value"":1.140873743451373,""score"":0},""VC3_range_pct_rank"":{""score"":37.5},""_score"":19.68},""sr_quality"":{""SR1_touches"":{""value"":2,""score"":25.0},""SR2_tightness"":{""value"":3.447499999999991,""score"":70.27753692445644},""SR3_recency"":{""value"":255,""score"":0.0},""SR4_price_location"":{""score"":66.04979136081033},""SR5_reaction"":{""value"":3.0934855061039888,""score"":100},""_score"":49.55,""_levels_found"":7,""_target_level"":345.5525},""volume"":{""V1_rvol_day"":{""value"":2.0172184776760536,""score"":100},""V2_rvol_sameslot"":{""value"":5.843076275657558,""score"":100,""status"":""ok""},""V3_breakout_bar"":{""value"":0.6982524520673945,""score"":13.2168301378263},""V4_base_dryup"":{""value"":1.1529693922080098,""score"":34.70306077919902},""V5_bo_expansion"":{""value"":2.017218477676054,""score"":67.8145651784036},""_score"":60.42},""readiness"":{""_distance_atr"":4.513,""BR1_atr_distance"":{""score"":0},""BR2_compression"":{""score"":0},""BR3_retest"":{""score"":50.0},""BR4_bo_age"":{""score"":50.0},""_score"":17.5},""risk"":{""R1_stop_clarity"":{""score"":60.89775263323838},""R2_stop_distance_pct"":{""value"":6.7245720325712535,""score"":100.0},""R3_stop_distance_atr"":{""value"":0.9255802823649393,""score"":71.27901411824696},""R4_rr_potential"":{""value"":7.562338802746894,""score"":100.0},""_score"":82.01},""market"":{""M1_spy_regime"":{""score"":100.0},""M3_earnings_risk"":{""value"":null,""score"":80.0},""M4_vix"":{""value"":null,""score"":60.0},""_score"":84.0},""liquidity"":{""L1_price"":{""value"":319.3,""score"":100.0},""L2_dollar_vol"":{""value"":2547961328.284453,""score"":100.0},""L3_spread_proxy"":{""value"":0.04177889132477304,""score"":58.22110867522696},""L4_volume_zscore"":{""value"":0.8712481732790447,""score"":100.0},""_score"":95.82},""pattern_structure"":{""pole_low"":366.3048,""pole_low_idx"":20,""peak_price"":423.99,""peak_idx"":38,""pole_gain"":0.15747868987793776,""flag_bars"":21,""flag_low"":302.3639,""flag_high"":414.34,""structural_low"":302.3639,""current_price"":316.41,""neckline_distance_pct"":0.3400018962738219,""base_bars"":21},""pattern_geometry_features"":{""pole_gain"":0.15747868987793776,""pullback_pct"":0.2868607750182787,""flag_range_pct"":0.2641008042642514,""flag_drift_per_bar"":-0.01998214957824325,""atr_pct"":0.07265249876963,""pole_atr_multiple"":2.1675605456775644},""_schema_version"":""1.0""}",,,,,,,,,,
20260522T181904Z-97bb42,2026-05-22T18:19:04.835948+00:00,FRMI,breakout_retest_hold,breakout_confirmed,33.95,18.3,1.8,51.8,60.6,18.2,41.2,56.9,84.0,85.2,2.56,0.4,3.11,8.49,2.37,7.42,2.84,4.2,2.56,False,,6.15,5.55,5.5539,5.43,"{""trend"":{""T1_ema_stack"":{""value"":[true,false,false],""score"":33.33333333333333},""T2_ema50_slope"":{""value"":-0.6207946785390505,""score"":0},""T3_high_proximity"":{""value"":0.5216284987277354,""score"":0},""T4_rs_1m"":{""value"":-0.016353673703345395,""score"":33.64632629665461},""T5_rs_3m"":{""value"":-0.41064733799007413,""score"":0},""T6_adr_healthy"":{""value"":9.433385461262684,""score"":64.16536346843289},""_score"":18.27},""geometry"":{""sub_retest_depth"":6.1,""sub_retest_timing"":0.0,""sub_retest_freshness"":0.0,""sub_hold_quality"":0.0,""_score"":1.83},""compression"":{""VC1_atr_ratio"":{""value"":0.6842357350007633,""score"":78.94106624980918},""VC2_range_contraction"":{""value"":1.0703515955082374,""score"":0},""VC3_range_pct_rank"":{""score"":80.83333333333333},""_score"":51.78},""sr_quality"":{""SR1_touches"":{""value"":3,""score"":50.0},""SR2_tightness"":{""value"":0.0984321537348894,""score"":70.22910329156376},""SR3_recency"":{""value"":67,""score"":38.333333333333336},""SR4_price_location"":{""score"":57.46164574616457},""SR5_reaction"":{""value"":3.765514112576556,""score"":100},""_score"":60.65,""_levels_found"":6,""_target_level"":7.1667},""volume"":{""V1_rvol_day"":{""value"":0.41073134697225855,""score"":0},""V2_rvol_sameslot"":{""value"":1.1310477675938606,""score"":42.06985117292404,""status"":""ok""},""V3_breakout_bar"":{""value"":1.0889763033026765,""score"":39.2650868868451},""V4_base_dryup"":{""value"":2.3143395381512573,""score"":0},""V5_bo_expansion"":{""value"":0.41073134697225855,""score"":0},""_score"":18.23},""readiness"":{""_distance_atr"":-0.907,""BR1_atr_distance"":{""score"":41.85294403577562},""BR2_compression"":{""score"":0},""BR3_retest"":{""score"":100},""BR4_bo_age"":{""score"":30.0},""_score"":41.24},""risk"":{""R1_stop_clarity"":{""score"":83.03250267345027},""R2_stop_distance_pct"":{""value"":9.692682926829265,""score"":57.68292682926837},""R3_stop_distance_atr"":{""value"":0.9014550050228453,""score"":70.07275025114225},""R4_rr_potential"":{""value"":-1.2078510317060924,""score"":0.0},""_score"":56.88},""market"":{""M1_spy_regime"":{""score"":100.0},""M3_earnings_risk"":{""value"":null,""score"":80.0},""M4_vix"":{""value"":null,""score"":60.0},""_score"":84.0},""liquidity"":{""L1_price"":{""value"":6.15,""score"":98.075},""L2_dollar_vol"":{""value"":39285294.8670465,""score"":79.71150086074617},""L3_spread_proxy"":{""value"":0.06167479674796758,""score"":38.325203252032416},""L4_volume_zscore"":{""value"":-0.8740275153553632,""score"":100.0},""_score"":85.24},""pattern_structure"":{""level"":5.55,""level_idx"":28,""breakout_idx"":34,""bo_peak_idx"":42,""bo_peak_price"":7.74,""retest_idx"":64,""retest_low"":5.61,""structural_low"":5.61,""current_price"":6.215,""neckline_distance_pct"":-0.10699919549477073,""base_bars"":51,""bars_since_breakout"":45},""pattern_geometry_features"":{""retest_depth_atr"":-0.35756853396901334,""bars_breakout_to_retest"":30.0,""bars_since_retest"":15.0,""current_above_level_atr"":3.963051251489865,""bo_peak_excess_pct"":0.39459459459459467,""atr_pct"":0.10752264808362373},""_schema_version"":""1.0""}",,,,,,,,,,
20260522T181904Z-97bb42,2026-05-22T18:19:04.835948+00:00,TTAN,breakout_retest_hold,setup,32.97,17.2,0.0,60.5,47.3,22.4,42.0,64.0,84.0,81.3,2.41,0.0,3.63,6.62,2.91,7.56,3.2,4.2,2.44,False,,62.43,58.29,59.0535,55.57,"{""trend"":{""T1_ema_stack"":{""value"":[true,false,false],""score"":33.33333333333333},""T2_ema50_slope"":{""value"":-0.30668175894296684,""score"":0},""T3_high_proximity"":{""value"":0.752622061482821,""score"":0},""T4_rs_1m"":{""value"":-0.03058661048059519,""score"":19.41338951940481},""T5_rs_3m"":{""value"":-0.10028497260826497,""score"":0},""T6_adr_healthy"":{""value"":5.385765399600091,""score"":100.0},""_score"":17.22},""geometry"":{""sub_retest_depth"":0.0,""sub_retest_timing"":0.0,""sub_retest_freshness"":0.0,""sub_hold_quality"":0.0,""_score"":0.0},""compression"":{""VC1_atr_ratio"":{""value"":0.4136815571712532,""score"":100},""VC2_range_contraction"":{""value"":0.991735904006968,""score"":1.377349332172003},""VC3_range_pct_rank"":{""score"":80.0},""_score"":60.48},""sr_quality"":{""SR1_touches"":{""value"":2,""score"":25.0},""SR2_tightness"":{""value"":0.600049999999996,""score"":65.41384648321088},""SR3_recency"":{""value"":228,""score"":0.0},""SR4_price_location"":{""score"":59.85229520218669},""SR5_reaction"":{""value"":3.028918202328607,""score"":100},""_score"":47.28,""_levels_found"":5,""_target_level"":65.1399},""volume"":{""V1_rvol_day"":{""value"":0.2697032436807981,""score"":0},""V2_rvol_sameslot"":{""value"":0.5890012715070213,""score"":5.933418100468088,""status"":""ok""},""V3_breakout_bar"":{""value"":0.7595733148947821,""score"":17.304887659652138},""V4_base_dryup"":{""value"":0.6566476768870106,""score"":84.33523231129894},""V5_bo_expansion"":{""value"":0.2697032436807981,""score"":0},""_score"":22.38},""readiness"":{""_distance_atr"":-1.193,""BR1_atr_distance"":{""score"":36.137542611531046},""BR2_compression"":{""score"":12.162437550572669},""BR3_retest"":{""score"":100},""BR4_bo_age"":{""score"":30.0},""_score"":42.0},""risk"":{""R1_stop_clarity"":{""score"":65.61846417337753},""R2_stop_distance_pct"":{""value"":5.4084574723690535,""score"":100.0},""R3_stop_distance_atr"":{""value"":0.9730868040116598,""score"":73.654340200583},""R4_rr_potential"":{""value"":-2.031689619428402,""score"":0.0},""_score"":64.01},""market"":{""M1_spy_regime"":{""score"":100.0},""M3_earnings_risk"":{""value"":null,""score"":80.0},""M4_vix"":{""value"":null,""score"":60.0},""_score"":84.0},""liquidity"":{""L1_price"":{""value"":62.43,""score"":100.0},""L2_dollar_vol"":{""value"":17609780.72592231,""score"":62.287697411893504},""L3_spread_proxy"":{""value"":0.03604036520903412,""score"":63.95963479096588},""L4_volume_zscore"":{""value"":-1.9819446138966303,""score"":100.0},""_score"":81.31},""pattern_structure"":{""level"":58.29,""level_idx"":41,""breakout_idx"":46,""bo_peak_idx"":58,""bo_peak_price"":64.5399,""retest_idx"":64,""retest_low"":59.65,""structural_low"":59.65,""current_price"":62.78,""neckline_distance_pct"":-0.07151959222682386,""base_bars"":38,""bars_since_breakout"":33},""pattern_geometry_features"":{""retest_depth_atr"":-1.4369811320754717,""bars_breakout_to_retest"":18.0,""bars_since_retest"":15.0,""current_above_level_atr"":4.744150943396231,""bo_peak_excess_pct"":0.1072207925887803,""atr_pct"":0.05558042150065214},""_schema_version"":""1.0""}",,,,,,,,,,
20260522T181904Z-97bb42,2026-05-22T18:19:04.835948+00:00,BILI,vcp,invalidated,28.77,5.0,37.2,6.7,26.0,15.5,27.5,24.1,84.0,92.3,0.75,9.3,0.8,3.12,2.01,1.93,1.2,5.04,4.62,False,,17.15,25.625,20.6751,38.375,"{""trend"":{""T1_ema_stack"":{""value"":[false,false,false],""score"":0.0},""T2_ema50_slope"":{""value"":-0.6913887611719922,""score"":0},""T3_high_proximity"":{""value"":0.5778301886792453,""score"":0},""T4_rs_1m"":{""value"":-0.2816371405260545,""score"":0},""T5_rs_3m"":{""value"":-0.5205779992651393,""score"":0},""T6_adr_healthy"":{""value"":3.369159372476396,""score"":100.0},""_score"":5.0},""geometry"":{""sub_contraction_count"":100.0,""sub_reduction_rate"":0,""sub_pivot_tightness"":0,""sub_volume_dryup"":0,""sub_base_depth"":22.1,""sub_base_duration"":100.0,""_score"":37.21},""compression"":{""VC1_atr_ratio"":{""value"":1.1001655475063719,""score"":0},""VC2_range_contraction"":{""value"":1.6102408989947392,""score"":0},""VC3_range_pct_rank"":{""score"":26.66666666666667},""_score"":6.67},""sr_quality"":{""SR1_touches"":{""value"":2,""score"":25.0},""SR2_tightness"":{""value"":0.26000000000000156,""score"":50.585775762594174},""SR3_recency"":{""value"":243,""score"":0.0},""SR4_price_location"":{""score"":0},""SR5_reaction"":{""value"":1.4586698885464902,""score"":72.9334944273245},""_score"":26.03,""_levels_found"":5,""_target_level"":21.25},""volume"":{""V1_rvol_day"":{""value"":0.9351548505810046,""score"":29.01032337206697},""V2_rvol_sameslot"":{""value"":1.1497240418005858,""score"":43.31493612003906,""status"":""ok""},""V3_breakout_bar"":{""value"":0.5597124438982072,""score"":3.980829593213812},""V4_base_dryup"":{""value"":1.7954821560373226,""score"":0},""V5_bo_expansion"":{""value"":0.9351548505810046,""score"":0},""_score"":15.46},""readiness"":{""_distance_atr"":8.054,""BR1_atr_distance"":{""score"":0},""BR2_compression"":{""score"":39.99358994934706},""BR3_retest"":{""score"":50.0},""BR4_bo_age"":{""score"":50.0},""_score"":27.5},""risk"":{""R1_stop_clarity"":{""score"":40.161274995587995},""R2_stop_distance_pct"":{""value"":-20.554810495626825,""score"":0.0},""R3_stop_distance_atr"":{""value"":-3.349856780201732,""score"":0.0},""R4_rr_potential"":{""value"":null,""score"":50.0},""_score"":24.06},""market"":{""M1_spy_regime"":{""score"":100.0},""M3_earnings_risk"":{""value"":null,""score"":80.0},""M4_vix"":{""value"":null,""score"":60.0},""_score"":84.0},""liquidity"":{""L1_price"":{""value"":17.15,""score"":100.0},""L2_dollar_vol"":{""value"":60231961.98976075,""score"":88.99135050324816},""L3_spread_proxy"":{""value"":0.03265306122448972,""score"":67.34693877551027},""L4_volume_zscore"":{""value"":-0.07583232547822576,""score"":100.0},""_score"":92.33},""pattern_structure"":{""n_contractions"":5,""contractions_pct"":[10.61,19.75,7.66,19.65,18.09],""descending_strict"":false,""final_low"":20.99,""final_pivot"":25.625,""structural_low"":20.99,""dry_up_ratio"":2.602296096396772,""current_price"":17.15,""neckline_distance_pct"":0.4941690962099127,""base_bars"":71},""pattern_geometry_features"":{""contraction_count"":5.0,""first_contraction_pct"":0.10610551274451695,""last_contraction_pct"":0.18087804878048785,""dry_up_ratio"":2.602296096396772,""near_monotone"":0.0,""base_depth_pct"":0.3778897451096622},""_schema_version"":""1.0""}",,,,,,,,,,
20260522T181904Z-97bb42,2026-05-22T18:19:04.835948+00:00,BILI,bull_flag,absent,27.73,5.0,24.2,6.7,26.0,15.5,27.5,75.3,84.0,92.3,0.7,7.27,0.6,2.6,2.16,2.48,2.26,5.04,4.62,False,,17.15,20.0582,16.6662,21.8164,"{""trend"":{""T1_ema_stack"":{""value"":[false,false,false],""score"":0.0},""T2_ema50_slope"":{""value"":-0.6913887611719922,""score"":0},""T3_high_proximity"":{""value"":0.5778301886792453,""score"":0},""T4_rs_1m"":{""value"":-0.2816371405260545,""score"":0},""T5_rs_3m"":{""value"":-0.5205779992651393,""score"":0},""T6_adr_healthy"":{""value"":3.369159372476396,""score"":100.0},""_score"":5.0},""geometry"":{""sub_pole_impulse"":14.1,""sub_flag_tightness"":0,""sub_flag_shallowness"":0,""sub_flag_drift"":66.8,""sub_flag_duration"":100.0,""_score"":24.25},""compression"":{""VC1_atr_ratio"":{""value"":1.1001655475063719,""score"":0},""VC2_range_contraction"":{""value"":1.6102408989947392,""score"":0},""VC3_range_pct_rank"":{""score"":26.66666666666667},""_score"":6.67},""sr_quality"":{""SR1_touches"":{""value"":2,""score"":25.0},""SR2_tightness"":{""value"":0.26000000000000156,""score"":50.585775762594174},""SR3_recency"":{""value"":243,""score"":0.0},""SR4_price_location"":{""score"":0},""SR5_reaction"":{""value"":1.4586698885464902,""score"":72.9334944273245},""_score"":26.03,""_levels_found"":5,""_target_level"":21.25},""volume"":{""V1_rvol_day"":{""value"":0.9351548505810046,""score"":29.01032337206697},""V2_rvol_sameslot"":{""value"":1.1497240418005858,""score"":43.31493612003906,""status"":""ok""},""V3_breakout_bar"":{""value"":0.5597124438982072,""score"":3.980829593213812},""V4_base_dryup"":{""value"":1.9966544331539349,""score"":0},""V5_bo_expansion"":{""value"":0.9351548505810046,""score"":0},""_score"":15.46},""readiness"":{""_distance_atr"":2.764,""BR1_atr_distance"":{""score"":0},""BR2_compression"":{""score"":39.99358994934706},""BR3_retest"":{""score"":50.0},""BR4_bo_age"":{""score"":50.0},""_score"":27.5},""risk"":{""R1_stop_clarity"":{""score"":51.764114955947655},""R2_stop_distance_pct"":{""value"":2.8209912536443076,""score"":100.0},""R3_stop_distance_atr"":{""value"":0.45974234011647547,""score"":47.98711700582378},""R4_rr_potential"":{""value"":9.645307978503538,""score"":100.0},""_score"":75.32},""market"":{""M1_spy_regime"":{""score"":100.0},""M3_earnings_risk"":{""value"":null,""score"":80.0},""M4_vix"":{""value"":null,""score"":60.0},""_score"":84.0},""liquidity"":{""L1_price"":{""value"":17.15,""score"":100.0},""L2_dollar_vol"":{""value"":60231961.98976075,""score"":88.99135050324816},""L3_spread_proxy"":{""value"":0.03265306122448972,""score"":67.34693877551027},""L4_volume_zscore"":{""value"":-0.07583232547822576,""score"":100.0},""_score"":92.33},""pattern_structure"":{""pole_low"":18.3,""pole_low_idx"":38,""peak_price"":20.0582,""peak_idx"":43,""pole_gain"":0.09607650273224036,""flag_bars"":16,""flag_low"":16.92,""flag_high"":19.29,""structural_low"":16.92,""current_price"":17.245,""neckline_distance_pct"":0.1631313424180921,""base_bars"":16},""pattern_geometry_features"":{""pole_gain"":0.09607650273224036,""pullback_pct"":0.156454716774187,""flag_range_pct"":0.11815616555822545,""flag_drift_per_bar"":-0.006640884825951226,""atr_pct"":0.06136026655560179,""pole_atr_multiple"":1.5657771408991574},""_schema_version"":""1.0""}",,,,,,,,,,
